sequence,global_trade,direction,first_booking,last_booking,entry_signal_label,entry_fill_bar_label,exit_signal_label,exit_fill_bar_label,entry_price,exit_price,fragment_start_price,fragment_end_price,inherited_at_peak,continues_after_trough,fragment_bars,full_trade_bars,fragment_log_pnl,fragment_geometric_pct,peak_nav_contribution_pp,cumulative_drawdown_pct,fragment_mfe_log_bp,fragment_giveback_log_bp,overnight_gap_log_bp,full_trade_log_pnl,full_trade_geometric_pct,full_trade_mfe_log_bp,entry_threshold_log_bp,observed_shape_not_causal_verdict
1,121,-1,2021-03-09 10:07:00,2021-03-09 10:22:00,2021-03-08 10:07:00,2021-03-08 10:12:00,2021-03-09 10:17:00,2021-03-09 10:22:00,1324.79,1259.0599999999999,1234.3099999999999,1259.0599999999999,True,False,4,48,-0.019853301304181267,-1.9657522278525192,-1.9657522278525241,1.9657522278525241,0,198.53301304181267,0,0.050888545514001252,5.2205613711816898,707.41846818182535,18.66099181737528,窗口内未获顺向开盘浮盈
2,122,1,2021-03-09 10:27:00,2021-03-09 10:47:00,2021-03-09 10:17:00,2021-03-09 10:22:00,2021-03-09 10:42:00,2021-03-09 10:47:00,1259.0599999999999,1245.49,1259.0599999999999,1245.49,False,False,5,5,-0.010836384013378015,-1.077788191190248,-1.0566015458103872,3.0223537736629114,0,108.36384013378014,0,-0.010836384013378015,-1.077788191190248,0,31.675795098473049,窗口内未获顺向开盘浮盈
3,123,-1,2021-03-09 10:52:00,2021-03-09 11:12:00,2021-03-09 10:42:00,2021-03-09 10:47:00,2021-03-09 11:07:00,2021-03-09 11:12:00,1245.49,1254.48,1245.49,1254.48,False,False,5,5,-0.0071921173068275057,-0.71663159237294582,-0.6949724503976018,3.7173262240605132,0,71.921173068275053,0,-0.0071921173068275057,-0.71663159237294582,0,32.350552605092396,窗口内未获顺向开盘浮盈
4,124,1,2021-03-09 11:17:00,2021-03-09 13:52:00,2021-03-09 11:07:00,2021-03-09 11:12:00,2021-03-09 13:47:00,2021-03-09 13:52:00,1254.48,1256.77,1254.48,1256.77,False,False,13,13,0.0018237934373352021,0.1825457560104522,0.17575993475136276,3.5415662893091504,90.858858435884713,72.620924062532694,0,0.0018237934373352021,0.1825457560104522,90.858858435884713,33.431558813325175,顺向开盘浮盈超过后续回吐
5,125,-1,2021-03-09 13:57:00,2021-03-10 09:47:00,2021-03-09 13:47:00,2021-03-09 13:52:00,2021-03-10 09:42:00,2021-03-10 09:47:00,1256.77,1247.6500000000001,1256.77,1247.6500000000001,False,False,16,16,0.0072831556317829223,0.73097423155532448,0.70508629458702066,2.8364799947221297,203.68841815551377,130.85686183768456,-198.18874381858959,0.0072831556317829275,0.73097423155532504,203.68841815551377,35.767098525039032,顺向开盘浮盈超过后续回吐
6,126,1,2021-03-10 09:52:00,2021-03-10 10:17:00,2021-03-10 09:42:00,2021-03-10 09:47:00,2021-03-10 10:12:00,2021-03-10 10:17:00,1247.6500000000001,1231.53,1247.6500000000001,1231.53,False,False,6,6,-0.013004483078517154,-1.2920290145473559,-1.2553808700237146,4.0918608647458443,6.9706793626068793,137.01551014777843,0,-0.013004483078517154,-1.2920290145473559,6.9706793626068793,42.165401275132965,有顺向开盘浮盈但全部回吐并倒亏
7,127,-1,2021-03-10 10:22:00,2021-03-10 10:52:00,2021-03-10 10:12:00,2021-03-10 10:17:00,2021-03-10 10:47:00,2021-03-10 10:52:00,1231.53,1241.1400000000001,1231.53,1241.1400000000001,False,False,7,7,-0.0077730132901597266,-0.77428815443866794,-0.74260536046683034,4.8344662252126742,18.937475434817205,96.667608336414474,0,-0.0077730132901597266,-0.77428815443866794,18.937475434817205,37.130111175706432,有顺向开盘浮盈但全部回吐并倒亏
8,128,1,2021-03-10 10:57:00,2021-03-10 13:22:00,2021-03-10 10:47:00,2021-03-10 10:52:00,2021-03-10 13:17:00,2021-03-10 13:22:00,1241.1400000000001,1238.76,1241.1400000000001,1238.76,False,False,11,11,-0.0019194328244720386,-0.19175918913257539,-0.18248865590021479,5.0169548811128895,45.900586619373748,65.094914864094136,0,-0.0019194328244720382,-0.19175918913257534,45.900586619373748,34.382587447418345,有顺向开盘浮盈但全部回吐并倒亏
9,129,-1,2021-03-10 13:27:00,2021-03-11 09:57:00,2021-03-10 13:17:00,2021-03-10 13:22:00,2021-03-11 09:52:00,2021-03-11 09:57:00,1238.76,1243.3,1238.76,1243.3,False,False,24,24,-0.0036582556933922733,-0.36515724282146511,-0.34683746870399768,5.3637923498168867,54.720141720344898,91.30269865426763,-34.081236921326905,-0.0036582556933922733,-0.36515724282146511,54.720141720344898,33.298609848425976,有顺向开盘浮盈但全部回吐并倒亏
10,130,1,2021-03-11 10:02:00,2021-03-11 13:07:00,2021-03-11 09:52:00,2021-03-11 09:57:00,2021-03-11 11:27:00,2021-03-11 13:07:00,1243.3,1266.9400000000001,1243.3,1266.9400000000001,False,False,19,19,0.018835409281960258,1.9013914582160456,1.7994047686401893,3.5643875811766979,188.35409281960258,0,0,0.018835409281960258,1.9013914582160456,188.35409281960258,25.251305953045065,顺向开盘浮盈超过后续回吐
11,131,-1,2021-03-11 13:12:00,2021-03-11 13:12:00,2021-03-11 11:27:00,2021-03-11 13:07:00,2021-03-11 13:07:00,2021-03-11 13:12:00,1266.9400000000001,1272.7,1266.9400000000001,1272.7,False,False,1,1,-0.0045360837571494271,-0.45258112673843509,-0.43644938126222721,4.0008369624389246,0,45.360837571494272,0,-0.0045360837571494271,-0.45258112673843509,0,18.703458849176172,窗口内未获顺向开盘浮盈
12,132,1,2021-03-11 13:17:00,2021-03-11 14:27:00,2021-03-11 13:07:00,2021-03-11 13:12:00,2021-03-11 14:22:00,2021-03-11 14:27:00,1272.7,1258.6800000000001,1272.7,1258.6800000000001,False,False,15,15,-0.011077075236488435,-1.1015950341792877,-1.0575220128754559,5.0583589753143805,0,110.77075236488436,0,-0.011077075236488435,-1.1015950341792877,0,29.308666156578216,窗口内未获顺向开盘浮盈
13,133,-1,2021-03-11 14:32:00,2021-03-11 14:57:00,2021-03-11 14:22:00,2021-03-11 14:27:00,2021-03-11 14:52:00,2021-03-11 14:57:00,1258.6800000000001,1267.1800000000001,1258.6800000000001,1267.1800000000001,False,False,6,6,-0.0067304063458154808,-0.67078078883819592,-0.63685028860130943,5.6952092639156904,0,67.304063458154815,0,-0.0067304063458154808,-0.67078078883819592,0,28.612902612479381,窗口内未获顺向开盘浮盈
14,134,1,2021-03-12 09:37:00,2021-03-12 09:57:00,2021-03-11 14:52:00,2021-03-11 14:57:00,2021-03-12 09:52:00,2021-03-12 09:57:00,1267.1800000000001,1258.8199999999999,1267.1800000000001,1258.8199999999999,False,False,5,5,-0.0066191848958499023,-0.6597326346691077,-0.62215948054236136,6.3173687444580517,8.9134650486910179,75.105314007190046,-34.955392382488249,-0.0066191848958499023,-0.6597326346691077,8.9134650486910179,28.343314600968551,有顺向开盘浮盈但全部回吐并倒亏
15,135,-1,2021-03-12 10:02:00,2021-03-12 11:17:00,2021-03-12 09:52:00,2021-03-12 09:57:00,2021-03-12 11:12:00,2021-03-12 11:17:00,1258.8199999999999,1261.3199999999999,1258.8199999999999,1261.3199999999999,False,False,16,16,-0.001984017411784699,-0.19820505502171318,-0.18568371082583468,6.5030524552838864,60.077468454925054,79.917642572772053,0,-0.0019840174117846986,-0.19820505502171315,60.077468454925054,29.39252472484651,有顺向开盘浮盈但全部回吐并倒亏
16,136,1,2021-03-12 11:22:00,2021-03-15 09:42:00,2021-03-12 11:12:00,2021-03-12 11:17:00,2021-03-15 09:37:00,2021-03-15 09:42:00,1261.3199999999999,1237.3900000000001,1261.3199999999999,1237.3900000000001,False,False,27,27,-0.019154469020158556,-1.8972187866679635,-1.7738416537794399,8.2768941090633259,12.439537141951201,203.98422734353676,-93.9774883883738,-0.019154469020158556,-1.8972187866679635,12.439537141951201,29.910672597184575,有顺向开盘浮盈但全部回吐并倒亏
17,137,-1,2021-03-15 09:47:00,2021-03-16 09:37:00,2021-03-15 09:37:00,2021-03-15 09:42:00,2021-03-15 14:57:00,2021-03-16 09:37:00,1237.3900000000001,1227.04,1237.3900000000001,1227.04,False,False,45,45,0.0083995575865562829,0.84349328465253026,0.7736782386647767,7.5032158703985496,178.48807846927249,94.492502603709653,-32.243215030207061,0.0083995575865562812,0.84349328465253004,178.48807846927249,31.510176382015111,顺向开盘浮盈超过后续回吐
18,138,1,2021-03-16 09:42:00,2021-03-16 10:17:00,2021-03-15 14:57:00,2021-03-16 09:37:00,2021-03-16 10:12:00,2021-03-16 10:17:00,1227.04,1221.99,1227.04,1221.99,False,False,8,8,-0.0041240876245472709,-0.41155952536181767,-0.38067932573873087,7.8838951961372805,36.687736130693345,77.928612376166058,0,-0.0041240876245472709,-0.41155952536181767,36.687736130693345,33.013951532510937,有顺向开盘浮盈但全部回吐并倒亏
19,139,-1,2021-03-16 10:22:00,2021-03-16 11:07:00,2021-03-16 10:12:00,2021-03-16 10:17:00,2021-03-16 11:02:00,2021-03-16 11:07:00,1221.99,1220.9100000000001,1221.99,1220.9100000000001,False,False,10,10,0.00088419507172776083,0.088458608742642053,0.08148462473741569,7.8024105713998644,66.753126746241733,57.911176028964128,0,0.0008841950717277604,0.088458608742642011,66.753126746241733,21.302042522358512,顺向开盘浮盈超过后续回吐
20,140,1,2021-03-16 11:12:00,2021-03-16 14:37:00,2021-03-16 11:02:00,2021-03-16 11:07:00,2021-03-16 14:32:00,2021-03-16 14:37:00,1220.9100000000001,1219.9200000000001,1220.9100000000001,1219.9200000000001,False,False,23,23,-0.00081119951351688057,-0.081087058014105928,-0.074760312827581998,7.8771708842274464,14.48688453920766,22.598879674376469,0,-0.00081119951351688014,-0.081087058014105887,14.48688453920766,20.639190481347189,有顺向开盘浮盈但全部回吐并倒亏
21,141,-1,2021-03-16 14:42:00,2021-03-17 09:57:00,2021-03-16 14:32:00,2021-03-16 14:37:00,2021-03-17 09:52:00,2021-03-17 09:57:00,1219.9200000000001,1231.26,1219.9200000000001,1231.26,False,False,9,9,-0.0092527524739714415,-0.9210077481604465,-0.84845839398087763,8.7256292782083236,43.210805842833139,135.73833058254755,26.334695368095659,-0.0092527524739714415,-0.9210077481604465,43.210805842833139,20.082862783764501,有顺向开盘浮盈但全部回吐并倒亏
22,142,1,2021-03-17 10:02:00,2021-03-17 11:12:00,2021-03-17 09:52:00,2021-03-17 09:57:00,2021-03-17 11:07:00,2021-03-17 11:12:00,1231.26,1229.5,1231.26,1229.5,False,False,15,15,-0.001430452624480476,-0.14294300147813954,-0.13047032509000411,8.856099603298329,33.648634925875328,47.95316117068009,0,-0.0014304526244804765,-0.1429430014781396,33.648634925875328,21.826064072584657,有顺向开盘浮盈但全部回吐并倒亏
23,143,-1,2021-03-17 11:17:00,2021-03-17 13:52:00,2021-03-17 11:07:00,2021-03-17 11:12:00,2021-03-17 13:47:00,2021-03-17 13:52:00,1229.5,1233.8800000000001,1229.5,1233.8800000000001,False,False,13,13,-0.0035560933479335246,-0.35497779362662918,-0.32354060665347184,9.1796402099518009,5.6136127511968832,41.17454623053213,0,-0.0035560933479335246,-0.35497779362662918,5.6136127511968832,17.386324335959245,有顺向开盘浮盈但全部回吐并倒亏
24,144,1,2021-03-17 13:57:00,2021-03-18 10:27:00,2021-03-17 13:47:00,2021-03-17 13:52:00,2021-03-18 10:22:00,2021-03-18 10:27:00,1233.8800000000001,1242.75,1233.8800000000001,1242.75,False,False,24,24,0.0071629899706014922,0.71887055467307226,0.65288082417880311,8.5267593857729977,133.95788788155758,62.327988175542657,15.997288720757158,0.0071629899706014931,0.71887055467307237,133.95788788155758,17.179429037975389,顺向开盘浮盈超过后续回吐
25,145,-1,2021-03-18 10:32:00,2021-03-18 11:07:00,2021-03-18 10:22:00,2021-03-18 10:27:00,2021-03-18 11:02:00,2021-03-18 11:07:00,1242.75,1247.8399999999999,1242.75,1247.8399999999999,False,False,8,8,-0.0040873906074058849,-0.40790485959737999,-0.37312379369663917,8.8998831794696365,9.0163346659903727,49.890240740049222,0,-0.0040873906074058849,-0.40790485959737999,9.0163346659903727,16.251896681430374,有顺向开盘浮盈但全部回吐并倒亏
26,146,1,2021-03-18 11:12:00,2021-03-18 13:17:00,2021-03-18 11:02:00,2021-03-18 11:07:00,2021-03-18 13:12:00,2021-03-18 13:17:00,1247.8399999999999,1242.24,1247.8399999999999,1242.24,False,False,7,7,-0.0044978550415970212,-0.44877548403640022,-0.40883499021906466,9.3087181696887011,0,44.978550415970211,0,-0.0044978550415970212,-0.44877548403640022,0,15.990049371927716,窗口内未获顺向开盘浮盈
27,147,-1,2021-03-18 13:22:00,2021-03-18 14:47:00,2021-03-18 13:12:00,2021-03-18 13:17:00,2021-03-18 14:42:00,2021-03-18 14:47:00,1242.24,1242.9300000000001,1242.24,1242.9300000000001,False,False,18,18,-0.0005552940183009723,-0.055513987111124957,-0.050346346506191519,9.3590645161948931,27.084559021770943,32.637499204780667,0,-0.00055529401830097121,-0.055513987111124853,27.084559021770943,16.108328001078981,有顺向开盘浮盈但全部回吐并倒亏
28,148,1,2021-03-18 14:52:00,2021-03-19 09:47:00,2021-03-18 14:42:00,2021-03-18 14:47:00,2021-03-19 09:42:00,2021-03-19 09:47:00,1242.9300000000001,1237.5899999999999,1242.9300000000001,1237.5899999999999,False,False,5,5,-0.0043055554878188426,-0.42962998720765933,-0.3894206395239741,9.7484851557188676,0,43.055554878188424,-142.12005058604183,-0.0043055554878188426,-0.42962998720765933,0,16.05121575470648,窗口内未获顺向开盘浮盈
29,149,-1,2021-03-19 09:52:00,2021-03-19 10:32:00,2021-03-19 09:42:00,2021-03-19 09:47:00,2021-03-19 10:27:00,2021-03-19 10:32:00,1237.5899999999999,1241.2,1237.5899999999999,1241.2,False,False,9,9,-0.0029127135031524684,-0.29084756687077923,-0.26249433498860553,10.010979490707472,33.264972582417492,62.392107613942173,0,-0.002912713503152468,-0.29084756687077923,33.264972582417492,21.200454673070798,有顺向开盘浮盈但全部回吐并倒亏
30,150,1,2021-03-19 10:37:00,2021-03-19 11:27:00,2021-03-19 10:27:00,2021-03-19 10:32:00,2021-03-19 11:22:00,2021-03-19 11:27:00,1241.2,1237.0899999999999,1241.2,1237.0899999999999,False,False,11,11,-0.003316806159014181,-0.3311311633902882,-0.29798169053595336,10.308961181243426,1.9334257141391369,35.101487304280944,0,-0.003316806159014181,-0.3311311633902882,1.9334257141391369,18.59627402996351,有顺向开盘浮盈但全部回吐并倒亏
31,151,-1,2021-03-19 13:07:00,2021-03-19 14:42:00,2021-03-19 11:22:00,2021-03-19 11:27:00,2021-03-19 14:37:00,2021-03-19 14:42:00,1237.0899999999999,1229.1300000000001,1237.0899999999999,1229.1300000000001,False,False,20,20,0.0064552453886587624,0.64761253895032755,0.58085041370508073,9.7281107675383449,106.37663342939906,41.824179542811436,0,0.0064552453886587624,0.64761253895032755,106.37663342939906,18.865772909165788,顺向开盘浮盈超过后续回吐
32,152,1,2021-03-19 14:47:00,2021-03-22 10:32:00,2021-03-19 14:37:00,2021-03-19 14:42:00,2021-03-22 10:27:00,2021-03-22 10:32:00,1229.1300000000001,1238.1099999999999,1229.1300000000001,1238.1099999999999,False,False,15,15,0.0072794212594871942,0.73059806529820526,0.65952467624049715,9.0685860912978473,136.63920534296136,63.844992748089425,0.73156159984358149,0.0072794212594871942,0.73059806529820526,136.63920534296136,21.037671164756777,顺向开盘浮盈超过后续回吐
33,153,-1,2021-03-22 10:37:00,2021-03-22 11:22:00,2021-03-22 10:27:00,2021-03-22 10:32:00,2021-03-22 11:17:00,2021-03-22 11:22:00,1238.1099999999999,1241.0599999999999,1238.1099999999999,1241.0599999999999,False,False,10,10,-0.0023798298562012084,-0.23770003061899203,-0.2161439987032665,9.2847300900011138,25.474424124537538,49.272722686549628,0,-0.002379829856201208,-0.237700030618992,25.474424124537538,18.861848720704327,有顺向开盘浮盈但全部回吐并倒亏
34,154,1,2021-03-22 11:27:00,2021-03-23 10:37:00,2021-03-22 11:17:00,2021-03-22 11:22:00,2021-03-23 10:32:00,2021-03-23 10:37:00,1241.0599999999999,1247.22,1241.0599999999999,1247.22,False,False,37,37,0.0049512213932136322,0.49634989444507632,0.45026514644385118,8.8344649435572631,106.59629190375099,57.084077971614676,31.806233843090055,0.004951221393213634,0.49634989444507654,106.59629190375099,18.023094074664428,顺向开盘浮盈超过后续回吐
35,155,-1,2021-03-23 10:42:00,2021-03-24 09:47:00,2021-03-23 10:32:00,2021-03-23 10:37:00,2021-03-24 09:42:00,2021-03-24 09:47:00,1247.22,1241.02,1247.22,1241.02,False,False,36,36,0.00498345242525405,0.49958904771881529,0.45545302843623681,8.3790119151210263,106.96668529597463,57.132161043434124,20.967508056148379,0.00498345242525405,0.49958904771881529,106.96668529597463,14.877203725489393,顺向开盘浮盈超过后续回吐
36,156,1,2021-03-24 09:52:00,2021-03-24 10:12:00,2021-03-24 09:42:00,2021-03-24 09:47:00,2021-03-24 10:07:00,2021-03-24 10:12:00,1241.02,1233.03,1241.02,1233.03,False,False,5,5,-0.0064590673416045977,-0.64382524052795975,-0.58987904691155668,8.9688909620325834,0,64.590673416045973,0,-0.0064590673416045977,-0.64382524052795975,0,16.324657242958523,窗口内未获顺向开盘浮盈
37,157,-1,2021-03-24 10:17:00,2021-03-24 14:37:00,2021-03-24 10:07:00,2021-03-24 10:12:00,2021-03-24 14:32:00,2021-03-24 14:37:00,1233.03,1224.3699999999999,1233.03,1224.3699999999999,False,False,34,34,0.0070481287943111653,0.70730253109764518,0.64386533831179982,8.3250256237207836,105.99106179692683,35.509773853815176,0,0.0070481287943111705,0.70730253109764563,105.99106179692683,13.942359376400969,顺向开盘浮盈超过后续回吐
38,158,1,2021-03-24 14:42:00,2021-03-24 14:57:00,2021-03-24 14:32:00,2021-03-24 14:37:00,2021-03-24 14:52:00,2021-03-24 14:57:00,1224.3699999999999,1221.6199999999999,1224.3699999999999,1221.6199999999999,False,False,4,4,-0.00224857923269642,-0.22460530721923189,-0.20590685784099838,8.5309324815617806,0,22.485792326964201,0,-0.00224857923269642,-0.22460530721923189,0,13.361532067939404,窗口内未获顺向开盘浮盈
39,159,-1,2021-03-25 09:37:00,2021-03-25 10:12:00,2021-03-24 14:52:00,2021-03-24 14:57:00,2021-03-25 10:07:00,2021-03-25 10:12:00,1221.6199999999999,1224.3299999999999,1221.6199999999999,1224.3299999999999,False,False,8,8,-0.0022159088361565086,-0.22134555226123895,-0.2024627126468892,8.7333951942086703,68.668951658954597,90.828040020519694,77.01503643887699,-0.0022159088361565086,-0.22134555226123895,68.668951658954597,12.913931160501548,有顺向开盘浮盈但全部回吐并倒亏
40,160,1,2021-03-25 10:17:00,2021-03-25 11:27:00,2021-03-25 10:07:00,2021-03-25 10:12:00,2021-03-25 11:22:00,2021-03-25 11:27:00,1224.3299999999999,1222.6500000000001,1224.3299999999999,1222.6500000000001,False,False,15,15,-0.0013731213691689417,-0.13721790693683858,-0.12523412484682916,8.858629319055499,49.374367023750636,63.105580715440048,0,-0.0013731213691689417,-0.13721790693683858,49.374367023750636,16.151034578655825,有顺向开盘浮盈但全部回吐并倒亏
41,161,-1,2021-03-25 13:07:00,2021-03-25 13:22:00,2021-03-25 11:22:00,2021-03-25 11:27:00,2021-03-25 13:17:00,2021-03-25 13:22:00,1222.6500000000001,1229.4000000000001,1222.6500000000001,1229.4000000000001,False,False,4,4,-0.0055056112643331063,-0.54904831625184647,-0.50041016113258063,9.3590394801880805,0,55.056112643331062,0,-0.0055056112643331063,-0.54904831625184647,0,16.032043891990206,窗口内未获顺向开盘浮盈
42,162,1,2021-03-25 13:27:00,2021-03-25 14:02:00,2021-03-25 13:17:00,2021-03-25 13:22:00,2021-03-25 13:57:00,2021-03-25 14:02:00,1229.4000000000001,1224.9200000000001,1229.4000000000001,1224.9200000000001,False,False,8,8,-0.0036507097490684902,-0.36440540100863589,-0.33030055566029004,9.689340035848371,17.148132333588794,53.655229824273697,0,-0.0036507097490684906,-0.36440540100863589,17.148132333588794,16.198552585260764,有顺向开盘浮盈但全部回吐并倒亏
43,163,-1,2021-03-25 14:07:00,2021-03-26 09:47:00,2021-03-25 13:57:00,2021-03-25 14:02:00,2021-03-26 09:42:00,2021-03-26 09:47:00,1224.9200000000001,1234.9000000000001,1224.9200000000001,1234.9000000000001,False,False,14,14,-0.008114459399935792,-0.80816260425943387,-0.72985698149017342,10.419197017338544,33.691541936482992,114.83613593584091,-68.661458213677292,-0.008114459399935792,-0.80816260425943387,33.691541936482992,16.416916487452387,有顺向开盘浮盈但全部回吐并倒亏
44,164,1,2021-03-26 09:52:00,2021-03-29 09:47:00,2021-03-26 09:42:00,2021-03-26 09:47:00,2021-03-29 09:42:00,2021-03-29 09:47:00,1234.9000000000001,1249.1400000000001,1234.9000000000001,1249.1400000000001,False,False,46,46,0.011465319391960459,1.1531298080816228,1.0329829415119396,9.3862140758266044,193.83358057252761,79.180386652923033,19.159454609423932,0.011465319391960459,1.1531298080816228,193.83358057252761,20.925601157198169,顺向开盘浮盈超过后续回吐
45,165,-1,2021-03-29 09:52:00,2021-03-29 10:12:00,2021-03-29 09:42:00,2021-03-29 09:47:00,2021-03-29 10:07:00,2021-03-29 10:12:00,1249.1400000000001,1257.1400000000001,1249.1400000000001,1257.1400000000001,False,False,5,5,-0.006383985165392023,-0.63636508264792202,-0.57663449368677844,9.9628485695133833,0,63.839851653920228,0,-0.006383985165392023,-0.63636508264792202,0,17.390402036899737,窗口内未获顺向开盘浮盈
46,166,1,2021-03-29 10:17:00,2021-03-29 13:12:00,2021-03-29 10:07:00,2021-03-29 10:12:00,2021-03-29 13:07:00,2021-03-29 13:12:00,1257.1400000000001,1257.3199999999999,1257.1400000000001,1257.3199999999999,False,False,17,17,0.00014317189401086657,0.014318214359562887,0.012891712345064477,9.9499568571683188,46.980484792328539,45.548765852219873,0,0.00014317189401086592,0.014318214359562823,46.980484792328539,12.106747619545734,顺向开盘浮盈超过后续回吐
47,167,-1,2021-03-29 13:17:00,2021-03-29 14:42:00,2021-03-29 13:07:00,2021-03-29 13:12:00,2021-03-29 14:37:00,2021-03-29 14:42:00,1257.3199999999999,1252.1099999999999,1257.3199999999999,1252.1099999999999,False,False,18,18,0.0041523433495895519,0.41609762720528942,0.37469609281465255,9.5752607643536649,70.5566020668915,29.033168570995983,0,0.0041523433495895537,0.41609762720528959,70.5566020668915,12.658616799386378,顺向开盘浮盈超过后续回吐
48,168,1,2021-03-29 14:47:00,2021-03-30 10:02:00,2021-03-29 14:37:00,2021-03-29 14:42:00,2021-03-30 09:57:00,2021-03-30 10:02:00,1252.1099999999999,1249.21,1252.1099999999999,1249.21,False,False,9,9,-0.0023187767253890347,-0.23160904393382664,-0.20943187402333585,9.7846926383770025,14.84390236169226,38.031669615582608,-9.2025405504579343,-0.0023187767253890347,-0.23160904393382664,14.84390236169226,13.420855756844487,有顺向开盘浮盈但全部回吐并倒亏
49,169,-1,2021-03-30 10:07:00,2021-03-30 10:22:00,2021-03-30 09:57:00,2021-03-30 10:02:00,2021-03-30 10:17:00,2021-03-30 10:22:00,1249.21,1254.6600000000001,1249.21,1254.6600000000001,False,False,4,4,-0.0043532680266018756,-0.4343806290150436,-0.39187781958527346,10.176570457962274,0,43.532680266018758,0,-0.0043532680266018756,-0.4343806290150436,0,17.61168896535613,窗口内未获顺向开盘浮盈
50,170,1,2021-03-30 10:27:00,2021-03-30 11:07:00,2021-03-30 10:17:00,2021-03-30 10:22:00,2021-03-30 11:02:00,2021-03-30 11:07:00,1254.6600000000001,1251.6900000000001,1254.6600000000001,1251.6900000000001,False,False,9,9,-0.0023699813594758013,-0.23671751709629182,-0.21262779218264027,10.389198250144915,27.459752924929546,51.159566519687566,0,-0.0023699813594758009,-0.2367175170962918,27.459752924929546,17.278519211899329,有顺向开盘浮盈但全部回吐并倒亏
51,171,-1,2021-03-30 11:12:00,2021-03-31 09:42:00,2021-03-30 11:02:00,2021-03-30 11:07:00,2021-03-31 09:37:00,2021-03-31 09:42:00,1251.6900000000001,1253.3599999999999,1251.6900000000001,1253.3599999999999,False,False,29,29,-0.001333306917943684,-0.13324184591815724,-0.11939908639356789,10.508597336538482,46.605571314250078,59.938640493686918,18.833831117861479,-0.001333306917943684,-0.13324184591815724,46.605571314250078,17.074529678945311,有顺向开盘浮盈但全部回吐并倒亏
52,172,1,2021-03-31 09:47:00,2021-03-31 09:57:00,2021-03-31 09:37:00,2021-03-31 09:42:00,2021-03-31 09:52:00,2021-03-31 09:57:00,1253.3599999999999,1240.6500000000001,1253.3599999999999,1240.6500000000001,False,False,3,3,-0.010192509279206336,-1.014074168634693,-0.90750919755903103,11.416106534097514,0,101.92509279206335,0,-0.010192509279206336,-1.014074168634693,0,16.647041334579715,窗口内未获顺向开盘浮盈
53,173,-1,2021-03-31 10:02:00,2021-03-31 10:32:00,2021-03-31 09:52:00,2021-03-31 09:57:00,2021-03-31 10:27:00,2021-03-31 10:32:00,1240.6500000000001,1241.8599999999999,1240.6500000000001,1241.8599999999999,False,False,7,7,-0.00097481991679318741,-0.097434493421146309,-0.08631126785122456,11.502417801948738,14.034750404205671,23.782949572137543,0,-0.00097481991679318741,-0.097434493421146309,14.034750404205671,15.973197163241464,有顺向开盘浮盈但全部回吐并倒亏
54,174,1,2021-03-31 10:37:00,2021-03-31 10:42:00,2021-03-31 10:27:00,2021-03-31 10:32:00,2021-03-31 10:37:00,2021-03-31 10:42:00,1241.8599999999999,1237.3,1241.8599999999999,1237.3,False,False,2,2,-0.0036786695028883844,-0.36719114876073028,-0.32495528869849188,11.827373090647232,0,36.786695028883841,0,-0.0036786695028883844,-0.36719114876073028,0,13.341485283200576,窗口内未获顺向开盘浮盈
55,175,-1,2021-03-31 10:47:00,2021-03-31 11:17:00,2021-03-31 10:37:00,2021-03-31 10:42:00,2021-03-31 11:12:00,2021-03-31 11:17:00,1237.3,1242.6600000000001,1237.3,1242.6600000000001,False,False,7,7,-0.0043226570961846034,-0.43133278612011039,-0.38031744824340574,12.207690538890636,1.535719629110774,44.762290590956809,0,-0.0043226570961846034,-0.43133278612011039,1.535719629110774,13.650130359409163,有顺向开盘浮盈但全部回吐并倒亏
56,176,1,2021-03-31 11:22:00,2021-04-01 11:07:00,2021-03-31 11:12:00,2021-03-31 11:17:00,2021-04-01 11:02:00,2021-04-01 11:07:00,1242.6600000000001,1265.6900000000001,1242.6600000000001,1265.6900000000001,False,False,44,44,0.018363184684702379,1.8532824746913663,1.6270394853695525,10.580651053521084,205.96623252457167,22.334385677547886,7.7647524183644103,0.018363184684702376,1.8532824746913659,205.96623252457167,14.262004279702738,顺向开盘浮盈超过后续回吐
57,177,-1,2021-04-01 11:12:00,2021-04-01 13:17:00,2021-04-01 11:02:00,2021-04-01 11:07:00,2021-04-01 13:12:00,2021-04-01 13:17:00,1265.6900000000001,1269.02,1265.6900000000001,1269.02,False,False,7,7,-0.0026275210306683609,-0.2624072118642648,-0.23464282043763607,10.815293873958719,11.067282293924238,37.342492600607848,0,-0.0026275210306683609,-0.2624072118642648,11.067282293924238,15.494646849846733,有顺向开盘浮盈但全部回吐并倒亏
58,178,1,2021-04-01 13:22:00,2021-04-01 13:42:00,2021-04-01 13:12:00,2021-04-01 13:17:00,2021-04-01 13:37:00,2021-04-01 13:42:00,1269.02,1263.2,1269.02,1263.2,False,False,5,5,-0.0045967650900532635,-0.45862161352855274,-0.40902033825594986,11.22431421221467,0,45.967650900532632,0,-0.0045967650900532635,-0.45862161352855274,0,16.181851331290375,窗口内未获顺向开盘浮盈
59,179,-1,2021-04-01 13:47:00,2021-04-01 14:42:00,2021-04-01 13:37:00,2021-04-01 13:42:00,2021-04-01 14:37:00,2021-04-01 14:42:00,1263.2,1269.02,1263.2,1269.02,False,False,12,12,-0.0045967650900530285,-0.45862161352852931,-0.4071444825809567,11.631458694795626,0,45.967650900530288,0,-0.0045967650900530285,-0.45862161352852931,0,16.539699306970945,窗口内未获顺向开盘浮盈
60,180,1,2021-04-01 14:47:00,2021-04-02 13:22:00,2021-04-01 14:37:00,2021-04-01 14:42:00,2021-04-02 13:17:00,2021-04-02 13:22:00,1269.02,1298.0999999999999,1269.02,1298.0999999999999,False,False,30,30,0.022656707867462818,2.2915320483522299,2.0249934446701423,9.6064652501254848,249.26681717933823,22.699738504710041,55.152477481937872,0.022656707867462822,2.2915320483522303,249.26681717933823,16.484368645342737,顺向开盘浮盈超过后续回吐
61,181,-1,2021-04-02 13:27:00,2021-04-02 14:42:00,2021-04-02 13:17:00,2021-04-02 13:22:00,2021-04-02 14:37:00,2021-04-02 14:42:00,1298.0999999999999,1299.8299999999999,1298.0999999999999,1299.8299999999999,False,False,16,16,-0.0013318297688683725,-0.13309432771974244,-0.1203086673774667,9.7267739175029515,16.88505842550342,30.203356114187141,0,-0.0013318297688683723,-0.13309432771974242,16.88505842550342,22.549463263314792,有顺向开盘浮盈但全部回吐并倒亏
62,182,1,2021-04-02 14:47:00,2021-04-06 09:57:00,2021-04-02 14:37:00,2021-04-02 14:42:00,2021-04-06 09:52:00,2021-04-06 09:57:00,1299.8299999999999,1296.78,1299.8299999999999,1296.78,False,False,8,8,-0.0023492179439354131,-0.23464606910133284,-0.21182257645353531,9.9385964939564868,64.874543129603154,88.366722568957286,62.336071814158487,-0.0023492179439354123,-0.23464606910133276,64.874543129603154,22.571291301020675,有顺向开盘浮盈但全部回吐并倒亏
63,183,-1,2021-04-06 10:02:00,2021-04-06 11:07:00,2021-04-06 09:52:00,2021-04-06 09:57:00,2021-04-06 11:02:00,2021-04-06 11:07:00,1296.78,1298.9200000000001,1296.78,1298.9200000000001,False,False,14,14,-0.0016488812149743231,-0.16475225572014665,-0.14837819380942863,10.086974687765915,34.065266706255095,50.554078855998327,0,-0.0016488812149743231,-0.16475225572014665,34.065266706255095,16.237851158592321,有顺向开盘浮盈但全部回吐并倒亏
64,184,1,2021-04-06 11:12:00,2021-04-06 13:07:00,2021-04-06 11:02:00,2021-04-06 11:07:00,2021-04-06 11:27:00,2021-04-06 13:07:00,1298.9200000000001,1293.3599999999999,1298.9200000000001,1293.3599999999999,False,False,5,5,-0.0042896666455054626,-0.42804791673084025,-0.38487083171869774,10.471845519484614,0,42.896666455054628,0,-0.0042896666455054626,-0.42804791673084025,0,13.634205487811737,窗口内未获顺向开盘浮盈
65,185,-1,2021-04-06 13:12:00,2021-04-06 13:37:00,2021-04-06 11:27:00,2021-04-06 13:07:00,2021-04-06 13:32:00,2021-04-06 13:37:00,1293.3599999999999,1297.8900000000001,1293.3599999999999,1297.8900000000001,False,False,6,6,-0.0034963856168475993,-0.34902803781523756,-0.31247836087553438,10.784323880360148,0,34.963856168475992,0,-0.0034963856168475993,-0.34902803781523756,0,14.076027511321733,窗口内未获顺向开盘浮盈
66,186,1,2021-04-06 13:42:00,2021-04-07 09:42:00,2021-04-06 13:32:00,2021-04-06 13:37:00,2021-04-07 09:37:00,2021-04-07 09:42:00,1297.8900000000001,1291.4100000000001,1297.8900000000001,1291.4100000000001,False,False,18,18,-0.0050052242136638236,-0.49927189515290404,-0.44542879693599824,11.229752677296146,12.781817682038042,62.83405981867628,12.86411590259166,-0.0050052242136638236,-0.49927189515290404,12.781817682038042,13.140110345017607,有顺向开盘浮盈但全部回吐并倒亏
67,187,-1,2021-04-07 09:47:00,2021-04-07 10:27:00,2021-04-07 09:37:00,2021-04-07 09:42:00,2021-04-07 10:22:00,2021-04-07 10:27:00,1291.4100000000001,1294.55,1291.4100000000001,1294.55,False,False,9,9,-0.0024284997008521148,-0.24255532810627331,-0.21531696465433292,11.445069641950479,59.881116056537621,84.166113065058767,0,-0.0024284997008521153,-0.24255532810627334,59.881116056537621,14.275815563859624,有顺向开盘浮盈但全部回吐并倒亏
68,188,1,2021-04-07 10:32:00,2021-04-07 11:02:00,2021-04-07 10:22:00,2021-04-07 10:27:00,2021-04-07 10:57:00,2021-04-07 11:02:00,1294.55,1288.27,1294.55,1288.27,False,False,7,7,-0.0048629113726338831,-0.48511065621258309,-0.42958940376853771,11.874659045719016,0,48.629113726338829,0,-0.0048629113726338831,-0.48511065621258309,0,14.315392277256189,窗口内未获顺向开盘浮盈
69,189,-1,2021-04-07 11:07:00,2021-04-07 13:17:00,2021-04-07 10:57:00,2021-04-07 11:02:00,2021-04-07 13:12:00,2021-04-07 13:17:00,1288.27,1291.53,1288.27,1291.53,False,False,8,8,-0.0025273290450743731,-0.25241380378311751,-0.22244052519954094,12.097099570918557,11.883450394762288,37.156740845506022,0,-0.0025273290450743731,-0.25241380378311751,11.883450394762288,13.951920458660483,有顺向开盘浮盈但全部回吐并倒亏
70,190,1,2021-04-07 13:22:00,2021-04-08 10:07:00,2021-04-07 13:12:00,2021-04-07 13:17:00,2021-04-08 10:02:00,2021-04-08 10:07:00,1291.53,1289.3800000000001,1291.53,1289.3800000000001,False,False,27,27,-0.0016660794040352324,-0.16646922642135981,-0.14633127834623449,12.243430849264792,89.415008404338565,106.07580244469089,-67.794252396092702,-0.0016660794040352324,-0.16646922642135981,89.415008404338565,13.443145207175363,有顺向开盘浮盈但全部回吐并倒亏
71,191,-1,2021-04-08 10:12:00,2021-04-08 10:42:00,2021-04-08 10:02:00,2021-04-08 10:07:00,2021-04-08 10:37:00,2021-04-08 10:42:00,1289.3800000000001,1295.1400000000001,1289.3800000000001,1295.1400000000001,False,False,7,7,-0.0044573147326939467,-0.44473956483469096,-0.39028818375482777,12.63371903301962,6.5944895733653182,51.167636900304785,0,-0.0044573147326939467,-0.44473956483469096,6.5944895733653182,14.649243431325905,有顺向开盘浮盈但全部回吐并倒亏
72,192,1,2021-04-08 10:47:00,2021-04-08 13:17:00,2021-04-08 10:37:00,2021-04-08 10:42:00,2021-04-08 13:12:00,2021-04-08 13:17:00,1295.1400000000001,1295.5699999999999,1295.1400000000001,1295.5699999999999,False,False,12,12,0.00033195533575628702,0.033201043902586165,0.029006517299901002,12.604712515719719,41.453870724691136,38.134317367128268,0,0.00033195533575628702,0.033201043902586165,41.453870724691136,15.455058620629165,顺向开盘浮盈超过后续回吐
73,193,-1,2021-04-08 13:22:00,2021-04-08 14:12:00,2021-04-08 13:12:00,2021-04-08 13:17:00,2021-04-08 14:07:00,2021-04-08 14:12:00,1295.5699999999999,1298.71,1295.5699999999999,1298.71,False,False,11,11,-0.0024207113598575369,-0.24177838008485669,-0.21130291034999749,12.816015426069715,2.3158512400669826,26.522964838642352,0,-0.0024207113598575369,-0.24177838008485669,2.3158512400669826,15.668771232847469,有顺向开盘浮盈但全部回吐并倒亏
74,194,1,2021-04-08 14:17:00,2021-04-08 14:47:00,2021-04-08 14:07:00,2021-04-08 14:12:00,2021-04-08 14:42:00,2021-04-08 14:47:00,1298.71,1294.54,1298.71,1294.54,False,False,7,7,-0.0032160444185263858,-0.32108784871142543,-0.27993718048933136,13.095952606559047,7.927803528613028,40.088247713876882,0,-0.0032160444185263858,-0.32108784871142543,7.927803528613028,15.297691358562876,有顺向开盘浮盈但全部回吐并倒亏
75,195,-1,2021-04-08 14:52:00,2021-04-09 11:27:00,2021-04-08 14:42:00,2021-04-08 14:47:00,2021-04-09 11:22:00,2021-04-09 11:27:00,1294.54,1278.8099999999999,1294.54,1278.8099999999999,False,False,25,25,0.012225461689369827,1.230049811934506,1.0689630715264964,12.02698953503255,146.76049921387769,24.505882320179431,18.039436146680572,0.012225461689369832,1.2300498119345065,146.76049921387769,15.535809641917226,顺向开盘浮盈超过后续回吐
76,196,1,2021-04-09 13:07:00,2021-04-09 13:42:00,2021-04-09 11:22:00,2021-04-09 11:27:00,2021-04-09 13:37:00,2021-04-09 13:42:00,1278.8099999999999,1273.4000000000001,1278.8099999999999,1273.4000000000001,False,False,8,8,-0.0042394694032782537,-0.42304955388211463,-0.37216942830871069,12.399158963341261,7.2697429478275897,49.664436980610127,0,-0.0042394694032782537,-0.42304955388211463,7.2697429478275897,15.244371226710204,有顺向开盘浮盈但全部回吐并倒亏
77,197,-1,2021-04-09 13:47:00,2021-04-09 14:37:00,2021-04-09 13:37:00,2021-04-09 13:42:00,2021-04-09 14:32:00,2021-04-09 14:37:00,1273.4000000000001,1274.1600000000001,1273.4000000000001,1274.1600000000001,False,False,11,11,-0.00059664936060064525,-0.059647140076585961,-0.052251396361402414,12.451410359702663,22.878357706439946,28.844851312446398,0,-0.00059664936060064568,-0.059647140076586003,22.878357706439946,16.133798504212347,有顺向开盘浮盈但全部回吐并倒亏
78,198,1,2021-04-09 14:42:00,2021-04-12 09:42:00,2021-04-09 14:32:00,2021-04-09 14:37:00,2021-04-12 09:37:00,2021-04-12 09:42:00,1274.1600000000001,1269.3599999999999,1274.1600000000001,1269.3599999999999,False,False,6,6,-0.0037743015176917531,-0.37671877943117332,-0.32981197830214137,12.781222338004806,0,37.743015176917531,-14.25292485254206,-0.0037743015176917531,-0.37671877943117332,0,16.464193969416648,窗口内未获顺向开盘浮盈
79,199,-1,2021-04-12 09:47:00,2021-04-12 09:52:00,2021-04-12 09:37:00,2021-04-12 09:42:00,2021-04-12 09:47:00,2021-04-12 09:52:00,1269.3599999999999,1277.7,1269.3599999999999,1277.7,False,False,2,2,-0.0065487501714434617,-0.65273538389294616,-0.56930782319876139,13.350530161203567,0,65.487501714434615,0,-0.0065487501714434617,-0.65273538389294616,0,16.370065658280673,窗口内未获顺向开盘浮盈
80,200,1,2021-04-12 09:57:00,2021-04-12 10:07:00,2021-04-12 09:47:00,2021-04-12 09:52:00,2021-04-12 10:02:00,2021-04-12 10:07:00,1277.7,1266.8,1277.7,1266.8,False,False,3,3,-0.0085675509327927651,-0.85309540580731003,-0.73920264635115585,14.089732807554721,0,85.675509327927656,0,-0.0085675509327927651,-0.85309540580731003,0,19.425651527251141,窗口内未获顺向开盘浮盈
81,201,-1,2021-04-12 10:12:00,2021-04-13 09:57:00,2021-04-12 10:02:00,2021-04-12 10:07:00,2021-04-13 09:52:00,2021-04-13 09:57:00,1266.8,1254.79,1266.8,1254.79,False,False,44,44,0.009525807777231058,0.95713226914464244,0.82227488980727292,13.26745791774745,203.34818142582458,108.09010365351399,-18.487413732823178,0.009525807777231058,0.95713226914464244,203.34818142582458,18.204607067071262,顺向开盘浮盈超过后续回吐
82,202,1,2021-04-13 10:02:00,2021-04-13 11:27:00,2021-04-13 09:52:00,2021-04-13 09:57:00,2021-04-13 11:22:00,2021-04-13 11:27:00,1254.79,1254.1500000000001,1254.79,1254.1500000000001,False,False,18,18,-0.00051017562307697746,-0.051004550562231167,-0.044237543280245539,13.311695461027695,33.415843137937713,38.517599368707486,0,-0.00051017562307697822,-0.051004550562231243,33.415843137937713,19.382153106887838,有顺向开盘浮盈但全部回吐并倒亏
83,203,-1,2021-04-13 13:07:00,2021-04-14 09:47:00,2021-04-13 11:22:00,2021-04-13 11:27:00,2021-04-14 09:42:00,2021-04-14 09:47:00,1254.1500000000001,1254.73,1254.1500000000001,1254.73,False,False,26,26,-0.00046235771366705475,-0.046225084281085058,-0.040071741834990515,13.351767202862685,109.99958583819853,114.62316297486908,-43.020157133383563,-0.00046235771366705041,-0.04622508428108462,109.99958583819853,18.955753604571218,有顺向开盘浮盈但全部回吐并倒亏
84,204,1,2021-04-14 09:52:00,2021-04-14 10:22:00,2021-04-14 09:42:00,2021-04-14 09:47:00,2021-04-14 10:17:00,2021-04-14 10:22:00,1254.73,1248.6800000000001,1254.73,1248.6800000000001,False,False,7,7,-0.0048334166423357281,-0.48217544810436436,-0.4177965047641119,13.769563707626798,10.51466175143949,58.848828174796772,0,-0.0048334166423357281,-0.48217544810436436,10.51466175143949,21.861374738509372,有顺向开盘浮盈但全部回吐并倒亏
85,205,-1,2021-04-14 10:27:00,2021-04-14 10:52:00,2021-04-14 10:17:00,2021-04-14 10:22:00,2021-04-14 10:47:00,2021-04-14 10:52:00,1248.6800000000001,1252.3599999999999,1248.6800000000001,1252.3599999999999,False,False,6,6,-0.0029427779289535813,-0.29384522022420773,-0.25338401542361888,14.022947723050416,0,29.427779289535813,0,-0.0029427779289535813,-0.29384522022420773,0,16.404379413899814,窗口内未获顺向开盘浮盈
86,206,1,2021-04-14 10:57:00,2021-04-14 11:17:00,2021-04-14 10:47:00,2021-04-14 10:52:00,2021-04-14 11:12:00,2021-04-14 11:17:00,1252.3599999999999,1246.79,1252.3599999999999,1246.79,False,False,5,5,-0.0044575229360074454,-0.44476029256763205,-0.38239178924798223,14.405339512298399,0,44.575229360074452,0,-0.0044575229360074454,-0.44476029256763205,0,16.153561203145475,窗口内未获顺向开盘浮盈
87,207,-1,2021-04-14 11:22:00,2021-04-14 13:57:00,2021-04-14 11:12:00,2021-04-14 11:17:00,2021-04-14 13:52:00,2021-04-14 13:57:00,1246.79,1253.96,1246.79,1253.96,False,False,13,13,-0.0057342954290277651,-0.57178857379822945,-0.48942048845006525,14.894760000748464,0,57.342954290277653,0,-0.0057342954290277651,-0.57178857379822945,0,15.984606037095647,窗口内未获顺向开盘浮盈
88,208,1,2021-04-14 14:02:00,2021-04-15 09:42:00,2021-04-14 13:52:00,2021-04-14 13:57:00,2021-04-15 09:37:00,2021-04-15 09:42:00,1253.96,1246.6199999999999,1253.96,1246.6199999999999,False,False,14,14,-0.0058706548727321204,-0.58534562505983467,-0.4981597990322939,15.392919799780758,29.22453594767547,87.931084674996683,-41.53725548160611,-0.0058706548727321204,-0.58534562505983467,29.22453594767547,17.059973323855456,有顺向开盘浮盈但全部回吐并倒亏
89,209,-1,2021-04-15 09:47:00,2021-04-15 13:12:00,2021-04-15 09:37:00,2021-04-15 09:42:00,2021-04-15 13:07:00,2021-04-15 13:12:00,1246.6199999999999,1253.48,1246.6199999999999,1253.48,False,False,23,23,-0.0054877942612212667,-0.54727638255099442,-0.46303456790177666,15.855954367682534,4.0116498849096667,58.889592497122337,0,-0.0054877942612212684,-0.54727638255099464,4.0116498849096667,19.323141293069735,有顺向开盘浮盈但全部回吐并倒亏
90,210,1,2021-04-15 13:17:00,2021-04-16 10:12:00,2021-04-15 13:07:00,2021-04-15 13:12:00,2021-04-16 10:07:00,2021-04-16 10:12:00,1253.48,1256.52,1253.48,1256.52,False,False,29,29,0.0024223119414006648,0.24252481092642439,0.20407018757562234,15.651884180106912,102.46649990413472,78.243380490128075,17.073483343136779,0.0024223119414006648,0.24252481092642439,102.46649990413472,14.861376460965152,顺向开盘浮盈超过后续回吐
91,211,-1,2021-04-16 10:17:00,2021-04-16 11:27:00,2021-04-16 10:07:00,2021-04-16 10:12:00,2021-04-16 11:22:00,2021-04-16 11:27:00,1256.52,1263.8800000000001,1256.52,1263.8800000000001,False,False,15,15,-0.0058403594037965863,-0.58233376586386887,-0.49118755928919677,16.14307173939611,0,58.40359403796586,0,-0.0058403594037965863,-0.58233376586386887,0,16.338833520082076,窗口内未获顺向开盘浮盈
92,212,1,2021-04-16 13:07:00,2021-04-16 14:52:00,2021-04-16 11:22:00,2021-04-16 11:27:00,2021-04-16 14:47:00,2021-04-16 14:52:00,1263.8800000000001,1274.0899999999999,1263.8800000000001,1274.0899999999999,False,False,22,22,0.0080458437878690951,0.80782985726494883,0.67742130387440369,15.465650435521706,110.78702051953663,30.328582640845678,0,0.0080458437878690951,0.80782985726494883,110.78702051953663,16.589687818566002,顺向开盘浮盈超过后续回吐
93,213,-1,2021-04-16 14:57:00,2021-04-19 10:07:00,2021-04-16 14:47:00,2021-04-16 14:52:00,2021-04-19 10:02:00,2021-04-19 10:07:00,1274.0899999999999,1277.9100000000001,1274.0899999999999,1277.9100000000001,False,False,8,8,-0.0029937326434495331,-0.29892558943901976,-0.25269480271405964,15.718345238235765,38.611756519222816,68.549082953718155,-12.940315588734808,-0.0029937326434495326,-0.2989255894390197,38.611756519222816,14.065879870343764,有顺向开盘浮盈但全部回吐并倒亏
94,214,1,2021-04-19 10:12:00,2021-04-19 13:42:00,2021-04-19 10:02:00,2021-04-19 10:07:00,2021-04-19 13:37:00,2021-04-19 13:42:00,1277.9100000000001,1294.3,1277.9100000000001,1294.3,False,False,24,24,0.012744077525906602,1.2825629347919472,1.0809652648037016,14.637379973432063,155.75574593712395,28.314970678057911,0,0.012744077525906608,1.2825629347919478,155.75574593712395,15.60824169381454,顺向开盘浮盈超过后续回吐
95,215,-1,2021-04-19 13:47:00,2021-04-19 14:02:00,2021-04-19 13:37:00,2021-04-19 13:42:00,2021-04-19 13:57:00,2021-04-19 14:02:00,1294.3,1297.1900000000001,1294.3,1297.1900000000001,False,False,4,4,-0.0022303780435550535,-0.2227892598617135,-0.19017874935576273,14.827558722787826,0,22.303780435550536,0,-0.0022303780435550535,-0.2227892598617135,0,14.44505989121083,窗口内未获顺向开盘浮盈
96,216,1,2021-04-19 14:07:00,2021-04-20 10:17:00,2021-04-19 13:57:00,2021-04-19 14:02:00,2021-04-20 10:12:00,2021-04-20 10:17:00,1297.1900000000001,1298.21,1297.1900000000001,1298.21,False,False,20,20,0.00078600605110091724,0.078631503480615206,0.066972371127416164,14.760586351660409,56.884286559395903,49.02422604838673,-18.024268311226393,0.0007860060511009181,0.078631503480615289,56.884286559395903,14.482601657869653,顺向开盘浮盈超过后续回吐
97,217,-1,2021-04-20 10:22:00,2021-04-20 10:47:00,2021-04-20 10:12:00,2021-04-20 10:17:00,2021-04-20 10:42:00,2021-04-20 10:47:00,1298.21,1301.98,1298.21,1301.98,False,False,6,6,-0.0028997901243822573,-0.28955897940059516,-0.24681837620718072,15.007404727867591,0,28.997901243822572,0,-0.0028997901243822573,-0.28955897940059516,0,14.092790678382695,窗口内未获顺向开盘浮盈
98,218,1,2021-04-20 10:52:00,2021-04-20 11:02:00,2021-04-20 10:42:00,2021-04-20 10:47:00,2021-04-20 10:57:00,2021-04-20 11:02:00,1301.98,1294.27,1301.98,1294.27,False,False,3,3,-0.0059393530397779445,-0.59217499500760251,-0.50330489680958657,15.510709624677176,0,59.393530397779443,0,-0.0059393530397779445,-0.59217499500760251,0,12.864942812486236,窗口内未获顺向开盘浮盈
99,219,-1,2021-04-20 11:07:00,2021-04-20 13:17:00,2021-04-20 10:57:00,2021-04-20 11:02:00,2021-04-20 13:12:00,2021-04-20 13:17:00,1294.27,1299.95,1294.27,1299.95,False,False,8,8,-0.0043789725438499478,-0.43693988230315406,-0.36916740592469743,15.879877030601875,0,43.789725438499481,0,-0.0043789725438499487,-0.43693988230315411,0,13.519590994436358,窗口内未获顺向开盘浮盈
100,220,1,2021-04-20 13:22:00,2021-04-20 14:17:00,2021-04-20 13:12:00,2021-04-20 13:17:00,2021-04-20 14:12:00,2021-04-20 14:17:00,1299.95,1292.1300000000001,1299.95,1292.1300000000001,False,False,12,12,-0.0060337826956808928,-0.60156159852303936,-0.50603435641426442,16.38591138701614,0,60.337826956808925,0,-0.0060337826956808928,-0.60156159852303936,0,14.455147420414304,窗口内未获顺向开盘浮盈
101,221,-1,2021-04-20 14:22:00,2021-04-21 10:27:00,2021-04-20 14:12:00,2021-04-20 14:17:00,2021-04-21 10:22:00,2021-04-21 10:27:00,1292.1300000000001,1281.47,1292.1300000000001,1281.47,False,False,19,19,0.0082841630120445431,0.831857164038176,0.69554978627234254,15.690361600743795,124.28614605135196,41.444515930906533,38.556919151976018,0.0082841630120445431,0.831857164038176,124.28614605135196,14.820014953740321,顺向开盘浮盈超过后续回吐
102,222,1,2021-04-21 10:32:00,2021-04-21 13:22:00,2021-04-21 10:22:00,2021-04-21 10:27:00,2021-04-21 13:17:00,2021-04-21 13:22:00,1281.47,1285.6400000000001,1281.47,1285.6400000000001,False,False,16,16,0.0032487923522877332,0.32540753977852338,0.2743499201111832,15.416011680632613,71.923457248867692,39.435533725990368,0,0.0032487923522877332,0.32540753977852338,71.923457248867692,14.387520596698661,顺向开盘浮盈超过后续回吐
103,223,-1,2021-04-21 13:27:00,2021-04-21 13:37:00,2021-04-21 13:17:00,2021-04-21 13:22:00,2021-04-21 13:32:00,2021-04-21 13:37:00,1285.6400000000001,1291.4000000000001,1285.6400000000001,1291.4000000000001,False,False,3,3,-0.004470252376301451,-0.44602756698157908,-0.37726790515685282,15.793279585789467,0,44.702523763014511,0,-0.004470252376301451,-0.44602756698157908,0,13.693894941602085,窗口内未获顺向开盘浮盈
104,224,1,2021-04-21 13:42:00,2021-04-21 14:22:00,2021-04-21 13:32:00,2021-04-21 13:37:00,2021-04-21 14:17:00,2021-04-21 14:22:00,1291.4000000000001,1287.21,1291.4000000000001,1287.21,False,False,9,9,-0.0032498157438730657,-0.32445408084250954,-0.27321214072755229,16.066491726517018,0,32.498157438730658,0,-0.0032498157438730657,-0.32445408084250954,0,14.314638663093696,窗口内未获顺向开盘浮盈
105,225,-1,2021-04-21 14:27:00,2021-04-22 09:47:00,2021-04-21 14:17:00,2021-04-21 14:22:00,2021-04-22 09:42:00,2021-04-22 09:47:00,1287.21,1295.76,1287.21,1295.76,False,False,10,10,-0.0066203101296475001,-0.65984441563251961,-0.55383056718704138,16.62032229370406,5.9059861993512159,72.109087495826216,-67.830992973731398,-0.0066203101296475001,-0.65984441563251961,5.9059861993512159,14.66625795499071,有顺向开盘浮盈但全部回吐并倒亏
106,226,1,2021-04-22 09:52:00,2021-04-22 14:17:00,2021-04-22 09:42:00,2021-04-22 09:47:00,2021-04-22 14:12:00,2021-04-22 14:17:00,1295.76,1300.6700000000001,1295.76,1300.6700000000001,False,False,35,35,0.0037821207218357244,0.37892819657965149,0.31594910904639839,16.30437318465766,83.921735678290659,46.100528459933415,0,0.0037821207218357235,0.37892819657965143,83.921735678290659,16.478008411428437,顺向开盘浮盈超过后续回吐
107,227,-1,2021-04-22 14:22:00,2021-04-22 14:52:00,2021-04-22 14:12:00,2021-04-22 14:17:00,2021-04-22 14:47:00,2021-04-22 14:52:00,1300.6700000000001,1305.5799999999999,1300.6700000000001,1305.5799999999999,False,False,7,7,-0.0037678701650836282,-0.37607806492133716,-0.31476089375092053,16.619134078408582,0,37.678701650836281,0,-0.0037678701650836282,-0.37607806492133716,0,13.59505087250051,窗口内未获顺向开盘浮盈
108,228,1,2021-04-22 14:57:00,2021-04-23 13:07:00,2021-04-22 14:47:00,2021-04-22 14:52:00,2021-04-23 11:27:00,2021-04-23 13:07:00,1305.5799999999999,1311.6700000000001,1305.5799999999999,1311.6700000000001,False,False,25,25,0.0046537480111657099,0.46645935139938882,0.38893784636905293,16.230196232039528,96.501271022196789,49.963790910539686,-38.679720675250195,0.0046537480111657125,0.4664593513993891,96.501271022196789,13.272939115540339,顺向开盘浮盈超过后续回吐
109,229,-1,2021-04-23 13:12:00,2021-04-23 14:52:00,2021-04-23 11:27:00,2021-04-23 13:07:00,2021-04-23 14:47:00,2021-04-23 14:52:00,1311.6700000000001,1310.49,1311.6700000000001,1310.49,False,False,21,21,0.00090002141719308366,0.090042655800480598,0.075428556071521768,16.154767675968007,28.936287870050002,19.93607369811917,0,0.00090002141719308323,0.090042655800480556,28.936287870050002,14.157947840836608,顺向开盘浮盈超过后续回吐
110,230,1,2021-04-23 14:57:00,2021-04-26 13:07:00,2021-04-23 14:47:00,2021-04-23 14:52:00,2021-04-26 11:27:00,2021-04-26 13:07:00,1310.49,1326.8,1310.49,1326.8,False,False,25,25,0.012368915013864628,1.2445726407679356,1.0435148220932167,15.11125285387479,177.50848959480766,53.81933945616138,59.436668375750962,0.012368915013864624,1.2445726407679354,177.50848959480766,13.748948173465429,顺向开盘浮盈超过后续回吐
111,231,-1,2021-04-26 13:12:00,2021-04-26 14:27:00,2021-04-26 11:27:00,2021-04-26 13:07:00,2021-04-26 14:22:00,2021-04-26 14:27:00,1326.8,1321.3099999999999,1326.8,1321.3099999999999,False,False,16,16,0.0041463593774224879,0.41549674186980545,0.35270997860624709,14.758542875268542,77.933281365332434,36.469687591107558,0,0.0041463593774224879,0.41549674186980545,77.933281365332434,13.216330477563039,顺向开盘浮盈超过后续回吐
112,232,1,2021-04-26 14:32:00,2021-04-26 14:57:00,2021-04-26 14:22:00,2021-04-26 14:27:00,2021-04-26 14:52:00,2021-04-26 14:57:00,1321.3099999999999,1314.04,1321.3099999999999,1314.04,False,False,6,6,-0.0055173077139445605,-0.55021153249426324,-0.46900832756642252,15.227551202834967,10.816740526293421,65.989817665739025,0,-0.0055173077139445605,-0.55021153249426324,10.816740526293421,14.418519336724811,有顺向开盘浮盈但全部回吐并倒亏
113,233,-1,2021-04-27 09:37:00,2021-04-27 10:57:00,2021-04-26 14:52:00,2021-04-26 14:57:00,2021-04-27 10:52:00,2021-04-27 10:57:00,1314.04,1303.0999999999999,1314.04,1303.0999999999999,False,False,17,17,0.008360319830669885,0.83953648990867624,0.71169564104134331,14.515855561793622,120.96859963447707,37.365401327778216,57.923900778544485,0.0083603198306698833,0.83953648990867602,120.96859963447707,15.35691499409182,顺向开盘浮盈超过后续回吐
114,234,1,2021-04-27 11:02:00,2021-04-28 09:42:00,2021-04-27 10:52:00,2021-04-27 10:57:00,2021-04-28 09:37:00,2021-04-28 09:42:00,1303.0999999999999,1308.8299999999999,1303.0999999999999,1308.8299999999999,False,False,31,31,0.0043875671953140386,0.43972066610391253,0.37589144933691809,14.139964112456704,121.42995453771718,77.554282584576796,55.269130378108059,0.0043875671953140386,0.43972066610391253,121.42995453771718,15.577609541817131,顺向开盘浮盈超过后续回吐
115,235,-1,2021-04-28 09:47:00,2021-04-28 09:57:00,2021-04-28 09:37:00,2021-04-28 09:42:00,2021-04-28 09:52:00,2021-04-28 09:57:00,1308.8299999999999,1320.05,1308.8299999999999,1320.05,False,False,3,3,-0.0085360063047379524,-0.84996780424984575,-0.72978266176147999,14.869746774218184,0,85.360063047379526,0,-0.0085360063047379524,-0.84996780424984575,0,15.081386566751799,窗口内未获顺向开盘浮盈
116,236,1,2021-04-28 10:02:00,2021-04-28 13:42:00,2021-04-28 09:52:00,2021-04-28 09:57:00,2021-04-28 13:37:00,2021-04-28 13:42:00,1320.05,1316.5999999999999,1320.05,1316.5999999999999,False,False,26,26,-0.0026169586171359647,-0.26135373660089989,-0.22249109778339493,15.092237872001579,8.253855738370957,34.423441909730606,0,-0.0026169586171359643,-0.26135373660089989,8.253855738370957,15.735209327833497,有顺向开盘浮盈但全部回吐并倒亏
117,237,-1,2021-04-28 13:47:00,2021-04-28 14:12:00,2021-04-28 13:37:00,2021-04-28 13:42:00,2021-04-28 14:07:00,2021-04-28 14:12:00,1316.5999999999999,1321.1199999999999,1316.5999999999999,1321.1199999999999,False,False,6,6,-0.003427205635342039,-0.34213394695409288,-0.29049827783891313,15.382736149840493,0,34.272056353420389,0,-0.003427205635342039,-0.34213394695409288,0,15.129533196171387,窗口内未获顺向开盘浮盈
118,238,1,2021-04-28 14:17:00,2021-04-29 10:07:00,2021-04-28 14:07:00,2021-04-28 14:12:00,2021-04-29 10:02:00,2021-04-29 10:07:00,1321.1199999999999,1324.46,1321.1199999999999,1324.46,False,False,16,16,0.0025249675114742583,0.25281579266076731,0.21392580633063929,15.168810343509854,108.70817865345219,83.458503538709607,6.4952232184198548,0.00252496751147426,0.25281579266076748,108.70817865345219,14.452742040845482,顺向开盘浮盈超过后续回吐
119,239,-1,2021-04-29 10:12:00,2021-04-29 13:17:00,2021-04-29 10:02:00,2021-04-29 10:07:00,2021-04-29 13:12:00,2021-04-29 13:17:00,1324.46,1318.5899999999999,1324.46,1318.5899999999999,False,False,19,19,0.0044418453311519512,0.44517249486196175,0.37764512341487144,14.791165220094982,84.846190697597976,40.427737386078462,0,0.0044418453311519512,0.44517249486196175,84.846190697597976,17.590961064862135,顺向开盘浮盈超过后续回吐
120,240,1,2021-04-29 13:22:00,2021-04-30 09:47:00,2021-04-29 13:12:00,2021-04-29 13:17:00,2021-04-30 09:42:00,2021-04-30 09:47:00,1318.5899999999999,1318.25,1318.5899999999999,1318.25,False,False,23,23,-0.00025788443886221512,-0.025785118952853483,-0.021971199406334296,14.813136419501316,66.06421802583418,68.643062414456338,-66.187793220532015,-0.00025788443886221339,-0.025785118952853309,66.06421802583418,17.631066128378748,有顺向开盘浮盈但全部回吐并倒亏
121,241,-1,2021-04-30 09:52:00,2021-04-30 10:42:00,2021-04-30 09:42:00,2021-04-30 09:47:00,2021-04-30 10:37:00,2021-04-30 10:42:00,1318.25,1322.21,1318.25,1322.21,False,False,11,11,-0.0029994796126200955,-0.29949856679348602,-0.25513343551991641,15.068269855021232,11.840878215582341,41.835674341783296,0,-0.0029994796126200955,-0.29949856679348602,11.840878215582341,17.78960190551684,有顺向开盘浮盈但全部回吐并倒亏
122,242,1,2021-04-30 10:47:00,2021-04-30 13:22:00,2021-04-30 10:37:00,2021-04-30 10:42:00,2021-04-30 13:17:00,2021-04-30 13:22:00,1322.21,1317.51,1322.21,1317.51,False,False,13,13,-0.0035609875036590449,-0.35546547068919537,-0.30190297432431956,15.370172829345552,25.907826489852624,61.517701526443076,0,-0.0035609875036590449,-0.35546547068919537,25.907826489852624,12.584020958696096,有顺向开盘浮盈但全部回吐并倒亏
123,243,-1,2021-04-30 13:27:00,2021-04-30 14:12:00,2021-04-30 13:17:00,2021-04-30 13:22:00,2021-04-30 14:07:00,2021-04-30 14:12:00,1317.51,1320.03,1317.51,1320.03,False,False,10,10,-0.0019108720753435002,-0.19090475216472774,-0.16156236181757988,15.531735191163133,21.350888169811721,40.459608923246719,0,-0.0019108720753435002,-0.19090475216472774,21.350888169811721,13.234169906090939,有顺向开盘浮盈但全部回吐并倒亏
124,244,1,2021-04-30 14:17:00,2021-05-06 09:42:00,2021-04-30 14:07:00,2021-04-30 14:12:00,2021-05-06 09:37:00,2021-05-06 09:42:00,1320.03,1312.5799999999999,1320.03,1312.5799999999999,False,False,11,11,-0.0056597976056730771,-0.56438111255048384,-0.47672293268020693,16.00845812384334,39.013817715981574,95.611793772712346,-42.716463726068199,-0.0056597976056730771,-0.56438111255048384,39.013817715981574,13.892544088983843,有顺向开盘浮盈但全部回吐并倒亏
125,245,-1,2021-05-06 09:47:00,2021-05-06 10:17:00,2021-05-06 09:37:00,2021-05-06 09:42:00,2021-05-06 10:12:00,2021-05-06 10:17:00,1312.5799999999999,1322.1400000000001,1312.5799999999999,1322.1400000000001,False,False,7,7,-0.0072569699666821252,-0.72307017411167418,-0.60731778808300607,16.615775911926345,4.4197548517598593,76.989454518581113,0,-0.0072569699666821252,-0.72307017411167418,4.4197548517598593,16.83786849307554,有顺向开盘浮盈但全部回吐并倒亏
126,246,1,2021-05-06 10:22:00,2021-05-06 10:37:00,2021-05-06 10:12:00,2021-05-06 10:17:00,2021-05-06 10:32:00,2021-05-06 10:37:00,1322.1400000000001,1312.55,1322.1400000000001,1312.55,False,False,4,4,-0.0072798259776235752,-0.7253392227752089,-0.60481848291756846,17.220594394843914,0,72.798259776235753,0,-0.0072798259776235752,-0.7253392227752089,0,18.594303952897683,窗口内未获顺向开盘浮盈
127,247,-1,2021-05-06 10:42:00,2021-05-06 13:12:00,2021-05-06 10:32:00,2021-05-06 10:37:00,2021-05-06 13:07:00,2021-05-06 13:12:00,1312.55,1313.26,1312.55,1313.26,False,False,12,12,-0.00054078552317436603,-0.054063932503846127,-0.04475380197345169,17.265348196817364,97.152436355662019,102.56029158740569,0,-0.00054078552317436517,-0.054063932503846043,97.152436355662019,19.328706451632524,有顺向开盘浮盈但全部回吐并倒亏
128,248,1,2021-05-06 13:17:00,2021-05-07 09:42:00,2021-05-06 13:07:00,2021-05-06 13:12:00,2021-05-07 09:37:00,2021-05-07 09:42:00,1313.26,1309.74,1313.26,1309.74,False,False,23,23,-0.0026839512871172973,-0.26803527100499513,-0.22175804817570199,17.487106244993068,16.662168947282495,43.501681818455474,42.979353801487136,-0.0026839512871172973,-0.26803527100499513,16.662168947282495,21.171347296943971,有顺向开盘浮盈但全部回吐并倒亏
129,249,-1,2021-05-07 09:47:00,2021-05-10 10:27:00,2021-05-07 09:37:00,2021-05-07 09:42:00,2021-05-10 10:22:00,2021-05-10 10:27:00,1309.74,1258.9200000000001,1309.74,1258.9200000000001,False,False,55,55,0.039574433682931509,4.0367934419978901,3.3308750839048051,14.156231161088261,459.57357781439612,63.829240985081029,29.85703323168126,0.039574433682931502,4.0367934419978893,459.57357781439612,20.837736760704473,顺向开盘浮盈超过后续回吐
130,250,1,2021-05-10 10:32:00,2021-05-10 13:12:00,2021-05-10 10:22:00,2021-05-10 10:27:00,2021-05-10 13:07:00,2021-05-10 13:12:00,1258.9200000000001,1257.3199999999999,1258.9200000000001,1257.3199999999999,False,False,14,14,-0.0012717389562542487,-0.12709306389603295,-0.10910147598119924,14.265332637069461,44.700250377455077,57.417639939997564,0,-0.0012717389562542478,-0.12709306389603287,44.700250377455077,23.149504407379435,有顺向开盘浮盈但全部回吐并倒亏
131,251,-1,2021-05-10 13:17:00,2021-05-11 10:52:00,2021-05-10 13:07:00,2021-05-10 13:12:00,2021-05-11 10:47:00,2021-05-11 10:52:00,1257.3199999999999,1247.5,1257.3199999999999,1247.5,False,False,37,37,0.0078409229494660199,0.7871743486973517,0.67488130942199298,13.590451327647468,129.19931569345641,50.79008619879621,103.63617638204377,0.0078409229494660216,0.78717434869735192,129.19931569345641,22.528219006393865,顺向开盘浮盈超过后续回吐
132,252,1,2021-05-11 10:57:00,2021-05-11 14:37:00,2021-05-11 10:47:00,2021-05-11 10:52:00,2021-05-11 14:32:00,2021-05-11 14:37:00,1247.5,1255.8499999999999,1247.5,1255.8499999999999,False,False,26,26,0.0066710855189354296,0.66933867735469577,0.57837253019168422,13.012078797455784,99.701723198499465,32.990868009145167,0,0.0066710855189354296,0.66933867735469577,99.701723198499465,13.465920419504823,顺向开盘浮盈超过后续回吐
133,253,-1,2021-05-11 14:42:00,2021-05-12 10:32:00,2021-05-11 14:32:00,2021-05-11 14:37:00,2021-05-12 10:27:00,2021-05-12 10:32:00,1255.8499999999999,1260.21,1255.8499999999999,1260.21,False,False,16,16,-0.0034657395802353422,-0.3459740836844814,-0.30095566329668699,13.313034460752471,29.345879546043712,64.003275348397139,44.531793479946167,-0.0034657395802353435,-0.34597408368448157,29.345879546043712,14.051424266521188,有顺向开盘浮盈但全部回吐并倒亏
134,254,1,2021-05-12 10:37:00,2021-05-12 11:02:00,2021-05-12 10:27:00,2021-05-12 10:32:00,2021-05-12 10:57:00,2021-05-12 11:02:00,1260.21,1258.0599999999999,1260.21,1258.0599999999999,False,False,6,6,-0.0017075218482402869,-0.17060648622056609,-0.14789358591773549,13.460928046670206,23.539772856745607,40.614991339148474,0,-0.0017075218482402869,-0.17060648622056609,23.539772856745607,16.019116464731638,有顺向开盘浮盈但全部回吐并倒亏
135,255,-1,2021-05-12 11:07:00,2021-05-12 13:12:00,2021-05-12 10:57:00,2021-05-12 11:02:00,2021-05-12 13:07:00,2021-05-12 13:12:00,1258.0599999999999,1263.9100000000001,1258.0599999999999,1263.9100000000001,False,False,7,7,-0.0046392387635320279,-0.46284941174606969,-0.40054558546650521,13.861473632136711,13.681198443245266,60.07358607856554,0,-0.0046392387635320279,-0.46284941174606969,13.681198443245266,16.337749421983791,有顺向开盘浮盈但全部回吐并倒亏
136,256,1,2021-05-12 13:17:00,2021-05-12 13:32:00,2021-05-12 13:07:00,2021-05-12 13:12:00,2021-05-12 13:27:00,2021-05-12 13:32:00,1263.9100000000001,1259.3499999999999,1263.9100000000001,1259.3499999999999,False,False,4,4,-0.0036143758187501185,-0.36078518248926111,-0.31077503954984875,14.17224867168656,0,36.143758187501184,0,-0.0036143758187501185,-0.36078518248926111,0,15.991063849988128,窗口内未获顺向开盘浮盈
137,257,-1,2021-05-12 13:37:00,2021-05-12 13:52:00,2021-05-12 13:27:00,2021-05-12 13:32:00,2021-05-12 13:47:00,2021-05-12 13:52:00,1259.3499999999999,1264.1900000000001,1259.3499999999999,1264.1900000000001,False,False,4,4,-0.0038358860447262636,-0.38285384317232962,-0.32859484446884357,14.500843516155404,0,38.358860447262636,0,-0.0038358860447262636,-0.38285384317232962,0,16.143613824743568,窗口内未获顺向开盘浮盈
138,258,1,2021-05-12 13:57:00,2021-05-13 09:47:00,2021-05-12 13:47:00,2021-05-12 13:52:00,2021-05-13 09:42:00,2021-05-13 09:47:00,1264.1900000000001,1268.79,1264.1900000000001,1268.79,False,False,16,16,0.0036320895206126422,0.36386935508111973,0.31110522929755913,14.189738286857844,71.253779409498719,34.932884203372303,-82.466070512306473,0.0036320895206126439,0.36386935508111995,71.253779409498719,16.282760080264978,顺向开盘浮盈超过后续回吐
139,259,-1,2021-05-13 09:52:00,2021-05-13 10:37:00,2021-05-13 09:42:00,2021-05-13 09:47:00,2021-05-13 10:32:00,2021-05-13 10:37:00,1268.79,1270.23,1268.79,1270.23,False,False,10,10,-0.0011342960310634725,-0.11336529604875448,-0.097279057231303145,14.287017344089147,47.718080385631652,59.061040696266382,0,-0.0011342960310634716,-0.11336529604875438,47.718080385631652,19.529531686373979,有顺向开盘浮盈但全部回吐并倒亏
140,260,1,2021-05-13 10:42:00,2021-05-13 13:22:00,2021-05-13 10:32:00,2021-05-13 10:37:00,2021-05-13 13:17:00,2021-05-13 13:22:00,1270.23,1278.8,1270.23,1278.8,False,False,14,14,0.0067241517678976381,0.67468096329009319,0.578289177047564,13.708728167041585,133.17941977024992,65.937902091273543,0,0.0067241517678976346,0.67468096329009286,133.17941977024992,19.119285437444258,顺向开盘浮盈超过后续回吐
141,261,-1,2021-05-13 13:27:00,2021-05-14 09:42:00,2021-05-13 13:17:00,2021-05-13 13:22:00,2021-05-14 09:37:00,2021-05-14 09:42:00,1278.8,1282.47,1278.8,1282.47,False,False,21,21,-0.0028657677727799216,-0.28616653800867869,-0.24693674520803732,13.95566491224962,46.32232416832062,74.98000189611983,-42.835321727271221,-0.0028657677727799208,-0.28616653800867858,46.32232416832062,20.819675790696582,有顺向开盘浮盈但全部回吐并倒亏
142,262,1,2021-05-14 09:47:00,2021-05-17 13:32:00,2021-05-14 09:37:00,2021-05-14 09:42:00,2021-05-17 13:27:00,2021-05-17 13:32:00,1282.47,1332.04,1282.47,1332.04,False,False,73,73,0.037923695721005471,3.8651976264551684,3.3257835975108674,10.629881314738753,420.81581267469551,41.578855464640824,46.190521778385644,0.037923695721005471,3.8651976264551684,420.81581267469551,21.492191189549157,顺向开盘浮盈超过后续回吐
143,263,-1,2021-05-17 13:37:00,2021-05-18 10:22:00,2021-05-17 13:27:00,2021-05-17 13:32:00,2021-05-18 10:17:00,2021-05-18 10:22:00,1332.04,1328.1800000000001,1332.04,1328.1800000000001,False,False,27,27,0.0029020176594278177,0.29062325889560586,0.25973035140197664,10.370150963336776,87.01148942284982,57.991312828571637,49.337366312244342,0.0029020176594278177,0.29062325889560586,87.01148942284982,23.583728283942886,顺向开盘浮盈超过后续回吐
144,264,1,2021-05-18 10:27:00,2021-05-18 10:42:00,2021-05-18 10:17:00,2021-05-18 10:22:00,2021-05-18 10:37:00,2021-05-18 10:42:00,1328.1800000000001,1319.99,1328.1800000000001,1319.99,False,False,4,4,-0.0061854232258994855,-0.61663328765679282,-0.55268748483660035,10.922838448173378,0,61.854232258994855,0,-0.0061854232258994855,-0.61663328765679282,0,18.726769147307376,窗口内未获顺向开盘浮盈
145,265,-1,2021-05-18 10:47:00,2021-05-18 14:57:00,2021-05-18 10:37:00,2021-05-18 10:42:00,2021-05-18 14:52:00,2021-05-18 14:57:00,1319.99,1322.1400000000001,1319.99,1322.1400000000001,False,False,32,32,-0.0016274751617482983,-0.16261515421972661,-0.14485296363205835,11.067691411805436,23.512646978105536,39.78739859558852,0,-0.0016274751617482981,-0.16261515421972658,23.512646978105536,16.622967144386379,有顺向开盘浮盈但全部回吐并倒亏
146,266,1,2021-05-19 09:37:00,2021-05-19 10:57:00,2021-05-18 14:52:00,2021-05-18 14:57:00,2021-05-19 10:52:00,2021-05-19 10:57:00,1322.1400000000001,1328.8499999999999,1322.1400000000001,1328.8499999999999,False,False,17,17,0.0050622705702583317,0.50751055107624832,0.45134084940077202,10.616350562404664,94.549115242133198,43.926409539549887,-3.4817360590306423,0.0050622705702583317,0.50751055107624832,94.549115242133198,15.672112279993145,顺向开盘浮盈超过后续回吐
147,267,-1,2021-05-19 11:02:00,2021-05-19 13:32:00,2021-05-19 10:52:00,2021-05-19 10:57:00,2021-05-19 13:27:00,2021-05-19 13:32:00,1328.8499999999999,1330.5599999999999,1328.8499999999999,1330.5599999999999,False,False,12,12,-0.001285999703442565,-0.12851731601733712,-0.11487346721553715,10.731224029620201,19.66035682934853,32.520353863774176,0,-0.001285999703442565,-0.12851731601733712,19.66035682934853,12.009919310443955,有顺向开盘浮盈但全部回吐并倒亏
148,268,1,2021-05-19 13:37:00,2021-05-19 14:17:00,2021-05-19 13:27:00,2021-05-19 13:32:00,2021-05-19 14:12:00,2021-05-19 14:17:00,1330.5599999999999,1325.8800000000001,1330.5599999999999,1325.8800000000001,False,False,9,9,-0.00352351631650932,-0.35173160173158602,-0.31398649556679814,11.045210525186999,2.0290149202211674,37.26417808531437,0,-0.00352351631650932,-0.35173160173158602,2.0290149202211674,12.224134516715182,有顺向开盘浮盈但全部回吐并倒亏
149,269,-1,2021-05-19 14:22:00,2021-05-20 09:42:00,2021-05-19 14:12:00,2021-05-19 14:17:00,2021-05-20 09:37:00,2021-05-20 09:42:00,1325.8800000000001,1334.6500000000001,1325.8800000000001,1334.6500000000001,False,False,10,10,-0.0065926952634602588,-0.65710111265123961,-0.58452291139556856,11.629733436582567,6.3374226918526233,72.264375326455209,-14.690540805375269,-0.0065926952634602588,-0.65710111265123961,6.3374226918526233,12.505637517702981,有顺向开盘浮盈但全部回吐并倒亏
150,270,1,2021-05-20 09:47:00,2021-05-20 10:22:00,2021-05-20 09:37:00,2021-05-20 09:42:00,2021-05-20 10:17:00,2021-05-20 10:22:00,1334.6500000000001,1332.22,1334.6500000000001,1332.22,False,False,8,8,-0.0018223615493092086,-0.18207020567192403,-0.16089592608483638,11.790629362667405,28.282000685313161,46.505616178405248,0,-0.0018223615493092086,-0.18207020567192403,28.282000685313161,15.398911515102926,有顺向开盘浮盈但全部回吐并倒亏
151,271,-1,2021-05-20 10:27:00,2021-05-20 11:17:00,2021-05-20 10:17:00,2021-05-20 10:22:00,2021-05-20 11:12:00,2021-05-20 11:17:00,1332.22,1333.9400000000001,1332.22,1333.9400000000001,False,False,11,11,-0.0012902453255704473,-0.12894133169405886,-0.11373833717872595,11.90436769984613,25.328171010843679,38.230624266548148,0,-0.0012902453255704471,-0.12894133169405883,25.328171010843679,14.828298751844864,有顺向开盘浮盈但全部回吐并倒亏
152,272,1,2021-05-20 11:22:00,2021-05-20 13:32:00,2021-05-20 11:12:00,2021-05-20 11:17:00,2021-05-20 13:27:00,2021-05-20 13:32:00,1333.9400000000001,1332.6700000000001,1333.9400000000001,1332.6700000000001,False,False,8,8,-0.00095252031307330848,-0.09520668096017515,-0.083872927583861223,11.988240627429992,7.3439599233067776,16.869163054039863,0,-0.00095252031307330816,-0.095206680960175122,7.3439599233067776,14.290254947698262,有顺向开盘浮盈但全部回吐并倒亏
153,273,-1,2021-05-20 13:37:00,2021-05-20 14:22:00,2021-05-20 13:27:00,2021-05-20 13:32:00,2021-05-20 14:17:00,2021-05-20 14:22:00,1332.6700000000001,1335.4000000000001,1332.6700000000001,1335.4000000000001,False,False,10,10,-0.0020464237840357312,-0.2044331286506087,-0.17992519326578416,12.168165820695776,0.52527511296199847,20.989512953319313,0,-0.0020464237840357308,-0.20443312865060867,0.52527511296199847,14.316699393470874,有顺向开盘浮盈但全部回吐并倒亏
154,274,1,2021-05-20 14:27:00,2021-05-20 14:47:00,2021-05-20 14:17:00,2021-05-20 14:22:00,2021-05-20 14:42:00,2021-05-20 14:47:00,1335.4000000000001,1330.03,1335.4000000000001,1330.03,False,False,5,5,-0.0040293740713832227,-0.40212670360941766,-0.3531952595049348,12.521361080200711,1.123195867818048,41.416936581650276,0,-0.0040293740713832227,-0.40212670360941766,1.123195867818048,14.448606554084414,有顺向开盘浮盈但全部回吐并倒亏
155,275,-1,2021-05-20 14:52:00,2021-05-21 09:47:00,2021-05-20 14:42:00,2021-05-20 14:47:00,2021-05-21 09:42:00,2021-05-21 09:47:00,1330.03,1335.48,1330.03,1335.48,False,False,5,5,-0.0040892794209487753,-0.40809297031779285,-0.35699417596138927,12.878355256162099,0.52631776823251586,41.41911197772027,-72.381011486504988,-0.0040892794209487753,-0.40809297031779285,0.52631776823251586,14.648038082240584,有顺向开盘浮盈但全部回吐并倒亏
156,276,1,2021-05-21 09:52:00,2021-05-21 10:07:00,2021-05-21 09:42:00,2021-05-21 09:47:00,2021-05-21 10:02:00,2021-05-21 10:07:00,1335.48,1328.5999999999999,1335.48,1328.5999999999999,False,False,4,4,-0.0051650215421933637,-0.51517057537365818,-0.4488250785018133,13.327180334663913,0,51.650215421933638,0,-0.0051650215421933637,-0.51517057537365818,0,16.617407962856444,窗口内未获顺向开盘浮盈
157,277,-1,2021-05-21 10:12:00,2021-05-21 13:17:00,2021-05-21 10:02:00,2021-05-21 10:07:00,2021-05-21 13:12:00,2021-05-21 13:17:00,1328.5999999999999,1322.1099999999999,1328.5999999999999,1322.1099999999999,False,False,19,19,0.0048968110193172839,0.49088199922856185,0.42546126996095834,12.901719064702954,98.557244599109055,49.589134405936221,0,0.0048968110193172839,0.49088199922856185,98.557244599109055,14.021631879795112,顺向开盘浮盈超过后续回吐
158,278,1,2021-05-21 13:22:00,2021-05-21 13:57:00,2021-05-21 13:12:00,2021-05-21 13:17:00,2021-05-21 13:52:00,2021-05-21 13:57:00,1322.1099999999999,1317.97,1322.1099999999999,1317.97,False,False,8,8,-0.003136271168666804,-0.31313582077131058,-0.27273591688443677,13.174454981587392,3.3274598932194466,34.690171579887483,0,-0.003136271168666804,-0.31313582077131058,3.3274598932194466,15.258823580268693,有顺向开盘浮盈但全部回吐并倒亏
159,279,-1,2021-05-21 14:02:00,2021-05-24 10:37:00,2021-05-21 13:52:00,2021-05-21 13:57:00,2021-05-24 10:32:00,2021-05-24 10:37:00,1317.97,1315.5899999999999,1317.97,1315.5899999999999,False,False,25,25,0.0018074398517013237,0.18090742556573647,0.15707385822621989,13.017381123361172,84.500569469656924,66.426170952643687,17.798200539370001,0.0018074398517013246,0.18090742556573655,84.500569469656924,15.309425390195079,顺向开盘浮盈超过后续回吐
160,280,1,2021-05-24 10:42:00,2021-05-26 09:52:00,2021-05-24 10:32:00,2021-05-24 10:37:00,2021-05-26 09:47:00,2021-05-26 09:52:00,1315.5899999999999,1368.3699999999999,1315.5899999999999,1368.3699999999999,False,False,83,83,0.039335016257465209,4.0118882022513933,3.4896454247211772,9.5277356986399937,415.61465189626642,22.264489321614302,32.733358570628766,0.039335016257465195,4.0118882022513924,415.61465189626642,14.855422105640164,顺向开盘浮盈超过后续回吐
161,281,-1,2021-05-26 09:57:00,2021-05-26 10:27:00,2021-05-26 09:47:00,2021-05-26 09:52:00,2021-05-26 10:22:00,2021-05-26 10:27:00,1368.3699999999999,1370.78,1368.3699999999999,1370.78,False,False,7,7,-0.0017596704246705651,-0.17581231123884605,-0.15906137889833971,9.6867970775383334,19.677773764242751,37.2744780109484,0,-0.0017596704246705651,-0.17581231123884605,19.677773764242751,11.97300492980165,有顺向开盘浮盈但全部回吐并倒亏
162,282,1,2021-05-26 10:32:00,2021-05-26 11:02:00,2021-05-26 10:22:00,2021-05-26 10:27:00,2021-05-26 10:57:00,2021-05-26 11:02:00,1370.78,1368.1800000000001,1370.78,1368.1800000000001,False,False,7,7,-0.0018985313994785398,-0.18967303287179063,-0.17129979106669246,9.8580968686050259,12.394014549234146,31.379328544019547,0,-0.0018985313994785398,-0.18967303287179063,12.394014549234146,10.453702976930748,有顺向开盘浮盈但全部回吐并倒亏
163,283,-1,2021-05-26 11:07:00,2021-05-26 13:47:00,2021-05-26 10:57:00,2021-05-26 11:02:00,2021-05-26 13:42:00,2021-05-26 13:47:00,1368.1800000000001,1365.9400000000001,1368.1800000000001,1365.9400000000001,False,False,14,14,0.0016385531733598779,0.16398963351246496,0.14782337658634237,9.7102734920186844,46.226341908725146,29.840810175126368,0,0.0016385531733598775,0.1639896335124649,46.226341908725146,10.603791337007211,顺向开盘浮盈超过后续回吐
164,284,1,2021-05-26 13:52:00,2021-05-27 09:37:00,2021-05-26 13:42:00,2021-05-26 13:47:00,2021-05-26 14:57:00,2021-05-27 09:37:00,1365.9400000000001,1364.1300000000001,1365.9400000000001,1364.1300000000001,False,False,15,15,-0.0013259735209689954,-0.13250948065067883,-0.11964244767664889,9.8299159396953328,14.265702920109616,27.525438129799575,1.7595178966377434,-0.0013259735209689954,-0.13250948065067883,14.265702920109616,10.702976391425887,有顺向开盘浮盈但全部回吐并倒亏
165,285,-1,2021-05-27 09:42:00,2021-05-27 09:52:00,2021-05-26 14:57:00,2021-05-27 09:37:00,2021-05-27 09:47:00,2021-05-27 09:52:00,1364.1300000000001,1378.1300000000001,1364.1300000000001,1378.1300000000001,False,False,3,3,-0.010210644966758158,-1.0158693301793049,-0.91601022896553586,10.745926168660869,0,102.10644966758157,0,-0.010210644966758158,-1.0158693301793049,0,10.895275296117186,窗口内未获顺向开盘浮盈
166,286,1,2021-05-27 09:57:00,2021-05-27 13:27:00,2021-05-27 09:47:00,2021-05-27 09:52:00,2021-05-27 13:22:00,2021-05-27 13:27:00,1378.1300000000001,1395.5599999999999,1378.1300000000001,1395.5599999999999,False,False,24,24,0.012568260647731795,1.2647573160732239,1.1288474286752614,9.6170787399856081,149.87299222247515,24.190385745157197,0,0.012568260647731793,1.2647573160732237,149.87299222247515,15.291718321351084,顺向开盘浮盈超过后续回吐
167,287,-1,2021-05-27 13:32:00,2021-05-27 14:52:00,2021-05-27 13:22:00,2021-05-27 13:27:00,2021-05-27 14:47:00,2021-05-27 14:52:00,1395.5599999999999,1396.4100000000001,1395.5599999999999,1396.4100000000001,False,False,17,17,-0.00060888908280620074,-0.060870374746675067,-0.055016422877962601,9.6720951628635703,24.177215615293061,30.266106443355067,0,-0.00060888908280620096,-0.060870374746675088,24.177215615293061,16.801303843598266,有顺向开盘浮盈但全部回吐并倒亏
168,288,1,2021-05-27 14:57:00,2021-05-28 10:37:00,2021-05-27 14:47:00,2021-05-27 14:52:00,2021-05-28 10:32:00,2021-05-28 10:37:00,1396.4100000000001,1405.48,1396.4100000000001,1405.48,False,False,14,14,0.0064742239568056168,0.64952270464976392,0.58670025055163055,9.0853949123119389,116.26423614615106,51.521996578094885,23.759269773436205,0.0064742239568056203,0.64952270464976425,116.26423614615106,17.405125797819515,顺向开盘浮盈超过后续回吐
169,289,-1,2021-05-28 10:42:00,2021-05-31 09:42:00,2021-05-28 10:32:00,2021-05-28 10:37:00,2021-05-31 09:37:00,2021-05-31 09:42:00,1405.48,1415.72,1405.48,1415.72,False,False,35,35,-0.0072593541536297695,-0.7233068685898052,-0.65759158315054078,9.7429864954624801,160.87676132693923,233.47030286323692,-121.03726883729328,-0.0072593541536297729,-0.72330686858980553,160.87676132693923,16.540155118625442,有顺向开盘浮盈但全部回吐并倒亏
170,290,1,2021-05-31 09:47:00,2021-06-01 10:32:00,2021-05-31 09:37:00,2021-05-31 09:42:00,2021-06-01 10:27:00,2021-06-01 10:32:00,1415.72,1449.8199999999999,1415.72,1449.8199999999999,False,False,56,56,0.023801175190317343,2.4086683807531877,2.1739921456959355,7.5689943497665446,348.99367859079177,110.98192668761834,-44.676794401366429,0.023801175190317353,2.4086683807531886,348.99367859079177,33.284814832740338,顺向开盘浮盈超过后续回吐
171,291,-1,2021-06-01 10:37:00,2021-06-01 10:57:00,2021-06-01 10:27:00,2021-06-01 10:32:00,2021-06-01 10:52:00,2021-06-01 10:57:00,1449.8199999999999,1455.3800000000001,1449.8199999999999,1455.3800000000001,False,False,5,5,-0.0038276241141120384,-0.38203080982287724,-0.35311491941302231,7.9221092691795665,41.401057874668624,79.677299015789018,0,-0.0038276241141120384,-0.38203080982287724,41.401057874668624,21.1303093121819,有顺向开盘浮盈但全部回吐并倒亏
172,292,1,2021-06-01 11:02:00,2021-06-01 13:57:00,2021-06-01 10:52:00,2021-06-01 10:57:00,2021-06-01 13:52:00,2021-06-01 13:57:00,1455.3800000000001,1458.9400000000001,1455.3800000000001,1458.9400000000001,False,False,17,17,0.0024431097276481251,0.2446096552103455,0.22523141104161537,7.6968778581379516,84.840202916007883,60.409105639526643,0,0.0024431097276481255,0.24460965521034556,84.840202916007883,22.375011272009736,顺向开盘浮盈超过后续回吐
173,293,-1,2021-06-01 14:02:00,2021-06-02 10:32:00,2021-06-01 13:52:00,2021-06-01 13:57:00,2021-06-02 10:27:00,2021-06-02 10:32:00,1458.9400000000001,1453.22,1458.9400000000001,1453.22,False,False,24,24,0.0039283606367280285,0.39360867590596044,0.36331309688244495,7.3335647612555066,126.78217758345146,87.498571216171172,-10.808519259126461,0.0039283606367280302,0.3936086759059606,126.78217758345146,22.61268962166108,顺向开盘浮盈超过后续回吐
174,294,1,2021-06-02 10:37:00,2021-06-02 11:07:00,2021-06-02 10:27:00,2021-06-02 10:32:00,2021-06-02 11:02:00,2021-06-02 11:07:00,1453.22,1442.0899999999999,1453.22,1442.0899999999999,False,False,7,7,-0.0076883337707622417,-0.76588541308268365,-0.70971871031725309,8.0432834715727601,4.815729641698149,81.699067349320572,0,-0.0076883337707622417,-0.76588541308268365,4.815729641698149,22.37564648677947,有顺向开盘浮盈但全部回吐并倒亏
175,295,-1,2021-06-02 11:12:00,2021-06-03 10:12:00,2021-06-02 11:02:00,2021-06-02 11:07:00,2021-06-03 10:07:00,2021-06-03 10:12:00,1442.0899999999999,1426.5899999999999,1442.0899999999999,1426.5899999999999,False,False,35,35,0.010806469066084824,1.0865069851885052,0.99911614843135599,7.0441673231414033,207.53505355111582,99.470362890267566,11.632878907335371,0.010806469066084824,1.0865069851885052,207.53505355111582,19.598428740098171,顺向开盘浮盈超过后续回吐
176,296,1,2021-06-03 10:17:00,2021-06-03 10:37:00,2021-06-03 10:07:00,2021-06-03 10:12:00,2021-06-03 10:32:00,2021-06-03 10:37:00,1426.5899999999999,1420.54,1426.5899999999999,1420.54,False,False,5,5,-0.0042499001493291654,-0.42408821034775196,-0.39421472721313799,7.4383820503545417,25.972313148337395,68.47131464162905,0,-0.0042499001493291654,-0.42408821034775196,25.972313148337395,22.546154234129254,有顺向开盘浮盈但全部回吐并倒亏
177,297,-1,2021-06-03 10:42:00,2021-06-03 11:12:00,2021-06-03 10:32:00,2021-06-03 10:37:00,2021-06-03 11:07:00,2021-06-03 11:12:00,1420.54,1430.4200000000001,1420.54,1430.4200000000001,False,False,7,7,-0.0069310264277183311,-0.6907062261434227,-0.63932885819729668,8.0777109085518379,0,69.310264277183308,0,-0.0069310264277183311,-0.6907062261434227,0,20.371115497631468,窗口内未获顺向开盘浮盈
178,298,1,2021-06-03 11:17:00,2021-06-03 13:47:00,2021-06-03 11:07:00,2021-06-03 11:12:00,2021-06-03 13:42:00,2021-06-03 13:47:00,1430.4200000000001,1429.6700000000001,1430.4200000000001,1429.6700000000001,False,False,12,12,-0.00052445903254148591,-0.052432152794263893,-0.048196835068403665,8.1259077436202425,48.26075704481552,53.505347370230375,0,-0.00052445903254148591,-0.052432152794263893,48.26075704481552,20.083280679162808,有顺向开盘浮盈但全部回吐并倒亏
179,299,-1,2021-06-03 13:52:00,2021-06-04 09:57:00,2021-06-03 13:42:00,2021-06-03 13:47:00,2021-06-04 09:52:00,2021-06-04 09:57:00,1429.6700000000001,1425.6700000000001,1429.6700000000001,1425.6700000000001,False,False,19,19,0.0028017697483575074,0.28056983733963659,0.25777099120098956,7.868136752419252,153.79930439948293,125.78160691590787,39.698063689557031,0.0028017697483575092,0.28056983733963675,153.79930439948293,17.945362021072651,顺向开盘浮盈超过后续回吐
180,300,1,2021-06-04 10:02:00,2021-06-04 11:07:00,2021-06-04 09:52:00,2021-06-04 09:57:00,2021-06-04 11:02:00,2021-06-04 11:07:00,1425.6700000000001,1435.26,1425.6700000000001,1435.26,False,False,14,14,0.006704138807241306,0.67266618502179243,0.61973988969699079,7.2483968627222612,119.85376326586695,52.812375193453882,0,0.0067041388072413095,0.67266618502179287,119.85376326586695,19.112853348963483,顺向开盘浮盈超过后续回吐
181,301,-1,2021-06-04 11:12:00,2021-06-04 13:22:00,2021-06-04 11:02:00,2021-06-04 11:07:00,2021-06-04 13:17:00,2021-06-04 13:22:00,1435.26,1441.1300000000001,1435.26,1441.1300000000001,False,False,8,8,-0.0040815106080140436,-0.40731925641685068,-0.37779514021346605,7.6261920029357277,67.04138807241165,107.85649415255209,0,-0.0040815106080140445,-0.40731925641685079,67.04138807241165,20.019353091527982,有顺向开盘浮盈但全部回吐并倒亏
182,302,1,2021-06-04 13:27:00,2021-06-04 14:02:00,2021-06-04 13:17:00,2021-06-04 13:22:00,2021-06-04 13:57:00,2021-06-04 14:02:00,1441.1300000000001,1433.76,1441.1300000000001,1433.76,False,False,8,8,-0.0051271639228558626,-0.51140424527974881,-0.47240357562354784,8.0985955785592765,15.115588572297026,66.387227800855655,0,-0.0051271639228558635,-0.51140424527974893,15.115588572297026,22.703829243783765,有顺向开盘浮盈但全部回吐并倒亏
183,303,-1,2021-06-04 14:07:00,2021-06-07 09:42:00,2021-06-04 13:57:00,2021-06-04 14:02:00,2021-06-07 09:37:00,2021-06-07 09:42:00,1433.76,1448.4400000000001,1433.76,1448.4400000000001,False,False,13,13,-0.010186751054718468,-1.0135041838115679,-0.93142457879289431,9.030020157352169,50.834826716647811,152.7023372638325,-124.66261637666938,-0.01018675105471847,-1.0135041838115681,50.834826716647811,23.047291074170566,有顺向开盘浮盈但全部回吐并倒亏
184,304,1,2021-06-07 09:47:00,2021-06-07 11:07:00,2021-06-07 09:37:00,2021-06-07 09:42:00,2021-06-07 11:02:00,2021-06-07 11:07:00,1448.4400000000001,1436.98,1448.4400000000001,1436.98,False,False,17,17,-0.0079434260929388475,-0.79119604540056165,-0.71975088301671208,9.7497710403688824,0,79.434260929388472,0,-0.0079434260929388458,-0.79119604540056154,0,27.833544224976826,窗口内未获顺向开盘浮盈
185,305,-1,2021-06-07 11:12:00,2021-06-07 14:22:00,2021-06-07 11:02:00,2021-06-07 11:07:00,2021-06-07 14:17:00,2021-06-07 14:22:00,1436.98,1432.6800000000001,1436.98,1432.6800000000001,False,False,20,20,0.0029968729523915058,0.3001368065443808,0.27087415509842172,9.4788968852704603,76.77379770756967,46.805068183654612,0,0.0029968729523915049,0.30013680654438069,76.77379770756967,27.357581584961554,顺向开盘浮盈超过后续回吐
186,306,1,2021-06-07 14:27:00,2021-06-08 10:27:00,2021-06-07 14:17:00,2021-06-07 14:22:00,2021-06-08 10:22:00,2021-06-08 10:27:00,1432.6800000000001,1436.1300000000001,1432.6800000000001,1436.1300000000001,False,False,18,18,0.0024051796132584535,0.24080743780890176,0.21798154908694301,9.2609153361835173,66.021075678241772,41.969279545657244,38.309686255513455,0.0024051796132584535,0.24080743780890176,66.021075678241772,25.030313153301979,顺向开盘浮盈超过后续回吐
187,307,-1,2021-06-08 10:32:00,2021-06-08 11:27:00,2021-06-08 10:22:00,2021-06-08 10:27:00,2021-06-08 11:22:00,2021-06-08 11:27:00,1436.1300000000001,1427.8199999999999,1436.1300000000001,1427.8199999999999,False,False,12,12,0.0058031902242156623,0.58200613522714306,0.52810703979235818,8.7328082963911591,98.314071873996625,40.282169631839999,0,0.0058031902242156623,0.58200613522714306,98.314071873996625,15.800469576126998,顺向开盘浮盈超过后续回吐
188,308,1,2021-06-08 13:07:00,2021-06-08 13:17:00,2021-06-08 11:22:00,2021-06-08 11:27:00,2021-06-08 13:12:00,2021-06-08 13:17:00,1427.8199999999999,1421.52,1427.8199999999999,1421.52,False,False,3,3,-0.0044220838975203526,-0.44123208807833048,-0.40270013568428631,9.1355084320754454,0,44.220838975203527,0,-0.0044220838975203526,-0.44123208807833048,0,15.522006381715913,窗口内未获顺向开盘浮盈
189,309,-1,2021-06-08 13:22:00,2021-06-08 14:17:00,2021-06-08 13:12:00,2021-06-08 13:17:00,2021-06-08 14:12:00,2021-06-08 14:17:00,1421.52,1420.1199999999999,1421.52,1420.1199999999999,False,False,12,12,0.00098534656977846834,0.098583218319582944,0.089577140097385488,9.0459312919780608,71.658577869926859,61.805112172142174,0,0.00098534656977846834,0.098583218319582944,71.658577869926859,15.500998945069584,顺向开盘浮盈超过后续回吐
190,310,1,2021-06-08 14:22:00,2021-06-09 10:42:00,2021-06-08 14:12:00,2021-06-08 14:17:00,2021-06-09 10:37:00,2021-06-09 10:42:00,1420.1199999999999,1425.7,1420.1199999999999,1425.7,False,False,22,22,0.0039215460928744908,0.3929245415880579,0.35738085752667903,8.6885504344513809,153.72878068568789,114.51331975694301,35.17909770306067,0.0039215460928744908,0.3929245415880579,153.72878068568789,16.738577985185099,顺向开盘浮盈超过后续回吐
191,311,-1,2021-06-09 10:47:00,2021-06-09 11:17:00,2021-06-09 10:37:00,2021-06-09 10:42:00,2021-06-09 11:12:00,2021-06-09 11:17:00,1425.7,1435.0599999999999,1425.7,1435.0599999999999,False,False,7,7,-0.0065437390064051349,-0.65223753710645349,-0.59556754974252613,9.284117984193907,0,65.437390064051343,0,-0.0065437390064051349,-0.65223753710645349,0,23.290173824565215,窗口内未获顺向开盘浮盈
192,312,1,2021-06-09 11:22:00,2021-06-09 13:27:00,2021-06-09 11:12:00,2021-06-09 11:17:00,2021-06-09 13:22:00,2021-06-09 13:27:00,1435.0599999999999,1430.0899999999999,1435.0599999999999,1430.0899999999999,False,False,7,7,-0.0034692808298843287,-0.34632698284392527,-0.31417357714560445,9.5982915613395114,2.2992910620571254,36.992099360900411,0,-0.0034692808298843287,-0.34632698284392527,2.2992910620571254,22.978446593127487,有顺向开盘浮盈但全部回吐并倒亏
193,313,-1,2021-06-09 13:32:00,2021-06-09 14:47:00,2021-06-09 13:22:00,2021-06-09 13:27:00,2021-06-09 14:42:00,2021-06-09 14:47:00,1430.0899999999999,1426.1099999999999,1430.0899999999999,1426.1099999999999,False,False,16,16,0.0027869214873133602,0.27908085631545276,0.25229386203441395,9.3459976993050979,81.585534123386722,53.716319250253122,0,0.0027869214873133584,0.2790808563154526,81.585534123386722,22.219232913467948,顺向开盘浮盈超过后续回吐
194,314,1,2021-06-09 14:52:00,2021-06-10 13:52:00,2021-06-09 14:42:00,2021-06-09 14:47:00,2021-06-10 13:47:00,2021-06-10 13:52:00,1426.1099999999999,1445.4100000000001,1426.1099999999999,1445.4100000000001,False,False,35,35,0.013442560475894148,1.3533317906753357,1.2268494326548529,8.1191482666502441,190.51502550986964,56.089420750928177,19.457165393179398,0.013442560475894151,1.3533317906753362,190.51502550986964,21.20923477684622,顺向开盘浮盈超过后续回吐
195,315,-1,2021-06-10 13:57:00,2021-06-10 14:37:00,2021-06-10 13:47:00,2021-06-10 13:52:00,2021-06-10 14:32:00,2021-06-10 14:37:00,1445.4100000000001,1449.9200000000001,1445.4100000000001,1449.9200000000001,False,False,9,9,-0.0031153641537562163,-0.31105164422864662,-0.28579690004786329,8.4049451666981074,11.560494858276144,42.714136395838302,0,-0.0031153641537562168,-0.31105164422864662,11.560494858276144,15.906603531830926,有顺向开盘浮盈但全部回吐并倒亏
196,316,1,2021-06-10 14:42:00,2021-06-11 09:52:00,2021-06-10 14:32:00,2021-06-10 14:37:00,2021-06-11 09:47:00,2021-06-11 09:52:00,1449.9200000000001,1444.9300000000001,1449.9200000000001,1444.9300000000001,False,False,8,8,-0.0034475050122109632,-0.34415691900245093,-0.31523071867289865,8.7201758853710061,30.781862332344179,65.256912454453811,26.506678330891116,-0.0034475050122109632,-0.34415691900245093,30.781862332344179,15.786852677352003,有顺向开盘浮盈但全部回吐并倒亏
197,317,-1,2021-06-11 09:57:00,2021-06-11 10:37:00,2021-06-11 09:47:00,2021-06-11 09:52:00,2021-06-11 10:32:00,2021-06-11 10:37:00,1444.9300000000001,1444.4200000000001,1444.9300000000001,1444.4200000000001,False,False,9,9,0.00035302057922846587,0.035308289832623754,0.03222934485710427,8.6879465405139022,75.582684113678184,72.052478321393522,0,0.00035302057922846587,0.035308289832623754,75.582684113678184,14.4929355526517,顺向开盘浮盈超过后续回吐
198,318,1,2021-06-11 10:42:00,2021-06-11 13:12:00,2021-06-11 10:32:00,2021-06-11 10:37:00,2021-06-11 13:07:00,2021-06-11 13:12:00,1444.4200000000001,1446.6300000000001,1444.4200000000001,1446.6300000000001,False,False,12,12,0.0015288565956807659,0.153002589274576,0.13970980611279771,8.5482367344011045,69.887175313304255,54.598609356496588,0,0.001528856595680765,0.15300258927457591,69.887175313304255,18.477506738677473,顺向开盘浮盈超过后续回吐
199,319,-1,2021-06-11 13:17:00,2021-06-11 13:57:00,2021-06-11 13:07:00,2021-06-11 13:12:00,2021-06-11 13:52:00,2021-06-11 13:57:00,1446.6300000000001,1449.49,1446.6300000000001,1449.49,False,False,9,9,-0.0019750569242312503,-0.19731077827372501,-0.18044418584439725,8.7286809202455018,26.926301237235457,46.676870479547965,0,-0.0019750569242312499,-0.19731077827372495,26.926301237235457,18.998228427204936,有顺向开盘浮盈但全部回吐并倒亏
200,320,1,2021-06-11 14:02:00,2021-06-11 14:57:00,2021-06-11 13:52:00,2021-06-11 13:57:00,2021-06-11 14:52:00,2021-06-11 14:57:00,1449.49,1444.01,1449.49,1444.01,False,False,12,12,-0.0037878047706978606,-0.37806400872028706,-0.34506400772480461,9.0737449279703064,0,37.878047706978606,0,-0.0037878047706978606,-0.37806400872028706,0,17.729661883142001,窗口内未获顺向开盘浮盈
201,321,-1,2021-06-15 09:37:00,2021-06-15 09:47:00,2021-06-11 14:52:00,2021-06-11 14:57:00,2021-06-15 09:42:00,2021-06-15 09:47:00,1444.01,1449.8,1444.01,1449.8,False,False,3,3,-0.0040016502302288419,-0.39936542971445177,-0.36312802929167054,9.4368729572619774,0,40.016502302288416,-30.476636252571264,-0.0040016502302288419,-0.39936542971445177,0,17.28997108910529,窗口内未获顺向开盘浮盈
202,322,1,2021-06-15 09:52:00,2021-06-15 10:07:00,2021-06-15 09:42:00,2021-06-15 09:47:00,2021-06-15 10:02:00,2021-06-15 10:07:00,1449.8,1442.8199999999999,1449.8,1442.8199999999999,False,False,4,4,-0.0048260839983429648,-0.48144571665056385,-0.43601229601206715,9.8728852532740436,5.3096675120083487,53.570507495438001,0,-0.0048260839983429648,-0.48144571665056385,5.3096675120083487,22.129982488288572,有顺向开盘浮盈但全部回吐并倒亏
203,323,-1,2021-06-15 10:12:00,2021-06-15 10:32:00,2021-06-15 10:02:00,2021-06-15 10:07:00,2021-06-15 10:27:00,2021-06-15 10:32:00,1442.8199999999999,1451.8499999999999,1442.8199999999999,1451.8499999999999,False,False,5,5,-0.0062390733947729864,-0.6219650790370943,-0.56055918046833408,10.433444433742379,46.544992920533907,108.93572686826377,0,-0.0062390733947729864,-0.6219650790370943,46.544992920533907,22.988504022479102,有顺向开盘浮盈但全部回吐并倒亏
204,324,1,2021-06-15 10:37:00,2021-06-15 11:27:00,2021-06-15 10:27:00,2021-06-15 10:32:00,2021-06-15 11:22:00,2021-06-15 11:27:00,1451.8499999999999,1457.3099999999999,1451.8499999999999,1457.3099999999999,False,False,11,11,0.0037536652579781586,0.37607190825498982,0.33683465467628793,10.096609779066091,97.467460202511631,59.930807622730036,0,0.0037536652579781586,0.37607190825498982,97.467460202511631,23.948758060368835,顺向开盘浮盈超过后续回吐
205,325,-1,2021-06-15 13:07:00,2021-06-16 14:22:00,2021-06-15 11:22:00,2021-06-15 11:27:00,2021-06-16 14:17:00,2021-06-16 14:22:00,1457.3099999999999,1412.1500000000001,1457.3099999999999,1412.1500000000001,False,False,62,62,0.031478904815630843,3.1979605565980722,2.87507495830992,7.2215348207561707,356.72794704850236,41.938898892193919,-26.635400786961476,0.031478904815630843,3.1979605565980722,356.72794704850236,23.596830999293328,顺向开盘浮盈超过后续回吐
206,326,1,2021-06-16 14:27:00,2021-06-16 14:52:00,2021-06-16 14:17:00,2021-06-16 14:22:00,2021-06-16 14:47:00,2021-06-16 14:52:00,1412.1500000000001,1406.78,1412.1500000000001,1406.78,False,False,6,6,-0.0038099608687123874,-0.38027121764684785,-0.35280979925116362,7.5743446200073343,0,38.099608687123876,0,-0.0038099608687123874,-0.38027121764684785,0,24.242486399604346,窗口内未获顺向开盘浮盈
207,327,-1,2021-06-16 14:57:00,2021-06-17 09:47:00,2021-06-16 14:47:00,2021-06-16 14:52:00,2021-06-17 09:42:00,2021-06-17 09:47:00,1406.78,1416.0699999999999,1406.78,1416.0699999999999,False,False,4,4,-0.0065820242232010051,-0.65604101492157896,-0.60635020760282377,8.1806948276101572,8.1068977068542623,73.927139938864315,-80.245486113059329,-0.0065820242232010051,-0.65604101492157896,8.1068977068542623,24.029738570527261,有顺向开盘浮盈但全部回吐并倒亏
208,328,1,2021-06-17 09:52:00,2021-06-17 10:57:00,2021-06-17 09:42:00,2021-06-17 09:47:00,2021-06-17 10:52:00,2021-06-17 10:57:00,1416.0699999999999,1424.8199999999999,1416.0699999999999,1424.8199999999999,False,False,14,14,0.006160060874723065,0.61790730684217421,0.56735819575191027,7.6133366318582478,115.1479790117949,53.547370264564258,0,0.006160060874723065,0.61790730684217421,115.1479790117949,27.432923862677558,顺向开盘浮盈超过后续回吐
209,329,-1,2021-06-17 11:02:00,2021-06-17 11:27:00,2021-06-17 10:52:00,2021-06-17 10:57:00,2021-06-17 11:22:00,2021-06-17 11:27:00,1424.8199999999999,1433.9100000000001,1424.8199999999999,1433.9100000000001,False,False,6,6,-0.0063594887489379776,-0.6339309998535676,-0.58566769882101299,8.1990043306792604,0,63.594887489379772,0,-0.0063594887489379776,-0.6339309998535676,0,22.123935223997655,窗口内未获顺向开盘浮盈
210,330,1,2021-06-17 13:07:00,2021-06-18 10:52:00,2021-06-17 11:22:00,2021-06-17 11:27:00,2021-06-18 10:47:00,2021-06-18 10:52:00,1433.9100000000001,1484.99,1433.9100000000001,1484.99,False,False,39,39,0.035003059523688651,3.5622877307501826,3.270215605434712,4.9287887252445479,433.05257185323296,83.021976616346478,62.220799811500399,0.035003059523688665,3.5622877307501839,433.05257185323296,20.420269177552946,顺向开盘浮盈超过后续回吐
211,331,-1,2021-06-18 10:57:00,2021-06-18 14:02:00,2021-06-18 10:47:00,2021-06-18 10:52:00,2021-06-18 13:57:00,2021-06-18 14:02:00,1484.99,1491.29,1484.99,1491.29,False,False,19,19,-0.0042334789799530906,-0.42245304400884204,-0.40163122600627155,5.3304199512508195,46.032020158729431,88.366809958260333,0,-0.0042334789799530915,-0.42245304400884209,46.032020158729431,24.741687736400422,有顺向开盘浮盈但全部回吐并倒亏
212,332,1,2021-06-18 14:07:00,2021-06-21 11:17:00,2021-06-18 13:57:00,2021-06-18 14:02:00,2021-06-21 11:12:00,2021-06-21 11:17:00,1491.29,1512.6300000000001,1491.29,1512.6300000000001,False,False,32,32,0.014208340437348746,1.4309758665316727,1.3546988434444796,3.9757211078063404,218.41286596163724,76.329461588149783,-58.790142819610111,0.014208340437348751,1.4309758665316732,218.41286596163724,26.517530757182115,顺向开盘浮盈超过后续回吐
213,333,-1,2021-06-21 11:22:00,2021-06-21 13:22:00,2021-06-21 11:12:00,2021-06-21 11:17:00,2021-06-21 13:17:00,2021-06-21 13:22:00,1512.6300000000001,1519.74,1512.6300000000001,1519.74,False,False,6,6,-0.0046894099528786131,-0.46784318370246591,-0.44924304349657218,4.4249641513029125,7.9363508858000014,54.830450414586132,0,-0.0046894099528786131,-0.46784318370246591,7.9363508858000014,24.591972032711897,有顺向开盘浮盈但全部回吐并倒亏
214,334,1,2021-06-21 13:27:00,2021-06-22 09:47:00,2021-06-21 13:17:00,2021-06-21 13:22:00,2021-06-22 09:42:00,2021-06-22 09:47:00,1519.74,1514.5,1519.74,1514.5,False,False,22,22,-0.0034539161102807,-0.34479582033763378,-0.3295387288925089,4.754502880195421,84.58995725148057,119.12911835428756,34.836978078038058,-0.0034539161102807,-0.34479582033763378,84.58995725148057,24.567865149965161,有顺向开盘浮盈但全部回吐并倒亏
215,335,-1,2021-06-22 09:52:00,2021-06-22 10:17:00,2021-06-22 09:42:00,2021-06-22 09:47:00,2021-06-22 10:12:00,2021-06-22 10:17:00,1514.5,1521.02,1514.5,1521.02,False,False,6,6,-0.00429581094946869,-0.42865971519111207,-0.4082790766861133,5.1627819568815347,42.414019826596217,85.372129321283111,0,-0.00429581094946869,-0.42865971519111207,42.414019826596217,24.678990305869458,有顺向开盘浮盈但全部回吐并倒亏
216,336,1,2021-06-22 10:22:00,2021-06-22 13:22:00,2021-06-22 10:12:00,2021-06-22 10:17:00,2021-06-22 13:17:00,2021-06-22 13:22:00,1521.02,1527,1521.02,1527,False,False,18,18,0.0039238638018714656,0.39315722344214488,0.37285937324810225,4.789922583633432,78.519605909857049,39.280967891142389,0,0.0039238638018714639,0.3931572234421446,78.519605909857049,21.9813712070283,顺向开盘浮盈超过后续回吐
217,337,-1,2021-06-22 13:27:00,2021-06-23 09:37:00,2021-06-22 13:17:00,2021-06-22 13:22:00,2021-06-22 14:57:00,2021-06-23 09:37:00,1527,1529.28,1527,1529.28,False,False,20,20,-0.0014920101711614828,-0.14908976773388763,-0.14194848327931942,4.9318710669127519,45.617971824879845,60.538073536494672,-28.222986729278642,-0.0014920101711614823,-0.1490897677338876,45.617971824879845,17.940106243228392,有顺向开盘浮盈但全部回吐并倒亏
218,338,1,2021-06-23 09:42:00,2021-06-23 09:57:00,2021-06-22 14:57:00,2021-06-23 09:37:00,2021-06-23 09:52:00,2021-06-23 09:57:00,1529.28,1518.5999999999999,1529.28,1518.5999999999999,False,False,4,4,-0.0070081786106602172,-0.69836785938482759,-0.66392525698720783,5.5957963238999593,0,70.081786106602166,0,-0.0070081786106602172,-0.69836785938482759,0,17.895664530702327,窗口内未获顺向开盘浮盈
219,339,-1,2021-06-23 10:02:00,2021-06-23 10:12:00,2021-06-23 09:52:00,2021-06-23 09:57:00,2021-06-23 10:07:00,2021-06-23 10:12:00,1518.5999999999999,1530.76,1518.5999999999999,1530.76,False,False,3,3,-0.0079754863029784708,-0.79437664950743558,-0.74992495015637761,6.3457212740563378,0,79.754863029784701,0,-0.0079754863029784708,-0.79437664950743558,0,16.554458795359647,窗口内未获顺向开盘浮盈
220,340,1,2021-06-23 10:17:00,2021-06-23 13:32:00,2021-06-23 10:07:00,2021-06-23 10:12:00,2021-06-23 13:27:00,2021-06-23 13:32:00,1530.76,1540.0799999999999,1530.76,1540.0799999999999,False,False,21,21,0.0060700190282579961,0.60884789255013116,0.57021210230593367,5.7755091717504037,126.13159963948708,65.431409356907125,0,0.0060700190282579961,0.60884789255013116,126.13159963948708,16.25288230204416,顺向开盘浮盈超过后续回吐
221,341,-1,2021-06-23 13:37:00,2021-06-23 14:07:00,2021-06-23 13:27:00,2021-06-23 13:32:00,2021-06-23 14:02:00,2021-06-23 14:07:00,1540.0799999999999,1545.78,1540.0799999999999,1545.78,False,False,7,7,-0.0036942741943170338,-0.36874587586847357,-0.34744892398723692,6.1229580957376406,28.741070718682284,65.683812661852627,0,-0.0036942741943170338,-0.36874587586847357,28.741070718682284,18.078332060174137,有顺向开盘浮盈但全部回吐并倒亏
222,342,1,2021-06-23 14:12:00,2021-06-23 14:42:00,2021-06-23 14:02:00,2021-06-23 14:07:00,2021-06-23 14:37:00,2021-06-23 14:42:00,1545.78,1534.6199999999999,1545.78,1534.6199999999999,False,False,7,7,-0.0072458439339397078,-0.72196560959516554,-0.67775995785401832,6.8007180535916589,0.51752467957295922,72.975964018970032,0,-0.0072458439339397078,-0.72196560959516554,0.51752467957295922,18.402367764664184,有顺向开盘浮盈但全部回吐并倒亏
223,343,-1,2021-06-23 14:47:00,2021-06-24 10:42:00,2021-06-23 14:37:00,2021-06-23 14:42:00,2021-06-24 10:37:00,2021-06-24 10:42:00,1534.6199999999999,1511.99,1534.6199999999999,1511.99,False,False,17,17,0.014856129409753543,1.4967030205226137,1.394916467997287,5.4058015855943715,202.80905628475588,54.247762187220467,-13.418099509379731,0.014856129409753543,1.4967030205226137,202.80905628475588,19.760711934306219,顺向开盘浮盈超过后续回吐
224,344,1,2021-06-24 10:47:00,2021-06-24 10:57:00,2021-06-24 10:37:00,2021-06-24 10:42:00,2021-06-24 10:52:00,2021-06-24 10:57:00,1511.99,1502.3800000000001,1511.99,1502.3800000000001,False,False,3,3,-0.006376146629679713,-0.63558621419452732,-0.6012276845497877,6.0070292701441597,0,63.761466296797131,0,-0.006376146629679713,-0.63558621419452732,0,22.413797047755416,窗口内未获顺向开盘浮盈
225,345,-1,2021-06-24 11:02:00,2021-06-24 14:07:00,2021-06-24 10:52:00,2021-06-24 10:57:00,2021-06-24 14:02:00,2021-06-24 14:07:00,1502.3800000000001,1504.3699999999999,1502.3800000000001,1504.3699999999999,False,False,19,19,-0.0013236885611144246,-0.13228128718335902,-0.12433511154332777,6.1313643816874874,29.329834781225973,42.566720392370222,0,-0.0013236885611144251,-0.13228128718335905,29.329834781225973,22.343859265959608,有顺向开盘浮盈但全部回吐并倒亏
226,346,1,2021-06-24 14:12:00,2021-06-25 10:17:00,2021-06-24 14:02:00,2021-06-24 14:07:00,2021-06-25 10:12:00,2021-06-25 10:17:00,1504.3699999999999,1508.6700000000001,1504.3699999999999,1508.6700000000001,False,False,19,19,0.0028542620869780265,0.28583393712984251,0.26830841691788399,5.8630559647696039,73.778100660091539,45.23547979031126,38.41832878182025,0.0028542620869780265,0.28583393712984251,73.778100660091539,20.357903169132371,顺向开盘浮盈超过后续回吐
227,347,-1,2021-06-25 10:22:00,2021-06-25 10:42:00,2021-06-25 10:12:00,2021-06-25 10:17:00,2021-06-25 10:37:00,2021-06-25 10:42:00,1508.6700000000001,1514.8499999999999,1508.6700000000001,1514.8499999999999,False,False,5,5,-0.0040879561612698831,-0.40796118427568301,-0.38404219172706311,6.2470981564966666,36.45603918103135,77.33560079373018,0,-0.0040879561612698831,-0.40796118427568301,36.45603918103135,19.024887179747857,有顺向开盘浮盈但全部回吐并倒亏
228,348,1,2021-06-25 10:47:00,2021-06-25 11:12:00,2021-06-25 10:37:00,2021-06-25 10:42:00,2021-06-25 11:07:00,2021-06-25 11:12:00,1514.8499999999999,1507.3299999999999,1514.8499999999999,1507.3299999999999,False,False,6,6,-0.0049765503841954365,-0.49641878733867728,-0.4654070184263337,6.7125051749230007,0,49.765503841954363,0,-0.0049765503841954365,-0.49641878733867728,0,18.111989502572857,窗口内未获顺向开盘浮盈
229,349,-1,2021-06-25 11:17:00,2021-06-25 11:27:00,2021-06-25 11:07:00,2021-06-25 11:12:00,2021-06-25 11:22:00,2021-06-25 11:27:00,1507.3299999999999,1519.05,1507.3299999999999,1519.05,False,False,3,3,-0.0077452656899235544,-0.77153484085448198,-0.71974552473579312,7.4322506996587929,0,77.452656899235549,0,-0.0077452656899235544,-0.77153484085448198,0,17.979955117502705,窗口内未获顺向开盘浮盈
230,350,1,2021-06-25 13:07:00,2021-06-28 11:27:00,2021-06-25 11:22:00,2021-06-25 11:27:00,2021-06-28 11:22:00,2021-06-28 11:27:00,1519.05,1566.6700000000001,1519.05,1566.6700000000001,False,False,46,46,0.030867208240948033,3.1348540206050308,2.9018638107253358,4.5303868889334575,386.49596084721952,77.823878437739211,16.990587658581909,0.030867208240948039,3.1348540206050317,386.49596084721952,18.341502077057417,顺向开盘浮盈超过后续回吐
231,351,-1,2021-06-28 13:07:00,2021-06-28 14:32:00,2021-06-28 11:22:00,2021-06-28 11:27:00,2021-06-28 14:27:00,2021-06-28 14:32:00,1566.6700000000001,1563.29,1566.6700000000001,1563.29,False,False,18,18,0.00215977284940886,0.21621068387825434,0.20641550340335657,4.3239713855301005,63.391857393325644,41.794128899237045,0,0.0021597728494088609,0.21621068387825443,63.391857393325644,21.666478908482517,顺向开盘浮盈超过后续回吐
232,352,1,2021-06-28 14:37:00,2021-06-29 10:17:00,2021-06-28 14:27:00,2021-06-28 14:32:00,2021-06-29 10:12:00,2021-06-29 10:17:00,1563.29,1554.1700000000001,1563.29,1554.1700000000001,False,False,14,14,-0.0058509337841633896,-0.58338504052350959,-0.55815963830381232,4.8821310238339137,60.839696355100429,119.34903419673432,-6.0174636286850065,-0.0058509337841633896,-0.58338504052350959,60.839696355100429,22.786566824639568,有顺向开盘浮盈但全部回吐并倒亏
233,353,-1,2021-06-29 10:22:00,2021-06-29 10:52:00,2021-06-29 10:12:00,2021-06-29 10:17:00,2021-06-29 10:47:00,2021-06-29 10:52:00,1554.1700000000001,1560.49,1554.1700000000001,1560.49,False,False,7,7,-0.0040582334340229301,-0.40500099327773831,-0.38522831413808634,5.2673593379719996,39.584862469323674,80.167196809552976,0,-0.0040582334340229301,-0.40500099327773831,39.584862469323674,20.979004223764612,有顺向开盘浮盈但全部回吐并倒亏
234,354,1,2021-06-29 10:57:00,2021-06-29 13:07:00,2021-06-29 10:47:00,2021-06-29 10:52:00,2021-06-29 11:27:00,2021-06-29 13:07:00,1560.49,1552.5699999999999,1560.49,1552.5699999999999,False,False,8,8,-0.0050882521297995684,-0.50753289031008653,-0.48079930921905989,5.74815864719106,0,50.88252129799568,0,-0.0050882521297995684,-0.50753289031008653,0,21.317164921329478,窗口内未获顺向开盘浮盈
235,355,-1,2021-06-29 13:12:00,2021-06-29 13:32:00,2021-06-29 11:27:00,2021-06-29 13:07:00,2021-06-29 13:27:00,2021-06-29 13:32:00,1552.5699999999999,1562.1900000000001,1552.5699999999999,1562.1900000000001,False,False,5,5,-0.0061770605686704136,-0.61580217515155666,-0.58040488917099342,6.3285635363620525,0,61.770605686704137,0,-0.0061770605686704136,-0.61580217515155666,0,21.146372934302637,窗口内未获顺向开盘浮盈
236,356,1,2021-06-29 13:37:00,2021-06-29 14:22:00,2021-06-29 13:27:00,2021-06-29 13:32:00,2021-06-29 14:17:00,2021-06-29 14:22:00,1562.1900000000001,1558.3099999999999,1562.1900000000001,1558.3099999999999,False,False,10,10,-0.0024867822461277383,-0.24836927646444346,-0.23265106899859056,6.561214605360643,20.143698478622582,45.01152093989996,0,-0.0024867822461277387,-0.24836927646444351,20.143698478622582,21.453826356325187,有顺向开盘浮盈但全部回吐并倒亏
237,357,-1,2021-06-29 14:27:00,2021-06-30 09:47:00,2021-06-29 14:17:00,2021-06-29 14:22:00,2021-06-30 09:42:00,2021-06-30 09:47:00,1558.3099999999999,1571.5799999999999,1558.3099999999999,1571.5799999999999,False,False,10,10,-0.0084795820383357229,-0.84437317858460281,-0.78897204226755502,7.350186647628199,0,84.795820383357224,-14.785280141411722,-0.0084795820383357229,-0.84437317858460281,0,21.033976817467249,窗口内未获顺向开盘浮盈
238,358,1,2021-06-30 09:52:00,2021-06-30 10:52:00,2021-06-30 09:42:00,2021-06-30 09:47:00,2021-06-30 10:47:00,2021-06-30 10:52:00,1571.5799999999999,1593.0699999999999,1571.5799999999999,1593.0699999999999,False,False,13,13,0.013581489473067237,1.3674136855902852,1.2669062274541898,6.0832804201740087,189.59108677834422,53.776192047671863,0,0.01358148947306724,1.3674136855902856,189.59108677834422,21.970783718872557,顺向开盘浮盈超过后续回吐
239,359,-1,2021-06-30 10:57:00,2021-06-30 13:17:00,2021-06-30 10:47:00,2021-06-30 10:52:00,2021-06-30 13:12:00,2021-06-30 13:17:00,1593.0699999999999,1596.29,1593.0699999999999,1596.29,False,False,10,10,-0.0020192145722375794,-0.20171773299336929,-0.18944667763817202,6.2727270978121812,31.687178756556783,51.879324478932581,0,-0.0020192145722375794,-0.20171773299336929,31.687178756556783,20.931366185948029,有顺向开盘浮盈但全部回吐并倒亏
240,360,1,2021-06-30 13:22:00,2021-06-30 14:07:00,2021-06-30 13:12:00,2021-06-30 13:17:00,2021-06-30 14:02:00,2021-06-30 14:07:00,1596.29,1587.5799999999999,1596.29,1587.5799999999999,False,False,10,10,-0.0054713425662719483,-0.54564020322123663,-0.51141368233721396,6.7841407801493947,9.830472122065725,64.543897784785202,0,-0.0054713425662719483,-0.54564020322123663,9.830472122065725,20.92159141353109,有顺向开盘浮盈但全部回吐并倒亏
241,361,-1,2021-06-30 14:12:00,2021-07-01 09:42:00,2021-06-30 14:02:00,2021-06-30 14:07:00,2021-07-01 09:37:00,2021-07-01 09:42:00,1587.5799999999999,1591.6400000000001,1587.5799999999999,1591.6400000000001,False,False,12,12,-0.0025540869817564336,-0.25508280767006647,-0.23777763089177784,7.0219184110411721,32.302459603335983,57.843329420900325,-1.3855649348269972,-0.0025540869817564345,-0.25508280767006658,32.302459603335983,21.046471830889029,有顺向开盘浮盈但全部回吐并倒亏
242,362,1,2021-07-01 09:47:00,2021-07-01 09:52:00,2021-07-01 09:37:00,2021-07-01 09:42:00,2021-07-01 09:47:00,2021-07-01 09:52:00,1591.6400000000001,1577.8699999999999,1591.6400000000001,1577.8699999999999,False,False,2,2,-0.0086890949304886389,-0.86514538463472579,-0.80439558158879043,7.826313992629963,0,86.890949304886391,0,-0.0086890949304886389,-0.86514538463472579,0,21.61357530049435,窗口内未获顺向开盘浮盈
243,363,-1,2021-07-01 09:57:00,2021-07-01 10:07:00,2021-07-01 09:47:00,2021-07-01 09:52:00,2021-07-01 10:02:00,2021-07-01 10:07:00,1577.8699999999999,1593.5899999999999,1577.8699999999999,1593.5899999999999,False,False,3,3,-0.0099134964610613167,-0.98645197321769151,-0.90924914440717597,8.7355631370371398,17.951674865458493,117.08663947607165,0,-0.0099134964610613167,-0.98645197321769151,17.951674865458493,24.332243989479171,有顺向开盘浮盈但全部回吐并倒亏
244,364,1,2021-07-01 10:12:00,2021-07-01 10:52:00,2021-07-01 10:02:00,2021-07-01 10:07:00,2021-07-01 10:47:00,2021-07-01 10:52:00,1593.5899999999999,1581.3499999999999,1593.5899999999999,1581.3499999999999,False,False,9,9,-0.0077104201273285027,-0.76807710891761061,-0.70098124812698615,9.436544385164126,0,77.104201273285028,0,-0.0077104201273285027,-0.76807710891761061,0,25.558671468432632,窗口内未获顺向开盘浮盈
245,365,-1,2021-07-01 10:57:00,2021-07-01 13:17:00,2021-07-01 10:47:00,2021-07-01 10:52:00,2021-07-01 13:12:00,2021-07-01 13:17:00,1581.3499999999999,1584.8599999999999,1581.3499999999999,1584.8599999999999,False,False,10,10,-0.0022171627516016073,-0.22147066617870101,-0.20057148846462924,9.6371158736287548,67.447996387040092,89.619623903056166,0,-0.0022171627516016064,-0.22147066617870093,67.447996387040092,23.876128118459309,有顺向开盘浮盈但全部回吐并倒亏
246,366,1,2021-07-01 13:22:00,2021-07-01 14:47:00,2021-07-01 13:12:00,2021-07-01 13:17:00,2021-07-01 14:42:00,2021-07-01 14:47:00,1584.8599999999999,1574.03,1584.8599999999999,1574.03,False,False,18,18,-0.0068568658183452667,-0.68334111530356645,-0.61748674020961625,10.254602613838371,49.346139232184278,117.91479741563694,0,-0.0068568658183452667,-0.68334111530356645,49.346139232184278,25.099609545753328,有顺向开盘浮盈但全部回吐并倒亏
247,367,-1,2021-07-01 14:52:00,2021-07-02 10:47:00,2021-07-01 14:42:00,2021-07-01 14:47:00,2021-07-02 10:42:00,2021-07-02 10:47:00,1574.03,1552.9100000000001,1574.03,1552.9100000000001,False,False,17,17,0.013508619397076708,1.3600273035784307,1.2205619081567587,9.0340407056816119,293.00009660574005,157.91390263497297,143.83411881122737,0.013508619397076704,1.3600273035784305,293.00009660574005,26.237380667345438,顺向开盘浮盈超过后续回吐
248,368,1,2021-07-02 10:52:00,2021-07-02 13:32:00,2021-07-02 10:42:00,2021-07-02 10:47:00,2021-07-02 13:27:00,2021-07-02 13:32:00,1552.9100000000001,1542.77,1552.9100000000001,1542.77,False,False,14,14,-0.0065510881387176225,-0.65296765427487569,-0.59397829059274487,9.6280189962743563,13.964011162282922,79.474892549459156,0,-0.0065510881387176225,-0.65296765427487569,13.964011162282922,37.34609323991122,有顺向开盘浮盈但全部回吐并倒亏
249,369,-1,2021-07-02 13:37:00,2021-07-05 09:47:00,2021-07-02 13:27:00,2021-07-02 13:32:00,2021-07-05 09:42:00,2021-07-05 09:47:00,1542.77,1578.9400000000001,1542.77,1578.9400000000001,False,False,20,20,-0.023174233819919197,-2.2907773569610144,-2.0702208778704545,11.698239874144811,47.625170827545702,279.36750902673771,-91.327786996174908,-0.023174233819919197,-2.2907773569610144,47.625170827545702,36.55411903831034,有顺向开盘浮盈但全部回吐并倒亏
250,370,1,2021-07-05 09:52:00,2021-07-05 10:22:00,2021-07-05 09:42:00,2021-07-05 09:47:00,2021-07-05 10:17:00,2021-07-05 10:22:00,1578.9400000000001,1569.4300000000001,1578.9400000000001,1569.4300000000001,False,False,7,7,-0.0060412397040498118,-0.60230281074644043,-0.53184398317660531,12.230083857321416,0,60.412397040498121,0,-0.0060412397040498118,-0.60230281074644043,0,44.210451207050909,窗口内未获顺向开盘浮盈
251,371,-1,2021-07-05 10:27:00,2021-07-05 14:02:00,2021-07-05 10:17:00,2021-07-05 10:22:00,2021-07-05 13:57:00,2021-07-05 14:02:00,1569.4300000000001,1569.0599999999999,1569.4300000000001,1569.0599999999999,False,False,25,25,0.00023578217659762219,0.02358099753998005,0.020697021766447055,12.20938683555497,79.965625259517338,77.607803493541113,0,0.00023578217659762089,0.023580997539979921,79.965625259517338,34.317675565759707,顺向开盘浮盈超过后续回吐
252,372,1,2021-07-05 14:07:00,2021-07-06 09:57:00,2021-07-05 13:57:00,2021-07-05 14:02:00,2021-07-06 09:52:00,2021-07-06 09:57:00,1569.0599999999999,1567.05,1569.0599999999999,1567.05,False,False,16,16,-0.0012818429680225443,-0.12810217582500127,-0.11246168563376902,12.321848521188738,44.830720167957892,57.649149848183328,-15.562425924261136,-0.0012818429680225441,-0.12810217582500125,44.830720167957892,33.346554989319863,有顺向开盘浮盈但全部回吐并倒亏
253,373,-1,2021-07-06 10:02:00,2021-07-06 10:12:00,2021-07-06 09:52:00,2021-07-06 09:57:00,2021-07-06 10:07:00,2021-07-06 10:12:00,1567.05,1578.5699999999999,1567.05,1578.5699999999999,False,False,3,3,-0.0073245029611738524,-0.72977441608544535,-0.6398527179889979,12.961701239177737,0,73.245029611738531,0,-0.0073245029611738524,-0.72977441608544535,0,22.121667655605528,窗口内未获顺向开盘浮盈
254,374,1,2021-07-06 10:17:00,2021-07-06 10:42:00,2021-07-06 10:07:00,2021-07-06 10:12:00,2021-07-06 10:37:00,2021-07-06 10:42:00,1578.5699999999999,1567.9000000000001,1578.5699999999999,1567.9000000000001,False,False,6,6,-0.0067822295463957297,-0.6759282135096929,-0.58831641788326117,13.550017657060998,26.255119801962074,94.07741526591937,0,-0.0067822295463957297,-0.6759282135096929,26.255119801962074,23.159211134170331,有顺向开盘浮盈但全部回吐并倒亏
255,375,-1,2021-07-06 10:47:00,2021-07-06 13:22:00,2021-07-06 10:37:00,2021-07-06 10:42:00,2021-07-06 13:17:00,2021-07-06 13:22:00,1567.9000000000001,1537.9100000000001,1567.9000000000001,1537.9100000000001,False,False,13,13,0.019312792568301131,1.9500490925997118,1.6858170962310903,11.864200560829907,292.91473986876173,99.78681418575043,0,0.019312792568301131,1.9500490925997118,292.91473986876173,21.231251301567006,顺向开盘浮盈超过后续回吐
256,376,1,2021-07-06 13:27:00,2021-07-06 13:47:00,2021-07-06 13:17:00,2021-07-06 13:22:00,2021-07-06 13:42:00,2021-07-06 13:47:00,1537.9100000000001,1522.76,1537.9100000000001,1522.76,False,False,5,5,-0.0098998740369097265,-0.98510315948268123,-0.86822854491057644,12.732429105740483,0,98.998740369097263,0,-0.0098998740369097265,-0.98510315948268123,0,26.648769144523932,窗口内未获顺向开盘浮盈
257,377,-1,2021-07-06 13:52:00,2021-07-06 14:42:00,2021-07-06 13:42:00,2021-07-06 13:47:00,2021-07-06 14:37:00,2021-07-06 14:42:00,1522.76,1525.8800000000001,1522.76,1525.8800000000001,False,False,11,11,-0.0020468150317896746,-0.20447217343436255,-0.17843789891086592,12.910867004651349,72.764023557944839,93.232173875841596,0,-0.0020468150317896738,-0.20447217343436247,72.764023557944839,27.019545512799006,有顺向开盘浮盈但全部回吐并倒亏
258,378,1,2021-07-06 14:47:00,2021-07-07 14:57:00,2021-07-06 14:37:00,2021-07-06 14:42:00,2021-07-07 14:52:00,2021-07-07 14:57:00,1525.8800000000001,1567.73,1525.8800000000001,1567.73,False,False,49,49,0.027057420412750229,2.7426796340471928,2.3885759141316965,10.522291090519653,304.64188204733898,34.067677919836676,-46.734707573865769,0.027057420412750229,2.7426796340471928,304.64188204733898,27.130263765621322,顺向开盘浮盈超过后续回吐
259,379,-1,2021-07-08 09:37:00,2021-07-08 09:42:00,2021-07-07 14:52:00,2021-07-07 14:57:00,2021-07-08 09:37:00,2021-07-08 09:42:00,1567.73,1590.21,1567.73,1590.21,False,False,2,2,-0.01423736975904388,-1.4136497695273016,-1.2649014257771762,11.78719251629683,0,142.37369759043881,-114.44138678480664,-0.01423736975904388,-1.4136497695273016,0,23.305236471575,窗口内未获顺向开盘浮盈
260,380,1,2021-07-08 09:47:00,2021-07-08 10:47:00,2021-07-08 09:37:00,2021-07-08 09:42:00,2021-07-08 10:42:00,2021-07-08 10:47:00,1590.21,1598.76,1590.21,1598.76,False,False,13,13,0.0053622457953429528,0.53766483671969412,0.47428924732311195,11.312903268973717,118.52435133198327,64.901893378553737,0,0.0053622457953429493,0.53766483671969378,118.52435133198327,30.686232831997419,顺向开盘浮盈超过后续回吐
261,381,-1,2021-07-08 10:52:00,2021-07-08 11:12:00,2021-07-08 10:42:00,2021-07-08 10:47:00,2021-07-08 11:07:00,2021-07-08 11:12:00,1598.76,1610.54,1598.76,1610.54,False,False,5,5,-0.0073411977098399514,-0.7314316937176405,-0.64868553372875448,11.961588802702472,0,73.411977098399518,0,-0.0073411977098399514,-0.7314316937176405,0,30.569813723880017,窗口内未获顺向开盘浮盈
262,382,1,2021-07-08 11:17:00,2021-07-08 13:42:00,2021-07-08 11:07:00,2021-07-08 11:12:00,2021-07-08 13:37:00,2021-07-08 13:42:00,1610.54,1595.5799999999999,1610.54,1595.5799999999999,False,False,11,11,-0.0093322199870581688,-0.92888099643596589,-0.81777207117584849,12.779360873878321,10.984068001665442,104.30626787224713,0,-0.0093322199870581705,-0.928880996435966,10.984068001665442,31.397107028841219,有顺向开盘浮盈但全部回吐并倒亏
263,383,-1,2021-07-08 13:47:00,2021-07-08 14:22:00,2021-07-08 13:37:00,2021-07-08 13:42:00,2021-07-08 14:17:00,2021-07-08 14:22:00,1595.5799999999999,1604.6800000000001,1595.5799999999999,1604.6800000000001,False,False,8,8,-0.0056870532559477526,-0.56709125807016914,-0.49462061971716764,13.273981493595489,5.7048822172572065,62.575414776734732,0,-0.0056870532559477518,-0.56709125807016902,5.7048822172572065,31.813360994199826,有顺向开盘浮盈但全部回吐并倒亏
264,384,1,2021-07-08 14:27:00,2021-07-09 09:47:00,2021-07-08 14:17:00,2021-07-08 14:22:00,2021-07-09 09:42:00,2021-07-09 09:47:00,1604.6800000000001,1580.96,1604.6800000000001,1580.96,False,False,10,10,-0.014892102292197344,-1.4781763342223988,-1.281963481175008,14.555944974770496,51.032411526669186,199.95343444864261,-69.306652736312316,-0.014892102292197344,-1.4781763342223988,51.032411526669186,32.039088382373158,有顺向开盘浮盈但全部回吐并倒亏
265,385,-1,2021-07-09 09:52:00,2021-07-09 10:37:00,2021-07-09 09:42:00,2021-07-09 09:47:00,2021-07-09 10:32:00,2021-07-09 10:37:00,1580.96,1571.9200000000001,1580.96,1571.9200000000001,False,False,10,10,0.0057344553377124304,0.57509288004479786,0.49138267687165449,14.064562297898842,137.76015638592131,80.415603008797007,0,0.0057344553377124304,0.57509288004479786,137.76015638592131,38.431921820847705,顺向开盘浮盈超过后续回吐
266,386,1,2021-07-09 10:42:00,2021-07-09 13:07:00,2021-07-09 10:32:00,2021-07-09 10:37:00,2021-07-09 11:27:00,2021-07-09 13:07:00,1571.9200000000001,1569.3099999999999,1571.9200000000001,1569.3099999999999,False,False,11,11,-0.0016617698166783359,-0.16603898417226104,-0.14268632780455315,14.207248625703395,75.355345759649097,91.973043926432453,0,-0.0016617698166783367,-0.16603898417226112,75.355345759649097,31.401630625071888,有顺向开盘浮盈但全部回吐并倒亏
267,387,-1,2021-07-09 13:12:00,2021-07-09 13:27:00,2021-07-09 11:27:00,2021-07-09 13:07:00,2021-07-09 13:22:00,2021-07-09 13:27:00,1569.3099999999999,1583.49,1569.3099999999999,1583.49,False,False,4,4,-0.0089952395417682365,-0.89549034095577218,-0.76826580179703008,14.975514427500425,0,89.952395417682368,0,-0.0089952395417682365,-0.89549034095577218,0,30.974200305505985,窗口内未获顺向开盘浮盈
268,388,1,2021-07-09 13:32:00,2021-07-09 14:57:00,2021-07-09 13:22:00,2021-07-09 13:27:00,2021-07-09 14:52:00,2021-07-09 14:57:00,1583.49,1583.23,1583.49,1583.23,False,False,18,18,-0.00016420776108041208,-0.016419427972393711,-0.013960534167467564,14.989474961667892,58.810364949881418,60.452442560685533,0,-0.00016420776108041165,-0.016419427972393669,58.810364949881418,31.379001126903169,有顺向开盘浮盈但全部回吐并倒亏
269,389,-1,2021-07-12 09:37:00,2021-07-12 10:12:00,2021-07-09 14:52:00,2021-07-09 14:57:00,2021-07-12 10:07:00,2021-07-12 10:12:00,1583.23,1594.4200000000001,1583.23,1594.4200000000001,False,False,8,8,-0.0070429696506238426,-0.70182260633961679,-0.59662308248702445,15.586098044154916,16.372357767859743,86.802054274098168,-40.741974878992224,-0.0070429696506238417,-0.70182260633961679,16.372357767859743,30.276764568514054,有顺向开盘浮盈但全部回吐并倒亏
270,390,1,2021-07-12 10:17:00,2021-07-12 10:57:00,2021-07-12 10:07:00,2021-07-12 10:12:00,2021-07-12 10:52:00,2021-07-12 10:57:00,1594.4200000000001,1594.99,1594.4200000000001,1594.99,False,False,9,9,0.00035743288324092677,0.035749676998545206,0.030177697291089434,15.555920346863827,65.7633896420421,62.189060809632828,0,0.00035743288324092677,0.035749676998545206,65.7633896420421,25.267117403230365,顺向开盘浮盈超过后续回吐
271,391,-1,2021-07-12 11:02:00,2021-07-12 13:12:00,2021-07-12 10:52:00,2021-07-12 10:57:00,2021-07-12 13:07:00,2021-07-12 13:12:00,1594.99,1609.3199999999999,1594.99,1609.3199999999999,False,False,8,8,-0.0089442629040345535,-0.89043819749955944,-0.75192234075848186,16.307842687622308,0.31348650286386753,89.75611554320939,0,-0.0089442629040345535,-0.89043819749955944,0.31348650286386753,23.882236233444914,有顺向开盘浮盈但全部回吐并倒亏
272,392,1,2021-07-12 13:17:00,2021-07-12 13:42:00,2021-07-12 13:07:00,2021-07-12 13:12:00,2021-07-12 13:37:00,2021-07-12 13:42:00,1609.3199999999999,1600.8099999999999,1609.3199999999999,1600.8099999999999,False,False,6,6,-0.0053019783842753361,-0.52879477046205514,-0.44255975115472523,16.750402438777034,8.136772759057072,61.156556601810429,0,-0.0053019783842753361,-0.52879477046205514,8.136772759057072,23.133988011953587,有顺向开盘浮盈但全部回吐并倒亏
273,393,-1,2021-07-12 13:47:00,2021-07-13 09:47:00,2021-07-12 13:37:00,2021-07-12 13:42:00,2021-07-13 09:42:00,2021-07-13 09:47:00,1600.8099999999999,1616.6900000000001,1600.8099999999999,1616.6900000000001,False,False,18,18,-0.0098710980223816053,-0.98225386437721596,-0.81772238912359851,17.568124827900633,7.1864448002531303,105.89742502406919,-46.507652218193513,-0.0098710980223816053,-0.98225386437721596,7.1864448002531303,23.125744042715336,有顺向开盘浮盈但全部回吐并倒亏
274,394,1,2021-07-13 09:52:00,2021-07-13 10:02:00,2021-07-13 09:42:00,2021-07-13 09:47:00,2021-07-13 09:57:00,2021-07-13 10:02:00,1616.6900000000001,1596.28,1616.6900000000001,1596.28,False,False,3,3,-0.012704926930260936,-1.2624560057896113,-1.040666158795156,18.608790986695787,0,127.04926930260936,0,-0.012704926930260936,-1.2624560057896113,0,27.707705946400431,窗口内未获顺向开盘浮盈
275,395,-1,2021-07-13 10:07:00,2021-07-13 14:07:00,2021-07-13 09:57:00,2021-07-13 10:02:00,2021-07-13 14:02:00,2021-07-13 14:07:00,1596.28,1585.3,1596.28,1585.3,False,False,30,30,0.0069022583695128393,0.69261338547914253,0.56372640822944797,18.045064578466341,133.63508734409294,64.612503648964548,0,0.0069022583695128393,0.69261338547914253,133.63508734409294,28.526451825572849,顺向开盘浮盈超过后续回吐
276,396,1,2021-07-13 14:12:00,2021-07-14 09:52:00,2021-07-13 14:02:00,2021-07-13 14:07:00,2021-07-14 09:47:00,2021-07-14 09:52:00,1585.3,1575.49,1585.3,1575.49,False,False,14,14,-0.0062073288633640866,-0.61881031981327927,-0.50714559798475944,18.552210176451101,25.200038535916459,87.273327169557319,-104.69710030802135,-0.0062073288633640849,-0.61881031981327905,25.200038535916459,27.277125884819345,有顺向开盘浮盈但全部回吐并倒亏
277,397,-1,2021-07-14 09:57:00,2021-07-14 11:07:00,2021-07-14 09:47:00,2021-07-14 09:52:00,2021-07-14 11:02:00,2021-07-14 11:07:00,1575.49,1576.1500000000001,1575.49,1576.1500000000001,False,False,15,15,-0.00041882956787457452,-0.041874187101488478,-0.034105599900735584,18.586315776351835,79.336920811856785,83.525216490602531,0,-0.00041882956787457452,-0.041874187101488478,79.336920811856785,23.494377794558623,有顺向开盘浮盈但全部回吐并倒亏
278,398,1,2021-07-14 11:12:00,2021-07-14 14:12:00,2021-07-14 11:02:00,2021-07-14 11:07:00,2021-07-14 14:07:00,2021-07-14 14:12:00,1576.1500000000001,1567.8800000000001,1576.1500000000001,1567.8800000000001,False,False,18,18,-0.005260776184200823,-0.52469625352915727,-0.42717455098154611,19.013490327333383,44.566343933411062,97.174105775419306,0,-0.005260776184200823,-0.52469625352915727,44.566343933411062,20.122492264825759,有顺向开盘浮盈但全部回吐并倒亏
279,399,-1,2021-07-14 14:17:00,2021-07-15 11:12:00,2021-07-14 14:07:00,2021-07-14 14:12:00,2021-07-15 11:07:00,2021-07-15 11:12:00,1567.8800000000001,1546.9300000000001,1567.8800000000001,1546.9300000000001,False,False,29,29,0.01345206668896501,1.3542952816223477,1.0967964792475526,17.916693848085828,199.24455264396295,64.723885754312832,37.372178781970753,0.013452066688965007,1.3542952816223472,199.24455264396295,21.226564950596874,顺向开盘浮盈超过后续回吐
280,400,1,2021-07-15 11:17:00,2021-07-16 10:12:00,2021-07-15 11:07:00,2021-07-15 11:12:00,2021-07-16 10:07:00,2021-07-16 10:12:00,1546.9300000000001,1557.9400000000001,1546.9300000000001,1557.9400000000001,False,False,34,34,0.0070921140971775126,0.71173226972131154,0.58421337793730377,17.332480470148525,112.36434407453845,41.44320310276332,29.383261170996704,0.0070921140971775109,0.71173226972131143,112.36434407453845,21.808312024029899,顺向开盘浮盈超过后续回吐
281,401,-1,2021-07-16 10:17:00,2021-07-16 13:17:00,2021-07-16 10:07:00,2021-07-16 10:12:00,2021-07-16 13:12:00,2021-07-16 13:17:00,1557.9400000000001,1544.1700000000001,1557.9400000000001,1544.1700000000001,False,False,18,18,0.0088778866269994452,0.89174119429855525,0.73718032595249117,16.595300144196035,121.27622729931441,32.497361029319961,0,0.0088778866269994452,0.89174119429855525,121.27622729931441,20.905611442938984,顺向开盘浮盈超过后续回吐
282,402,1,2021-07-16 13:22:00,2021-07-16 13:37:00,2021-07-16 13:12:00,2021-07-16 13:17:00,2021-07-16 13:32:00,2021-07-16 13:37:00,1544.1700000000001,1540.6199999999999,1544.1700000000001,1540.6199999999999,False,False,4,4,-0.0023016163610222076,-0.22989696730284112,-0.19174487555653208,16.787045019752568,3.7553579038389673,26.771521514061043,0,-0.0023016163610222076,-0.22989696730284112,3.7553579038389673,17.564153401409733,有顺向开盘浮盈但全部回吐并倒亏
283,403,-1,2021-07-16 13:42:00,2021-07-16 14:32:00,2021-07-16 13:32:00,2021-07-16 13:37:00,2021-07-16 14:27:00,2021-07-16 14:32:00,1540.6199999999999,1537.46,1540.6199999999999,1537.46,False,False,11,11,0.0020532287076013098,0.20553380250541747,0.17103075054802908,16.616014269204538,53.88953997552548,33.357252899512375,0,0.0020532287076013107,0.20553380250541756,53.88953997552548,15.741854457017618,顺向开盘浮盈超过后续回吐
284,404,1,2021-07-16 14:37:00,2021-07-16 14:42:00,2021-07-16 14:27:00,2021-07-16 14:32:00,2021-07-16 14:37:00,2021-07-16 14:42:00,1537.46,1529.01,1537.46,1529.01,False,False,2,2,-0.0055112369520388445,-0.54960779467433085,-0.4582848850865906,17.074299154291129,0,55.112369520388448,0,-0.0055112369520388445,-0.54960779467433085,0,15.693547363899365,窗口内未获顺向开盘浮盈
285,405,-1,2021-07-16 14:47:00,2021-07-19 10:02:00,2021-07-16 14:37:00,2021-07-16 14:42:00,2021-07-19 09:57:00,2021-07-19 10:02:00,1529.01,1530.5899999999999,1529.01,1530.5899999999999,False,False,9,9,-0.0010328148388351124,-0.10322816691604345,-0.085602680885299431,17.159901835176427,160.53508090655112,170.86322929490225,142.07474573476401,-0.0010328148388351116,-0.10322816691604336,160.53508090655112,16.092151576455439,有顺向开盘浮盈但全部回吐并倒亏
286,406,1,2021-07-19 10:07:00,2021-07-19 10:22:00,2021-07-19 09:57:00,2021-07-19 10:02:00,2021-07-19 10:17:00,2021-07-19 10:22:00,1530.5899999999999,1516.27,1530.5899999999999,1516.27,False,False,4,4,-0.0093999103606775963,-0.93558693053005915,-0.77504113166836364,17.93494296684479,0,93.999103606775961,0,-0.0093999103606775963,-0.93558693053005915,0,19.65692422451864,窗口内未获顺向开盘浮盈
287,407,-1,2021-07-19 10:27:00,2021-07-19 11:17:00,2021-07-19 10:17:00,2021-07-19 10:22:00,2021-07-19 11:12:00,2021-07-19 11:17:00,1516.27,1515.8699999999999,1516.27,1515.8699999999999,False,False,11,11,0.00026384006168581997,0.026387487053615093,0.021654906300161425,17.91328806054463,63.381798442870505,60.743397826012298,0,0.00026384006168581997,0.026387487053615093,63.381798442870505,19.398209035235865,顺向开盘浮盈超过后续回吐
288,408,1,2021-07-19 11:22:00,2021-07-19 13:42:00,2021-07-19 11:12:00,2021-07-19 11:17:00,2021-07-19 13:37:00,2021-07-19 13:42:00,1515.8699999999999,1509.29,1515.8699999999999,1509.29,False,False,10,10,-0.0043501899911016018,-0.43407416203235516,-0.35631720699109692,18.269605267535727,17.400593637694758,60.90249354871078,0,-0.0043501899911016018,-0.43407416203235516,17.400593637694758,22.455737008270301,有顺向开盘浮盈但全部回吐并倒亏
289,409,-1,2021-07-19 13:47:00,2021-07-19 14:22:00,2021-07-19 13:37:00,2021-07-19 13:42:00,2021-07-19 14:17:00,2021-07-19 14:22:00,1509.29,1517.0799999999999,1509.29,1517.0799999999999,False,False,8,8,-0.0051480930651356767,-0.51348643446622544,-0.41967448978690314,18.68927975732263,15.781450129018758,67.262380780375523,0,-0.0051480930651356775,-0.51348643446622544,15.781450129018758,23.444242215949238,有顺向开盘浮盈但全部回吐并倒亏
290,410,1,2021-07-19 14:27:00,2021-07-20 10:22:00,2021-07-19 14:17:00,2021-07-19 14:22:00,2021-07-20 10:17:00,2021-07-20 10:22:00,1517.0799999999999,1507,1517.0799999999999,1507,False,False,17,17,-0.0066665149940523805,-0.66443430801276104,-0.54025632138462454,19.229536078707255,80.030627229654115,146.69577717017793,-46.708468908261274,-0.0066665149940523805,-0.66443430801276104,80.030627229654115,23.953983324650068,有顺向开盘浮盈但全部回吐并倒亏
291,411,-1,2021-07-20 10:27:00,2021-07-20 13:12:00,2021-07-20 10:17:00,2021-07-20 10:22:00,2021-07-20 13:07:00,2021-07-20 13:12:00,1507,1515.9100000000001,1507,1515.9100000000001,False,False,15,15,-0.0058949990589283966,-0.58776576445829509,-0.47474113472349977,19.704277213430753,0,58.949990589283964,0,-0.0058949990589283966,-0.58776576445829509,0,26.069200174099855,窗口内未获顺向开盘浮盈
292,412,1,2021-07-20 13:17:00,2021-07-20 13:32:00,2021-07-20 13:07:00,2021-07-20 13:12:00,2021-07-21 14:37:00,2021-07-21 14:42:00,1515.9100000000001,1565.1700000000001,1515.9100000000001,1515.01,False,True,4,64,-0.00059387910367262936,-0.059370279238199757,-0.047671794834713843,19.75194900826547,2.7702292871674077,8.7090203238937001,0,0.03197852558751537,3.2495332836383115,376.42350006312819,22.81831397910361,有顺向开盘浮盈但全部回吐并倒亏
