a,b,c,pnl_first_index,pnl_last_index,year,start,peak,end,bars,sigma,net_log,capture,peak_fraction,time_mass_skew,motion_concentration,half_height_width,negative_area_share,amplitude,net_trend_normalized
81,90,122,83,123,2024,2024-01-03 13:50:00,2024-01-03 14:35:00,2024-01-04 13:15:00,41,0.0008843936805296056,0.0019039065520600456,0.0634031070107975,0.21951219512195122,0.7855987889714708,1.483291357454152,0.23809523809523808,0.07016805251140522,0.014932428816095467,-0.6265490613025423
122,123,130,124,131,2024,2024-01-04 13:15:00,2024-01-04 13:20:00,2024-01-04 13:55:00,8,0.0007554523311151948,0.0014274649065396175,0.39671267274280464,0.125,-0.06469156436958584,1.631481311713828,0.2222222222222222,0.028458528863426882,0.001768821633359785,-0.8277123523242054
130,142,153,132,154,2024,2024-01-04 13:55:00,2024-01-04 14:55:00,2024-01-05 10:20:00,23,0.0010280269604685437,0.003762859232436659,0.12325302015255356,0.5217391304347826,-0.15025540195250334,1.9115776741408546,0.5833333333333334,0.012441430739716233,0.007691690287677133,-0.052393793998548155
153,155,212,155,213,2024,2024-01-05 10:20:00,2024-01-05 10:30:00,2024-01-08 11:15:00,59,0.0011899552566385129,0.02282173892941889,0.32718112636087726,0.03389830508474576,0.0536134610675631,2.1939661686981387,0.43333333333333335,0.009063786689359326,0.04331133644507901,-0.9017856324538068
212,215,226,214,227,2024,2024-01-08 11:15:00,2024-01-08 11:30:00,2024-01-08 13:55:00,14,0.0017250151523799924,0.0016015459609521384,0.14210946407596844,0.21428571428571427,1.1469683365572914,1.6809783082996983,0.3333333333333333,0.011376546568844851,0.004543385651937015,-0.32731569308145
226,229,236,228,237,2024,2024-01-08 13:55:00,2024-01-08 14:10:00,2024-01-08 14:45:00,10,0.0018377826180002049,0.0028407843358048343,0.17367718017264894,0.3,-0.029892244416390167,1.4231082488954732,0.36363636363636365,0.006237212293390604,0.006561236091004119,-0.44848577514714455
236,242,244,238,245,2024,2024-01-08 14:45:00,2024-01-09 09:45:00,2024-01-09 09:55:00,8,0.0016380106445137482,-0.011592207411410078,-0.9501471602570658,0.75,-0.538051439703763,2.6202405252808765,0.4444444444444444,0.0,0.006890704509367573,0.24972264469784006
244,251,270,246,271,2024,2024-01-09 09:55:00,2024-01-09 10:30:00,2024-01-09 13:35:00,26,0.0018168079560957702,0.016414385310062278,0.39572010231458843,0.2692307692307692,0.21061146347125503,1.438266721630309,0.5185185185185185,0.034536323467411485,0.01984548229629368,-0.3367476537447952
273,282,290,275,291,2024,2024-01-09 13:50:00,2024-01-09 14:35:00,2024-01-10 09:45:00,17,0.0021051920014875476,-0.0027745480757733745,-0.07682665553889327,0.5294117647058824,-0.20687085004054262,2.31495427037113,0.5555555555555556,0.011389108725559973,0.01654395192667213,-0.5562180402662822
290,301,320,292,321,2024,2024-01-10 09:45:00,2024-01-10 10:40:00,2024-01-10 13:45:00,30,0.0028776433937903294,0.00012516610131014006,0.0023479063031361883,0.36666666666666664,0.38106587891207117,2.178642050200914,0.3870967741935484,0.0,0.02297480505066929,0.36924656644139775
320,324,330,322,331,2024,2024-01-10 13:45:00,2024-01-10 14:05:00,2024-01-10 14:35:00,10,0.0027521305166573386,0.00015406144514424114,0.012660595008186976,0.4,0.22411001687223966,1.8222309100600478,0.2727272727272727,0.004757684491876432,0.004637882578291119,-0.04706284074370564
333,340,341,335,342,2024,2024-01-10 14:50:00,2024-01-11 09:55:00,2024-01-11 10:00:00,8,0.0025895930385864867,-0.009215737909810253,-0.33029436835049386,0.875,-0.43060259944403356,1.5157974519644675,0.4444444444444444,0.21805222575782243,0.008112153057635574,0.22767808283837035
341,347,354,343,355,2024,2024-01-11 10:00:00,2024-01-11 10:30:00,2024-01-11 11:05:00,13,0.0019057814762900019,-0.00020415051990144823,-0.0142697398668367,0.46153846153846156,0.0176059419148865,1.4086951819444142,0.42857142857142855,0.030257965035314405,0.006195687961310092,0.25006518256130245
354,370,375,356,376,2024,2024-01-11 11:05:00,2024-01-11 13:55:00,2024-01-11 14:20:00,21,0.002177553532060135,-0.011070182203588325,-0.30885506101208327,0.7619047619047619,0.09249314293363083,1.8912784252285135,0.4090909090909091,0.08596802629306656,0.015030616800276064,0.6454917238491374
375,376,387,377,388,2024,2024-01-11 14:20:00,2024-01-11 14:25:00,2024-01-12 09:50:00,12,0.002207844867654304,0.004139162842018576,0.37517373224194533,0.08333333333333333,-0.16084112422384722,1.9784606603703347,0.3076923076923077,0.0,0.0054435196180682155,-0.7604028723434195
387,393,409,389,410,2024,2024-01-12 09:50:00,2024-01-12 10:20:00,2024-01-12 13:10:00,22,0.0017974521252498044,-0.0017653093741833046,-0.08001062677922352,0.2727272727272727,0.27200965271822997,1.5317870957084896,0.43478260869565216,0.016283485353144698,0.011970852916182828,-0.514949938221858
409,411,418,411,419,2024,2024-01-12 13:10:00,2024-01-12 13:20:00,2024-01-12 13:55:00,9,0.0013435703775159721,0.0021015679787797018,0.30182790790770725,0.2222222222222222,-0.17947868362376676,1.6691273002625138,0.4,0.0,0.003252826677790921,-0.6027516798420932
418,424,434,420,435,2024,2024-01-12 13:55:00,2024-01-12 14:25:00,2024-01-15 09:45:00,16,0.001181062539931331,0.004900838477289534,0.26746517822883287,0.375,-0.07536866729306778,2.0251688577711233,0.6470588235294118,0.0,0.013421293035937865,-0.7366818324969457
434,442,445,436,446,2024,2024-01-15 09:45:00,2024-01-15 10:25:00,2024-01-15 10:40:00,11,0.0016782960722435088,-0.007162918109910049,-0.28057130060260455,0.7272727272727273,0.22023039794683755,1.4223452006838058,0.5,0.0,0.013983543073111449,0.6217005119474743
445,448,469,447,470,2024,2024-01-15 10:40:00,2024-01-15 10:55:00,2024-01-15 14:10:00,24,0.0018764349516828694,-0.0008371913955354418,-0.032269075514608454,0.125,1.858630416250536,1.7731740894297399,0.12,0.1406001325901423,0.013413534789185277,-0.5332787018414693
469,470,477,471,478,2024,2024-01-15 14:10:00,2024-01-15 14:15:00,2024-01-15 14:50:00,8,0.0018589060792772111,-0.0006723558567230674,-0.1204052339786309,0.125,0.37509423536350706,1.2063631268122346,0.3333333333333333,0.130536253607346,0.0012926411748077626,0.4201574545392862
477,486,511,479,512,2024,2024-01-15 14:50:00,2024-01-16 10:05:00,2024-01-16 13:40:00,34,0.001267353776187575,0.008386384302191309,0.19879999856382338,0.2647058823529412,0.4838146676126851,1.4964787556335162,0.4,0.009615097791033159,0.012839477612510919,-0.7496908255706186
511,526,547,513,548,2024,2024-01-16 13:40:00,2024-01-16 14:55:00,2024-01-17 11:10:00,36,0.0018652870949172932,0.004217749053057554,0.08049844215872386,0.4166666666666667,0.4619250433214346,1.8545806394413737,0.32432432432432434,0.003035023819651762,0.015190690530471507,0.05067695605829608
547,551,559,549,560,2024,2024-01-17 11:10:00,2024-01-17 11:30:00,2024-01-17 13:40:00,12,0.0018193208281041438,0.0014228002844030494,0.17033948746326125,0.3333333333333333,0.33103540731475256,1.110232886421807,0.38461538461538464,0.0,0.004418067801209347,-0.32496823297742006
559,561,578,561,579,2024,2024-01-17 13:40:00,2024-01-17 13:50:00,2024-01-18 09:45:00,19,0.0014977475766487923,0.019122302307040467,0.5382191279254673,0.10526315789473684,-0.23493423397081448,2.108105471665453,0.55,0.04810934954617616,0.023520265208992086,-0.8050256103310817
578,581,595,580,596,2024,2024-01-18 09:45:00,2024-01-18 10:00:00,2024-01-18 11:10:00,17,0.0020118706738178017,-0.0038066610898429836,-0.11497074748039056,0.17647058823529413,0.6255180629446038,1.4330785156099244,0.2222222222222222,0.03782654674222721,0.014734608004132177,-0.680949841812122
595,600,607,597,608,2024,2024-01-18 11:10:00,2024-01-18 13:05:00,2024-01-18 13:40:00,12,0.002448284953305709,-0.010339195175992195,-0.420470037863958,0.4166666666666667,0.6700773088170071,1.6590147248516711,0.3076923076923077,0.061020369337107076,0.013069980899865996,0.21264968844141258
607,625,635,609,636,2024,2024-01-18 13:40:00,2024-01-19 09:40:00,2024-01-19 10:30:00,28,0.0027961900764946826,0.007491571086015229,0.10256365593930027,0.6428571428571429,-0.38814470657544914,1.4505768110337933,0.3793103448275862,0.0371149802925734,0.03685332382958073,0.6801204396321666
635,641,650,637,651,2024,2024-01-19 10:30:00,2024-01-19 11:00:00,2024-01-19 13:15:00,15,0.0027256090690199524,-0.010880880517804706,-0.46305134530718256,0.4,0.28615588312199525,1.5511948387591683,0.25,0.021872520516064635,0.007859048283588521,-0.2931726475263158
650,656,660,652,661,2024,2024-01-19 13:15:00,2024-01-19 13:45:00,2024-01-19 14:05:00,10,0.0025413188238227803,-0.009461324229468791,-0.8538126288070522,0.6,0.052594852242678014,1.3881422162660058,0.2727272727272727,0.019253128649446113,0.005438490630938375,0.30821140473956216
660,667,684,662,685,2024,2024-01-19 14:05:00,2024-01-19 14:40:00,2024-01-22 10:35:00,24,0.002069611074144925,0.00107231494849959,0.02355296442157758,0.2916666666666667,0.999040899792798,1.54589230920252,0.36,0.032311772707860224,0.01537191434642704,-0.6020129611361207
684,688,699,686,700,2024,2024-01-22 10:35:00,2024-01-22 10:55:00,2024-01-22 13:20:00,15,0.0020748426700180154,0.009713967779902436,0.33704153040290885,0.26666666666666666,0.03577295084897282,1.2512399427482603,0.5625,0.0,0.014247179088616946,-0.685551853308015
699,703,716,701,717,2024,2024-01-22 13:20:00,2024-01-22 13:40:00,2024-01-22 14:45:00,17,0.0022374863454339214,0.016931436403580063,0.42474719029817404,0.23529411764705882,-0.030523984452902383,1.513352693766368,0.5555555555555556,0.0,0.024023891180601886,-0.7206145687883625
716,717,720,718,721,2024,2024-01-22 14:45:00,2024-01-22 14:50:00,2024-01-23 09:35:00,4,0.0030194774577901825,0.0004883806209968126,0.021913577755248503,0.25,0.34221634554056796,1.5145358018769213,0.6,0.0,0.011467242015457124,0.027210317678529924
720,729,739,722,740,2024,2024-01-23 09:35:00,2024-01-23 10:20:00,2024-01-23 11:10:00,19,0.0036855819383925016,-0.021494401190887923,-0.36634693988241684,0.47368421052631576,-0.0930988226646339,1.5318910157970989,0.45,0.0,0.018825255125262785,0.1546899455670804
739,748,752,741,753,2024,2024-01-23 11:10:00,2024-01-23 13:25:00,2024-01-23 13:45:00,13,0.0037738290547240667,-0.018700627072267217,-0.7442925497703272,0.6923076923076923,-0.3630399385552416,1.6163689354225368,0.5,0.0,0.016325743401147896,0.5468055905460096
752,761,795,754,796,2024,2024-01-23 13:45:00,2024-01-23 14:30:00,2024-01-24 13:20:00,43,0.0025047862755851985,0.04218047845902413,0.5231846328150441,0.20930232558139536,0.4712491513178388,1.4131610432788537,0.4772727272727273,0.0,0.034408719142590805,-0.6822945127985846
795,813,819,797,820,2024,2024-01-24 13:20:00,2024-01-24 14:50:00,2024-01-25 09:50:00,24,0.0027936914354043003,0.0014178526579799009,0.02054952869893905,0.75,-0.2505778958506955,1.5476993690250698,0.52,0.005097122128868962,0.032208794617035075,0.7109956946022274
819,844,849,821,850,2024,2024-01-25 09:50:00,2024-01-25 13:25:00,2024-01-25 13:50:00,30,0.002968416255930958,0.013392410146622843,0.2258734800673141,0.8333333333333334,0.03844018149819138,1.64871043354188,0.5806451612903226,0.0022200121669053727,0.028545980594866904,0.7442699013603541
849,859,870,851,871,2024,2024-01-25 13:50:00,2024-01-25 14:40:00,2024-01-26 10:05:00,21,0.002372732425345718,-0.006637415021015574,-0.23401018704760798,0.47619047619047616,-0.251795572765092,2.567499431146302,0.45454545454545453,0.019420912061181492,0.012333430565924175,-0.46122546302024353
870,873,888,872,889,2024,2024-01-26 10:05:00,2024-01-26 10:20:00,2024-01-26 13:05:00,18,0.0020826921772687215,0.008170131789730339,0.38641811062861836,0.16666666666666666,0.17463172205564664,1.3026751405654902,0.47368421052631576,0.007345469327975232,0.010225660979219064,-0.7987501758858543
888,894,929,890,930,2024,2024-01-26 13:05:00,2024-01-26 13:35:00,2024-01-29 11:00:00,41,0.0019568284644037722,0.007511613222060386,0.1086759640978017,0.14634146341463414,0.24854487055520338,1.6006259319371392,0.4523809523809524,0.00886434669049687,0.026943439293489746,-0.7910769475766755
929,930,942,931,943,2024,2024-01-29 11:00:00,2024-01-29 11:05:00,2024-01-29 13:35:00,13,0.002184291345899667,0.009304171992118861,0.34943200342423747,0.07692307692307693,1.0954600465345674,1.2498498361856405,0.35714285714285715,0.15931324570811112,0.0134854974815104,-0.6747373818785835
942,944,948,944,949,2024,2024-01-29 13:35:00,2024-01-29 13:45:00,2024-01-29 14:05:00,6,0.002249705969750924,0.0010162602500665644,0.13577431062531226,0.3333333333333333,0.23028069026828563,1.3952720859243357,0.42857142857142855,0.0,0.004346968428618148,-0.3001409644160317
948,953,974,950,975,2024,2024-01-29 14:05:00,2024-01-29 14:30:00,2024-01-30 10:45:00,26,0.00288571003189447,0.005638513450988129,0.08251472656277879,0.19230769230769232,1.0390516526311755,2.0943033291359328,0.2962962962962963,0.1353655512399583,0.03166860864931742,-0.7682537749130383
974,976,988,976,989,2024,2024-01-30 10:45:00,2024-01-30 10:55:00,2024-01-30 13:25:00,14,0.0030957570396975063,0.004091196948520983,0.184596008770926,0.14285714285714285,0.40152189828153334,1.5304108216454644,0.26666666666666666,0.0,0.0092451882398068,-0.42883366070394613
988,991,1018,990,1019,2024,2024-01-30 13:25:00,2024-01-30 13:40:00,2024-01-31 10:25:00,30,0.0029894690900158197,0.0337119459210415,0.4872641159139709,0.1,0.11069319801030424,1.656113390850205,0.6129032258064516,0.025283326861942162,0.03873079843982641,-0.8685670074632172
1018,1031,1049,1020,1050,2024,2024-01-31 10:25:00,2024-01-31 11:30:00,2024-01-31 14:30:00,31,0.0025430579779527895,0.015359681593015583,0.22592103334161007,0.41935483870967744,0.18382442916180053,1.4484640691872013,0.59375,0.009645282114990788,0.024543420187887577,0.1094632951667324
1049,1051,1059,1051,1060,2024,2024-01-31 14:30:00,2024-01-31 14:40:00,2024-02-01 09:50:00,10,0.0027894289225476186,0.009875682836029976,0.27142915641039206,0.2,0.449977924599417,1.3730713137211148,0.45454545454545453,0.0,0.01671803634286917,-0.5802028224990534
1059,1069,1073,1061,1074,2024,2024-02-01 09:50:00,2024-02-01 10:40:00,2024-02-01 11:00:00,14,0.003356256396690788,-0.017972448321340994,-0.3759246602227171,0.7142857142857143,-0.1602699566179406,1.7257478732775238,0.4666666666666667,0.025531015323430578,0.034712495188826686,0.7886466667547763
1073,1075,1088,1075,1089,2024,2024-02-01 11:00:00,2024-02-01 11:10:00,2024-02-01 13:45:00,15,0.0033133062560793142,0.004980108933004786,0.181554672331118,0.13333333333333333,1.103480414871678,1.5209669923484885,0.375,0.18389165360268125,0.01298877990986469,-0.5256940095404575
1088,1092,1108,1090,1109,2024,2024-02-01 13:45:00,2024-02-01 14:05:00,2024-02-02 09:55:00,20,0.0031295109242296705,0.01067450309810557,0.3425809231759996,0.2,-0.22316250019865008,1.663552426240149,0.3333333333333333,0.051100543991631386,0.016377177630610085,-0.6516968541626935
1108,1110,1143,1110,1144,2024,2024-02-02 09:55:00,2024-02-02 10:05:00,2024-02-02 14:20:00,35,0.002373851794291779,0.04031664460328166,0.41547226265308185,0.05714285714285714,-0.14371854946104684,1.6165240504209466,0.6388888888888888,0.0,0.04632132368954167,-0.8669629572773327
1143,1148,1167,1145,1168,2024,2024-02-02 14:20:00,2024-02-02 14:45:00,2024-02-05 10:50:00,24,0.005088598933692378,0.0005930066727755923,0.004550410694479535,0.20833333333333334,0.5669341796739853,1.6162379696682447,0.4,0.00331390537104256,0.06295880375045737,-0.4662211939521186
1167,1187,1192,1169,1193,2024,2024-02-05 10:50:00,2024-02-05 14:00:00,2024-02-05 14:25:00,25,0.006638376358531388,0.002132415431531482,0.01412070660520465,0.8,-0.9444092658259267,1.5215449642139276,0.3076923076923077,0.0710748455171945,0.071239156520714,0.7154955170140783
1192,1195,1200,1194,1201,2024,2024-02-05 14:25:00,2024-02-05 14:40:00,2024-02-06 09:35:00,8,0.006655113131574665,0.01167052035119665,0.40934249184647786,0.375,0.3444810859727997,1.327604998783144,0.4444444444444444,0.0,0.011840747792546402,0.2367294783103139
1200,1240,1241,1202,1242,2024,2024-02-06 09:35:00,2024-02-06 14:25:00,2024-02-06 14:30:00,41,0.005918081608307967,0.01687304970445696,0.12253027247331895,0.975609756097561,-0.0749257733423151,1.7441093387180184,0.5238095238095238,0.06187299274119051,0.06652959587436413,0.8652755712543978
1241,1259,1265,1243,1266,2024,2024-02-06 14:30:00,2024-02-07 10:30:00,2024-02-07 11:00:00,24,0.003957336387953231,0.03205107054058699,0.453716945742102,0.75,0.08450697703759834,1.8725219963422313,0.48,0.04109817424900293,0.03808269567664091,0.8318420413366443
1265,1271,1279,1267,1280,2024,2024-02-07 11:00:00,2024-02-07 11:30:00,2024-02-07 13:40:00,14,0.0033092491266935465,-0.0021280414919575726,-0.08016776479226234,0.42857142857142855,0.4491185206654412,1.3642657570660204,0.4,0.047095130734468006,0.009223999008541206,-0.05288001782721632
1279,1281,1288,1281,1289,2024,2024-02-07 13:40:00,2024-02-07 13:50:00,2024-02-07 14:25:00,9,0.003203799305825473,0.003611386568644791,0.20893842474361063,0.2222222222222222,0.5744940008413256,1.3245157848069757,0.4,0.0,0.007560806728911018,-0.4758532323787935
1288,1304,1329,1290,1330,2024,2024-02-07 14:25:00,2024-02-08 10:15:00,2024-02-08 13:50:00,41,0.004262123320134065,0.03246458985128969,0.28274299856941604,0.3902439024390244,0.25587908940016774,2.646522364549358,0.5714285714285714,0.0018839221941268156,0.04236272498746274,0.33156798070845517
1329,1333,1338,1331,1339,2024,2024-02-08 13:50:00,2024-02-08 14:10:00,2024-02-08 14:35:00,9,0.00442097050238943,-0.002906102848133814,-0.16766919737937622,0.4444444444444444,0.42609630433445667,1.7018792090727206,0.5,0.0,0.00828073595033807,0.35901694121502603
1338,1350,1352,1340,1353,2024,2024-02-08 14:35:00,2024-02-19 10:05:00,2024-02-19 10:15:00,14,0.0030319225711708656,-0.009782453316049471,-0.17704958103812302,0.8571428571428571,-0.6975774775339589,1.4985295684414262,0.3333333333333333,0.09106709227492601,0.014891576651647753,0.8113020693303974
1352,1355,1362,1354,1363,2024,2024-02-19 10:15:00,2024-02-19 10:30:00,2024-02-19 11:05:00,10,0.0027044040621143945,-0.0025117050256273114,-0.18411619566261184,0.3,0.45050703859448643,1.3532399369794539,0.36363636363636365,0.06329539058098162,0.006959449107831084,-0.715537526473734
1362,1364,1371,1364,1372,2024,2024-02-19 11:05:00,2024-02-19 11:15:00,2024-02-19 13:20:00,9,0.002593238721848282,0.0043237989014801035,0.26968806319387884,0.2222222222222222,0.43544037012482834,1.5548167153431165,0.2,0.0,0.009076374990867109,-0.4382515356577478
1371,1388,1397,1373,1398,2024,2024-02-19 13:20:00,2024-02-19 14:45:00,2024-02-20 10:00:00,26,0.002404577551167702,-0.007813600317960433,-0.16480839871959108,0.6538461538461539,-0.3711492549749641,3.2659583510262173,0.4444444444444444,0.0019881050511274816,0.017364162743749745,0.05371188338856243
1397,1400,1411,1399,1412,2024,2024-02-20 10:00:00,2024-02-20 10:15:00,2024-02-20 11:10:00,14,0.002919503399741111,0.0008529921881980907,0.03268672147018634,0.21428571428571427,0.9135629178061032,1.5008820409310524,0.2,0.10410858338821073,0.00695476902510439,-0.1551887851655998
1411,1415,1422,1413,1423,2024,2024-02-20 11:10:00,2024-02-20 11:30:00,2024-02-20 13:35:00,11,0.0028518004519615904,-7.999893339016032e-05,-0.008249683350405832,0.36363636363636365,1.365230458474785,1.4744992196624052,0.16666666666666666,0.09200284802400956,0.004434360856023112,-0.03307393849187428
1422,1436,1445,1424,1446,2024,2024-02-20 13:35:00,2024-02-20 14:45:00,2024-02-21 10:00:00,23,0.0027152671455436266,-0.013581485912053567,-0.3889915959411458,0.6086956521739131,-0.38687918277089095,2.9353371170551696,0.2916666666666667,0.01710223117794433,0.014786913577298222,-0.2629150780949822
1445,1467,1468,1447,1469,2024,2024-02-21 10:00:00,2024-02-21 13:20:00,2024-02-21 13:25:00,23,0.002196956737212997,0.013038193845602383,0.3066556269358779,0.9565217391304348,-0.4239925998033727,1.556735273126664,0.20833333333333334,0.14225109365780061,0.027826505008855307,0.8264795173193996
1468,1472,1486,1470,1487,2024,2024-02-21 13:25:00,2024-02-21 13:45:00,2024-02-21 14:55:00,18,0.0025359736163097025,0.0018185826183759809,0.05986753857593795,0.2222222222222222,0.44442167137156235,1.345216675536574,0.42105263157894735,0.0031853007512417093,0.016375310147174638,-0.6860601247658425
1486,1492,1497,1488,1498,2024,2024-02-21 14:55:00,2024-02-22 09:55:00,2024-02-22 10:20:00,11,0.0024344290356481525,-0.014511523673134153,-0.4645079356934388,0.5454545454545454,-0.1243775869663775,1.4687563730568332,0.4166666666666667,0.04839408392461325,0.015870012526645105,0.22799378836443138
1497,1506,1510,1499,1511,2024,2024-02-22 10:20:00,2024-02-22 11:05:00,2024-02-22 11:25:00,13,0.0026059667760503624,-0.008400892970245634,-0.431754563356225,0.6923076923076923,-0.20720073479419618,1.6288956153770346,0.5714285714285714,0.06228784877413779,0.006026968449027947,0.14646991924407624
1510,1516,1524,1512,1525,2024,2024-02-22 11:25:00,2024-02-22 13:25:00,2024-02-22 14:05:00,14,0.0023895057772847284,0.0011077765625703232,0.06989552420154954,0.42857142857142855,0.14587636152912475,1.7659003991270306,0.3333333333333333,0.0,0.006942189680557931,-0.26203448020675896
1524,1537,1549,1526,1550,2024,2024-02-22 14:05:00,2024-02-23 09:40:00,2024-02-23 10:40:00,25,0.001995388122893881,0.004648930139664005,0.09693091252689415,0.52,-0.22947910038011107,1.535731726873272,0.3076923076923077,0.006366928437118149,0.013683268716429886,-0.18536722038664255
1549,1555,1559,1551,1560,2024,2024-02-23 10:40:00,2024-02-23 11:10:00,2024-02-23 11:30:00,10,0.0017359903003654495,-0.004767957392988102,-0.33768764771734305,0.6,-0.40612567985460446,1.7210216802858869,0.45454545454545453,0.06919921324874267,0.003658725906256599,0.11205087512792833
1559,1562,1563,1561,1564,2024,2024-02-23 11:30:00,2024-02-23 13:15:00,2024-02-23 13:20:00,4,0.0017663392737981964,-0.000899161679122996,-0.17104055977389632,0.75,-0.0014803306381749224,1.7778149897185103,0.4,0.06736154150218615,0.002562478287037706,0.05675384971865131
1563,1585,1590,1565,1591,2024,2024-02-23 13:20:00,2024-02-26 09:40:00,2024-02-26 10:05:00,27,0.00176705255787505,0.003692028647070402,0.09733738861820862,0.8148148148148148,-0.03662685195943538,1.4119569815413107,0.6428571428571429,0.0,0.013042035675255192,0.5635379008756657
1590,1616,1624,1592,1625,2024,2024-02-26 10:05:00,2024-02-26 13:45:00,2024-02-26 14:25:00,34,0.0015794669736584044,0.005338398915830891,0.11391291005791715,0.7647058823529411,-0.2897068502551361,1.491575793729134,0.5714285714285714,0.0,0.018167067695092243,0.2968112006363542
1624,1627,1637,1626,1638,2024,2024-02-26 14:25:00,2024-02-26 14:40:00,2024-02-27 10:00:00,13,0.0017638493780969147,-0.012614273572885913,-0.5166993022958882,0.23076923076923078,0.4217503582054502,1.548987275099297,0.42857142857142855,0.03375415007845759,0.010940757095706743,-0.34184408778232017
1637,1660,1663,1639,1664,2024,2024-02-27 10:00:00,2024-02-27 13:25:00,2024-02-27 13:40:00,26,0.0017979836911195428,0.02222429359996912,0.43017572523398834,0.8846153846153846,-0.2745449869562761,1.4068457596913508,0.18518518518518517,0.42352824731462874,0.03268837722310636,0.8307009019193221
1663,1684,1701,1665,1702,2024,2024-02-27 13:40:00,2024-02-28 09:55:00,2024-02-28 11:20:00,38,0.0022208749700504933,0.05010196358872702,0.5357749336577473,0.5526315789473685,-0.32368309302904114,1.676918670740131,0.358974358974359,0.001633268131249279,0.035061833768399,0.030894268875768707
1701,1707,1726,1703,1727,2024,2024-02-28 11:20:00,2024-02-28 13:20:00,2024-02-28 14:55:00,25,0.0032169815450132705,0.00023083420290463674,0.003791709509923023,0.24,0.1445318153465738,1.426539091445183,0.6923076923076923,0.0,0.029009716543368036,-0.5411854000932622
1726,1738,1739,1728,1740,2024,2024-02-28 14:55:00,2024-02-29 10:25:00,2024-02-29 10:30:00,13,0.003910224337069889,0.0006350021384459311,0.01344719622562406,0.9230769230769231,-0.12929813190293876,2.413040864663001,0.7142857142857143,0.04161835324821112,0.03593338148698333,0.8279480692837213
1739,1744,1752,1741,1753,2024,2024-02-29 10:30:00,2024-02-29 10:55:00,2024-02-29 13:05:00,13,0.0036749451752405913,-0.004216808397571738,-0.1469296237971432,0.38461538461538464,-0.2701425695599897,1.337786079159841,0.21428571428571427,0.20382631139522442,0.014755870212693978,-0.3105182625916438
1752,1761,1765,1754,1766,2024,2024-02-29 13:05:00,2024-02-29 13:50:00,2024-02-29 14:10:00,13,0.00363396741142959,-0.007146205922807512,-0.23614655496861053,0.6923076923076923,-0.7785352442298742,1.7461377291776348,0.2857142857142857,0.24252786153812136,0.011779233972450065,0.2395873779127776
1765,1777,1779,1767,1780,2024,2024-02-29 14:10:00,2024-03-01 09:40:00,2024-03-01 09:50:00,14,0.0035098276616690035,0.014327805358203041,0.39290262988622865,0.8571428571428571,-0.9103457613248256,1.803170788055449,0.26666666666666666,0.0709163558999694,0.02381124177729621,0.605875999407263
1779,1786,1789,1781,1790,2024,2024-03-01 09:50:00,2024-03-01 10:25:00,2024-03-01 10:40:00,10,0.0029697664836470087,0.002452681836019815,0.11111382211048355,0.7,-0.08297844498274098,1.6377938468653985,0.7272727272727273,0.0,0.009626257552295847,0.2676093088905433
1789,1793,1802,1791,1803,2024,2024-03-01 10:40:00,2024-03-01 11:00:00,2024-03-01 13:15:00,13,0.0029357049073285226,0.004379265317070358,0.1991437041740593,0.3076923076923077,0.2801885379318283,1.3039437403977951,0.5,0.0,0.011534096208841937,-0.4537335534090012
1802,1817,1819,1804,1820,2024,2024-03-01 13:15:00,2024-03-01 14:30:00,2024-03-01 14:40:00,17,0.0026220200218114303,-0.007264893145417266,-0.32327346179131733,0.8823529411764706,-0.0658616920625297,1.7880258982860473,0.6111111111111112,0.0,0.01579012637865773,0.7615917231188593
1819,1825,1832,1821,1833,2024,2024-03-01 14:40:00,2024-03-04 09:40:00,2024-03-04 10:15:00,13,0.002327875094453937,0.009923957275631442,0.2570049589041979,0.46153846153846156,-0.2120197243780205,1.6683991791475314,0.35714285714285715,0.03185705392218425,0.016883007999215494,-0.3283614787673274
1832,1841,1844,1834,1845,2024,2024-03-04 10:15:00,2024-03-04 11:00:00,2024-03-04 11:15:00,12,0.002419068457704321,-0.0056870078462089805,-0.23299857265132673,0.75,-0.2556768757554092,1.631370744872006,0.46153846153846156,0.0,0.014484208649737873,0.8030100923145773
1844,1849,1856,1846,1857,2024,2024-03-04 11:15:00,2024-03-04 13:10:00,2024-03-04 13:45:00,12,0.0023676413177890435,0.0012145880216619682,0.08006995623449238,0.4166666666666667,-0.13801780389222815,1.7258242774661907,0.38461538461538464,0.07180365103149279,0.0078124919780186985,-0.4775983775897102
1856,1868,1872,1858,1873,2024,2024-03-04 13:45:00,2024-03-04 14:45:00,2024-03-05 09:35:00,16,0.0023521032516990994,-0.006688500431979223,-0.23910926033418056,0.75,-0.6755610206775371,1.5707826442825525,0.29411764705882354,0.0,0.005841466463250455,0.2955869784778179
1872,1874,1879,1874,1880,2024,2024-03-05 09:35:00,2024-03-05 09:45:00,2024-03-05 10:10:00,7,0.0023551349391322373,-0.008447130731260681,-0.39244560792736505,0.2857142857142857,0.6229690955607037,1.417694813700991,0.25,0.23861414303938253,0.011336826445059955,0.01834532660770809
1879,1880,1883,1881,1884,2024,2024-03-05 10:10:00,2024-03-05 10:15:00,2024-03-05 10:30:00,4,0.00228142277870621,0.0038487042825276602,0.5137799935158026,0.25,0.22504729142704663,1.1053004152030608,0.6,0.0,0.005877543950679076,-0.6694005757932349
1883,1896,1907,1885,1908,2024,2024-03-05 10:30:00,2024-03-05 13:05:00,2024-03-05 14:00:00,24,0.0021618276331261174,-0.007254829276748238,-0.2075075748569873,0.5416666666666666,0.18135315898103355,1.5880437091213866,0.56,0.020726673184429736,0.01055483234718313,0.4793262588643219
1907,1908,1916,1909,1917,2024,2024-03-05 14:00:00,2024-03-05 14:05:00,2024-03-05 14:45:00,9,0.002195397467170965,0.005784897003267411,0.42817271015621117,0.1111111111111111,-0.2391617955523877,1.4646707845937166,0.5,0.0,0.007531400980911762,-0.7957344863281683
1916,1918,1930,1918,1931,2024,2024-03-05 14:45:00,2024-03-05 14:55:00,2024-03-06 10:25:00,14,0.002571167359019468,0.003543816784204577,0.08165053043974847,0.14285714285714285,1.1234343852171575,1.5909691930732481,0.13333333333333333,0.18500778280613459,0.019155764830567357,-0.5457277194649055
1930,1946,1949,1932,1950,2024,2024-03-06 10:25:00,2024-03-06 13:15:00,2024-03-06 13:30:00,19,0.002630230169995334,0.001100682996693655,0.028727088145920354,0.8421052631578947,-0.7394293409528295,1.4735955469291988,0.2,0.03905465459669475,0.0198379429542328,0.683487502250742
1949,1953,1966,1951,1967,2024,2024-03-06 13:30:00,2024-03-06 13:50:00,2024-03-06 14:55:00,17,0.0027889180901060255,0.0021422051123405244,0.09752290057659345,0.23529411764705882,0.4620744308422548,1.6979906601866543,0.3888888888888889,0.007281820668338126,0.009032422261651796,-0.5126616127335204
1966,1969,1993,1968,1994,2024,2024-03-06 14:55:00,2024-03-07 09:40:00,2024-03-07 13:10:00,27,0.0020564272465287735,0.003218418745567421,0.07750159710136846,0.1111111111111111,0.05614937221488236,1.5030556872594674,0.5,0.026829443977455306,0.02507466659637636,-0.7278523137793135
1993,1998,2003,1995,2004,2024,2024-03-07 13:10:00,2024-03-07 13:35:00,2024-03-07 14:00:00,10,0.001691538101621877,0.0023725697008944754,0.17780751746688792,0.5,-0.18877077888176022,1.1695966774216622,0.36363636363636365,0.0,0.005577259298106263,-0.4321449050824578
2003,2005,2012,2005,2013,2024,2024-03-07 14:00:00,2024-03-07 14:10:00,2024-03-07 14:45:00,9,0.0017288265274091187,0.0006411828156375627,0.0586771309980906,0.2222222222222222,0.035904318522327686,1.2176014798273727,0.3,0.13291858158687922,0.005835017779026508,-0.09264375005219372
2012,2020,2024,2014,2025,2024,2024-03-07 14:45:00,2024-03-08 09:55:00,2024-03-08 10:15:00,12,0.0016587488464795137,-0.005322919266704579,-0.28951199230811475,0.6666666666666666,-0.4322662659074753,1.7460290750670886,0.3076923076923077,0.13663843538025341,0.006888488125796677,0.1313769866080876
2024,2026,2033,2026,2034,2024,2024-03-08 10:15:00,2024-03-08 10:25:00,2024-03-08 11:00:00,9,0.0017837073765888895,0.0037692531144395748,0.2921622874056702,0.2222222222222222,0.5287601884134772,1.5565347456136378,0.2,0.0,0.009152001123624132,-0.5684304966837135
2033,2040,2046,2035,2047,2024,2024-03-08 11:00:00,2024-03-08 13:05:00,2024-03-08 13:35:00,13,0.0017010604090168704,-0.005817412085630578,-0.43406402142860573,0.5384615384615384,0.048323033455845286,1.1405843159460953,0.5,0.044080315646341586,0.006922010597771866,0.8459060438929387
2046,2074,2082,2048,2083,2024,2024-03-08 13:35:00,2024-03-11 10:25:00,2024-03-11 11:05:00,36,0.001624894367354484,0.007281130086675157,0.14409132555433385,0.7777777777777778,-0.05043050751188245,1.490921647336333,0.5945945945945946,0.04043960585295161,0.014048945767545007,0.5191235714724547
2082,2096,2098,2084,2099,2024,2024-03-11 11:05:00,2024-03-11 13:45:00,2024-03-11 13:55:00,16,0.0014734779496063,0.0002493958335913458,0.011333329324808683,0.875,-0.46709296957188323,1.4054440889129642,0.29411764705882354,0.0,0.014551470600186356,0.6640394026895986
2098,2116,2129,2100,2130,2024,2024-03-11 13:55:00,2024-03-12 09:55:00,2024-03-12 11:00:00,31,0.0015694911250010517,0.015803475836413887,0.3007906939865364,0.5806451612903226,-0.23666823880373147,1.6338025760034223,0.21875,0.0,0.020102960338980402,0.25051629649829443
2129,2138,2143,2131,2144,2024,2024-03-12 11:00:00,2024-03-12 13:15:00,2024-03-12 13:40:00,14,0.001984687215987691,-0.012614163119628787,-0.705193710539768,0.6428571428571429,-0.5617661912035551,1.6290203302091406,0.3333333333333333,0.008081856168149716,0.0069765163079402726,0.21286478048142263
2143,2148,2152,2145,2153,2024,2024-03-12 13:40:00,2024-03-12 14:05:00,2024-03-12 14:25:00,9,0.0019637017506778493,-0.008197310464883869,-0.7805919568303665,0.5555555555555556,0.1682679712211646,1.4488656883893374,0.2,0.04949089771867392,0.005446603226273439,0.11255006832775911
2152,2163,2175,2154,2176,2024,2024-03-12 14:25:00,2024-03-13 09:50:00,2024-03-13 10:50:00,23,0.0018282783642305854,0.01026600257251465,0.34647809685551956,0.4782608695652174,-0.2813614957423963,1.7418018749639128,0.375,0.0,0.010218604184652591,0.05276092615001108
2175,2178,2180,2177,2181,2024,2024-03-13 10:50:00,2024-03-13 11:05:00,2024-03-13 11:15:00,5,0.001518944009372305,-0.0016279571513638934,-0.3857272804866753,0.6,0.32697834808323467,1.5297814062953017,0.5,0.025940328557961783,0.002019201449678043,0.8304452197095964
2180,2192,2220,2182,2221,2024,2024-03-13 11:15:00,2024-03-13 13:45:00,2024-03-14 10:35:00,40,0.001499719570672445,0.012400552927002654,0.19524302787146658,0.3,0.3449569229826397,1.6982412179451862,0.4634146341463415,0.010620383742374027,0.019668018401633347,-0.6671891170460723
2220,2227,2245,2222,2246,2024,2024-03-14 10:35:00,2024-03-14 11:10:00,2024-03-14 14:10:00,25,0.0018022616038995383,0.009364661919049633,0.2694014164479946,0.28,0.11581539528059816,1.8205087516169782,0.7692307692307693,0.0,0.01784764339558631,-0.5932532814163228
2245,2253,2283,2247,2284,2024,2024-03-14 14:10:00,2024-03-14 14:50:00,2024-03-15 13:20:00,38,0.0016513429596059005,-0.005184262115299492,-0.12242325705685053,0.21052631578947367,1.1308280708974199,1.435078213400945,0.20512820512820512,0.002368032523612412,0.013602592964849336,-0.3127553868287432
2283,2318,2322,2285,2323,2024,2024-03-15 13:20:00,2024-03-18 10:45:00,2024-03-18 11:05:00,39,0.001551978786493002,0.02032940321407078,0.34226705812364544,0.8974358974358975,-0.34580622129099964,1.7219903451425858,0.4,0.029664137994851403,0.03173258061606887,0.8989858322895888
2322,2329,2332,2324,2333,2024,2024-03-18 11:05:00,2024-03-18 13:10:00,2024-03-18 13:25:00,10,0.0017052533683009662,0.0016729252611849994,0.20390103875736873,0.7,-0.05017242930743707,1.2973061764157987,0.5454545454545454,0.0,0.004390465123729648,0.43387248966067704
2332,2349,2355,2334,2356,2024,2024-03-18 13:25:00,2024-03-18 14:50:00,2024-03-19 09:50:00,23,0.0015514123406779046,-0.0007182488635819533,-0.0365309977245805,0.7391304347826086,-0.8666195712872367,2.2070704611628686,0.25,0.029561037474912656,0.007365575687737547,0.25813057401610084
2355,2357,2359,2357,2360,2024,2024-03-19 09:50:00,2024-03-19 10:00:00,2024-03-19 10:10:00,4,0.0013539405019790585,0.0016573646826763726,0.24766147728161225,0.5,0.02766649445444956,1.06510410691455,0.2,0.0,0.004064897828825131,-0.3837140856614465
2359,2361,2365,2361,2366,2024,2024-03-19 10:10:00,2024-03-19 10:20:00,2024-03-19 10:40:00,6,0.0012826685718500138,0.0005245917759398064,0.06459827951078163,0.3333333333333333,0.3020851747929152,1.782584257133966,0.5714285714285714,0.0,0.004359746295483191,-0.17909127989110907
2365,2367,2375,2367,2376,2024,2024-03-19 10:40:00,2024-03-19 10:50:00,2024-03-19 11:30:00,10,0.0012998738703839062,0.002027754041821845,0.17255716189589332,0.2,0.1933806227646112,1.2906321807426893,0.45454545454545453,0.0,0.005256718674578664,-0.3741652193140656
2375,2379,2398,2377,2399,2024,2024-03-19 11:30:00,2024-03-19 13:20:00,2024-03-19 14:55:00,23,0.0013918122578465435,0.0015953977027913986,0.054815819016649864,0.17391304347826086,0.6686587659443375,1.6884635187479398,0.5416666666666666,0.022867098495433995,0.010380546622997144,-0.5991243539435648
2398,2404,2419,2400,2420,2024,2024-03-19 14:55:00,2024-03-20 09:55:00,2024-03-20 11:10:00,21,0.001543770814499727,-0.004832916552034273,-0.15404671608366965,0.2857142857142857,0.4342290982966613,1.3449964141026498,0.4090909090909091,0.015368009407673112,0.01028115564949772,-0.6785799249693025
2419,2427,2430,2421,2431,2024,2024-03-20 11:10:00,2024-03-20 13:20:00,2024-03-20 13:35:00,11,0.0015827808541023555,-0.005486266194238224,-0.30415195583590454,0.7272727272727273,-1.3342254586470021,1.216912161939221,0.16666666666666666,0.07242433922767863,0.008943444898670272,0.5859127871190419
2430,2438,2441,2432,2442,2024,2024-03-20 13:35:00,2024-03-20 14:15:00,2024-03-20 14:30:00,11,0.001657058813224197,0.0007639702176765869,0.07039034603772912,0.7272727272727273,-0.7517452307841634,1.3922302221347662,0.4166666666666667,0.025581212463445684,0.00450312657311791,0.17785245436866187
2441,2452,2470,2443,2471,2024,2024-03-20 14:30:00,2024-03-21 09:55:00,2024-03-21 11:25:00,29,0.0021870722746720234,0.02146040395142513,0.48947168192225365,0.3793103448275862,0.37497202861947765,3.1144914797905368,0.3,0.003479632607830732,0.020665086919570363,-0.32351745831727763
2470,2475,2477,2472,2478,2024,2024-03-21 11:25:00,2024-03-21 13:20:00,2024-03-21 13:30:00,7,0.002287595623324908,-0.005579760295535748,-0.5810375308648142,0.7142857142857143,0.5222900857954769,2.248199826684056,0.25,0.0668756294223053,0.005601077979600966,0.38476876575423397
2477,2480,2486,2479,2487,2024,2024-03-21 13:30:00,2024-03-21 13:45:00,2024-03-21 14:15:00,9,0.002307972138849906,0.00038356130955321133,0.03310512768012632,0.3333333333333333,0.334336771374043,1.3921073196411151,0.4,0.18491809127558273,0.0039696086851570556,0.03428228203302806
2486,2488,2518,2488,2519,2024,2024-03-21 14:15:00,2024-03-21 14:25:00,2024-03-22 11:25:00,32,0.0016524941426957617,0.012677966309643242,0.3027428092946312,0.0625,0.830286959324939,1.489942878730956,0.24242424242424243,0.15726771546572801,0.020004785246482193,-0.9117295396286882
2518,2526,2530,2520,2531,2024,2024-03-22 11:25:00,2024-03-22 13:35:00,2024-03-22 13:55:00,12,0.001605486198254161,-0.00560376371658339,-0.37855780707355097,0.6666666666666666,-0.519674020977565,1.6675641089094535,0.3076923076923077,0.0850130444006956,0.0074055817299782944,0.869910937491801
2530,2534,2549,2532,2550,2024,2024-03-22 13:55:00,2024-03-22 14:15:00,2024-03-25 10:00:00,19,0.001681050942071806,0.002942113807244957,0.0740395436541911,0.21052631578947367,0.2994000083468592,1.787317195981901,0.3,0.3139932798101447,0.01641477242277034,-0.7287898506536735
2549,2559,2562,2551,2563,2024,2024-03-25 10:00:00,2024-03-25 10:50:00,2024-03-25 11:05:00,13,0.0022838273499771206,-0.008226254431352255,-0.4428459501024276,0.7692307692307693,0.058483854285205195,1.9974922493213436,0.42857142857142855,0.16327077770479276,0.011804425752680814,0.5690118161668526
2562,2564,2567,2564,2568,2024,2024-03-25 11:05:00,2024-03-25 11:15:00,2024-03-25 11:30:00,5,0.0022022773066256527,-0.0002768584138597142,-0.07540341584579921,0.4,-0.35457175727493406,1.7656518226187734,0.5,0.0,0.0018610505214287087,-0.12848254972610912
2567,2568,2591,2569,2592,2024,2024-03-25 11:30:00,2024-03-25 13:05:00,2024-03-25 15:00:00,24,0.0021256535695651137,0.013709917766516623,0.4592415671201874,0.041666666666666664,-0.0067175701804360185,1.423783271806575,0.64,0.003754119998034155,0.018493577914474812,-0.8823875229609156
2591,2593,2621,2593,2622,2024,2024-03-25 15:00:00,2024-03-26 09:40:00,2024-03-26 13:30:00,30,0.0019014295386616618,0.0019612083654752294,0.03759035632104394,0.06666666666666667,0.4265195171067745,1.729087389685234,0.12903225806451613,0.31962593938743816,0.021176702958350724,-0.6245519662577731
2621,2629,2646,2623,2647,2024,2024-03-26 13:30:00,2024-03-26 14:10:00,2024-03-27 10:05:00,25,0.0021685373003703357,0.003883330893026917,0.0921965245305992,0.32,0.09804139248755955,1.5206921556203308,0.5,0.01591529615987326,0.016442424192987914,-0.564768167509915
2646,2648,2660,2648,2661,2024,2024-03-27 10:05:00,2024-03-27 10:15:00,2024-03-27 11:15:00,14,0.0021230944151692114,0.0030397549676646216,0.11814914417198664,0.14285714285714285,1.3645354060775998,1.899287449204428,0.06666666666666667,0.13211047279643026,0.009065676761361274,-0.31654206323480355
2660,2663,2667,2662,2668,2024,2024-03-27 11:15:00,2024-03-27 11:30:00,2024-03-27 13:20:00,7,0.0021024153353896968,0.00017060479440847995,0.04381359936120971,0.42857142857142855,0.3969918620554021,1.664288220319035,0.5,0.0,0.002006150242431559,-0.11121023179975248
2667,2672,2675,2669,2676,2024,2024-03-27 13:20:00,2024-03-27 13:45:00,2024-03-27 14:00:00,8,0.0020120247496970907,-0.004443164288409674,-0.49183720769201345,0.625,-0.2543531828475876,1.8034865670362157,0.4444444444444444,0.12043260273903128,0.004222015790777078,0.14606689936884965
2675,2677,2687,2677,2688,2024,2024-03-27 14:00:00,2024-03-27 14:10:00,2024-03-27 15:00:00,12,0.0018985642237847634,0.0028517672834638312,0.13761947402112476,0.16666666666666666,0.5285511099006571,1.277390245711496,0.38461538461538464,0.0,0.016507090138053293,-0.7628679289603877
2687,2712,2715,2689,2716,2024,2024-03-27 15:00:00,2024-03-28 13:05:00,2024-03-28 13:20:00,28,0.0016552062606753572,0.010467704336732655,0.2814588031881985,0.8928571428571429,-0.5419803586869277,1.4569005016971572,0.3103448275862069,0.01323276410280206,0.023654673930057157,0.8368025974604306
2715,2717,2720,2717,2721,2024,2024-03-28 13:20:00,2024-03-28 13:30:00,2024-03-28 13:45:00,5,0.0017465476743685072,-0.001458949442897648,-0.2681109444422808,0.4,1.2153126091104418,1.3257141242994,0.16666666666666666,0.329315669026477,0.002121692161410671,-0.01227624590686971
2720,2722,2732,2722,2733,2024,2024-03-28 13:45:00,2024-03-28 13:55:00,2024-03-28 14:45:00,12,0.0017052208272423164,0.008711175498846188,0.5190686152732337,0.16666666666666666,-0.11280729339716737,1.7392343943371626,0.3076923076923077,0.1688006550372032,0.011561880844944028,-0.7432332656210745
2732,2734,2759,2734,2760,2024,2024-03-28 14:45:00,2024-03-28 14:55:00,2024-03-29 11:30:00,27,0.0019473137866016985,0.010512094477157919,0.24153927202943998,0.07407407407407407,1.8842087328418646,1.7662747558925969,0.17857142857142858,0.5056718363582909,0.013533327081511892,-0.8061165725727755
2759,2810,2821,2761,2822,2024,2024-03-29 11:30:00,2024-04-01 13:15:00,2024-04-01 14:10:00,62,0.0019509808638255267,0.016325985634150234,0.20431287152149694,0.8225806451612904,-0.4455195897885443,1.9840290783677845,0.4603174603174603,0.013841423225909056,0.03295937309666286,0.817288080682281
2821,2829,2840,2823,2841,2024,2024-04-01 14:10:00,2024-04-01 14:50:00,2024-04-02 10:15:00,19,0.0017607470899065716,-0.0017696168154871226,-0.09516266217595704,0.42105263157894735,0.12554591105211327,1.9823711993348987,0.4,0.04291936717365331,0.01058306887234739,-0.6471477092157436
2840,2849,2851,2842,2852,2024,2024-04-02 10:15:00,2024-04-02 11:00:00,2024-04-02 11:10:00,11,0.0012001654868255753,-0.003821348985672835,-0.4214084213153704,0.8181818181818182,-0.5744290580452395,1.259798018196207,0.5833333333333334,0.0,0.0036766896682607353,0.3961994401086317
2851,2855,2865,2853,2866,2024,2024-04-02 11:10:00,2024-04-02 11:30:00,2024-04-02 13:50:00,14,0.0012397979424787768,0.0004970093198404257,0.03293604213979711,0.2857142857142857,0.5517426573531414,1.530203864267314,0.4666666666666667,0.0007916611341112063,0.007287213433683881,-0.42513274021412323
2865,2867,2875,2867,2876,2024,2024-04-02 13:50:00,2024-04-02 14:00:00,2024-04-02 14:40:00,10,0.0012697168762799442,0.0035654386491304054,0.34846751120128816,0.2,0.07696835635914083,1.3156526942509577,0.6363636363636364,0.0,0.006350966490203724,-0.546988169348793
2875,2878,2890,2877,2891,2024,2024-04-02 14:40:00,2024-04-02 14:55:00,2024-04-03 10:25:00,15,0.0015619305838763392,-0.006118504977162963,-0.21724203188914312,0.2,1.0466505524377567,1.4753630991524243,0.3125,0.018001734815261784,0.01606012690510017,-0.6328874384974582
2890,2902,2922,2892,2923,2024,2024-04-03 10:25:00,2024-04-03 11:25:00,2024-04-03 14:35:00,32,0.0017082222768611452,-0.007196232833353449,-0.1985616545518679,0.375,0.7046411283023365,1.6066889095004655,0.42424242424242425,0.0009058250098923371,0.009445574403141421,0.006995717213229565
2922,2923,2941,2924,2942,2024,2024-04-03 14:35:00,2024-04-03 14:40:00,2024-04-08 10:40:00,19,0.0016982491718535223,0.010067823119001791,0.37111846195975534,0.05263157894736842,-0.06464764271313461,2.0666464486477514,0.2,0.6454791418856795,0.012974101491566081,-0.7811282047423725
2941,2943,2981,2943,2982,2024,2024-04-08 10:40:00,2024-04-08 10:50:00,2024-04-09 10:00:00,40,0.0013900644382095716,0.014156411421611996,0.40488254063768186,0.05,0.15261604436425827,1.6165186178003847,0.5365853658536586,0.05196233053014923,0.01749111913076895,-0.8055215787027873
2981,2995,2997,2983,2998,2024,2024-04-09 10:00:00,2024-04-09 11:10:00,2024-04-09 11:20:00,16,0.0011278311247209947,-0.00418953509429779,-0.21918847780839404,0.875,-0.44751133751398764,1.7795260417659624,0.35294117647058826,0.1594725584026328,0.010193713208987987,0.6117181649951196
2997,3006,3012,2999,3013,2024,2024-04-09 11:20:00,2024-04-09 13:35:00,2024-04-09 14:05:00,15,0.001460046100586304,-0.011517361308307302,-0.6297009521345599,0.6,0.1567953064533975,1.8024929270708074,0.6875,0.03273631864930209,0.007179263396036362,0.24904160476326034
3012,3020,3058,3014,3059,2024,2024-04-09 14:05:00,2024-04-09 14:45:00,2024-04-10 13:55:00,46,0.00154586394594723,0.003788729007799552,0.08971544386095408,0.17391304347826086,1.1625535234340159,2.216537572441102,0.14893617021276595,0.022242548300077297,0.02112522025134389,-0.6639442533932434
3058,3067,3068,3060,3069,2024,2024-04-10 13:55:00,2024-04-10 14:40:00,2024-04-10 14:45:00,10,0.0013351836810614186,-0.004091790000711819,-0.3844323137728204,0.9,-1.3793157411276644,1.3554840800847099,0.36363636363636365,0.2660938026437257,0.005830127884047798,0.6133442670861843
3068,3081,3093,3070,3094,2024,2024-04-10 14:45:00,2024-04-11 10:20:00,2024-04-11 11:20:00,25,0.0014332807884088494,-0.005997745345884683,-0.21450481919798,0.52,0.13839828879120863,2.6252560731866303,0.4230769230769231,0.03821760079813286,0.013674711434014775,0.2516624507661236
3093,3101,3112,3095,3113,2024,2024-04-11 11:20:00,2024-04-11 13:30:00,2024-04-11 14:25:00,19,0.00156542618798397,-0.0005359775295593625,-0.022649823153343927,0.42105263157894735,0.22397732605636728,1.3351609812077607,0.4,0.016051039897723544,0.010707389313289184,-0.05812529550947743
3112,3114,3116,3114,3117,2024,2024-04-11 14:25:00,2024-04-11 14:35:00,2024-04-11 14:45:00,4,0.001613793496414503,0.00031134725622945173,0.05950905225883314,0.5,-0.1562580798676506,1.090859861790626,0.4,0.0,0.0029068019304769876,-0.14436551469734316
3116,3126,3131,3118,3132,2024,2024-04-11 14:45:00,2024-04-12 10:05:00,2024-04-12 10:30:00,15,0.0017923327542918705,-0.00723240973356605,-0.2895967526496352,0.6666666666666666,0.031454106520247195,2.1392228307290715,0.375,0.0483027161811172,0.0096434063343942,0.4762764021954228
3131,3133,3140,3133,3141,2024,2024-04-12 10:30:00,2024-04-12 10:40:00,2024-04-12 11:15:00,9,0.0018190328911669705,0.00045810990049068836,0.06972620385467351,0.2222222222222222,0.4765850754132346,1.769394482827039,0.4,0.0028581738321994043,0.0019119949811416959,0.28188363196292165
3140,3149,3164,3142,3165,2024,2024-04-12 11:15:00,2024-04-12 13:30:00,2024-04-12 14:45:00,24,0.001792346196672034,0.0031386345954708293,0.11117542315516035,0.375,0.31947515823034756,1.2639794118473295,0.4,0.01062415305196068,0.011504355190426807,-0.4037233927708015
3164,3169,3171,3166,3172,2024,2024-04-12 14:45:00,2024-04-15 09:40:00,2024-04-15 09:50:00,7,0.0019510571129162553,-0.022506574316445694,-0.9433186448610522,0.7142857142857143,-1.1240849363227399,1.964119011082662,0.375,0.08236776207089111,0.013478090612213833,0.21656491493900448
3171,3185,3208,3173,3209,2024,2024-04-15 09:50:00,2024-04-15 11:00:00,2024-04-15 14:25:00,37,0.0026908474499223855,0.021654323612286076,0.41359489855710496,0.3783783783783784,0.23246752761146414,2.124940690877725,0.6842105263157895,0.0012014750074214116,0.018251243668234274,0.3302213925440942
3208,3213,3229,3210,3230,2024,2024-04-15 14:25:00,2024-04-15 14:50:00,2024-04-16 10:40:00,21,0.0022851105954783744,0.0010835740395453745,0.028717931504702133,0.23809523809523808,1.124952002121596,1.8799969103884375,0.2727272727272727,0.05478022422024005,0.018534604921516262,-0.609851987378266
3229,3234,3236,3231,3237,2024,2024-04-16 10:40:00,2024-04-16 11:05:00,2024-04-16 11:15:00,7,0.0019615710437503376,-0.009545808714226018,-0.9723641601152367,0.7142857142857143,0.4917108921210206,1.718790516508417,0.25,0.08661276413871909,0.005884637829307593,0.32241616052363964
3236,3243,3261,3238,3262,2024,2024-04-16 11:15:00,2024-04-16 13:20:00,2024-04-16 14:50:00,25,0.0020928901991769952,0.007679284465726886,0.22082382313038387,0.28,0.2648633888471772,1.5511076043603376,0.38461538461538464,0.0,0.012680753200712047,-0.46582505460894724
3261,3282,3295,3263,3296,2024,2024-04-16 14:50:00,2024-04-17 11:05:00,2024-04-17 13:40:00,34,0.002084589166607827,0.0002111727230188198,0.005062774483284832,0.6176470588235294,0.1703291609646368,2.8012764681060522,0.6857142857142857,0.014329957255842326,0.02125514383223326,0.5700164407214278
3295,3309,3313,3297,3314,2024,2024-04-17 13:40:00,2024-04-17 14:50:00,2024-04-18 09:40:00,18,0.0018684804251026313,-0.007660466651221747,-0.31786496407860154,0.7777777777777778,-0.5127215349428684,4.072919650149654,0.47368421052631576,0.0004242911153262578,0.011505695541150551,-0.10414476491304761
3313,3327,3333,3315,3334,2024,2024-04-18 09:40:00,2024-04-18 10:50:00,2024-04-18 11:20:00,20,0.002002998838007927,-0.001096629873483315,-0.027911381790365165,0.7,-0.09228321409070014,1.368196264277243,0.6666666666666666,0.0,0.019160537072337114,0.5977089243141848
3333,3336,3380,3335,3381,2024,2024-04-18 11:20:00,2024-04-18 13:05:00,2024-04-19 11:15:00,47,0.0023353155518509665,0.026739885903016878,0.43442687102682215,0.06382978723404255,-0.2555469019732015,1.9745852211947021,0.4375,0.11094166780455411,0.031088772165575485,-0.8600442683592118
3380,3386,3395,3382,3396,2024,2024-04-19 11:15:00,2024-04-19 13:15:00,2024-04-19 14:00:00,15,0.0017889312358581528,-0.005752710456899318,-0.321613294068294,0.4,0.6059741555182651,1.5713419798592816,0.375,0.044492831417539985,0.007972303125209912,-0.08067009337913886
3395,3400,3409,3397,3410,2024,2024-04-19 14:00:00,2024-04-19 14:25:00,2024-04-22 09:40:00,14,0.0018014389033246252,0.01247967270221248,0.4578403523461512,0.35714285714285715,-0.42213053767670056,3.507366109867702,0.5333333333333333,0.020477162564112236,0.016817518750426252,-0.7222369134597506
3409,3417,3423,3411,3424,2024,2024-04-22 09:40:00,2024-04-22 10:20:00,2024-04-22 10:50:00,14,0.0027639237378924053,-0.018902514402797263,-0.5848177591511436,0.5714285714285714,0.20065686579049988,1.7401226714502436,0.4,0.0,0.018858125212952714,0.6527941942487964
3423,3428,3433,3425,3434,2024,2024-04-22 10:50:00,2024-04-22 11:15:00,2024-04-22 13:10:00,10,0.0027738692887243747,0.002474149150537894,0.2726889249601025,0.5,0.07921335934945965,1.6125397842411053,0.6363636363636364,0.0,0.004955607714358656,0.4964871850723826
3433,3444,3454,3435,3455,2024,2024-04-22 13:10:00,2024-04-22 14:05:00,2024-04-22 14:55:00,21,0.002668940040696799,-0.0012431214823265687,-0.07356463467870449,0.5238095238095238,-0.21391637067189648,1.3634891648060765,0.3181818181818182,0.0336040422670592,0.005005636666660429,-0.1800854574081101
3454,3456,3474,3456,3475,2024,2024-04-22 14:55:00,2024-04-23 09:35:00,2024-04-23 11:05:00,20,0.0013441254434092972,0.007654463359853826,0.30458941630065167,0.1,1.0375215573697205,1.63399667378487,0.19047619047619047,0.3836309128504663,0.010621557943357729,-0.7257897002156075
3474,3475,3478,3476,3479,2024,2024-04-23 11:05:00,2024-04-23 11:10:00,2024-04-23 11:25:00,4,0.0012530862356820596,0.00027544415543937287,0.18523231474922167,0.25,0.9771471240974455,1.3038904131144022,0.2,0.0,0.0008673684174613783,-0.301678660012416
3478,3480,3482,3480,3483,2024,2024-04-23 11:25:00,2024-04-23 13:05:00,2024-04-23 13:15:00,4,0.0012508857593605872,0.0012266473411331935,0.28645505593125936,0.5,-0.05622077916361088,1.2865183077110927,0.2,0.0,0.00279558672453728,-0.43876783310930045
3482,3488,3496,3484,3497,2024,2024-04-23 13:15:00,2024-04-23 13:45:00,2024-04-23 14:25:00,14,0.001393030097662398,-0.004854597073244759,-0.26692681931938966,0.42857142857142855,0.6023621526783651,1.3758964286346893,0.26666666666666666,0.0,0.008076190421446583,0.44657608503527685
3496,3499,3501,3498,3502,2024,2024-04-23 14:25:00,2024-04-23 14:40:00,2024-04-23 14:50:00,5,0.0014582018014482317,-0.0002061189863494783,-0.03671423569373946,0.6,0.3638649732790518,1.5600772178977738,0.3333333333333333,0.09052855245418613,0.003321532604385169,0.028957190296417957
3501,3516,3522,3503,3523,2024,2024-04-23 14:50:00,2024-04-24 10:35:00,2024-04-24 11:05:00,21,0.0015755765001778381,-0.00669874438844246,-0.19686588409581154,0.7142857142857143,-0.28782262306711687,1.9231224874000867,0.45454545454545453,0.01044411559425936,0.008524780866260961,0.41669756601144015
3522,3538,3540,3524,3541,2024,2024-04-24 11:05:00,2024-04-24 13:55:00,2024-04-24 14:05:00,18,0.0015940618991130513,-0.0024532672954169794,-0.1712448509573586,0.8888888888888888,-0.2774560963416993,1.4806943755375606,0.5789473684210527,0.0191389643475221,0.008221745873820296,0.8760686774141281
3540,3548,3556,3542,3557,2024,2024-04-24 14:05:00,2024-04-24 14:45:00,2024-04-25 09:55:00,16,0.0014633841398407998,0.0017516724618818775,0.1054331073040899,0.5,-0.26938238491161165,1.984884684313868,0.29411764705882354,0.007993257059388513,0.00975458217272962,-0.5911373179989966
3556,3570,3590,3558,3591,2024,2024-04-25 09:55:00,2024-04-25 11:05:00,2024-04-25 14:15:00,34,0.0014050132502545858,0.004757103935425798,0.13874860779302797,0.4117647058823529,0.2265715727516045,1.579980262395191,0.37142857142857144,0.0,0.010891176571524497,0.12920111124362094
3590,3609,3612,3592,3613,2024,2024-04-25 14:15:00,2024-04-26 10:20:00,2024-04-26 10:35:00,22,0.0016050271283719463,-0.0008615579170482841,-0.024059958899211854,0.8636363636363636,-0.8692214768354475,2.0451539924860693,0.34782608695652173,0.3023494949082994,0.01972258552450512,0.8096108483697426
3612,3630,3636,3614,3637,2024,2024-04-26 10:35:00,2024-04-26 13:35:00,2024-04-26 14:05:00,24,0.0016799729153176223,-0.0028701941206285466,-0.0966837354040923,0.75,-0.38875107366009787,1.5279348748368113,0.48,0.016254331961454465,0.01183018629361765,0.6144583685329349
3636,3668,3683,3638,3684,2024,2024-04-26 14:05:00,2024-04-29 11:15:00,2024-04-29 14:00:00,47,0.0021641135254419326,0.02970625173974079,0.4193267456199362,0.6808510638297872,0.017058276785259587,2.26324773727416,0.4375,0.04263308926902677,0.03982537956535648,0.7921942012774563
3683,3690,3717,3685,3718,2024,2024-04-29 14:00:00,2024-04-29 14:35:00,2024-04-30 11:20:00,34,0.0016687476325032587,-0.003035779905283161,-0.08897719017632816,0.20588235294117646,0.48568073799300676,1.7609873210521316,0.42857142857142855,0.00040505494230362734,0.015265493607657277,-0.6756978232160696
3717,3730,3736,3719,3737,2024,2024-04-30 11:20:00,2024-04-30 13:55:00,2024-04-30 14:25:00,19,0.0012606485701383227,-0.0031036918022591367,-0.18731806335027,0.6842105263157895,-0.5158136884880675,1.4732436050810915,0.25,0.006476556201244958,0.0076877927399285895,0.5965260639967845
3736,3751,3776,3738,3777,2024,2024-04-30 14:25:00,2024-05-06 10:10:00,2024-05-06 13:45:00,40,0.0026907258550982146,-0.006572241166136109,-0.11154665289693953,0.375,0.3297130534148293,3.8844583806531037,0.5365853658536586,0.03575351962510367,0.021526720321880077,0.3608928557041314
3776,3784,3792,3778,3793,2024,2024-05-06 13:45:00,2024-05-06 14:25:00,2024-05-07 09:35:00,16,0.0027162782542778105,-0.00796322433735229,-0.640041525244625,0.5,0.10156678813254832,1.5548101762976017,0.5294117647058824,0.016503462520055284,0.005032736210324629,0.276589886417065
3792,3795,3816,3794,3817,2024,2024-05-07 09:35:00,2024-05-07 09:50:00,2024-05-07 13:05:00,24,0.0012151225345066266,0.00695879103296773,0.26970645212010347,0.125,0.8275357751216403,1.6645939619123054,0.2,0.1300738897237425,0.01256138820683006,-0.7541249290877086
3816,3826,3833,3818,3834,2024,2024-05-07 13:05:00,2024-05-07 13:55:00,2024-05-07 14:30:00,17,0.0011989786110651046,-0.003792538034248094,-0.33199233642802267,0.5882352941176471,-0.14342317314963401,1.5964471858364686,0.5,0.0,0.0038040384210846767,-0.10598217395186724
3833,3836,3843,3835,3844,2024,2024-05-07 14:30:00,2024-05-07 14:45:00,2024-05-08 09:50:00,10,0.001134661686584338,0.004275348995883299,0.35738850479405665,0.3,-0.01905585939892703,2.4748790050330944,0.36363636363636365,0.07820010442397259,0.007115798098181081,-0.6137234648824111
3843,3846,3867,3845,3868,2024,2024-05-08 09:50:00,2024-05-08 10:05:00,2024-05-08 13:20:00,24,0.0011466073436391959,0.00021907635688027578,0.01194721473182738,0.125,0.8010897431814038,1.7436314259087278,0.36,0.0072559145362787025,0.00883954758739236,-0.5972016740665781
3867,3877,3883,3869,3884,2024,2024-05-08 13:20:00,2024-05-08 14:10:00,2024-05-08 14:40:00,16,0.0011353679448900175,-0.0030419958131494575,-0.24784632419170738,0.625,-0.09363202183061836,1.69412499822569,0.4117647058823529,0.038380563604008926,0.004996633412865492,0.05781962735946563
3883,3894,3898,3885,3899,2024,2024-05-08 14:40:00,2024-05-09 10:05:00,2024-05-09 10:25:00,15,0.001475787233807728,-0.0018489754536981607,-0.07361189992516148,0.7333333333333333,-0.5964240738853628,2.2036143678791777,0.125,0.19488548256471036,0.01615501925918128,0.7472699894659467
3898,3921,3925,3900,3926,2024,2024-05-09 10:25:00,2024-05-09 13:50:00,2024-05-09 14:10:00,27,0.0016610710003037038,0.00819104861318223,0.3335004611380557,0.8518518518518519,-0.39849291541033754,1.4641648077482112,0.35714285714285715,0.14132566213905132,0.010604251909335893,0.7627132919793812
3925,3931,3948,3927,3949,2024,2024-05-09 14:10:00,2024-05-09 14:40:00,2024-05-10 10:35:00,23,0.0016425100904528833,0.0011618792046659376,0.04055558199146709,0.2608695652173913,0.5766584948158898,2.1930588191012217,0.25,0.14301308885618277,0.01819350302399325,-0.8460273291852225
3948,3952,3958,3950,3959,2024,2024-05-10 10:35:00,2024-05-10 10:55:00,2024-05-10 11:25:00,10,0.0014569019149669215,-0.008620616502492124,-0.9141076845782313,0.4,0.7686105104550423,1.6862828219764936,0.2727272727272727,0.0031146248420659533,0.00423848258044579,-0.02774944542930712
3958,3965,3975,3960,3976,2024,2024-05-10 11:25:00,2024-05-10 13:30:00,2024-05-10 14:20:00,17,0.001413685721756028,-0.006756210824331123,-0.5836342158580292,0.4117647058823529,0.16920145144539328,1.5571521092530394,0.5,0.04623356678522834,0.005346420861775059,0.29554717011572246
3975,3979,3986,3977,3987,2024,2024-05-10 14:20:00,2024-05-10 14:40:00,2024-05-13 09:45:00,11,0.0013682478003464822,0.004958049964866704,0.2536898039716161,0.36363636363636365,-0.3905158386762519,3.053875690210137,0.5,0.05546495344740178,0.006143649555862218,-0.7429357423499111
3986,3996,4005,3988,4006,2024,2024-05-13 09:45:00,2024-05-13 10:35:00,2024-05-13 11:20:00,19,0.001388984737435282,-0.0055311856654580655,-0.2407194939977395,0.5263157894736842,0.05807851282764556,1.689392597436304,0.65,0.016418064686155535,0.0073611942899312055,0.0231473800146893
4005,4009,4011,4007,4012,2024,2024-05-13 11:20:00,2024-05-13 13:10:00,2024-05-13 13:20:00,6,0.0013917737563655685,-0.003181126269275436,-0.4816173315614956,0.6666666666666666,-0.44437176844516474,1.1171396944335839,0.2857142857142857,0.0,0.003741305185545052,0.18909792322119906
4011,4014,4025,4013,4026,2024,2024-05-13 13:20:00,2024-05-13 13:35:00,2024-05-13 14:30:00,14,0.0014055716611406184,-0.0012576964731303404,-0.15552822518324905,0.21428571428571427,0.0074143662690761515,1.4380093483358851,0.6,0.003569307617482036,0.004725912903138507,-0.41054404819629836
4025,4032,4039,4027,4040,2024,2024-05-13 14:30:00,2024-05-14 09:35:00,2024-05-14 10:10:00,14,0.0014037829350306613,-0.012875377248333498,-0.6498932280239254,0.5,-0.27182995982252883,2.212710233689918,0.2,0.0,0.011292162567281494,-0.2478650278356594
4039,4044,4050,4041,4051,2024,2024-05-14 10:10:00,2024-05-14 10:35:00,2024-05-14 11:05:00,11,0.0015056270051828225,-0.011260539942587864,-0.8480493008741787,0.45454545454545453,0.2629364605300054,1.8733036070064675,0.4166666666666667,0.0,0.006636351031087173,0.35055756009737865
4050,4052,4058,4052,4059,2024,2024-05-14 11:05:00,2024-05-14 11:15:00,2024-05-14 13:15:00,8,0.0014923110657219453,0.0013006380214038026,0.1916644610101583,0.25,0.08313931138249821,1.3039596085362197,0.4444444444444444,0.06968487835543699,0.003925357698439491,-0.36481150309827776
4058,4061,4065,4060,4066,2024,2024-05-14 13:15:00,2024-05-14 13:30:00,2024-05-14 13:50:00,7,0.0014614730496185333,0.0001446198144813829,0.04317286594936409,0.42857142857142855,-0.006452324958699042,1.423098225740545,0.625,0.0,0.0017734344240878386,-0.044482122848080265
4065,4068,4082,4067,4083,2024,2024-05-14 13:50:00,2024-05-14 14:05:00,2024-05-15 09:45:00,17,0.0014791533794607547,0.006860547252798291,0.39152945249212534,0.17647058823529413,-0.17051708802004983,2.7245406762119613,0.6111111111111112,0.014038795116069399,0.009396422612576671,-0.7470315895592202
4082,4087,4101,4084,4102,2024,2024-05-15 09:45:00,2024-05-15 10:10:00,2024-05-15 11:20:00,19,0.00139653594864802,-0.0056755836880061535,-0.31236271386885145,0.2631578947368421,0.7106967422447974,1.5554332792394088,0.2,0.008500343682579821,0.0058090573157123515,0.09342763486427282
4101,4103,4127,4103,4128,2024,2024-05-15 11:20:00,2024-05-15 11:30:00,2024-05-15 15:00:00,26,0.0013768585882662223,0.002875945444125922,0.11300754910109258,0.07692307692307693,-0.3139253810509515,1.5770271434778296,0.25925925925925924,0.00660414153048607,0.009402334840473259,-0.8734017771493802
4127,4131,4133,4129,4134,2024,2024-05-15 15:00:00,2024-05-16 09:50:00,2024-05-16 10:00:00,6,0.0011180425394319755,-0.002236112860547249,-0.19962271302722698,0.6666666666666666,-0.8151556488067287,1.2342409216425247,0.14285714285714285,0.0,0.00472549781503151,0.296267105999635
4133,4135,4140,4135,4141,2024,2024-05-16 10:00:00,2024-05-16 10:10:00,2024-05-16 10:35:00,7,0.0011105855910159318,-0.0014930245761200808,-0.22973540526889508,0.2857142857142857,0.5061581798176671,1.7656087853661646,0.25,0.0,0.004582397788104764,-0.448241035182658
4140,4151,4176,4142,4177,2024,2024-05-16 10:35:00,2024-05-16 11:30:00,2024-05-17 09:35:00,36,0.0012051900655156878,0.008509612547430788,0.26545740785665894,0.3055555555555556,0.18068446671869667,1.9374318789146017,0.6216216216216216,0.0,0.01441873325268972,-0.5606271401928246
4176,4184,4191,4178,4192,2024,2024-05-17 09:35:00,2024-05-17 10:15:00,2024-05-17 10:50:00,15,0.0015342836027141859,-0.0051561783180557996,-0.19839537503232635,0.5333333333333333,0.17259550850836172,1.4512518107933121,0.4375,0.000914881982221612,0.011868185893771255,0.48175201092578895
4191,4195,4199,4193,4200,2024,2024-05-17 10:50:00,2024-05-17 11:10:00,2024-05-17 11:30:00,8,0.0015574850865776087,1.3380521974334317e-05,0.001877998998854895,0.5,0.30231612209037073,1.5032340760686398,0.3333333333333333,0.04086367608517726,0.003274331520986884,0.04904345421252329
4202,4211,4215,4204,4216,2024,2024-05-17 13:15:00,2024-05-17 14:00:00,2024-05-17 14:20:00,13,0.0016634358686121848,-0.007846566448083448,-0.7820814058965344,0.6923076923076923,-0.13902290326529507,1.5235867082584171,0.5,0.016411089979716617,0.005767860258684365,0.5746945235315445
4215,4232,4245,4217,4246,2024,2024-05-17 14:20:00,2024-05-20 10:15:00,2024-05-20 11:20:00,30,0.0015444698221018986,0.015290327364968997,0.3842087985111506,0.5666666666666667,-0.2399393864357946,1.8155292113813255,0.3870967741935484,0.0,0.015360268100719665,0.2168195005137206
4245,4249,4255,4247,4256,2024,2024-05-20 11:20:00,2024-05-20 13:10:00,2024-05-20 13:40:00,10,0.0014679164822111038,0.001237566277915608,0.13842704388980276,0.4,-0.10954861532020528,1.3317308623734716,0.36363636363636365,0.05897477373861178,0.005049374907037496,-0.25565161294271244
4255,4262,4266,4257,4267,2024,2024-05-20 13:40:00,2024-05-20 14:15:00,2024-05-20 14:35:00,11,0.0014460396358536162,-0.005301149865847298,-0.5983974048005617,0.6363636363636364,0.03821501632867143,1.7006996235343312,0.25,0.05418665043468849,0.004703327565937165,0.4723060883169094
4266,4272,4281,4268,4282,2024,2024-05-20 14:35:00,2024-05-21 09:35:00,2024-05-21 10:20:00,15,0.00136058298556697,0.0005870830754536593,0.050324721565346654,0.4,0.3579398734970192,1.7412887038848077,0.3125,0.009358794804528045,0.005011076035275508,-0.5735571999505908
4281,4285,4290,4283,4291,2024,2024-05-21 10:20:00,2024-05-21 10:40:00,2024-05-21 11:05:00,9,0.0009340617712366273,-0.0023171960308273508,-0.4486107630360772,0.4444444444444444,-0.6055480749844074,1.4054840873907142,0.2,0.12819234817472874,0.0025560480394863916,0.1094631050422462
4290,4296,4299,4292,4300,2024,2024-05-21 11:05:00,2024-05-21 13:05:00,2024-05-21 13:20:00,9,0.0008518105836188544,9.32655604271972e-05,0.024056027314095795,0.6666666666666666,-0.37591280706717833,1.5126702264290932,0.5,0.21687319096505286,0.0014122978831370148,-0.1698067684807044
4299,4301,4312,4301,4313,2024,2024-05-21 13:20:00,2024-05-21 13:30:00,2024-05-21 14:25:00,13,0.0007923879700918357,0.003216316556754172,0.33833401040303546,0.15384615384615385,0.8927662079034863,1.2487213260483223,0.21428571428571427,0.031175417271676435,0.004721015916668847,-0.6813036411859823
4312,4313,4318,4314,4319,2024,2024-05-21 14:25:00,2024-05-21 14:30:00,2024-05-21 14:55:00,6,0.0007407160097425951,0.0005883296955281726,0.13508294189878275,0.16666666666666666,0.5250737340565448,1.2413588459220712,0.14285714285714285,0.07517397371196552,0.002511993410808877,-0.23421769095434736
4318,4324,4339,4320,4340,2024,2024-05-21 14:55:00,2024-05-22 09:55:00,2024-05-22 11:10:00,21,0.0008782379955856362,-0.0033475268783411042,-0.1588826053389916,0.2857142857142857,1.052558567418008,1.6842064957054073,0.22727272727272727,0.048604329748270614,0.0066020983444836645,-0.6822574773539768
4339,4360,4378,4341,4379,2024,2024-05-22 11:10:00,2024-05-22 14:25:00,2024-05-23 10:25:00,39,0.0010182403915985363,0.02375676319185041,0.5721101351792928,0.5384615384615384,-0.206256068765582,1.8946007369240818,0.425,0.0027585611638581576,0.01646275825081389,0.011424943947985702
4378,4389,4403,4380,4404,2024,2024-05-23 10:25:00,2024-05-23 11:20:00,2024-05-23 14:00:00,25,0.0013917049048113653,0.0035116596396943113,0.2128089575065978,0.44,0.0684352066067242,1.8489737937997124,0.34615384615384615,0.0,0.009859433174460364,-0.3548695514834527
4403,4408,4412,4405,4413,2024,2024-05-23 14:00:00,2024-05-23 14:25:00,2024-05-23 14:45:00,9,0.0013358631303613771,-0.005788266691964604,-0.6108688566021293,0.5555555555555556,-0.18094374380156614,1.4540484616764864,0.5,0.022202868594484376,0.0037691699959383484,-0.028613764422331576
4412,4418,4433,4414,4434,2024,2024-05-23 14:45:00,2024-05-24 09:45:00,2024-05-24 11:00:00,21,0.0011404022393026328,0.0015582273265479269,0.06784519801636307,0.2857142857142857,1.3827679332493499,1.622214080706353,0.2727272727272727,0.01680035608835827,0.013247373135667928,-0.6233704242698549
4433,4437,4480,4435,4481,2024,2024-05-24 11:00:00,2024-05-24 11:20:00,2024-05-27 10:55:00,47,0.0011384622930618118,0.01443422171800703,0.32548047908136596,0.0851063829787234,0.19920016732339837,1.8661952381337572,0.3541666666666667,0.1510546030818982,0.02499496025626069,-0.8442155138998214
4480,4518,4552,4482,4553,2024,2024-05-27 10:55:00,2024-05-28 10:05:00,2024-05-28 14:25:00,72,0.0019328331077231777,0.03345524840567206,0.3632707833032631,0.5277777777777778,0.022475022730735452,2.270102274641348,0.4931506849315068,0.0017953918872697036,0.035369074444614235,0.581220573047578
4552,4569,4580,4554,4581,2024,2024-05-28 14:25:00,2024-05-29 10:20:00,2024-05-29 11:15:00,28,0.0013247367088014975,-0.00467599770849786,-0.17275264570100332,0.6071428571428571,-0.18862909002819708,2.6770913090670905,0.4482758620689655,0.021831364245928634,0.008580253115771264,0.1251614405997691
4580,4583,4598,4582,4599,2024,2024-05-29 11:15:00,2024-05-29 11:30:00,2024-05-29 14:15:00,18,0.0013148025097644929,0.0028308319425966607,0.20244975861868034,0.16666666666666666,0.2734307237236283,1.553852998573959,0.631578947368421,0.0,0.008882176501039396,-0.6289082299572056
4598,4615,4617,4600,4618,2024,2024-05-29 14:15:00,2024-05-30 10:10:00,2024-05-30 10:20:00,19,0.0013743849203520994,0.0033298948962445403,0.111372792486838,0.8947368421052632,-1.401940029192745,1.4472838389365865,0.25,0.5165618348137557,0.014502936993961768,0.8566450647087906
4617,4630,4634,4619,4635,2024,2024-05-30 10:20:00,2024-05-30 11:25:00,2024-05-30 13:15:00,17,0.0015348832659200615,0.00013490179170008916,0.005531884744627165,0.7647058823529411,-1.084939287924049,1.4255420329777866,0.16666666666666666,0.324615441606338,0.00566268197800035,0.07147463719909963
4634,4642,4652,4636,4653,2024,2024-05-30 13:15:00,2024-05-30 13:55:00,2024-05-30 14:45:00,18,0.0016755297124105859,-0.010266266510418978,-0.549225600902373,0.4444444444444444,0.1435119259571021,1.4035906923683898,0.47368421052631576,0.00684331170505585,0.005570295473433795,-0.0024215290766656755
4652,4661,4670,4654,4671,2024,2024-05-30 14:45:00,2024-05-31 10:00:00,2024-05-31 10:45:00,18,0.0015996309758960824,-0.00557955424473876,-0.19682937904863118,0.5,0.08563176826626746,1.4798969602627294,0.21052631578947367,0.0,0.012399872008931112,0.27800003814736696
4670,4677,4678,4672,4679,2024,2024-05-31 10:45:00,2024-05-31 11:20:00,2024-05-31 11:25:00,8,0.00153413241184681,-0.0014104658889950352,-0.1827765134383572,0.875,0.2639919822484278,1.0829491377632778,0.4444444444444444,0.0,0.002456921224916364,0.5412886377662403
4678,4681,4700,4680,4701,2024,2024-05-31 11:25:00,2024-05-31 13:10:00,2024-05-31 14:45:00,22,0.0013603753397044903,-0.0007703716710822039,-0.04280346482933674,0.13636363636363635,0.13220933733244136,1.3965615715018243,0.34782608695652173,0.0,0.005672973218194599,-0.7446154741827103
4700,4713,4719,4702,4720,2024,2024-05-31 14:45:00,2024-06-03 10:20:00,2024-06-03 10:50:00,19,0.001470507978410686,0.007840945048876788,0.23946378460793516,0.6842105263157895,0.0241752834186703,1.5878507527547963,0.5,0.0352601004297943,0.01729642798839226,0.6464132582772792
4719,4720,4730,4721,4731,2024,2024-06-03 10:50:00,2024-06-03 10:55:00,2024-06-03 13:15:00,11,0.0016762908491966926,0.0035260213901341458,0.23874096222965271,0.09090909090909091,1.0220861264832657,1.6636464315164443,0.3333333333333333,0.08779665493167495,0.008331659662886182,-0.4328028160290566
4730,4734,4744,4732,4745,2024,2024-06-03 13:15:00,2024-06-03 13:35:00,2024-06-03 14:25:00,14,0.00167854986403802,0.0028405303554075063,0.31882834055067627,0.2857142857142857,0.2666969174052947,1.7710779150483802,0.4,0.02109875062868417,0.005286096525020767,-0.5424282047378772
4744,4751,4754,4746,4755,2024,2024-06-03 14:25:00,2024-06-03 15:00:00,2024-06-04 09:45:00,10,0.0016983006153786504,-0.01090111471811614,-0.6658011638926512,0.7,-0.08312400040343942,1.5401567892068624,0.45454545454545453,0.0015549032378558956,0.0073128179313197705,0.5603159224986395
4754,4757,4762,4756,4763,2024,2024-06-04 09:45:00,2024-06-04 10:00:00,2024-06-04 10:25:00,8,0.0014464719958100576,-0.0004143437111460437,-0.051150655329217184,0.375,0.5602779860497364,1.4880516120825868,0.2222222222222222,0.02123802661730737,0.0031893271404630497,-0.029330949917906267
4762,4772,4783,4764,4784,2024,2024-06-04 10:25:00,2024-06-04 11:15:00,2024-06-04 13:40:00,21,0.0010868078993580452,-0.0029721311378344724,-0.2164554425797597,0.47619047619047616,0.07602915134968048,1.7710042377562327,0.4090909090909091,0.0,0.004830411569945348,-0.1799141789902511
4783,4805,4810,4785,4811,2024,2024-06-04 13:40:00,2024-06-05 10:00:00,2024-06-05 10:25:00,27,0.0011384777641591974,0.005316450303611036,0.14552322369022114,0.8148148148148148,-0.7687105593195505,1.534654509089763,0.2857142857142857,0.01993781426612984,0.018172798957191816,0.7362476919732409
4810,4814,4832,4812,4833,2024,2024-06-05 10:25:00,2024-06-05 10:45:00,2024-06-05 13:45:00,22,0.0012614198510254235,0.002177752244317597,0.12698558926399833,0.18181818181818182,0.5195431923337523,1.582830743566451,0.391304347826087,0.0,0.00794807595681224,-0.5441752372040154
4832,4836,4845,4834,4846,2024,2024-06-05 13:45:00,2024-06-05 14:05:00,2024-06-05 14:50:00,13,0.0012695483407817562,0.002747637368230144,0.27993591518087935,0.3076923076923077,0.21640800261935672,1.36964002710512,0.5,0.0,0.00589761100828845,-0.47039749538036363
4845,4849,4858,4847,4859,2024,2024-06-05 14:50:00,2024-06-06 09:40:00,2024-06-06 10:25:00,13,0.0015956281170634056,-0.00761977426134538,-0.2702996664067689,0.3076923076923077,0.19779905070654233,1.8603416235772143,0.5,0.002455932415553722,0.011905297526051406,-0.3748613616264827
4858,4864,4871,4860,4872,2024,2024-06-06 10:25:00,2024-06-06 10:55:00,2024-06-06 11:30:00,13,0.0018577987506217934,-0.01342644574271352,-0.6355822166535098,0.46153846153846156,0.23873979840533707,1.4815025366452652,0.42857142857142855,0.017341561461460396,0.009825181576773367,0.2049908687627407
4871,4872,4894,4873,4895,2024,2024-06-06 11:30:00,2024-06-06 13:05:00,2024-06-06 14:55:00,23,0.0019486363380499037,0.009974043284784413,0.3739431995265703,0.043478260869565216,0.24195650159117058,1.4664289427408048,0.375,0.08055953199332909,0.013128179779434035,-0.748660493081045
4894,4899,4918,4896,4919,2024,2024-06-06 14:55:00,2024-06-07 09:50:00,2024-06-07 11:25:00,24,0.0020398783677905235,-0.005454297911553968,-0.11694257590060779,0.20833333333333334,0.9551901201815466,1.7436566557743152,0.2,0.05561065425853201,0.020028470886423122,-0.6036087878294722
4918,4919,4927,4920,4928,2024,2024-06-07 11:25:00,2024-06-07 11:30:00,2024-06-07 13:40:00,9,0.002060977626071394,0.002195300758258516,0.14544896604830815,0.1111111111111111,0.5209305990245549,1.4401042903068835,0.2,0.0,0.005417116594036209,-0.3750065384305857
4927,4938,4940,4929,4941,2024,2024-06-07 13:40:00,2024-06-07 14:35:00,2024-06-07 14:45:00,13,0.0020765179745913026,-0.007547662424774117,-0.5563004632570449,0.8461538461538461,0.1822962142422014,1.6387049199730632,0.5,0.1020785667841815,0.008917221908425255,0.7261602519210498
4940,4949,4951,4942,4952,2024,2024-06-07 14:45:00,2024-06-11 10:00:00,2024-06-11 10:10:00,11,0.00171643567478106,0.0011520504381335097,0.0669122950259337,0.8181818181818182,-0.39484793879131347,1.3055554931268134,0.5833333333333334,0.0,0.0038840781525379953,0.28262359781026763
4954,4968,4970,4956,4971,2024,2024-06-11 10:25:00,2024-06-11 13:05:00,2024-06-11 13:15:00,16,0.0014434044359337911,0.01189097044895834,0.5292994003186484,0.875,-0.24265514321977624,1.4987409354054055,0.4117647058823529,0.32652021788008845,0.014888945947182819,0.7769924248544955
4970,4993,4995,4972,4996,2024,2024-06-11 13:15:00,2024-06-12 09:40:00,2024-06-12 09:50:00,25,0.001355081499214946,0.009886118318925673,0.2907351301238653,0.92,-1.8874926574239999,1.9905252419082142,0.11538461538461539,0.20189003494996102,0.017001934642427052,0.5994981751471636
4995,4998,5017,4997,5018,2024,2024-06-12 09:50:00,2024-06-12 10:05:00,2024-06-12 13:10:00,22,0.001905033952528951,0.006413921904787746,0.24401632648498967,0.13636363636363635,0.8286507600511666,2.1634773563307386,0.30434782608695654,0.030414954786892167,0.008057422698048988,-0.12328970922007802
5017,5028,5032,5019,5033,2024,2024-06-12 13:10:00,2024-06-12 14:05:00,2024-06-12 14:25:00,15,0.0018489669194855368,-0.001178628557279286,-0.1128252755356737,0.7333333333333333,-0.14213216263050568,1.424658765474573,0.25,0.14459524782772476,0.002489408065263099,0.4734949776901922
5032,5048,5055,5034,5056,2024,2024-06-12 14:25:00,2024-06-13 10:15:00,2024-06-13 10:50:00,23,0.001314088309844787,-0.002602144964722386,-0.11565976188184252,0.6956521739130435,-0.34585984733192665,2.1543830219164932,0.3333333333333333,0.043313876314349464,0.009570838718746089,0.1299192038250896
5055,5071,5092,5057,5093,2024,2024-06-13 10:50:00,2024-06-13 13:40:00,2024-06-14 09:55:00,37,0.001456419553246779,0.006149963777036529,0.1138651614873276,0.43243243243243246,0.002169664258934141,1.6990145279346827,0.5526315789473685,0.02233325449525907,0.018408178230044037,-0.18920235083411666
5092,5095,5101,5094,5102,2024,2024-06-14 09:55:00,2024-06-14 10:10:00,2024-06-14 10:40:00,9,0.0019046777266862715,0.0026436239665854604,0.17989025446074963,0.3333333333333333,2.14143279576398,1.2873435288463164,0.2,0.427218992658386,0.005480483737444253,-0.49446743921986575
5101,5106,5112,5103,5113,2024,2024-06-14 10:40:00,2024-06-14 11:05:00,2024-06-14 13:05:00,11,0.0018689941510380095,0.0006253950504892996,0.05330965549999815,0.45454545454545453,-0.25735350079042274,1.719376122725714,0.25,0.01931182468229938,0.003654659101581359,-0.1929732628120649
5112,5121,5129,5114,5130,2024,2024-06-14 13:05:00,2024-06-14 13:50:00,2024-06-14 14:30:00,17,0.001760692103061841,-0.008957876780132235,-0.5136500340488145,0.5294117647058824,-0.19697961367909517,1.5151221479233277,0.2777777777777778,0.05407121381038081,0.006228812032034625,0.24984114476047864
5129,5131,5133,5131,5134,2024,2024-06-14 14:30:00,2024-06-14 14:40:00,2024-06-14 14:50:00,4,0.0016866782983217684,-0.0001860292071217876,-0.05004637655549419,0.5,0.09753808408869936,1.0258388107382557,0.4,0.0,0.0021507668735329943,0.055612015967261536
5133,5134,5137,5135,5138,2024,2024-06-14 14:50:00,2024-06-14 14:55:00,2024-06-17 09:40:00,4,0.0016866782983217684,-0.0019512201312620382,-0.18454221552728217,0.25,-3.074156975453466,1.2785812364835776,0.2,0.6725005455988301,0.0036393138761097177,0.5763357115634729
5137,5152,5156,5139,5157,2024,2024-06-17 09:40:00,2024-06-17 10:55:00,2024-06-17 11:15:00,19,0.0015357707278324923,-0.004116394019510994,-0.20909629269604724,0.7894736842105263,-0.0018461076321675913,1.80185983266589,0.6,0.1779789985434261,0.009074412326786963,0.25981965389353173
5156,5164,5177,5158,5178,2024,2024-06-17 11:15:00,2024-06-17 13:25:00,2024-06-17 14:30:00,21,0.0013680104598752707,0.004056788205489068,0.2942144158980524,0.38095238095238093,0.23394133609365678,1.3924852974713124,0.5909090909090909,0.0,0.004922640182428495,0.07255155968650903
5177,5187,5191,5179,5192,2024,2024-06-17 14:30:00,2024-06-18 09:50:00,2024-06-18 10:10:00,14,0.001293939637121895,-0.01091577858720052,-0.5570752449405463,0.7142857142857143,-1.296191862540369,1.9488984454650882,0.3333333333333333,0.0029140251752298356,0.009005392963315373,0.1790237151379637
5191,5194,5200,5193,5201,2024,2024-06-18 10:10:00,2024-06-18 10:25:00,2024-06-18 10:55:00,9,0.0013467462452538535,-0.006348335264225322,-0.8225481127337368,0.3333333333333333,0.48570829965865814,1.7383541510003855,0.5,0.021544721731558164,0.004190060680026697,0.5351123950012815
5200,5205,5219,5202,5220,2024,2024-06-18 10:55:00,2024-06-18 11:20:00,2024-06-18 14:00:00,19,0.0013483033444439878,0.003509900688421113,0.22340729720340294,0.2631578947368421,0.7052069128183713,1.5119678209487204,0.25,0.0020911151082669025,0.008793064497141678,-0.7455793257193707
5219,5231,5243,5221,5244,2024,2024-06-18 14:00:00,2024-06-18 15:00:00,2024-06-19 10:30:00,24,0.001350536185645022,-0.003358973220730539,-0.13408114681291336,0.5,-0.20306121218192785,2.1951570169411307,0.48,0.0,0.011424293010225739,-0.6524588047829849
5243,5250,5254,5245,5255,2024,2024-06-19 10:30:00,2024-06-19 11:05:00,2024-06-19 11:25:00,11,0.001131020150855322,-0.0053477680021552995,-0.6436226264760657,0.6363636363636364,-0.37893791372757213,1.3787073093387288,0.25,0.0,0.0035342087826295554,0.2833776305512742
5254,5268,5278,5256,5279,2024,2024-06-19 11:25:00,2024-06-19 14:05:00,2024-06-19 14:55:00,24,0.0011659094803543647,0.0004414027780029904,0.020970506588842627,0.5833333333333334,0.03913957845777921,1.6550787928985946,0.28,0.006145710808524812,0.010437925929001501,0.385387813100316
5278,5281,5282,5280,5283,2024,2024-06-19 14:55:00,2024-06-20 09:40:00,2024-06-20 09:45:00,4,0.0013511089927146773,-0.012706284191126398,-1.0000000000000082,0.75,-1.0520410416000134,1.3017895830215243,0.2,0.08826240467709623,0.007303414419692622,0.041856946059238925
5282,5295,5298,5284,5299,2024,2024-06-20 09:45:00,2024-06-20 10:50:00,2024-06-20 11:05:00,16,0.0016693998891853046,0.012308010214325552,0.3927143840369968,0.8125,-1.64011871380265,1.3347584444698204,0.23529411764705882,0.09052062989560575,0.018299097710750445,0.6834409854516865
5298,5299,5311,5300,5312,2024,2024-06-20 11:05:00,2024-06-20 11:10:00,2024-06-20 13:40:00,13,0.0019320833141104117,0.004630734193897537,0.4196033475747869,0.07692307692307693,0.11707594297799259,1.6137931345168834,0.42857142857142855,0.030338340392436172,0.0058907233930618474,-0.7927590638710006
5311,5313,5330,5313,5331,2024,2024-06-20 13:40:00,2024-06-20 13:50:00,2024-06-21 09:45:00,19,0.0019600255026012096,0.01518633079673976,0.41515627099591124,0.10526315789473684,-0.3071767546858989,3.11836109872269,0.45,0.051344341654723714,0.020449958262783063,-0.7596032278782355
5330,5333,5337,5332,5338,2024,2024-06-21 09:45:00,2024-06-21 10:00:00,2024-06-21 10:20:00,7,0.0026049936435578857,-0.007742449217493502,-0.689472245094126,0.42857142857142855,0.2220053703813859,1.335959452947635,0.375,0.0,0.007192307646700868,0.34589682430153085
5337,5342,5347,5339,5348,2024,2024-06-21 10:20:00,2024-06-21 10:45:00,2024-06-21 11:10:00,10,0.0024796231868430426,0.0011080777322129782,0.11162212635469664,0.5,0.11443217164696572,1.2858735037370648,0.5454545454545454,0.0,0.0044518567361473416,0.260908126551935
5347,5349,5351,5349,5352,2024,2024-06-21 11:10:00,2024-06-21 11:20:00,2024-06-21 11:30:00,4,0.002400281147897272,0.0001334205015919277,0.035747587894115786,0.5,0.27949328730921874,1.1771110335548878,0.4,0.0,0.001919565488046615,0.17374886894370073
5351,5364,5366,5353,5367,2024,2024-06-21 11:30:00,2024-06-21 14:05:00,2024-06-21 14:15:00,15,0.0025459347272650777,0.007337336193067705,0.3418490440225045,0.8666666666666667,0.1055596504301936,1.761842502250461,0.4375,0.08517680586856653,0.009838430339081938,0.732184937983211
5366,5378,5397,5368,5398,2024,2024-06-21 14:15:00,2024-06-24 09:45:00,2024-06-24 11:20:00,31,0.001641530230317209,0.012112725928296654,0.2684321743597555,0.3870967741935484,0.19634547819917156,1.7050704484571688,0.46875,0.0,0.015917635043473766,-0.551511162501545
5397,5403,5445,5399,5446,2024,2024-06-24 11:20:00,2024-06-24 13:20:00,2024-06-25 11:20:00,48,0.00169230830679174,0.028029204224703497,0.3519244023750012,0.125,0.7046335243576974,1.6548503342134195,0.42857142857142855,0.030669929033088073,0.04409363152788526,-0.879430163099007
5445,5452,5462,5447,5463,2024,2024-06-25 11:20:00,2024-06-25 13:25:00,2024-06-25 14:15:00,17,0.002011920272831726,-0.0040632039987157,-0.15918282539431458,0.4117647058823529,0.11386666088718365,1.5504991237058858,0.5,0.0,0.014852307885407257,-0.46539872444904307
5462,5467,5472,5464,5473,2024,2024-06-25 14:15:00,2024-06-25 14:40:00,2024-06-26 09:35:00,10,0.002155368698552511,-0.013243700095269744,-0.5284268780961893,0.5,0.4811901560208694,1.2722128445619028,0.2727272727272727,0.0580579475831732,0.009034442287816802,0.20567714130860926
5472,5476,5490,5474,5491,2024,2024-06-26 09:35:00,2024-06-26 09:55:00,2024-06-26 11:05:00,18,0.001863845456513366,0.0034853469557355275,0.14105228525670077,0.2222222222222222,0.44077589681778695,1.7489951837838416,0.21052631578947367,0.0,0.011321770104467,-0.40407199137863603
5490,5514,5527,5492,5528,2024,2024-06-26 11:05:00,2024-06-26 14:35:00,2024-06-27 10:10:00,37,0.0020649892672245955,0.013932842952640767,0.2048775036564555,0.6486486486486487,-0.43795693966163785,2.0287467868795424,0.34210526315789475,0.0,0.02596577861313598,0.2980204642444477
5527,5533,5542,5529,5543,2024,2024-06-27 10:10:00,2024-06-27 10:40:00,2024-06-27 11:25:00,15,0.0024084295316586972,-0.011716186964886983,-0.6293909673830264,0.4,0.20747296831107706,1.7063392569227849,0.4375,0.03182044025412949,0.008903740951287986,-0.03751195062820093
5542,5543,5549,5544,5550,2024,2024-06-27 11:25:00,2024-06-27 11:30:00,2024-06-27 13:30:00,7,0.00224242480080059,0.0019227024063450306,0.21799307364156362,0.14285714285714285,0.8142025062362777,1.5976638073033576,0.125,0.009018137678466336,0.004452738829441749,-0.4349221103124832
5549,5551,5557,5551,5558,2024,2024-06-27 13:30:00,2024-06-27 13:40:00,2024-06-27 14:10:00,8,0.0021609133846281856,0.0026252965044128796,0.36210851753266954,0.25,0.18860174471024527,1.3538680447149098,0.7777777777777778,0.0,0.004923267104376627,-0.5161955152877619
5557,5561,5565,5559,5566,2024,2024-06-27 14:10:00,2024-06-27 14:30:00,2024-06-27 14:50:00,8,0.0020321891904557373,-0.006739168373637271,-0.9166518252114773,0.5,-0.04596326246140671,1.7231220990017155,0.5555555555555556,0.0,0.004018535295625902,0.2816564082294422
5565,5572,5576,5567,5577,2024,2024-06-27 14:50:00,2024-06-28 09:55:00,2024-06-28 10:15:00,11,0.0018193825238153698,-0.016689692313480657,-0.6205108894212672,0.6363636363636364,-0.08942861819469423,1.8821202152181555,0.3333333333333333,0.14058758733606935,0.012254067784047251,0.4806590334240931
5576,5579,5611,5578,5612,2024,2024-06-28 10:15:00,2024-06-28 10:30:00,2024-06-28 14:40:00,35,0.0017511159751363251,0.014421439569461313,0.41876307871831003,0.08571428571428572,0.4207689407097368,1.5936594063802878,0.2222222222222222,0.039179979384461404,0.015665533964694944,-0.8044398763583925
5611,5613,5633,5613,5634,2024,2024-06-28 14:40:00,2024-06-28 14:50:00,2024-07-01 11:00:00,22,0.0017009248399371432,0.015816656255643238,0.42737481252899834,0.09090909090909091,2.285197221653759,1.9631149813228204,0.13043478260869565,0.4783272930268029,0.019616652797676437,-0.8032833232105936
5633,5653,5671,5635,5672,2024,2024-07-01 11:00:00,2024-07-01 14:10:00,2024-07-02 10:10:00,38,0.0020148585345228505,0.0176231633273687,0.3107804714099577,0.5263157894736842,-0.029507644884675718,1.9256998747905962,0.5384615384615384,0.015615025058998547,0.01922700525171006,0.30663586112288965
5671,5675,5692,5673,5693,2024,2024-07-02 10:10:00,2024-07-02 10:30:00,2024-07-02 13:25:00,21,0.0019862071126103328,-0.005487444929350177,-0.27805137429144866,0.19047619047619047,0.4381549147346885,1.8071120586666463,0.13636363636363635,0.17821933341986154,0.00836765524745342,-0.4999266086856398
5692,5697,5714,5694,5715,2024,2024-07-02 13:25:00,2024-07-02 13:50:00,2024-07-03 09:45:00,22,0.0015567267686878378,0.009457554803062691,0.4108735792229138,0.22727272727272727,-0.009929034019544905,1.8233961410769406,0.6086956521739131,0.028308715496507545,0.011501870681854598,-0.8333139467464177
5714,5716,5721,5716,5722,2024,2024-07-03 09:45:00,2024-07-03 09:55:00,2024-07-03 10:20:00,7,0.0016864183578159898,-0.008498641294319455,-0.5653626972322592,0.2857142857142857,0.7317111615100383,1.8926366639271817,0.25,0.007950502925352819,0.007813998592135718,-0.21757639032558038
5721,5739,5755,5723,5756,2024,2024-07-03 10:20:00,2024-07-03 13:20:00,2024-07-03 14:40:00,34,0.0019426165342332452,0.011765097421093648,0.2660294754419135,0.5294117647058824,0.026871371976464543,1.667622981070398,0.4,0.0,0.019647951250991724,0.5460405357438453
5755,5761,5773,5757,5774,2024,2024-07-03 14:40:00,2024-07-04 09:40:00,2024-07-04 10:40:00,18,0.0017229446071918375,-0.001274298241070231,-0.05518314622616343,0.3333333333333333,0.3031198904049872,1.5375117087953933,0.2631578947368421,0.017016564818913407,0.01256439796048614,-0.623531917692698
5773,5777,5790,5775,5791,2024,2024-07-04 10:40:00,2024-07-04 11:00:00,2024-07-04 13:35:00,17,0.001419284261390724,-0.004292253649430612,-0.2627741110465347,0.23529411764705882,0.6425023269556422,1.5997093774290476,0.2777777777777778,0.010597821347213422,0.00504423749895988,-0.39661486283928027
5790,5792,5810,5792,5811,2024,2024-07-04 13:35:00,2024-07-04 13:45:00,2024-07-05 09:45:00,20,0.001313752479237829,0.010646179971352728,0.3912260947271625,0.1,-0.2245251808397299,1.5465541501645736,0.42857142857142855,0.05978328736472902,0.014076784558832323,-0.7521339132077115
5810,5811,5821,5812,5822,2024,2024-07-05 09:45:00,2024-07-05 09:50:00,2024-07-05 10:40:00,11,0.0014627715093712696,0.0011364796584048646,0.06644699971923644,0.09090909090909091,0.9952339920756438,1.3544797992602895,0.16666666666666666,0.30717074161775254,0.006643187509286719,-0.20836750946281607
5821,5822,5826,5823,5827,2024,2024-07-05 10:40:00,2024-07-05 10:45:00,2024-07-05 11:05:00,5,0.0015222770825367338,0.0009334617520960957,0.2387713293201384,0.2,0.8790189294161825,1.3537847306493611,0.16666666666666666,0.5577276363262786,0.0024652650974354984,-0.3195101690769128
5826,5846,5849,5828,5850,2024,2024-07-05 11:05:00,2024-07-05 14:15:00,2024-07-05 14:30:00,23,0.0017049908662391468,0.010554593410541695,0.32032823383254133,0.8695652173913043,-0.5460268172754315,1.518084894616316,0.375,0.1619148253093158,0.022707061165432307,0.8080456817888295
5849,5859,5869,5851,5870,2024,2024-07-05 14:30:00,2024-07-08 09:50:00,2024-07-08 10:40:00,20,0.0017600209202880456,0.00020066873956799906,0.0075123902409938775,0.5,-0.28491307202742816,2.0861345513685263,0.38095238095238093,0.01670920635113677,0.00601942038144454,-0.07618191738843696
5869,5873,5899,5871,5900,2024,2024-07-08 10:40:00,2024-07-08 11:00:00,2024-07-08 14:40:00,30,0.0016068969199876614,0.008448950247930947,0.32806691703601326,0.13333333333333333,0.6772688168027429,1.5711458406412981,0.12903225806451613,0.08967720984598733,0.012808248065056205,-0.6495305097564096
5899,5907,5914,5901,5915,2024,2024-07-08 14:40:00,2024-07-09 09:50:00,2024-07-09 10:25:00,15,0.0015656232148964062,-0.017214399154518077,-0.4932892084862991,0.5333333333333333,0.6651997667547671,1.954862263170488,0.25,0.07740834951445087,0.011009708580793642,0.1298727590160952
5914,5918,5919,5916,5920,2024,2024-07-09 10:25:00,2024-07-09 10:45:00,2024-07-09 10:50:00,5,0.0017490534140283307,-0.004035702578174399,-0.37133787645525057,0.8,-0.022005444461657777,1.1115743847850628,0.16666666666666666,0.26724446693465226,0.006227047148674281,0.19225789649551875
5919,5941,5943,5921,5944,2024,2024-07-09 10:50:00,2024-07-09 14:10:00,2024-07-09 14:20:00,24,0.002453692614599987,0.02215533139944716,0.3987046582813773,0.9166666666666666,-0.3325906805610258,1.4653188994300823,0.32,0.18465199476285446,0.027087408662544554,0.8168438877425638
5943,5945,5948,5945,5949,2024,2024-07-09 14:20:00,2024-07-09 14:30:00,2024-07-09 14:45:00,5,0.0025143332519043616,-0.0007052584359124093,-0.14385076087272763,0.4,-0.6790874783442017,2.0705926432982484,0.3333333333333333,0.01941221119947983,0.0027616931503500197,-0.2502590278834515
5948,5966,5972,5950,5973,2024,2024-07-09 14:45:00,2024-07-10 10:45:00,2024-07-10 11:15:00,24,0.0023085914961104336,0.0021987873547058643,0.0652462114152868,0.75,-0.33173471741976585,1.973922242578738,0.52,0.00892271683429327,0.009916507977972167,0.2472732252286202
5972,5976,5979,5974,5980,2024,2024-07-10 11:15:00,2024-07-10 13:05:00,2024-07-10 13:20:00,7,0.0017308888659866922,-0.0017437531664625486,-0.3119295384870881,0.5714285714285714,0.384921093971961,2.2192051260747303,0.375,0.0,0.003456516016914435,0.5085620232608178
5979,5980,5987,5981,5988,2024,2024-07-10 13:20:00,2024-07-10 13:25:00,2024-07-10 14:00:00,8,0.0016156272743150465,0.0034764530188738686,0.607428072107255,0.125,0.17379715790305839,1.3459868739654803,0.5555555555555556,0.0331044504917467,0.004613748126870654,-0.7443415954788066
5987,5990,5994,5989,5995,2024,2024-07-10 14:00:00,2024-07-10 14:15:00,2024-07-10 14:35:00,7,0.001503409347417023,-0.0006624430294613065,-0.13638635074349548,0.42857142857142855,0.2869461075809901,1.5054859716346307,0.625,0.0,0.002492379821962487,0.1809756260469676
5994,6008,6019,5996,6020,2024,2024-07-10 14:35:00,2024-07-11 10:15:00,2024-07-11 11:10:00,25,0.002138545093416786,-0.006297548653208588,-0.10990018884791963,0.56,-0.03022099361308405,2.3216279313458874,0.5,0.027042819522181925,0.02125408818690122,0.33694427008997235
6019,6026,6032,6021,6033,2024,2024-07-11 11:10:00,2024-07-11 13:15:00,2024-07-11 13:45:00,13,0.0022156627094396817,-0.007118487638068022,-0.4774459053463977,0.5384615384615384,-0.13663594325479791,1.3824276599892367,0.21428571428571427,0.0,0.004355967013871087,0.26965956486195924
6032,6043,6051,6034,6052,2024,2024-07-11 13:45:00,2024-07-11 14:40:00,2024-07-12 09:50:00,19,0.002246663827965409,-0.005858043488966623,-0.31229915038306955,0.5789473684210527,-0.3590594074207942,3.182917012656513,0.55,0.04543518323121141,0.010155353747760998,-0.43721402035031454
6051,6057,6061,6053,6062,2024,2024-07-12 09:50:00,2024-07-12 10:20:00,2024-07-12 10:40:00,10,0.0017811401571345754,-0.011079715982185594,-0.6421977782125937,0.6,-0.9820242741757129,1.2904630648812474,0.2727272727272727,0.0900283495819017,0.0070003786053316475,0.23442412911366522
6061,6066,6069,6063,6070,2024,2024-07-12 10:40:00,2024-07-12 11:05:00,2024-07-12 11:20:00,8,0.0017025997808472306,0.0014286917296951426,0.15909301365675405,0.625,-0.12633287602653287,1.3314755354407153,0.5555555555555556,0.0029193317389606135,0.0034137365962907396,0.3897501813225353
6069,6083,6099,6071,6100,2024,2024-07-12 11:20:00,2024-07-12 14:00:00,2024-07-15 09:50:00,30,0.00164206395405303,0.006406957345094906,0.18541778851404322,0.4666666666666667,-0.0262264306534379,1.5298825821564215,0.3225806451612903,0.011181628358677203,0.010045154928239874,0.3074458832358224
6099,6100,6106,6101,6107,2024,2024-07-15 09:50:00,2024-07-15 09:55:00,2024-07-15 10:25:00,7,0.0014568505723277115,0.005050692438811322,0.4716464266619825,0.14285714285714285,0.6627477512415373,1.398105266005346,0.25,0.0,0.007753330496642619,-0.6585297530279532
6106,6118,6123,6108,6124,2024,2024-07-15 10:25:00,2024-07-15 11:25:00,2024-07-15 13:20:00,17,0.0014449350289482113,-0.0036962979921281863,-0.21416335845024814,0.7058823529411765,0.16660367798747636,1.711982570599688,0.5,0.000493127731930068,0.006597639285630841,0.6977299308560739
6123,6127,6137,6125,6138,2024,2024-07-15 13:20:00,2024-07-15 13:40:00,2024-07-15 14:30:00,14,0.00141279621905147,-1.3511977330807551e-05,-0.0011289285331829528,0.2857142857142857,0.6009054513843318,1.4752561744265142,0.4666666666666667,0.08008781756759188,0.0037426029609077816,-0.43302892126112524
6137,6141,6143,6139,6144,2024,2024-07-15 14:30:00,2024-07-15 14:50:00,2024-07-15 15:00:00,6,0.0013950772926245242,0.003529316567848784,0.4672294007998243,0.6666666666666666,0.6063493290548173,2.1095418945231708,0.2857142857142857,0.14115815230615864,0.0020680218643782666,0.4595492289769797
6143,6150,6153,6145,6154,2024,2024-07-15 15:00:00,2024-07-16 10:05:00,2024-07-16 10:20:00,10,0.0013120401255156146,-0.01025240616605308,-0.5836865806730084,0.7,-0.22369168721304514,1.4556826661106075,0.2727272727272727,0.16112590833769322,0.005136017765917877,0.09789008569511053
6153,6178,6180,6155,6181,2024,2024-07-16 10:20:00,2024-07-16 13:55:00,2024-07-16 14:05:00,27,0.0014777945956226674,0.008997021789081398,0.21808925177615274,0.9259259259259259,-0.4387074317906907,1.4120537162481157,0.14285714285714285,0.23283058980124344,0.022739569024141204,0.8344466259909906
6180,6194,6200,6182,6201,2024,2024-07-16 14:05:00,2024-07-17 09:45:00,2024-07-17 10:15:00,20,0.0015829391664298849,0.003820282691993679,0.2038775411376766,0.7,-0.6216531183586607,1.4365369725428039,0.2857142857142857,0.01960941140494141,0.00810074986611653,-0.08120292711357423
6200,6205,6211,6202,6212,2024,2024-07-17 10:15:00,2024-07-17 10:40:00,2024-07-17 11:10:00,11,0.001521027861829494,-0.008932781560346416,-0.6401325711364523,0.45454545454545453,0.2777665753246685,1.7194358449389184,0.4166666666666667,0.0,0.007184939868349893,0.1754241914216252
6211,6217,6220,6213,6221,2024,2024-07-17 11:10:00,2024-07-17 13:10:00,2024-07-17 13:25:00,9,0.001519120927133336,-0.001969835601309569,-0.15920244064973005,0.6666666666666666,-0.7108399901579427,1.6864338782377122,0.1,0.07037268737311417,0.005570588665915643,0.4835386843829695
6220,6225,6249,6222,6250,2024,2024-07-17 13:25:00,2024-07-17 13:50:00,2024-07-18 10:20:00,29,0.0014860342762627783,0.015504777047163125,0.3462979940696096,0.1724137931034483,0.2952810819407546,2.718973041489254,0.4666666666666667,0.03939087117434523,0.020582098693753714,-0.8999259991092989
6249,6252,6254,6251,6255,2024,2024-07-18 10:20:00,2024-07-18 10:35:00,2024-07-18 10:45:00,5,0.002207572562948375,-0.002070725007003693,-0.2699191463296107,0.6,-0.024986287010175644,1.3422711836873384,0.3333333333333333,0.0,0.004745922149362869,0.3718992170935098
6254,6272,6273,6256,6274,2024,2024-07-18 10:45:00,2024-07-18 13:45:00,2024-07-18 13:50:00,19,0.0023361400960793593,0.011361938146781509,0.32299740071889466,0.9473684210526315,-1.3556162124660174,1.6015463929098561,0.3,0.17422000306826058,0.024749251242401016,0.7911306525540959
6273,6276,6278,6275,6279,2024,2024-07-18 13:50:00,2024-07-18 14:05:00,2024-07-18 14:15:00,5,0.002471345545894209,-0.0007763499685091951,-0.0880198723412842,0.6,-0.27185307989181307,1.0974916717816565,0.5,0.0,0.004648579139396425,-0.1230576955377375
6278,6280,6284,6280,6285,2024,2024-07-18 14:15:00,2024-07-18 14:25:00,2024-07-18 14:45:00,6,0.0025399119322021065,0.0001226216510496641,0.020346630761214624,0.3333333333333333,0.1678308072615142,1.7876947677139103,0.5714285714285714,0.0,0.002924913487639458,-0.004657939821406465
6284,6310,6316,6286,6317,2024,2024-07-18 14:45:00,2024-07-19 11:25:00,2024-07-19 13:25:00,32,0.001958625732221967,0.01578742421598387,0.2565624736282566,0.8125,-0.4435223506855628,1.4717257977575344,0.48484848484848486,0.015801136609160125,0.020804730514957015,0.7279024771160937
6316,6320,6322,6318,6323,2024,2024-07-19 13:25:00,2024-07-19 13:45:00,2024-07-19 13:55:00,6,0.0018001427765923482,-0.008346919103781998,-0.9999999999999011,0.6666666666666666,-0.06553475070236629,1.458230850569964,0.42857142857142855,0.0,0.005286662517394625,0.5069898253454497
6322,6327,6329,6324,6330,2024,2024-07-19 13:55:00,2024-07-19 14:20:00,2024-07-19 14:30:00,7,0.0017732937602868634,0.0016181341500020713,0.19275810007761882,0.7142857142857143,-0.403004467734302,1.8143103867294679,0.25,0.049333961368163634,0.005046200701128711,0.32859881781883515
6329,6342,6350,6331,6351,2024,2024-07-19 14:30:00,2024-07-22 10:05:00,2024-07-22 10:45:00,21,0.0018145304817131207,0.00650310039557492,0.18226486662449232,0.6190476190476191,-0.06691125193975658,1.5976511615899855,0.2727272727272727,0.0,0.010328212344534293,0.24548591390887295
6350,6354,6356,6352,6357,2024,2024-07-22 10:45:00,2024-07-22 11:05:00,2024-07-22 11:15:00,6,0.0017529430128545697,-0.003991245745329644,-0.5980441506427908,0.6666666666666666,-0.2170825920952301,1.0813949945434458,0.42857142857142855,0.0,0.0043751524293833555,0.36829000209006113
6356,6357,6370,6358,6371,2024,2024-07-22 11:15:00,2024-07-22 11:20:00,2024-07-22 13:55:00,14,0.001740625519312998,-0.003118309672897389,-0.2655229747132423,0.07142857142857142,1.3824007798687254,1.7580274022709572,0.3333333333333333,0.24361160826130104,0.006217277910163688,-0.5874772763093992
6370,6379,6436,6372,6437,2024,2024-07-22 13:55:00,2024-07-22 14:40:00,2024-07-24 09:55:00,66,0.0018898984959057705,0.0208441158290442,0.24021619472901207,0.13636363636363635,0.21809829053871357,2.2475719470780025,0.1791044776119403,0.08291913921925342,0.04671134101838792,-0.8458849928412053
6436,6439,6446,6438,6447,2024,2024-07-24 09:55:00,2024-07-24 10:10:00,2024-07-24 10:45:00,10,0.0015197785957514274,-0.00389593148120225,-0.20493691979500533,0.3,0.5118841277101426,1.5772534609517208,0.36363636363636365,0.0,0.010351427280813397,-0.38191831253248754
6446,6451,6465,6448,6466,2024,2024-07-24 10:45:00,2024-07-24 11:10:00,2024-07-24 13:50:00,19,0.0019234429065148415,-0.01088395619441487,-0.3882139863387933,0.2631578947368421,0.34604246473073996,1.8421804493864833,0.25,0.0029232126615280404,0.01029273579865908,-0.22521206586542764
6465,6467,6481,6467,6482,2024,2024-07-24 13:50:00,2024-07-24 14:00:00,2024-07-25 09:40:00,16,0.0019267242164006484,0.005861582858541751,0.2837123158547215,0.125,0.30296768675556845,1.8001364395055466,0.35294117647058826,0.03573524870577921,0.00877867965938961,-0.6291927699334435
6481,6484,6487,6483,6488,2024,2024-07-25 09:40:00,2024-07-25 09:55:00,2024-07-25 10:10:00,6,0.0018135695737910532,0.00032352672542594266,0.03223821223252968,0.5,-0.19481324484964102,1.8715262127842336,0.5714285714285714,0.016209971678692762,0.004646502783314688,-0.1755478712753683
6490,6502,6509,6492,6510,2024,2024-07-25 10:25:00,2024-07-25 11:25:00,2024-07-25 13:30:00,19,0.0020884047023354453,-0.0069474933627248995,-0.21391560351973649,0.631578947368421,-0.3399366382389195,2.259921210096756,0.25,0.03778170554984038,0.014725629693612241,0.22649931949270066
6509,6515,6523,6511,6524,2024,2024-07-25 13:30:00,2024-07-25 14:00:00,2024-07-25 14:40:00,14,0.002212598441619698,-0.005450589016560508,-0.29696506629375363,0.42857142857142855,0.27856543837073033,1.2969477171148582,0.3333333333333333,0.003193496452509678,0.005783835400317017,-0.25175222779550205
6523,6530,6538,6525,6539,2024,2024-07-25 14:40:00,2024-07-26 09:45:00,2024-07-26 10:25:00,15,0.002249163679610552,-0.005653085016318446,-0.2546322063563734,0.4666666666666667,-0.15560672548774485,1.5869529608534343,0.375,0.0,0.008205605097530544,-0.42762516991907595
6538,6549,6553,6540,6554,2024,2024-07-26 10:25:00,2024-07-26 11:20:00,2024-07-26 13:10:00,15,0.0019616312511447935,-0.0023495618438493676,-0.0962870487398338,0.7333333333333333,-0.6872065470096304,1.3314480008099636,0.25,0.022116007411870055,0.016944476027720867,0.6330411424897888
6553,6557,6567,6555,6568,2024,2024-07-26 13:10:00,2024-07-26 13:30:00,2024-07-26 14:20:00,14,0.0016499502986430984,-0.00470676209949057,-0.4301374870437035,0.2857142857142857,0.39816976027773243,1.6246637748820514,0.5333333333333333,0.002389169535583782,0.006120906638854784,-0.509855739924535
6567,6575,6595,6569,6596,2024,2024-07-26 14:20:00,2024-07-26 15:00:00,2024-07-29 11:10:00,28,0.0014610140504240227,-0.003761928003683747,-0.13606044922350194,0.2857142857142857,0.22861682701308034,1.5850250744735468,0.4827586206896552,0.007174283229051259,0.0081708230765134,-0.3745722729276547
6595,6599,6604,6597,6605,2024,2024-07-29 11:10:00,2024-07-29 11:30:00,2024-07-29 13:25:00,9,0.001227100321628603,0.0003499121756150691,0.03164423266575262,0.4444444444444444,0.1512900775871864,1.3881671916526566,0.3,0.0,0.003200807826066132,-0.06997309710836108
6604,6605,6628,6606,6629,2024,2024-07-29 13:25:00,2024-07-29 13:30:00,2024-07-30 09:55:00,24,0.0012708991162134493,0.019850224811598306,0.6799512662307459,0.041666666666666664,-0.3936418181733821,2.7182170490170448,0.36,0.014178970089007282,0.022438264433043642,-0.8853460159536009
6628,6640,6654,6630,6655,2024,2024-07-30 09:55:00,2024-07-30 10:55:00,2024-07-30 13:35:00,26,0.0018676612612867239,0.0001974592429350503,0.006772430288166683,0.46153846153846156,-0.06989724012713845,2.577936175315429,0.25925925925925924,0.0,0.014559682191467083,0.5752944238245199
6654,6657,6660,6656,6661,2024,2024-07-30 13:35:00,2024-07-30 13:50:00,2024-07-30 14:05:00,6,0.0019229556329738388,0.0011052229991193655,0.11221949138760123,0.5,0.017340983693258292,1.4219641864629824,0.2857142857142857,0.13229748448204076,0.0034250486381095513,-0.2854327519854289
6660,6707,6708,6662,6709,2024,2024-07-30 14:05:00,2024-07-31 14:00:00,2024-07-31 14:05:00,48,0.0020501400521607694,0.03747137885237552,0.42148178948150783,0.9791666666666666,0.15820970089085695,1.5797546623798175,0.2857142857142857,0.16982915971460197,0.05086826685902324,0.9564268490122272
6708,6720,6724,6710,6725,2024,2024-07-31 14:05:00,2024-08-01 09:35:00,2024-08-01 09:55:00,16,0.0019838487839073803,0.0016055374240262418,0.07501375841383227,0.75,-1.0262005381653625,2.18898205715153,0.11764705882352941,0.05161275180250791,0.009306771499542954,0.14643029133001276
6724,6725,6741,6726,6742,2024,2024-08-01 09:55:00,2024-08-01 10:00:00,2024-08-01 11:20:00,17,0.0019458915079852558,0.008339022196825292,0.3171151734764661,0.058823529411764705,0.35848036301927216,1.3617336288899744,0.2777777777777778,0.0,0.012186869738703976,-0.6654373149931663
6741,6752,6769,6743,6770,2024,2024-08-01 11:20:00,2024-08-01 13:45:00,2024-08-02 09:40:00,28,0.0018897892622536268,-0.008246039432993957,-0.15625832324880037,0.39285714285714285,0.43260587512460535,1.6371397542402113,0.3793103448275862,0.00042951251299976946,0.01371659911393941,0.27992431647255855
6769,6771,6787,6771,6788,2024,2024-08-02 09:40:00,2024-08-02 09:50:00,2024-08-02 11:10:00,18,0.0015734564701764746,0.008662065732170274,0.40081807214235493,0.1111111111111111,1.1441549663134847,1.6627389232244836,0.10526315789473684,0.6121614591804737,0.01339366377588469,-0.6366277158080217
6787,6789,6812,6789,6813,2024,2024-08-02 11:10:00,2024-08-02 11:20:00,2024-08-02 14:45:00,25,0.001259555331791905,0.011358842040120908,0.46959739774446174,0.08,0.3509320777447304,1.7981453621968588,0.5769230769230769,0.022617998086784843,0.013132894954496876,-0.864927199749475
6815,6817,6829,6817,6830,2024,2024-08-02 15:00:00,2024-08-05 09:40:00,2024-08-05 10:40:00,14,0.002007315668860611,-0.015990810313139925,-0.44225259324392735,0.14285714285714285,0.21450320776487286,1.8758000287233618,0.2,0.5282721022685225,0.01871412595293709,-0.7332802664126431
6829,6837,6851,6831,6852,2024,2024-08-05 10:40:00,2024-08-05 11:20:00,2024-08-05 14:00:00,22,0.002127190101981978,-0.002072256704394604,-0.055432292980824985,0.36363636363636365,0.576221545726547,1.6111274944969898,0.2608695652173913,0.0,0.01994827098954488,-0.635738793513003
6851,6853,6861,6853,6862,2024,2024-08-05 14:00:00,2024-08-05 14:10:00,2024-08-05 14:50:00,10,0.0024139447970042424,0.000693800425704245,0.05156807892511346,0.2,0.6900533248300392,1.693002498545878,0.36363636363636365,0.0,0.005719183273623862,-0.15593167939385094
6861,6867,6873,6863,6874,2024,2024-08-05 14:50:00,2024-08-06 09:50:00,2024-08-06 10:20:00,12,0.0023847558203073677,-0.010322075369679527,-0.27595783641813154,0.5,0.24162083698308034,1.9858428942539348,0.38461538461538464,0.09507625775301176,0.014252625473315739,0.17367090004676575
6873,6882,6892,6875,6893,2024,2024-08-06 10:20:00,2024-08-06 11:05:00,2024-08-06 13:25:00,19,0.0022604901545263665,-0.004928966606048678,-0.23183593219872203,0.47368421052631576,-0.25882817021434323,1.9083298846800307,0.35,0.01571635995872683,0.010149652249338281,-0.2550400584565068
6892,6895,6898,6894,6899,2024,2024-08-06 13:25:00,2024-08-06 13:40:00,2024-08-06 13:55:00,6,0.002135947650215001,0.0012756369283285966,0.1795913269305103,0.5,-0.3363740327377592,1.4709022666494624,0.42857142857142855,0.0,0.004189317721203345,-0.32478356879914
6898,6911,6913,6900,6914,2024,2024-08-06 13:55:00,2024-08-06 15:00:00,2024-08-07 09:40:00,15,0.0019714789178745494,-0.006179778277204132,-0.25194810961927805,0.8666666666666667,-1.3393270961049788,2.1660726814361206,0.375,0.06433091784506419,0.012991770609174225,0.6284157365518632
6913,6915,6920,6915,6921,2024,2024-08-07 09:40:00,2024-08-07 09:50:00,2024-08-07 10:15:00,7,0.0018205777701906433,-0.00026590605218260524,-0.015276890776924838,0.2857142857142857,0.196488651815132,1.120506946271639,0.375,0.0,0.010060771709863303,-0.2477987666271191
6920,6926,6928,6922,6929,2024,2024-08-07 10:15:00,2024-08-07 10:45:00,2024-08-07 10:55:00,8,0.001886203559558672,-0.007770829479794411,-0.6821362249849654,0.75,-0.1450080800471946,1.4244226112951162,0.5555555555555556,0.020141854317355122,0.006690398408021103,0.7695012541256836
6928,6929,6935,6930,6936,2024,2024-08-07 10:55:00,2024-08-07 11:00:00,2024-08-07 11:30:00,7,0.001891270946231797,-0.0017693651754178048,-0.3045017583500933,0.14285714285714285,1.5866452250461136,1.5237285103315783,0.125,0.19652014132689685,0.003031496174415338,-0.6068431545196554
6935,6942,6967,6937,6968,2024,2024-08-07 11:30:00,2024-08-07 13:35:00,2024-08-08 10:10:00,32,0.0018118545118952169,0.011659455341345035,0.31088642607156763,0.21875,0.16976096941789567,2.9076225840475765,0.5454545454545454,0.07458771891244463,0.01668567154051903,-0.8509390978106438
6967,6982,7004,6969,7005,2024,2024-08-08 10:10:00,2024-08-08 11:25:00,2024-08-08 14:45:00,37,0.002137731355942077,0.010952407097372595,0.21009958460378722,0.40540540540540543,0.3071749634084883,1.6248411387964232,0.3684210526315789,0.00437731169024576,0.01998894096332915,0.5144478672654903
7004,7010,7020,7006,7021,2024,2024-08-08 14:45:00,2024-08-09 09:45:00,2024-08-09 10:35:00,16,0.002159857391919816,-0.01483505327742756,-0.39335166975282226,0.375,0.6058088986161578,1.8956526394896578,0.23529411764705882,0.001994894041984493,0.011741817876682603,0.21964316071210005
7020,7024,7034,7022,7035,2024,2024-08-09 10:35:00,2024-08-09 10:55:00,2024-08-09 13:15:00,14,0.0019585000178113307,0.0031433933625182437,0.19900920561234056,0.2857142857142857,0.03399567897224711,1.2697572043914123,0.4666666666666667,0.05891222502695466,0.00741718916644718,-0.4086006658206919
7034,7039,7058,7036,7059,2024,2024-08-09 13:15:00,2024-08-09 13:40:00,2024-08-12 09:45:00,24,0.0018997006508621934,0.006984564659572098,0.3201775466409624,0.20833333333333334,-0.12444840435892257,1.3822469845089689,0.48,0.0,0.009142694385076311,-0.7732480064802467
7058,7061,7063,7060,7064,2024,2024-08-12 09:45:00,2024-08-12 10:00:00,2024-08-12 10:10:00,5,0.0013812838859672489,-0.013703220388441528,-0.9999999999999521,0.6,-0.38468746766868445,1.11646648666408,0.3333333333333333,0.0,0.0076905479847786395,0.24195711142570353
7063,7071,7077,7065,7078,2024,2024-08-12 10:10:00,2024-08-12 10:50:00,2024-08-12 11:20:00,14,0.0013823511443591114,-0.0042157410278367185,-0.3521895746859366,0.5714285714285714,0.1060190685336665,1.3959856205401768,0.4,0.0,0.005434642151352698,0.5136996700421428
7077,7081,7096,7079,7097,2024,2024-08-12 11:20:00,2024-08-12 13:10:00,2024-08-12 14:25:00,19,0.0013659580332162913,-0.005170979745988428,-0.36925976569637764,0.21052631578947367,1.1410259283528787,2.1123273135987715,0.3,0.05291888529213597,0.005062585938221176,-0.34692734763182054
7096,7105,7114,7098,7115,2024,2024-08-12 14:25:00,2024-08-13 09:40:00,2024-08-13 10:25:00,18,0.0013195338872949622,-0.0039018183918833765,-0.17320818733488827,0.5,-0.12217611521101174,2.429417654271432,0.3157894736842105,0.0,0.0057888305908546656,-0.2205461973283709
7114,7121,7126,7116,7127,2024,2024-08-13 10:25:00,2024-08-13 11:00:00,2024-08-13 11:25:00,12,0.001393670037590749,-0.00716660439889436,-0.7288536383232732,0.5833333333333334,-0.3059970830224582,1.4638922436904376,0.46153846153846156,0.0,0.004150412145242477,0.24270210153376498
7126,7132,7143,7128,7144,2024,2024-08-13 11:25:00,2024-08-13 13:25:00,2024-08-13 14:20:00,17,0.0013555336484061989,0.002727049240545149,0.19966698649227946,0.35294117647058826,0.12676542910234442,1.5451510222669727,0.5555555555555556,0.0,0.006619771432751165,-0.44407183464962563
7143,7151,7164,7145,7165,2024,2024-08-13 14:20:00,2024-08-13 15:00:00,2024-08-14 10:35:00,21,0.0014750108039995272,-0.006633134191453531,-0.2312291806965026,0.38095238095238093,0.285070486060168,1.6496733830921868,0.4090909090909091,0.008799841175654435,0.010935409622990555,0.06500472892672174
7164,7169,7180,7166,7181,2024,2024-08-14 10:35:00,2024-08-14 11:00:00,2024-08-14 13:25:00,16,0.0012666200110602911,-0.005277047916362484,-0.6017853444465115,0.3125,0.7971706314264718,1.7312338582597264,0.23529411764705882,0.011126219718546876,0.0039437709823761935,0.021621045934823165
7180,7183,7187,7182,7188,2024,2024-08-14 13:25:00,2024-08-14 13:40:00,2024-08-14 14:00:00,7,0.0011939521902506094,0.00024163344324403907,0.08720137361871344,0.42857142857142855,-0.5794517614388826,1.4031500109369082,0.25,0.2361452951743132,0.0013357207772166646,-0.2660235625121102
7187,7193,7199,7189,7200,2024,2024-08-14 14:00:00,2024-08-14 14:30:00,2024-08-14 15:00:00,12,0.0011483650644222103,0.006231527063256638,0.509693199749847,0.5,-0.3787458974542805,1.5226510588169395,0.46153846153846156,0.0,0.005520238241697228,-0.6475373366824956
7199,7213,7238,7201,7239,2024,2024-08-14 15:00:00,2024-08-15 10:40:00,2024-08-15 14:15:00,39,0.0016420197655568568,0.014868063129008686,0.26279639302052005,0.358974358974359,0.21286536035356907,1.7843301893444456,0.45,0.0,0.016666580856675495,0.21362176471180916
7238,7246,7248,7240,7249,2024,2024-08-15 14:15:00,2024-08-15 14:55:00,2024-08-16 09:35:00,10,0.0017563798446920335,-0.0053906736173217045,-0.3091877002303067,0.8,-0.7745456000145526,1.8037840529105558,0.2727272727272727,0.005449915757561702,0.008437076704476354,0.23061370353035637
7248,7254,7256,7250,7257,2024,2024-08-16 09:35:00,2024-08-16 10:05:00,2024-08-16 10:15:00,8,0.0019916023695493727,0.003766642799372369,0.19949931554475323,0.75,-0.20478151916403542,1.3424707246014678,0.3333333333333333,0.005256000414653363,0.00781557616496098,0.449429754306185
7256,7259,7271,7258,7272,2024,2024-08-16 10:15:00,2024-08-16 10:30:00,2024-08-16 11:30:00,15,0.0017606842261235782,-0.002008496599664725,-0.14206690781261924,0.2,1.5664872854866685,1.4854811577311553,0.25,0.15698210386857944,0.0064332544272227565,-0.46221360562836944
7271,7274,7281,7273,7282,2024,2024-08-16 11:30:00,2024-08-16 13:15:00,2024-08-16 13:50:00,10,0.0018130679508455642,-0.0003261370513507401,-0.030480955044470043,0.3,2.239668721281641,1.8240494143963317,0.18181818181818182,0.2882572239768533,0.004506107864171938,0.0346144348263639
7281,7284,7289,7283,7290,2024,2024-08-16 13:50:00,2024-08-16 14:05:00,2024-08-16 14:30:00,8,0.0018263091466351117,0.001532349902566265,0.20398392865699222,0.375,1.3597392702413345,1.588694980951885,0.2222222222222222,0.11062546024195953,0.0035577389919669855,-0.41477438245255227
7289,7298,7299,7291,7300,2024,2024-08-16 14:30:00,2024-08-19 09:45:00,2024-08-19 09:50:00,10,0.001808550947548403,-0.001393497905356809,-0.06647596612656254,0.9,-1.5404327582311539,1.9533880569380186,0.18181818181818182,0.17449048343365545,0.010806487286202149,0.4652909888027002
7299,7301,7309,7301,7310,2024,2024-08-19 09:50:00,2024-08-19 10:00:00,2024-08-19 10:40:00,10,0.0016945248854005836,-0.00059350146474317,-0.05324174520594713,0.2,0.4361094763620738,1.4242515335188413,0.36363636363636365,0.03441016630610839,0.006041376268887788,-0.27852607304225424
7309,7312,7328,7311,7329,2024,2024-08-19 10:40:00,2024-08-19 10:55:00,2024-08-19 13:45:00,19,0.0016307101029197858,0.0034447353055320914,0.2736507324230224,0.15789473684210525,0.6197307343816794,1.1780748645924757,0.35,0.02093629375860859,0.0049011373535252645,-0.688387105455129
7328,7332,7351,7330,7352,2024,2024-08-19 13:45:00,2024-08-19 14:05:00,2024-08-20 10:10:00,23,0.0014983133905617102,0.008900485235329329,0.4864872767598799,0.17391304347826086,-0.23596336034789733,1.820093075310658,0.7083333333333334,0.008887093532426872,0.011753192870298967,-0.7584797075001566
7351,7353,7355,7353,7356,2024,2024-08-20 10:10:00,2024-08-20 10:20:00,2024-08-20 10:30:00,4,0.0008412925389139702,-0.00017191238241261457,-0.035130626912129204,0.5,-0.09085046476118121,1.0175504373850237,0.4,0.0,0.0025183884185686622,0.056885712113602424
7355,7357,7383,7357,7384,2024,2024-08-20 10:30:00,2024-08-20 10:40:00,2024-08-20 14:20:00,28,0.0009652767586064727,0.008892144922475809,0.38282881052376655,0.07142857142857142,0.584450261250349,1.4791911683932861,0.3103448275862069,0.0,0.01150982265232603,-0.7688141868829171
7383,7387,7388,7385,7389,2024,2024-08-20 14:20:00,2024-08-20 14:40:00,2024-08-20 14:45:00,5,0.0010130775860651706,-0.0046754904353684965,-0.7298314642628659,0.8,0.04713400681820442,1.5486628082463687,0.5,0.0,0.0025259646372202127,0.291689466268707
7388,7395,7397,7390,7398,2024,2024-08-20 14:45:00,2024-08-21 09:50:00,2024-08-21 10:00:00,9,0.0010802431563778918,0.0001444001619792185,0.008973051640592844,0.7777777777777778,-0.9040770672954974,1.3355829157498924,0.2,0.0,0.005128068625890769,0.053500525538381805
7397,7399,7401,7399,7402,2024,2024-08-21 10:00:00,2024-08-21 10:10:00,2024-08-21 10:20:00,4,0.0012456531170312968,0.00038977631664026413,0.05272869274010686,0.5,0.3633984150312354,1.4769797433023548,0.4,0.0,0.0037899302509787347,0.09902830193244923
7401,7408,7430,7403,7431,2024,2024-08-21 10:20:00,2024-08-21 10:55:00,2024-08-21 14:15:00,29,0.001253137648838054,0.0006870667741524456,0.03201612626529106,0.2413793103448276,0.6318083493641824,1.587240035753991,0.4,0.0013964453553363405,0.007929867630415366,-0.1456835752746272
7430,7431,7438,7432,7439,2024,2024-08-21 14:15:00,2024-08-21 14:20:00,2024-08-21 14:55:00,8,0.0011766506391807858,0.0004913862973196882,0.15749661229427256,0.125,-0.08337656333715374,1.513462485614079,0.3333333333333333,0.0,0.0012567987959535287,-0.3334729971380548
7438,7442,7450,7440,7451,2024,2024-08-21 14:55:00,2024-08-22 09:45:00,2024-08-22 10:25:00,12,0.0012673948025332688,-0.010760715597807734,-0.5329510225994395,0.3333333333333333,-0.1296823314323157,1.926800547953123,0.15384615384615385,0.19604477885845628,0.011411339796208786,-0.4584855063811191
7450,7453,7466,7452,7467,2024,2024-08-22 10:25:00,2024-08-22 10:40:00,2024-08-22 13:15:00,16,0.0014048076977876526,0.0028668951681937015,0.17324564596823816,0.1875,0.5579545099495022,1.993687687477023,0.11764705882352941,0.02570031873664464,0.0062917506905426634,-0.49732223798059094
7466,7471,7482,7468,7483,2024,2024-08-22 13:15:00,2024-08-22 13:40:00,2024-08-22 14:35:00,16,0.0014167765164153092,-0.0012482729729783916,-0.1055039347617876,0.3125,0.72861290584289,1.4053321327131865,0.29411764705882354,0.08820919504764929,0.0052018564176359305,-0.3253251327569142
7482,7484,7495,7484,7496,2024,2024-08-22 14:35:00,2024-08-22 14:45:00,2024-08-23 10:10:00,13,0.0014526300536997728,0.009285063296358108,0.6391291307063769,0.15384615384615385,0.6088690627241097,2.1008725640547348,0.35714285714285715,0.058890970310931046,0.010968334368911314,-0.8304487761104467
7498,7499,7505,7500,7506,2024,2024-08-23 10:25:00,2024-08-23 10:30:00,2024-08-23 11:00:00,7,0.0013013736916787646,0.0026249830734345943,0.3314389158987279,0.14285714285714285,1.205962963588321,1.5438210769645282,0.25,0.011290803213518998,0.005404582741071806,-0.49658834336595375
7505,7511,7513,7507,7514,2024,2024-08-23 11:00:00,2024-08-23 11:30:00,2024-08-23 13:10:00,8,0.0013369100729882899,-0.006316048101275968,-0.6015458679717417,0.75,-0.21223318271890615,1.6884816773396887,0.3333333333333333,0.10803227399171629,0.007290755402079796,0.5477715653641977
7513,7522,7526,7515,7527,2024,2024-08-23 13:10:00,2024-08-23 13:55:00,2024-08-23 14:15:00,13,0.0015062149560509902,0.0050460706732108306,0.27707556452514,0.6923076923076923,-0.5541971981382748,1.8620350551457618,0.21428571428571427,0.1639397466176347,0.01016382025073348,0.5051629261868293
7526,7534,7535,7528,7536,2024,2024-08-23 14:15:00,2024-08-23 14:55:00,2024-08-23 15:00:00,9,0.001632939213246884,-0.003929572733281703,-0.4869420986303645,0.8888888888888888,-0.48515308045063865,1.7191886399796994,0.3,0.1488873486515256,0.004671404950518543,0.7285764020226839
7535,7538,7546,7537,7547,2024,2024-08-23 15:00:00,2024-08-26 09:45:00,2024-08-26 10:25:00,11,0.0018529747547996517,0.0012436485683235306,0.06504414948902462,0.2727272727272727,0.3666194921856096,1.7122722638772823,0.3333333333333333,0.17434151453443153,0.007586736321358423,-0.5026215936859072
7546,7549,7554,7548,7555,2024,2024-08-26 10:25:00,2024-08-26 10:40:00,2024-08-26 11:05:00,8,0.0017961222178770762,0.0008786060017536386,0.13343979834521608,0.375,0.10139553294940559,1.4562123486352807,0.5555555555555556,0.055075202529584276,0.0021656115339512283,-0.32456166842930523
7554,7558,7570,7556,7571,2024,2024-08-26 11:05:00,2024-08-26 11:25:00,2024-08-26 13:55:00,16,0.0017646926142419702,-0.004203661501502527,-0.2847183074125921,0.25,0.7547544113060298,2.0716656457804175,0.23529411764705882,0.024375438650849783,0.007822725681208453,-0.508468217267665
7570,7579,7598,7572,7599,2024,2024-08-26 13:55:00,2024-08-26 14:40:00,2024-08-27 10:45:00,28,0.0016000919503831794,-0.004650689071139976,-0.14090818244777434,0.32142857142857145,0.7663321329467012,2.3995818287808004,0.3448275862068966,0.012467213913111144,0.015178961637339228,-0.6993621476459612
7598,7607,7621,7600,7622,2024,2024-08-27 10:45:00,2024-08-27 11:30:00,2024-08-27 14:10:00,23,0.0017818295185112528,-0.011883987455252253,-0.4764819667411758,0.391304347826087,0.3200161104403856,2.4073488931834994,0.125,0.001336355028038448,0.00868714904312995,0.06157947577834908
7621,7624,7627,7623,7628,2024,2024-08-27 14:10:00,2024-08-27 14:25:00,2024-08-27 14:40:00,6,0.001840186488138405,-0.0037534149284200705,-0.45614658633114763,0.5,0.5931263303249206,2.2330721235574886,0.2857142857142857,0.05612780735799036,0.004478062050237597,0.2055872871703404
7627,7630,7638,7629,7639,2024,2024-08-27 14:40:00,2024-08-27 14:55:00,2024-08-28 10:05:00,11,0.0017052378950521388,0.003553009179446952,0.18915918027251857,0.2727272727272727,0.3604962961335481,1.3689632272537922,0.5,0.015849777836778427,0.009355523478697947,-0.7274781196237915
7638,7642,7643,7640,7644,2024,2024-08-28 10:05:00,2024-08-28 10:25:00,2024-08-28 10:30:00,5,0.0017052095644688075,-0.00834090770846641,-0.9858862749250643,0.8,-1.3927846852159522,1.82931915769296,0.3333333333333333,0.008099947936923898,0.005603006894486562,0.5139977171249227
7643,7648,7655,7645,7656,2024,2024-08-28 10:30:00,2024-08-28 10:55:00,2024-08-28 11:30:00,12,0.0017877353039688533,2.9972441445469077e-05,0.002988726993209906,0.4166666666666667,0.37674799434291584,1.6892989110789245,0.23076923076923078,0.033692870303867965,0.0048197165774244155,-0.15463583812273268
7655,7665,7672,7657,7673,2024,2024-08-28 11:30:00,2024-08-28 13:50:00,2024-08-28 14:25:00,17,0.001511953268967072,-0.0033807987024256623,-0.44593470908995425,0.5882352941176471,-0.49542926362206824,1.6974065279713861,0.2777777777777778,0.018241318684344938,0.0024722627827902244,0.3557049483064554
7672,7673,7681,7674,7682,2024,2024-08-28 14:25:00,2024-08-28 14:30:00,2024-08-29 09:40:00,9,0.0013124932943374185,-0.004913237300318774,-0.42594134568750897,0.1111111111111111,-0.44225461828643237,2.35941798506839,0.5,0.0,0.008080399441639408,-0.8120773422518826
7681,7697,7699,7683,7700,2024,2024-08-29 09:40:00,2024-08-29 11:00:00,2024-08-29 11:10:00,18,0.001604604871058051,0.005661526754201044,0.17299467030962876,0.8888888888888888,-0.6585785560009273,1.726832855282379,0.21052631578947367,0.059605621234877275,0.02140920154942627,0.7883455862258965
7699,7710,7719,7701,7720,2024,2024-08-29 11:10:00,2024-08-29 13:35:00,2024-08-29 14:20:00,20,0.0018008414508379241,0.0036059942669438745,0.20646987994818888,0.55,-0.060984052390113994,2.087564099776567,0.2857142857142857,0.002472303125760202,0.00741892207643069,0.4821142553890131
7719,7721,7725,7721,7726,2024,2024-08-29 14:20:00,2024-08-29 14:30:00,2024-08-29 14:50:00,6,0.0018705013737878504,0.0013231404459021106,0.3721857411021128,0.3333333333333333,0.03034176935702336,1.620117943596611,0.5714285714285714,0.0,0.0024244573379821333,-0.5215146224867964
7725,7748,7752,7727,7753,2024,2024-08-29 14:50:00,2024-08-30 11:15:00,2024-08-30 13:05:00,27,0.001884185632741721,0.008276921251231315,0.1766559601061328,0.8518518518518519,0.06904348368764471,1.8662334347689753,0.5,0.05646306401718565,0.029032187948276444,0.8177081905989252
7752,7760,7788,7754,7789,2024,2024-08-30 13:05:00,2024-08-30 13:45:00,2024-09-02 10:35:00,36,0.0018532558341439924,0.02586564172863136,0.5841353774547849,0.2222222222222222,-0.06495591212694103,2.1294246840772426,0.5135135135135135,0.028162626629850234,0.02953522839665279,-0.7679368390136322
7788,7789,7822,7790,7823,2024,2024-09-02 10:35:00,2024-09-02 10:40:00,2024-09-02 14:55:00,34,0.0015333465082340023,0.014520359023659184,0.5594021316211665,0.029411764705882353,-0.08465724631477008,1.4369385913129837,0.7142857142857143,0.0,0.015972181781090278,-0.8961153827683052
7822,7833,7834,7824,7835,2024,2024-09-02 14:55:00,2024-09-03 10:20:00,2024-09-03 10:25:00,12,0.0015972084561451793,0.00037791967959799485,0.010964936973287095,0.9166666666666666,-0.1022782059762986,1.3700236128287986,0.3076923076923077,0.09511105322119379,0.015946561977592033,0.5954738840918891
7834,7838,7845,7836,7846,2024,2024-09-03 10:25:00,2024-09-03 10:45:00,2024-09-03 11:20:00,11,0.0018832742581996404,-0.0029132505959126626,-0.1798570665007827,0.36363636363636365,-0.09655975828099751,1.2214825717945834,0.3333333333333333,0.0494355168768468,0.00818695553908988,-0.4970304937394044
7845,7851,7862,7847,7863,2024,2024-09-03 11:20:00,2024-09-03 13:20:00,2024-09-03 14:15:00,17,0.0019943383536167123,-0.00650077816976969,-0.5941766409087974,0.35294117647058826,0.1876712871838406,2.8196905279321975,0.6666666666666666,0.010083334062643745,0.004251008053199001,-0.2582467333460412
7862,7866,7873,7864,7874,2024,2024-09-03 14:15:00,2024-09-03 14:35:00,2024-09-04 09:40:00,11,0.0020004341454659133,0.0034347177824193605,0.15739198550290773,0.36363636363636365,-0.2412625865739713,3.172366262617894,0.6666666666666666,0.13157730707146584,0.010833922952937947,-0.3239078710613697
7873,7876,7878,7875,7879,2024,2024-09-04 09:40:00,2024-09-04 09:55:00,2024-09-04 10:05:00,5,0.0022547502486935074,-0.0009230311806150914,-0.14855091530302156,0.6,-0.10569020898552028,1.1193816124468823,0.6666666666666666,0.0,0.0037911777975034866,0.23170988805980508
7878,7890,7897,7880,7898,2024,2024-09-04 10:05:00,2024-09-04 11:05:00,2024-09-04 13:10:00,19,0.0020866055684246616,-0.006910114912318105,-0.2520650243985746,0.631578947368421,-0.45644961818985513,1.5418595446951524,0.35,0.06103348860666376,0.011213852484476483,0.40915034675219536
7897,7898,7903,7899,7904,2024,2024-09-04 13:10:00,2024-09-04 13:15:00,2024-09-04 13:40:00,6,0.0020577093046460753,0.0016011626673213175,0.5296166350344835,0.16666666666666666,-0.38044509742706833,1.5868067638241348,0.42857142857142855,0.0,0.002075181581896679,-0.7716114575080261
7903,7905,7916,7905,7917,2024,2024-09-04 13:40:00,2024-09-04 13:50:00,2024-09-04 14:45:00,13,0.002055700859108538,0.00254042907922646,0.301789046884198,0.15384615384615385,1.04268416417149,1.4712208948812961,0.35714285714285715,0.09693662406285992,0.003993206472983957,-0.6101404271736272
7916,7921,7923,7918,7924,2024,2024-09-04 14:45:00,2024-09-05 09:40:00,2024-09-05 09:50:00,7,0.001855998373054143,-0.010277314019788618,-0.9130066006393044,0.7142857142857143,-0.9936648546555518,2.3992842292052763,0.25,0.06949759845178453,0.00584354647623897,0.20605535862533972
7923,7932,7939,7925,7940,2024,2024-09-05 09:50:00,2024-09-05 10:35:00,2024-09-05 11:10:00,16,0.0015968638592969557,0.00449276057735238,0.2054119910109163,0.5625,-0.15604231606968053,2.3268747925483173,0.11764705882352941,0.0,0.011110076309610584,0.3470026909451818
7939,7941,7958,7941,7959,2024,2024-09-05 11:10:00,2024-09-05 11:20:00,2024-09-05 14:15:00,19,0.0016318226005490317,0.008158336912870007,0.49762426793559167,0.10526315789473684,-0.11157723836886159,1.4362760174724092,0.6,0.004081368206009914,0.010212500995706364,-0.794439364380945
7961,7964,7969,7963,7970,2024,2024-09-05 14:30:00,2024-09-05 14:45:00,2024-09-06 09:40:00,8,0.001811079281736748,0.0005671218717781244,0.05118412499920072,0.375,0.19518575520753623,1.4072621125843428,0.6666666666666666,0.0,0.003918739695644824,-0.15995898515749812
7969,7974,8008,7971,8009,2024,2024-09-06 09:40:00,2024-09-06 10:05:00,2024-09-06 14:25:00,39,0.001271216909470691,-0.00043869376944248616,-0.015434194941840557,0.1282051282051282,1.0281515297853654,2.0226342082708304,0.275,0.07691222930280416,0.014318626864446848,-0.580032730371826
8008,8009,8032,8010,8033,2024,2024-09-06 14:25:00,2024-09-06 14:30:00,2024-09-09 10:55:00,24,0.001031957112494285,0.014510917759840392,0.4073699662964564,0.041666666666666664,0.5180591006598435,1.5863062116260427,0.16,0.0,0.016194992606780367,-0.8922674002754202
8032,8037,8056,8034,8057,2024,2024-09-09 10:55:00,2024-09-09 11:20:00,2024-09-09 14:25:00,24,0.0012283164549440316,-0.007451326374180899,-0.3057370864568466,0.20833333333333334,0.5342440864232444,1.7421570886070095,0.24,0.00033655527140305356,0.007609353936440577,-0.2953806374798198
8056,8065,8085,8058,8086,2024,2024-09-09 14:25:00,2024-09-10 09:40:00,2024-09-10 11:20:00,29,0.0013939291098711958,-0.0018658879830420645,-0.054024252906655995,0.3103448275862069,0.8517986863907481,1.6710745979601924,0.2,0.0,0.01201192668546014,-0.4702858144010658
8085,8091,8095,8087,8096,2024,2024-09-10 11:20:00,2024-09-10 13:20:00,2024-09-10 13:40:00,10,0.0018269623734032936,-0.008020836258421518,-0.34769660547265596,0.6,0.19201168025055962,1.6986661713707751,0.18181818181818182,0.07019554456270652,0.014197656023092087,0.40111971837022686
8095,8103,8105,8097,8106,2024,2024-09-10 13:40:00,2024-09-10 14:20:00,2024-09-10 14:30:00,10,0.0020387370083547345,-0.008778671618140957,-0.42650992967713564,0.8,-0.0541655430482368,1.397670901445823,0.2727272727272727,0.08374510207123034,0.01460390209980389,0.5813292329979434
8105,8108,8111,8107,8112,2024,2024-09-10 14:30:00,2024-09-10 14:45:00,2024-09-10 15:00:00,6,0.002132852544134776,-0.0024157353528879506,-0.33386143612610286,0.5,0.5468426410086713,3.0833372052641685,0.42857142857142855,0.0,0.0023497141887043327,0.7292642610123721
8111,8125,8138,8113,8139,2024,2024-09-10 15:00:00,2024-09-11 10:40:00,2024-09-11 13:15:00,27,0.002019629271277279,0.008286356825104044,0.27972880652064513,0.5185185185185185,0.13432744185302295,1.6975933117955193,0.42857142857142855,0.05009982747152347,0.01063920207675828,0.40783057572803794
8138,8141,8150,8140,8151,2024,2024-09-11 13:15:00,2024-09-11 13:30:00,2024-09-11 14:15:00,12,0.0015636275455991314,0.0002414074063443708,0.05843687883077399,0.25,0.9801723580152825,1.773934115807706,0.15384615384615385,0.035736307288038116,0.002020172250866814,-0.11202554969814515
8150,8162,8177,8152,8178,2024,2024-09-11 14:15:00,2024-09-12 09:45:00,2024-09-12 11:00:00,27,0.0016477517521553049,0.0019137397307890634,0.056603365136803904,0.4444444444444444,0.35406495920871195,3.2012231933109883,0.21428571428571427,0.014302736934943463,0.012860610787294391,-0.05868615527198431
8177,8187,8206,8179,8207,2024,2024-09-12 11:00:00,2024-09-12 13:20:00,2024-09-12 14:55:00,29,0.0018742019054663348,0.005071964483471265,0.20284286815131525,0.3448275862068966,0.08960518122548279,1.4902480663083282,0.43333333333333335,0.0,0.008568307564043032,-0.5865771003945697
8206,8210,8215,8208,8216,2024,2024-09-12 14:55:00,2024-09-13 09:45:00,2024-09-13 10:10:00,9,0.0015204927665376986,-0.005109931812980902,-0.27191495706076857,0.4444444444444444,0.04878302349659931,1.7718508670000463,0.6,0.052997223241048,0.006970042006284594,-0.0871225047155062
8215,8216,8251,8217,8252,2024,2024-09-13 10:10:00,2024-09-13 10:15:00,2024-09-13 14:40:00,36,0.0015051136494242925,0.010825111625066842,0.41214974910207197,0.027777777777777776,0.2860528359622683,1.4299224044095813,0.35135135135135137,0.019843898489919704,0.013316954101256329,-0.8186459068585972
8251,8255,8281,8253,8282,2024,2024-09-13 14:40:00,2024-09-13 15:00:00,2024-09-18 13:10:00,30,0.001733939783273855,0.014363820068797193,0.3703137122466108,0.13333333333333333,0.9928888991822303,2.3245121960526256,0.0967741935483871,0.13895882188615177,0.020076537029519947,-0.719387289683946
8281,8292,8300,8283,8301,2024,2024-09-18 13:10:00,2024-09-18 14:05:00,2024-09-18 14:45:00,19,0.001954748206325358,-0.0025901426801517545,-0.08613378859901948,0.5789473684210527,-0.01823229995231778,1.4318719219141702,0.4,0.0,0.013290722851197145,0.49176559605672954
8300,8304,8307,8302,8308,2024,2024-09-18 14:45:00,2024-09-19 09:35:00,2024-09-19 09:50:00,7,0.0019031307519623343,-0.017689216398126276,-1.0000000000000195,0.5714285714285714,-0.4951055046551035,1.5914225338436148,0.25,0.0,0.011148972802297763,-0.3128318494867272
8307,8318,8324,8309,8325,2024,2024-09-19 09:50:00,2024-09-19 10:45:00,2024-09-19 11:15:00,17,0.002469050479555962,-0.008766507201012677,-0.21080588051759533,0.6470588235294118,-0.46519318138344773,1.571961534501375,0.3333333333333333,0.02244248273750856,0.01981815536705067,0.6399888228398167
8324,8328,8332,8326,8333,2024,2024-09-19 11:15:00,2024-09-19 13:05:00,2024-09-19 13:25:00,8,0.0025918693784053874,0.0007361737702496103,0.06572181267663926,0.5,-0.6960968694919758,2.0277761726343493,0.1111111111111111,0.0399418953231211,0.005127549174281931,-0.11366136240674998
8332,8334,8340,8334,8341,2024,2024-09-19 13:25:00,2024-09-19 13:35:00,2024-09-19 14:05:00,8,0.0025520473809863245,0.0020426506261464923,0.4071537471015078,0.25,0.49278826240550055,1.266332168639191,0.3333333333333333,0.0,0.0036370093879201093,-0.5827207079016382
8340,8346,8369,8342,8370,2024,2024-09-19 14:05:00,2024-09-19 14:35:00,2024-09-20 11:00:00,29,0.002202032726186746,0.008724239855149403,0.2567028278009826,0.20689655172413793,0.9098281924166066,1.5699570072270792,0.23333333333333334,0.15802199399544917,0.01305495533503187,-0.6801508318582159
8369,8373,8383,8371,8384,2024,2024-09-20 11:00:00,2024-09-20 11:20:00,2024-09-20 13:40:00,14,0.0013370834417709423,0.0024067400305650003,0.28363372691223476,0.2857142857142857,1.2386862233377625,1.8234104553394275,0.26666666666666666,0.07327251362074709,0.004545004062209479,-0.49883065003214816
8383,8403,8414,8385,8415,2024,2024-09-20 13:40:00,2024-09-23 09:50:00,2024-09-23 10:45:00,31,0.00139130463248328,0.007135442456626288,0.14140941060395043,0.6451612903225806,-0.18784325017686018,1.6283177729672165,0.1875,0.016327201777143127,0.017322794133396435,0.2060447535521026
8414,8418,8427,8416,8428,2024,2024-09-23 10:45:00,2024-09-23 11:05:00,2024-09-23 13:20:00,13,0.0016641342218393451,0.0022334593768047373,0.2521434971896658,0.3076923076923077,0.19698141520268314,1.601705385835605,0.2857142857142857,0.009605756023071944,0.00458595582561383,-0.5309764764658405
8427,8432,8444,8429,8445,2024,2024-09-23 13:20:00,2024-09-23 13:45:00,2024-09-23 14:45:00,17,0.0016739939747788131,0.00040379568487266106,0.03270418241843625,0.29411764705882354,0.5610030248558171,1.4955439088067781,0.16666666666666666,0.028937823904497756,0.004311755419880825,-0.09365722401575359
8444,8449,8458,8446,8459,2024,2024-09-23 14:45:00,2024-09-24 09:40:00,2024-09-24 10:25:00,14,0.0015431576831037516,-0.010079722488072065,-0.5040248039202976,0.35714285714285715,0.5792839963096562,2.5733683222644577,0.2,0.1062613402241368,0.010345748886326334,-0.2781918238097378
8458,8474,8476,8460,8477,2024,2024-09-24 10:25:00,2024-09-24 13:15:00,2024-09-24 13:25:00,18,0.002353800489870013,0.00883544982181101,0.14929986182197272,0.8888888888888888,-2.22351955416518,1.7416324012753475,0.15789473684210525,0.46448601138429635,0.03906519537935793,0.8426290348170135
8476,8480,8486,8478,8487,2024,2024-09-24 13:25:00,2024-09-24 13:45:00,2024-09-24 14:15:00,10,0.0028950570997217104,-0.001885981684125742,-0.14669340387998694,0.4,0.029267739845358562,1.1607748644488416,0.45454545454545453,0.10133941882233374,0.005473104299833942,-0.32531093443537545
8486,8505,8529,8488,8530,2024,2024-09-24 14:15:00,2024-09-25 10:20:00,2024-09-25 13:50:00,43,0.0032169775858502765,0.026980845296653254,0.30214658779259984,0.4418604651162791,0.26898208288196573,2.237672301767726,0.5,0.0,0.032874585800911404,0.2552627639802998
8529,8533,8546,8531,8547,2024,2024-09-25 13:50:00,2024-09-25 14:10:00,2024-09-26 09:45:00,17,0.0030376463692157523,0.006159505081809068,0.2319350917619849,0.23529411764705882,0.002589760046735011,1.7678430924667128,0.7222222222222222,0.0,0.013264461803665917,-0.4768236198906413
8546,8552,8561,8548,8562,2024,2024-09-26 09:45:00,2024-09-26 10:15:00,2024-09-26 11:00:00,15,0.0020376205633275838,-0.012067204951058794,-0.43506996910447826,0.4,0.14141548842029097,1.2471233109755617,0.6875,0.0,0.009778268945973778,0.3170088542807004
8561,8620,8628,8563,8629,2024,2024-09-26 11:00:00,2024-09-27 13:25:00,2024-09-27 14:05:00,67,0.003694719221622891,0.08911437106439511,0.5491436101058614,0.8805970149253731,-0.43776567391708554,2.9296075953778757,0.29411764705882354,0.17984595209820312,0.10885056462193443,0.9420069106247624
8630,8676,8680,8632,8681,2024,2024-09-27 14:15:00,2024-09-30 14:05:00,2024-09-30 14:25:00,50,0.01404825594541407,-0.050796397931129646,-0.15216705528007055,0.92,-0.10250413166707284,4.956201813622138,0.5882352941176471,0.07017521259932066,0.1643651314153578,0.8371126554511619
8680,8694,8701,8682,8702,2024,2024-09-30 14:25:00,2024-10-08 10:05:00,2024-10-08 10:40:00,21,0.02345280829699074,0.1503025313514173,0.47378840996370486,0.6666666666666666,0.23245419678705861,7.184422497913267,0.36363636363636365,0.040251141094831765,0.18977841445766064,0.7813593753673999
8701,8710,8721,8703,8722,2024,2024-10-08 10:40:00,2024-10-08 11:25:00,2024-10-08 13:50:00,20,0.023964919896420304,0.01884834598834827,0.22309278078175893,0.45,0.14803861851942088,2.590911518447734,0.6190476190476191,0.0,0.038762994153400676,0.5414124984612676
8721,8740,8756,8723,8757,2024,2024-10-08 13:50:00,2024-10-09 09:55:00,2024-10-09 11:15:00,35,0.009254570375635932,0.05896257165120851,0.20462047571257233,0.5428571428571428,-0.0833554433121404,2.1591989065005754,0.16666666666666666,0.002258096301861531,0.08611425015864427,-0.258622793057023
8756,8768,8793,8758,8794,2024,2024-10-09 11:15:00,2024-10-09 13:45:00,2024-10-10 10:20:00,37,0.012457819583080355,0.039250292643077646,0.08794777121992063,0.32432432432432434,0.344053090766667,1.475974435777865,0.47368421052631576,0.009037506612123523,0.13261536726550016,-0.22102249984617275
8793,8805,8840,8795,8841,2024,2024-10-10 10:20:00,2024-10-10 11:20:00,2024-10-11 10:15:00,47,0.010260793285087694,0.0485232906608592,0.17242674463194227,0.2553191489361702,0.016126822657755897,1.542584285333532,0.6458333333333334,0.002417540832960071,0.10896062847937227,-0.4703955935806109
8840,8850,8857,8842,8858,2024,2024-10-11 10:15:00,2024-10-11 11:05:00,2024-10-11 13:10:00,17,0.00701015949463216,-0.04758142753403855,-0.8116837150549991,0.5882352941176471,-0.2886241344485099,1.8081715216276402,0.16666666666666666,0.0047523211146382185,0.027736855781308023,0.3494533862341107
8857,8860,8876,8859,8877,2024,2024-10-11 13:10:00,2024-10-11 13:25:00,2024-10-11 14:45:00,19,0.005901953813216383,0.023721607107611474,0.42304871486200907,0.15789473684210525,0.48427680824681796,1.5026654444379153,0.25,0.0,0.03364181068643912,-0.701759066300924
8876,8881,8891,8878,8892,2024,2024-10-11 14:45:00,2024-10-14 09:40:00,2024-10-14 10:30:00,15,0.0050428710295057095,-0.026221243898158626,-0.31090663843657496,0.3333333333333333,0.40056156259816533,1.48987479597801,0.4375,0.05015003169200034,0.03042878903102597,-0.4944278722587908
8891,8910,8919,8893,8920,2024,2024-10-14 10:30:00,2024-10-14 13:35:00,2024-10-14 14:20:00,28,0.005067624853349705,0.022194122160457363,0.16317300188534725,0.6785714285714286,-0.49295791620014534,1.3478904151483044,0.27586206896551724,0.019443738071167723,0.0561488494608966,0.7127653535464887
8919,8926,8929,8921,8930,2024,2024-10-14 14:20:00,2024-10-14 14:55:00,2024-10-15 09:40:00,10,0.0055350809047192365,-0.017145348441485266,-0.5275976988282671,0.7,-0.5517090535666669,1.903681313340337,0.5454545454545454,0.07827692495416214,0.012355159746250344,0.38316560687758655
8929,8938,8959,8931,8960,2024,2024-10-15 09:40:00,2024-10-15 10:25:00,2024-10-15 13:40:00,30,0.005221192753694294,0.016699685582239342,0.14987674942131474,0.3,0.3954477407333003,1.5225574397390205,0.2903225806451613,0.00732805271945571,0.027660066520253324,-0.11585301570327725
8959,8960,8986,8961,8987,2024,2024-10-15 13:40:00,2024-10-15 13:45:00,2024-10-16 10:25:00,27,0.004445770648873881,0.04374086529977598,0.3313495267458664,0.037037037037037035,0.213325119505309,1.8287480588103717,0.39285714285714285,0.18328697297991525,0.052620560523163995,-0.8327120804717737
8986,8996,9014,8988,9015,2024,2024-10-16 10:25:00,2024-10-16 11:15:00,2024-10-16 14:15:00,28,0.004632028425996803,0.0011665802910617463,0.01602948647421858,0.35714285714285715,0.3629883462025871,1.556478723468581,0.3793103448275862,0.006291173625132379,0.024114467034794806,-0.19153376372156233
9014,9030,9037,9016,9038,2024,2024-10-16 14:15:00,2024-10-17 10:05:00,2024-10-17 10:40:00,23,0.004413324487417589,0.0176818321075613,0.19097731724303343,0.6956521739130435,-0.49179674231781406,1.9128391957765885,0.375,0.02023348853254293,0.030203410917681417,0.49966472731793493
9037,9041,9045,9039,9046,2024,2024-10-17 10:40:00,2024-10-17 11:00:00,2024-10-17 11:20:00,8,0.004027744781301686,-0.004775160267992405,-0.2014897867708299,0.5,0.2530463621026748,1.4721658220654188,0.4444444444444444,0.0,0.009369591755538309,0.49637495893631856
9045,9051,9070,9047,9071,2024,2024-10-17 11:20:00,2024-10-17 13:20:00,2024-10-17 14:55:00,25,0.003789912740567841,-0.001436212840468259,-0.035772728392536014,0.24,0.4342338945042407,1.6918815112950725,0.46153846153846156,0.017015837411474558,0.018585947316024587,-0.6733620799328736
9070,9087,9088,9072,9089,2024,2024-10-17 14:55:00,2024-10-18 10:50:00,2024-10-18 10:55:00,18,0.0027367696756487947,0.003047928582835824,0.04432766472675636,0.9444444444444444,-3.6391456047595017,1.4376060617486688,0.15789473684210525,0.5402578268050318,0.02995601495538658,0.6293867237311205
9088,9115,9118,9090,9119,2024,2024-10-18 10:55:00,2024-10-18 14:40:00,2024-10-18 14:55:00,30,0.006940435191863226,0.08914154079161808,0.46110275702460773,0.9,-0.10717587605241954,2.0950872050131477,0.5483870967741935,0.09125296591909167,0.11757710152728418,0.7576791595244047
9118,9122,9125,9120,9126,2024,2024-10-18 14:55:00,2024-10-21 09:45:00,2024-10-21 10:00:00,7,0.009943767923999276,-0.03652189674304998,-0.3789419679378313,0.5714285714285714,0.3456554225819143,1.7311458251609162,0.375,0.009584408978228409,0.039990307951892845,0.09710806133356212
9125,9144,9171,9127,9172,2024,2024-10-21 10:00:00,2024-10-21 13:05:00,2024-10-22 09:50:00,46,0.01004772550982432,0.06379958853050284,0.23763281505566,0.41304347826086957,0.04179939102887366,1.5361835130534518,0.3404255319148936,0.0,0.08369782276448934,-0.08061087246656026
9171,9179,9184,9173,9185,2024,2024-10-22 09:50:00,2024-10-22 10:30:00,2024-10-22 10:55:00,13,0.007243376344087494,-0.03661870770936631,-0.6509178182500513,0.6153846153846154,-0.2581630318743047,1.4077185829534085,0.42857142857142855,0.0,0.023082620292562694,0.40497202514389463
9184,9191,9202,9186,9203,2024,2024-10-22 10:55:00,2024-10-22 11:30:00,2024-10-22 13:55:00,18,0.006019681061450206,0.00824891102250499,0.24680133831322965,0.3888888888888889,0.042296321182071495,1.994191862366854,0.47368421052631576,0.002831562940624741,0.02090803333987523,-0.6783675070470069
9202,9209,9219,9204,9220,2024,2024-10-22 13:55:00,2024-10-22 14:30:00,2024-10-23 09:50:00,17,0.004554680633810315,-0.019450953570698728,-0.306141025826498,0.4117647058823529,-0.027493577017966137,1.7190310399455213,0.4444444444444444,0.0,0.023484783633239026,0.06699392819057906
9219,9229,9230,9221,9231,2024,2024-10-23 09:50:00,2024-10-23 10:40:00,2024-10-23 10:45:00,11,0.0036911684631111344,-0.017657912246253793,-0.5680112192761243,0.9090909090909091,-0.6969682510322868,1.424203170935618,0.3333333333333333,0.022521867657335805,0.014495446728209238,0.6525944073939878
9230,9242,9269,9232,9270,2024,2024-10-23 10:45:00,2024-10-23 13:15:00,2024-10-24 10:00:00,39,0.003460871262235015,0.02469520739683403,0.24674290062275417,0.3076923076923077,0.3280110282476122,1.613491512868613,0.3,0.020223328761202482,0.029709724592281717,-0.31425242638176737
9269,9277,9279,9271,9280,2024,2024-10-24 10:00:00,2024-10-24 10:40:00,2024-10-24 10:50:00,10,0.002729891881636346,-0.007349346318411335,-0.33456579066577863,0.8,-0.30122495540558036,1.9223593708254991,0.18181818181818182,0.35254105870737107,0.013364002107158157,0.5133141417779598
9279,9284,9294,9281,9295,2024,2024-10-24 10:50:00,2024-10-24 11:15:00,2024-10-24 13:35:00,15,0.0026464165936192427,0.003352805174144649,0.12221502327417821,0.3333333333333333,0.1497221818099317,1.5934756721847423,0.375,0.058258036988420706,0.010716356560458884,-0.5069705880804712
9294,9295,9298,9296,9299,2024,2024-10-24 13:35:00,2024-10-24 13:40:00,2024-10-24 13:55:00,4,0.0024950999797519295,-0.00015396221797593017,-0.021936259782562993,0.25,0.8630689634258961,1.32447866401743,0.2,0.0,0.0033604867442420527,-0.09770904243557782
9298,9304,9306,9300,9307,2024,2024-10-24 13:55:00,2024-10-24 14:25:00,2024-10-24 14:35:00,8,0.002371733697762492,-0.0009232758480624723,-0.1031863512097014,0.75,-0.2639955079106006,1.6427417866112042,0.3333333333333333,0.0,0.004444087676261255,0.1731290032722834
9306,9313,9316,9308,9317,2024,2024-10-24 14:35:00,2024-10-25 09:40:00,2024-10-25 09:55:00,10,0.002267813795185994,-0.012777380602791119,-0.9139204965038866,0.7,-0.7286814647890958,1.7665592673350705,0.36363636363636365,0.0,0.006847451816496708,-0.005990513276415024
9316,9337,9352,9318,9353,2024,2024-10-25 09:55:00,2024-10-25 13:10:00,2024-10-25 14:25:00,36,0.0025323137777942865,0.016343104120061826,0.18005025929587712,0.5833333333333334,-0.30569497158484504,1.80041536109724,0.24324324324324326,0.0,0.035352968667271334,0.36773976907592043
9352,9354,9363,9354,9364,2024,2024-10-25 14:25:00,2024-10-25 14:35:00,2024-10-28 09:50:00,11,0.0031791875197255447,0.010299297228644873,0.31933166817621195,0.18181818181818182,-0.10762933842462906,1.848452458267182,0.4166666666666667,0.03919424025638197,0.015801580096045598,-0.6548794660336995
9363,9369,9372,9365,9373,2024,2024-10-28 09:50:00,2024-10-28 10:20:00,2024-10-28 10:35:00,9,0.0034131436367619023,-0.013307889626166233,-0.7151387303951364,0.6666666666666666,0.34509684628452225,1.670972428108995,0.3,0.016593247906775296,0.012481739521875035,0.6707603220948525
9372,9377,9387,9374,9388,2024,2024-10-28 10:35:00,2024-10-28 11:00:00,2024-10-28 13:20:00,15,0.0033064632838684617,-0.0018160359740813483,-0.07235939749040497,0.3333333333333333,0.6435507473800065,1.3295418881142425,0.1875,0.03738629094480692,0.008713127267641063,-0.5074917123106273
9387,9394,9400,9389,9401,2024,2024-10-28 13:20:00,2024-10-28 13:55:00,2024-10-28 14:25:00,13,0.0027441591221522036,-0.004229361186810123,-0.31355565421195375,0.5384615384615384,-0.02213032445492924,1.6218960156985731,0.21428571428571427,0.0,0.005455861297990694,0.4923019227676398
9402,9409,9411,9404,9412,2024,2024-10-28 14:35:00,2024-10-29 09:40:00,2024-10-29 09:50:00,9,0.002318596365025423,0.002355091942254844,0.14877414700110406,0.7777777777777778,-0.8032816122742671,1.92261907006421,0.2,0.10869072644844345,0.00886014453695605,0.302449033965566
9411,9423,9445,9413,9446,2024,2024-10-29 09:50:00,2024-10-29 10:50:00,2024-10-29 14:10:00,34,0.002384653070003107,0.023339260492868105,0.3077802616771279,0.35294117647058826,0.5227540924495695,1.520442498796598,0.22857142857142856,0.013039541110188025,0.02684163462216027,-0.23488667496748822
9445,9448,9459,9447,9460,2024,2024-10-29 14:10:00,2024-10-29 14:25:00,2024-10-30 09:50:00,14,0.002639755913944197,0.010710101451868091,0.27981118866295573,0.21428571428571427,0.6147802756283074,1.4117912567875017,0.4,0.04964346807538022,0.013488045455850362,-0.793815970409237
9459,9460,9484,9461,9485,2024,2024-10-30 09:50:00,2024-10-30 09:55:00,2024-10-30 13:25:00,25,0.0022532537811926147,0.01840319234542138,0.40508200453388743,0.04,-0.28823023057315444,1.611392601844453,0.5769230769230769,0.016870107154584837,0.025000652972515525,-0.7577442177743896
9484,9490,9493,9486,9494,2024,2024-10-30 13:25:00,2024-10-30 13:55:00,2024-10-30 14:10:00,9,0.0020962163202241325,-0.01089846346585078,-0.5246120581290339,0.6666666666666666,-0.19177254175061761,1.1940010911107386,0.4,0.025960848501315588,0.00583923369607664,-0.030595292256403044
9493,9500,9505,9495,9506,2024,2024-10-30 14:10:00,2024-10-30 14:45:00,2024-10-31 09:40:00,12,0.0022980335452484333,-0.015444890027561631,-0.3990237941740997,0.5833333333333334,-0.406818712132162,1.8373853099845676,0.46153846153846156,0.0,0.016441987001472036,-0.09083613660725039
9505,9519,9520,9507,9521,2024,2024-10-31 09:40:00,2024-10-31 10:50:00,2024-10-31 10:55:00,15,0.0030409690298106146,0.0033202804678471257,0.0741004311928941,0.9333333333333333,0.32167390736467416,1.6402755825059372,0.375,0.0,0.02472187860639341,0.9001891241736197
9520,9523,9532,9522,9533,2024,2024-10-31 10:55:00,2024-10-31 11:10:00,2024-10-31 13:25:00,12,0.003320914535580917,0.0026168223198751203,0.08861620542825571,0.25,0.6098055163415238,1.3891307305172065,0.23076923076923078,0.31793007689760505,0.015407445466570913,-0.6979138764926522
9532,9544,9561,9534,9562,2024,2024-10-31 13:25:00,2024-10-31 14:25:00,2024-11-01 10:20:00,29,0.0035828551000883562,-0.002560269891967273,-0.02532807319793487,0.41379310344827586,0.30247632239699374,1.59750767664403,0.43333333333333335,0.03005717652309862,0.028515550773189347,-0.24276615485627004
9561,9566,9570,9563,9571,2024,2024-11-01 10:20:00,2024-11-01 10:45:00,2024-11-01 11:05:00,9,0.003608553303711649,0.0014570004097385336,0.12540100252474878,0.5555555555555556,-0.020528337402253946,1.5657162716134543,0.5,0.0,0.005408387271124582,-0.20934484777712242
9570,9574,9598,9572,9599,2024,2024-11-01 11:05:00,2024-11-01 11:25:00,2024-11-01 14:55:00,28,0.00354569829368887,-0.0026707098269433812,-0.05237146425740244,0.14285714285714285,0.13660862338275884,1.7095422937987501,0.2413793103448276,0.0,0.02147205642879335,-0.6151783263552179
9598,9610,9612,9600,9613,2024,2024-11-01 14:55:00,2024-11-04 10:25:00,2024-11-04 10:35:00,14,0.0023969535830758474,-0.005935391292472733,-0.20516114596320933,0.8571428571428571,-0.264953927726712,1.395491858705214,0.6,0.03156553798464608,0.01499721833244827,0.5554471384701658
9612,9617,9619,9614,9620,2024,2024-11-04 10:35:00,2024-11-04 11:00:00,2024-11-04 11:10:00,7,0.0022333361356882842,0.003105281996763687,0.21384725790216286,0.7142857142857143,-0.1822040119370621,1.4654840530643585,0.25,0.0,0.007068874524585489,0.4064988805035598
9619,9621,9632,9621,9633,2024,2024-11-04 11:10:00,2024-11-04 11:20:00,2024-11-04 13:45:00,13,0.0020513630908053217,0.0006894215033319233,0.041950277621736344,0.15384615384615385,1.3003395435038132,1.8120965291768192,0.21428571428571427,0.12325401903333537,0.010483546387091813,-0.7336883399335214
9632,9674,9678,9634,9679,2024,2024-11-04 13:45:00,2024-11-05 13:15:00,2024-11-05 13:35:00,46,0.0026723045803710315,0.042372994295321646,0.42059759931276625,0.9130434782608695,0.1318514590145045,1.9359618144519923,0.2553191489361702,0.1747542483039644,0.05546643336877821,0.8818708381096412
9678,9680,9685,9680,9686,2024,2024-11-05 13:35:00,2024-11-05 13:45:00,2024-11-05 14:10:00,7,0.002916213560246227,-0.0025147845136410988,-0.2273503376200489,0.2857142857142857,0.04977930570141074,2.00005503472374,0.625,0.04941599370061572,0.006868165793361136,-0.3985136043034621
9685,9704,9710,9687,9711,2024,2024-11-05 14:10:00,2024-11-06 10:15:00,2024-11-06 10:45:00,25,0.003001275553924609,0.0042190661721928984,0.05909918407148127,0.76,-1.051616300239167,1.5553570607861211,0.19230769230769232,0.08809803145383929,0.024269228561415446,0.6831574077346407
9710,9711,9716,9712,9717,2024,2024-11-06 10:45:00,2024-11-06 10:50:00,2024-11-06 11:15:00,6,0.0031442294551092434,-0.005070391713531971,-0.2473312949467196,0.16666666666666666,0.21273457379893346,1.2944710533898136,0.42857142857142855,0.0,0.016606100682830416,-0.7680277989335231
9716,9722,9725,9718,9726,2024,2024-11-06 11:15:00,2024-11-06 13:15:00,2024-11-06 13:30:00,9,0.003462788399031979,-0.030825263294421614,-0.99999999999999,0.6666666666666666,-0.17720402037075178,1.5564588281636724,0.4,0.0,0.020246029133637045,0.4847941418368321
9725,9730,9741,9727,9742,2024,2024-11-06 13:30:00,2024-11-06 13:55:00,2024-11-06 14:50:00,16,0.003622818092938051,-0.014852508304339263,-0.3361152121118081,0.3125,0.03490508967407147,1.5667455056027397,0.5882352941176471,0.024972851967214625,0.023367856115211083,-0.36616821993496373
9741,9747,9756,9743,9757,2024,2024-11-06 14:50:00,2024-11-07 09:50:00,2024-11-07 10:35:00,15,0.0037126279822140744,-0.016208248962187102,-0.27403248352532367,0.4,0.1844608918758541,1.3830312004207588,0.3125,0.02525755008037576,0.013526022316329822,0.08252992726960798
9756,9804,9807,9758,9808,2024,2024-11-07 10:35:00,2024-11-08 10:35:00,2024-11-08 10:50:00,51,0.0032939537314556865,0.04860007617007239,0.28959768429327826,0.9411764705882353,-2.376927753638405,2.4355242884391997,0.11538461538461539,0.7062002458521364,0.0740375598898888,0.7922093032134919
9807,9809,9818,9809,9819,2024,2024-11-08 10:50:00,2024-11-08 11:00:00,2024-11-08 13:15:00,11,0.005310378818536415,0.007320261659440137,0.13901023406559845,0.18181818181818182,0.2835377929164743,1.3431817947382685,0.3333333333333333,0.09104500001760907,0.028126004619783096,-0.5395734177092298
9818,9822,9836,9820,9837,2024,2024-11-08 13:15:00,2024-11-08 13:35:00,2024-11-08 14:45:00,18,0.005825515616462776,0.0028269770470329856,0.0591738089702142,0.2222222222222222,0.39755060771543554,1.5498566428876348,0.5263157894736842,0.0,0.021603969225967745,-0.4372652980988178
9836,9846,9853,9838,9854,2024,2024-11-08 14:45:00,2024-11-11 10:05:00,2024-11-11 10:40:00,17,0.005843638159327013,-0.03246981509660633,-0.34155954342918743,0.5882352941176471,0.1887444567183205,1.7918431819225644,0.4444444444444444,0.05117098671326556,0.04357472503525894,0.31046263521491446
9853,9865,9866,9855,9867,2024,2024-11-11 10:40:00,2024-11-11 13:10:00,2024-11-11 13:15:00,13,0.005596543226316516,-0.009868495223853828,-0.2602344024892151,0.9230769230769231,-0.0037048522607890178,1.4442585646035306,0.6428571428571429,0.0,0.026519678967002136,0.8179571409725742
9866,9870,9879,9868,9880,2024,2024-11-11 13:15:00,2024-11-11 13:35:00,2024-11-11 14:20:00,13,0.005210736786486997,0.00045947049179311406,0.014113819594993948,0.3076923076923077,0.2207633127848871,1.4496357571854517,0.35714285714285715,0.15126065666686167,0.009657476178854374,0.06116311400064296
9879,9886,9889,9881,9890,2024,2024-11-11 14:20:00,2024-11-11 14:55:00,2024-11-12 09:40:00,10,0.005114771561653294,-0.0018297579972621691,-0.088703257437868,0.7,-0.5898663486358674,1.4352494832114209,0.36363636363636365,0.05873524328917927,0.009436017325448631,-0.2167685508904417
9889,9893,9902,9891,9903,2024,2024-11-12 09:40:00,2024-11-12 10:00:00,2024-11-12 10:45:00,13,0.0036946346476306605,0.010159217143955727,0.26288669658563446,0.3076923076923077,0.4314264319348197,1.5784678285894282,0.21428571428571427,0.0,0.014982182552455647,-0.048288695878839424
9902,9906,9908,9904,9909,2024,2024-11-12 10:45:00,2024-11-12 11:05:00,2024-11-12 11:15:00,6,0.0030649465895177864,-0.0017373751229991968,-0.1464872082858457,0.6666666666666666,-0.8029198541761096,1.6363602465272773,0.14285714285714285,0.027464122626891307,0.005034629498927856,0.3394842424850581
9908,9912,9931,9910,9932,2024,2024-11-12 11:15:00,2024-11-12 13:05:00,2024-11-12 14:40:00,23,0.0030540680440470794,-0.00011351164731882978,-0.001975076892480438,0.17391304347826086,0.2887914598952053,1.3273375256661104,0.375,0.028811818112016135,0.02753786235744915,-0.7849538940319716
9931,9935,9936,9933,9937,2024,2024-11-12 14:40:00,2024-11-12 15:00:00,2024-11-13 09:35:00,5,0.003212422750243815,0.0036704464696840295,0.1577906991057744,0.8,-0.18190747431453427,1.3282491093816966,0.5,0.1092879184067615,0.009737714971482347,0.22523424525921212
9936,9942,9950,9938,9951,2024,2024-11-13 09:35:00,2024-11-13 10:05:00,2024-11-13 10:45:00,14,0.003098511646932086,-0.0019149482215906457,-0.04782405881725649,0.42857142857142855,0.16294058242055967,1.4685149424599324,0.4666666666666667,0.09684305736042183,0.015292248253020446,-0.06634904160166233
9950,9957,9965,9952,9966,2024,2024-11-13 10:45:00,2024-11-13 11:20:00,2024-11-13 13:30:00,15,0.0031705066838960934,-0.00580388743288514,-0.21264638804740102,0.4666666666666667,0.4359791003037956,1.293487384946954,0.375,0.07059448896066145,0.011950107104469865,0.1681247384914724
9965,9974,9975,9967,9976,2024,2024-11-13 13:30:00,2024-11-13 14:15:00,2024-11-13 14:20:00,10,0.0030406791758293967,-0.013828964917261075,-0.611207209292855,0.9,-2.4964086311983515,1.4772606986710164,0.2727272727272727,0.23063914316498407,0.012030706152221349,0.4618683483801577
9975,9982,9986,9977,9987,2024,2024-11-13 14:20:00,2024-11-13 14:55:00,2024-11-14 09:45:00,11,0.00293879311218266,0.0034263348519733487,0.09584141081246296,0.6363636363636364,-0.2847899395164541,2.0513767682996873,0.5,0.04857628223149563,0.009798621858585932,0.3041249937687159
9986,9989,10000,9988,10001,2024,2024-11-14 09:45:00,2024-11-14 10:00:00,2024-11-14 10:55:00,14,0.002778912917225386,-0.006732278300823971,-0.2518986871694396,0.21428571428571427,0.598004619570944,1.3178598768148773,0.3333333333333333,0.0063210203494641955,0.01233495815795127,-0.4792656566989933
10000,10004,10036,10002,10037,2024,2024-11-14 10:55:00,2024-11-14 11:15:00,2024-11-15 09:55:00,36,0.0025385565382981213,0.021886659814683233,0.28480882179729594,0.1111111111111111,-0.0994667926440535,1.5955969208040597,0.7837837837837838,6.0673887488590315e-05,0.04194446764413229,-0.8188774513185391
10036,10041,10053,10038,10054,2024,2024-11-15 09:55:00,2024-11-15 10:20:00,2024-11-15 11:20:00,17,0.002678390252003735,-0.0170540615762521,-0.351853871617586,0.29411764705882354,0.310807348680323,1.367016407707333,0.5,0.005330749940359388,0.016687269998645782,-0.21024685869707824
10053,10059,10083,10055,10084,2024,2024-11-15 11:20:00,2024-11-15 13:20:00,2024-11-18 09:50:00,30,0.0027552884049247633,0.030004446132340983,0.4098217120005444,0.2,0.0889637535004793,1.8882667300546276,0.8064516129032258,0.0,0.04730071513729417,-0.8261558597757752
10083,10091,10098,10085,10099,2024,2024-11-18 09:50:00,2024-11-18 10:30:00,2024-11-18 11:05:00,15,0.00334849970573365,-0.01396808868340272,-0.28104755109872187,0.5333333333333333,0.39487607797119406,1.545176867642795,0.4375,0.0,0.028387903049709173,0.5765817487411294
10098,10102,10118,10100,10119,2024,2024-11-18 11:05:00,2024-11-18 11:25:00,2024-11-18 14:15:00,20,0.003374963980226499,0.01947170512811863,0.5141601896202771,0.2,0.32453120162723853,1.499164544679268,0.38095238095238093,0.011012761265805188,0.024926840313677978,-0.7799033368541073
10118,10120,10124,10120,10125,2024,2024-11-18 14:15:00,2024-11-18 14:25:00,2024-11-18 14:45:00,6,0.003450592583450558,0.0038697576409147793,0.22114688862757706,0.3333333333333333,0.3414713330471437,1.3333486964878964,0.2857142857142857,0.0,0.010033028928186027,-0.35469338452607174
10124,10130,10141,10126,10142,2024,2024-11-18 14:45:00,2024-11-19 09:45:00,2024-11-19 10:40:00,17,0.003436019882830695,-0.026057208012382403,-0.6776877179776739,0.35294117647058826,0.4334790136519333,2.5431248329686866,0.3888888888888889,0.0,0.016975335697846816,0.14390065632962173
10141,10145,10153,10143,10154,2024,2024-11-19 10:40:00,2024-11-19 11:00:00,2024-11-19 13:10:00,12,0.002968966496716782,-0.009625265340728651,-0.43042095383514883,0.3333333333333333,1.0145036489003143,1.358105094998224,0.23076923076923078,0.1380446646787578,0.00786316842947965,-0.08022468906563812
10153,10155,10160,10155,10161,2024,2024-11-19 13:10:00,2024-11-19 13:20:00,2024-11-19 13:45:00,7,0.0028898933316154982,0.0035543894706530623,0.5289407287198653,0.2857142857142857,0.13828216205168015,1.7066771469875082,0.5,0.0,0.004783756805930572,-0.6996370003926272
10160,10175,10183,10162,10184,2024,2024-11-19 13:45:00,2024-11-19 15:00:00,2024-11-20 10:10:00,23,0.003103607069861474,0.002122603249726916,0.02468901383290872,0.6521739130434783,0.06568379919628484,1.286083357575881,0.4166666666666667,0.017042942981670334,0.038006513232016204,0.7107292915020574
10183,10184,10189,10185,10190,2024,2024-11-20 10:10:00,2024-11-20 10:15:00,2024-11-20 10:40:00,6,0.0032392346057193155,-0.0003030762259903291,-0.023821558735296667,0.16666666666666666,0.07635847672918807,1.634376748914501,0.42857142857142855,0.07664179556409445,0.00576736592940108,0.04028421238372919
10189,10204,10213,10191,10214,2024,2024-11-20 10:40:00,2024-11-20 13:25:00,2024-11-20 14:10:00,24,0.003218853850270944,-0.011779261711378062,-0.255549618196282,0.625,-0.2243885971190175,1.5314363055692735,0.32,0.05162459800025198,0.016774256964739997,0.5120145920224264
10213,10238,10243,10215,10244,2024,2024-11-20 14:10:00,2024-11-21 10:45:00,2024-11-21 11:10:00,30,0.0024856850640876922,0.0015676859624889398,0.02764478104391998,0.8333333333333334,-0.8327609671003806,1.6582783438980142,0.06451612903225806,0.15088211385447065,0.023351919165661705,0.5729218440915764
10243,10253,10263,10245,10264,2024,2024-11-21 11:10:00,2024-11-21 13:30:00,2024-11-21 14:20:00,20,0.0022745645633451697,0.0017033863654449164,0.05421637136914189,0.5,-0.33020998905682314,1.4900472807847522,0.42857142857142855,0.0016775866128672051,0.012009455261118518,-0.5298910530695731
10263,10274,10326,10265,10327,2024,2024-11-21 14:20:00,2024-11-22 09:45:00,2024-11-25 10:05:00,63,0.002184046811383557,0.05041574077032218,0.3802017805481582,0.1746031746031746,0.12166540903161675,1.6693002946799287,0.640625,0.008518316197233632,0.06631158054841624,-0.7696999205657241
10326,10329,10339,10328,10340,2024,2024-11-25 10:05:00,2024-11-25 10:20:00,2024-11-25 11:10:00,13,0.002611475715521559,0.0038680712613211265,0.23168777876173166,0.23076923076923078,0.3415739886710693,1.4792971466397304,0.2857142857142857,0.0257855386215846,0.009225910357858247,-0.41479950482169575
10339,10341,10343,10341,10344,2024,2024-11-25 11:10:00,2024-11-25 11:20:00,2024-11-25 11:30:00,4,0.002567492067982908,0.0021448856924516277,0.3049637575725101,0.5,-0.4384935249575709,1.5088823399489373,0.4,0.0,0.004440555909217991,-0.35038705529782455
10343,10345,10357,10345,10358,2024,2024-11-25 11:30:00,2024-11-25 13:10:00,2024-11-25 14:10:00,14,0.0025432432860343903,0.004208489628075321,0.15123950701833286,0.14285714285714285,0.8061591668716636,1.6946552062013618,0.13333333333333333,0.19268248977906674,0.015778215112099758,-0.27398447622028943
10357,10371,10373,10359,10374,2024,2024-11-25 14:10:00,2024-11-26 09:50:00,2024-11-26 10:00:00,16,0.0026279054684150236,0.006725777099174716,0.16779103558339742,0.875,-0.09838341881437848,1.7150488844644864,0.29411764705882354,0.29472774252918593,0.024411779329067684,0.5810752784782253
10373,10374,10385,10375,10386,2024,2024-11-26 10:00:00,2024-11-26 10:05:00,2024-11-26 11:00:00,12,0.002530607484296263,0.0016118728416395992,0.07343526578461451,0.08333333333333333,0.14173752954303645,1.4619784168381509,0.38461538461538464,0.0,0.009185937927952637,-0.4693978000098983
10385,10390,10402,10387,10403,2024,2024-11-26 11:00:00,2024-11-26 11:25:00,2024-11-26 13:55:00,17,0.002472365986360639,0.0030282255643627057,0.13738192537022428,0.29411764705882354,0.16455636956826505,1.525192377392259,0.6666666666666666,0.02188309354800078,0.008692296040868186,-0.34839500150869446
10402,10406,10419,10404,10420,2024,2024-11-26 13:55:00,2024-11-26 14:15:00,2024-11-27 09:50:00,17,0.0021139413118330124,0.004098562274400612,0.14846063701987053,0.23529411764705882,0.16223356551635348,1.9157540258693022,0.6111111111111112,0.0,0.01604230804763951,-0.7304060972140112
10419,10434,10437,10421,10438,2024,2024-11-27 09:50:00,2024-11-27 11:05:00,2024-11-27 11:20:00,18,0.0027841899700764058,0.01590501056729859,0.273533595599033,0.8333333333333334,-0.770421077610967,1.5347562991615076,0.2631578947368421,0.019686017605049788,0.035004538873216084,0.8372673712574538
10437,10440,10445,10439,10446,2024,2024-11-27 11:20:00,2024-11-27 13:05:00,2024-11-27 13:30:00,8,0.0030883164278585062,-0.0008568228913933378,-0.07011047134029283,0.375,0.39474212431490036,2.04730311682366,0.4444444444444444,0.0,0.005592331575535958,-0.2804904136809285
10445,10465,10468,10447,10469,2024,2024-11-27 13:30:00,2024-11-28 09:40:00,2024-11-28 09:55:00,23,0.003122322857997761,0.017455308795912634,0.3745037785546177,0.8695652173913043,-1.6494106863067737,1.6368491578038724,0.2916666666666667,0.1626949302689964,0.024010745073534956,0.7198076005701265
10468,10480,10488,10470,10489,2024,2024-11-28 09:55:00,2024-11-28 10:55:00,2024-11-28 13:05:00,20,0.002624530480571516,0.009843660267233469,0.23645638306988803,0.6,-0.28843383083180607,1.6642798643011656,0.42857142857142855,0.006507456123492666,0.017069314012291947,0.27883668027328185
10488,10497,10510,10490,10511,2024,2024-11-28 13:05:00,2024-11-28 13:50:00,2024-11-28 14:55:00,22,0.002538991032530331,-0.0043477837832859535,-0.13903269370877097,0.4090909090909091,0.03163662272882299,1.5788906553501185,0.391304347826087,0.021648447441450648,0.014759707266214228,-0.43466365859496664
10510,10513,10519,10512,10520,2024,2024-11-28 14:55:00,2024-11-29 09:40:00,2024-11-29 10:10:00,9,0.002385116140593743,-0.011740253095610687,-0.5400644783816579,0.3333333333333333,0.15003848247590718,1.7581489923990943,0.2,0.07100639262134695,0.007873097767972403,-0.16929193307810494
10519,10520,10524,10521,10525,2024,2024-11-29 10:10:00,2024-11-29 10:15:00,2024-11-29 10:35:00,5,0.0021046954316301454,0.0020280158389483823,0.2501613380981947,0.2,0.7931284160246905,1.5139921228301743,0.16666666666666666,0.0,0.005087257245160792,-0.37059318073736724
10524,10538,10542,10526,10543,2024,2024-11-29 10:35:00,2024-11-29 13:15:00,2024-11-29 13:35:00,18,0.0021604551408626127,0.013745509472942974,0.23034392226255399,0.7777777777777778,-0.1819555128422839,1.5221894028565157,0.2631578947368421,0.13030134623596465,0.04083629691580448,0.7507285612983883
10542,10544,10552,10544,10553,2024,2024-11-29 13:35:00,2024-11-29 13:45:00,2024-11-29 14:25:00,10,0.003049243497670988,-0.004898829478368708,-0.20272706130027635,0.2,-0.09578469895557473,1.9297267833162113,0.45454545454545453,0.010196402813415394,0.01057446065695622,-0.5836821624717711
10552,10555,10557,10554,10558,2024,2024-11-29 14:25:00,2024-11-29 14:40:00,2024-11-29 14:50:00,5,0.0033221040751094098,-0.0029417339666705385,-0.29667029737651995,0.6,0.2990838419055419,1.26027980776792,0.5,0.0,0.006468854100416088,0.45478964685554446
10557,10566,10569,10559,10570,2024,2024-11-29 14:50:00,2024-12-02 10:05:00,2024-12-02 10:20:00,12,0.0033101886447481814,-0.012136717588787389,-0.5392635948907479,0.75,-0.40050851661169695,1.6312607788067326,0.46153846153846156,0.018522795862284273,0.012998467005302494,0.34889577797246835
10569,10571,10578,10571,10579,2024,2024-12-02 10:20:00,2024-12-02 10:30:00,2024-12-02 11:05:00,9,0.003337737995580423,-0.000276636106727833,-0.017553478014395187,0.2222222222222222,0.6036923946716575,1.4482184115523393,0.3,0.0,0.00667726212684272,-0.028114728722240297
10578,10582,10587,10580,10588,2024,2024-12-02 11:05:00,2024-12-02 11:25:00,2024-12-02 13:20:00,9,0.0030604118027115716,0.0014634920735665418,0.08554502710246506,0.4444444444444444,-0.12046521086140029,1.9306137225731255,0.1,0.0,0.007758128470435999,-0.19247027803626035
10587,10594,10602,10589,10603,2024,2024-12-02 13:20:00,2024-12-02 13:55:00,2024-12-02 14:35:00,15,0.00261284506038898,-0.006802996135071934,-0.3291451260361143,0.4666666666666667,0.0012363596601184725,1.7467651403569113,0.5625,0.0,0.007709028714452337,0.00256740282361408
10602,10606,10609,10604,10610,2024,2024-12-02 14:35:00,2024-12-02 14:55:00,2024-12-03 09:40:00,7,0.0022052588822793493,-0.010096320257625222,-0.7482665482598464,0.5714285714285714,-0.5318683178190833,1.4221507325242162,0.375,0.08247295556442463,0.005457564556431649,0.5449805269896402
10609,10610,10620,10611,10621,2024,2024-12-03 09:40:00,2024-12-03 09:45:00,2024-12-03 10:35:00,11,0.002208276813388965,-0.0040273418656455616,-0.1943198538386117,0.09090909090909091,2.4907137746907893,1.4683650543803988,0.16666666666666666,0.41184282280125645,0.012726041085184825,-0.7032407195646639
10620,10626,10627,10622,10628,2024,2024-12-03 10:35:00,2024-12-03 11:05:00,2024-12-03 11:10:00,7,0.0020751668153263948,-0.008495690229254081,-0.572762720898902,0.8571428571428571,-0.07381941752418639,1.4332724435864195,0.25,0.0767044341490705,0.005351880715211976,0.34381123590464824
10627,10630,10639,10629,10640,2024,2024-12-03 11:10:00,2024-12-03 11:25:00,2024-12-03 13:40:00,12,0.001995741346719465,0.005193615405849255,0.2912714138566043,0.25,0.046401380788522184,1.7231837185690912,0.6923076923076923,0.0,0.011714814212612445,-0.7839718319715524
10639,10650,10653,10641,10654,2024,2024-12-03 13:40:00,2024-12-03 14:35:00,2024-12-03 14:50:00,14,0.0023285484587262004,-0.01287220968253624,-0.4786251855185503,0.7857142857142857,0.09494701549368734,1.9291189992024929,0.3333333333333333,0.0,0.014703731718843649,0.7117333604542376
10653,10657,10666,10655,10667,2024,2024-12-03 14:50:00,2024-12-04 09:40:00,2024-12-04 10:25:00,13,0.0029450355352152514,0.006525090010021159,0.1741041579052202,0.3076923076923077,0.7547836730939591,2.6696848088045004,0.21428571428571427,0.10058588550350275,0.013065105251299336,-0.06915499781439245
10666,10669,10672,10668,10673,2024,2024-12-04 10:25:00,2024-12-04 10:40:00,2024-12-04 10:55:00,6,0.0030325670821933375,0.000228547581122935,0.027470641887815443,0.5,0.225662474691368,1.6305505659646837,0.42857142857142855,0.0,0.004393083259813579,-0.11987043561751441
10672,10677,10701,10674,10702,2024,2024-12-04 10:55:00,2024-12-04 11:20:00,2024-12-04 14:50:00,29,0.003027008273339256,-0.007062434116585522,-0.1347529664302023,0.1724137931034483,0.16793787290582088,1.5439545079529609,0.4666666666666667,0.0009146271485386233,0.02221949448764171,-0.4748306496730726
10701,10704,10709,10703,10710,2024,2024-12-04 14:50:00,2024-12-05 09:35:00,2024-12-05 10:00:00,8,0.002236677234942284,-0.0016862733348984875,-0.06289998476396975,0.375,0.22222252941118215,1.190292849877469,0.4444444444444444,0.1621415856361757,0.005355436419794302,0.28110687800876477
10709,10711,10713,10711,10714,2024,2024-12-05 10:00:00,2024-12-05 10:10:00,2024-12-05 10:20:00,4,0.0022097192964246988,0.0018470191960385006,0.38691386884231455,0.5,-0.2404095338676757,1.3164936638050309,0.4,0.0,0.0033705530119023663,-0.5777921087049509
10713,10722,10732,10715,10733,2024,2024-12-05 10:20:00,2024-12-05 11:05:00,2024-12-05 13:25:00,19,0.0021100340068531463,-0.009806972177165491,-0.3803277746126977,0.47368421052631576,0.42583617978217686,1.702826003923782,0.4,0.0,0.00936128532124858,0.40604303733615366
10732,10737,10744,10734,10745,2024,2024-12-05 13:25:00,2024-12-05 13:50:00,2024-12-05 14:25:00,12,0.00189238445809306,-0.009284048177645582,-0.6133954114425484,0.4166666666666667,0.7962227921655098,1.7914119572785543,0.15384615384615385,0.07324359813113451,0.007775995684398573,-0.13395122717606703
10744,10751,10758,10746,10759,2024,2024-12-05 14:25:00,2024-12-05 15:00:00,2024-12-06 10:05:00,14,0.0018004150654268311,-0.009848139452618058,-0.48856576033081733,0.5,-0.2665658235571784,1.6628858047363893,0.4,0.029374673881030672,0.006594937113145072,-0.25700383948862476
10758,10774,10785,10760,10786,2024,2024-12-06 10:05:00,2024-12-06 11:25:00,2024-12-06 13:50:00,27,0.002164126199399386,0.016296404490987706,0.3301679514212001,0.5925925925925926,0.3500989730940214,1.8680522935085555,0.4642857142857143,0.022289107535097944,0.025322826792272934,0.6806428496917049
10785,10790,10797,10787,10798,2024,2024-12-06 13:50:00,2024-12-06 14:15:00,2024-12-06 14:50:00,12,0.002139391652134715,-0.0007396997156571257,-0.051191768154217804,0.4166666666666667,0.40767985922213185,1.3369218608844138,0.38461538461538464,0.031924079212437305,0.0030833361865481024,0.21111930519181615
10797,10798,10809,10799,10810,2024,2024-12-06 14:50:00,2024-12-06 14:55:00,2024-12-09 10:20:00,12,0.0021421040833620266,0.005298444613093577,0.24292990549851487,0.08333333333333333,1.3128139289250265,1.3511748570324171,0.15384615384615385,0.33163172767807686,0.008599865189792055,-0.6126927989365457
10809,10811,10830,10811,10831,2024,2024-12-09 10:20:00,2024-12-09 10:30:00,2024-12-09 13:35:00,21,0.0017474689101181912,0.011112720440647603,0.36679583184141124,0.09523809523809523,0.4992712419177236,1.926112433074348,0.22727272727272727,0.2870278275667486,0.01502605539472679,-0.7562702486976277
10833,10856,10902,10835,10903,2024,2024-12-09 13:50:00,2024-12-10 10:15:00,2024-12-11 10:05:00,69,0.004245234091854408,0.03810355922548606,0.22588977420606393,0.3333333333333333,0.31123514937053676,4.171067055172607,0.5,0.0006071232679253354,0.03679017101656701,0.24382518680401954
10902,10914,10916,10904,10917,2024,2024-12-11 10:05:00,2024-12-11 11:05:00,2024-12-11 11:15:00,14,0.0017165678411869563,-0.003521420776025504,-0.13950688693328278,0.8571428571428571,-0.22895964245317002,1.5332625653505967,0.4,0.07350713148829377,0.008733075318032135,0.6012736572526902
10916,10917,10928,10918,10929,2024,2024-12-11 11:15:00,2024-12-11 11:20:00,2024-12-11 13:45:00,12,0.0020515516527167435,-0.0012979348359695125,-0.057038552133386176,0.08333333333333333,0.694911550573447,1.5047820413918105,0.23076923076923078,0.1503777018842381,0.010450574092098819,-0.6184919080646261
10928,10936,10941,10930,10942,2024,2024-12-11 13:45:00,2024-12-11 14:25:00,2024-12-11 14:50:00,13,0.002010045250169434,-0.007971400929830837,-0.7773155223514034,0.6153846153846154,-0.37540694648253725,1.4412909487182346,0.2857142857142857,0.0,0.004109431654650386,-0.024203084573388503
10941,10943,10960,10943,10961,2024,2024-12-11 14:50:00,2024-12-11 15:00:00,2024-12-12 10:55:00,19,0.00200134275323823,0.0053857945554197035,0.16725930758883464,0.10526315789473684,-0.04182262299420694,1.644067222647428,0.4,0.006344587779850969,0.008225499473993203,-0.6425914228851441
10960,10968,10970,10962,10971,2024,2024-12-12 10:55:00,2024-12-12 13:05:00,2024-12-12 13:15:00,10,0.001865130616152524,-0.009188411641025792,-0.5199096748813098,0.8,-0.09119438257207231,1.7580706298848505,0.2727272727272727,0.0914942036902301,0.011566111224285969,0.7060275676282423
10970,10973,10979,10972,10980,2024,2024-12-12 13:15:00,2024-12-12 13:30:00,2024-12-12 14:00:00,9,0.0017558533762543267,-0.000664725428396123,-0.08649702731600846,0.3333333333333333,0.07040274189685955,1.4874234597883713,0.4,0.06468441358175735,0.0018842669332634898,-0.37911270067818864
10979,10982,10984,10981,10985,2024,2024-12-12 14:00:00,2024-12-12 14:15:00,2024-12-12 14:25:00,5,0.001769307907742064,0.0007936508353095933,0.2022104472048594,0.6,0.23863925964321686,1.7122628384525005,0.3333333333333333,0.0,0.002468292630501523,0.3376253583509018
10984,10988,11020,10986,11021,2024,2024-12-12 14:25:00,2024-12-12 14:45:00,2024-12-13 13:25:00,36,0.0015148933635566154,0.006696322069835953,0.16172086732360882,0.1111111111111111,1.7606642172433484,1.901987673707524,0.21621621621621623,0.45100691481984295,0.018077140842502004,-0.8624769471677032
11020,11027,11043,11022,11044,2024,2024-12-13 13:25:00,2024-12-13 14:00:00,2024-12-16 09:50:00,23,0.001601950151342556,0.00202315483125877,0.04242918192250788,0.30434782608695654,0.32588400503367765,1.4330597136374201,0.4166666666666667,0.018156038973744664,0.02103198967970865,-0.45426285331741845
11043,11045,11062,11045,11063,2024,2024-12-16 09:50:00,2024-12-16 10:00:00,2024-12-16 11:25:00,19,0.0018307667079587684,0.008242183691689898,0.4043490069818655,0.10526315789473684,-0.015780973607960644,1.5624802058226401,0.45,0.0,0.010628089800933438,-0.781139721227467
11062,11065,11069,11064,11070,2024,2024-12-16 11:25:00,2024-12-16 13:10:00,2024-12-16 13:30:00,7,0.001874216752793519,-0.0011479645391707155,-0.19884216756110373,0.42857142857142855,0.46883271871276955,1.4981797898363274,0.25,0.0,0.0030612843409336676,0.31471131912789746
11069,11074,11084,11071,11085,2024,2024-12-16 13:30:00,2024-12-16 13:55:00,2024-12-16 14:45:00,15,0.0015827027476456885,0.004136797165984401,0.27758118128118486,0.3333333333333333,0.15172800729463987,1.6901300059117106,0.25,0.0,0.007861828819858196,-0.5733216228716271
11084,11089,11091,11086,11092,2024,2024-12-16 14:45:00,2024-12-17 09:40:00,2024-12-17 09:50:00,7,0.0014389531450109182,-0.009453521160855268,-0.8583402481496337,0.7142857142857143,-0.24825070948834288,2.0167943031761393,0.625,0.0,0.0053898524309117235,-0.0649253860376943
11091,11094,11113,11093,11114,2024,2024-12-17 09:50:00,2024-12-17 10:05:00,2024-12-17 13:10:00,22,0.0016009890203715093,0.007599028928216429,0.2451943456923989,0.13636363636363635,0.5049211233057683,1.5748319631885237,0.391304347826087,0.0019329689372735608,0.01255653237069243,-0.4208581505896099
11113,11119,11130,11115,11131,2024,2024-12-17 13:10:00,2024-12-17 13:40:00,2024-12-17 14:35:00,17,0.0018082771155916327,-0.010670948631231887,-0.558368840440318,0.35294117647058826,0.44954158181572423,2.395007275958501,0.4444444444444444,0.008538711594018967,0.00782853508468584,-0.07537129899451446
11130,11131,11134,11132,11135,2024,2024-12-17 14:35:00,2024-12-17 14:40:00,2024-12-17 14:55:00,4,0.0018381317649558719,-0.0014176106842625925,-0.2200810975815343,0.25,0.4299128503263954,1.3914812206541185,0.4,0.08672982819576111,0.0030190262798450718,0.4421531272339689
11134,11151,11152,11136,11153,2024,2024-12-17 14:55:00,2024-12-18 10:50:00,2024-12-18 10:55:00,18,0.0016027885227821504,-0.005845852096001401,-0.20547696554979608,0.9444444444444444,0.17102680400921053,1.345265189324056,0.3157894736842105,0.15588166027453146,0.009481870107312496,0.5612542454034108
11152,11165,11168,11154,11169,2024,2024-12-18 10:55:00,2024-12-18 13:30:00,2024-12-18 13:45:00,16,0.0015908656872840763,0.009204481876486122,0.43754520140259967,0.8125,-0.34937952438032843,1.6844533621744247,0.29411764705882354,0.14856219159671682,0.012670630160741325,0.7256528195403036
11168,11169,11172,11170,11173,2024,2024-12-18 13:45:00,2024-12-18 13:50:00,2024-12-18 14:05:00,4,0.001463516031823894,-0.002193598634998228,-0.47714190059253986,0.25,0.26810331464531506,1.6276842775153952,0.4,0.0,0.003466844160804783,-0.632755808386891
11172,11175,11180,11174,11181,2024,2024-12-18 14:05:00,2024-12-18 14:20:00,2024-12-18 14:45:00,8,0.001515675348787215,-0.009062072277686987,-0.84607915331954,0.375,-0.14213802513214197,1.4090348147593041,0.4444444444444444,0.04309176054051912,0.00592704654269216,-0.1775971033440264
11180,11181,11185,11182,11186,2024,2024-12-18 14:45:00,2024-12-18 14:50:00,2024-12-19 09:40:00,5,0.001540330989547678,0.0030108166280199493,0.13981590901973712,0.2,-0.4848626631633685,2.0400638137682723,0.3333333333333333,0.2649396590999741,0.01052889270237678,-0.30055804422116444
11185,11189,11193,11187,11194,2024,2024-12-19 09:40:00,2024-12-19 10:00:00,2024-12-19 10:20:00,8,0.002229803989641945,-0.00940897529476626,-0.9850124460636565,0.5,0.30285199372514293,1.5343995403721145,0.3333333333333333,0.0,0.005666548860049581,0.21166384462811363
11193,11200,11202,11195,11203,2024,2024-12-19 10:20:00,2024-12-19 10:55:00,2024-12-19 11:05:00,9,0.0022929661509295853,-0.009675991086519259,-0.7103619744646386,0.7777777777777778,-0.27491696414659395,1.6261490281187223,0.4,0.01760042815430407,0.0053545462643302955,0.20270595745768039
11202,11218,11220,11204,11221,2024,2024-12-19 11:05:00,2024-12-19 13:55:00,2024-12-19 14:05:00,18,0.002662656866168028,0.015677039518952097,0.37107795866455173,0.8888888888888888,-0.04046434708577671,1.669655211852139,0.3684210526315789,0.0011740952488732072,0.020030760448678464,0.7872144992693085
11220,11224,11229,11222,11230,2024,2024-12-19 14:05:00,2024-12-19 14:25:00,2024-12-19 14:50:00,9,0.002709989729543937,0.0007754241303743734,0.0682952647466703,0.4444444444444444,-0.0718225900022934,1.3957870921202988,0.2,0.08502790321369351,0.004907738517552218,0.10876220876062503
11229,11241,11243,11231,11244,2024,2024-12-19 14:50:00,2024-12-20 10:20:00,2024-12-20 10:30:00,14,0.0023622996059876025,-0.008697288610715113,-0.26714622874237814,0.8571428571428571,0.270811630973581,1.6256321430731095,0.26666666666666666,0.21703420539986937,0.01659863737123768,0.6647808709917202
11243,11258,11272,11245,11273,2024,2024-12-20 10:30:00,2024-12-20 13:15:00,2024-12-20 14:25:00,29,0.002343496833709827,0.017889272438998172,0.3385986733872851,0.5172413793103449,-0.11191863835955417,1.8519353997529369,0.26666666666666666,0.0,0.01966183751997974,0.13050097801204577
11272,11284,11294,11274,11295,2024,2024-12-20 14:25:00,2024-12-23 09:55:00,2024-12-23 10:45:00,22,0.0025021561408438394,0.005884488141432738,0.12111817360645624,0.5454545454545454,-0.3491090722331058,1.7326272474694915,0.13043478260869565,0.018292498266457784,0.018716807861173024,0.05304124765206941
11294,11298,11305,11296,11306,2024,2024-12-23 10:45:00,2024-12-23 11:05:00,2024-12-23 13:10:00,11,0.002717328941579631,0.0021157932429663366,0.19181499995620027,0.36363636363636365,1.0864881856426938,1.6380037442813367,0.16666666666666666,0.18387866479559825,0.005361570475581168,-0.4168748651014933
11305,11310,11326,11307,11327,2024,2024-12-23 13:10:00,2024-12-23 13:35:00,2024-12-23 14:55:00,21,0.0024137091904402,-0.012249014869216947,-0.3426698567078,0.23809523809523808,1.159982286464827,1.5234880758969787,0.18181818181818182,0.10731130979674965,0.016100268724143163,-0.40404239631770583
11326,11334,11342,11328,11343,2024,2024-12-23 14:55:00,2024-12-24 10:05:00,2024-12-24 10:45:00,16,0.0022263165141953637,-0.001954593141141934,-0.04606343361570016,0.5,-0.28766188513181307,1.6322606449229946,0.5882352941176471,0.01748197078116575,0.011387488787103273,-0.5493429910333375
11342,11350,11352,11344,11353,2024,2024-12-24 10:45:00,2024-12-24 11:25:00,2024-12-24 13:05:00,10,0.0024338870962505974,-0.013843636743251961,-0.8100988930300521,0.8,-0.08259041968367219,2.311845658136989,0.45454545454545453,0.012839773083257185,0.012661374309692164,0.6472960169145204
11352,11361,11365,11354,11366,2024,2024-12-24 13:05:00,2024-12-24 13:50:00,2024-12-24 14:10:00,13,0.0024319650192967737,0.006005784783287692,0.30469892877571714,0.6923076923076923,0.2299371442395777,1.6735617655830703,0.5,0.03692002704877588,0.009822000654637897,0.6216090633770509
11365,11380,11383,11367,11384,2024,2024-12-24 14:10:00,2024-12-25 09:55:00,2024-12-25 10:10:00,18,0.0023268299165311616,0.011560936538926448,0.4363757842194683,0.8333333333333334,-0.48817519293090783,2.249991285151479,0.2631578947368421,0.09558315310520726,0.01664866257897124,0.6926101784607762
11383,11385,11396,11385,11397,2024,2024-12-25 10:10:00,2024-12-25 10:20:00,2024-12-25 11:15:00,13,0.0022815414839716663,0.0049352490093180455,0.20397255041195056,0.15384615384615385,-0.006415726886115082,1.4441706537159225,0.5,0.008337265415104713,0.011545587266672541,-0.6648306106731408
11396,11412,11419,11398,11420,2024,2024-12-25 11:15:00,2024-12-25 14:05:00,2024-12-25 14:40:00,23,0.0020666311049650976,-0.0012075229016662407,-0.04242173698362963,0.6956521739130435,-0.3551067066029085,1.5746044768078924,0.4166666666666667,0.0,0.010322608819659962,0.2698435691776107
11419,11428,11432,11421,11433,2024,2024-12-25 14:40:00,2024-12-26 09:55:00,2024-12-26 10:15:00,13,0.0018021737021866747,-0.007280533357940547,-0.30879360519359633,0.6923076923076923,-0.4933454314912517,1.6721985373040398,0.2857142857142857,0.0,0.008779653162958923,0.2300835087532109
11432,11451,11454,11434,11455,2024,2024-12-26 10:15:00,2024-12-26 13:20:00,2024-12-26 13:35:00,22,0.0016831842664846756,-0.0015766416769594407,-0.05585153761625811,0.8636363636363636,-0.34567264053094854,1.6965581068614064,0.43478260869565216,0.0,0.013687460106867277,0.8224294924342365
11454,11455,11460,11456,11461,2024,2024-12-26 13:35:00,2024-12-26 13:40:00,2024-12-26 14:05:00,6,0.0015517553702786397,-0.0020765199929499746,-0.2991765443661377,0.16666666666666666,0.025867159446866135,1.1569016514535309,0.14285714285714285,0.0,0.004080664411357127,-0.6329323477724486
11460,11465,11468,11462,11469,2024,2024-12-26 14:05:00,2024-12-26 14:30:00,2024-12-26 14:45:00,8,0.0015459910028201539,-0.005278229665278387,-0.8975028634573066,0.625,0.021005277813985958,1.2551726670187588,0.5555555555555556,0.0,0.003866818884773693,0.48914810517271695
11468,11487,11488,11470,11489,2024,2024-12-26 14:45:00,2024-12-27 10:50:00,2024-12-27 10:55:00,20,0.001499116677169597,0.011052083885222181,0.36885626975067554,0.95,-0.1685179151342208,1.4334676180487795,0.2857142857142857,0.15514782909938277,0.012929379199213109,0.8578255817523686
11488,11493,11512,11490,11513,2024,2024-12-27 10:55:00,2024-12-27 11:20:00,2024-12-27 14:25:00,24,0.0016046272335847433,0.011154768955639924,0.284959260316952,0.20833333333333334,0.13092456722515078,1.6669858769165833,0.48,0.038009294694974695,0.025495715856985512,-0.7137550824057541
11512,11515,11521,11514,11522,2024,2024-12-27 14:25:00,2024-12-27 14:40:00,2024-12-30 09:40:00,9,0.001941437690055314,-0.006923976961246475,-0.44895884423710325,0.3333333333333333,0.1976216810938816,1.2041009513797392,0.5,0.0,0.009530471756164616,-0.5552449409429676
11521,11531,11546,11523,11547,2024,2024-12-30 09:40:00,2024-12-30 10:30:00,2024-12-30 13:15:00,25,0.002089100281711936,-0.0032919334957956753,-0.0753325075082861,0.4,0.2978557883042563,2.078155121059661,0.6153846153846154,0.004780946987232005,0.014831631289851543,0.1812825812420178
11546,11550,11553,11548,11554,2024,2024-12-30 13:15:00,2024-12-30 13:35:00,2024-12-30 13:50:00,7,0.0022394618915713115,-0.007415353751917782,-0.9642638683501233,0.5714285714285714,-0.13272061181127534,1.6418375737230781,0.625,0.00038901027643351325,0.00470995454261125,0.5172547255059994
