trade,first_interval_index,last_interval_index,first_booking,last_booking,direction,bars,pnl_log,mfe_log,mae_log,giveback_log,losing_never_favorable,losing_after_favorable,boundary_clipped,exit_day,year,outcome,trading_day,day_index,stage
0,0,30,2021-01-04 09:39:00,2021-01-04 13:44:00,1,31,0.018899824595420049,0.022795942553389788,0,0.0038961179579697393,False,False,True,2021-01-04,2021,1,2021-01-04,0,0
1,31,40,2021-01-04 13:49:00,2021-01-04 14:34:00,-1,10,-0.0029059458610157744,0.0012056646540356719,-0.0029059458610157744,0.0041116105150514459,False,True,False,2021-01-04,2021,-1,2021-01-04,0,0
2,41,58,2021-01-04 14:39:00,2021-01-05 10:39:00,1,18,-0.0031526010418490786,0.001881190758547608,-0.008849615276982449,0.0050337918003966866,False,True,False,2021-01-05,2021,-1,2021-01-05,1,0
3,59,71,2021-01-05 10:44:00,2021-01-05 13:19:00,-1,13,-0.0023231921238443145,0.0049530061230110807,-0.0026747205731460911,0.0072761982468553948,False,True,False,2021-01-05,2021,-1,2021-01-05,1,0
4,72,98,2021-01-05 13:24:00,2021-01-06 10:09:00,1,27,-0.0065681333585320767,0.0049801598379034667,-0.0065681333585320767,0.011548293196435543,False,True,False,2021-01-06,2021,-1,2021-01-06,2,0
5,99,104,2021-01-06 10:14:00,2021-01-06 10:39:00,-1,6,-0.0071024077773877495,0,-0.0071024077773877495,0.0071024077773877495,True,False,False,2021-01-06,2021,-1,2021-01-06,2,0
6,105,109,2021-01-06 10:44:00,2021-01-06 11:04:00,1,5,-0.0080725837952460265,0,-0.0080725837952460265,0.0080725837952460265,True,False,False,2021-01-06,2021,-1,2021-01-06,2,0
7,110,134,2021-01-06 11:09:00,2021-01-06 14:44:00,-1,25,-0.0021585975379967083,0.0014109124703515197,-0.0041149993725758931,0.0035695100083482281,False,True,False,2021-01-06,2021,-1,2021-01-06,2,0
8,135,141,2021-01-06 14:49:00,2021-01-07 09:54:00,1,7,-0.005757166254080048,0.0011446418591790151,-0.005757166254080048,0.0069018081132590633,False,True,False,2021-01-07,2021,-1,2021-01-07,3,0
9,142,160,2021-01-07 09:59:00,2021-01-07 11:29:00,-1,19,0.011485254940255828,0.015232466934700902,0,0.0037472119944450735,False,False,False,2021-01-07,2021,1,2021-01-07,3,0
10,161,165,2021-01-07 13:09:00,2021-01-07 13:29:00,1,5,-0.0039349416931121397,0.0013297635340139972,-0.0041082619315725788,0.0052647052271261371,False,True,False,2021-01-07,2021,-1,2021-01-07,3,0
11,166,178,2021-01-07 13:34:00,2021-01-07 14:34:00,-1,13,0.0060841536619481319,0.010139034714217033,0,0.0040548810522689008,False,False,False,2021-01-07,2021,1,2021-01-07,3,0
12,179,186,2021-01-07 14:39:00,2021-01-08 09:49:00,1,8,-0.0058071283921932604,0.0036259775466753593,-0.0063114682841077883,0.0094331059388686189,False,True,False,2021-01-08,2021,-1,2021-01-08,4,0
13,187,196,2021-01-08 09:54:00,2021-01-08 10:39:00,-1,10,-0.011335106505027148,4.3845546760993941e-05,-0.011335106505027148,0.011378952051788141,False,True,False,2021-01-08,2021,-1,2021-01-08,4,0
14,197,204,2021-01-08 10:44:00,2021-01-08 11:19:00,1,8,-0.0081759841995735303,0,-0.0081759841995735303,0.0081759841995735303,True,False,False,2021-01-08,2021,-1,2021-01-08,4,0
15,205,212,2021-01-08 11:24:00,2021-01-08 13:34:00,-1,8,-0.0059047354836055735,0.0022023067481146768,-0.0059047354836055735,0.0081070422317202507,False,True,False,2021-01-08,2021,-1,2021-01-08,4,0
16,213,221,2021-01-08 13:39:00,2021-01-08 14:19:00,1,9,-0.0057881921584923765,0,-0.0057881921584923765,0.0057881921584923765,True,False,False,2021-01-08,2021,-1,2021-01-08,4,0
17,222,226,2021-01-08 14:24:00,2021-01-08 14:44:00,-1,5,-0.004389605734491011,0,-0.0045781303846472729,0.004389605734491011,True,False,False,2021-01-08,2021,-1,2021-01-08,4,0
18,227,253,2021-01-08 14:49:00,2021-01-11 13:09:00,1,27,0.01061783251979093,0.020435167606177446,-0.00066737275243837219,0.0098173350863865159,False,False,False,2021-01-11,2021,1,2021-01-11,5,1
19,254,271,2021-01-11 13:14:00,2021-01-11 14:39:00,-1,18,0.0015941293471473579,0.010639587651283618,-0.0010326727058672489,0.0090454583041362606,False,False,False,2021-01-11,2021,1,2021-01-11,5,1
20,272,278,2021-01-11 14:44:00,2021-01-12 09:49:00,1,7,-0.0064816143225595356,0.0017376198985408779,-0.0064816143225595356,0.0082192342211004129,False,True,False,2021-01-12,2021,-1,2021-01-12,6,1
21,279,281,2021-01-12 09:54:00,2021-01-12 10:04:00,-1,3,-0.0080685686016334964,0,-0.0081044434271959846,0.0080685686016334964,True,False,False,2021-01-12,2021,-1,2021-01-12,6,1
22,282,317,2021-01-12 10:09:00,2021-01-12 14:39:00,1,36,0.0071209789788218725,0.009831615076394894,0,0.0027106360975730215,False,False,False,2021-01-12,2021,1,2021-01-12,6,1
23,318,323,2021-01-12 14:44:00,2021-01-13 09:44:00,-1,6,-0.0065824047141037224,0.00065563959275959181,-0.0065824047141037224,0.0072380443068633142,False,True,False,2021-01-13,2021,-1,2021-01-13,7,1
24,324,330,2021-01-13 09:49:00,2021-01-13 10:19:00,1,7,-0.0080796030944780446,0,-0.0080796030944780446,0.0080796030944780446,True,False,False,2021-01-13,2021,-1,2021-01-13,7,1
25,331,341,2021-01-13 10:24:00,2021-01-13 11:14:00,-1,11,-0.0058902788909537393,0,-0.0062874054022398814,0.0058902788909537393,True,False,False,2021-01-13,2021,-1,2021-01-13,7,1
26,342,347,2021-01-13 11:19:00,2021-01-13 13:19:00,1,6,-0.00235052782034708,0.001261749320320293,-0.0047422263537681177,0.0036122771406673733,False,True,False,2021-01-13,2021,-1,2021-01-13,7,1
27,348,359,2021-01-13 13:24:00,2021-01-13 14:19:00,-1,12,0.0036467796366326834,0.011268047096590069,0,0.0076212674599573857,False,False,False,2021-01-13,2021,1,2021-01-13,7,1
28,360,373,2021-01-13 14:24:00,2021-01-14 10:04:00,1,14,0.0036183406524712466,0.014247748058030115,-0.00044964510912078037,0.010629407405558868,False,False,False,2021-01-14,2021,1,2021-01-14,8,1
29,374,378,2021-01-14 10:09:00,2021-01-14 10:29:00,-1,5,-0.0067528325400018682,0.003332956594941519,-0.0067528325400018682,0.010085789134943388,False,True,False,2021-01-14,2021,-1,2021-01-14,8,1
30,379,399,2021-01-14 10:34:00,2021-01-14 13:49:00,1,21,0.032091808375627466,0.042548432860598513,0,0.010456624484971047,False,False,False,2021-01-14,2021,1,2021-01-14,8,1
31,400,417,2021-01-14 13:54:00,2021-01-15 09:54:00,-1,18,0.0046201173460025859,0.010843624722761118,-0.0034749873678800187,0.006223507376758532,False,False,False,2021-01-15,2021,1,2021-01-15,9,1
32,418,435,2021-01-15 09:59:00,2021-01-15 11:24:00,1,18,-0.0013475515793137432,0.0063420526249377222,-0.0030207657451192648,0.0076896042042514656,False,True,False,2021-01-15,2021,-1,2021-01-15,9,1
33,436,449,2021-01-15 11:29:00,2021-01-15 14:09:00,-1,14,0.0052286077785431984,0.014462424867623483,0,0.0092338170890802849,False,False,False,2021-01-15,2021,1,2021-01-15,9,1
34,450,461,2021-01-15 14:14:00,2021-01-18 09:44:00,1,12,-0.0039707203269144309,0.0048019631257739219,-0.0039707203269144309,0.008772683452688352,False,True,False,2021-01-18,2021,-1,2021-01-18,10,2
35,462,464,2021-01-18 09:49:00,2021-01-18 09:59:00,-1,3,-0.014441804070307864,0,-0.014441804070307864,0.014441804070307864,True,False,False,2021-01-18,2021,-1,2021-01-18,10,2
36,465,494,2021-01-18 10:04:00,2021-01-18 14:04:00,1,30,0.01325062983356058,0.023604504550723243,-0.0002806402723518278,0.010353874717162663,False,False,False,2021-01-18,2021,1,2021-01-18,10,2
37,495,534,2021-01-18 14:09:00,2021-01-19 13:34:00,-1,40,0.010277945567687808,0.014983643484090214,-0.0040710191970129133,0.0047056979164024054,False,False,False,2021-01-19,2021,1,2021-01-19,11,2
38,535,538,2021-01-19 13:39:00,2021-01-19 13:54:00,1,4,-0.0067095965803319708,0.00064121368937105152,-0.0067095965803319708,0.0073508102697030222,False,True,False,2021-01-19,2021,-1,2021-01-19,11,2
39,539,554,2021-01-19 13:59:00,2021-01-20 09:49:00,-1,16,0.0032890465964595305,0.0083053289059218938,-0.0018873433531606178,0.0050162823094623632,False,False,False,2021-01-20,2021,1,2021-01-20,12,2
40,555,573,2021-01-20 09:54:00,2021-01-20 11:24:00,1,19,0.009984995864288089,0.018769347959651708,0,0.0087843520953636185,False,False,False,2021-01-20,2021,1,2021-01-20,12,2
41,574,584,2021-01-20 11:29:00,2021-01-20 13:54:00,-1,11,-0.0034128447244582143,0.0022817178794166575,-0.0034128447244582143,0.0056945626038748722,False,True,False,2021-01-20,2021,-1,2021-01-20,12,2
42,585,601,2021-01-20 13:59:00,2021-01-21 09:54:00,1,17,0.00078174659757841844,0.010438430464796091,0,0.0096566838672176719,False,False,False,2021-01-21,2021,1,2021-01-21,13,2
43,602,608,2021-01-21 09:59:00,2021-01-21 10:29:00,-1,7,-0.0029921757649343751,0.0011490385716166,-0.0029921757649343751,0.0041412143365509753,False,True,False,2021-01-21,2021,-1,2021-01-21,13,2
44,609,630,2021-01-21 10:34:00,2021-01-21 13:54:00,1,22,0.0074717626734729318,0.010848431977896013,-0.0010574336530679677,0.003376669304423081,False,False,False,2021-01-21,2021,1,2021-01-21,13,2
45,631,665,2021-01-21 13:59:00,2021-01-22 11:24:00,-1,35,0.012524988398514892,0.020805066199399654,-5.3424062049223231e-17,0.0082800778008847616,False,False,False,2021-01-22,2021,1,2021-01-22,14,2
46,666,693,2021-01-22 11:29:00,2021-01-25 09:54:00,1,28,0.0045856525904570686,0.011852321518137291,-0.0014991382764179173,0.0072666689276802221,False,False,False,2021-01-25,2021,1,2021-01-25,15,3
47,694,697,2021-01-25 09:59:00,2021-01-25 10:14:00,-1,4,-0.0093236050880011311,0.0017366768719629336,-0.0093236050880011311,0.011060281959964065,False,True,False,2021-01-25,2021,-1,2021-01-25,15,3
48,698,728,2021-01-25 10:19:00,2021-01-25 14:24:00,1,31,0.0066726479285667516,0.01518780339396418,0,0.0085151554653974289,False,False,False,2021-01-25,2021,1,2021-01-25,15,3
49,729,740,2021-01-25 14:29:00,2021-01-26 09:59:00,-1,12,-0.0059920839279667577,0.004191140582183275,-0.0059920839279667577,0.010183224510150033,False,True,False,2021-01-26,2021,-1,2021-01-26,16,3
50,741,745,2021-01-26 10:04:00,2021-01-26 10:24:00,1,5,-0.0086370756848641768,0,-0.0086370756848641768,0.0086370756848641768,True,False,False,2021-01-26,2021,-1,2021-01-26,16,3
51,746,777,2021-01-26 10:29:00,2021-01-26 14:39:00,-1,32,0.0072089557881181814,0.015413901083398462,0,0.0082049452952802811,False,False,False,2021-01-26,2021,1,2021-01-26,16,3
52,778,784,2021-01-26 14:44:00,2021-01-27 09:49:00,1,7,-0.0074648910134910949,0,-0.0074648910134910949,0.0074648910134910949,True,False,False,2021-01-27,2021,-1,2021-01-27,17,3
53,785,794,2021-01-27 09:54:00,2021-01-27 10:39:00,-1,10,0.0091841032813809887,0.020674998525341104,0,0.011490895243960115,False,False,False,2021-01-27,2021,1,2021-01-27,17,3
54,795,820,2021-01-27 10:44:00,2021-01-27 14:24:00,1,26,-0.0032726066990314065,0.0027429229650532561,-0.0032726066990314065,0.0060155296640846626,False,True,False,2021-01-27,2021,-1,2021-01-27,17,3
55,821,834,2021-01-27 14:29:00,2021-01-28 10:09:00,-1,14,-0.0038683441128669494,0.0051604572208345063,-0.0038683441128669494,0.0090288013337014549,False,True,False,2021-01-28,2021,-1,2021-01-28,18,3
56,835,838,2021-01-28 10:14:00,2021-01-28 10:29:00,1,4,-0.008310668448260658,0,-0.008310668448260658,0.008310668448260658,True,False,False,2021-01-28,2021,-1,2021-01-28,18,3
57,839,876,2021-01-28 10:34:00,2021-01-29 09:49:00,-1,38,0.013278728148706891,0.020291177784360036,-0.0025713777925628393,0.0070124496356531452,False,False,False,2021-01-29,2021,1,2021-01-29,19,3
58,877,880,2021-01-29 09:54:00,2021-01-29 10:09:00,1,4,-0.0058086268253189129,0.00025877835778196864,-0.0058086268253189129,0.0060674051831008814,False,True,False,2021-01-29,2021,-1,2021-01-29,19,3
59,881,891,2021-01-29 10:14:00,2021-01-29 11:04:00,-1,11,-0.0049548828966260415,0.0060690503357258736,-0.0049548828966260415,0.011023933232351915,False,True,False,2021-01-29,2021,-1,2021-01-29,19,3
60,892,899,2021-01-29 11:09:00,2021-01-29 13:19:00,1,8,-0.0013310543914422462,0.0066983692982047231,-0.0013310543914422462,0.0080294236896469688,False,True,False,2021-01-29,2021,-1,2021-01-29,19,3
61,900,918,2021-01-29 13:24:00,2021-01-29 14:54:00,-1,19,0.0056028069139586285,0.016753770823573148,0,0.011150963909614519,False,False,False,2021-01-29,2021,1,2021-01-29,19,3
62,919,932,2021-01-29 14:59:00,2021-02-01 10:39:00,1,14,0.002893196675237633,0.013673954640829347,0,0.010780757965591713,False,False,False,2021-02-01,2021,1,2021-02-01,20,4
63,933,946,2021-02-01 10:44:00,2021-02-01 13:24:00,-1,14,0.0025407787321070937,0.0068558638370778153,0,0.0043150851049707211,False,False,False,2021-02-01,2021,1,2021-02-01,20,4
64,947,955,2021-02-01 13:29:00,2021-02-01 14:09:00,1,9,-0.0036005037237217606,0,-0.0036005037237217606,0.0036005037237217606,True,False,False,2021-02-01,2021,-1,2021-02-01,20,4
65,956,964,2021-02-01 14:14:00,2021-02-01 14:54:00,-1,9,-0.0053325935776403844,0.00036076440000383221,-0.0053325935776403844,0.0056933579776442169,False,True,False,2021-02-01,2021,-1,2021-02-01,20,4
66,965,969,2021-02-01 14:59:00,2021-02-02 09:54:00,1,5,-0.0029167068958064046,0.00037981361455352358,-0.005021450406844331,0.0032965205103599282,False,True,False,2021-02-02,2021,-1,2021-02-02,21,4
67,970,971,2021-02-02 09:59:00,2021-02-02 10:04:00,-1,2,-0.0052425589703771749,0,-0.0052425589703771749,0.0052425589703771749,True,False,False,2021-02-02,2021,-1,2021-02-02,21,4
68,972,982,2021-02-02 10:09:00,2021-02-02 10:59:00,1,11,0.0019842876224449631,0.0055782195702986804,0,0.0035939319478537173,False,False,False,2021-02-02,2021,1,2021-02-02,21,4
69,983,990,2021-02-02 11:04:00,2021-02-02 13:14:00,-1,8,-0.004459020115215007,0.0027425814976430999,-0.004459020115215007,0.0072016016128581065,False,True,False,2021-02-02,2021,-1,2021-02-02,21,4
70,991,1017,2021-02-02 13:19:00,2021-02-03 10:04:00,1,27,-0.0022549812855460292,0.0051748717435639181,-0.0026324716780046784,0.0074298530291099472,False,True,False,2021-02-03,2021,-1,2021-02-03,22,4
71,1018,1031,2021-02-03 10:09:00,2021-02-03 11:14:00,-1,14,0.00022368080842004659,0.0059726362432629115,0,0.0057489554348428649,False,False,False,2021-02-03,2021,1,2021-02-03,22,4
72,1032,1042,2021-02-03 11:19:00,2021-02-03 13:44:00,1,11,-0.0028843683142483921,0.0043388555470073179,-0.0028843683142483921,0.0072232238612557099,False,True,False,2021-02-03,2021,-1,2021-02-03,22,4
73,1043,1078,2021-02-03 13:49:00,2021-02-04 11:19:00,-1,36,0.030401458748000518,0.038201272641643254,-0.00055371569166073734,0.0077998138936427354,False,False,False,2021-02-04,2021,1,2021-02-04,23,4
74,1079,1081,2021-02-04 11:24:00,2021-02-04 13:09:00,1,3,-0.0088273871986528328,0,-0.0088273871986528328,0.0088273871986528328,True,False,False,2021-02-04,2021,-1,2021-02-04,23,4
75,1082,1090,2021-02-04 13:14:00,2021-02-04 13:54:00,-1,9,-0.0066350782108622365,0.0021752309722267381,-0.0066350782108622365,0.0088103091830889751,False,True,False,2021-02-04,2021,-1,2021-02-04,23,4
76,1091,1121,2021-02-04 13:59:00,2021-02-05 11:04:00,1,31,0.012524546676788357,0.01803156919028923,0,0.0055070225135008723,False,False,False,2021-02-05,2021,1,2021-02-05,24,4
77,1122,1155,2021-02-05 11:09:00,2021-02-08 10:04:00,-1,34,0.010700903952621108,0.022102425006196073,-0.0010795392631586481,0.011401521053574965,False,False,False,2021-02-08,2021,1,2021-02-08,25,5
78,1156,1176,2021-02-08 10:09:00,2021-02-08 13:24:00,1,21,0.0016182285377554294,0.0079574966126583734,-0.005844492663834017,0.0063392680749029436,False,False,False,2021-02-08,2021,1,2021-02-08,25,5
79,1177,1198,2021-02-08 13:29:00,2021-02-09 09:49:00,-1,22,-0.0048533996992394177,0.004217202718714114,-0.0048533996992394177,0.0090706024179535317,False,True,False,2021-02-09,2021,-1,2021-02-09,26,5
80,1199,1228,2021-02-09 09:54:00,2021-02-09 13:54:00,1,30,0.014002604129077221,0.017968604979809125,0,0.0039660008507319041,False,False,False,2021-02-09,2021,1,2021-02-09,26,5
81,1229,1234,2021-02-09 13:59:00,2021-02-09 14:24:00,-1,6,-0.0054465634528635728,0,-0.0054465634528635728,0.0054465634528635728,True,False,False,2021-02-09,2021,-1,2021-02-09,26,5
82,1235,1244,2021-02-09 14:29:00,2021-02-10 09:49:00,1,10,-0.005992146194806554,0.0094449801638930159,-0.005992146194806554,0.015437126358699569,False,True,False,2021-02-10,2021,-1,2021-02-10,27,5
83,1245,1252,2021-02-10 09:54:00,2021-02-10 10:29:00,-1,8,-0.0073087093811082995,0,-0.0073087093811082995,0.0073087093811082995,True,False,False,2021-02-10,2021,-1,2021-02-10,27,5
84,1253,1297,2021-02-10 10:34:00,2021-02-18 10:24:00,1,45,0.013355849521622895,0.025370223412097076,0,0.012014373890474181,False,False,False,2021-02-18,2021,1,2021-02-18,28,5
85,1298,1303,2021-02-18 10:29:00,2021-02-18 10:54:00,-1,6,-0.0031123197329768408,0.0064564658128011231,-0.0031123197329768408,0.0095687855457779643,False,True,False,2021-02-18,2021,-1,2021-02-18,28,5
86,1304,1311,2021-02-18 10:59:00,2021-02-18 13:09:00,1,8,-0.010141919556001166,0.0014454217580035856,-0.010141919556001166,0.011587341314004752,False,True,False,2021-02-18,2021,-1,2021-02-18,28,5
87,1312,1355,2021-02-18 13:14:00,2021-02-19 11:24:00,-1,44,0.010846405903922673,0.017803954794930903,-0.0058069783985051802,0.0069575488910082299,False,False,False,2021-02-19,2021,1,2021-02-19,29,5
88,1356,1383,2021-02-19 11:29:00,2021-02-22 09:54:00,1,28,0.0030697275113840197,0.010853397321956882,-0.0025901250096725639,0.0077836698105728623,False,False,False,2021-02-22,2021,1,2021-02-22,30,6
89,1384,1387,2021-02-22 09:59:00,2021-02-22 10:14:00,-1,4,-0.011962769957352523,0,-0.011962769957352523,0.011962769957352523,True,False,False,2021-02-22,2021,-1,2021-02-22,30,6
90,1388,1393,2021-02-22 10:19:00,2021-02-22 10:44:00,1,6,-0.0046126605233557409,0,-0.0049484493153626368,0.0046126605233557409,True,False,False,2021-02-22,2021,-1,2021-02-22,30,6
91,1394,1431,2021-02-22 10:49:00,2021-02-23 10:04:00,-1,38,0.023996734577441503,0.037034409248743794,0,0.013037674671302291,False,False,False,2021-02-23,2021,1,2021-02-23,31,6
92,1432,1462,2021-02-23 10:09:00,2021-02-23 14:14:00,1,31,-0.00083140418914379633,0.0031973246984356002,-0.0068004977843419065,0.0040287288875793968,False,True,False,2021-02-23,2021,-1,2021-02-23,31,6
93,1463,1476,2021-02-23 14:19:00,2021-02-24 09:59:00,-1,14,0.00090386083828173074,0.0071166483111688959,-0.0020629049855940655,0.0062127874728871652,False,False,False,2021-02-24,2021,1,2021-02-24,32,6
94,1477,1483,2021-02-24 10:04:00,2021-02-24 10:34:00,1,7,-0.0058734360640299906,0,-0.0058734360640299906,0.0058734360640299906,True,False,False,2021-02-24,2021,-1,2021-02-24,32,6
95,1484,1491,2021-02-24 10:39:00,2021-02-24 11:14:00,-1,8,0.00012995076328282029,0.0046743934606038205,0,0.0045444426973210005,False,False,False,2021-02-24,2021,1,2021-02-24,32,6
96,1492,1493,2021-02-24 11:19:00,2021-02-24 11:24:00,1,2,-0.0072243288264858168,0,-0.0072243288264858168,0.0072243288264858168,True,False,False,2021-02-24,2021,-1,2021-02-24,32,6
97,1494,1515,2021-02-24 11:29:00,2021-02-24 14:49:00,-1,22,0.0058202032884107028,0.012197013094486179,-0.00022541602076219075,0.0063768098060754761,False,False,False,2021-02-24,2021,1,2021-02-24,32,6
98,1516,1521,2021-02-24 14:54:00,2021-02-25 09:54:00,1,6,-0.005089368068897749,0.0024620387440752638,-0.005089368068897749,0.0075514068129730128,False,True,False,2021-02-25,2021,-1,2021-02-25,33,6
99,1522,1534,2021-02-25 09:59:00,2021-02-25 10:59:00,-1,13,-0.0031783925606614014,0.0035942648363574878,-0.0031783925606614014,0.0067726573970188896,False,True,False,2021-02-25,2021,-1,2021-02-25,33,6
100,1535,1540,2021-02-25 11:04:00,2021-02-25 11:29:00,1,6,-0.0043259746725081601,0,-0.0043259746725081601,0.0043259746725081601,True,False,False,2021-02-25,2021,-1,2021-02-25,33,6
101,1541,1572,2021-02-25 13:09:00,2021-02-26 10:19:00,-1,32,0.013561288272750282,0.021644304477743233,-0.0037248368912245599,0.0080830162049929516,False,False,False,2021-02-26,2021,1,2021-02-26,34,6
102,1573,1581,2021-02-26 10:24:00,2021-02-26 11:04:00,1,9,-0.0044641762895125626,0.0006339853649859205,-0.0045915891711271672,0.0050981616544984835,False,True,False,2021-02-26,2021,-1,2021-02-26,34,6
103,1582,1601,2021-02-26 11:09:00,2021-02-26 14:19:00,-1,20,0.0030172954319258403,0.006933818352566937,-0.00087646035507718881,0.0039165229206410967,False,False,False,2021-02-26,2021,1,2021-02-26,34,6
104,1602,1608,2021-02-26 14:24:00,2021-02-26 14:54:00,1,7,-0.0036297953852877569,0,-0.0038787909159726788,0.0036297953852877569,True,False,False,2021-02-26,2021,-1,2021-02-26,34,6
105,1609,1612,2021-02-26 14:59:00,2021-03-01 09:49:00,-1,4,-0.010529138439855406,0,-0.015874953078271442,0.010529138439855406,True,False,False,2021-03-01,2021,-1,2021-03-01,35,7
106,1613,1627,2021-03-01 09:54:00,2021-03-01 11:04:00,1,15,0.0031751973905761849,0.0084152803371327373,-0.0012175947661193522,0.005240082946556552,False,False,False,2021-03-01,2021,1,2021-03-01,35,7
107,1628,1634,2021-03-01 11:09:00,2021-03-01 13:14:00,-1,7,-0.0060984393947532724,0.0014149224525697099,-0.0060984393947532724,0.0075133618473229823,False,True,False,2021-03-01,2021,-1,2021-03-01,35,7
108,1635,1670,2021-03-01 13:19:00,2021-03-02 10:49:00,1,36,0.0084332746766604093,0.013605252247606101,-0.0017767253711509882,0.0051719775709456912,False,False,False,2021-03-02,2021,1,2021-03-02,36,7
109,1671,1696,2021-03-02 10:54:00,2021-03-02 14:34:00,-1,26,0.0078047739997432839,0.013914244116257775,-0.0013046603137663055,0.0061094701165144913,False,False,False,2021-03-02,2021,1,2021-03-02,36,7
110,1697,1704,2021-03-02 14:39:00,2021-03-03 09:49:00,1,8,-0.0054106268965896645,0.00016999700698376726,-0.0070097644470625727,0.0055806239035734321,False,True,False,2021-03-03,2021,-1,2021-03-03,37,7
111,1705,1717,2021-03-03 09:54:00,2021-03-03 10:54:00,-1,13,-0.0027312079558097059,0.0033275919085567545,-0.0048117115808375046,0.0060587998643664605,False,True,False,2021-03-03,2021,-1,2021-03-03,37,7
112,1718,1750,2021-03-03 10:59:00,2021-03-04 09:49:00,1,33,-0.0026940491203635859,0.0098312239260128047,-0.0026940491203635859,0.012525273046376391,False,True,False,2021-03-04,2021,-1,2021-03-04,38,7
113,1751,1786,2021-03-04 09:54:00,2021-03-04 14:24:00,-1,36,0.012029556939225331,0.014220732127227933,-0.0018339296886988937,0.0021911751880026014,False,False,False,2021-03-04,2021,1,2021-03-04,38,7
114,1787,1790,2021-03-04 14:29:00,2021-03-04 14:44:00,1,4,-0.0034885639982223911,0,-0.0034885639982223911,0.0034885639982223911,True,False,False,2021-03-04,2021,-1,2021-03-04,38,7
115,1791,1804,2021-03-04 14:49:00,2021-03-05 10:29:00,-1,14,0.0014653566686122688,0.010005507183638414,-0.00026413998063084068,0.0085401505150261448,False,False,False,2021-03-05,2021,1,2021-03-05,39,7
116,1805,1817,2021-03-05 10:34:00,2021-03-05 13:09:00,1,13,0.0029436427296869786,0.0069601654929160638,-0.0032707974464492849,0.0040165227632290856,False,False,False,2021-03-05,2021,1,2021-03-05,39,7
117,1818,1826,2021-03-05 13:14:00,2021-03-05 13:54:00,-1,9,-0.00031649146867571197,0.003057032985049995,-0.0007232619427484635,0.0033735244537257069,False,True,False,2021-03-05,2021,-1,2021-03-05,39,7
118,1827,1839,2021-03-05 13:59:00,2021-03-05 14:59:00,1,13,0.0018216449518681627,0.0078425299802923221,0,0.006020885028424159,False,False,False,2021-03-05,2021,1,2021-03-05,39,7
119,1840,1895,2021-03-08 09:39:00,2021-03-09 10:24:00,-1,56,0.050878559582348326,0.078753754722235364,-0.0048615166420645905,0.027875195139887038,False,False,False,2021-03-09,2021,1,2021-03-09,41,8
120,1896,1900,2021-03-09 10:29:00,2021-03-09 10:49:00,1,5,-0.013431361249827994,0,-0.013431361249827994,0.013431361249827994,True,False,False,2021-03-09,2021,-1,2021-03-09,41,8
121,1901,1906,2021-03-09 10:54:00,2021-03-09 11:19:00,-1,6,-0.010800739952441185,0,-0.010800739952441185,0.010800739952441185,True,False,False,2021-03-09,2021,-1,2021-03-09,41,8
122,1907,1918,2021-03-09 11:24:00,2021-03-09 13:54:00,1,12,-0.0025739222014731062,0.0040065615424585152,-0.0033696824331741885,0.006580483743931621,False,True,False,2021-03-09,2021,-1,2021-03-09,41,8
123,1919,1934,2021-03-09 13:59:00,2021-03-10 09:49:00,-1,16,0.0085396523963464817,0.022150030137361928,0,0.013610377741015447,False,False,False,2021-03-10,2021,1,2021-03-10,42,8
124,1935,1940,2021-03-10 09:54:00,2021-03-10 10:19:00,1,6,-0.0096090250926362981,0.0016593123674432382,-0.0096090250926362981,0.011268337460079537,False,True,False,2021-03-10,2021,-1,2021-03-10,42,8
125,1941,1947,2021-03-10 10:24:00,2021-03-10 10:54:00,-1,7,-0.0090312269688500729,0.0035379022109855479,-0.0090312269688500729,0.01256912917983562,False,True,False,2021-03-10,2021,-1,2021-03-10,42,8
126,1948,1957,2021-03-10 10:59:00,2021-03-10 13:19:00,1,10,-0.0060951986862405319,0.0017163668575695622,-0.0060951986862405319,0.0078115655438100937,False,True,False,2021-03-10,2021,-1,2021-03-10,42,8
127,1958,1982,2021-03-10 13:24:00,2021-03-11 09:59:00,-1,25,-0.0053323149488542516,0.0072383321832241972,-0.0053323149488542516,0.01257064713207845,False,True,False,2021-03-11,2021,-1,2021-03-11,43,8
128,1983,2016,2021-03-11 10:04:00,2021-03-11 14:24:00,1,34,0.011660542630515407,0.021827832102036312,-0.003355559329992922,0.010167289471520905,False,False,False,2021-03-11,2021,1,2021-03-11,43,8
129,2017,2023,2021-03-11 14:29:00,2021-03-11 14:59:00,-1,7,-0.0051479145881402812,0.0019233984899404593,-0.005203209686243891,0.0070713130780807407,False,True,False,2021-03-11,2021,-1,2021-03-11,43,8
130,2024,2029,2021-03-12 09:39:00,2021-03-12 10:04:00,1,6,-0.0061806852856975134,0.00030803375977607022,-0.0061806852856975134,0.0064887190454735837,False,True,False,2021-03-12,2021,-1,2021-03-12,44,8
131,2030,2043,2021-03-12 10:09:00,2021-03-12 11:14:00,-1,14,-0.0011756856872008347,0.0050121424018269769,-0.0011836248100071845,0.0061878280890278114,False,True,False,2021-03-12,2021,-1,2021-03-12,44,8
132,2044,2055,2021-03-12 11:19:00,2021-03-12 13:49:00,1,12,-0.003164786076487576,0.0012298123904430232,-0.003164786076487576,0.0043945984669305996,False,True,False,2021-03-12,2021,-1,2021-03-12,44,8
133,2056,2059,2021-03-12 13:54:00,2021-03-12 14:09:00,-1,4,-0.0042677200717720735,0,-0.0042677200717720735,0.0042677200717720735,True,False,False,2021-03-12,2021,-1,2021-03-12,44,8
134,2060,2068,2021-03-12 14:14:00,2021-03-12 14:54:00,1,9,-0.0020640333762419528,0.00083234579655089031,-0.0023581077791845107,0.0028963791727928431,False,True,False,2021-03-12,2021,-1,2021-03-12,44,8
135,2069,2114,2021-03-12 14:59:00,2021-03-15 14:54:00,-1,46,0.028731168950929416,0.034653490873941248,-0.0021195446549585042,0.0059223219230118314,False,False,False,2021-03-15,2021,1,2021-03-15,45,9
136,2115,2124,2021-03-15 14:59:00,2021-03-16 10:19:00,1,10,-0.00059720298085801321,0.0068057691752229296,-0.00059720298085801321,0.0074029721560809432,False,True,False,2021-03-16,2021,-1,2021-03-16,46,9
137,2125,2134,2021-03-16 10:24:00,2021-03-16 11:09:00,-1,10,0.0012200565687155752,0.0067658812310063795,0,0.0055458246622908042,False,False,False,2021-03-16,2021,1,2021-03-16,46,9
138,2135,2157,2021-03-16 11:14:00,2021-03-16 14:39:00,1,23,-0.00080326556342826851,0.0022342720291960148,-0.0021900064118263521,0.0030375375926242833,False,True,False,2021-03-16,2021,-1,2021-03-16,46,9
139,2158,2165,2021-03-16 14:44:00,2021-03-17 09:54:00,-1,8,-0.0078898772512408545,0.0043965867896704602,-0.0078898772512408545,0.012286464040911315,False,True,False,2021-03-17,2021,-1,2021-03-17,47,9
140,2166,2182,2021-03-17 09:59:00,2021-03-17 11:19:00,1,17,5.6946450014446056e-05,0.0043349149758978326,0,0.0042779685258833864,False,False,False,2021-03-17,2021,1,2021-03-17,47,9
141,2183,2194,2021-03-17 11:24:00,2021-03-17 13:54:00,-1,12,-0.0046019259931012824,0.001245426475291812,-0.0046019259931012824,0.0058473524683930944,False,True,False,2021-03-17,2021,-1,2021-03-17,47,9
142,2195,2217,2021-03-17 13:59:00,2021-03-18 10:24:00,1,23,0.0086110814532825465,0.013376484897909545,-0.00068853510806422716,0.0047654034446269981,False,False,False,2021-03-18,2021,1,2021-03-18,48,9
143,2218,2226,2021-03-18 10:29:00,2021-03-18 11:09:00,-1,9,-0.00078645377619111908,0.0033211534734798103,-0.00078645377619111908,0.004107607249670929,False,True,False,2021-03-18,2021,-1,2021-03-18,48,9
144,2227,2239,2021-03-18 11:14:00,2021-03-18 13:49:00,1,13,-0.0039062549670653198,0,-0.0039062549670653198,0.0039062549670653198,True,False,False,2021-03-18,2021,-1,2021-03-18,48,9
145,2240,2250,2021-03-18 13:54:00,2021-03-18 14:44:00,-1,11,-0.0008854687122640452,0.0032830685416336096,-0.0008854687122640452,0.0041685372538976546,False,True,False,2021-03-18,2021,-1,2021-03-18,48,9
146,2251,2256,2021-03-18 14:49:00,2021-03-19 09:49:00,1,6,-0.0067007064418908736,0,-0.0094992043808041857,0.0067007064418908736,True,False,False,2021-03-19,2021,-1,2021-03-19,49,9
147,2257,2265,2021-03-19 09:54:00,2021-03-19 10:34:00,-1,9,-0.0052916374421698355,0.00055907341117613805,-0.0052916374421698355,0.005850710853345974,False,True,False,2021-03-19,2021,-1,2021-03-19,49,9
148,2266,2275,2021-03-19 10:39:00,2021-03-19 11:24:00,1,10,-0.0040368864265421921,0.000177249253197234,-0.0040368864265421921,0.0042141356797394261,False,True,False,2021-03-19,2021,-1,2021-03-19,49,9
149,2276,2295,2021-03-19 11:29:00,2021-03-19 14:39:00,-1,20,0.0044594789025239759,0.0095921657611171083,-0.0017459346799863114,0.0051326868585931324,False,False,False,2021-03-19,2021,1,2021-03-19,49,9
150,2296,2311,2021-03-19 14:44:00,2021-03-22 10:34:00,1,16,0.0069400577369854236,0.013190907712917017,-0.0011139163438009263,0.0062508499759315935,False,False,False,2021-03-22,2021,1,2021-03-22,50,10
151,2312,2320,2021-03-22 10:39:00,2021-03-22 11:19:00,-1,9,-0.0008873115045343286,0.0031927604061122127,-0.0008873115045343286,0.004080071910646541,False,True,False,2021-03-22,2021,-1,2021-03-22,50,10
152,2321,2344,2021-03-22 11:24:00,2021-03-22 14:54:00,1,24,0.0013939081230289496,0.0035976328255490804,0,0.0022037247025201308,False,False,False,2021-03-22,2021,1,2021-03-22,50,10
153,2345,2348,2021-03-22 14:59:00,2021-03-23 09:49:00,-1,4,-0.011869884321037623,0,-0.011869884321037623,0.011869884321037623,True,False,False,2021-03-23,2021,-1,2021-03-23,51,10
154,2349,2358,2021-03-23 09:54:00,2021-03-23 10:39:00,1,10,-0.0070905860125300441,0,-0.0070905860125300441,0.0070905860125300441,True,False,False,2021-03-23,2021,-1,2021-03-23,51,10
155,2359,2393,2021-03-23 10:44:00,2021-03-24 09:44:00,-1,35,0.0036205309783967545,0.011517029907792006,-0.0013133135020792597,0.0078964989293952518,False,False,False,2021-03-24,2021,1,2021-03-24,52,10
156,2394,2398,2021-03-24 09:49:00,2021-03-24 10:09:00,1,5,-0.0075804112813329626,0,-0.0075804112813329626,0.0075804112813329626,True,False,False,2021-03-24,2021,-1,2021-03-24,52,10
157,2399,2446,2021-03-24 10:14:00,2021-03-25 10:19:00,-1,48,0.0091501033219662277,0.015170857778121116,-0.00020256774947643541,0.0060207544561548879,False,False,False,2021-03-25,2021,1,2021-03-25,53,10
158,2447,2459,2021-03-25 10:24:00,2021-03-25 11:24:00,1,13,0.0010952545518068347,0.0064479801472920491,0,0.0053527255954852141,False,False,False,2021-03-25,2021,1,2021-03-25,53,10
159,2460,2464,2021-03-25 11:29:00,2021-03-25 13:24:00,-1,5,-0.0045235853338708876,0.00093988425911180568,-0.0045235853338708876,0.0054634695929826936,False,True,False,2021-03-25,2021,-1,2021-03-25,53,10
160,2465,2472,2021-03-25 13:29:00,2021-03-25 14:04:00,1,8,-0.0039355854149296932,0.0012434527322531784,-0.0039355854149296932,0.0051790381471828713,False,True,False,2021-03-25,2021,-1,2021-03-25,53,10
161,2473,2486,2021-03-25 14:09:00,2021-03-26 09:49:00,-1,14,-0.0081878031342535774,0.0034512686170324763,-0.0081878031342535774,0.011639071751286053,False,True,False,2021-03-26,2021,-1,2021-03-26,54,10
162,2487,2533,2021-03-26 09:54:00,2021-03-29 09:54:00,1,47,0.016145318057882801,0.019732444848780898,-0.0046589102572411707,0.0035871267908980965,False,False,False,2021-03-29,2021,1,2021-03-29,55,11
163,2534,2538,2021-03-29 09:59:00,2021-03-29 10:19:00,-1,5,-0.0016639270119036653,0.0016746816038642599,-0.0019741142800105212,0.0033386086157679252,False,True,False,2021-03-29,2021,-1,2021-03-29,55,11
164,2539,2552,2021-03-29 10:24:00,2021-03-29 11:29:00,1,14,0.0012560618552583775,0.0046269005780186726,0,0.0033708387227602953,False,False,False,2021-03-29,2021,1,2021-03-29,55,11
165,2553,2571,2021-03-29 13:09:00,2021-03-29 14:39:00,-1,19,0.0052493558861441076,0.007784312841907521,0,0.0025349569557634134,False,False,False,2021-03-29,2021,1,2021-03-29,55,11
166,2572,2579,2021-03-29 14:44:00,2021-03-30 09:54:00,1,8,-0.00047930980307293674,0.00052697557170749238,-0.0016865904105553059,0.0010062853747804291,False,True,False,2021-03-30,2021,-1,2021-03-30,56,11
167,2580,2584,2021-03-30 09:59:00,2021-03-30 10:19:00,-1,5,-0.0009424243363787459,0.0023439354429753588,-0.0009424243363787459,0.0032863597793541047,False,True,False,2021-03-30,2021,-1,2021-03-30,56,11
168,2585,2593,2021-03-30 10:24:00,2021-03-30 11:04:00,1,9,0.00047885841072095451,0.0036892619105593559,0,0.0032104034998384013,False,False,False,2021-03-30,2021,1,2021-03-30,56,11
169,2594,2620,2021-03-30 11:09:00,2021-03-30 14:54:00,-1,27,0.0045664553430379996,0.006339469891334772,-0.00038292169719268709,0.0017730145482967724,False,False,False,2021-03-30,2021,1,2021-03-30,56,11
170,2621,2625,2021-03-30 14:59:00,2021-03-31 09:54:00,1,5,-0.0031792189528274339,0.003816142012126226,-0.0031792189528274339,0.0069953609649536595,False,True,False,2021-03-31,2021,-1,2021-03-31,57,11
171,2626,2642,2021-03-31 09:59:00,2021-03-31 11:19:00,-1,17,0.00086881677454668559,0.0055799846431607032,0,0.004711167868614018,False,False,False,2021-03-31,2021,1,2021-03-31,57,11
172,2643,2698,2021-03-31 11:24:00,2021-04-01 13:44:00,1,56,0.017194961294727407,0.0209692359907853,-0.0010709699742911831,0.003774274696057893,False,False,False,2021-04-01,2021,1,2021-04-01,58,11
173,2699,2710,2021-04-01 13:49:00,2021-04-01 14:44:00,-1,12,-0.0035851106429690932,6.3289136440865127e-05,-0.0035851106429690932,0.0036483997794099585,False,True,False,2021-04-01,2021,-1,2021-04-01,58,11
174,2711,2746,2021-04-01 14:49:00,2021-04-02 13:54:00,1,36,0.021761769445777773,0.025979528744358233,-0.00093057741942535266,0.0042177592985804604,False,False,False,2021-04-02,2021,1,2021-04-02,59,11
175,2747,2761,2021-04-02 13:59:00,2021-04-06 09:44:00,-1,15,-0.0054228607842362313,0,-0.0099615564890995767,0.0054228607842362313,True,False,False,2021-04-06,2021,-1,2021-04-06,60,12
176,2762,2764,2021-04-06 09:49:00,2021-04-06 09:59:00,1,3,-0.0043282289953695593,0,-0.0043282289953695593,0.0043282289953695593,True,False,False,2021-04-06,2021,-1,2021-04-06,60,12
177,2765,2778,2021-04-06 10:04:00,2021-04-06 11:09:00,-1,14,-0.0006084669516757509,0.0029165337094292122,-0.0006084669516757509,0.0035250006611049632,False,True,False,2021-04-06,2021,-1,2021-04-06,60,12
178,2779,2783,2021-04-06 11:14:00,2021-04-06 13:09:00,1,5,-0.0043211944333332334,0,-0.0043211944333332334,0.0043211944333332334,True,False,False,2021-04-06,2021,-1,2021-04-06,60,12
179,2784,2788,2021-04-06 13:14:00,2021-04-06 13:34:00,-1,5,-0.003966942248282204,0,-0.003966942248282204,0.003966942248282204,True,False,False,2021-04-06,2021,-1,2021-04-06,60,12
180,2789,2806,2021-04-06 13:39:00,2021-04-07 09:39:00,1,18,0.00019254392949207585,0.0016931155824706542,-0.0020432481635437381,0.0015005716529785783,False,False,False,2021-04-07,2021,1,2021-04-07,61,12
181,2807,2815,2021-04-07 09:44:00,2021-04-07 10:24:00,-1,9,0.003788365543846932,0.01145516288322199,0,0.0076667973393750579,False,False,False,2021-04-07,2021,1,2021-04-07,61,12
182,2816,2823,2021-04-07 10:29:00,2021-04-07 11:04:00,1,8,-0.0056512873518840597,0,-0.0056512873518840597,0.0056512873518840597,True,False,False,2021-04-07,2021,-1,2021-04-07,61,12
183,2824,2831,2021-04-07 11:09:00,2021-04-07 13:19:00,-1,8,-0.0035851789084612338,0,-0.0044601204090141755,0.0035851789084612338,True,False,False,2021-04-07,2021,-1,2021-04-07,61,12
184,2832,2857,2021-04-07 13:24:00,2021-04-08 10:04:00,1,26,0.0013933508466261657,0.0093523115871046378,0,0.0079589607404784712,False,False,False,2021-04-08,2021,1,2021-04-08,62,12
185,2858,2865,2021-04-08 10:09:00,2021-04-08 10:44:00,-1,8,-0.0017621286121450416,0.0040460780390292536,-0.0017621286121450416,0.0058082066511742948,False,True,False,2021-04-08,2021,-1,2021-04-08,62,12
186,2866,2877,2021-04-08 10:49:00,2021-04-08 13:19:00,1,12,-3.088779237465835e-05,0.003776555957549783,-3.088779237465835e-05,0.0038074437499244413,False,True,False,2021-04-08,2021,-1,2021-04-08,62,12
187,2878,2888,2021-04-08 13:24:00,2021-04-08 14:14:00,-1,11,-0.0039843607032608161,0.00027030888747124442,-0.0039843607032608161,0.0042546695907320605,False,True,False,2021-04-08,2021,-1,2021-04-08,62,12
188,2889,2894,2021-04-08 14:19:00,2021-04-08 14:44:00,1,6,-0.0037064049118836892,0,-0.0037064049118836892,0.0037064049118836892,True,False,False,2021-04-08,2021,-1,2021-04-08,62,12
189,2895,2947,2021-04-08 14:49:00,2021-04-12 09:54:00,-1,53,0.01327332765822176,0.023029195816442437,0,0.009755868158220677,False,False,False,2021-04-12,2021,1,2021-04-12,64,12
190,2948,2950,2021-04-12 09:59:00,2021-04-12 10:09:00,1,3,-0.010324813254563431,0,-0.010324813254563431,0.010324813254563431,True,False,False,2021-04-12,2021,-1,2021-04-12,64,12
191,2951,2994,2021-04-12 10:14:00,2021-04-13 09:59:00,-1,44,0.010839956102863866,0.019136361796980125,-0.0016348454684732292,0.008296405694116259,False,False,False,2021-04-13,2021,1,2021-04-13,65,13
192,2995,3014,2021-04-13 10:04:00,2021-04-13 13:14:00,1,20,2.397094721254885e-05,0.0051087816989305902,-0.0034818837330342326,0.0050848107517180415,False,False,False,2021-04-13,2021,1,2021-04-13,65,13
193,3015,3038,2021-04-13 13:19:00,2021-04-14 09:49:00,-1,24,-0.004703152601467254,0.0089570806317611652,-0.004703152601467254,0.01366023323322842,False,True,False,2021-04-14,2021,-1,2021-04-14,66,13
194,3039,3046,2021-04-14 09:54:00,2021-04-14 10:29:00,1,8,-0.0052786139855067957,0,-0.0063184809762465771,0.0052786139855067957,True,False,False,2021-04-14,2021,-1,2021-04-14,66,13
195,3047,3068,2021-04-14 10:34:00,2021-04-14 13:54:00,-1,22,-0.0019807522150329195,0.0036202033851621294,-0.0019967100862530751,0.0056009556001950494,False,True,False,2021-04-14,2021,-1,2021-04-14,66,13
196,3069,3084,2021-04-14 13:59:00,2021-04-15 09:49:00,1,16,-0.0054404921814982373,0.0026932716402883403,-0.0054404921814982373,0.0081337638217865785,False,True,False,2021-04-15,2021,-1,2021-04-15,67,13
197,3085,3105,2021-04-15 09:54:00,2021-04-15 13:09:00,-1,21,-0.0040431915385551838,0.00024872927551416828,-0.0045544308256473716,0.0042919208140693521,False,True,False,2021-04-15,2021,-1,2021-04-15,67,13
198,3106,3135,2021-04-15 13:14:00,2021-04-16 10:14:00,1,30,0.0051801612501818049,0.011669188761765942,-7.9901880489575191e-06,0.0064890275115841375,False,False,False,2021-04-16,2021,1,2021-04-16,68,13
199,3136,3139,2021-04-16 10:19:00,2021-04-16 10:34:00,-1,4,-0.0036102124801486099,0,-0.0048054522442394004,0.0036102124801486099,True,False,False,2021-04-16,2021,-1,2021-04-16,68,13
200,3140,3143,2021-04-16 10:39:00,2021-04-16 10:54:00,1,4,-0.0025059290994114483,0,-0.0025059290994114483,0.0025059290994114483,True,False,False,2021-04-16,2021,-1,2021-04-16,68,13
201,3144,3149,2021-04-16 10:59:00,2021-04-16 11:24:00,-1,6,-0.0027514260141149501,0.00076254024903090877,-0.0027514260141149501,0.0035139662631458587,False,True,False,2021-04-16,2021,-1,2021-04-16,68,13
202,3150,3171,2021-04-16 11:29:00,2021-04-16 14:49:00,1,22,0.0087665919438900466,0.012527114073447209,0,0.0037605221295571624,False,False,False,2021-04-16,2021,1,2021-04-16,68,13
203,3172,3179,2021-04-16 14:54:00,2021-04-19 10:04:00,-1,8,-0.0019368681339617601,0.0018226675693130707,-0.0026808196469757283,0.0037595357032748308,False,True,False,2021-04-19,2021,-1,2021-04-19,69,13
204,3180,3203,2021-04-19 10:09:00,2021-04-19 13:39:00,1,24,0.013778619893189584,0.017095628372826931,0,0.003317008479637347,False,False,False,2021-04-19,2021,1,2021-04-19,69,13
205,3204,3207,2021-04-19 13:44:00,2021-04-19 13:59:00,-1,4,-0.0027623687501340884,0.00018545994118445759,-0.0027623687501340884,0.0029478286913185458,False,True,False,2021-04-19,2021,-1,2021-04-19,69,13
206,3208,3223,2021-04-19 14:04:00,2021-04-20 09:54:00,1,16,-0.0014419613169014552,0.0017553048574259398,-0.001557716795158889,0.0031972661743273952,False,True,False,2021-04-20,2021,-1,2021-04-20,70,14
207,3224,3225,2021-04-20 09:59:00,2021-04-20 10:04:00,-1,2,-0.0055482379929508918,0,-0.0058858321772611299,0.0055482379929508918,True,False,False,2021-04-20,2021,-1,2021-04-20,70,14
208,3226,3237,2021-04-20 10:09:00,2021-04-20 11:04:00,1,12,-0.0066754945554385473,0,-0.0066754945554385473,0.0066754945554385473,True,False,False,2021-04-20,2021,-1,2021-04-20,70,14
209,3238,3245,2021-04-20 11:09:00,2021-04-20 13:19:00,-1,8,-0.0046090844944044283,0,-0.0056466641832952236,0.0046090844944044283,True,False,False,2021-04-20,2021,-1,2021-04-20,70,14
210,3246,3256,2021-04-20 13:24:00,2021-04-20 14:14:00,1,11,-0.0047249705399229737,0,-0.0047249705399229737,0.0047249705399229737,True,False,False,2021-04-20,2021,-1,2021-04-20,70,14
211,3257,3275,2021-04-20 14:19:00,2021-04-21 10:24:00,-1,19,0.0096968668795982035,0.014506316730063114,0,0.0048094498504649107,False,False,False,2021-04-21,2021,1,2021-04-21,71,14
212,3276,3292,2021-04-21 10:29:00,2021-04-21 13:24:00,1,17,0.0032557081487698688,0.0063458207025491892,-0.0011709054777898544,0.0030901125537793205,False,False,False,2021-04-21,2021,1,2021-04-21,71,14
213,3293,3295,2021-04-21 13:29:00,2021-04-21 13:39:00,-1,3,-0.0034543957531140658,0,-0.0034543957531140658,0.0034543957531140658,True,False,False,2021-04-21,2021,-1,2021-04-21,71,14
214,3296,3303,2021-04-21 13:44:00,2021-04-21 14:19:00,1,8,-0.0031433997080318981,0,-0.0031667210567845011,0.0031433997080318981,True,False,False,2021-04-21,2021,-1,2021-04-21,71,14
215,3304,3314,2021-04-21 14:24:00,2021-04-22 09:49:00,-1,11,-0.0081600873957077599,0,-0.0084067934852026811,0.0081600873957077599,True,False,False,2021-04-22,2021,-1,2021-04-22,72,14
216,3315,3349,2021-04-22 09:54:00,2021-04-22 14:19:00,1,35,0.0028026967335639209,0.008009903478043005,-0.0021690056939521222,0.0052072067444790841,False,False,False,2021-04-22,2021,1,2021-04-22,72,14
217,3350,3356,2021-04-22 14:24:00,2021-04-22 14:54:00,-1,7,-0.0044802873584335497,9.9961169013652263e-05,-0.0044802873584335497,0.0045802485274472017,False,True,False,2021-04-22,2021,-1,2021-04-22,72,14
218,3357,3380,2021-04-22 14:59:00,2021-04-23 11:29:00,1,24,0.0042850170399350617,0.0078456891119469633,-0.0018617913046855032,0.0035606720720119016,False,False,False,2021-04-23,2021,1,2021-04-23,73,14
219,3381,3392,2021-04-23 13:09:00,2021-04-23 14:04:00,-1,12,0.0013194475489057146,0.0027858466568864188,-0.0006400292803287605,0.0014663991079807042,False,False,False,2021-04-23,2021,1,2021-04-23,73,14
220,3393,3396,2021-04-23 14:09:00,2021-04-23 14:24:00,1,4,-0.0019480302413644049,0.00048832224133639208,-0.0019480302413644049,0.002436352482700797,False,True,False,2021-04-23,2021,-1,2021-04-23,73,14
221,3397,3402,2021-04-23 14:29:00,2021-04-23 14:54:00,-1,6,-0.0022914067036112849,0,-0.002817688383232363,0.0022914067036112849,True,False,False,2021-04-23,2021,-1,2021-04-23,73,14
222,3403,3427,2021-04-23 14:59:00,2021-04-26 13:09:00,1,25,0.012871322228668977,0.017987306717984299,-0.00016022767624035422,0.0051159844893153214,False,False,False,2021-04-26,2021,1,2021-04-26,74,14
223,3428,3445,2021-04-26 13:14:00,2021-04-26 14:39:00,-1,18,0.0040149179254816928,0.0078789981965148512,0,0.0038640802710331584,False,False,False,2021-04-26,2021,1,2021-04-26,74,14
224,3446,3448,2021-04-26 14:44:00,2021-04-26 14:54:00,1,3,-0.0055963928851318935,0,-0.0055963928851318935,0.0055963928851318935,True,False,False,2021-04-26,2021,-1,2021-04-26,74,14
225,3449,3469,2021-04-26 14:59:00,2021-04-27 11:14:00,-1,21,0.008538118049773117,0.012280231905991345,0,0.0037421138562182283,False,False,False,2021-04-27,2021,1,2021-04-27,75,15
226,3470,3497,2021-04-27 11:19:00,2021-04-28 09:44:00,1,28,0.00072835169571584639,0.011287145851190934,-0.0014275739044789296,0.010558794155475087,False,False,False,2021-04-28,2021,1,2021-04-28,76,15
227,3498,3500,2021-04-28 09:49:00,2021-04-28 09:59:00,-1,3,-0.011188032532484292,0,-0.011960771551829726,0.011188032532484292,True,False,False,2021-04-28,2021,-1,2021-04-28,76,15
228,3501,3525,2021-04-28 10:04:00,2021-04-28 13:39:00,1,25,-0.0017522372050985614,0.0017264753154497196,-0.0042151054095956658,0.0034787125205482808,False,True,False,2021-04-28,2021,-1,2021-04-28,76,15
229,3526,3532,2021-04-28 13:44:00,2021-04-28 14:14:00,-1,7,-0.0041820777359945285,0.00057716552582633292,-0.0041820777359945285,0.0047592432618208617,False,True,False,2021-04-28,2021,-1,2021-04-28,76,15
230,3533,3548,2021-04-28 14:19:00,2021-04-29 10:09:00,1,16,0.0032457022975717945,0.0097206477384938223,0,0.0064749454409220274,False,False,False,2021-04-29,2021,1,2021-04-29,77,15
231,3549,3567,2021-04-29 10:14:00,2021-04-29 13:19:00,-1,19,0.0059332552531483895,0.0098906482380631527,-0.0016414801098534678,0.0039573929849147631,False,False,False,2021-04-29,2021,1,2021-04-29,77,15
232,3568,3590,2021-04-29 13:24:00,2021-04-30 09:49:00,1,23,-0.0014945247804172127,0.0059709340863151163,-0.001547670837182177,0.0074654588667323295,False,True,False,2021-04-30,2021,-1,2021-04-30,78,15
233,3591,3600,2021-04-30 09:54:00,2021-04-30 10:39:00,-1,10,-0.0031533333184885293,0.00037967667191112793,-0.0031533333184885293,0.0035330099903996574,False,True,False,2021-04-30,2021,-1,2021-04-30,78,15
234,3601,3613,2021-04-30 10:44:00,2021-04-30 13:19:00,1,13,-0.00076467942082368502,0.0041011057945042643,-0.00076467942082368502,0.0048657852153279491,False,True,False,2021-04-30,2021,-1,2021-04-30,78,15
235,3614,3623,2021-04-30 13:24:00,2021-04-30 14:09:00,-1,10,-0.00043919431267878278,0.0045699616466093832,-0.00043919431267878278,0.0050091559592881658,False,True,False,2021-04-30,2021,-1,2021-04-30,78,15
236,3624,3635,2021-04-30 14:14:00,2021-05-06 09:44:00,1,12,-0.0079427931419040025,0.0034387279618098596,-0.0079427931419040025,0.011381521103713862,False,True,False,2021-05-06,2021,-1,2021-05-06,79,15
237,3636,3642,2021-05-06 09:49:00,2021-05-06 10:19:00,-1,7,-0.0073066559874612668,0,-0.0079730752958759431,0.0073066559874612668,True,False,False,2021-05-06,2021,-1,2021-05-06,79,15
238,3643,3646,2021-05-06 10:24:00,2021-05-06 10:39:00,1,4,-0.0055835298415503401,0,-0.0055835298415503401,0.0055835298415503401,True,False,False,2021-05-06,2021,-1,2021-05-06,79,15
239,3647,3658,2021-05-06 10:44:00,2021-05-06 13:14:00,-1,12,-9.902762497918864e-05,0.010068034130959563,-9.902762497918864e-05,0.010167061755938751,False,True,False,2021-05-06,2021,-1,2021-05-06,79,15
240,3659,3681,2021-05-06 13:19:00,2021-05-07 09:44:00,1,23,-0.0050706097905274588,0.0019100748909855593,-0.0050706097905274588,0.0069806846815130179,False,True,False,2021-05-07,2021,-1,2021-05-07,80,16
241,3682,3688,2021-05-07 09:49:00,2021-05-07 10:19:00,-1,7,0.0021075792491144054,0.0061204072164206345,-0.00011483121737519697,0.0040128279673062291,False,False,False,2021-05-07,2021,1,2021-05-07,80,16
242,3689,3690,2021-05-07 10:24:00,2021-05-07 10:29:00,1,2,-0.004621538713665118,0,-0.004621538713665118,0.004621538713665118,True,False,False,2021-05-07,2021,-1,2021-05-07,80,16
243,3691,3738,2021-05-07 10:34:00,2021-05-10 10:39:00,-1,48,0.027957070507407662,0.035730975305776201,0,0.0077739047983685396,False,False,False,2021-05-10,2021,1,2021-05-10,81,16
244,3739,3750,2021-05-10 10:44:00,2021-05-10 13:14:00,1,12,-0.0039470339327994462,0.0027228562469968041,-0.0039470339327994462,0.0066698901797962503,False,True,False,2021-05-10,2021,-1,2021-05-10,81,16
245,3751,3787,2021-05-10 13:19:00,2021-05-11 10:54:00,-1,37,0.0056897909110225579,0.01305543396254184,0,0.0073656430515192817,False,False,False,2021-05-11,2021,1,2021-05-11,82,16
246,3788,3822,2021-05-11 10:59:00,2021-05-12 09:59:00,1,35,0.0022861903338064317,0.0086693770065786723,0,0.0063831866727722406,False,False,False,2021-05-12,2021,1,2021-05-12,83,16
247,3823,3828,2021-05-12 10:04:00,2021-05-12 10:29:00,-1,6,-0.0071048962834051235,0,-0.0071048962834051235,0.0071048962834051235,True,False,False,2021-05-12,2021,-1,2021-05-12,83,16
248,3829,3835,2021-05-12 10:34:00,2021-05-12 11:04:00,1,7,-0.0022540944357939134,0.0013785237720423242,-0.0028343137431708059,0.0036326182078362376,False,True,False,2021-05-12,2021,-1,2021-05-12,83,16
249,3836,3849,2021-05-12 11:09:00,2021-05-12 13:49:00,-1,14,-0.0038146947517348258,0.0017496286503369098,-0.0038146947517348258,0.0055643234020717356,False,True,False,2021-05-12,2021,-1,2021-05-12,83,16
250,3850,3866,2021-05-12 13:54:00,2021-05-13 09:49:00,1,17,0.0049429608320930947,0.007774531570454212,0,0.0028315707383611173,False,False,False,2021-05-13,2021,1,2021-05-13,84,16
251,3867,3876,2021-05-13 09:54:00,2021-05-13 10:39:00,-1,10,-0.00022839591349323356,0.005354659411214489,-0.001526898096818313,0.0055830553247077225,False,True,False,2021-05-13,2021,-1,2021-05-13,84,16
252,3877,3889,2021-05-13 10:44:00,2021-05-13 13:19:00,1,13,0.0071248957647064943,0.012878669512698802,0,0.0057537737479923081,False,False,False,2021-05-13,2021,1,2021-05-13,84,16
253,3890,3911,2021-05-13 13:24:00,2021-05-14 09:44:00,-1,22,-0.0026704996115258788,0.0047180989445624816,-0.0026704996115258788,0.0073885985560883608,False,True,False,2021-05-14,2021,-1,2021-05-14,85,17
254,3912,3987,2021-05-14 09:49:00,2021-05-17 13:49:00,1,76,0.037783938412332407,0.042077318002556097,-0.0053246305329516259,0.0042933795902236893,False,False,False,2021-05-17,2021,1,2021-05-17,86,17
255,3988,4009,2021-05-17 13:54:00,2021-05-18 10:14:00,-1,22,0.0022853200747843579,0.008248682050862691,-0.0012457039837479185,0.0059633619760783331,False,False,False,2021-05-18,2021,1,2021-05-18,87,17
256,4010,4014,2021-05-18 10:19:00,2021-05-18 10:39:00,1,5,-0.0045410050122407074,0,-0.0045410050122407074,0.0045410050122407074,True,False,False,2021-05-18,2021,-1,2021-05-18,87,17
257,4015,4046,2021-05-18 10:44:00,2021-05-18 14:54:00,-1,32,0.00071849135039968618,0.0040453987686059597,0,0.0033269074182062735,False,False,False,2021-05-18,2021,1,2021-05-18,87,17
258,4047,4064,2021-05-18 14:59:00,2021-05-19 10:59:00,1,18,0.0034289804823277878,0.0094277806735764066,-0.0025680956809198906,0.0059988001912486188,False,False,False,2021-05-19,2021,1,2021-05-19,88,17
259,4065,4077,2021-05-19 11:04:00,2021-05-19 13:39:00,-1,13,-0.0025753220206481903,0,-0.0027933925485285325,0.0025753220206481903,True,False,False,2021-05-19,2021,-1,2021-05-19,88,17
260,4078,4085,2021-05-19 13:44:00,2021-05-19 14:19:00,1,8,-0.0027562956593154167,0.00052629601605784591,-0.0028995896875935534,0.0032825916753732626,False,True,False,2021-05-19,2021,-1,2021-05-19,88,17
261,4086,4095,2021-05-19 14:24:00,2021-05-20 09:44:00,-1,10,-0.0085303734165339869,0.00049784644728608917,-0.0085303734165339869,0.0090282198638200768,False,True,False,2021-05-20,2021,-1,2021-05-20,89,17
262,4096,4103,2021-05-20 09:49:00,2021-05-20 10:24:00,1,8,-0.0039407589375931914,0.00011962795719609102,-0.0046316156273322993,0.0040603868947892826,False,True,False,2021-05-20,2021,-1,2021-05-20,89,17
263,4104,4115,2021-05-20 10:29:00,2021-05-20 11:24:00,-1,12,-0.0022270137613636231,0.0025630728797633798,-0.0022270137613636231,0.0047900866411270029,False,True,False,2021-05-20,2021,-1,2021-05-20,89,17
264,4116,4123,2021-05-20 11:29:00,2021-05-20 13:39:00,1,8,-0.0019192856554785061,0.00055410790048054047,-0.0022870693127666842,0.0024733935559590465,False,True,False,2021-05-20,2021,-1,2021-05-20,89,17
265,4124,4131,2021-05-20 13:44:00,2021-05-20 14:19:00,-1,8,-0.0029299274241065322,0.00062305999530884123,-0.0029299274241065322,0.0035529874194153736,False,True,False,2021-05-20,2021,-1,2021-05-20,89,17
266,4132,4136,2021-05-20 14:24:00,2021-05-20 14:44:00,1,5,-0.0040411971640148875,0,-0.0040411971640148875,0.0040411971640148875,True,False,False,2021-05-20,2021,-1,2021-05-20,89,17
267,4137,4142,2021-05-20 14:49:00,2021-05-21 09:49:00,-1,6,-0.0030230653477870944,0.0009545750799074687,-0.0047517777382186481,0.0039776404276945631,False,True,False,2021-05-21,2021,-1,2021-05-21,90,18
268,4143,4146,2021-05-21 09:54:00,2021-05-21 10:09:00,1,4,-0.0054978207338449098,0.00051668171684370002,-0.0054978207338449098,0.0060145024506886094,False,True,False,2021-05-21,2021,-1,2021-05-21,90,18
269,4147,4164,2021-05-21 10:14:00,2021-05-21 13:14:00,-1,18,0.0045441928480089598,0.0082430722433744271,0,0.0036988793953654673,False,False,False,2021-05-21,2021,1,2021-05-21,90,18
270,4165,4173,2021-05-21 13:19:00,2021-05-21 13:59:00,1,9,-0.0026590824036158518,0.00055970291825941775,-0.0026590824036158518,0.0032187853218752695,False,True,False,2021-05-21,2021,-1,2021-05-21,90,18
271,4174,4197,2021-05-21 14:04:00,2021-05-24 10:34:00,-1,24,0.004782897176185596,0.0099947847143536401,-0.0012129943491002069,0.0052118875381680441,False,False,False,2021-05-24,2021,1,2021-05-24,91,18
272,4198,4282,2021-05-24 10:39:00,2021-05-26 09:59:00,1,85,0.043164442297034353,0.045592450883230502,0,0.0024280085861961495,False,False,False,2021-05-26,2021,1,2021-05-26,93,18
273,4283,4287,2021-05-26 10:04:00,2021-05-26 10:24:00,-1,5,-0.0010579656673739889,0.0027706012525517587,-0.0010579656673739889,0.0038285669199257478,False,True,False,2021-05-26,2021,-1,2021-05-26,93,18
274,4288,4295,2021-05-26 10:29:00,2021-05-26 11:04:00,1,8,-0.0035138379684858511,0.0010932706642020216,-0.0035138379684858511,0.004607108632687873,False,True,False,2021-05-26,2021,-1,2021-05-26,93,18
275,4296,4309,2021-05-26 11:09:00,2021-05-26 13:49:00,-1,14,0.00027080733687408979,0.0037024995648604793,0,0.0034316922279863894,False,False,False,2021-05-26,2021,1,2021-05-26,93,18
276,4310,4323,2021-05-26 13:54:00,2021-05-26 14:59:00,1,14,-0.0021397592875181015,0.0020037009343650838,-0.0021397592875181015,0.0041434602218831853,False,True,False,2021-05-26,2021,-1,2021-05-26,93,18
277,4324,4326,2021-05-27 09:39:00,2021-05-27 09:49:00,-1,3,-0.0068646892987071538,0,-0.0068646892987071538,0.0068646892987071538,True,False,False,2021-05-27,2021,-1,2021-05-27,94,18
278,4327,4360,2021-05-27 09:54:00,2021-05-27 14:14:00,1,34,0.015506764515214599,0.019651618202988431,0,0.0041448536877738314,False,False,False,2021-05-27,2021,1,2021-05-27,94,18
279,4361,4371,2021-05-27 14:19:00,2021-05-28 09:44:00,-1,11,-0.0046947771051586836,0.0002798055728261299,-0.0047376155826858567,0.0049745826779848132,False,True,False,2021-05-28,2021,-1,2021-05-28,95,19
280,4372,4381,2021-05-28 09:49:00,2021-05-28 10:34:00,1,10,0.0029159632104457903,0.0097270603695245508,0,0.0068110971590787609,False,False,False,2021-05-28,2021,1,2021-05-28,95,19
281,4382,4416,2021-05-28 10:39:00,2021-05-31 09:39:00,-1,35,-0.0033049188038785718,0.016458825247469555,-0.0033049188038785718,0.019763744051348127,False,True,False,2021-05-31,2021,-1,2021-05-31,96,19
282,4417,4472,2021-05-31 09:44:00,2021-06-01 10:29:00,1,56,0.030378527024098417,0.038133400660107723,0,0.0077548736360093067,False,False,False,2021-06-01,2021,1,2021-06-01,97,19
283,4473,4478,2021-06-01 10:34:00,2021-06-01 10:59:00,-1,6,-0.0036140809699778779,0.0056672237054015183,-0.0036140809699778779,0.0092813046753793954,False,True,False,2021-06-01,2021,-1,2021-06-01,97,19
284,4479,4494,2021-06-01 11:04:00,2021-06-01 13:54:00,1,16,0.00055538225095732923,0.0056695736247076847,-0.0010361664145555852,0.0051141913737503559,False,False,False,2021-06-01,2021,1,2021-06-01,97,19
285,4495,4518,2021-06-01 13:59:00,2021-06-02 10:29:00,-1,24,0.0041281642300012491,0.013831975586888158,-0.0016848280461634951,0.0097038113568869086,False,False,False,2021-06-02,2021,1,2021-06-02,98,19
286,4519,4525,2021-06-02 10:34:00,2021-06-02 11:04:00,1,7,-0.0050096018431573641,0.0004335364599805911,-0.0050096018431573641,0.005443138303137955,False,True,False,2021-06-02,2021,-1,2021-06-02,98,19
287,4526,4561,2021-06-02 11:09:00,2021-06-03 10:14:00,-1,36,0.013118412294386083,0.024417330372486536,0,0.011298918078100453,False,False,False,2021-06-03,2021,1,2021-06-03,99,19
288,4562,4567,2021-06-03 10:19:00,2021-06-03 10:44:00,1,6,-0.002413985439253895,0.0015827663891945147,-0.0035950298164858438,0.0039967518284484095,False,True,False,2021-06-03,2021,-1,2021-06-03,99,19
289,4568,4573,2021-06-03 10:49:00,2021-06-03 11:14:00,-1,6,-0.005437271223867458,7.025900983836117e-06,-0.005437271223867458,0.0054442971248512941,False,True,False,2021-06-03,2021,-1,2021-06-03,99,19
290,4574,4585,2021-06-03 11:19:00,2021-06-03 13:49:00,1,12,-0.0022315894463685103,0.0050533496166085493,-0.0022315894463685103,0.00728493906297706,False,True,False,2021-06-03,2021,-1,2021-06-03,99,19
291,4586,4603,2021-06-03 13:54:00,2021-06-04 09:54:00,-1,18,-0.00074908205950877105,0.013005459435207171,-0.00074908205950877105,0.013754541494715942,False,True,False,2021-06-04,2021,-1,2021-06-04,100,20
292,4604,4618,2021-06-04 09:59:00,2021-06-04 11:09:00,1,15,0.0049145979810498392,0.0088761277234214141,0,0.0039615297423715749,False,False,False,2021-06-04,2021,1,2021-06-04,100,20
293,4619,4625,2021-06-04 11:14:00,2021-06-04 13:19:00,-1,7,-0.0015308717127348308,0.0078792036278711314,-0.0015308717127348308,0.0094100753406059622,False,True,False,2021-06-04,2021,-1,2021-06-04,100,20
294,4626,4633,2021-06-04 13:24:00,2021-06-04 13:59:00,1,8,-0.0035803384535796475,0.003061662561215915,-0.0035803384535796475,0.0066420010147955622,False,True,False,2021-06-04,2021,-1,2021-06-04,100,20
295,4634,4647,2021-06-04 14:04:00,2021-06-07 09:44:00,-1,14,-0.0083942428430362967,0.0043077893423979626,-0.011089326985329839,0.01270203218543426,False,True,False,2021-06-07,2021,-1,2021-06-07,101,20
296,4648,4655,2021-06-07 09:49:00,2021-06-07 10:24:00,1,8,-0.00012456402607030192,0.0026122666926096279,-0.0068672003016166357,0.0027368307186799298,False,True,False,2021-06-07,2021,-1,2021-06-07,101,20
297,4656,4661,2021-06-07 10:29:00,2021-06-07 10:54:00,-1,6,-0.0002560314448277689,0.0015652923920177395,-0.00061574865564086468,0.0018213238368455084,False,True,False,2021-06-07,2021,-1,2021-06-07,101,20
298,4662,4664,2021-06-07 10:59:00,2021-06-07 11:09:00,1,3,-0.0048341270487702575,0,-0.0048341270487702575,0.0048341270487702575,True,False,False,2021-06-07,2021,-1,2021-06-07,101,20
299,4665,4690,2021-06-07 11:14:00,2021-06-07 14:54:00,-1,26,0.0034962148383550066,0.0081115108220214307,0,0.0046152959836664245,False,False,False,2021-06-07,2021,1,2021-06-07,101,20
300,4691,4702,2021-06-07 14:59:00,2021-06-08 10:29:00,1,12,0.00061376652296082435,0.005871117000380198,-0.003277465660538173,0.005257350477419374,False,False,False,2021-06-08,2021,1,2021-06-08,102,20
301,4703,4729,2021-06-08 10:34:00,2021-06-08 14:19:00,-1,27,0.01107059889700512,0.015564543884168893,0,0.0044939449871637723,False,False,False,2021-06-08,2021,1,2021-06-08,102,20
302,4730,4751,2021-06-08 14:24:00,2021-06-09 10:44:00,1,22,0.0057784530888578475,0.015661879370822612,-0.0030856485451306601,0.0098834262819647647,False,False,False,2021-06-09,2021,1,2021-06-09,103,20
303,4752,4758,2021-06-09 10:49:00,2021-06-09 11:19:00,-1,7,-0.0055222111686391304,0.00046273251381314008,-0.0055222111686391304,0.0059849436824522704,False,True,False,2021-06-09,2021,-1,2021-06-09,103,20
304,4759,4764,2021-06-09 11:24:00,2021-06-09 13:24:00,1,6,-0.0039533197166689068,0,-0.0039533197166689068,0.0039533197166689068,True,False,False,2021-06-09,2021,-1,2021-06-09,103,20
305,4765,4781,2021-06-09 13:29:00,2021-06-09 14:49:00,-1,17,0.0019614992138212431,0.0072486480395396301,-0.00070659762207007481,0.0052871488257183871,False,False,False,2021-06-09,2021,1,2021-06-09,103,20
306,4782,4815,2021-06-09 14:54:00,2021-06-10 13:49:00,1,34,0.013415166604452711,0.020303257630729789,0,0.0068880910262770784,False,False,False,2021-06-10,2021,1,2021-06-10,104,20
307,4816,4824,2021-06-10 13:54:00,2021-06-10 14:34:00,-1,9,-0.0028878791409923058,0.00057442429387157001,-0.0028878791409923058,0.0034623034348638757,False,True,False,2021-06-10,2021,-1,2021-06-10,104,20
308,4825,4832,2021-06-10 14:39:00,2021-06-11 09:49:00,1,8,-0.0023345292852685303,0.0035878492477438256,-0.0030262644612976627,0.0059223785330123555,False,True,False,2021-06-11,2021,-1,2021-06-11,105,21
309,4833,4842,2021-06-11 09:54:00,2021-06-11 10:39:00,-1,10,0.001854928549581936,0.0080606684296640856,0,0.0062057398800821496,False,False,False,2021-06-11,2021,1,2021-06-11,105,21
310,4843,4854,2021-06-11 10:44:00,2021-06-11 13:14:00,1,12,0.0016267088352494761,0.0076191896422554001,-0.00014549435195807762,0.0059924808070059236,False,False,False,2021-06-11,2021,1,2021-06-11,105,21
311,4855,4863,2021-06-11 13:19:00,2021-06-11 13:59:00,-1,9,-0.0016793079394380203,0.0013011553047937339,-0.0024661606384242083,0.0029804632442317542,False,True,False,2021-06-11,2021,-1,2021-06-11,105,21
312,4864,4871,2021-06-11 14:04:00,2021-06-11 14:39:00,1,8,-0.0017346417754011258,0.0010421016888615244,-0.0021981828918413502,0.0027767434642626499,False,True,False,2021-06-11,2021,-1,2021-06-11,105,21
313,4872,4878,2021-06-11 14:44:00,2021-06-15 09:49:00,-1,7,-0.0038591028373707523,0.0013566363042801716,-0.0051123480108015741,0.0052157391416509241,False,True,False,2021-06-15,2021,-1,2021-06-15,106,21
314,4879,4881,2021-06-15 09:54:00,2021-06-15 10:04:00,1,3,-0.0080942972733003549,0,-0.0080942972733003549,0.0080942972733003549,True,False,False,2021-06-15,2021,-1,2021-06-15,106,21
315,4882,4886,2021-06-15 10:09:00,2021-06-15 10:29:00,-1,5,-0.0078324323803057646,0.0006670650774753458,-0.0078324323803057646,0.0084994974577811098,False,True,False,2021-06-15,2021,-1,2021-06-15,106,21
316,4887,4898,2021-06-15 10:34:00,2021-06-15 11:29:00,1,12,0.0039688460261441951,0.010250944288322119,0,0.0062820982621779242,False,False,False,2021-06-15,2021,1,2021-06-15,106,21
317,4899,4970,2021-06-15 13:09:00,2021-06-17 09:49:00,-1,72,0.027405648306275471,0.036363830409068251,-0.0036043730005400725,0.0089581821027927798,False,False,False,2021-06-17,2021,1,2021-06-17,108,21
318,4971,4984,2021-06-17 09:54:00,2021-06-17 10:59:00,1,14,0.0063719569116259811,0.010834813547315509,0,0.0044628566356895282,False,False,False,2021-06-17,2021,1,2021-06-17,108,21
319,4985,4989,2021-06-17 11:04:00,2021-06-17 11:24:00,-1,5,-0.003212747350232339,0,-0.0039811560137774007,0.003212747350232339,True,False,False,2021-06-17,2021,-1,2021-06-17,108,21
320,4990,5020,2021-06-17 11:29:00,2021-06-18 10:09:00,1,31,0.034817054896155199,0.045337354809261626,0,0.010520299913106428,False,False,False,2021-06-18,2021,1,2021-06-18,109,21
321,5021,5023,2021-06-18 10:14:00,2021-06-18 10:24:00,-1,3,-0.0087623191991971581,0,-0.0087623191991971581,0.0087623191991971581,True,False,False,2021-06-18,2021,-1,2021-06-18,109,21
322,5024,5029,2021-06-18 10:29:00,2021-06-18 10:54:00,1,6,-0.0075347375828666826,0.0031594758712326747,-0.0075347375828666826,0.010694213454099356,False,True,False,2021-06-18,2021,-1,2021-06-18,109,21
323,5030,5048,2021-06-18 10:59:00,2021-06-18 14:04:00,-1,19,-0.0049556814271103358,0.0032611256481313764,-0.0049556814271103358,0.0082168070752417117,False,True,False,2021-06-18,2021,-1,2021-06-18,109,21
324,5049,5080,2021-06-18 14:09:00,2021-06-21 11:19:00,1,32,0.01463544693568972,0.021716113446462258,-0.0028614821303705011,0.0070806665107725382,False,False,False,2021-06-21,2021,1,2021-06-21,110,22
325,5081,5085,2021-06-21 11:24:00,2021-06-21 13:19:00,-1,5,-0.0058065550966777358,0,-0.0058065550966777358,0.0058065550966777358,True,False,False,2021-06-21,2021,-1,2021-06-21,110,22
326,5086,5108,2021-06-21 13:24:00,2021-06-22 09:49:00,1,23,-0.004624057246260505,0.0039876749896923828,-0.004624057246260505,0.0086117322359528879,False,True,False,2021-06-22,2021,-1,2021-06-22,111,22
327,5109,5113,2021-06-22 09:54:00,2021-06-22 10:14:00,-1,5,-0.0025781452304402376,0.0053488807522914074,-0.0037825166514357635,0.0079270259827316451,False,True,False,2021-06-22,2021,-1,2021-06-22,111,22
328,5114,5139,2021-06-22 10:19:00,2021-06-22 13:59:00,1,26,0.0022627569232786314,0.0082892786773335753,-0.0011398941066982345,0.0060265217540549434,False,False,False,2021-06-22,2021,1,2021-06-22,111,22
329,5140,5152,2021-06-22 14:04:00,2021-06-23 09:39:00,-1,13,-0.0025067274757560537,0.001288617610154426,-0.0025067274757560537,0.0037953450859104796,False,True,False,2021-06-23,2021,-1,2021-06-23,112,22
330,5153,5180,2021-06-23 09:44:00,2021-06-23 13:34:00,1,28,0.0099191182476598833,0.016471174725524933,-0.0048485102734646904,0.0065520564778650502,False,False,False,2021-06-23,2021,1,2021-06-23,112,22
331,5181,5187,2021-06-23 13:39:00,2021-06-23 14:09:00,-1,7,-0.00058385828174861753,0.0027031609634686742,-0.0013034809971258973,0.0032870192452172917,False,True,False,2021-06-23,2021,-1,2021-06-23,112,22
332,5188,5194,2021-06-23 14:14:00,2021-06-23 14:44:00,1,7,-0.0055409009781832563,0.0028883224431524987,-0.0055409009781832563,0.0084292234213357541,False,True,False,2021-06-23,2021,-1,2021-06-23,112,22
333,5195,5233,2021-06-23 14:49:00,2021-06-24 14:09:00,-1,39,0.019219648702468648,0.023363282637334171,-0.001420667691973966,0.0041436339348655225,False,False,False,2021-06-24,2021,1,2021-06-24,113,22
334,5234,5251,2021-06-24 14:14:00,2021-06-25 10:14:00,1,18,0.0018995250258715241,0.009053369139508452,-0.0013304862893620706,0.0071538441136369275,False,False,False,2021-06-25,2021,1,2021-06-25,114,22
335,5252,5256,2021-06-25 10:19:00,2021-06-25 10:39:00,-1,5,-0.0043433709489807733,0.0021987301398567875,-0.0043433709489807733,0.0065421010888375604,False,True,False,2021-06-25,2021,-1,2021-06-25,114,22
336,5257,5311,2021-06-25 10:44:00,2021-06-28 11:24:00,1,55,0.03681962456507417,0.042103652711679325,-0.003746363926366611,0.0052840281466051547,False,False,False,2021-06-28,2021,1,2021-06-28,115,23
337,5312,5330,2021-06-28 11:29:00,2021-06-28 14:34:00,-1,19,0.004550582737736915,0.0084474490292570613,0,0.0038968662915201463,False,False,False,2021-06-28,2021,1,2021-06-28,115,23
338,5331,5343,2021-06-28 14:39:00,2021-06-29 10:14:00,1,13,-0.0031522120398642995,0.0078373303253911151,-0.0031522120398642995,0.010989542365255414,False,True,False,2021-06-29,2021,-1,2021-06-29,116,23
339,5344,5351,2021-06-29 10:19:00,2021-06-29 10:54:00,-1,8,-0.001199267756777294,0.0064635556860813985,-0.001199267756777294,0.0076628234428586925,False,True,False,2021-06-29,2021,-1,2021-06-29,116,23
340,5352,5374,2021-06-29 10:59:00,2021-06-29 14:24:00,1,23,-0.0015715255688623061,0.0029823067766770865,-0.0042713285805085367,0.004553832345539393,False,True,False,2021-06-29,2021,-1,2021-06-29,116,23
341,5375,5384,2021-06-29 14:29:00,2021-06-30 09:49:00,-1,10,-0.0094368350804182963,0,-0.0094368350804182963,0.0094368350804182963,True,False,False,2021-06-30,2021,-1,2021-06-30,117,23
342,5385,5397,2021-06-30 09:54:00,2021-06-30 10:54:00,1,13,0.013096361620423205,0.018598154657488996,0,0.005501793037065791,False,False,False,2021-06-30,2021,1,2021-06-30,117,23
343,5398,5407,2021-06-30 10:59:00,2021-06-30 13:19:00,-1,10,-0.0020753334407679408,0.003722548959826235,-0.0020753334407679408,0.0057978824005941757,False,True,False,2021-06-30,2021,-1,2021-06-30,117,23
344,5408,5417,2021-06-30 13:24:00,2021-06-30 14:09:00,1,10,-0.0051743958310169497,0.00071377143561951635,-0.0051743958310169497,0.0058881672666364661,False,True,False,2021-06-30,2021,-1,2021-06-30,117,23
345,5418,5434,2021-06-30 14:14:00,2021-07-01 10:09:00,-1,17,-7.5547721013354354e-05,0.0070890467660284402,-7.5547721013354354e-05,0.0071645944870417947,False,True,False,2021-07-01,2021,-1,2021-07-01,118,23
346,5435,5443,2021-07-01 10:14:00,2021-07-01 10:54:00,1,9,-0.0070948495316344633,0.0017737303926344929,-0.0070948495316344633,0.0088685799242689562,False,True,False,2021-07-01,2021,-1,2021-07-01,118,23
347,5444,5453,2021-07-01 10:59:00,2021-07-01 13:19:00,-1,10,-0.0055701996851797034,0.0035313955845630044,-0.0055701996851797034,0.0091015952697427079,False,True,False,2021-07-01,2021,-1,2021-07-01,118,23
348,5454,5470,2021-07-01 13:24:00,2021-07-01 14:44:00,1,17,-0.0030752642471237272,0.0042280168683956933,-0.0030752642471237272,0.0073032811155194204,False,True,False,2021-07-01,2021,-1,2021-07-01,118,23
349,5471,5487,2021-07-01 14:49:00,2021-07-02 10:44:00,-1,17,0.018620657567427586,0.033426895876705109,-0.0011693357293961959,0.014806238309277523,False,False,False,2021-07-02,2021,1,2021-07-02,119,23
350,5488,5502,2021-07-02 10:49:00,2021-07-02 13:34:00,1,15,-0.0036406397122993542,0.0016609909245289675,-0.0053299003668768183,0.0053016306368283217,False,True,False,2021-07-02,2021,-1,2021-07-02,119,23
351,5503,5521,2021-07-02 13:39:00,2021-07-05 09:44:00,-1,19,-0.01577674985639943,0.0072105478213563114,-0.01577674985639943,0.022987297677755741,False,True,False,2021-07-05,2021,-1,2021-07-05,120,24
352,5522,5528,2021-07-05 09:49:00,2021-07-05 10:19:00,1,7,-0.0043763466806108027,0.0048451768528328144,-0.0056878726208950698,0.009221523533443618,False,True,False,2021-07-05,2021,-1,2021-07-05,120,24
353,5529,5540,2021-07-05 10:24:00,2021-07-05 11:19:00,-1,12,-0.0030896731270479449,0.0014523773231014856,-0.0055151359336514157,0.0045420504501494305,False,True,False,2021-07-05,2021,-1,2021-07-05,120,24
354,5541,5545,2021-07-05 11:24:00,2021-07-05 13:19:00,1,5,-0.0083589836434968499,0,-0.0083589836434968499,0.0083589836434968499,True,False,False,2021-07-05,2021,-1,2021-07-05,120,24
355,5546,5554,2021-07-05 13:24:00,2021-07-05 14:04:00,-1,9,-0.0075874598458011708,0,-0.0075874598458011708,0.0075874598458011708,True,False,False,2021-07-05,2021,-1,2021-07-05,120,24
356,5555,5579,2021-07-05 14:09:00,2021-07-06 10:44:00,1,25,0.00096909117040582622,0.0090359287295484359,-0.00056148232805834663,0.0080668375591426093,False,False,False,2021-07-06,2021,1,2021-07-06,121,24
357,5580,5591,2021-07-06 10:49:00,2021-07-06 13:19:00,-1,12,0.019114250685343566,0.028610130504996743,0,0.0094958798196531774,False,False,False,2021-07-06,2021,1,2021-07-06,121,24
358,5592,5596,2021-07-06 13:24:00,2021-07-06 13:44:00,1,5,-0.0086568766110654404,0,-0.0086568766110654404,0.0086568766110654404,True,False,False,2021-07-06,2021,-1,2021-07-06,121,24
359,5597,5607,2021-07-06 13:49:00,2021-07-06 14:39:00,-1,11,-0.00013758177128754068,0.0095060753763014892,-0.00013758177128754068,0.0096436571475890295,False,True,False,2021-07-06,2021,-1,2021-07-06,121,24
360,5608,5656,2021-07-06 14:44:00,2021-07-07 14:54:00,1,49,0.026339088235218213,0.029409897595231316,-0.0018819245768405455,0.0030708093600131034,False,False,False,2021-07-07,2021,1,2021-07-07,122,24
361,5657,5659,2021-07-07 14:59:00,2021-07-08 09:44:00,-1,3,-0.017144072322370571,0.0006957454490712085,-0.017144072322370571,0.017839817771441779,False,True,False,2021-07-08,2021,-1,2021-07-08,123,24
362,5660,5688,2021-07-08 09:49:00,2021-07-08 13:44:00,1,29,-0.00033248747989089895,0.011481153733289845,-0.0033235667489619415,0.011813641213180744,False,True,False,2021-07-08,2021,-1,2021-07-08,123,24
363,5689,5695,2021-07-08 13:49:00,2021-07-08 14:19:00,-1,7,-0.0080987282294587778,0,-0.0080987282294587778,0.0080987282294587778,True,False,False,2021-07-08,2021,-1,2021-07-08,123,24
364,5696,5706,2021-07-08 14:24:00,2021-07-09 09:49:00,1,11,-0.01812510760161843,0.004396757958597214,-0.01812510760161843,0.022521865560215643,False,True,False,2021-07-09,2021,-1,2021-07-09,124,24
365,5707,5717,2021-07-09 09:54:00,2021-07-09 10:44:00,-1,11,-0.0004498696404366476,0.011216881569654474,-0.0004498696404366476,0.011666751210091121,False,True,False,2021-07-09,2021,-1,2021-07-09,124,24
366,5718,5727,2021-07-09 10:49:00,2021-07-09 13:09:00,1,10,-0.0031406363550457823,0.0016520088952661147,-0.0058960112350019168,0.004792645250311897,False,True,False,2021-07-09,2021,-1,2021-07-09,124,24
367,5728,5730,2021-07-09 13:14:00,2021-07-09 13:24:00,-1,3,-0.0062146036843369569,0,-0.0062146036843369569,0.0062146036843369569,True,False,False,2021-07-09,2021,-1,2021-07-09,124,24
368,5731,5749,2021-07-09 13:29:00,2021-07-09 14:59:00,1,19,-0.00020842741590720691,0.0058811846215882377,-0.0014219584340249231,0.0060896120374954446,False,True,False,2021-07-09,2021,-1,2021-07-09,124,24
369,5750,5757,2021-07-12 09:39:00,2021-07-12 10:14:00,-1,8,-0.0092426167401193048,0.00084046628706077652,-0.0092426167401193048,0.010083083027180081,False,True,False,2021-07-12,2021,-1,2021-07-12,125,25
370,5758,5766,2021-07-12 10:19:00,2021-07-12 10:59:00,1,9,-0.0018103520722267648,0.0030619856826868477,-0.0018103520722267648,0.0048723377549136125,False,True,False,2021-07-12,2021,-1,2021-07-12,125,25
371,5767,5773,2021-07-12 11:04:00,2021-07-12 13:09:00,-1,7,-0.0076636863921840503,0,-0.0076636863921840503,0.0076636863921840503,True,False,False,2021-07-12,2021,-1,2021-07-12,125,25
372,5774,5780,2021-07-12 13:14:00,2021-07-12 13:44:00,1,7,-0.0037027151882821708,0.00088313406365478754,-0.0052589509126584359,0.0045858492519369586,False,True,False,2021-07-12,2021,-1,2021-07-12,125,25
373,5781,5787,2021-07-12 13:49:00,2021-07-12 14:19:00,-1,7,-0.0028810736018540289,0.00070594338517229738,-0.0028810736018540289,0.0035870169870263263,False,True,False,2021-07-12,2021,-1,2021-07-12,125,25
374,5788,5796,2021-07-12 14:24:00,2021-07-13 09:39:00,1,9,0.0013006209341584864,0.0013006209341584864,-0.0043872721110412511,0,False,False,False,2021-07-13,2021,1,2021-07-13,126,25
375,5797,5798,2021-07-13 09:44:00,2021-07-13 09:49:00,-1,2,-0.0040837662106875811,0,-0.0070584955921358201,0.0040837662106875811,True,False,False,2021-07-13,2021,-1,2021-07-13,126,25
376,5799,5801,2021-07-13 09:54:00,2021-07-13 10:04:00,1,3,-0.013154803165010566,0,-0.013154803165010566,0.013154803165010566,True,False,False,2021-07-13,2021,-1,2021-07-13,126,25
377,5802,5830,2021-07-13 10:09:00,2021-07-13 14:04:00,-1,29,0.0065796960131202283,0.011303406253620906,-0.0041771495213810727,0.0047237102405006774,False,False,False,2021-07-13,2021,1,2021-07-13,126,25
378,5831,5845,2021-07-13 14:09:00,2021-07-14 09:54:00,1,15,-0.0077813014499875915,0.0039152565138349058,-0.0081888383409001106,0.011696557963822497,False,True,False,2021-07-14,2021,-1,2021-07-14,127,25
379,5846,5859,2021-07-14 09:59:00,2021-07-14 11:04:00,-1,14,-0.0018000889003081777,0.0045816025113643508,-0.0040599194861039691,0.0063816914116725286,False,True,False,2021-07-14,2021,-1,2021-07-14,127,25
380,5860,5878,2021-07-14 11:09:00,2021-07-14 14:14:00,1,19,-0.0039734139539029361,0.0054377926559850305,-0.0039734139539029361,0.0094112066098879666,False,True,False,2021-07-14,2021,-1,2021-07-14,127,25
381,5879,5919,2021-07-14 14:19:00,2021-07-15 13:49:00,-1,41,0.012073976122577107,0.018227801833865215,-0.00016587450993394131,0.0061538257112881082,False,False,False,2021-07-15,2021,1,2021-07-15,128,25
382,5920,5941,2021-07-15 13:54:00,2021-07-16 10:14:00,1,22,0.0056732169046131431,0.0092051020561229706,0,0.0035318851515098275,False,False,False,2021-07-16,2021,1,2021-07-16,129,25
383,5942,5959,2021-07-16 10:19:00,2021-07-16 13:19:00,-1,18,0.0090174961021985949,0.011853033687969521,0,0.0028355375857709256,False,False,False,2021-07-16,2021,1,2021-07-16,129,25
384,5960,5962,2021-07-16 13:24:00,2021-07-16 13:34:00,1,3,-0.0024587331428164668,0,-0.0024587331428164668,0.0024587331428164668,True,False,False,2021-07-16,2021,-1,2021-07-16,129,25
385,5963,5985,2021-07-16 13:39:00,2021-07-19 10:04:00,-1,23,0.0091876066344817042,0.023029548844351815,-0.00070774857752239613,0.01384194220987011,False,False,False,2021-07-19,2021,1,2021-07-19,130,26
386,5986,5990,2021-07-19 10:09:00,2021-07-19 10:29:00,1,5,-0.0051328843310498445,0,-0.0074483338929828237,0.0051328843310498445,True,False,False,2021-07-19,2021,-1,2021-07-19,130,26
387,5991,6000,2021-07-19 10:34:00,2021-07-19 11:19:00,-1,10,0.0014968433911973994,0.006637426525600067,0,0.0051405831344026676,False,False,False,2021-07-19,2021,1,2021-07-19,130,26
388,6001,6010,2021-07-19 11:24:00,2021-07-19 13:44:00,1,10,-0.0039009861429416428,0.0021489507419503685,-0.0039009861429416428,0.0060499368848920109,False,True,False,2021-07-19,2021,-1,2021-07-19,130,26
389,6011,6017,2021-07-19 13:49:00,2021-07-19 14:19:00,-1,7,-0.0044419546216310562,0.0013324628997895488,-0.0044419546216310562,0.005774417521420605,False,True,False,2021-07-19,2021,-1,2021-07-19,130,26
390,6018,6034,2021-07-19 14:24:00,2021-07-20 10:19:00,1,17,-0.0058473896427859986,0.0061608655676409349,-0.0058473896427859986,0.012008255210426933,False,True,False,2021-07-20,2021,-1,2021-07-20,131,26
391,6035,6047,2021-07-20 10:24:00,2021-07-20 11:24:00,-1,13,-0.0039659339637815039,0,-0.0062100704513851825,0.0039659339637815039,True,False,False,2021-07-20,2021,-1,2021-07-20,131,26
392,6048,6103,2021-07-20 11:29:00,2021-07-21 13:49:00,1,56,0.036437495755165458,0.040652820196284425,0,0.0042153244411189672,False,False,False,2021-07-21,2021,1,2021-07-21,132,26
393,6104,6133,2021-07-21 13:54:00,2021-07-22 10:54:00,-1,30,0.0062827565647362088,0.010014811243824383,-0.0022465698359503202,0.003732054679088174,False,False,False,2021-07-22,2021,1,2021-07-22,133,26
394,6134,6166,2021-07-22 10:59:00,2021-07-23 09:49:00,1,33,0.0068814865108383968,0.018963873741117597,-0.0017583042673668017,0.0120823872302792,False,False,False,2021-07-23,2021,1,2021-07-23,134,26
395,6167,6171,2021-07-23 09:54:00,2021-07-23 10:14:00,-1,5,-0.01039495254851357,0.0026460355214780028,-0.01039495254851357,0.013040988069991573,False,True,False,2021-07-23,2021,-1,2021-07-23,134,26
396,6172,6175,2021-07-23 10:19:00,2021-07-23 10:34:00,1,4,-0.0086899006021619891,0,-0.0086899006021619891,0.0086899006021619891,True,False,False,2021-07-23,2021,-1,2021-07-23,134,26
397,6176,6196,2021-07-23 10:39:00,2021-07-23 13:54:00,-1,21,0.0060252092645830761,0.015857940601902917,-0.0024126383096686045,0.0098327313373198413,False,False,False,2021-07-23,2021,1,2021-07-23,134,26
398,6197,6215,2021-07-23 13:59:00,2021-07-26 10:04:00,1,19,-0.0053285239909714914,0.00077351142868228916,-0.0053285239909714914,0.0061020354196537809,False,True,False,2021-07-26,2021,-1,2021-07-26,135,27
399,6216,6242,2021-07-26 10:09:00,2021-07-26 13:54:00,-1,27,0.019817286200828205,0.034356583376091168,-0.0043111810874903508,0.014539297175262964,False,False,False,2021-07-26,2021,1,2021-07-26,135,27
400,6243,6285,2021-07-26 13:59:00,2021-07-27 13:39:00,1,43,0.053038815708851862,0.064251158393833399,0,0.011212342684981537,False,False,False,2021-07-27,2021,1,2021-07-27,136,27
401,6286,6311,2021-07-27 13:44:00,2021-07-28 10:24:00,-1,26,0.044445543375287326,0.083920121599606906,0,0.03947457822431958,False,False,False,2021-07-28,2021,1,2021-07-28,137,27
402,6312,6321,2021-07-28 10:29:00,2021-07-28 11:14:00,1,10,-0.010017367338889454,0.0098085672506262635,-0.010017367338889454,0.019825934589515717,False,True,False,2021-07-28,2021,-1,2021-07-28,137,27
403,6322,6343,2021-07-28 11:19:00,2021-07-28 14:39:00,-1,22,-0.00021669824198084506,0.011167471191862141,-0.0056450706555264147,0.011384169433842985,False,True,False,2021-07-28,2021,-1,2021-07-28,137,27
404,6344,6390,2021-07-28 14:44:00,2021-07-29 14:44:00,1,47,0.036767615198235647,0.047281370357939112,-0.0066007709969446837,0.010513755159703465,False,False,False,2021-07-29,2021,1,2021-07-29,138,27
405,6391,6409,2021-07-29 14:49:00,2021-07-30 10:54:00,-1,19,-0.010801797040479507,0.0044400539782032877,-0.010801797040479507,0.015241851018682796,False,True,False,2021-07-30,2021,-1,2021-07-30,139,27
406,6410,6419,2021-07-30 10:59:00,2021-07-30 13:19:00,1,10,-0.0072071365100097413,0.0063533487546018445,-0.0072071365100097413,0.013560485264611587,False,True,False,2021-07-30,2021,-1,2021-07-30,139,27
407,6420,6430,2021-07-30 13:24:00,2021-07-30 14:14:00,-1,11,-0.0018019385160245008,0.0087914881454746619,-0.0018019385160245008,0.010593426661499162,False,True,False,2021-07-30,2021,-1,2021-07-30,139,27
408,6431,6447,2021-07-30 14:19:00,2021-08-02 10:14:00,1,17,0.0013524694060309179,0.015372761611150289,-0.0014677676507226321,0.014020292205119371,False,False,False,2021-08-02,2021,1,2021-08-02,140,28
409,6448,6472,2021-08-02 10:19:00,2021-08-02 13:54:00,-1,25,0.0027887172670511395,0.011297197892935795,-0.0064790035719466052,0.0085084806258846554,False,False,False,2021-08-02,2021,1,2021-08-02,140,28
410,6473,6488,2021-08-02 13:59:00,2021-08-03 09:49:00,1,16,-0.0035870173415895562,0.0069603954674633504,-0.0035870173415895562,0.010547412809052907,False,True,False,2021-08-03,2021,-1,2021-08-03,141,28
411,6489,6502,2021-08-03 09:54:00,2021-08-03 10:59:00,-1,14,0.00020879666760452139,0.0098097656530466079,-0.0030132016089691755,0.009600968985442087,False,False,False,2021-08-03,2021,1,2021-08-03,141,28
412,6503,6511,2021-08-03 11:04:00,2021-08-03 13:19:00,1,9,-0.004744455740362568,0.0062135705781063951,-0.004744455740362568,0.010958026318468962,False,True,False,2021-08-03,2021,-1,2021-08-03,141,28
413,6512,6534,2021-08-03 13:24:00,2021-08-04 09:49:00,-1,23,-0.0011310708887588108,0.0091462494423015725,-0.0033070051624581021,0.010277320331060383,False,True,False,2021-08-04,2021,-1,2021-08-04,142,28
414,6535,6548,2021-08-04 09:54:00,2021-08-04 10:59:00,1,14,0.0059077539113863743,0.01158622503278987,0,0.0056784711214034958,False,False,False,2021-08-04,2021,1,2021-08-04,142,28
415,6549,6556,2021-08-04 11:04:00,2021-08-04 13:14:00,-1,8,-0.0083303689694665117,0,-0.0083303689694665117,0.0083303689694665117,True,False,False,2021-08-04,2021,-1,2021-08-04,142,28
416,6557,6580,2021-08-04 13:19:00,2021-08-05 09:49:00,1,24,0.0023326141784555136,0.0063160995363862821,-0.0017734223229957675,0.0039834853579307685,False,False,False,2021-08-05,2021,1,2021-08-05,143,28
417,6581,6591,2021-08-05 09:54:00,2021-08-05 10:44:00,-1,11,-0.0058357866564286761,0.0051665784812771811,-0.0058357866564286761,0.011002365137705857,False,True,False,2021-08-05,2021,-1,2021-08-05,143,28
418,6592,6598,2021-08-05 10:49:00,2021-08-05 11:19:00,1,7,-0.005842033045235148,0,-0.006460618753136845,0.005842033045235148,True,False,False,2021-08-05,2021,-1,2021-08-05,143,28
419,6599,6601,2021-08-05 11:24:00,2021-08-05 13:09:00,-1,3,-0.0052891882097264985,0.00016866724803144372,-0.0052891882097264985,0.005457855457757942,False,True,False,2021-08-05,2021,-1,2021-08-05,143,28
420,6602,6609,2021-08-05 13:14:00,2021-08-05 13:49:00,1,8,-0.0012310219035100633,0.0036778086265497204,-0.0019467056765238668,0.0049088305300597837,False,True,False,2021-08-05,2021,-1,2021-08-05,143,28
421,6610,6621,2021-08-05 13:54:00,2021-08-05 14:49:00,-1,12,0.0021236521082767332,0.0084025970649290252,0,0.006278944956652292,False,False,False,2021-08-05,2021,1,2021-08-05,143,28
422,6622,6636,2021-08-05 14:54:00,2021-08-06 10:39:00,1,15,0.0004861600310164538,0.016477995113929798,-0.0008544690182369192,0.015991835082913346,False,False,False,2021-08-06,2021,1,2021-08-06,144,28
423,6637,6662,2021-08-06 10:44:00,2021-08-06 14:24:00,-1,26,0.010970978655620202,0.018128182504019444,0,0.0071572038483992424,False,False,False,2021-08-06,2021,1,2021-08-06,144,28
424,6663,6671,2021-08-06 14:29:00,2021-08-09 09:44:00,1,9,-0.011430361354409328,0.0026048235395765952,-0.020494737800067237,0.014035184893985923,False,True,False,2021-08-09,2021,-1,2021-08-09,145,29
425,6672,6685,2021-08-09 09:49:00,2021-08-09 10:54:00,-1,14,0.0020157310339347866,0.0111951390796429,0,0.0091794080457081127,False,False,False,2021-08-09,2021,1,2021-08-09,145,29
426,6686,6712,2021-08-09 10:59:00,2021-08-09 14:44:00,1,27,0.0057239974568674482,0.010398531073874747,-0.001936628763088393,0.0046745336170072992,False,False,False,2021-08-09,2021,1,2021-08-09,145,29
427,6713,6719,2021-08-09 14:49:00,2021-08-10 09:54:00,-1,7,-0.0077031946148966145,0.00040005969678173542,-0.0077031946148966145,0.0081032543116783505,False,True,False,2021-08-10,2021,-1,2021-08-10,146,29
428,6720,6724,2021-08-10 09:59:00,2021-08-10 10:19:00,1,5,-0.0085479528769128784,0.0023597754376868279,-0.0085479528769128784,0.010907728314599706,False,True,False,2021-08-10,2021,-1,2021-08-10,146,29
429,6725,6728,2021-08-10 10:24:00,2021-08-10 10:39:00,-1,4,-0.0073249733197059226,0,-0.0074952714364311182,0.0073249733197059226,True,False,False,2021-08-10,2021,-1,2021-08-10,146,29
430,6729,6735,2021-08-10 10:44:00,2021-08-10 11:14:00,1,7,-0.0051351566747906974,0.0012985786802930275,-0.0051351566747906974,0.0064337353550837249,False,True,False,2021-08-10,2021,-1,2021-08-10,146,29
431,6736,6742,2021-08-10 11:19:00,2021-08-10 13:24:00,-1,7,-0.0038727852690162044,0.001008624138337156,-0.0048134033054339246,0.0048814094073533609,False,True,False,2021-08-10,2021,-1,2021-08-10,146,29
432,6743,6753,2021-08-10 13:29:00,2021-08-10 14:19:00,1,11,-0.0046910250842927435,0.0018929600180612757,-0.0046910250842927435,0.006583985102354019,False,True,False,2021-08-10,2021,-1,2021-08-10,146,29
433,6754,6759,2021-08-10 14:24:00,2021-08-10 14:49:00,-1,6,-0.0043435933906057081,0.0019626967011690832,-0.0043435933906057081,0.0063062900917747917,False,True,False,2021-08-10,2021,-1,2021-08-10,146,29
434,6760,6766,2021-08-10 14:54:00,2021-08-11 09:59:00,1,7,-0.0046482257081035625,0.0023538554444487627,-0.0046482257081035625,0.0070020811525523252,False,True,False,2021-08-11,2021,-1,2021-08-11,147,29
435,6767,6777,2021-08-11 10:04:00,2021-08-11 10:54:00,-1,11,-5.077849785598015e-05,0.0054418698982134665,-5.077849785598015e-05,0.0054926483960694465,False,True,False,2021-08-11,2021,-1,2021-08-11,147,29
436,6778,6789,2021-08-11 10:59:00,2021-08-11 13:29:00,1,12,0.0059927595666859771,0.010945835149410513,0,0.0049530755827245357,False,False,False,2021-08-11,2021,1,2021-08-11,147,29
437,6790,6804,2021-08-11 13:34:00,2021-08-11 14:44:00,-1,15,0.0025774838330974489,0.005929290070104681,-3.7854650763864678e-05,0.0033518062370072321,False,False,False,2021-08-11,2021,1,2021-08-11,147,29
438,6805,6818,2021-08-11 14:49:00,2021-08-12 10:29:00,1,14,0.0064878588527641466,0.013108719569031365,-0.00093661408224085768,0.0066208607162672184,False,False,False,2021-08-12,2021,1,2021-08-12,148,29
439,6819,6835,2021-08-12 10:34:00,2021-08-12 13:29:00,-1,17,-0.0011619764955134587,0.0060767851541109752,-0.0027175379402319131,0.0072387616496244339,False,True,False,2021-08-12,2021,-1,2021-08-12,148,29
440,6836,6851,2021-08-12 13:34:00,2021-08-12 14:49:00,1,16,-0.0045046821610185035,0,-0.0045046821610185035,0.0045046821610185035,True,False,False,2021-08-12,2021,-1,2021-08-12,148,29
441,6852,6861,2021-08-12 14:54:00,2021-08-13 10:14:00,-1,10,0.0034298416925113394,0.01174040283084107,-0.00037196400573854648,0.0083105611383297306,False,False,False,2021-08-13,2021,1,2021-08-13,149,29
442,6862,6869,2021-08-13 10:19:00,2021-08-13 10:54:00,1,8,-0.0030099986288899447,0.0043878410598852599,-0.0030099986288899447,0.0073978396887752051,False,True,False,2021-08-13,2021,-1,2021-08-13,149,29
443,6870,6907,2021-08-13 10:59:00,2021-08-16 10:14:00,-1,38,0.017742302787513497,0.024652472506232405,0,0.006910169718718908,False,False,False,2021-08-16,2021,1,2021-08-16,150,30
444,6908,6921,2021-08-16 10:19:00,2021-08-16 11:24:00,1,14,0.0039714571853839524,0.010992404515970012,0,0.0070209473305860599,False,False,False,2021-08-16,2021,1,2021-08-16,150,30
445,6922,6959,2021-08-16 11:29:00,2021-08-17 10:44:00,-1,38,0.0035516459650920484,0.0090229869450885736,-0.0031543031604393326,0.0054713409799965248,False,False,False,2021-08-17,2021,1,2021-08-17,151,30
446,6960,6963,2021-08-17 10:49:00,2021-08-17 11:04:00,1,4,-0.0032532973960294198,0,-0.0040828663918013606,0.0032532973960294198,True,False,False,2021-08-17,2021,-1,2021-08-17,151,30
447,6964,6994,2021-08-17 11:09:00,2021-08-18 09:49:00,-1,31,0.019778269108510653,0.02358494763225422,0,0.0038066785237435667,False,False,False,2021-08-18,2021,1,2021-08-18,152,30
448,6995,7007,2021-08-18 09:54:00,2021-08-18 10:54:00,1,13,0.0043647749440833741,0.0092148364631548033,-0.0039592474868690112,0.0048500615190714292,False,False,False,2021-08-18,2021,1,2021-08-18,152,30
449,7008,7018,2021-08-18 10:59:00,2021-08-18 13:24:00,-1,11,0.0052572160278379189,0.0083372903974377275,0,0.0030800743695998086,False,False,False,2021-08-18,2021,1,2021-08-18,152,30
450,7019,7024,2021-08-18 13:29:00,2021-08-18 13:54:00,1,6,-0.0051719794627012915,0,-0.0051719794627012915,0.0051719794627012915,True,False,False,2021-08-18,2021,-1,2021-08-18,152,30
451,7025,7039,2021-08-18 13:59:00,2021-08-19 09:44:00,-1,15,-0.0088621788873988333,0.0015301916390244336,-0.0088621788873988333,0.010392370526423268,False,True,False,2021-08-19,2021,-1,2021-08-19,153,30
452,7040,7049,2021-08-19 09:49:00,2021-08-19 10:34:00,1,10,-0.0006393630316638239,0.006207548450079349,-0.0029695739699797416,0.0068469114817431729,False,True,False,2021-08-19,2021,-1,2021-08-19,153,30
453,7050,7052,2021-08-19 10:39:00,2021-08-19 10:49:00,-1,3,-0.0093975662242566562,0,-0.0093975662242566562,0.0093975662242566562,True,False,False,2021-08-19,2021,-1,2021-08-19,153,30
454,7053,7080,2021-08-19 10:54:00,2021-08-19 14:44:00,1,28,0.0096206466280945226,0.013333574126461989,0,0.0037129274983674666,False,False,False,2021-08-19,2021,1,2021-08-19,153,30
455,7081,7089,2021-08-19 14:49:00,2021-08-20 10:04:00,-1,9,-0.0025391957354204747,0.012642903713780013,-0.0025391957354204747,0.015182099449200487,False,True,False,2021-08-20,2021,-1,2021-08-20,154,30
456,7090,7096,2021-08-20 10:09:00,2021-08-20 10:39:00,1,7,-0.0072794477191978277,0.0014895012280859224,-0.0072794477191978277,0.0087689489472837501,False,True,False,2021-08-20,2021,-1,2021-08-20,154,30
457,7097,7122,2021-08-20 10:44:00,2021-08-20 14:24:00,-1,26,0.0080599019481835607,0.015340074838901274,0,0.0072801728907177128,False,False,False,2021-08-20,2021,1,2021-08-20,154,30
458,7123,7149,2021-08-20 14:29:00,2021-08-23 11:14:00,1,27,0.018168151182587872,0.022988922532920293,-0.0011408041939027095,0.0048207713503324208,False,False,False,2021-08-23,2021,1,2021-08-23,155,31
459,7150,7155,2021-08-23 11:19:00,2021-08-23 13:19:00,-1,6,-0.0038405267232500782,0.0011266953931857605,-0.0038405267232500782,0.0049672221164358387,False,True,False,2021-08-23,2021,-1,2021-08-23,155,31
460,7156,7166,2021-08-23 13:24:00,2021-08-23 14:14:00,1,11,-0.00033337393965675527,0.0044769416730623011,-0.00033337393965675527,0.0048103156127190568,False,True,False,2021-08-23,2021,-1,2021-08-23,155,31
461,7167,7180,2021-08-23 14:19:00,2021-08-24 09:59:00,-1,14,-0.0061558718141378537,0.0051686678489822517,-0.0061558718141378537,0.011324539663120105,False,True,False,2021-08-24,2021,-1,2021-08-24,156,31
462,7181,7197,2021-08-24 10:04:00,2021-08-24 11:24:00,1,17,0.0038100130367176993,0.0078458659635106936,0,0.0040358529267929943,False,False,False,2021-08-24,2021,1,2021-08-24,156,31
463,7198,7201,2021-08-24 11:29:00,2021-08-24 13:19:00,-1,4,-0.0048954047487486845,0.00064140628935440997,-0.0048954047487486845,0.0055368110381030945,False,True,False,2021-08-24,2021,-1,2021-08-24,156,31
464,7202,7212,2021-08-24 13:24:00,2021-08-24 14:14:00,1,11,-0.0029292972606670773,0.0014078151837648698,-0.0029292972606670773,0.0043371124444319467,False,True,False,2021-08-24,2021,-1,2021-08-24,156,31
465,7213,7248,2021-08-24 14:19:00,2021-08-25 13:24:00,-1,36,0.020871837143253736,0.025404404437479797,0,0.0045325672942260614,False,False,False,2021-08-25,2021,1,2021-08-25,157,31
466,7249,7252,2021-08-25 13:29:00,2021-08-25 13:44:00,1,4,-0.0048965818588279546,0,-0.0048965818588279546,0.0048965818588279546,True,False,False,2021-08-25,2021,-1,2021-08-25,157,31
467,7253,7267,2021-08-25 13:49:00,2021-08-25 14:59:00,-1,15,-0.002143178048106608,0.0015876117590628881,-0.0022339992666004834,0.0037307898071694962,False,True,False,2021-08-25,2021,-1,2021-08-25,157,31
468,7268,7270,2021-08-26 09:39:00,2021-08-26 09:49:00,1,3,-0.0058363076263436946,0.0059636794409692866,-0.0058363076263436946,0.011799987067312981,False,True,False,2021-08-26,2021,-1,2021-08-26,158,31
469,7271,7321,2021-08-26 09:54:00,2021-08-27 10:14:00,-1,51,0.02055634531377977,0.026770367527759752,-0.0049860805774976352,0.0062140222139799826,False,False,False,2021-08-27,2021,1,2021-08-27,159,31
470,7322,7331,2021-08-27 10:19:00,2021-08-27 11:04:00,1,10,-0.0052292327754761506,0.0018101600145836966,-0.0052292327754761506,0.0070393927900598476,False,True,False,2021-08-27,2021,-1,2021-08-27,159,31
471,7332,7364,2021-08-27 11:09:00,2021-08-30 09:59:00,-1,33,-0.0011242874005963459,0.010690105168670199,-0.0011242874005963459,0.011814392569266545,False,True,False,2021-08-30,2021,-1,2021-08-30,160,32
472,7365,7373,2021-08-30 10:04:00,2021-08-30 10:44:00,1,9,0.0020312172902059032,0.0072639383220939819,0,0.0052327210318880782,False,False,False,2021-08-30,2021,1,2021-08-30,160,32
473,7374,7406,2021-08-30 10:49:00,2021-08-31 09:39:00,-1,33,0.029506739731813166,0.029506739731813166,0,0,False,False,False,2021-08-31,2021,1,2021-08-31,161,32
474,7407,7408,2021-08-31 09:44:00,2021-08-31 09:49:00,1,2,-0.0026571776598657464,0.0015456219051864022,-0.0026571776598657464,0.0042027995650521484,False,True,False,2021-08-31,2021,-1,2021-08-31,161,32
475,7409,7439,2021-08-31 09:54:00,2021-08-31 13:59:00,-1,31,0.012820154774966556,0.017705485431626422,-0.00050995445971479972,0.0048853306566598656,False,False,False,2021-08-31,2021,1,2021-08-31,161,32
476,7440,7454,2021-08-31 14:04:00,2021-09-01 09:49:00,1,15,-0.0081531811073435722,0.0020296927904191243,-0.010309478186937965,0.010182873897762696,False,True,False,2021-09-01,2021,-1,2021-09-01,162,32
477,7455,7470,2021-09-01 09:54:00,2021-09-01 11:09:00,-1,16,0.0038578362883855454,0.011148545310665451,-0.0021797530744527378,0.0072907090222799056,False,False,False,2021-09-01,2021,1,2021-09-01,162,32
478,7471,7500,2021-09-01 11:14:00,2021-09-02 09:49:00,1,30,-0.0018106209150570919,0.010375899743202811,-0.0018106209150570919,0.012186520658259902,False,True,False,2021-09-02,2021,-1,2021-09-02,163,32
479,7501,7544,2021-09-02 09:54:00,2021-09-03 09:39:00,-1,44,0.012465880700759598,0.012465880700759598,-0.0073634503475097819,0,False,False,False,2021-09-03,2021,1,2021-09-03,164,32
480,7545,7553,2021-09-03 09:44:00,2021-09-03 10:24:00,1,9,0.0039131993262672658,0.013732245448576558,0,0.0098190461223092926,False,False,False,2021-09-03,2021,1,2021-09-03,164,32
481,7554,7567,2021-09-03 10:29:00,2021-09-03 13:09:00,-1,14,-0.0050139341128568821,0.010868735850435369,-0.0050139341128568821,0.01588266996329225,False,True,False,2021-09-03,2021,-1,2021-09-03,164,32
482,7568,7583,2021-09-03 13:14:00,2021-09-03 14:29:00,1,16,-0.0046213139392723276,0.0021290042176727374,-0.0046926879605863597,0.0067503181569450645,False,True,False,2021-09-03,2021,-1,2021-09-03,164,32
483,7584,7592,2021-09-03 14:34:00,2021-09-06 09:49:00,-1,9,-0.0076431500520872317,0.0035391433614549916,-0.0076431500520872317,0.011182293413542224,False,True,False,2021-09-06,2021,-1,2021-09-06,165,33
484,7593,7646,2021-09-06 09:54:00,2021-09-07 10:29:00,1,54,0.018338192454991097,0.0205957257572679,-0.00057387184395587924,0.0022575333022768033,False,False,False,2021-09-07,2021,1,2021-09-07,166,33
485,7647,7661,2021-09-07 10:34:00,2021-09-07 13:19:00,-1,15,0.00019473384118400119,0.0029947440287695941,-0.00020164865224474391,0.0028000101875855928,False,False,False,2021-09-07,2021,1,2021-09-07,166,33
486,7662,7666,2021-09-07 13:24:00,2021-09-07 13:44:00,1,5,-0.0012179464147685165,0,-0.0016498035464264098,0.0012179464147685165,True,False,False,2021-09-07,2021,-1,2021-09-07,166,33
487,7667,7672,2021-09-07 13:49:00,2021-09-07 14:14:00,-1,6,-0.00091185945585727619,0.0013100773286185176,-0.00091185945585727619,0.0022219367844757937,False,True,False,2021-09-07,2021,-1,2021-09-07,166,33
488,7673,7683,2021-09-07 14:19:00,2021-09-08 09:44:00,1,11,-0.0047633584152968296,0.0018490075544036419,-0.0060784945605271059,0.0066123659697004712,False,True,False,2021-09-08,2021,-1,2021-09-08,167,33
489,7684,7731,2021-09-08 09:49:00,2021-09-09 09:54:00,-1,48,0.0045965172684081113,0.014732764594623646,-0.0031269874505103477,0.010136247326215535,False,False,False,2021-09-09,2021,1,2021-09-09,168,33
490,7732,7735,2021-09-09 09:59:00,2021-09-09 10:14:00,1,4,-0.010498135535093274,0,-0.010498135535093274,0.010498135535093274,True,False,False,2021-09-09,2021,-1,2021-09-09,168,33
491,7736,7761,2021-09-09 10:19:00,2021-09-09 13:59:00,-1,26,0.0070080765420827513,0.010480414119602682,-0.0011845191138542262,0.003472337577519931,False,False,False,2021-09-09,2021,1,2021-09-09,168,33
492,7762,7779,2021-09-09 14:04:00,2021-09-10 10:04:00,1,18,-0.0030636226218255331,0.0050900127716203905,-0.0030636226218255331,0.0081536353934459245,False,True,False,2021-09-10,2021,-1,2021-09-10,169,33
493,7780,7787,2021-09-10 10:09:00,2021-09-10 10:44:00,-1,8,-0.0095321716633159741,0,-0.0095321716633159741,0.0095321716633159741,True,False,False,2021-09-10,2021,-1,2021-09-10,169,33
494,7788,7821,2021-09-10 10:49:00,2021-09-13 09:44:00,1,34,0.0056929374588459746,0.015284578846192042,-0.00063218535790667647,0.0095916413873460664,False,False,False,2021-09-13,2021,1,2021-09-13,170,34
495,7822,7867,2021-09-13 09:49:00,2021-09-14 09:44:00,-1,46,0.011747043883986272,0.022369358483326371,0,0.010622314599340099,False,False,False,2021-09-14,2021,1,2021-09-14,171,34
496,7868,7887,2021-09-14 09:49:00,2021-09-14 11:24:00,1,20,0.0036083873451941322,0.00898959171786721,0,0.0053812043726730778,False,False,False,2021-09-14,2021,1,2021-09-14,171,34
497,7888,7919,2021-09-14 11:29:00,2021-09-15 10:14:00,-1,32,0.010008489461247645,0.018478068201266774,-0.0032690915463267391,0.0084695787400191295,False,False,False,2021-09-15,2021,1,2021-09-15,172,34
498,7920,7927,2021-09-15 10:19:00,2021-09-15 10:54:00,1,8,-0.0058336533369608449,0,-0.006021703474574684,0.0058336533369608449,True,False,False,2021-09-15,2021,-1,2021-09-15,172,34
499,7928,7984,2021-09-15 10:59:00,2021-09-16 13:24:00,-1,57,0.016280912998143479,0.022570821616060645,-0.0019218687051548789,0.0062899086179171657,False,False,False,2021-09-16,2021,1,2021-09-16,173,34
500,7985,7988,2021-09-16 13:29:00,2021-09-16 13:44:00,1,4,-0.0064896504337906341,0,-0.0064896504337906341,0.0064896504337906341,True,False,False,2021-09-16,2021,-1,2021-09-16,173,34
501,7989,8022,2021-09-16 13:49:00,2021-09-17 11:09:00,-1,34,0.0070460211394661413,0.013571902920597304,-0.0022097333293876233,0.0065258817811311622,False,False,False,2021-09-17,2021,1,2021-09-17,174,34
502,8023,8030,2021-09-17 11:14:00,2021-09-17 13:24:00,1,8,-0.0027905259667665664,0.00096070429242465865,-0.0027905259667665664,0.0037512302591912253,False,True,False,2021-09-17,2021,-1,2021-09-17,174,34
503,8031,8033,2021-09-17 13:29:00,2021-09-17 13:39:00,-1,3,-0.0080963666510246914,0,-0.0080963666510246914,0.0080963666510246914,True,False,False,2021-09-17,2021,-1,2021-09-17,174,34
504,8034,8053,2021-09-17 13:44:00,2021-09-22 09:54:00,1,20,0.00029641486441159964,0.0085311652143597767,-0.0019214154646607024,0.0082347503499481771,False,False,False,2021-09-22,2021,1,2021-09-22,175,35
505,8054,8065,2021-09-22 09:59:00,2021-09-22 10:54:00,-1,12,-0.007389314367093852,0.00023712486217089754,-0.0075511052453829854,0.0076264392292647492,False,True,False,2021-09-22,2021,-1,2021-09-22,175,35
506,8066,8077,2021-09-22 10:59:00,2021-09-22 13:29:00,1,12,-0.0047920352388001776,0.00033826016941390571,-0.0047920352388001776,0.0051302954082140832,False,True,False,2021-09-22,2021,-1,2021-09-22,175,35
507,8078,8099,2021-09-22 13:34:00,2021-09-23 09:54:00,-1,22,-0.0066950972438267727,0,-0.0066950972438267727,0.0066950972438267727,True,False,False,2021-09-23,2021,-1,2021-09-23,176,35
508,8100,8113,2021-09-23 09:59:00,2021-09-23 11:04:00,1,14,0.00579703282024591,0.010079257961055764,-0.0030289686442897708,0.004282225140809854,False,False,False,2021-09-23,2021,1,2021-09-23,176,35
509,8114,8129,2021-09-23 11:09:00,2021-09-23 13:59:00,-1,16,0.0015118927464252761,0.0040587884490065626,0,0.0025468957025812865,False,False,False,2021-09-23,2021,1,2021-09-23,176,35
510,8130,8134,2021-09-23 14:04:00,2021-09-23 14:24:00,1,5,-0.0027887487377333819,0,-0.0027887487377333819,0.0027887487377333819,True,False,False,2021-09-23,2021,-1,2021-09-23,176,35
511,8135,8144,2021-09-23 14:29:00,2021-09-24 09:49:00,-1,10,-0.0029495415930300877,0.0011661124676299386,-0.0047384443047639628,0.0041156540606600263,False,True,False,2021-09-24,2021,-1,2021-09-24,177,35
512,8145,8161,2021-09-24 09:54:00,2021-09-24 11:14:00,1,17,0.010823096327674217,0.015878182900520552,-0.001074879727940223,0.0050550865728463349,False,False,False,2021-09-24,2021,1,2021-09-24,177,35
513,8162,8189,2021-09-24 11:19:00,2021-09-27 09:44:00,-1,28,-0.0057381933689982971,0.007459688603597958,-0.0057381933689982971,0.013197881972596255,False,True,False,2021-09-27,2021,-1,2021-09-27,178,35
514,8190,8198,2021-09-27 09:49:00,2021-09-27 10:29:00,1,9,-0.01066638238108214,0,-0.01066638238108214,0.01066638238108214,True,False,False,2021-09-27,2021,-1,2021-09-27,178,35
515,8199,8217,2021-09-27 10:34:00,2021-09-27 13:39:00,-1,19,0.0070868505066932494,0.015780416725684934,-0.0035391592284658483,0.0086935662189916857,False,False,False,2021-09-27,2021,1,2021-09-27,178,35
516,8218,8232,2021-09-27 13:44:00,2021-09-27 14:54:00,1,15,0.00098729325141902078,0.0046791651211972856,0,0.0036918718697782648,False,False,False,2021-09-27,2021,1,2021-09-27,178,35
517,8233,8239,2021-09-27 14:59:00,2021-09-28 10:04:00,-1,7,0.00036555052315251683,0.010500462045983124,-0.0020810902196807951,0.010134911522830607,False,False,False,2021-09-28,2021,1,2021-09-28,179,35
518,8240,8245,2021-09-28 10:09:00,2021-09-28 10:34:00,1,6,-0.0015074791368666996,0.0078663139159822447,-0.0015074791368666996,0.009373793052848944,False,True,False,2021-09-28,2021,-1,2021-09-28,179,35
519,8246,8288,2021-09-28 10:39:00,2021-09-29 10:19:00,-1,43,0.010764509250385025,0.015253163478397037,-0.0011637397610627354,0.004488654228012012,False,False,False,2021-09-29,2021,1,2021-09-29,180,36
520,8289,8294,2021-09-29 10:24:00,2021-09-29 10:49:00,1,6,-0.0041169263582674946,0.00045145892305632025,-0.0041169263582674946,0.0045683852813238144,False,True,False,2021-09-29,2021,-1,2021-09-29,180,36
521,8295,8304,2021-09-29 10:54:00,2021-09-29 13:14:00,-1,10,-0.0037615366475014038,0.0055904794631682821,-0.0037615366475014038,0.0093520161106696864,False,True,False,2021-09-29,2021,-1,2021-09-29,180,36
522,8305,8318,2021-09-29 13:19:00,2021-09-29 14:24:00,1,14,-0.00079267777355874688,0.0041383752408757852,-0.0021646795165207633,0.004931053014434532,False,True,False,2021-09-29,2021,-1,2021-09-29,180,36
523,8319,8328,2021-09-29 14:29:00,2021-09-30 09:49:00,-1,10,-0.010820797575962339,0.0018025307063956554,-0.010820797575962339,0.012623328282357994,False,True,False,2021-09-30,2021,-1,2021-09-30,181,36
524,8329,8378,2021-09-30 09:54:00,2021-10-08 10:09:00,1,50,0.0066639633997521569,0.01597148090112236,-0.0032310205814466125,0.0093075175013702036,False,False,False,2021-10-08,2021,1,2021-10-08,182,36
525,8379,8403,2021-10-08 10:14:00,2021-10-08 13:49:00,-1,25,0.0034652723542382691,0.0082194247021118612,-0.00012379797642532542,0.0047541523478735921,False,False,False,2021-10-08,2021,1,2021-10-08,182,36
526,8404,8412,2021-10-08 13:54:00,2021-10-08 14:34:00,1,9,-0.0039174243457373269,0,-0.0039174243457373269,0.0039174243457373269,True,False,False,2021-10-08,2021,-1,2021-10-08,182,36
527,8413,8423,2021-10-08 14:39:00,2021-10-11 10:04:00,-1,11,-0.0041220264319308001,0.00033020373870539009,-0.0041220264319308001,0.0044522301706361907,False,True,False,2021-10-11,2021,-1,2021-10-11,183,36
528,8424,8431,2021-10-11 10:09:00,2021-10-11 10:44:00,1,8,-2.922630660068975e-05,0.0055666205662404968,-0.00061393188746333097,0.0055958468728411863,False,True,False,2021-10-11,2021,-1,2021-10-11,183,36
529,8432,8509,2021-10-11 10:49:00,2021-10-12 14:59:00,-1,78,0.037399501186572086,0.041541961951815719,0,0.0041424607652436329,False,False,False,2021-10-12,2021,1,2021-10-12,184,36
530,8510,8528,2021-10-13 09:39:00,2021-10-13 11:09:00,1,19,0.0085497072990944299,0.014876991866719409,0,0.006327284567624979,False,False,False,2021-10-13,2021,1,2021-10-13,185,37
531,8529,8534,2021-10-13 11:14:00,2021-10-13 13:14:00,-1,6,-0.0085443403758575578,0,-0.0085443403758575578,0.0085443403758575578,True,False,False,2021-10-13,2021,-1,2021-10-13,185,37
532,8535,8567,2021-10-13 13:19:00,2021-10-14 10:34:00,1,33,0.00450850011897342,0.0099422098082551664,-0.00032068373028614145,0.0054337096892817464,False,False,False,2021-10-14,2021,1,2021-10-14,186,37
533,8568,8574,2021-10-14 10:39:00,2021-10-14 11:09:00,-1,7,-0.0012907726397656677,0.0053514472012290183,-0.0012907726397656677,0.0066422198409946858,False,True,False,2021-10-14,2021,-1,2021-10-14,186,37
534,8575,8604,2021-10-14 11:14:00,2021-10-15 09:49:00,1,30,-0.0041303954361730406,0.0013187238444179481,-0.0041303954361730406,0.0054491192805909885,False,True,False,2021-10-15,2021,-1,2021-10-15,187,37
535,8605,8607,2021-10-15 09:54:00,2021-10-15 10:04:00,-1,3,-0.0057008126601628059,0,-0.0057008126601628059,0.0057008126601628059,True,False,False,2021-10-15,2021,-1,2021-10-15,187,37
536,8608,8639,2021-10-15 10:09:00,2021-10-15 14:19:00,1,32,0.0072496417993160138,0.011246493644818225,-0.0004664230986197796,0.0039968518455022108,False,False,False,2021-10-15,2021,1,2021-10-15,187,37
537,8640,8684,2021-10-15 14:24:00,2021-10-18 14:14:00,-1,45,0.01137354249926748,0.015492130724446631,-0.0019380846930692345,0.0041185882251791508,False,False,False,2021-10-18,2021,1,2021-10-18,188,37
538,8685,8704,2021-10-18 14:19:00,2021-10-19 10:29:00,1,20,0.0071245311617076524,0.011784965366957624,-0.00023043101852116723,0.0046604342052499713,False,False,False,2021-10-19,2021,1,2021-10-19,189,37
539,8705,8709,2021-10-19 10:34:00,2021-10-19 10:54:00,-1,5,-0.0033226905290892573,0,-0.0040726354212335721,0.0033226905290892573,True,False,False,2021-10-19,2021,-1,2021-10-19,189,37
540,8710,8748,2021-10-19 10:59:00,2021-10-20 10:19:00,1,39,0.0071968064380644858,0.013254033545809025,-0.0018331136031445013,0.0060572271077445391,False,False,False,2021-10-20,2021,1,2021-10-20,190,38
541,8749,8755,2021-10-20 10:24:00,2021-10-20 10:54:00,-1,7,-0.0015469148706308776,0.0039437680760255264,-0.0020353011282564712,0.0054906829466564045,False,True,False,2021-10-20,2021,-1,2021-10-20,190,38
542,8756,8775,2021-10-20 10:59:00,2021-10-20 14:09:00,1,20,0.001318824033447118,0.0062000714678028075,0,0.0048812474343556895,False,False,False,2021-10-20,2021,1,2021-10-20,190,38
543,8776,8793,2021-10-20 14:14:00,2021-10-21 10:14:00,-1,18,-0.0024871835664404861,0.0029533717226243456,-0.0033874435409923854,0.0054405552890648317,False,True,False,2021-10-21,2021,-1,2021-10-21,191,38
544,8794,8796,2021-10-21 10:19:00,2021-10-21 10:29:00,1,3,-0.0056450617353824032,0,-0.0056450617353824032,0.0056450617353824032,True,False,False,2021-10-21,2021,-1,2021-10-21,191,38
545,8797,8833,2021-10-21 10:34:00,2021-10-22 09:44:00,-1,37,0.0017107268179643587,0.0089736055007118617,-0.00041627261344785239,0.007262878682747503,False,False,False,2021-10-22,2021,1,2021-10-22,192,38
546,8834,8860,2021-10-22 09:49:00,2021-10-22 13:34:00,1,27,0.0034404080610572754,0.0085535369298587877,-0.0038488513802501737,0.0051131288688015123,False,False,False,2021-10-22,2021,1,2021-10-22,192,38
547,8861,8891,2021-10-22 13:39:00,2021-10-25 10:44:00,-1,31,0.0011819901125870273,0.0074655615059675889,-0.00066334510591176989,0.0062835713933805616,False,False,False,2021-10-25,2021,1,2021-10-25,193,38
548,8892,8946,2021-10-25 10:49:00,2021-10-26 11:29:00,1,55,0.010009889994111634,0.013574081615810401,-0.00050386479963914713,0.0035641916216987667,False,False,False,2021-10-26,2021,1,2021-10-26,194,38
549,8947,9002,2021-10-26 13:09:00,2021-10-27 13:54:00,-1,56,0.017432828096433695,0.021087549771184537,-0.0011774437830729134,0.0036547216747508417,False,False,False,2021-10-27,2021,1,2021-10-27,195,39
550,9003,9007,2021-10-27 13:59:00,2021-10-27 14:19:00,1,5,-0.0014868030590711565,0,-0.003344731119599857,0.0014868030590711565,True,False,False,2021-10-27,2021,-1,2021-10-27,195,39
551,9008,9013,2021-10-27 14:24:00,2021-10-27 14:49:00,-1,6,-0.0024277927849704934,0,-0.0024277927849704934,0.0024277927849704934,True,False,False,2021-10-27,2021,-1,2021-10-27,195,39
552,9014,9022,2021-10-27 14:54:00,2021-10-28 10:09:00,1,9,-0.00027191387111979504,0.0050500160462433807,-0.00030131439445122928,0.0053219299173631754,False,True,False,2021-10-28,2021,-1,2021-10-28,196,39
553,9023,9033,2021-10-28 10:14:00,2021-10-28 11:04:00,-1,11,-0.0035950412530025046,0.0015078909673154988,-0.0035950412530025046,0.0051029322203180036,False,True,False,2021-10-28,2021,-1,2021-10-28,196,39
554,9034,9037,2021-10-28 11:09:00,2021-10-28 11:24:00,1,4,-0.0041537990607410378,0,-0.0042567621926762654,0.0041537990607410378,True,False,False,2021-10-28,2021,-1,2021-10-28,196,39
555,9038,9064,2021-10-28 11:29:00,2021-10-29 09:49:00,-1,27,-0.009391114952784517,0.0029607392537782866,-0.009391114952784517,0.012351854206562804,False,True,False,2021-10-29,2021,-1,2021-10-29,197,39
556,9065,9117,2021-10-29 09:54:00,2021-11-01 10:24:00,1,53,0.017183459339202116,0.021813229547807674,-0.005969948861060264,0.0046297702086055582,False,False,False,2021-11-01,2021,1,2021-11-01,198,39
557,9118,9121,2021-11-01 10:29:00,2021-11-01 10:44:00,-1,4,-0.00628214516079088,0.00057306591826206165,-0.00628214516079088,0.0068552110790529412,False,True,False,2021-11-01,2021,-1,2021-11-01,198,39
558,9122,9139,2021-11-01 10:49:00,2021-11-01 13:49:00,1,18,0.0024521575270604391,0.0068792158102349071,0,0.0044270582831744676,False,False,False,2021-11-01,2021,1,2021-11-01,198,39
559,9140,9156,2021-11-01 13:54:00,2021-11-02 09:49:00,-1,17,-0.0041089640185593135,0.0027083816391510105,-0.0041089640185593135,0.0068173456577103244,False,True,False,2021-11-02,2021,-1,2021-11-02,199,39
560,9157,9166,2021-11-02 09:54:00,2021-11-02 10:39:00,1,10,-0.00038184672853593549,0.0052954386350380911,-0.00038184672853593549,0.0056772853635740266,False,True,False,2021-11-02,2021,-1,2021-11-02,199,39
561,9167,9171,2021-11-02 10:44:00,2021-11-02 11:04:00,-1,5,-0.0047626361381200482,0,-0.0047626361381200482,0.0047626361381200482,True,False,False,2021-11-02,2021,-1,2021-11-02,199,39
562,9172,9176,2021-11-02 11:09:00,2021-11-02 11:29:00,1,5,-0.0048899507893793871,0.0012732448002896355,-0.0048899507893793871,0.0061631955896690226,False,True,False,2021-11-02,2021,-1,2021-11-02,199,39
563,9177,9186,2021-11-02 13:09:00,2021-11-02 13:54:00,-1,10,0.0056748607672050004,0.011439346762240808,-0.00079898469563536862,0.0057644859950358078,False,False,False,2021-11-02,2021,1,2021-11-02,199,39
564,9187,9188,2021-11-02 13:59:00,2021-11-02 14:04:00,1,2,-0.0050564049008978299,0,-0.0050564049008978299,0.0050564049008978299,True,False,False,2021-11-02,2021,-1,2021-11-02,199,39
565,9189,9196,2021-11-02 14:09:00,2021-11-02 14:44:00,-1,8,-0.0034331550552928799,0.00084403281002239116,-0.0034331550552928799,0.0042771878653152708,False,True,False,2021-11-02,2021,-1,2021-11-02,199,39
566,9197,9207,2021-11-02 14:49:00,2021-11-03 10:14:00,1,11,-0.0028398974461610414,0.0092343701393770607,-0.0028398974461610414,0.012074267585538102,False,True,False,2021-11-03,2021,-1,2021-11-03,200,40
567,9208,9236,2021-11-03 10:19:00,2021-11-03 14:14:00,-1,29,0.0030773218685655169,0.0088062664722474808,-0.0014352275799493375,0.0057289446036819635,False,False,False,2021-11-03,2021,1,2021-11-03,200,40
568,9237,9270,2021-11-03 14:19:00,2021-11-04 13:14:00,1,34,0.011048497186234121,0.017041829188603017,0,0.0059933320023688955,False,False,False,2021-11-04,2021,1,2021-11-04,201,40
569,9271,9297,2021-11-04 13:19:00,2021-11-05 10:04:00,-1,27,-0.0012468564542634179,0.0020294633856749434,-0.0039477645260219225,0.0032763198399383612,False,True,False,2021-11-05,2021,-1,2021-11-05,202,40
570,9298,9301,2021-11-05 10:09:00,2021-11-05 10:24:00,1,4,-0.0015091775722629462,0,-0.0028076164353887162,0.0015091775722629462,True,False,False,2021-11-05,2021,-1,2021-11-05,202,40
571,9302,9306,2021-11-05 10:29:00,2021-11-05 10:49:00,-1,5,-0.0044713048331154323,0.00059579540446546544,-0.0044713048331154323,0.0050671002375808974,False,True,False,2021-11-05,2021,-1,2021-11-05,202,40
572,9307,9310,2021-11-05 10:54:00,2021-11-05 11:09:00,1,4,-0.0061390068075016088,0,-0.0061390068075016088,0.0061390068075016088,True,False,False,2021-11-05,2021,-1,2021-11-05,202,40
573,9311,9349,2021-11-05 11:14:00,2021-11-08 10:34:00,-1,39,0.010567375477753426,0.016600684874634619,-0.00288655753501547,0.0060333093968811934,False,False,False,2021-11-08,2021,1,2021-11-08,203,40
574,9350,9401,2021-11-08 10:39:00,2021-11-09 11:04:00,1,52,0.0095583079977995117,0.013758414917920049,-0.0015804033317103135,0.0042001069201205374,False,False,False,2021-11-09,2021,1,2021-11-09,204,40
575,9402,9405,2021-11-09 11:09:00,2021-11-09 11:24:00,-1,4,-0.0034706115498116044,0,-0.0034706115498116044,0.0034706115498116044,True,False,False,2021-11-09,2021,-1,2021-11-09,204,40
576,9406,9425,2021-11-09 11:29:00,2021-11-09 14:39:00,1,20,0.0045100846272512476,0.0077141434921149882,-0.001304502134655412,0.0032040588648637406,False,False,False,2021-11-09,2021,1,2021-11-09,204,40
577,9426,9453,2021-11-09 14:44:00,2021-11-10 13:09:00,-1,28,0.00045150549628342976,0.013305791898106592,-0.0029368596733097803,0.012854286401823161,False,False,False,2021-11-10,2021,1,2021-11-10,205,41
578,9454,9465,2021-11-10 13:14:00,2021-11-10 14:09:00,1,12,-0.0024444880516465753,0.0021428378233598116,-0.0033149240676399808,0.0045873258750063865,False,True,False,2021-11-10,2021,-1,2021-11-10,205,41
579,9466,9472,2021-11-10 14:14:00,2021-11-10 14:44:00,-1,7,-0.0037561116204294412,0,-0.0037561116204294412,0.0037561116204294412,True,False,False,2021-11-10,2021,-1,2021-11-10,205,41
580,9473,9486,2021-11-10 14:49:00,2021-11-11 10:29:00,1,14,0.00195718200196679,0.0071063722464621143,-0.00054277528673953956,0.0051491902444953247,False,False,False,2021-11-11,2021,1,2021-11-11,206,41
581,9487,9494,2021-11-11 10:34:00,2021-11-11 11:09:00,-1,8,-0.0057297905175286937,0,-0.0057297905175286937,0.0057297905175286937,True,False,False,2021-11-11,2021,-1,2021-11-11,206,41
582,9495,9512,2021-11-11 11:14:00,2021-11-11 14:14:00,1,18,0.0051128885442749154,0.0088698243627727252,0,0.0037569358184978098,False,False,False,2021-11-11,2021,1,2021-11-11,206,41
583,9513,9527,2021-11-11 14:19:00,2021-11-12 10:04:00,-1,15,-0.002897072650178942,0.0064284664335774898,-0.002897072650178942,0.0093255390837564314,False,True,False,2021-11-12,2021,-1,2021-11-12,207,41
584,9528,9544,2021-11-12 10:09:00,2021-11-12 11:29:00,1,17,-0.0038507033054510933,2.0811871092107329e-05,-0.0038507033054510933,0.0038715151765432005,False,True,False,2021-11-12,2021,-1,2021-11-12,207,41
585,9545,9554,2021-11-12 13:09:00,2021-11-12 13:54:00,-1,10,-0.002948439255679777,0,-0.0029831567765744443,0.002948439255679777,True,False,False,2021-11-12,2021,-1,2021-11-12,207,41
586,9555,9568,2021-11-12 13:59:00,2021-11-15 09:39:00,1,14,0.0035488312945076705,0.0035488312945076705,-1.3887345850980204e-05,0,False,False,False,2021-11-15,2021,1,2021-11-15,208,41
587,9569,9576,2021-11-15 09:44:00,2021-11-15 10:19:00,-1,8,-0.001099520540068971,0.0044102116402207495,-0.001099520540068971,0.0055097321802897205,False,True,False,2021-11-15,2021,-1,2021-11-15,208,41
588,9577,9581,2021-11-15 10:24:00,2021-11-15 10:44:00,1,5,-0.0024773556186523838,0,-0.0043012308524880173,0.0024773556186523838,True,False,False,2021-11-15,2021,-1,2021-11-15,208,41
589,9582,9600,2021-11-15 10:49:00,2021-11-15 13:54:00,-1,19,0.0053005191884941075,0.0085027544181256534,0,0.0032022352296315459,False,False,False,2021-11-15,2021,1,2021-11-15,208,41
590,9601,9604,2021-11-15 13:59:00,2021-11-15 14:14:00,1,4,-0.0038453130781904861,0,-0.0038453130781904861,0.0038453130781904861,True,False,False,2021-11-15,2021,-1,2021-11-15,208,41
591,9605,9620,2021-11-15 14:19:00,2021-11-16 10:09:00,-1,16,-0.0036084618057489115,0.0027797731765330921,-0.0036084618057489115,0.0063882349822820036,False,True,False,2021-11-16,2021,-1,2021-11-16,209,41
592,9621,9627,2021-11-16 10:14:00,2021-11-16 10:44:00,1,7,-0.0038532196191159536,0.0021365968047735895,-0.0038532196191159536,0.0059898164238895435,False,True,False,2021-11-16,2021,-1,2021-11-16,209,41
593,9628,9636,2021-11-16 10:49:00,2021-11-16 11:29:00,-1,9,-0.002786694125305648,0,-0.0029401207702355976,0.002786694125305648,True,False,False,2021-11-16,2021,-1,2021-11-16,209,41
594,9637,9640,2021-11-16 13:09:00,2021-11-16 13:24:00,1,4,-0.0033673593881061691,0.00076689793558912245,-0.0033673593881061691,0.0041342573236952916,False,True,False,2021-11-16,2021,-1,2021-11-16,209,41
595,9641,9662,2021-11-16 13:29:00,2021-11-17 09:49:00,-1,22,0.0028803215596234022,0.0068323399798299843,0,0.0039520184202065821,False,False,False,2021-11-17,2021,1,2021-11-17,210,42
596,9663,9665,2021-11-17 09:54:00,2021-11-17 10:04:00,1,3,-0.0039802027173269023,0,-0.0042338971437527401,0.0039802027173269023,True,False,False,2021-11-17,2021,-1,2021-11-17,210,42
597,9666,9670,2021-11-17 10:09:00,2021-11-17 10:29:00,-1,5,-0.0018936266486138929,0.0022078879208139173,-0.0018936266486138929,0.0041015145694278101,False,True,False,2021-11-17,2021,-1,2021-11-17,210,42
598,9671,9708,2021-11-17 10:34:00,2021-11-18 09:49:00,1,38,0.0031878243782048313,0.010716686687885269,0,0.0075288623096804383,False,False,False,2021-11-18,2021,1,2021-11-18,211,42
599,9709,9722,2021-11-18 09:54:00,2021-11-18 10:59:00,-1,14,0.0013328752087270039,0.0056735048364287884,0,0.004340629627701785,False,False,False,2021-11-18,2021,1,2021-11-18,211,42
600,9723,9749,2021-11-18 11:04:00,2021-11-18 14:49:00,1,27,0.0019636176134236786,0.0043987519093797922,-0.00020359521130133363,0.0024351342959561136,False,False,False,2021-11-18,2021,1,2021-11-18,211,42
601,9750,9754,2021-11-18 14:54:00,2021-11-19 09:49:00,-1,5,-0.011015652290153541,0.0016758468173656798,-0.011015652290153541,0.012691499107519221,False,True,False,2021-11-19,2021,-1,2021-11-19,212,42
602,9755,9759,2021-11-19 09:54:00,2021-11-19 10:14:00,1,5,-0.0076025364699534989,0,-0.0077701225327715994,0.0076025364699534989,True,False,False,2021-11-19,2021,-1,2021-11-19,212,42
603,9760,9766,2021-11-19 10:19:00,2021-11-19 10:49:00,-1,7,-0.0045976451920443518,0,-0.0045976451920443518,0.0045976451920443518,True,False,False,2021-11-19,2021,-1,2021-11-19,212,42
604,9767,9850,2021-11-19 10:54:00,2021-11-23 10:09:00,1,84,0.027934930502665854,0.030183040303869924,-0.0025678957724954076,0.00224810980120407,False,False,False,2021-11-23,2021,1,2021-11-23,214,42
605,9851,9865,2021-11-23 10:14:00,2021-11-23 11:24:00,-1,15,-0.001276574361573773,0.0021109329769350869,-0.0021536963782426265,0.0033875073385088599,False,True,False,2021-11-23,2021,-1,2021-11-23,214,42
606,9866,9873,2021-11-23 11:29:00,2021-11-23 13:39:00,1,8,-0.002493876429819289,0.000337445674449082,-0.002493876429819289,0.0028313221042683711,False,True,False,2021-11-23,2021,-1,2021-11-23,214,42
607,9874,9881,2021-11-23 13:44:00,2021-11-23 14:19:00,-1,8,-0.000527679507836721,0.0023508779191123955,-0.00064941216953645468,0.0028785574269491166,False,True,False,2021-11-23,2021,-1,2021-11-23,214,42
608,9882,9899,2021-11-23 14:24:00,2021-11-24 10:24:00,1,18,0.0016353896479573537,0.0058265162675042509,-0.0014687222390112921,0.0041911266195468972,False,False,False,2021-11-24,2021,1,2021-11-24,215,43
609,9900,9943,2021-11-24 10:29:00,2021-11-25 10:14:00,-1,44,0.0042697948583506938,0.0091642012245485363,-0.0012349054639912295,0.0048944063661978425,False,False,False,2021-11-25,2021,1,2021-11-25,216,43
610,9944,9948,2021-11-25 10:19:00,2021-11-25 10:39:00,1,5,-0.0037706538684792673,0.0004745698452478024,-0.0037706538684792673,0.0042452237137270699,False,True,False,2021-11-25,2021,-1,2021-11-25,216,43
611,9949,9966,2021-11-25 10:44:00,2021-11-25 13:44:00,-1,18,-0.001972025092184534,0.0016690570979240231,-0.001972025092184534,0.0036410821901085568,False,True,False,2021-11-25,2021,-1,2021-11-25,216,43
612,9967,9976,2021-11-25 13:49:00,2021-11-25 14:34:00,1,10,-0.0020945549249480108,0,-0.0022715689707939911,0.0020945549249480108,True,False,False,2021-11-25,2021,-1,2021-11-25,216,43
613,9977,10011,2021-11-25 14:39:00,2021-11-26 13:39:00,-1,35,0.0080585790622744267,0.011509608170632693,-0.00041517923066752751,0.0034510291083582664,False,False,False,2021-11-26,2021,1,2021-11-26,217,43
614,10012,10056,2021-11-26 13:44:00,2021-11-29 13:34:00,1,45,0.0066347712605748987,0.01125305737507268,-0.00052856844990597173,0.0046182861144977811,False,False,False,2021-11-29,2021,1,2021-11-29,218,43
615,10057,10064,2021-11-29 13:39:00,2021-11-29 14:14:00,-1,8,-0.0013489210678492547,0.00085935267391054875,-0.0018730104745219326,0.0022082737417598035,False,True,False,2021-11-29,2021,-1,2021-11-29,218,43
616,10065,10084,2021-11-29 14:19:00,2021-11-30 10:29:00,1,20,0.0023732224728606009,0.0061153967561386252,0,0.0037421742832780243,False,False,False,2021-11-30,2021,1,2021-11-30,219,43
617,10085,10087,2021-11-30 10:34:00,2021-11-30 10:44:00,-1,3,-0.0023879312334810021,0.0003464520962737596,-0.0023879312334810021,0.0027343833297547616,False,True,False,2021-11-30,2021,-1,2021-11-30,219,43
618,10088,10102,2021-11-30 10:49:00,2021-11-30 13:34:00,1,15,-0.00094228032013655516,0.0014219070843585803,-0.00094228032013655516,0.0023641874044951355,False,True,False,2021-11-30,2021,-1,2021-11-30,219,43
619,10103,10116,2021-11-30 13:39:00,2021-11-30 14:44:00,-1,14,0.0028525845403832334,0.0071194539836131688,0,0.0042668694432299349,False,False,False,2021-11-30,2021,1,2021-11-30,219,43
620,10117,10126,2021-11-30 14:49:00,2021-12-01 10:09:00,1,10,-0.0014634065946508537,0.004485757968910601,-0.0014634065946508537,0.0059491645635614543,False,True,False,2021-12-01,2021,-1,2021-12-01,220,44
621,10127,10162,2021-12-01 10:14:00,2021-12-01 14:44:00,-1,36,0.008331044553263214,0.010049647820899718,0,0.0017186032676365041,False,False,False,2021-12-01,2021,1,2021-12-01,220,44
622,10163,10168,2021-12-01 14:49:00,2021-12-02 09:49:00,1,6,-0.0039985875859472487,0.00068661515173279333,-0.0053304075799967873,0.0046852027376800423,False,True,False,2021-12-02,2021,-1,2021-12-02,221,44
623,10169,10197,2021-12-02 09:54:00,2021-12-02 13:49:00,-1,29,0.0081080308888486566,0.012281075216153433,-0.0011027563130330831,0.004173044327304776,False,False,False,2021-12-02,2021,1,2021-12-02,221,44
624,10198,10203,2021-12-02 13:54:00,2021-12-02 14:19:00,1,6,-0.0036007463258944093,0,-0.0036007463258944093,0.0036007463258944093,True,False,False,2021-12-02,2021,-1,2021-12-02,221,44
625,10204,10214,2021-12-02 14:24:00,2021-12-03 09:49:00,-1,11,-0.0028426726312594493,0.0035017247335551354,-0.0028426726312594493,0.0063443973648145847,False,True,False,2021-12-03,2021,-1,2021-12-03,222,44
626,10215,10229,2021-12-03 09:54:00,2021-12-03 11:04:00,1,15,0.00031999109863023727,0.0033825466616595112,-0.00064028954409354197,0.003062555563029274,False,False,False,2021-12-03,2021,1,2021-12-03,222,44
627,10230,10241,2021-12-03 11:09:00,2021-12-03 13:39:00,-1,12,-0.0022370752288314701,0.0017333500102220418,-0.0022370752288314701,0.0039704252390535119,False,True,False,2021-12-03,2021,-1,2021-12-03,222,44
628,10242,10259,2021-12-03 13:44:00,2021-12-06 09:44:00,1,18,-0.011025239202197097,0.0021489880301564729,-0.011025239202197097,0.013174227232353571,False,True,False,2021-12-06,2021,-1,2021-12-06,223,44
629,10260,10324,2021-12-06 09:49:00,2021-12-07 11:19:00,-1,65,0.026167538334693385,0.030201940830454677,-0.0036419961953726102,0.0040344024957612926,False,False,False,2021-12-07,2021,1,2021-12-07,224,44
630,10325,10329,2021-12-07 11:24:00,2021-12-07 13:19:00,1,5,-0.0039765501205435948,0,-0.0050690787091177292,0.0039765501205435948,True,False,False,2021-12-07,2021,-1,2021-12-07,224,44
631,10330,10342,2021-12-07 13:24:00,2021-12-07 14:24:00,-1,13,-0.0015463101192309996,0.0014473143994151829,-0.0018783825429461633,0.0029936245186461827,False,True,False,2021-12-07,2021,-1,2021-12-07,224,44
632,10343,10400,2021-12-07 14:29:00,2021-12-09 09:59:00,1,58,0.018307785962098932,0.022629922205856592,-0.0021756344843645685,0.0043221362437576606,False,False,False,2021-12-09,2021,1,2021-12-09,226,45
633,10401,10405,2021-12-09 10:04:00,2021-12-09 10:24:00,-1,5,-0.0044421253742980091,0,-0.0044421253742980091,0.0044421253742980091,True,False,False,2021-12-09,2021,-1,2021-12-09,226,45
634,10406,10440,2021-12-09 10:29:00,2021-12-09 14:54:00,1,35,0.012756357343420668,0.01490724758978419,0,0.0021508902463635224,False,False,False,2021-12-09,2021,1,2021-12-09,226,45
635,10441,10451,2021-12-09 14:59:00,2021-12-10 10:24:00,-1,11,0.00034150506491183045,0.0057934714868580258,-0.00023689417908514382,0.0054519664219461958,False,False,False,2021-12-10,2021,1,2021-12-10,227,45
636,10452,10490,2021-12-10 10:29:00,2021-12-13 09:49:00,1,39,0.0028330504151848242,0.0053392042967541553,-0.0023099614228412556,0.0025061538815693311,False,False,False,2021-12-13,2021,1,2021-12-13,228,45
637,10491,10502,2021-12-13 09:54:00,2021-12-13 10:49:00,-1,12,-0.0044249087346259772,0.001906379292710852,-0.0044249087346259772,0.006331288027336829,False,True,False,2021-12-13,2021,-1,2021-12-13,228,45
638,10503,10525,2021-12-13 10:54:00,2021-12-13 14:19:00,1,23,0.0019150802823455842,0.0037575592476091577,-0.0011424972074453544,0.0018424789652635735,False,False,False,2021-12-13,2021,1,2021-12-13,228,45
639,10526,10538,2021-12-13 14:24:00,2021-12-14 09:59:00,-1,13,-2.7627743782056573e-05,0.0035842580286462233,-0.00079399331003076451,0.0036118857724282798,False,True,False,2021-12-14,2021,-1,2021-12-14,229,45
640,10539,10549,2021-12-14 10:04:00,2021-12-14 10:54:00,1,11,-0.0020534385013435143,0.0025316032628626851,-0.0020534385013435143,0.0045850417642061998,False,True,False,2021-12-14,2021,-1,2021-12-14,229,45
641,10550,10581,2021-12-14 10:59:00,2021-12-15 09:44:00,-1,32,0.003827729326954171,0.0057958300502007889,-0.00088550067701974506,0.0019681007232466179,False,False,False,2021-12-15,2021,1,2021-12-15,230,46
642,10582,10590,2021-12-15 09:49:00,2021-12-15 10:29:00,1,9,0.00059037004024109063,0.0018948930335741694,-0.0017036075393643095,0.0013045229933330788,False,False,False,2021-12-15,2021,1,2021-12-15,230,46
643,10591,10634,2021-12-15 10:34:00,2021-12-16 10:19:00,-1,44,0.010140114171256646,0.012499682397801224,-0.0004651049867430759,0.0023595682265445776,False,False,False,2021-12-16,2021,1,2021-12-16,231,46
644,10635,10641,2021-12-16 10:24:00,2021-12-16 10:54:00,1,7,-0.0039075452597129804,0.0019690632292720788,-0.0039075452597129804,0.0058766084889850592,False,True,False,2021-12-16,2021,-1,2021-12-16,231,46
645,10642,10660,2021-12-16 10:59:00,2021-12-16 14:04:00,-1,19,-0.002124337822853135,0,-0.0022086554473945176,0.002124337822853135,True,False,False,2021-12-16,2021,-1,2021-12-16,231,46
646,10661,10674,2021-12-16 14:09:00,2021-12-17 09:49:00,1,14,-0.0010686390634312001,0.0031290366215824986,-0.0010686390634312001,0.0041976756850136982,False,True,False,2021-12-17,2021,-1,2021-12-17,232,46
647,10675,10718,2021-12-17 09:54:00,2021-12-20 09:39:00,-1,44,0.01984230141131469,0.01984230141131469,0,0,False,False,False,2021-12-20,2021,1,2021-12-20,233,46
648,10719,10723,2021-12-20 09:44:00,2021-12-20 10:04:00,1,5,-0.0018888730914321447,0.0044602180907450713,-0.0018888730914321447,0.0063490911821772163,False,True,False,2021-12-20,2021,-1,2021-12-20,233,46
649,10724,10745,2021-12-20 10:09:00,2021-12-20 13:29:00,-1,22,0.010827247348100671,0.012623827057206093,0,0.0017965797091054215,False,False,False,2021-12-20,2021,1,2021-12-20,233,46
650,10746,10747,2021-12-20 13:34:00,2021-12-20 13:39:00,1,2,-0.0019349119323611454,0,-0.0019785997682184287,0.0019349119323611454,True,False,False,2021-12-20,2021,-1,2021-12-20,233,46
651,10748,10765,2021-12-20 13:44:00,2021-12-21 09:44:00,-1,18,-0.0022764060085780462,0.0068751389566025153,-0.0022764060085780462,0.0091515449651805615,False,True,False,2021-12-21,2021,-1,2021-12-21,234,46
652,10766,10776,2021-12-21 09:49:00,2021-12-21 10:39:00,1,11,-0.0058286262320778682,0.00043578048974137352,-0.0058286262320778682,0.0062644067218192417,False,True,False,2021-12-21,2021,-1,2021-12-21,234,46
653,10777,10790,2021-12-21 10:44:00,2021-12-21 13:24:00,-1,14,-0.0017010966316580844,0.0026633122743601407,-0.0017010966316580844,0.004364408906018225,False,True,False,2021-12-21,2021,-1,2021-12-21,234,46
654,10791,10834,2021-12-21 13:29:00,2021-12-22 13:14:00,1,44,0.0061522992399010096,0.010593857467526564,0,0.0044415582276255547,False,False,False,2021-12-22,2021,1,2021-12-22,235,47
655,10835,10860,2021-12-22 13:19:00,2021-12-23 09:59:00,-1,26,0.00083408587216077289,0.0054158121042497433,-0.0008189029333015871,0.0045817262320889708,False,False,False,2021-12-23,2021,1,2021-12-23,236,47
656,10861,10865,2021-12-23 10:04:00,2021-12-23 10:24:00,1,5,-0.0015103768646723666,0.00010157808824242314,-0.0018083647220552019,0.0016119549529147897,False,True,False,2021-12-23,2021,-1,2021-12-23,236,47
657,10866,10869,2021-12-23 10:29:00,2021-12-23 10:44:00,-1,4,-0.0021559476550681855,0.0036254871869192988,-0.0021559476550681855,0.0057814348419874843,False,True,False,2021-12-23,2021,-1,2021-12-23,236,47
658,10870,10881,2021-12-23 10:49:00,2021-12-23 13:19:00,1,12,-0.0032247549461783013,0.00041323662734507854,-0.0032247549461783013,0.00363799157352338,False,True,False,2021-12-23,2021,-1,2021-12-23,236,47
659,10882,10890,2021-12-23 13:24:00,2021-12-23 14:04:00,-1,9,-0.0015991513369889195,0.00064765663364824101,-0.0015991513369889195,0.0022468079706371605,False,True,False,2021-12-23,2021,-1,2021-12-23,236,47
660,10891,10900,2021-12-23 14:09:00,2021-12-23 14:54:00,1,10,-0.0013082062726378582,0.001799618792453508,-0.0013082062726378582,0.0031078250650913661,False,True,False,2021-12-23,2021,-1,2021-12-23,236,47
661,10901,10924,2021-12-23 14:59:00,2021-12-24 11:29:00,-1,24,0.012028151832544038,0.015345907061920221,-0.00042172004231448936,0.0033177552293761833,False,False,False,2021-12-24,2021,1,2021-12-24,237,47
662,10925,10932,2021-12-24 13:09:00,2021-12-24 13:44:00,1,8,-0.00054483074782094455,0.00077991645603814103,-0.0023212723620815185,0.0013247472038590857,False,True,False,2021-12-24,2021,-1,2021-12-24,237,47
663,10933,10946,2021-12-24 13:49:00,2021-12-24 14:54:00,-1,14,-0.00092014949719007285,0.002300393998238553,-0.00092014949719007285,0.0032205434954286258,False,True,False,2021-12-24,2021,-1,2021-12-24,237,47
664,10947,10954,2021-12-24 14:59:00,2021-12-27 10:09:00,1,8,7.3577832467569939e-06,0.003782111105039562,-0.00072868865034852125,0.0037747533217928051,False,False,False,2021-12-27,2021,1,2021-12-27,238,47
665,10955,10961,2021-12-27 10:14:00,2021-12-27 10:44:00,-1,7,-0.0031148324883404008,0.0014284244112270862,-0.0031148324883404008,0.0045432568995674872,False,True,False,2021-12-27,2021,-1,2021-12-27,238,47
666,10962,10966,2021-12-27 10:49:00,2021-12-27 11:09:00,1,5,-0.0040497043796131676,0,-0.0040497043796131676,0.0040497043796131676,True,False,False,2021-12-27,2021,-1,2021-12-27,238,47
667,10967,10986,2021-12-27 11:14:00,2021-12-27 14:24:00,-1,20,0.0034230439467224129,0.006198099841153373,-0.00086129162252453944,0.0027750558944309601,False,False,False,2021-12-27,2021,1,2021-12-27,238,47
668,10987,11043,2021-12-27 14:29:00,2021-12-29 09:54:00,1,57,0.007384725968600239,0.01218528549478857,0,0.004800559526188331,False,False,False,2021-12-29,2021,1,2021-12-29,240,48
669,11044,11071,2021-12-29 09:59:00,2021-12-29 13:49:00,-1,28,0.0056791166121149461,0.0078799712544890283,0,0.0022008546423740822,False,False,False,2021-12-29,2021,1,2021-12-29,240,48
670,11072,11111,2021-12-29 13:54:00,2021-12-30 13:19:00,1,40,0.013606648987323456,0.018296959696458205,0,0.0046903107091347488,False,False,False,2021-12-30,2021,1,2021-12-30,241,48
671,11112,11133,2021-12-30 13:24:00,2021-12-31 09:44:00,-1,22,-0.010547635910115568,0.0012088113614678857,-0.010547635910115568,0.011756447271583453,False,True,False,2021-12-31,2021,-1,2021-12-31,242,48
672,11134,11179,2021-12-31 09:49:00,2022-01-04 09:44:00,1,46,-0.001246590951792464,0.0076472058060134138,-0.001246590951792464,0.0088937967578058778,False,True,False,2022-01-04,2022,-1,2022-01-04,0,0
673,11180,11201,2022-01-04 09:49:00,2022-01-04 13:09:00,-1,22,0.014335236951982732,0.017536716614923332,0,0.0032014796629406001,False,False,False,2022-01-04,2022,1,2022-01-04,0,0
674,11202,11216,2022-01-04 13:14:00,2022-01-04 14:24:00,1,15,-0.0011783003833328374,0.0029360445868135349,-0.0011783003833328374,0.0041143449701463719,False,True,False,2022-01-04,2022,-1,2022-01-04,0,0
675,11217,11265,2022-01-04 14:29:00,2022-01-05 14:39:00,-1,49,0.023442451537714577,0.027318221590130205,-0.00024162813547707999,0.003875770052415628,False,False,False,2022-01-05,2022,1,2022-01-05,1,0
676,11266,11272,2022-01-05 14:44:00,2022-01-06 09:49:00,1,7,-0.0092258177133188839,0.00046468402323139769,-0.0092258177133188839,0.0096905017365502815,False,True,False,2022-01-06,2022,-1,2022-01-06,2,0
677,11273,11283,2022-01-06 09:54:00,2022-01-06 10:44:00,-1,11,0.0031904238645498731,0.0082889038462779525,-0.00083948773492478941,0.0050984799817280794,False,False,False,2022-01-06,2022,1,2022-01-06,2,0
678,11284,11310,2022-01-06 10:49:00,2022-01-06 14:34:00,1,27,0.0048233735152606698,0.0085630485412995731,-0.0010404129175080169,0.0037396750260389033,False,False,False,2022-01-06,2022,1,2022-01-06,2,0
679,11311,11318,2022-01-06 14:39:00,2022-01-07 09:49:00,-1,8,-0.0020072903047477601,0.0010732128636598984,-0.0037848275286235487,0.0030805031684076585,False,True,False,2022-01-07,2022,-1,2022-01-07,3,0
680,11319,11323,2022-01-07 09:54:00,2022-01-07 10:14:00,1,5,-0.0051167243741977574,0,-0.0051167243741977574,0.0051167243741977574,True,False,False,2022-01-07,2022,-1,2022-01-07,3,0
681,11324,11342,2022-01-07 10:19:00,2022-01-07 13:24:00,-1,19,0.00087177024142852952,0.0066445932340530442,0,0.0057728229926245142,False,False,False,2022-01-07,2022,1,2022-01-07,3,0
682,11343,11350,2022-01-07 13:29:00,2022-01-07 14:04:00,1,8,-0.003312066230390914,0.00056863200049206712,-0.003312066230390914,0.0038806982308829813,False,True,False,2022-01-07,2022,-1,2022-01-07,3,0
683,11351,11368,2022-01-07 14:09:00,2022-01-10 10:09:00,-1,18,0.00165253419780314,0.01675011635392485,0,0.015097582156121711,False,False,False,2022-01-10,2022,1,2022-01-10,4,0
684,11369,11390,2022-01-10 10:14:00,2022-01-10 13:34:00,1,22,0.0040389343757697748,0.0077137794892255807,0,0.0036748451134558059,False,False,False,2022-01-10,2022,1,2022-01-10,4,0
685,11391,11432,2022-01-10 13:39:00,2022-01-11 13:14:00,-1,42,0.013827165643423619,0.016293125110459165,-0.00060709083943240609,0.0024659594670355459,False,False,False,2022-01-11,2022,1,2022-01-11,5,1
686,11433,11436,2022-01-11 13:19:00,2022-01-11 13:34:00,1,4,-0.0026588688889440659,0,-0.0026588688889440659,0.0026588688889440659,True,False,False,2022-01-11,2022,-1,2022-01-11,5,1
687,11437,11455,2022-01-11 13:39:00,2022-01-12 09:44:00,-1,19,-0.0069367284987810448,0.0025498982266969703,-0.0069367284987810448,0.0094866267254780159,False,True,False,2022-01-12,2022,-1,2022-01-12,6,1
688,11456,11468,2022-01-12 09:49:00,2022-01-12 10:49:00,1,13,0.0012407614658068885,0.0064397822346756138,-0.00095843100691715114,0.0051990207688687251,False,False,False,2022-01-12,2022,1,2022-01-12,6,1
689,11469,11480,2022-01-12 10:54:00,2022-01-12 13:24:00,-1,12,-0.0016672406446999099,0.0034887723866158351,-0.0016672406446999099,0.0051560130313157452,False,True,False,2022-01-12,2022,-1,2022-01-12,6,1
690,11481,11502,2022-01-12 13:29:00,2022-01-13 09:49:00,1,22,-0.0078787984136591549,0.0057983544615213345,-0.0078787984136591549,0.013677152875180489,False,True,False,2022-01-13,2022,-1,2022-01-13,7,1
691,11503,11513,2022-01-13 09:54:00,2022-01-13 10:44:00,-1,11,-0.0094440845124418218,0,-0.0094440845124418218,0.0094440845124418218,True,False,False,2022-01-13,2022,-1,2022-01-13,7,1
692,11514,11526,2022-01-13 10:49:00,2022-01-13 13:24:00,1,13,-0.0069133431318099368,0,-0.0069133431318099368,0.0069133431318099368,True,False,False,2022-01-13,2022,-1,2022-01-13,7,1
693,11527,11549,2022-01-13 13:29:00,2022-01-14 09:54:00,-1,23,-5.3776038178329159e-05,0.0068299641868059483,-0.00046084365926667614,0.006883740224984277,False,True,False,2022-01-14,2022,-1,2022-01-14,8,1
694,11550,11565,2022-01-14 09:59:00,2022-01-14 11:14:00,1,16,0.0057373910232613283,0.0096861387312431775,-0.0019685499840108546,0.0039487477079818492,False,False,False,2022-01-14,2022,1,2022-01-14,8,1
695,11566,11572,2022-01-14 11:19:00,2022-01-14 13:24:00,-1,7,-0.0035149957083950266,0.00020625093172492635,-0.0035149957083950266,0.0037212466401199528,False,True,False,2022-01-14,2022,-1,2022-01-14,8,1
696,11573,11584,2022-01-14 13:29:00,2022-01-14 14:24:00,1,12,-0.00019791428853554397,0.001521109486115101,-0.0015615422066206908,0.0017190237746506449,False,True,False,2022-01-14,2022,-1,2022-01-14,8,1
697,11585,11593,2022-01-14 14:29:00,2022-01-17 09:44:00,-1,9,-0.0082637579640463567,0,-0.0082637579640463567,0.0082637579640463567,True,False,False,2022-01-17,2022,-1,2022-01-17,9,1
698,11594,11608,2022-01-17 09:49:00,2022-01-17 10:59:00,1,15,0.004970750649279084,0.0086302698475691098,-0.001012237584541728,0.0036595191982900259,False,False,False,2022-01-17,2022,1,2022-01-17,9,1
699,11609,11612,2022-01-17 11:04:00,2022-01-17 11:19:00,-1,4,-0.004018749551130657,0,-0.004018749551130657,0.004018749551130657,True,False,False,2022-01-17,2022,-1,2022-01-17,9,1
700,11613,11653,2022-01-17 11:24:00,2022-01-18 10:54:00,1,41,0.012211598680433514,0.01826927549947523,-0.00440948903055788,0.0060576768190417161,False,False,False,2022-01-18,2022,1,2022-01-18,10,2
701,11654,11684,2022-01-18 10:59:00,2022-01-19 09:39:00,-1,31,0.011179529664568928,0.011179529664568928,-8.8697696135512781e-05,0,False,False,False,2022-01-19,2022,1,2022-01-19,11,2
702,11685,11686,2022-01-19 09:44:00,2022-01-19 09:49:00,1,2,-0.0029794455422409933,0,-0.0029794455422409933,0.0029794455422409933,True,False,False,2022-01-19,2022,-1,2022-01-19,11,2
703,11687,11692,2022-01-19 09:54:00,2022-01-19 10:19:00,-1,6,-0.0019773065649126252,0.0040491816115397049,-0.0019773065649126252,0.0060264881764523302,False,True,False,2022-01-19,2022,-1,2022-01-19,11,2
704,11693,11698,2022-01-19 10:24:00,2022-01-19 10:49:00,1,6,-0.0050107746256585258,0,-0.0055749325597062947,0.0050107746256585258,True,False,False,2022-01-19,2022,-1,2022-01-19,11,2
705,11699,11727,2022-01-19 10:54:00,2022-01-19 14:49:00,-1,29,0.0036387647268808607,0.0083746321986172823,0,0.004735867471736422,False,False,False,2022-01-19,2022,1,2022-01-19,11,2
706,11728,11736,2022-01-19 14:54:00,2022-01-20 10:09:00,1,9,-0.0050544136901773474,0.0028789577264332787,-0.0061853135590997166,0.007933371416610626,False,True,False,2022-01-20,2022,-1,2022-01-20,12,2
707,11737,11753,2022-01-20 10:14:00,2022-01-20 13:09:00,-1,17,0.0024759819735303105,0.0053546022245584725,-0.0019248992340383207,0.0028786202510281619,False,False,False,2022-01-20,2022,1,2022-01-20,12,2
708,11754,11759,2022-01-20 13:14:00,2022-01-20 13:39:00,1,6,-0.0020705517194415353,0.00038775161573807688,-0.0021696193407946792,0.0024583033351796122,False,True,False,2022-01-20,2022,-1,2022-01-20,12,2
709,11760,11808,2022-01-20 13:44:00,2022-01-21 13:54:00,-1,49,0.013100758027400594,0.017348428778893539,-0.00035046818336225598,0.0042476707514929445,False,False,False,2022-01-21,2022,1,2022-01-21,13,2
710,11809,11818,2022-01-21 13:59:00,2022-01-21 14:44:00,1,10,-0.0036973194041626236,0,-0.0036973194041626236,0.0036973194041626236,True,False,False,2022-01-21,2022,-1,2022-01-21,13,2
711,11819,11823,2022-01-21 14:49:00,2022-01-24 09:44:00,-1,5,-0.011939842503296523,0.0010777325242908554,-0.011939842503296523,0.013017575027587379,False,True,False,2022-01-24,2022,-1,2022-01-24,14,2
712,11824,11830,2022-01-24 09:49:00,2022-01-24 10:19:00,1,7,-0.0061138781491419901,0.0014308945530845307,-0.0061138781491419901,0.0075447727022265208,False,True,False,2022-01-24,2022,-1,2022-01-24,14,2
713,11831,11837,2022-01-24 10:24:00,2022-01-24 10:54:00,-1,7,-0.0031614559786618192,0.0016037753834639448,-0.0031614559786618192,0.0047652313621257643,False,True,False,2022-01-24,2022,-1,2022-01-24,14,2
714,11838,11858,2022-01-24 10:59:00,2022-01-24 14:14:00,1,21,0.0040315218010788002,0.0069186949899265344,-0.0011987921301021909,0.0028871731888477341,False,False,False,2022-01-24,2022,1,2022-01-24,14,2
715,11859,11871,2022-01-24 14:19:00,2022-01-25 09:54:00,-1,13,-0.00035179492248594603,0.0015692882098292855,-0.0013300517164624346,0.0019210831323152315,False,True,False,2022-01-25,2022,-1,2022-01-25,15,3
716,11872,11875,2022-01-25 09:59:00,2022-01-25 10:14:00,1,4,-0.0060897230777645587,3.8231122432128509e-05,-0.0060897230777645587,0.006127954200196687,False,True,False,2022-01-25,2022,-1,2022-01-25,15,3
717,11876,11885,2022-01-25 10:19:00,2022-01-25 11:04:00,-1,10,0.00090819537059536135,0.0075445247182039394,0,0.006636329347608578,False,False,False,2022-01-25,2022,1,2022-01-25,15,3
718,11886,11891,2022-01-25 11:09:00,2022-01-25 13:09:00,1,6,-0.0068378844232150826,0,-0.0068378844232150826,0.0068378844232150826,True,False,False,2022-01-25,2022,-1,2022-01-25,15,3
719,11892,11923,2022-01-25 13:14:00,2022-01-26 10:24:00,-1,32,0.0087915563588794703,0.017676872436942083,0,0.0088853160780626127,False,False,False,2022-01-26,2022,1,2022-01-26,16,3
720,11924,11926,2022-01-26 10:29:00,2022-01-26 10:39:00,1,3,-0.006819965140899012,0,-0.006819965140899012,0.006819965140899012,True,False,False,2022-01-26,2022,-1,2022-01-26,16,3
721,11927,11945,2022-01-26 10:44:00,2022-01-26 13:49:00,-1,19,-0.0019432070594547525,0.0055197496356808639,-0.0026346124469611323,0.0074629566951356164,False,True,False,2022-01-26,2022,-1,2022-01-26,16,3
722,11946,11963,2022-01-26 13:54:00,2022-01-27 09:54:00,1,18,-0.00077840289816546993,0.0051582874131854599,-0.0011560285811986627,0.00593669031135093,False,True,False,2022-01-27,2022,-1,2022-01-27,17,3
723,11964,11993,2022-01-27 09:59:00,2022-01-27 13:59:00,-1,30,0.013453952209148442,0.020397924559931453,0,0.0069439723507830117,False,False,False,2022-01-27,2022,1,2022-01-27,17,3
724,11994,11999,2022-01-27 14:04:00,2022-01-27 14:29:00,1,6,-0.0060933865187267492,0,-0.0060933865187267492,0.0060933865187267492,True,False,False,2022-01-27,2022,-1,2022-01-27,17,3
725,12000,12008,2022-01-27 14:34:00,2022-01-28 09:49:00,-1,9,-0.0015228266600211249,0.0046791421739208298,-0.003123300741885009,0.006201968833941955,False,True,False,2022-01-28,2022,-1,2022-01-28,18,3
726,12009,12012,2022-01-28 09:54:00,2022-01-28 10:09:00,1,4,-0.0077019933091444955,0,-0.0077019933091444955,0.0077019933091444955,True,False,False,2022-01-28,2022,-1,2022-01-28,18,3
727,12013,12022,2022-01-28 10:14:00,2022-01-28 10:59:00,-1,10,-0.0057780370628450692,0.0077211076409405676,-0.0057780370628450692,0.013499144703785637,False,True,False,2022-01-28,2022,-1,2022-01-28,18,3
728,12023,12042,2022-01-28 11:04:00,2022-01-28 14:14:00,1,20,-0.0032872954449301318,0.0044834866902861686,-0.0032872954449301318,0.0077707821352163003,False,True,False,2022-01-28,2022,-1,2022-01-28,18,3
729,12043,12053,2022-01-28 14:19:00,2022-02-07 09:44:00,-1,11,-0.015140727787194819,0.0093175911489059935,-0.015140727787194819,0.024458318936100815,False,True,False,2022-02-07,2022,-1,2022-02-07,19,3
730,12054,12060,2022-02-07 09:49:00,2022-02-07 10:19:00,1,7,-0.017203813798522392,0,-0.017203813798522392,0.017203813798522392,True,False,False,2022-02-07,2022,-1,2022-02-07,19,3
731,12061,12127,2022-02-07 10:24:00,2022-02-08 13:39:00,-1,67,0.032826126100576614,0.037287733662020747,-0.00292413179249161,0.0044616075614441336,False,False,False,2022-02-08,2022,1,2022-02-08,20,4
732,12128,12149,2022-02-08 13:44:00,2022-02-09 10:04:00,1,22,-0.00065045534165683269,0.0095247507151861779,-0.00065045534165683269,0.01017520605684301,False,True,False,2022-02-09,2022,-1,2022-02-09,21,4
733,12150,12157,2022-02-09 10:09:00,2022-02-09 10:44:00,-1,8,-0.0054822463886808684,0.0023300981416227119,-0.0054822463886808684,0.0078123445303035803,False,True,False,2022-02-09,2022,-1,2022-02-09,21,4
734,12158,12162,2022-02-09 10:49:00,2022-02-09 11:09:00,1,5,-0.0052403610161450486,0,-0.0052403610161450486,0.0052403610161450486,True,False,False,2022-02-09,2022,-1,2022-02-09,21,4
735,12163,12169,2022-02-09 11:14:00,2022-02-09 13:19:00,-1,7,-0.0050163364554785964,0,-0.0050163364554785964,0.0050163364554785964,True,False,False,2022-02-09,2022,-1,2022-02-09,21,4
736,12170,12176,2022-02-09 13:24:00,2022-02-09 13:54:00,1,7,-0.0019852236157955703,0.0016002590361687634,-0.0021681621073959103,0.0035854826519643337,False,True,False,2022-02-09,2022,-1,2022-02-09,21,4
737,12177,12181,2022-02-09 13:59:00,2022-02-09 14:19:00,-1,5,-0.003908540270857532,0.00064043119009421956,-0.003908540270857532,0.0045489714609517513,False,True,False,2022-02-09,2022,-1,2022-02-09,21,4
738,12182,12193,2022-02-09 14:24:00,2022-02-10 09:54:00,1,12,-0.0037173221694030453,0.0056325614300974727,-0.0037173221694030453,0.0093498835995005185,False,True,False,2022-02-10,2022,-1,2022-02-10,22,4
739,12194,12226,2022-02-10 09:59:00,2022-02-10 14:14:00,-1,33,0.012901569492054713,0.01689264761208454,0,0.0039910781200298267,False,False,False,2022-02-10,2022,1,2022-02-10,22,4
740,12227,12238,2022-02-10 14:19:00,2022-02-11 09:49:00,1,12,-0.0024535130831064953,0.00065662095127916494,-0.0047015216696519686,0.0031101340343856602,False,True,False,2022-02-11,2022,-1,2022-02-11,23,4
741,12239,12255,2022-02-11 09:54:00,2022-02-11 11:14:00,-1,17,0.0042891108124402067,0.0062494381613358132,-0.0022176977927606707,0.0019603273488956064,False,False,False,2022-02-11,2022,1,2022-02-11,23,4
742,12256,12261,2022-02-11 11:19:00,2022-02-11 13:19:00,1,6,-0.0029036715312377652,0.00083049444613419814,-0.0029036715312377652,0.0037341659773719631,False,True,False,2022-02-11,2022,-1,2022-02-11,23,4
743,12262,12287,2022-02-11 13:24:00,2022-02-14 10:04:00,-1,26,-0.0016651236973075981,0.013378669884084888,-0.0021149109046260141,0.015043793581392486,False,True,False,2022-02-14,2022,-1,2022-02-14,24,4
744,12288,12298,2022-02-14 10:09:00,2022-02-14 10:59:00,1,11,-0.0050378369009677314,0.00050069376833660373,-0.0050378369009677314,0.0055385306693043349,False,True,False,2022-02-14,2022,-1,2022-02-14,24,4
745,12299,12328,2022-02-14 11:04:00,2022-02-15 09:39:00,-1,30,-0.0060474537989697978,0.0090068695561667557,-0.0060474537989697978,0.015054323355136554,False,True,False,2022-02-15,2022,-1,2022-02-15,25,5
746,12329,12354,2022-02-15 09:44:00,2022-02-15 13:24:00,1,26,0.013945019417326579,0.01857544914246588,-0.0024877007552783653,0.0046304297251393012,False,False,False,2022-02-15,2022,1,2022-02-15,25,5
747,12355,12369,2022-02-15 13:29:00,2022-02-15 14:39:00,-1,15,-0.0042641141068399131,0.00041821056674856694,-0.0042641141068400171,0.00468232467358848,False,True,False,2022-02-15,2022,-1,2022-02-15,25,5
748,12370,12402,2022-02-15 14:44:00,2022-02-16 13:34:00,1,33,0.0007408178468033417,0.0046770788356739462,-0.0033697306911091114,0.0039362609888706048,False,False,False,2022-02-16,2022,1,2022-02-16,26,5
749,12403,12423,2022-02-16 13:39:00,2022-02-17 09:54:00,-1,21,0.0033338364961587935,0.0041272586508735529,-0.00082341154850072446,0.00079342215471475946,False,False,False,2022-02-17,2022,1,2022-02-17,27,5
750,12424,12445,2022-02-17 09:59:00,2022-02-17 13:19:00,1,22,0.011166157967254241,0.015565064511989215,-0.0016292840187050418,0.0043989065447349734,False,False,False,2022-02-17,2022,1,2022-02-17,27,5
751,12446,12483,2022-02-17 13:24:00,2022-02-18 11:04:00,-1,38,0.0055716446327040668,0.01101589626116725,-0.0017569405716359584,0.0054442516284631832,False,False,False,2022-02-18,2022,1,2022-02-18,28,5
752,12484,12489,2022-02-18 11:09:00,2022-02-18 13:09:00,1,6,-0.002701771926501,0,-0.0036178737278323844,0.002701771926501,True,False,False,2022-02-18,2022,-1,2022-02-18,28,5
753,12490,12510,2022-02-18 13:14:00,2022-02-18 14:54:00,-1,21,-0.0013725810417866081,0.0023168607746898995,-0.0017299747313583417,0.0036894418164765078,False,True,False,2022-02-18,2022,-1,2022-02-18,28,5
754,12511,12519,2022-02-18 14:59:00,2022-02-21 10:14:00,1,9,-0.0015141055944511599,0.004553436001692699,-0.0015141055944511599,0.0060675415961438592,False,True,False,2022-02-21,2022,-1,2022-02-21,29,5
755,12520,12537,2022-02-21 10:19:00,2022-02-21 13:19:00,-1,18,0.0021169320736450069,0.0065821584472993064,0,0.0044652263736542994,False,False,False,2022-02-21,2022,1,2022-02-21,29,5
756,12538,12545,2022-02-21 13:24:00,2022-02-21 13:59:00,1,8,-0.0034098349851826026,0,-0.0034098349851826026,0.0034098349851826026,True,False,False,2022-02-21,2022,-1,2022-02-21,29,5
757,12546,12570,2022-02-21 14:04:00,2022-02-22 10:39:00,-1,25,0.012620111724460594,0.021245442454734656,-5.8600208466030457e-05,0.0086253307302740622,False,False,False,2022-02-22,2022,1,2022-02-22,30,6
758,12571,12583,2022-02-22 10:44:00,2022-02-22 13:19:00,1,13,-0.0014423038634229228,0.0056304836579389415,-0.0017055366178904876,0.0070727875213618639,False,True,False,2022-02-22,2022,-1,2022-02-22,30,6
759,12584,12602,2022-02-22 13:24:00,2022-02-22 14:54:00,-1,19,-0.0042868706308093031,0.0016059483005444397,-0.0042868706308093031,0.0058928189313537426,False,True,False,2022-02-22,2022,-1,2022-02-22,30,6
760,12603,12652,2022-02-22 14:59:00,2022-02-24 09:49:00,1,50,0.034531453791242755,0.0414818606238362,0,0.0069504068325934448,False,False,False,2022-02-24,2022,1,2022-02-24,32,6
761,12653,12655,2022-02-24 09:54:00,2022-02-24 10:04:00,-1,3,-0.007031507860187974,0,-0.007031507860187974,0.007031507860187974,True,False,False,2022-02-24,2022,-1,2022-02-24,32,6
762,12656,12663,2022-02-24 10:09:00,2022-02-24 10:44:00,1,8,0.0016125441575401537,0.0053704431891333148,-0.00056784536663288864,0.0037578990315931611,False,False,False,2022-02-24,2022,1,2022-02-24,32,6
763,12664,12693,2022-02-24 10:49:00,2022-02-24 14:49:00,-1,30,0.016325960333962747,0.027964779177770474,-0.0017796909653783324,0.011638818843807727,False,False,False,2022-02-24,2022,1,2022-02-24,32,6
764,12694,12718,2022-02-24 14:54:00,2022-02-25 11:29:00,1,25,0.021856880896743473,0.030595322065415414,0,0.0087384411686719406,False,False,False,2022-02-25,2022,1,2022-02-25,33,6
765,12719,12751,2022-02-25 13:09:00,2022-02-28 10:24:00,-1,33,-0.0017136172369142156,0.0058953387731468451,-0.005652635811708738,0.0076089560100610605,False,True,False,2022-02-28,2022,-1,2022-02-28,34,6
766,12752,12759,2022-02-28 10:29:00,2022-02-28 11:04:00,1,8,-0.0034543739383763438,0.0017267346926659608,-0.0034543739383763438,0.0051811086310423046,False,True,False,2022-02-28,2022,-1,2022-02-28,34,6
767,12760,12772,2022-02-28 11:09:00,2022-02-28 13:44:00,-1,13,-0.0029237078596058485,0.0017276320405217875,-0.0035427909128853646,0.0046513399001276365,False,True,False,2022-02-28,2022,-1,2022-02-28,34,6
768,12773,12795,2022-02-28 13:49:00,2022-03-01 10:14:00,1,23,-0.0013762189957563554,0.0043736000990827846,-0.0013762189957563554,0.0057498190948391398,False,True,False,2022-03-01,2022,-1,2022-03-01,35,7
769,12796,12818,2022-03-01 10:19:00,2022-03-01 13:44:00,-1,23,0.0031216122207302749,0.0066988254882598738,-0.0010866460334121285,0.0035772132675295988,False,False,False,2022-03-01,2022,1,2022-03-01,35,7
770,12819,12835,2022-03-01 13:49:00,2022-03-02 09:44:00,1,17,-0.0081115945130052613,0.0021224662461943214,-0.010043725960915951,0.010234060759199583,False,True,False,2022-03-02,2022,-1,2022-03-02,36,7
771,12836,12850,2022-03-02 09:49:00,2022-03-02 10:59:00,-1,15,0.0027403310437196745,0.0087282502617414999,0,0.0059879192180218258,False,False,False,2022-03-02,2022,1,2022-03-02,36,7
772,12851,12866,2022-03-02 11:04:00,2022-03-02 13:54:00,1,16,0.0016565144367239378,0.0069260188723180354,0,0.0052695044355940976,False,False,False,2022-03-02,2022,1,2022-03-02,36,7
773,12867,12876,2022-03-02 13:59:00,2022-03-02 14:44:00,-1,10,-0.0034592112501640238,4.0767904249936794e-05,-0.0034592112501640238,0.0034999791544139606,False,True,False,2022-03-02,2022,-1,2022-03-02,36,7
774,12877,12882,2022-03-02 14:49:00,2022-03-03 09:49:00,1,6,-0.0075524378234220566,0,-0.0075524378234220566,0.0075524378234220566,True,False,False,2022-03-03,2022,-1,2022-03-03,37,7
775,12883,12888,2022-03-03 09:54:00,2022-03-03 10:19:00,-1,6,-0.0024285451710923459,0.0026396487053253121,-0.0035141665101818004,0.0050681938764176575,False,True,False,2022-03-03,2022,-1,2022-03-03,37,7
776,12889,12892,2022-03-03 10:24:00,2022-03-03 10:39:00,1,4,-0.004329702007292385,0,-0.004329702007292385,0.004329702007292385,True,False,False,2022-03-03,2022,-1,2022-03-03,37,7
777,12893,12928,2022-03-03 10:44:00,2022-03-04 09:49:00,-1,36,0.0046616298144773671,0.010554622821285118,-0.0019830220533522572,0.0058929930068077506,False,False,False,2022-03-04,2022,1,2022-03-04,38,7
778,12929,12943,2022-03-04 09:54:00,2022-03-04 11:04:00,1,15,0.0048830710698878187,0.010231945758233598,0,0.0053488746883457797,False,False,False,2022-03-04,2022,1,2022-03-04,38,7
779,12944,12983,2022-03-04 11:09:00,2022-03-07 10:34:00,-1,40,0.029257228916969514,0.036605186634225712,0,0.0073479577172561976,False,False,False,2022-03-07,2022,1,2022-03-07,39,7
780,12984,12992,2022-03-07 10:39:00,2022-03-07 11:19:00,1,9,-0.0062427409822961438,0,-0.0062427409822961438,0.0062427409822961438,True,False,False,2022-03-07,2022,-1,2022-03-07,39,7
781,12993,13022,2022-03-07 11:24:00,2022-03-08 09:59:00,-1,30,0.0043684739388344645,0.01374871403043538,-0.0012737340807036069,0.0093802400916009158,False,False,False,2022-03-08,2022,1,2022-03-08,40,8
782,13023,13025,2022-03-08 10:04:00,2022-03-08 10:14:00,1,3,-0.0080974877666683594,0,-0.0080974877666683594,0.0080974877666683594,True,False,False,2022-03-08,2022,-1,2022-03-08,40,8
783,13026,13044,2022-03-08 10:19:00,2022-03-08 13:24:00,-1,19,0.0087970011320929985,0.018916337612370427,0,0.010119336480277429,False,False,False,2022-03-08,2022,1,2022-03-08,40,8
784,13045,13054,2022-03-08 13:29:00,2022-03-08 14:14:00,1,10,0.0010323365119029267,0.010971335400844929,-0.0011289819519937965,0.0099389988889420026,False,False,False,2022-03-08,2022,1,2022-03-08,40,8
785,13055,13066,2022-03-08 14:19:00,2022-03-09 09:49:00,-1,12,-0.001585466030175699,0.015060999286435717,-0.001585466030175699,0.016646465316611417,False,True,False,2022-03-09,2022,-1,2022-03-09,41,8
786,13067,13071,2022-03-09 09:54:00,2022-03-09 10:14:00,1,5,-0.016646465316611361,0,-0.016646465316611361,0.016646465316611361,True,False,False,2022-03-09,2022,-1,2022-03-09,41,8
787,13072,13102,2022-03-09 10:19:00,2022-03-09 14:24:00,-1,31,0.011588969357462996,0.034940750705345754,-0.0073579073925246399,0.023351781347882759,False,False,False,2022-03-09,2022,1,2022-03-09,41,8
788,13103,13140,2022-03-09 14:29:00,2022-03-10 13:44:00,1,38,0.026112245627672014,0.038244476336454704,-0.0029071861811135044,0.01213223070878269,False,False,False,2022-03-10,2022,1,2022-03-10,42,8
789,13141,13182,2022-03-10 13:49:00,2022-03-11 13:24:00,-1,42,0.010991038767293255,0.022139701577851074,-0.0040690935327716265,0.011148662810557819,False,False,False,2022-03-11,2022,1,2022-03-11,43,8
790,13183,13204,2022-03-11 13:29:00,2022-03-14 09:49:00,1,22,0.0081066886997698678,0.019104130240692976,-0.0047741180985048839,0.010997441540923109,False,False,False,2022-03-14,2022,1,2022-03-14,44,8
791,13205,13229,2022-03-14 09:54:00,2022-03-14 13:29:00,-1,25,0.0055575328765181597,0.0088174051933016979,-0.0019122459063971732,0.0032598723167835382,False,False,False,2022-03-14,2022,1,2022-03-14,44,8
792,13230,13234,2022-03-14 13:34:00,2022-03-14 13:54:00,1,5,-0.0037954368892584014,0,-0.0037954368892584014,0.0037954368892584014,True,False,False,2022-03-14,2022,-1,2022-03-14,44,8
793,13235,13256,2022-03-14 13:59:00,2022-03-15 10:19:00,-1,22,0.0093880833514814535,0.032942643014524237,0,0.023554559663042783,False,False,False,2022-03-15,2022,1,2022-03-15,45,9
794,13257,13269,2022-03-15 10:24:00,2022-03-15 11:24:00,1,13,0.0031862945600627376,0.010985149302256797,-0.00069170401374501035,0.0077988547421940597,False,False,False,2022-03-15,2022,1,2022-03-15,45,9
795,13270,13318,2022-03-15 11:29:00,2022-03-16 13:14:00,-1,49,0.030150242881651083,0.05265042076483141,-0.00011487092496963362,0.022500177883180327,False,False,False,2022-03-16,2022,1,2022-03-16,46,9
796,13319,13355,2022-03-16 13:19:00,2022-03-17 10:54:00,1,37,0.044155140006612269,0.053142171121408663,-0.0015676698708991671,0.0089870311147963941,False,False,False,2022-03-17,2022,1,2022-03-17,47,9
797,13356,13362,2022-03-17 10:59:00,2022-03-17 11:29:00,-1,7,-0.0062543636815706113,0,-0.0063322962180112049,0.0062543636815706113,True,False,False,2022-03-17,2022,-1,2022-03-17,47,9
798,13363,13370,2022-03-17 13:09:00,2022-03-17 13:44:00,1,8,-0.0012390770029572656,0.006783314610587534,-0.0012390770029572656,0.0080223916135448003,False,True,False,2022-03-17,2022,-1,2022-03-17,47,9
799,13371,13415,2022-03-17 13:49:00,2022-03-18 13:39:00,-1,45,0.018251683445542788,0.024043205425131609,0,0.0057915219795888206,False,False,False,2022-03-18,2022,1,2022-03-18,48,9
800,13416,13450,2022-03-18 13:44:00,2022-03-21 11:09:00,1,35,0.015595062908231242,0.024061179957372215,0,0.008466117049140973,False,False,False,2022-03-21,2022,1,2022-03-21,49,9
801,13451,13465,2022-03-21 11:14:00,2022-03-21 13:59:00,-1,15,-0.00073865836934496705,0.0064100826916088692,-0.0041641062677607995,0.0071487410609538359,False,True,False,2022-03-21,2022,-1,2022-03-21,49,9
802,13466,13480,2022-03-21 14:04:00,2022-03-22 09:49:00,1,15,-0.007402500419691805,0.0020393382258208433,-0.007402500419691805,0.0094418386455126478,False,True,False,2022-03-22,2022,-1,2022-03-22,50,10
803,13481,13503,2022-03-22 09:54:00,2022-03-22 13:19:00,-1,23,0.0036648062199896797,0.0085957392620836966,-0.0029448924813509168,0.0049309330420940168,False,False,False,2022-03-22,2022,1,2022-03-22,50,10
804,13504,13514,2022-03-22 13:24:00,2022-03-22 14:14:00,1,11,-0.0045602684892666074,0.0026754049896464448,-0.0045602684892666074,0.0072356734789130522,False,True,False,2022-03-22,2022,-1,2022-03-22,50,10
805,13515,13529,2022-03-22 14:19:00,2022-03-23 10:04:00,-1,15,-0.0024147789081038506,0.0024736961664856266,-0.0028987953741125764,0.0048884750745894767,False,True,False,2022-03-23,2022,-1,2022-03-23,51,10
806,13530,13547,2022-03-23 10:09:00,2022-03-23 13:09:00,1,18,0.00635273750197159,0.011778431202920721,0,0.0054256937009491309,False,False,False,2022-03-23,2022,1,2022-03-23,51,10
807,13548,13564,2022-03-23 13:14:00,2022-03-23 14:34:00,-1,17,-0.0018962321356394021,0.0023556311765453638,-0.0045118435870894627,0.0042518633121847657,False,True,False,2022-03-23,2022,-1,2022-03-23,51,10
808,13565,13571,2022-03-23 14:39:00,2022-03-24 09:44:00,1,7,-0.015103090820573182,0,-0.015103090820573182,0.015103090820573182,True,False,False,2022-03-24,2022,-1,2022-03-24,52,10
809,13572,13586,2022-03-24 09:49:00,2022-03-24 10:59:00,-1,15,-0.0013551157686142695,0.0042365982339824942,-0.002195604363118709,0.0055917140025967642,False,True,False,2022-03-24,2022,-1,2022-03-24,52,10
810,13587,13614,2022-03-24 11:04:00,2022-03-24 14:54:00,1,28,0.0036311470046955915,0.010512603528870859,-0.00056662241445150472,0.0068814565241752676,False,False,False,2022-03-24,2022,1,2022-03-24,52,10
811,13615,13654,2022-03-24 14:59:00,2022-03-25 14:24:00,-1,40,0.016888883200232876,0.021149295731298891,-0.005952634046492212,0.0042604125310660157,False,False,False,2022-03-25,2022,1,2022-03-25,53,10
812,13655,13658,2022-03-25 14:29:00,2022-03-25 14:44:00,1,4,-0.0043144583078520687,0,-0.0043144583078520687,0.0043144583078520687,True,False,False,2022-03-25,2022,-1,2022-03-25,53,10
813,13659,13681,2022-03-25 14:49:00,2022-03-28 11:14:00,-1,23,0.0097306529645572199,0.016200568629777493,0,0.0064699156652202727,False,False,False,2022-03-28,2022,1,2022-03-28,54,10
814,13682,13685,2022-03-28 11:19:00,2022-03-28 13:09:00,1,4,-0.0069369293956702549,0,-0.0069369293956702549,0.0069369293956702549,True,False,False,2022-03-28,2022,-1,2022-03-28,54,10
815,13686,13708,2022-03-28 13:14:00,2022-03-29 09:39:00,-1,23,-0.0004578586944937789,0.0055199284157921805,-0.0013180659293515044,0.0059777871102859592,False,True,False,2022-03-29,2022,-1,2022-03-29,55,11
816,13709,13717,2022-03-29 09:44:00,2022-03-29 10:24:00,1,9,-0.0030992139239351194,0.0056236853616475693,-0.0030992139239351194,0.0087228992855826887,False,True,False,2022-03-29,2022,-1,2022-03-29,55,11
817,13718,13743,2022-03-29 10:29:00,2022-03-29 14:09:00,-1,26,0.00051440802875985696,0.0073369117891324527,-0.0040783277669389686,0.0068225037603725953,False,False,False,2022-03-29,2022,1,2022-03-29,55,11
818,13744,13746,2022-03-29 14:14:00,2022-03-29 14:24:00,1,3,-0.0056575412587551444,0,-0.0056575412587551444,0.0056575412587551444,True,False,False,2022-03-29,2022,-1,2022-03-29,55,11
819,13747,13756,2022-03-29 14:29:00,2022-03-30 09:49:00,-1,10,-0.0120504411087487,0.0033506140195250088,-0.0120504411087487,0.015401055128273708,False,True,False,2022-03-30,2022,-1,2022-03-30,56,11
820,13757,13772,2022-03-30 09:54:00,2022-03-30 11:09:00,1,16,0.0037816530321313933,0.0080020068169755175,0,0.0042203537848441242,False,False,False,2022-03-30,2022,1,2022-03-30,56,11
821,13773,13778,2022-03-30 11:14:00,2022-03-30 13:14:00,-1,6,-0.0058763953200098272,0,-0.0058763953200098272,0.0058763953200098272,True,False,False,2022-03-30,2022,-1,2022-03-30,56,11
822,13779,13802,2022-03-30 13:19:00,2022-03-31 09:49:00,1,24,-0.0033601908249342475,0.0052036245100608751,-0.0045675421973307333,0.0085638153349951226,False,True,False,2022-03-31,2022,-1,2022-03-31,57,11
823,13803,13836,2022-03-31 09:54:00,2022-03-31 14:14:00,-1,34,0.0085462818361001121,0.013251395968415347,-0.0021025737075891626,0.004705114132315235,False,False,False,2022-03-31,2022,1,2022-03-31,57,11
824,13837,13847,2022-03-31 14:19:00,2022-04-01 09:44:00,1,11,-0.012383403576757606,0,-0.012383403576757606,0.012383403576757606,True,False,False,2022-04-01,2022,-1,2022-04-01,58,11
825,13848,13854,2022-04-01 09:49:00,2022-04-01 10:19:00,-1,7,-0.0069885486216886197,0.0019566665027015346,-0.0069885486216886197,0.0089452151243901538,False,True,False,2022-04-01,2022,-1,2022-04-01,58,11
826,13855,13867,2022-04-01 10:24:00,2022-04-01 11:24:00,1,13,0.0020035298224706918,0.0069035025331893804,0,0.0048999727107186886,False,False,False,2022-04-01,2022,1,2022-04-01,58,11
827,13868,13955,2022-04-01 11:29:00,2022-04-07 11:04:00,-1,88,0.036797217384765511,0.046291383603161637,0,0.0094941662183961259,False,False,False,2022-04-07,2022,1,2022-04-07,60,12
828,13956,13960,2022-04-07 11:09:00,2022-04-07 11:29:00,1,5,-0.0076111436037404889,0,-0.0076111436037404889,0.0076111436037404889,True,False,False,2022-04-07,2022,-1,2022-04-07,60,12
829,13961,13976,2022-04-07 13:09:00,2022-04-07 14:24:00,-1,16,0.00050883501882733662,0.0033265103310173121,-0.0013907741179108165,0.0028176753121899756,False,False,False,2022-04-07,2022,1,2022-04-07,60,12
830,13977,13980,2022-04-07 14:29:00,2022-04-07 14:44:00,1,4,-0.0026443467289101264,0,-0.0026443467289101264,0.0026443467289101264,True,False,False,2022-04-07,2022,-1,2022-04-07,60,12
831,13981,13997,2022-04-07 14:49:00,2022-04-08 10:44:00,-1,17,0.0042068761387505744,0.019179855286160043,-0.0001732985456889232,0.014972979147409467,False,False,False,2022-04-08,2022,1,2022-04-08,61,12
832,13998,14004,2022-04-08 10:49:00,2022-04-08 11:19:00,1,7,-0.0013933238828854641,0.00434166649181684,-0.0021100934140617701,0.0057349903747023045,False,True,False,2022-04-08,2022,-1,2022-04-08,61,12
833,14005,14102,2022-04-08 11:24:00,2022-04-12 13:24:00,-1,98,0.048099065091169443,0.062486624606495955,-0.0015190145775889577,0.014387559515326512,False,False,False,2022-04-12,2022,1,2022-04-12,63,12
834,14103,14124,2022-04-12 13:29:00,2022-04-13 09:49:00,1,22,-0.005266413651088926,0.0097563722212800023,-0.0059305023160033908,0.015022785872368927,False,True,False,2022-04-13,2022,-1,2022-04-13,64,12
835,14125,14134,2022-04-13 09:54:00,2022-04-13 10:39:00,-1,10,0.00065386857528390812,0.0084926200456535931,0,0.0078387514703696856,False,False,False,2022-04-13,2022,1,2022-04-13,64,12
836,14135,14149,2022-04-13 10:44:00,2022-04-13 13:29:00,1,15,-0.0020460993153279118,0.0025415568204512707,-0.0027837211332022477,0.004587656135779182,False,True,False,2022-04-13,2022,-1,2022-04-13,64,12
837,14150,14152,2022-04-13 13:34:00,2022-04-13 13:44:00,-1,3,-0.0033534092011421775,0,-0.004995336845897925,0.0033534092011421775,True,False,False,2022-04-13,2022,-1,2022-04-13,64,12
838,14153,14159,2022-04-13 13:49:00,2022-04-13 14:19:00,1,7,-0.0074890601485540793,0,-0.0074890601485540793,0.0074890601485540793,True,False,False,2022-04-13,2022,-1,2022-04-13,64,12
839,14160,14176,2022-04-13 14:24:00,2022-04-14 10:19:00,-1,17,0.00042170874950633928,0.0066963038926237325,-0.0033877805502468038,0.0062745951431173929,False,False,False,2022-04-14,2022,1,2022-04-14,65,13
840,14177,14180,2022-04-14 10:24:00,2022-04-14 10:39:00,1,4,-0.0088868347568760112,0,-0.0088868347568760112,0.0088868347568760112,True,False,False,2022-04-14,2022,-1,2022-04-14,65,13
841,14181,14195,2022-04-14 10:44:00,2022-04-14 13:29:00,-1,15,-0.0061774899864714232,0.0010488876003813205,-0.0061774899864714232,0.0072263775868527435,False,True,False,2022-04-14,2022,-1,2022-04-14,65,13
842,14196,14212,2022-04-14 13:34:00,2022-04-14 14:54:00,1,17,0.0061088047473175384,0.012812146763968992,0,0.0067033420166514538,False,False,False,2022-04-14,2022,1,2022-04-14,65,13
843,14213,14240,2022-04-14 14:59:00,2022-04-15 13:24:00,-1,28,0.006944722421986258,0.016999333998957231,0,0.010054611576970972,False,False,False,2022-04-15,2022,1,2022-04-15,66,13
844,14241,14256,2022-04-15 13:29:00,2022-04-15 14:44:00,1,16,0.0014237374474953244,0.009903410473312977,0,0.0084796730258176519,False,False,False,2022-04-15,2022,1,2022-04-15,66,13
845,14257,14265,2022-04-15 14:49:00,2022-04-18 10:04:00,-1,9,-0.011776115753910427,0.0035528051829877968,-0.011776115753910427,0.015328920936898225,False,True,False,2022-04-18,2022,-1,2022-04-18,67,13
846,14266,14312,2022-04-18 10:09:00,2022-04-19 10:09:00,1,47,0.019163918824488937,0.027535000549902017,0,0.0083710817254130793,False,False,False,2022-04-19,2022,1,2022-04-19,68,13
847,14313,14333,2022-04-19 10:14:00,2022-04-19 13:29:00,-1,21,0.0055428458463743762,0.0087139521988271948,0,0.0031711063524528186,False,False,False,2022-04-19,2022,1,2022-04-19,68,13
848,14334,14337,2022-04-19 13:34:00,2022-04-19 13:49:00,1,4,-0.0044221785027182027,0.00017085341321262387,-0.0044221785027182027,0.0045930319159308269,False,True,False,2022-04-19,2022,-1,2022-04-19,68,13
849,14338,14370,2022-04-19 13:54:00,2022-04-20 11:09:00,-1,33,0.0017278403773200489,0.0098410014235503079,0,0.0081131610462302599,False,False,False,2022-04-20,2022,1,2022-04-20,69,13
850,14371,14376,2022-04-20 11:14:00,2022-04-20 13:14:00,1,6,-0.0054963580582505795,0,-0.0054963580582505795,0.0054963580582505795,True,False,False,2022-04-20,2022,-1,2022-04-20,69,13
851,14377,14400,2022-04-20 13:19:00,2022-04-21 09:49:00,-1,24,-0.00049814720771482711,0.010364693687760914,-0.00049814720771482711,0.010862840895475741,False,True,False,2022-04-21,2022,-1,2022-04-21,70,14
852,14401,14407,2022-04-21 09:54:00,2022-04-21 10:24:00,1,7,-0.0082257112714852511,0.0044721931965841797,-0.0082257112714852511,0.01269790446806943,False,True,False,2022-04-21,2022,-1,2022-04-21,70,14
853,14408,14424,2022-04-21 10:29:00,2022-04-21 13:24:00,-1,17,-0.0032126076331303326,0.0096484795680645118,-0.0032126076331303326,0.012861087201194844,False,True,False,2022-04-21,2022,-1,2022-04-21,70,14
854,14425,14428,2022-04-21 13:29:00,2022-04-21 13:44:00,1,4,-0.010009374242006141,0,-0.010009374242006141,0.010009374242006141,True,False,False,2022-04-21,2022,-1,2022-04-21,70,14
855,14429,14470,2022-04-21 13:49:00,2022-04-22 13:24:00,-1,42,0.023699523398342213,0.02901727620798553,-0.00016506757491301574,0.0053177528096433162,False,False,False,2022-04-22,2022,1,2022-04-22,71,14
856,14471,14483,2022-04-22 13:29:00,2022-04-22 14:29:00,1,13,-0.0018294203303469191,0.0068647745842549219,-0.0018294203303469191,0.008694194914601841,False,True,False,2022-04-22,2022,-1,2022-04-22,71,14
857,14484,14510,2022-04-22 14:34:00,2022-04-25 11:19:00,-1,27,0.026643359836401183,0.03420489441642563,-0.00061370467918489091,0.0075615345800244468,False,False,False,2022-04-25,2022,1,2022-04-25,72,14
858,14511,14515,2022-04-25 11:24:00,2022-04-25 13:19:00,1,5,-0.0081641125362356161,0.0018245207550500984,-0.0081641125362356161,0.0099886332912857145,False,True,False,2022-04-25,2022,-1,2022-04-25,72,14
859,14516,14531,2022-04-25 13:24:00,2022-04-25 14:39:00,-1,16,0.014538525283396874,0.025225922988834172,-0.00029585636937058029,0.010687397705437298,False,False,False,2022-04-25,2022,1,2022-04-25,72,14
860,14532,14534,2022-04-25 14:44:00,2022-04-25 14:54:00,1,3,-0.012442257767014013,0,-0.012442257767014013,0.012442257767014013,True,False,False,2022-04-25,2022,-1,2022-04-25,72,14
861,14535,14546,2022-04-25 14:59:00,2022-04-26 10:29:00,-1,12,-0.0048744972128468289,0.010514677506271485,-0.0048744972128468289,0.015389174719118314,False,True,False,2022-04-26,2022,-1,2022-04-26,73,14
862,14547,14554,2022-04-26 10:34:00,2022-04-26 11:09:00,1,8,-0.00065005662264703363,0.009955655621906763,-0.00065005662264703363,0.010605712244553797,False,True,False,2022-04-26,2022,-1,2022-04-26,73,14
863,14555,14598,2022-04-26 11:14:00,2022-04-27 10:59:00,-1,44,0.032022875558501973,0.043865877692168077,-0.0036259496282587621,0.011843002133666104,False,False,False,2022-04-27,2022,1,2022-04-27,74,14
864,14599,14630,2022-04-27 11:04:00,2022-04-28 09:49:00,1,32,0.033423334017325876,0.051881778687171899,0,0.018458444669846023,False,False,False,2022-04-28,2022,1,2022-04-28,75,15
865,14631,14637,2022-04-28 09:54:00,2022-04-28 10:24:00,-1,7,-0.012516643440899256,0.0073264517034149481,-0.012516643440899256,0.019843095144314205,False,True,False,2022-04-28,2022,-1,2022-04-28,75,15
866,14638,14651,2022-04-28 10:29:00,2022-04-28 13:09:00,1,14,-0.008104041954894968,0.0033445400979643077,-0.008104041954894968,0.011448582052859275,False,True,False,2022-04-28,2022,-1,2022-04-28,75,15
867,14652,14661,2022-04-28 13:14:00,2022-04-28 13:59:00,-1,10,-0.0037604485642891436,0.0087098227631244654,-0.0037604485642891436,0.012470271327413608,False,True,False,2022-04-28,2022,-1,2022-04-28,75,15
868,14662,14755,2022-04-28 14:04:00,2022-05-05 14:09:00,1,94,0.063637941393628827,0.06947691902187611,-0.0017004633135417977,0.0058389776282472827,False,False,False,2022-05-05,2022,1,2022-05-05,77,15
869,14756,14777,2022-05-05 14:14:00,2022-05-06 10:34:00,-1,22,0.0088544316586826859,0.024823913606476206,-0.0008228438571311824,0.015969481947793518,False,False,False,2022-05-06,2022,1,2022-05-06,78,15
870,14778,14788,2022-05-06 10:39:00,2022-05-06 11:29:00,1,11,-1.0512759862447442e-05,0.0080934799111249782,-1.0512759862447442e-05,0.0081039926709874262,False,True,False,2022-05-06,2022,-1,2022-05-06,78,15
871,14789,14816,2022-05-06 13:09:00,2022-05-09 09:59:00,-1,28,0.00038904982957234466,0.013132255411682517,0,0.012743205582110173,False,False,False,2022-05-09,2022,1,2022-05-09,79,15
872,14817,14824,2022-05-09 10:04:00,2022-05-09 10:39:00,1,8,-0.0056953167710563409,0.0015552919832438924,-0.0056953167710563409,0.0072506087543002338,False,True,False,2022-05-09,2022,-1,2022-05-09,79,15
873,14825,14832,2022-05-09 10:44:00,2022-05-09 11:19:00,-1,8,-0.0052955944675411853,0,-0.0068830215400955807,0.0052955944675411853,True,False,False,2022-05-09,2022,-1,2022-05-09,79,15
874,14833,14839,2022-05-09 11:24:00,2022-05-09 13:29:00,1,7,-0.0058351656802257124,0,-0.0058351656802257124,0.0058351656802257124,True,False,False,2022-05-09,2022,-1,2022-05-09,79,15
875,14840,14852,2022-05-09 13:34:00,2022-05-09 14:34:00,-1,13,-0.0021776597715340504,0.0030100073599220616,-0.0021776597715340504,0.0051876671314561116,False,True,False,2022-05-09,2022,-1,2022-05-09,79,15
876,14853,14880,2022-05-09 14:39:00,2022-05-10 11:29:00,1,28,0.026879418025824567,0.035252978811623245,-0.0091547656673045923,0.0083735607857986782,False,False,False,2022-05-10,2022,1,2022-05-10,80,16
877,14881,14905,2022-05-10 13:09:00,2022-05-11 09:44:00,-1,25,-0.012757502871883689,0.0030370908476017818,-0.012757502871883689,0.01579459371948547,False,True,False,2022-05-11,2022,-1,2022-05-11,81,16
878,14906,14937,2022-05-11 09:49:00,2022-05-11 13:59:00,1,32,0.034200234682044098,0.040223819120077109,0,0.0060235844380330111,False,False,False,2022-05-11,2022,1,2022-05-11,81,16
879,14938,14954,2022-05-11 14:04:00,2022-05-12 09:59:00,-1,17,0.011264001681745527,0.019290973833450083,0,0.0080269721517045554,False,False,False,2022-05-12,2022,1,2022-05-12,82,16
880,14955,14977,2022-05-12 10:04:00,2022-05-12 13:29:00,1,23,0.0034063823326955646,0.012773302789555178,-0.0045832191538089017,0.0093669204568596134,False,False,False,2022-05-12,2022,1,2022-05-12,82,16
881,14978,14989,2022-05-12 13:34:00,2022-05-12 14:29:00,-1,12,0.0013057285742252051,0.0082487179009854486,-0.0014915866428519434,0.006942989326760244,False,False,False,2022-05-12,2022,1,2022-05-12,82,16
882,14990,14998,2022-05-12 14:34:00,2022-05-13 09:49:00,1,9,-0.0058272735591244698,0.0023332849579277984,-0.0069230549109872775,0.0081605585170522674,False,True,False,2022-05-13,2022,-1,2022-05-13,83,16
883,14999,15001,2022-05-13 09:54:00,2022-05-13 10:04:00,-1,3,-0.01036032364461502,0,-0.01036032364461502,0.01036032364461502,True,False,False,2022-05-13,2022,-1,2022-05-13,83,16
884,15002,15006,2022-05-13 10:09:00,2022-05-13 10:29:00,1,5,-0.008957484905145089,0.0036588285368412605,-0.008957484905145089,0.012616313441986349,False,True,False,2022-05-13,2022,-1,2022-05-13,83,16
885,15007,15021,2022-05-13 10:34:00,2022-05-13 13:19:00,-1,15,-0.003107087745956669,0.0025683922851484284,-0.0035530009588171604,0.0056754800311050978,False,True,False,2022-05-13,2022,-1,2022-05-13,83,16
886,15022,15048,2022-05-13 13:24:00,2022-05-16 10:09:00,1,27,-0.00034695890867654944,0.013105805475895157,-0.0027293541430557767,0.013452764384571707,False,True,False,2022-05-16,2022,-1,2022-05-16,84,16
887,15049,15093,2022-05-16 10:14:00,2022-05-17 10:04:00,-1,45,0.0016472179639429835,0.01489337162424146,-0.0024162973105436784,0.013246153660298476,False,False,False,2022-05-17,2022,1,2022-05-17,85,17
888,15094,15099,2022-05-17 10:09:00,2022-05-17 10:34:00,1,6,-0.011335894993485191,0,-0.011335894993485191,0.011335894993485191,True,False,False,2022-05-17,2022,-1,2022-05-17,85,17
889,15100,15104,2022-05-17 10:39:00,2022-05-17 10:59:00,-1,5,-0.0071859952731027719,0,-0.0071859952731027719,0.0071859952731027719,True,False,False,2022-05-17,2022,-1,2022-05-17,85,17
890,15105,15146,2022-05-17 11:04:00,2022-05-18 10:39:00,1,42,0.0089450741139233958,0.019240099678178517,0,0.010295025564255121,False,False,False,2022-05-18,2022,1,2022-05-18,86,17
891,15147,15155,2022-05-18 10:44:00,2022-05-18 11:24:00,-1,9,-0.0044476294317296544,0,-0.0056375379688485142,0.0044476294317296544,True,False,False,2022-05-18,2022,-1,2022-05-18,86,17
892,15156,15161,2022-05-18 11:29:00,2022-05-18 13:29:00,1,6,-0.0035387450246957947,0,-0.004032601460793055,0.0035387450246957947,True,False,False,2022-05-18,2022,-1,2022-05-18,86,17
893,15162,15167,2022-05-18 13:34:00,2022-05-18 13:59:00,-1,6,-0.0032435072084919777,0.00025677490857697069,-0.0051020518838953664,0.0035002821170689482,False,True,False,2022-05-18,2022,-1,2022-05-18,86,17
894,15168,15179,2022-05-18 14:04:00,2022-05-18 14:59:00,1,12,-0.0012705167984241495,0.00303678275686327,-0.001457783639434941,0.004307299555287419,False,True,False,2022-05-18,2022,-1,2022-05-18,86,17
895,15180,15183,2022-05-19 09:39:00,2022-05-19 09:54:00,-1,4,-0.0034335726620551093,0.0050289343199314404,-0.0067770899965873136,0.0084625069819865492,False,True,False,2022-05-19,2022,-1,2022-05-19,87,17
896,15184,15185,2022-05-19 09:59:00,2022-05-19 10:04:00,1,2,-0.0079475841100145102,0,-0.0079475841100145102,0.0079475841100145102,True,False,False,2022-05-19,2022,-1,2022-05-19,87,17
897,15186,15196,2022-05-19 10:09:00,2022-05-19 10:59:00,-1,11,-0.0072696745997060698,0.00072294767720368618,-0.0072696745997060698,0.0079926222769097569,False,True,False,2022-05-19,2022,-1,2022-05-19,87,17
898,15197,15232,2022-05-19 11:04:00,2022-05-20 10:09:00,1,36,0.018366114344286224,0.027921321128374511,0,0.0095552067840882875,False,False,False,2022-05-20,2022,1,2022-05-20,88,17
899,15233,15245,2022-05-20 10:14:00,2022-05-20 11:14:00,-1,13,0.0022121231387412289,0.006534547320996769,0,0.0043224241822555406,False,False,False,2022-05-20,2022,1,2022-05-20,88,17
900,15246,15274,2022-05-20 11:19:00,2022-05-23 09:49:00,1,29,0.010686750129713304,0.011834230103006733,-0.0014710154592976726,0.0011474799732934284,False,False,False,2022-05-23,2022,1,2022-05-23,89,17
901,15275,15296,2022-05-23 09:54:00,2022-05-23 13:14:00,-1,22,0.0052184875489906576,0.010106681278613177,0,0.0048881937296225194,False,False,False,2022-05-23,2022,1,2022-05-23,89,17
902,15297,15319,2022-05-23 13:19:00,2022-05-24 09:44:00,1,23,-0.0026002056291921341,0.0098291001066739842,-0.0029281187544418661,0.012429305735866118,False,True,False,2022-05-24,2022,-1,2022-05-24,90,18
903,15320,15369,2022-05-24 09:49:00,2022-05-25 10:04:00,-1,50,0.028888843594865068,0.038092356611714256,-0.0016668356630912583,0.0092035130168491887,False,False,False,2022-05-25,2022,1,2022-05-25,91,18
904,15370,15373,2022-05-25 10:09:00,2022-05-25 10:24:00,1,4,-0.0095140984729257146,0,-0.0095140984729257146,0.0095140984729257146,True,False,False,2022-05-25,2022,-1,2022-05-25,91,18
905,15374,15384,2022-05-25 10:29:00,2022-05-25 11:19:00,-1,11,-0.0047085255162673716,0.0058590482620324985,-0.0047085255162673716,0.010567573778299869,False,True,False,2022-05-25,2022,-1,2022-05-25,91,18
906,15385,15394,2022-05-25 11:24:00,2022-05-25 13:44:00,1,10,-0.0014871375348495396,0.0034746628747203707,-0.0021065986235285707,0.0049618004095699098,False,True,False,2022-05-25,2022,-1,2022-05-25,91,18
907,15395,15399,2022-05-25 13:49:00,2022-05-25 14:09:00,-1,5,-0.0052599192817086348,0,-0.0052599192817086348,0.0052599192817086348,True,False,False,2022-05-25,2022,-1,2022-05-25,91,18
908,15400,15412,2022-05-25 14:14:00,2022-05-26 09:49:00,1,13,-0.01058781715523523,0,-0.01058781715523523,0.01058781715523523,True,False,False,2022-05-26,2022,-1,2022-05-26,92,18
909,15413,15419,2022-05-26 09:54:00,2022-05-26 10:24:00,-1,7,-0.0021165302836055298,0.0090379682778419825,-0.0021165302836055298,0.011154498561447512,False,True,False,2022-05-26,2022,-1,2022-05-26,92,18
910,15420,15443,2022-05-26 10:29:00,2022-05-26 13:59:00,1,24,0.0071191022912850347,0.016161767148535122,0,0.0090426648572500875,False,False,False,2022-05-26,2022,1,2022-05-26,92,18
911,15444,15457,2022-05-26 14:04:00,2022-05-27 09:44:00,-1,14,-0.0052196639400819275,0.0034084486700020344,-0.0065746978007145285,0.0086281126100839628,False,True,False,2022-05-27,2022,-1,2022-05-27,93,18
912,15458,15463,2022-05-27 09:49:00,2022-05-27 10:14:00,1,6,-0.0067629893652741144,0.0034482622436967578,-0.0067629893652741144,0.010211251608970871,False,True,False,2022-05-27,2022,-1,2022-05-27,93,18
913,15464,15481,2022-05-27 10:19:00,2022-05-27 13:19:00,-1,18,0.0030038593708980135,0.0095517256373599101,-0.00058774015608385082,0.0065478662664618971,False,False,False,2022-05-27,2022,1,2022-05-27,93,18
914,15482,15485,2022-05-27 13:24:00,2022-05-27 13:39:00,1,4,-0.0053715079146478316,0.0012385634249445453,-0.0053715079146478316,0.0066100713395923771,False,True,False,2022-05-27,2022,-1,2022-05-27,93,18
915,15486,15502,2022-05-27 13:44:00,2022-05-30 09:39:00,-1,17,0.0092469869473780497,0.0092469869473780497,0,0,False,False,False,2022-05-30,2022,1,2022-05-30,94,18
916,15503,15506,2022-05-30 09:44:00,2022-05-30 09:59:00,1,4,0.00019267529708787276,0.0092369384634431208,0,0.0090442631663552476,False,False,False,2022-05-30,2022,1,2022-05-30,94,18
917,15507,15511,2022-05-30 10:04:00,2022-05-30 10:24:00,-1,5,-0.0081797155925502647,0,-0.0081797155925502647,0.0081797155925502647,True,False,False,2022-05-30,2022,-1,2022-05-30,94,18
918,15512,15536,2022-05-30 10:29:00,2022-05-30 14:04:00,1,25,0.0039446991002601581,0.011310516439752786,0,0.0073658173394926278,False,False,False,2022-05-30,2022,1,2022-05-30,94,18
919,15537,15543,2022-05-30 14:09:00,2022-05-30 14:39:00,-1,7,-0.0035000385733802712,0.001674345316239944,-0.0035000385733802712,0.0051743838896202154,False,True,False,2022-05-30,2022,-1,2022-05-30,94,18
920,15544,15551,2022-05-30 14:44:00,2022-05-31 09:54:00,1,8,-0.0034098839581541713,0.00086811191123052644,-0.0049636833094141488,0.0042779958693846976,False,True,False,2022-05-31,2022,-1,2022-05-31,95,19
921,15552,15558,2022-05-31 09:59:00,2022-05-31 10:29:00,-1,7,-0.0054343073649626488,0.0063809371863936953,-0.0054343073649626488,0.011815244551356345,False,True,False,2022-05-31,2022,-1,2022-05-31,95,19
922,15559,15601,2022-05-31 10:34:00,2022-06-01 10:14:00,1,43,0.022684258654320288,0.029352664850679309,-0.0021741740722306226,0.006668406196359021,False,False,False,2022-06-01,2022,1,2022-06-01,96,19
923,15602,15604,2022-06-01 10:19:00,2022-06-01 10:29:00,-1,3,-0.0074227144927669908,0,-0.0074227144927669908,0.0074227144927669908,True,False,False,2022-06-01,2022,-1,2022-06-01,96,19
924,15605,15613,2022-06-01 10:34:00,2022-06-01 11:14:00,1,9,-0.0052144027585643198,0.0018446893163782227,-0.0052144027585643198,0.0070590920749425429,False,True,False,2022-06-01,2022,-1,2022-06-01,96,19
925,15614,15617,2022-06-01 11:19:00,2022-06-01 13:09:00,-1,4,-0.0044891168432510398,0.00046654938979887864,-0.0058039143025196936,0.0049556662330499188,False,True,False,2022-06-01,2022,-1,2022-06-01,96,19
926,15618,15623,2022-06-01 13:14:00,2022-06-01 13:39:00,1,6,-0.0048681716406458238,0.0030523167195161184,-0.0048681716406458238,0.0079204883601619418,False,True,False,2022-06-01,2022,-1,2022-06-01,96,19
927,15624,15637,2022-06-01 13:44:00,2022-06-01 14:49:00,-1,14,-0.0018259168647872782,0.0024624920586764076,-0.0018259168647872782,0.0042884089234636862,False,True,False,2022-06-01,2022,-1,2022-06-01,96,19
928,15638,15658,2022-06-01 14:54:00,2022-06-02 11:09:00,1,21,0.01716284865067073,0.02136993455251851,-0.0028666261972008149,0.0042070859018477798,False,False,False,2022-06-02,2022,1,2022-06-02,97,19
929,15659,15664,2022-06-02 11:14:00,2022-06-02 13:14:00,-1,6,-0.0070146377792185983,0.002636054323909526,-0.0074029008749544722,0.0096506921031281247,False,True,False,2022-06-02,2022,-1,2022-06-02,97,19
930,15665,15715,2022-06-02 13:19:00,2022-06-06 13:39:00,1,51,0.057181040351749125,0.067335851430226579,0,0.010154811078477453,False,False,False,2022-06-06,2022,1,2022-06-06,98,19
931,15716,15732,2022-06-06 13:44:00,2022-06-07 09:39:00,-1,17,-0.0030367740667717512,0.0020057492912415337,-0.0035717193813714944,0.005042523358013285,False,True,False,2022-06-07,2022,-1,2022-06-07,99,19
932,15733,15738,2022-06-07 09:44:00,2022-06-07 10:09:00,1,6,-0.0070702664398032463,0,-0.0075463948956760269,0.0070702664398032463,True,False,False,2022-06-07,2022,-1,2022-06-07,99,19
933,15739,15751,2022-06-07 10:14:00,2022-06-07 11:14:00,-1,13,0.0004581572278086676,0.0065056996440790724,0,0.0060475424162704048,False,False,False,2022-06-07,2022,1,2022-06-07,99,19
934,15752,15758,2022-06-07 11:19:00,2022-06-07 13:24:00,1,7,-0.001411724741367956,0.0036056761131397531,-0.0029065471718991995,0.0050174008545077094,False,True,False,2022-06-07,2022,-1,2022-06-07,99,19
935,15759,15772,2022-06-07 13:29:00,2022-06-07 14:34:00,-1,14,-0.00080052173104182083,0.0053321430045150144,-0.00080052173104182083,0.0061326647355568354,False,True,False,2022-06-07,2022,-1,2022-06-07,99,19
936,15773,15793,2022-06-07 14:39:00,2022-06-08 10:54:00,1,21,0.00085378298429348784,0.010802601786661007,-0.0058341802206167501,0.0099488188023675195,False,False,False,2022-06-08,2022,1,2022-06-08,100,20
937,15794,15809,2022-06-08 10:59:00,2022-06-08 13:49:00,-1,16,0.0095951921113526673,0.017745938696606144,-6.2881499834234857e-05,0.0081507465852534763,False,False,False,2022-06-08,2022,1,2022-06-08,100,20
938,15810,15826,2022-06-08 13:54:00,2022-06-09 09:49:00,1,17,-0.0010980685081973638,0.0092717390676247784,-0.0019065090342044507,0.010369807575822142,False,True,False,2022-06-09,2022,-1,2022-06-09,101,20
939,15827,15861,2022-06-09 09:54:00,2022-06-09 14:19:00,-1,35,0.016617381157174371,0.023993248547434908,-0.0013610629278832708,0.0073758673902605369,False,False,False,2022-06-09,2022,1,2022-06-09,101,20
940,15862,15871,2022-06-09 14:24:00,2022-06-10 09:44:00,1,10,-0.0087346517666926499,0,-0.0087346517666926499,0.0087346517666926499,True,False,False,2022-06-10,2022,-1,2022-06-10,102,20
941,15872,15875,2022-06-10 09:49:00,2022-06-10 10:04:00,-1,4,-0.0067200312292791066,0,-0.0074135926950650022,0.0067200312292791066,True,False,False,2022-06-10,2022,-1,2022-06-10,102,20
942,15876,15895,2022-06-10 10:09:00,2022-06-10 13:19:00,1,20,0.008291157583980812,0.014118184138526755,0,0.0058270265545459429,False,False,False,2022-06-10,2022,1,2022-06-10,102,20
943,15896,15901,2022-06-10 13:24:00,2022-06-10 13:49:00,-1,6,-0.0076040433661597254,0,-0.0076040433661597254,0.0076040433661597254,True,False,False,2022-06-10,2022,-1,2022-06-10,102,20
944,15902,15917,2022-06-10 13:54:00,2022-06-13 09:44:00,1,16,-0.012505946342448643,0.0043335929836410816,-0.012505946342448643,0.016839539326089725,False,True,False,2022-06-13,2022,-1,2022-06-13,103,20
945,15918,15930,2022-06-13 09:49:00,2022-06-13 10:49:00,-1,13,-0.0044247249247648252,0.0027511603607948726,-0.0082540763249821531,0.0071758852855596973,False,True,False,2022-06-13,2022,-1,2022-06-13,103,20
946,15931,15939,2022-06-13 10:54:00,2022-06-13 13:09:00,1,9,-0.0017730582542431282,0.0030884446245302813,-0.0021225285344329999,0.0048615028787734093,False,True,False,2022-06-13,2022,-1,2022-06-13,103,20
947,15940,15958,2022-06-13 13:14:00,2022-06-13 14:44:00,-1,19,-0.001974969065417333,0.005837426720991884,-0.0040651022013903984,0.007812395786409217,False,True,False,2022-06-13,2022,-1,2022-06-13,103,20
948,15959,15963,2022-06-13 14:49:00,2022-06-14 09:44:00,1,5,-0.019571764711427783,0.00066968486033628348,-0.019571764711427783,0.020241449571764068,False,True,False,2022-06-14,2022,-1,2022-06-14,104,20
949,15964,15987,2022-06-14 09:49:00,2022-06-14 13:19:00,-1,24,0.016978753167306546,0.026735021430921178,0,0.0097562682636146321,False,False,False,2022-06-14,2022,1,2022-06-14,104,20
950,15988,16013,2022-06-14 13:24:00,2022-06-15 10:04:00,1,26,0.015517805164433443,0.032163557660166681,-0.0022298040532341534,0.016645752495733239,False,False,False,2022-06-15,2022,1,2022-06-15,105,21
951,16014,16028,2022-06-15 10:09:00,2022-06-15 11:19:00,-1,15,-0.0061011975841765102,0.005224397359962097,-0.0061011975841765102,0.011325594944138607,False,True,False,2022-06-15,2022,-1,2022-06-15,105,21
952,16029,16044,2022-06-15 11:24:00,2022-06-15 14:14:00,1,16,0.0012660232740218094,0.010682803122614409,-0.0020513784059813895,0.0094167798485925991,False,False,False,2022-06-15,2022,1,2022-06-15,105,21
953,16045,16056,2022-06-15 14:19:00,2022-06-16 09:49:00,-1,12,-0.0045759448683580584,0.0094311663522096689,-0.0052517425435981658,0.014007111220567726,False,True,False,2022-06-16,2022,-1,2022-06-16,106,21
954,16057,16066,2022-06-16 09:54:00,2022-06-16 10:39:00,1,10,-0.0027077670061760903,0.0072065234906153481,-0.0027077670061760903,0.0099142904967914388,False,True,False,2022-06-16,2022,-1,2022-06-16,106,21
955,16067,16070,2022-06-16 10:44:00,2022-06-16 10:59:00,-1,4,-0.0099234845886678885,0,-0.0099234845886678885,0.0099234845886678885,True,False,False,2022-06-16,2022,-1,2022-06-16,106,21
956,16071,16086,2022-06-16 11:04:00,2022-06-16 13:54:00,1,16,-0.0052543884312256555,0.0058395263318275371,-0.0052543884312256555,0.011093914763053193,False,True,False,2022-06-16,2022,-1,2022-06-16,106,21
957,16087,16102,2022-06-16 13:59:00,2022-06-17 09:49:00,-1,16,-0.0039019490043436605,0.008315747515663675,-0.0039019490043436605,0.012217696520007336,False,True,False,2022-06-17,2022,-1,2022-06-17,107,21
958,16103,16110,2022-06-17 09:54:00,2022-06-17 10:29:00,1,8,-0.0056040140937119471,0.0035657541939417901,-0.0056040140937119471,0.0091697682876537377,False,True,False,2022-06-17,2022,-1,2022-06-17,107,21
959,16111,16122,2022-06-17 10:34:00,2022-06-17 11:29:00,-1,12,0.00042596931812981459,0.012999358374268041,-0.0031982279884122718,0.012573389056138227,False,False,False,2022-06-17,2022,1,2022-06-17,107,21
960,16123,16152,2022-06-17 13:09:00,2022-06-20 10:09:00,1,30,0.0076582062953029226,0.023805309307918673,0,0.016147103012615752,False,False,False,2022-06-20,2022,1,2022-06-20,108,21
961,16153,16160,2022-06-20 10:14:00,2022-06-20 10:49:00,-1,8,-0.012795104077643856,0,-0.012795104077643856,0.012795104077643856,True,False,False,2022-06-20,2022,-1,2022-06-20,108,21
962,16161,16169,2022-06-20 10:54:00,2022-06-20 13:09:00,1,9,-0.0013166917529577251,0.0051592228990653835,-0.0013166917529577251,0.0064759146520231084,False,True,False,2022-06-20,2022,-1,2022-06-20,108,21
963,16170,16198,2022-06-20 13:14:00,2022-06-21 10:09:00,-1,29,0.0034132987824223018,0.014838955383356682,0,0.011425656600934381,False,False,False,2022-06-21,2022,1,2022-06-21,109,21
964,16199,16202,2022-06-21 10:14:00,2022-06-21 10:29:00,1,4,-0.010817159753717949,0,-0.010817159753717949,0.010817159753717949,True,False,False,2022-06-21,2022,-1,2022-06-21,109,21
965,16203,16213,2022-06-21 10:34:00,2022-06-21 11:24:00,-1,11,-0.004451032279781577,0.0050543658678506645,-0.004451032279781577,0.0095053981476322415,False,True,False,2022-06-21,2022,-1,2022-06-21,109,21
966,16214,16220,2022-06-21 11:29:00,2022-06-21 13:34:00,1,7,-0.0030694603840877108,0.0074687588648400961,-0.0035297722995640156,0.010538219248927807,False,True,False,2022-06-21,2022,-1,2022-06-21,109,21
967,16221,16234,2022-06-21 13:39:00,2022-06-21 14:44:00,-1,14,0.0022667806691151365,0.011841908628856205,-0.00011964639901601798,0.0095751279597410689,False,False,False,2022-06-21,2022,1,2022-06-21,109,21
968,16235,16253,2022-06-21 14:49:00,2022-06-22 10:54:00,1,19,-0.0027250867875701604,0.0046937208835021614,-0.0046417096746967619,0.0074188076710723222,False,True,False,2022-06-22,2022,-1,2022-06-22,110,22
969,16254,16267,2022-06-22 10:59:00,2022-06-22 13:39:00,-1,14,0.00029604959046832067,0.0068407274535290021,0,0.0065446778630606816,False,False,False,2022-06-22,2022,1,2022-06-22,110,22
970,16268,16274,2022-06-22 13:44:00,2022-06-22 14:14:00,1,7,-0.0051393009023679662,0,-0.0051393009023679662,0.0051393009023679662,True,False,False,2022-06-22,2022,-1,2022-06-22,110,22
971,16275,16286,2022-06-22 14:19:00,2022-06-23 09:49:00,-1,12,0.0014798891388113303,0.0098230138095172365,0,0.0083431246707059061,False,False,False,2022-06-23,2022,1,2022-06-23,111,22
972,16287,16290,2022-06-23 09:54:00,2022-06-23 10:09:00,1,4,-0.0099034806731891321,0,-0.0099034806731891321,0.0099034806731891321,True,False,False,2022-06-23,2022,-1,2022-06-23,111,22
973,16291,16299,2022-06-23 10:14:00,2022-06-23 10:54:00,-1,9,-0.0026680461127382088,0.0074782940791335937,-0.0026680461127382088,0.010146340191871803,False,True,False,2022-06-23,2022,-1,2022-06-23,111,22
974,16300,16349,2022-06-23 10:59:00,2022-06-24 11:14:00,1,50,0.033407936289634038,0.037609318782652133,-0.003420895211470109,0.0042013824930180951,False,False,False,2022-06-24,2022,1,2022-06-24,112,22
975,16350,16363,2022-06-24 11:19:00,2022-06-24 13:59:00,-1,14,0.0030443360283813393,0.0099579528334344906,-0.0020485680789383339,0.0069136168050531518,False,False,False,2022-06-24,2022,1,2022-06-24,112,22
976,16364,16384,2022-06-24 14:04:00,2022-06-27 10:19:00,1,21,0.0070017246109998384,0.019762830111905421,-0.0015302082429165811,0.012761105500905583,False,False,False,2022-06-27,2022,1,2022-06-27,113,22
977,16385,16388,2022-06-27 10:24:00,2022-06-27 10:39:00,-1,4,-0.0081998290234344302,0,-0.0081998290234344302,0.0081998290234344302,True,False,False,2022-06-27,2022,-1,2022-06-27,113,22
978,16389,16395,2022-06-27 10:44:00,2022-06-27 11:14:00,1,7,-0.0049784878032339986,1.7928054716943387e-05,-0.0057084707576543214,0.0049964158579509418,False,True,False,2022-06-27,2022,-1,2022-06-27,113,22
979,16396,16435,2022-06-27 11:19:00,2022-06-28 10:44:00,-1,40,0.014464205711138657,0.021757113491607111,-0.0021328205852318288,0.0072929077804684533,False,False,False,2022-06-28,2022,1,2022-06-28,114,22
980,16436,16471,2022-06-28 10:49:00,2022-06-29 09:54:00,1,36,0.01514864377820338,0.024441116768603041,0,0.0092924729903996611,False,False,False,2022-06-29,2022,1,2022-06-29,115,23
981,16472,16482,2022-06-29 09:59:00,2022-06-29 10:49:00,-1,11,-0.0076767546486465645,0.0068746177383651099,-0.0076767546486465645,0.014551372387011674,False,True,False,2022-06-29,2022,-1,2022-06-29,115,23
982,16483,16487,2022-06-29 10:54:00,2022-06-29 11:14:00,1,5,-0.0091542856392733945,0,-0.0091542856392733945,0.0091542856392733945,True,False,False,2022-06-29,2022,-1,2022-06-29,115,23
983,16488,16516,2022-06-29 11:19:00,2022-06-30 09:49:00,-1,29,0.0084747804547180196,0.017719219280050658,-0.0015135410734542897,0.009244438825332638,False,False,False,2022-06-30,2022,1,2022-06-30,116,23
984,16517,16522,2022-06-30 09:54:00,2022-06-30 10:19:00,1,6,-0.0061839506072562302,0.002306889901852792,-0.0072000201535461225,0.0084908405091090218,False,True,False,2022-06-30,2022,-1,2022-06-30,116,23
985,16523,16526,2022-06-30 10:24:00,2022-06-30 10:39:00,-1,4,-0.0081914270849851849,0.0018956657217832039,-0.0081914270849851849,0.010087092806768389,False,True,False,2022-06-30,2022,-1,2022-06-30,116,23
986,16527,16543,2022-06-30 10:44:00,2022-06-30 13:39:00,1,17,0.0049785572716299735,0.012973671514268304,-0.0011167859519592128,0.0079951142426383306,False,False,False,2022-06-30,2022,1,2022-06-30,116,23
987,16544,16568,2022-06-30 13:44:00,2022-07-01 10:19:00,-1,25,0.0046519288901635579,0.011186591191210916,-0.0040280304073727364,0.0065346623010473582,False,False,False,2022-07-01,2022,1,2022-07-01,117,23
988,16569,16572,2022-07-01 10:24:00,2022-07-01 10:39:00,1,4,-0.004773929819544589,0,-0.0056949627181067646,0.004773929819544589,True,False,False,2022-07-01,2022,-1,2022-07-01,117,23
989,16573,16598,2022-07-01 10:44:00,2022-07-01 14:24:00,-1,26,0.0052365470796716714,0.0088348289290754549,-0.0022579538700767858,0.0035982818494037835,False,False,False,2022-07-01,2022,1,2022-07-01,117,23
990,16599,16603,2022-07-01 14:29:00,2022-07-01 14:49:00,1,5,-0.0018250606922987482,0,-0.004039778899464724,0.0018250606922987482,True,False,False,2022-07-01,2022,-1,2022-07-01,117,23
991,16604,16613,2022-07-01 14:54:00,2022-07-04 10:14:00,-1,10,0.0021043256695894566,0.010584746008474992,-0.0014126498702924548,0.0084804203388855366,False,False,False,2022-07-04,2022,1,2022-07-04,118,23
992,16614,16647,2022-07-04 10:19:00,2022-07-04 14:39:00,1,34,0.0053303123007424876,0.0098128848197609544,-0.0038340707422352092,0.0044825725190184669,False,False,False,2022-07-04,2022,1,2022-07-04,118,23
993,16648,16653,2022-07-04 14:44:00,2022-07-05 09:44:00,-1,6,-0.0090992935831998596,0,-0.0090992935831998596,0.0090992935831998596,True,False,False,2022-07-05,2022,-1,2022-07-05,119,23
994,16654,16658,2022-07-05 09:49:00,2022-07-05 10:09:00,1,5,-0.011380234979115899,0,-0.011380234979115899,0.011380234979115899,True,False,False,2022-07-05,2022,-1,2022-07-05,119,23
995,16659,16675,2022-07-05 10:14:00,2022-07-05 13:09:00,-1,17,-0.00066008418469772848,0.0097594117255453416,-0.0045201745947967258,0.010419495910243069,False,True,False,2022-07-05,2022,-1,2022-07-05,119,23
996,16676,16681,2022-07-05 13:14:00,2022-07-05 13:39:00,1,6,-0.0079776277786427,0,-0.0079776277786427,0.0079776277786427,True,False,False,2022-07-05,2022,-1,2022-07-05,119,23
997,16682,16693,2022-07-05 13:44:00,2022-07-05 14:39:00,-1,12,-0.0022515881356386289,0.0041751394887505058,-0.0022515881356386289,0.0064267276243891343,False,True,False,2022-07-05,2022,-1,2022-07-05,119,23
998,16694,16716,2022-07-05 14:44:00,2022-07-06 11:09:00,1,23,0.017388723201301397,0.026011410137177268,0,0.0086226869358758708,False,False,False,2022-07-06,2022,1,2022-07-06,120,24
999,16717,16742,2022-07-06 11:14:00,2022-07-06 14:54:00,-1,26,0.0035299972680222502,0.010984717430634228,-0.0039868604116418543,0.0074547201626119775,False,False,False,2022-07-06,2022,1,2022-07-06,120,24
1000,16743,16747,2022-07-06 14:59:00,2022-07-07 09:54:00,1,5,-0.010904296515178116,0.00062705327917847897,-0.010904296515178116,0.011531349794356596,False,True,False,2022-07-07,2022,-1,2022-07-07,121,24
1001,16748,16752,2022-07-07 09:59:00,2022-07-07 10:19:00,-1,5,-0.0090298817208279893,0,-0.010331426009161392,0.0090298817208279893,True,False,False,2022-07-07,2022,-1,2022-07-07,121,24
1002,16753,16796,2022-07-07 10:24:00,2022-07-08 10:09:00,1,44,0.0077026396392742029,0.015462991158193226,0,0.0077603515189190236,False,False,False,2022-07-08,2022,1,2022-07-08,122,24
1003,16797,16801,2022-07-08 10:14:00,2022-07-08 10:34:00,-1,5,-0.0085044091773716184,0.00304130431110764,-0.0085044091773716184,0.011545713488479258,False,True,False,2022-07-08,2022,-1,2022-07-08,122,24
1004,16802,16805,2022-07-08 10:39:00,2022-07-08 10:54:00,1,4,-0.0076010422676939257,0,-0.0076010422676939257,0.0076010422676939257,True,False,False,2022-07-08,2022,-1,2022-07-08,122,24
1005,16806,16812,2022-07-08 10:59:00,2022-07-08 11:29:00,-1,7,-0.0050887486590452044,0,-0.0050887486590452044,0.0050887486590452044,True,False,False,2022-07-08,2022,-1,2022-07-08,122,24
1006,16813,16816,2022-07-08 13:09:00,2022-07-08 13:24:00,1,4,-0.0054319319584181184,0,-0.0054319319584181184,0.0054319319584181184,True,False,False,2022-07-08,2022,-1,2022-07-08,122,24
1007,16817,16826,2022-07-08 13:29:00,2022-07-08 14:14:00,-1,10,-0.0019852197931171942,0.0043995508474976635,-0.0019852197931171942,0.0063847706406148577,False,True,False,2022-07-08,2022,-1,2022-07-08,122,24
1008,16827,16832,2022-07-08 14:19:00,2022-07-08 14:44:00,1,6,-0.005006698091860582,0,-0.005006698091860582,0.005006698091860582,True,False,False,2022-07-08,2022,-1,2022-07-08,122,24
1009,16833,16847,2022-07-08 14:49:00,2022-07-11 10:34:00,-1,15,0.01297624065746803,0.020309029561851218,-4.5299087230964044e-05,0.0073327889043831879,False,False,False,2022-07-11,2022,1,2022-07-11,123,24
1010,16848,16852,2022-07-11 10:39:00,2022-07-11 10:59:00,1,5,-0.0069722636429104716,0,-0.0070554502443699639,0.0069722636429104716,True,False,False,2022-07-11,2022,-1,2022-07-11,123,24
1011,16853,16873,2022-07-11 11:04:00,2022-07-11 14:19:00,-1,21,0.0050777992927317816,0.009892104349278865,0,0.0048143050565470835,False,False,False,2022-07-11,2022,1,2022-07-11,123,24
1012,16874,16884,2022-07-11 14:24:00,2022-07-12 09:49:00,1,11,-0.0086768845033478766,0.0067769879697756347,-0.0086768845033478766,0.015453872473123511,False,True,False,2022-07-12,2022,-1,2022-07-12,124,24
1013,16885,16890,2022-07-12 09:54:00,2022-07-12 10:19:00,-1,6,-0.00017802513949353657,0.0038117101185658874,-0.0053829390294741538,0.003989735258059424,False,True,False,2022-07-12,2022,-1,2022-07-12,124,24
1014,16891,16892,2022-07-12 10:24:00,2022-07-12 10:29:00,1,2,-0.0039144871744984889,0,-0.0039144871744984889,0.0039144871744984889,True,False,False,2022-07-12,2022,-1,2022-07-12,124,24
1015,16893,16910,2022-07-12 10:34:00,2022-07-12 13:34:00,-1,18,0.0012423180237446079,0.0089375724846872014,-0.00076156811488299852,0.0076952544609425935,False,False,False,2022-07-12,2022,1,2022-07-12,124,24
1016,16911,16916,2022-07-12 13:39:00,2022-07-12 14:04:00,1,6,-0.0072493193418558003,0,-0.0072493193418558003,0.0072493193418558003,True,False,False,2022-07-12,2022,-1,2022-07-12,124,24
1017,16917,16941,2022-07-12 14:09:00,2022-07-13 10:44:00,-1,25,-0.0011850308309725394,0.011035818282770636,-0.0024349007989109385,0.012220849113743175,False,True,False,2022-07-13,2022,-1,2022-07-13,125,25
1018,16942,16956,2022-07-13 10:49:00,2022-07-13 13:34:00,1,15,-0.00013265364153715146,0.0046884095219463084,-0.00072033138356917062,0.0048210631634834598,False,True,False,2022-07-13,2022,-1,2022-07-13,125,25
1019,16957,16975,2022-07-13 13:39:00,2022-07-14 09:44:00,-1,19,-0.0066300463866640468,0.0046159188409059535,-0.0066300463866640468,0.011245965227570001,False,True,False,2022-07-14,2022,-1,2022-07-14,126,25
1020,16976,17004,2022-07-14 09:49:00,2022-07-14 13:44:00,1,29,0.016885245412262873,0.022082651952496125,-0.0025070701161766947,0.0051974065402332521,False,False,False,2022-07-14,2022,1,2022-07-14,126,25
1021,17005,17025,2022-07-14 13:49:00,2022-07-15 10:04:00,-1,21,-0.00073092993266358304,0.0052059526548470791,-0.00073092993266358304,0.0059368825875106626,False,True,False,2022-07-15,2022,-1,2022-07-15,127,25
1022,17026,17040,2022-07-15 10:09:00,2022-07-15 11:19:00,1,15,0.0071790595908273382,0.011183885390973678,-0.0014438698212922993,0.0040048258001463399,False,False,False,2022-07-15,2022,1,2022-07-15,127,25
1023,17041,17080,2022-07-15 11:24:00,2022-07-18 10:49:00,-1,40,0.022801610111213122,0.032648418679614093,-0.00011936844922434556,0.0098468085684009707,False,False,False,2022-07-18,2022,1,2022-07-18,128,25
1024,17081,17097,2022-07-18 10:54:00,2022-07-18 13:49:00,1,17,0.0055554917737704601,0.0089503840476047227,0,0.0033948922738342626,False,False,False,2022-07-18,2022,1,2022-07-18,128,25
1025,17098,17120,2022-07-18 13:54:00,2022-07-19 10:19:00,-1,23,-0.001381731491771062,0.0030971509470517551,-0.001381731491771062,0.0044788824388228166,False,True,False,2022-07-19,2022,-1,2022-07-19,129,25
1026,17121,17124,2022-07-19 10:24:00,2022-07-19 10:39:00,1,4,-0.0076420608296698224,0,-0.0076420608296698224,0.0076420608296698224,True,False,False,2022-07-19,2022,-1,2022-07-19,129,25
1027,17125,17143,2022-07-19 10:44:00,2022-07-19 13:49:00,-1,19,0.0047588847556738366,0.0097493545286868443,-0.0010054171213455909,0.0049904697730130078,False,False,False,2022-07-19,2022,1,2022-07-19,129,25
1028,17144,17176,2022-07-19 13:54:00,2022-07-20 11:09:00,1,33,0.016599757282366245,0.022140091643919189,-0.0010585111895727911,0.0055403343615529448,False,False,False,2022-07-20,2022,1,2022-07-20,130,26
1029,17177,17183,2022-07-20 11:14:00,2022-07-20 13:19:00,-1,7,-0.003431585048379298,0.00070632629633808923,-0.0050228077574525579,0.0041379113447173876,False,True,False,2022-07-20,2022,-1,2022-07-20,130,26
1030,17184,17216,2022-07-20 13:24:00,2022-07-21 10:39:00,1,33,0.017138214873857097,0.026658257426328075,-0.0029021675345855006,0.0095200425524709781,False,False,False,2022-07-21,2022,1,2022-07-21,131,26
1031,17217,17261,2022-07-21 10:44:00,2022-07-22 10:34:00,-1,45,0.0040857329978398376,0.01032856281217822,-0.0036973992293295637,0.0062428298143383824,False,False,False,2022-07-22,2022,1,2022-07-22,132,26
1032,17262,17266,2022-07-22 10:39:00,2022-07-22 10:59:00,1,5,-0.0044879678923882751,0,-0.0044879678923882751,0.0044879678923882751,True,False,False,2022-07-22,2022,-1,2022-07-22,132,26
1033,17267,17291,2022-07-22 11:04:00,2022-07-22 14:39:00,-1,25,0.0035404451958650955,0.011253136248127415,-0.00048640588317031724,0.0077126910522623193,False,False,False,2022-07-22,2022,1,2022-07-22,132,26
1034,17292,17300,2022-07-22 14:44:00,2022-07-25 09:59:00,1,9,-0.0037102026871031323,0.0080558285002857097,-0.0082512840375723803,0.011766031187388842,False,True,False,2022-07-25,2022,-1,2022-07-25,133,26
1035,17301,17307,2022-07-25 10:04:00,2022-07-25 10:34:00,-1,7,-0.0042075410163506244,0.0035940939990378121,-0.0049714865096400131,0.0078016350153884365,False,True,False,2022-07-25,2022,-1,2022-07-25,133,26
1036,17308,17316,2022-07-25 10:39:00,2022-07-25 11:19:00,1,9,-0.0049012692784493926,0.00037744360658187716,-0.0049012692784493926,0.0052787128850312701,False,True,False,2022-07-25,2022,-1,2022-07-25,133,26
1037,17317,17349,2022-07-25 11:24:00,2022-07-26 10:14:00,-1,33,0.0037637592984112829,0.012176653895812304,0,0.0084128945974010216,False,False,False,2022-07-26,2022,1,2022-07-26,134,26
1038,17350,17373,2022-07-26 10:19:00,2022-07-26 13:49:00,1,24,0.0052431315748006661,0.0093277618233823471,0,0.004084630248581681,False,False,False,2022-07-26,2022,1,2022-07-26,134,26
1039,17374,17385,2022-07-26 13:54:00,2022-07-26 14:49:00,-1,12,-0.0014218318171187129,0.0019421252948550261,-0.0014218318171187129,0.0033639571119737392,False,True,False,2022-07-26,2022,-1,2022-07-26,134,26
1040,17386,17402,2022-07-26 14:54:00,2022-07-27 10:49:00,1,17,0.0046208165872546614,0.01070932448892857,0,0.0060885079016739091,False,False,False,2022-07-27,2022,1,2022-07-27,135,27
1041,17403,17418,2022-07-27 10:54:00,2022-07-27 13:44:00,-1,16,-0.0050565302030884419,0.0018476053036237136,-0.0050565302030884419,0.0069041355067121554,False,True,False,2022-07-27,2022,-1,2022-07-27,135,27
1042,17419,17432,2022-07-27 13:49:00,2022-07-27 14:54:00,1,14,0.00093156646887361918,0.0034843558643837258,-0.00076782453498075529,0.0025527893955101066,False,False,False,2022-07-27,2022,1,2022-07-27,135,27
1043,17433,17436,2022-07-27 14:59:00,2022-07-28 09:49:00,-1,4,-0.0026438400288297656,0,-0.0048447412855861793,0.0026438400288297656,True,False,False,2022-07-28,2022,-1,2022-07-28,136,27
1044,17437,17469,2022-07-28 09:54:00,2022-07-28 14:09:00,1,33,0.010785266119403725,0.015717912835183832,-0.0020688939712215928,0.0049326467157801077,False,False,False,2022-07-28,2022,1,2022-07-28,136,27
1045,17470,17481,2022-07-28 14:14:00,2022-07-29 09:44:00,-1,12,-0.00034220669618219421,0.0033200741425582969,-0.0004862586992040801,0.0036622808387404911,False,True,False,2022-07-29,2022,-1,2022-07-29,137,27
1046,17482,17483,2022-07-29 09:49:00,2022-07-29 09:54:00,1,2,-0.0070840895872137715,0,-0.0074015167970183614,0.0070840895872137715,True,False,False,2022-07-29,2022,-1,2022-07-29,137,27
1047,17484,17510,2022-07-29 09:59:00,2022-07-29 13:44:00,-1,27,0.0069428609834182031,0.012363126954643805,-0.0034127717736908989,0.0054202659712256022,False,False,False,2022-07-29,2022,1,2022-07-29,137,27
1048,17511,17516,2022-07-29 13:49:00,2022-07-29 14:14:00,1,6,-0.0048053472909034885,0.0012501769670308258,-0.0048053472909034885,0.0060555242579343142,False,True,False,2022-07-29,2022,-1,2022-07-29,137,27
1049,17517,17531,2022-07-29 14:19:00,2022-08-01 10:04:00,-1,15,0.0014874669898954965,0.019539887824704696,-0.00027521421012951066,0.018052420834809201,False,False,False,2022-08-01,2022,1,2022-08-01,138,27
1050,17532,17574,2022-08-01 10:09:00,2022-08-02 09:49:00,1,43,-0.0023182443249899418,0.010857056283126203,-0.0055100111761756899,0.013175300608116145,False,True,False,2022-08-02,2022,-1,2022-08-02,139,27
1051,17575,17577,2022-08-02 09:54:00,2022-08-02 10:04:00,-1,3,-0.015599258109275144,0,-0.015599258109275144,0.015599258109275144,True,False,False,2022-08-02,2022,-1,2022-08-02,139,27
1052,17578,17584,2022-08-02 10:09:00,2022-08-02 10:39:00,1,7,-0.0097129719153856067,0.0013863658148125099,-0.0097129719153856067,0.011099337730198116,False,True,False,2022-08-02,2022,-1,2022-08-02,139,27
1053,17585,17597,2022-08-02 10:44:00,2022-08-02 13:19:00,-1,13,0.0021631539140692462,0.010316912713156341,-0.0012078622309601239,0.0081537587990870939,False,False,False,2022-08-02,2022,1,2022-08-02,139,27
1054,17598,17617,2022-08-02 13:24:00,2022-08-02 14:59:00,1,20,0.0057458802498840467,0.014221854556114367,-0.0011476366832337856,0.0084759743062303196,False,False,False,2022-08-02,2022,1,2022-08-02,139,27
1055,17618,17628,2022-08-03 09:39:00,2022-08-03 10:29:00,-1,11,-0.002787826482379204,0.0034362410664783806,-0.01083426351695552,0.0062240675488575842,False,True,False,2022-08-03,2022,-1,2022-08-03,140,28
1056,17629,17632,2022-08-03 10:34:00,2022-08-03 10:49:00,1,4,-0.0028243201689755219,0,-0.0046689853192451482,0.0028243201689755219,True,False,False,2022-08-03,2022,-1,2022-08-03,140,28
1057,17633,17641,2022-08-03 10:54:00,2022-08-03 13:09:00,-1,9,-0.012367776971436401,0.0033539751334176896,-0.012367776971436401,0.015721752104854089,False,True,False,2022-08-03,2022,-1,2022-08-03,140,28
1058,17642,17652,2022-08-03 13:14:00,2022-08-03 14:04:00,1,11,0.0065299535475778518,0.014253170390516628,0,0.0077232168429387767,False,False,False,2022-08-03,2022,1,2022-08-03,140,28
1059,17653,17670,2022-08-03 14:09:00,2022-08-04 10:09:00,-1,18,0.0064218220595837483,0.015564060124372619,-0.00066228724206455764,0.0091422380647888709,False,False,False,2022-08-04,2022,1,2022-08-04,141,28
1060,17671,17686,2022-08-04 10:14:00,2022-08-04 11:29:00,1,16,-0.0017766399132277319,0.0044143831096961766,-0.0017766399132277319,0.0061910230229239088,False,True,False,2022-08-04,2022,-1,2022-08-04,141,28
1061,17687,17695,2022-08-04 13:09:00,2022-08-04 13:49:00,-1,9,-0.0015783899193368874,0.0069564867811959842,-0.0015783899193368874,0.0085348767005328716,False,True,False,2022-08-04,2022,-1,2022-08-04,141,28
1062,17696,17758,2022-08-04 13:54:00,2022-08-08 09:49:00,1,63,0.036414313696729012,0.041182419826013152,-0.0055760798423917738,0.0047681061292841401,False,False,False,2022-08-08,2022,1,2022-08-08,143,28
1063,17759,17795,2022-08-08 09:54:00,2022-08-08 14:29:00,-1,37,-0.00087730352074899868,0.003368691790894324,-0.00087730352074899868,0.0042459953116433229,False,True,False,2022-08-08,2022,-1,2022-08-08,143,28
1064,17796,17804,2022-08-08 14:34:00,2022-08-09 09:49:00,1,9,-0.005214307166248806,0.0018649682072118027,-0.005214307166248806,0.0070792753734606091,False,True,False,2022-08-09,2022,-1,2022-08-09,144,28
1065,17805,17809,2022-08-09 09:54:00,2022-08-09 10:14:00,-1,5,-0.0077983103382754885,0.0006722630635107819,-0.0077983103382754885,0.0084705734017862695,False,True,False,2022-08-09,2022,-1,2022-08-09,144,28
1066,17810,17832,2022-08-09 10:19:00,2022-08-09 13:44:00,1,23,-0.0027750334335372765,0.0011338115019857375,-0.0049135882035997169,0.003908844935523014,False,True,False,2022-08-09,2022,-1,2022-08-09,144,28
1067,17833,17841,2022-08-09 13:49:00,2022-08-09 14:29:00,-1,9,-0.0033723920872451674,0.0011295607210274256,-0.0033723920872451674,0.004501952808272593,False,True,False,2022-08-09,2022,-1,2022-08-09,144,28
1068,17842,17856,2022-08-09 14:34:00,2022-08-10 10:19:00,1,15,0.0054635275881026197,0.012180690983528591,0,0.0067171633954259714,False,False,False,2022-08-10,2022,1,2022-08-10,145,29
1069,17857,17862,2022-08-10 10:24:00,2022-08-10 10:49:00,-1,6,-0.0045602377177589434,0.00068884758527412726,-0.0046801890519330494,0.0052490853030330705,False,True,False,2022-08-10,2022,-1,2022-08-10,145,29
1070,17863,17874,2022-08-10 10:54:00,2022-08-10 13:24:00,1,12,-0.0053955265652739634,0,-0.0053955265652739634,0.0053955265652739634,True,False,False,2022-08-10,2022,-1,2022-08-10,145,29
1071,17875,17896,2022-08-10 13:29:00,2022-08-11 09:49:00,-1,22,-0.0031308890973021346,0.0052515776060357211,-0.0031308890973021346,0.0083824667033378548,False,True,False,2022-08-11,2022,-1,2022-08-11,146,29
1072,17897,17900,2022-08-11 09:54:00,2022-08-11 10:09:00,1,4,-0.0082179367606818477,0,-0.0082179367606818477,0.0082179367606818477,True,False,False,2022-08-11,2022,-1,2022-08-11,146,29
1073,17901,17907,2022-08-11 10:14:00,2022-08-11 10:44:00,-1,7,-0.0043976242525548591,0.0021236491392881487,-0.0043976242525548591,0.0065212733918430079,False,True,False,2022-08-11,2022,-1,2022-08-11,146,29
1074,17908,17925,2022-08-11 10:49:00,2022-08-11 13:49:00,1,18,0.0072581414050684398,0.012465197190993937,-0.00043975564091697428,0.0052070557859254969,False,False,False,2022-08-11,2022,1,2022-08-11,146,29
1075,17926,17932,2022-08-11 13:54:00,2022-08-11 14:24:00,-1,7,-0.0026410610359230103,0,-0.0041592885839949901,0.0026410610359230103,True,False,False,2022-08-11,2022,-1,2022-08-11,146,29
1076,17933,17942,2022-08-11 14:29:00,2022-08-12 09:49:00,1,10,-0.0070068127412863468,0.0015693636211733693,-0.0070068127412863468,0.0085761763624597163,False,True,False,2022-08-12,2022,-1,2022-08-12,147,29
1077,17943,17989,2022-08-12 09:54:00,2022-08-15 09:54:00,-1,47,0.0079396317832949176,0.019433760793308715,-0.0017777629780324729,0.011494129010013798,False,False,False,2022-08-15,2022,1,2022-08-15,148,29
1078,17990,17995,2022-08-15 09:59:00,2022-08-15 10:24:00,1,6,-0.0038544056469424466,0.00077083310084360762,-0.0048029205092304838,0.0046252387477860538,False,True,False,2022-08-15,2022,-1,2022-08-15,148,29
1079,17996,18017,2022-08-15 10:29:00,2022-08-15 13:49:00,-1,22,0.00099204630723406838,0.0055821725227035114,-0.0031956954815886927,0.0045901262154694426,False,False,False,2022-08-15,2022,1,2022-08-15,148,29
1080,18018,18030,2022-08-15 13:54:00,2022-08-15 14:54:00,1,13,-0.0038207272704101148,0,-0.0038207272704101148,0.0038207272704101148,True,False,False,2022-08-15,2022,-1,2022-08-15,148,29
1081,18031,18035,2022-08-15 14:59:00,2022-08-16 09:54:00,-1,5,-0.0050910659081384591,0.006576432807423779,-0.0050910659081384591,0.011667498715562238,False,True,False,2022-08-16,2022,-1,2022-08-16,149,29
1082,18036,18044,2022-08-16 09:59:00,2022-08-16 10:39:00,1,9,-0.0034231544709052925,0.0027613292758104195,-0.0034231544709052925,0.006184483746715712,False,True,False,2022-08-16,2022,-1,2022-08-16,149,29
1083,18045,18094,2022-08-16 10:44:00,2022-08-17 10:59:00,-1,50,0.0093182123853169773,0.014917449834767497,0,0.0055992374494505202,False,False,False,2022-08-17,2022,1,2022-08-17,150,30
1084,18095,18106,2022-08-17 11:04:00,2022-08-17 13:34:00,1,12,-0.0059092586662423839,0.00083630814464608679,-0.0059092586662423839,0.0067455668108884707,False,True,False,2022-08-17,2022,-1,2022-08-17,150,30
1085,18107,18112,2022-08-17 13:39:00,2022-08-17 14:04:00,-1,6,-0.004410959395977773,0,-0.004410959395977773,0.004410959395977773,True,False,False,2022-08-17,2022,-1,2022-08-17,150,30
1086,18113,18164,2022-08-17 14:09:00,2022-08-18 14:34:00,1,52,0.0087989468087249102,0.012438091219826341,-0.0024726912816896178,0.0036391444111014311,False,False,False,2022-08-18,2022,1,2022-08-18,151,30
1087,18165,18171,2022-08-18 14:39:00,2022-08-19 09:44:00,-1,7,-0.0084708273425948277,0,-0.0084708273425948277,0.0084708273425948277,True,False,False,2022-08-19,2022,-1,2022-08-19,152,30
1088,18172,18174,2022-08-19 09:49:00,2022-08-19 09:59:00,1,3,-0.011860052510857991,0,-0.011860052510857991,0.011860052510857991,True,False,False,2022-08-19,2022,-1,2022-08-19,152,30
1089,18175,18245,2022-08-19 10:04:00,2022-08-22 13:39:00,-1,71,0.031438594472579157,0.03557518007284402,0,0.0041365856002648638,False,False,False,2022-08-22,2022,1,2022-08-22,153,30
1090,18246,18274,2022-08-22 13:44:00,2022-08-23 10:39:00,1,29,0.0032987968981930079,0.010688258785829494,-0.0013044425358617379,0.0073894618876364868,False,False,False,2022-08-23,2022,1,2022-08-23,154,30
1091,18275,18339,2022-08-23 10:44:00,2022-08-24 13:49:00,-1,65,0.027024593546888884,0.032005738727085647,-0.0025772281143302571,0.0049811451801967631,False,False,False,2022-08-24,2022,1,2022-08-24,155,31
1092,18340,18344,2022-08-24 13:54:00,2022-08-24 14:14:00,1,5,-0.003175401682130311,0.00068575032109696363,-0.003175401682130311,0.0038611520032272749,False,True,False,2022-08-24,2022,-1,2022-08-24,155,31
1093,18345,18366,2022-08-24 14:19:00,2022-08-25 10:39:00,-1,22,0.015907200117949084,0.025505724387798773,0,0.0095985242698496884,False,False,False,2022-08-25,2022,1,2022-08-25,156,31
1094,18367,18380,2022-08-25 10:44:00,2022-08-25 13:24:00,1,14,-0.0058278812694724349,0,-0.0063507322450928379,0.0058278812694724349,True,False,False,2022-08-25,2022,-1,2022-08-25,156,31
1095,18381,18395,2022-08-25 13:29:00,2022-08-25 14:39:00,-1,15,0.0015979306398124964,0.0062062557100608911,-0.00010453739834943397,0.0046083250702483947,False,False,False,2022-08-25,2022,1,2022-08-25,156,31
1096,18396,18410,2022-08-25 14:44:00,2022-08-26 10:29:00,1,15,0.010115063606690466,0.016118492025559442,0,0.0060034284188689759,False,False,False,2022-08-26,2022,1,2022-08-26,157,31
1097,18411,18448,2022-08-26 10:34:00,2022-08-29 09:49:00,-1,38,0.0096772810634149324,0.01867115306737873,-0.0021085932957591582,0.008993872003963798,False,False,False,2022-08-29,2022,1,2022-08-29,158,31
1098,18449,18455,2022-08-29 09:54:00,2022-08-29 10:24:00,1,7,-0.00096146988534308384,0.0072997868778758544,-0.00096146988534308384,0.0082612567632189375,False,True,False,2022-08-29,2022,-1,2022-08-29,158,31
1099,18456,18465,2022-08-29 10:29:00,2022-08-29 11:14:00,-1,10,-0.0076376445164297573,0.0017158058486073085,-0.0076376445164297573,0.0093534503650370658,False,True,False,2022-08-29,2022,-1,2022-08-29,158,31
1100,18466,18472,2022-08-29 11:19:00,2022-08-29 13:24:00,1,7,-0.0047180177141041904,0.00014176420855528356,-0.0051929462462884249,0.0048597819226594736,False,True,False,2022-08-29,2022,-1,2022-08-29,158,31
1101,18473,18494,2022-08-29 13:29:00,2022-08-30 09:49:00,-1,22,-0.0072195647850932416,0.0016822620406934646,-0.0072195647850932416,0.0089018268257867062,False,True,False,2022-08-30,2022,-1,2022-08-30,159,31
1102,18495,18499,2022-08-30 09:54:00,2022-08-30 10:14:00,1,5,-0.0069631971334886533,0.0027774003515022212,-0.0069631971334886533,0.009740597484990874,False,True,False,2022-08-30,2022,-1,2022-08-30,159,31
1103,18500,18528,2022-08-30 10:19:00,2022-08-30 14:14:00,-1,29,-0.00050304915281503709,0.004720087177509184,-0.0033457368366115094,0.0052231363303242209,False,True,False,2022-08-30,2022,-1,2022-08-30,159,31
1104,18529,18535,2022-08-30 14:19:00,2022-08-30 14:49:00,1,7,-0.0041172473594466167,0.00092001998285182651,-0.0041172473594466167,0.0050372673422984428,False,True,False,2022-08-30,2022,-1,2022-08-30,159,31
1105,18536,18564,2022-08-30 14:54:00,2022-08-31 13:24:00,-1,29,0.015788436943576463,0.023581996691540999,-0.0062216132718079416,0.007793559747964536,False,False,False,2022-08-31,2022,1,2022-08-31,160,32
1106,18565,18572,2022-08-31 13:29:00,2022-08-31 14:04:00,1,8,0.00045485118924533364,0.0070606912219428625,0,0.0066058400326975287,False,False,False,2022-08-31,2022,1,2022-08-31,160,32
1107,18573,18586,2022-08-31 14:09:00,2022-09-01 09:49:00,-1,14,-0.0052111597895067438,0.0071953584505411233,-0.0052111597895067438,0.012406518240047867,False,True,False,2022-09-01,2022,-1,2022-09-01,161,32
1108,18587,18598,2022-09-01 09:54:00,2022-09-01 10:49:00,1,12,-0.005317595780453808,0.0013370078989861469,-0.005317595780453808,0.0066546036794399551,False,True,False,2022-09-01,2022,-1,2022-09-01,161,32
1109,18599,18635,2022-09-01 10:54:00,2022-09-02 10:04:00,-1,37,0.0016172849607112754,0.010486069392671868,-0.0047784395468781424,0.0088687844319605934,False,False,False,2022-09-02,2022,1,2022-09-02,162,32
1110,18636,18658,2022-09-02 10:09:00,2022-09-02 13:34:00,1,23,0.00047480391006403958,0.0079930920781181285,0,0.0075182881680540886,False,False,False,2022-09-02,2022,1,2022-09-02,162,32
1111,18659,18675,2022-09-02 13:39:00,2022-09-02 14:59:00,-1,17,0.0021820835425182764,0.0051963305619502648,0,0.0030142470194319884,False,False,False,2022-09-02,2022,1,2022-09-02,162,32
1112,18676,18678,2022-09-05 09:39:00,2022-09-05 09:49:00,1,3,-0.0060571424564528588,0,-0.0067215683387871605,0.0060571424564528588,True,False,False,2022-09-05,2022,-1,2022-09-05,163,32
1113,18679,18681,2022-09-05 09:54:00,2022-09-05 10:04:00,-1,3,-0.009517169072080502,0,-0.009517169072080502,0.009517169072080502,True,False,False,2022-09-05,2022,-1,2022-09-05,163,32
1114,18682,18689,2022-09-05 10:09:00,2022-09-05 10:44:00,1,8,-0.006065359296914128,0,-0.006065359296914128,0.006065359296914128,True,False,False,2022-09-05,2022,-1,2022-09-05,163,32
1115,18690,18720,2022-09-05 10:49:00,2022-09-05 14:54:00,-1,31,0.0047517615765713221,0.0081219018251335959,0,0.0033701402485622738,False,False,False,2022-09-05,2022,1,2022-09-05,163,32
1116,18721,18727,2022-09-05 14:59:00,2022-09-06 10:04:00,1,7,-0.0024873198745869961,0.00188584354537382,-0.0030561592614560661,0.0043731634199608163,False,True,False,2022-09-06,2022,-1,2022-09-06,164,32
1117,18728,18733,2022-09-06 10:09:00,2022-09-06 10:34:00,-1,6,-0.0042657756278971382,0.0025230102965223189,-0.0042657756278971382,0.0067887859244194571,False,True,False,2022-09-06,2022,-1,2022-09-06,164,32
1118,18734,18753,2022-09-06 10:39:00,2022-09-06 13:49:00,1,20,0.0047627717952153821,0.013999394887177833,-0.0045305399156831943,0.0092366230919624509,False,False,False,2022-09-06,2022,1,2022-09-06,164,32
1119,18754,18763,2022-09-06 13:54:00,2022-09-06 14:39:00,-1,10,-0.0035693539350343966,0.00028182291018059147,-0.0035693539350343966,0.0038511768452149883,False,True,False,2022-09-06,2022,-1,2022-09-06,164,32
1120,18764,18786,2022-09-06 14:44:00,2022-09-07 11:09:00,1,23,0.02037503281176006,0.029159032620854879,0,0.0087839998090948196,False,False,False,2022-09-07,2022,1,2022-09-07,165,33
1121,18787,18815,2022-09-07 11:14:00,2022-09-08 09:44:00,-1,29,-6.6405156859199958e-05,0.0060136820813344576,-0.0015072593016534773,0.0060800872381936572,False,True,False,2022-09-08,2022,-1,2022-09-08,166,33
1122,18816,18819,2022-09-08 09:49:00,2022-09-08 10:04:00,1,4,-0.0074171390475739384,0.00029402698620757689,-0.0084880691378795437,0.0077111660337815151,False,True,False,2022-09-08,2022,-1,2022-09-08,166,33
1123,18820,18824,2022-09-08 10:09:00,2022-09-08 10:29:00,-1,5,-0.0041676065147976298,0.0024974297122993057,-0.0041676065147976298,0.0066650362270969359,False,True,False,2022-09-08,2022,-1,2022-09-08,166,33
1124,18825,18830,2022-09-08 10:34:00,2022-09-08 10:59:00,1,6,-0.0049420036471183064,0,-0.0049420036471183064,0.0049420036471183064,True,False,False,2022-09-08,2022,-1,2022-09-08,166,33
1125,18831,18842,2022-09-08 11:04:00,2022-09-08 13:34:00,-1,12,-0.00026776066182088729,0.0033626680086544705,-0.00026776066182088729,0.0036304286704753577,False,True,False,2022-09-08,2022,-1,2022-09-08,166,33
1126,18843,18849,2022-09-08 13:39:00,2022-09-08 14:09:00,1,7,-0.0032562400078637007,0.0017959672000382413,-0.0032562400078637007,0.0050522072079019417,False,True,False,2022-09-08,2022,-1,2022-09-08,166,33
1127,18850,18873,2022-09-08 14:14:00,2022-09-09 10:44:00,-1,24,0.0080905810933797288,0.01900041665763056,-0.00097798581086385806,0.010909835564250831,False,False,False,2022-09-09,2022,1,2022-09-09,167,33
1128,18874,18911,2022-09-09 10:49:00,2022-09-13 10:04:00,1,38,-0.0018972582573620802,0.0094135101357578164,-0.0051969827160465946,0.011310768393119897,False,True,False,2022-09-13,2022,-1,2022-09-13,168,33
1129,18912,18960,2022-09-13 10:09:00,2022-09-14 10:19:00,-1,49,0.008054910032820951,0.010950258959114289,-0.00091035878294658734,0.0028953489262933379,False,False,False,2022-09-14,2022,1,2022-09-14,169,33
1130,18961,18972,2022-09-14 10:24:00,2022-09-14 11:19:00,1,12,0.003626901515953213,0.0075024800538079119,0,0.0038755785378546989,False,False,False,2022-09-14,2022,1,2022-09-14,169,33
1131,18973,18986,2022-09-14 11:24:00,2022-09-14 14:04:00,-1,14,-0.00032110694596702784,0.0046138996074234452,-0.0011088416659912306,0.0049350065533904728,False,True,False,2022-09-14,2022,-1,2022-09-14,169,33
1132,18987,19000,2022-09-14 14:09:00,2022-09-15 09:49:00,1,14,-0.003537860216878146,0.0049107718133661674,-0.003537860216878146,0.0084486320302443133,False,True,False,2022-09-15,2022,-1,2022-09-15,170,34
1133,19001,19037,2022-09-15 09:54:00,2022-09-15 14:29:00,-1,37,0.025612506775841454,0.03265900139112949,-0.0022528133110681359,0.0070464946152880362,False,False,False,2022-09-15,2022,1,2022-09-15,170,34
1134,19038,19071,2022-09-15 14:34:00,2022-09-16 13:29:00,1,34,0.011225608809246402,0.018882432734788897,-0.001794603638739889,0.0076568239255424952,False,False,False,2022-09-16,2022,1,2022-09-16,171,34
1135,19072,19108,2022-09-16 13:34:00,2022-09-19 11:09:00,-1,37,0.025622620983876299,0.029695697506677825,0,0.0040730765228015262,False,False,False,2022-09-19,2022,1,2022-09-19,172,34
1136,19109,19113,2022-09-19 11:14:00,2022-09-19 13:09:00,1,5,-0.0052267323610943649,0,-0.0052267323610943649,0.0052267323610943649,True,False,False,2022-09-19,2022,-1,2022-09-19,172,34
1137,19114,19130,2022-09-19 13:14:00,2022-09-19 14:34:00,-1,17,0.00083800029430802325,0.0076085763166772241,0,0.0067705760223692006,False,False,False,2022-09-19,2022,1,2022-09-19,172,34
1138,19131,19153,2022-09-19 14:39:00,2022-09-20 11:04:00,1,23,0.013374899160567784,0.018436315990177515,-0.0035437059555158859,0.0050614168296097307,False,False,False,2022-09-20,2022,1,2022-09-20,173,34
1139,19154,19181,2022-09-20 11:09:00,2022-09-20 14:59:00,-1,28,0.0064569241325809082,0.010526519737967463,0,0.0040695956053865548,False,False,False,2022-09-20,2022,1,2022-09-20,173,34
1140,19182,19184,2022-09-21 09:39:00,2022-09-21 09:49:00,1,3,-0.013431252783641292,0,-0.013431252783641292,0.013431252783641292,True,False,False,2022-09-21,2022,-1,2022-09-21,174,34
1141,19185,19190,2022-09-21 09:54:00,2022-09-21 10:19:00,-1,6,-0.006042872380268639,0,-0.011144143453979787,0.006042872380268639,True,False,False,2022-09-21,2022,-1,2022-09-21,174,34
1142,19191,19193,2022-09-21 10:24:00,2022-09-21 10:34:00,1,3,-0.0028578618280206197,0,-0.0035351113998414981,0.0028578618280206197,True,False,False,2022-09-21,2022,-1,2022-09-21,174,34
1143,19194,19220,2022-09-21 10:39:00,2022-09-21 14:24:00,-1,27,-0.0021108944296235176,0.0045649034690991722,-0.0022234868706952106,0.0066757978987226898,False,True,False,2022-09-21,2022,-1,2022-09-21,174,34
1144,19221,19226,2022-09-21 14:29:00,2022-09-21 14:54:00,1,6,-0.0054399838550121997,4.0944172626425497e-05,-0.0054399838550121997,0.0054809280276386253,False,True,False,2022-09-21,2022,-1,2022-09-21,174,34
1145,19227,19231,2022-09-21 14:59:00,2022-09-22 09:54:00,-1,5,-0.0093120176256184829,0.0034124975768375565,-0.0093120176256184829,0.01272451520245604,False,True,False,2022-09-22,2022,-1,2022-09-22,175,35
1146,19232,19238,2022-09-22 09:59:00,2022-09-22 10:29:00,1,7,-0.0028387063133894462,0.0044765109192966392,-0.0028387063133894462,0.0073152172326860854,False,True,False,2022-09-22,2022,-1,2022-09-22,175,35
1147,19239,19244,2022-09-22 10:34:00,2022-09-22 10:59:00,-1,6,-0.0044383072637422215,0.0010640366868782402,-0.0044383072637422215,0.0055023439506204615,False,True,False,2022-09-22,2022,-1,2022-09-22,175,35
1148,19245,19249,2022-09-22 11:04:00,2022-09-22 11:24:00,1,5,-0.0056968576414140343,0,-0.0056968576414140343,0.0056968576414140343,True,False,False,2022-09-22,2022,-1,2022-09-22,175,35
1149,19250,19267,2022-09-22 11:29:00,2022-09-22 14:29:00,-1,18,0.00080917340698360291,0.005492685968641468,0,0.0046835125616578651,False,False,False,2022-09-22,2022,1,2022-09-22,175,35
1150,19268,19278,2022-09-22 14:34:00,2022-09-23 09:59:00,1,11,-0.0050747972159358523,0.0077472687826658686,-0.0050747972159358523,0.012822065998601721,False,True,False,2022-09-23,2022,-1,2022-09-23,176,35
1151,19279,19299,2022-09-23 10:04:00,2022-09-23 13:19:00,-1,21,0.0086887810403450914,0.014868426697917721,-3.0896460812750734e-05,0.0061796456575726293,False,False,False,2022-09-23,2022,1,2022-09-23,176,35
1152,19300,19305,2022-09-23 13:24:00,2022-09-23 13:49:00,1,6,0.00083076320758819066,0.0095123601556349035,0,0.0086815969480467121,False,False,False,2022-09-23,2022,1,2022-09-23,176,35
1153,19306,19313,2022-09-23 13:54:00,2022-09-23 14:29:00,-1,8,-0.0038850288959816322,0.00087231949038472207,-0.0041848433234366791,0.0047573483863663545,False,True,False,2022-09-23,2022,-1,2022-09-23,176,35
1154,19314,19318,2022-09-23 14:34:00,2022-09-23 14:54:00,1,5,-0.005048290729881064,0,-0.005048290729881064,0.005048290729881064,True,False,False,2022-09-23,2022,-1,2022-09-23,176,35
1155,19319,19324,2022-09-23 14:59:00,2022-09-26 09:59:00,-1,6,-0.0040137579360341475,0.0036126492287795317,-0.0060404363259415617,0.0076264071648136792,False,True,False,2022-09-26,2022,-1,2022-09-26,177,35
1156,19325,19341,2022-09-26 10:04:00,2022-09-26 11:24:00,1,17,0.0044409173752746247,0.011260012544429225,-0.0019893081283677621,0.0068190951691546008,False,False,False,2022-09-26,2022,1,2022-09-26,177,35
1157,19342,19367,2022-09-26 11:29:00,2022-09-27 09:44:00,-1,26,0.0012167082329584845,0.010556128375452304,-0.001863434508276932,0.0093394201424938199,False,False,False,2022-09-27,2022,1,2022-09-27,178,35
1158,19368,19378,2022-09-27 09:49:00,2022-09-27 10:39:00,1,11,-0.0055350790262770969,0.0022672475033583628,-0.0055350790262770969,0.0078023265296354597,False,True,False,2022-09-27,2022,-1,2022-09-27,178,35
1159,19379,19390,2022-09-27 10:44:00,2022-09-27 13:14:00,-1,12,-0.00050822759317638083,0.0038772429747256669,-0.00050822759317638083,0.0043854705679020473,False,True,False,2022-09-27,2022,-1,2022-09-27,178,35
1160,19391,19415,2022-09-27 13:19:00,2022-09-28 09:54:00,1,25,0.0069337441375245364,0.010880265739572795,-0.00016592346818092535,0.003946521602048259,False,False,False,2022-09-28,2022,1,2022-09-28,179,35
1161,19416,19448,2022-09-28 09:59:00,2022-09-28 14:14:00,-1,33,0.0080646432189746941,0.013487870155419896,0,0.0054232269364452024,False,False,False,2022-09-28,2022,1,2022-09-28,179,35
1162,19449,19452,2022-09-28 14:19:00,2022-09-28 14:34:00,1,4,-0.0049014859794240754,0,-0.0049014859794240754,0.0049014859794240754,True,False,False,2022-09-28,2022,-1,2022-09-28,179,35
1163,19453,19461,2022-09-28 14:39:00,2022-09-29 09:54:00,-1,9,-0.0013969249079031259,0.002517301237907547,-0.0055345320416921116,0.0039142261458106724,False,True,False,2022-09-29,2022,-1,2022-09-29,180,36
1164,19462,19471,2022-09-29 09:59:00,2022-09-29 10:44:00,1,10,0.0049050270849618893,0.010013040383469512,0,0.0051080132985076229,False,False,False,2022-09-29,2022,1,2022-09-29,180,36
1165,19472,19483,2022-09-29 10:49:00,2022-09-29 13:19:00,-1,12,-0.0015744772260244922,0.0030420248236271109,-0.0031051425367723488,0.0046165020496516029,False,True,False,2022-09-29,2022,-1,2022-09-29,180,36
1166,19484,19491,2022-09-29 13:24:00,2022-09-29 13:59:00,1,8,-0.0042422388758977057,0,-0.0042422388758977057,0.0042422388758977057,True,False,False,2022-09-29,2022,-1,2022-09-29,180,36
1167,19492,19501,2022-09-29 14:04:00,2022-09-29 14:49:00,-1,10,-0.0012569144927417905,0.0051166464801068109,-0.0012569144927417905,0.0063735609728486015,False,True,False,2022-09-29,2022,-1,2022-09-29,180,36
1168,19502,19507,2022-09-29 14:54:00,2022-09-30 09:54:00,1,6,-0.0067497443875962305,0,-0.0067497443875962305,0.0067497443875962305,True,False,False,2022-09-30,2022,-1,2022-09-30,181,36
1169,19508,19521,2022-09-30 09:59:00,2022-09-30 11:04:00,-1,14,0.0028258954385669837,0.011055874852160669,0,0.0082299794135936855,False,False,False,2022-09-30,2022,1,2022-09-30,181,36
1170,19522,19528,2022-09-30 11:09:00,2022-09-30 13:14:00,1,7,-0.0085787742253718678,0,-0.0085787742253718678,0.0085787742253718678,True,False,False,2022-09-30,2022,-1,2022-09-30,181,36
1171,19529,19610,2022-09-30 13:19:00,2022-10-11 10:49:00,-1,82,0.050328425814261279,0.059991200185803832,-0.0021120447156189135,0.0096627743715425526,False,False,False,2022-10-11,2022,1,2022-10-11,183,36
1172,19611,19622,2022-10-11 10:54:00,2022-10-11 13:24:00,1,12,-0.0059653740225746078,0,-0.0059653740225746078,0.0059653740225746078,True,False,False,2022-10-11,2022,-1,2022-10-11,183,36
1173,19623,19649,2022-10-11 13:29:00,2022-10-12 10:14:00,-1,27,0.0068453449814224587,0.025702997937459338,-0.0016984572708509521,0.018857652956036877,False,False,False,2022-10-12,2022,1,2022-10-12,184,36
1174,19650,19659,2022-10-12 10:19:00,2022-10-12 11:04:00,1,10,-0.0069832370384229521,7.8819508995102948e-05,-0.0077092145876918022,0.007062056547418055,False,True,False,2022-10-12,2022,-1,2022-10-12,184,36
1175,19660,19672,2022-10-12 11:09:00,2022-10-12 13:44:00,-1,13,-0.010108731454231502,0.0025318624975192942,-0.010108731454231502,0.012640593951750797,False,True,False,2022-10-12,2022,-1,2022-10-12,184,36
1176,19673,19698,2022-10-12 13:49:00,2022-10-13 10:29:00,1,26,0.051222011609018403,0.056752352099886536,0,0.0055303404908681325,False,False,False,2022-10-13,2022,1,2022-10-13,185,37
1177,19699,19718,2022-10-13 10:34:00,2022-10-13 13:44:00,-1,20,0.00064008878082899524,0.0062154859290228359,0,0.0055753971481938402,False,False,False,2022-10-13,2022,1,2022-10-13,185,37
1178,19719,19724,2022-10-13 13:49:00,2022-10-13 14:14:00,1,6,-0.0072723698561134899,0.0018231739996958805,-0.0072723698561134899,0.0090955438558093706,False,True,False,2022-10-13,2022,-1,2022-10-13,185,37
1179,19725,19739,2022-10-13 14:19:00,2022-10-14 10:04:00,-1,15,-0.0061512276686223871,0.0035428380809007622,-0.0085734535649515838,0.0096940657495231501,False,True,False,2022-10-14,2022,-1,2022-10-14,186,37
1180,19740,19779,2022-10-14 10:09:00,2022-10-14 14:59:00,1,40,0.020346710965291802,0.025994113927291326,-0.0010047566448401931,0.0056474029619995245,False,False,False,2022-10-14,2022,1,2022-10-14,186,37
1181,19780,19782,2022-10-17 09:39:00,2022-10-17 09:49:00,-1,3,-0.0027911516717023101,0,-0.0060740973876229429,0.0027911516717023101,True,False,False,2022-10-17,2022,-1,2022-10-17,187,37
1182,19783,19785,2022-10-17 09:54:00,2022-10-17 10:04:00,1,3,-0.0077023817926641144,0.00041747988875172299,-0.0077023817926641144,0.0081198616814158377,False,True,False,2022-10-17,2022,-1,2022-10-17,187,37
1183,19786,19807,2022-10-17 10:09:00,2022-10-17 13:29:00,-1,22,-0.0052461613585236683,0.0028760627274326623,-0.0057378883239618331,0.0081222240859563297,False,True,False,2022-10-17,2022,-1,2022-10-17,187,37
1184,19808,19828,2022-10-17 13:34:00,2022-10-18 09:49:00,1,21,0.0020176788909634907,0.0093950216613411276,-5.2325611829174548e-05,0.007377342770377637,False,False,False,2022-10-18,2022,1,2022-10-18,188,37
1185,19829,19839,2022-10-18 09:54:00,2022-10-18 10:44:00,-1,11,-0.0001357596012838253,0.0044799472018921581,-0.0019406541711023872,0.004615706803175983,False,True,False,2022-10-18,2022,-1,2022-10-18,188,37
1186,19840,19856,2022-10-18 10:49:00,2022-10-18 13:44:00,1,17,0.0033671995995014723,0.010398527180581995,0,0.0070313275810805227,False,False,False,2022-10-18,2022,1,2022-10-18,188,37
1187,19857,19883,2022-10-18 13:49:00,2022-10-19 10:34:00,-1,27,0.00053090989832495217,0.0089065097807113705,-0.0021831345996168139,0.0083755998823864183,False,False,False,2022-10-19,2022,1,2022-10-19,189,37
1188,19884,19892,2022-10-19 10:39:00,2022-10-19 11:19:00,1,9,-0.0033272000363425056,0.00022905452638995161,-0.0033272000363425056,0.003556254562732457,False,True,False,2022-10-19,2022,-1,2022-10-19,189,37
1189,19893,19910,2022-10-19 11:24:00,2022-10-19 14:24:00,-1,18,0.0023848635300555586,0.0072664298630628395,-0.0002402628277956585,0.004881566333007281,False,False,False,2022-10-19,2022,1,2022-10-19,189,37
1190,19911,19914,2022-10-19 14:29:00,2022-10-19 14:44:00,1,4,-0.005028908387853615,0,-0.005028908387853615,0.005028908387853615,True,False,False,2022-10-19,2022,-1,2022-10-19,189,37
1191,19915,19929,2022-10-19 14:49:00,2022-10-20 10:34:00,-1,15,0.0037962715633261868,0.011698516285757214,-0.00072597575904439094,0.0079022447224310274,False,False,False,2022-10-20,2022,1,2022-10-20,190,38
1192,19930,19952,2022-10-20 10:39:00,2022-10-20 14:04:00,1,23,0.021427524803916905,0.030107428766271527,0,0.0086799039623546223,False,False,False,2022-10-20,2022,1,2022-10-20,190,38
1193,19953,19977,2022-10-20 14:09:00,2022-10-21 10:44:00,-1,25,0.0087141769023502819,0.015286882071765314,0,0.0065727051694150322,False,False,False,2022-10-21,2022,1,2022-10-21,191,38
1194,19978,20001,2022-10-21 10:49:00,2022-10-21 14:19:00,1,24,0.0054306119606500666,0.013511338759768161,-6.2592584885632005e-05,0.0080807267991180945,False,False,False,2022-10-21,2022,1,2022-10-21,191,38
1195,20002,20007,2022-10-21 14:24:00,2022-10-21 14:49:00,-1,6,-0.0049987426143838654,0.0002697935058390319,-0.0049987426143838654,0.0052685361202228975,False,True,False,2022-10-21,2022,-1,2022-10-21,191,38
1196,20008,20017,2022-10-21 14:54:00,2022-10-24 10:14:00,1,10,0.0040386611940701912,0.021437672140765925,0,0.017399010946695735,False,False,False,2022-10-24,2022,1,2022-10-24,192,38
1197,20018,20023,2022-10-24 10:19:00,2022-10-24 10:44:00,-1,6,-0.0041043378842116722,0.0052679176487995128,-0.0059355872770109532,0.009372255533011185,False,True,False,2022-10-24,2022,-1,2022-10-24,192,38
1198,20024,20037,2022-10-24 10:49:00,2022-10-24 13:29:00,1,14,-0.0052874595082212095,0.0033122091209325027,-0.0056684138549357452,0.0085996686291537131,False,True,False,2022-10-24,2022,-1,2022-10-24,192,38
1199,20038,20051,2022-10-24 13:34:00,2022-10-24 14:39:00,-1,14,-5.146918798216738e-05,0.0092559259707694456,-0.0033297394723128494,0.0093073951587516138,False,True,False,2022-10-24,2022,-1,2022-10-24,192,38
1200,20052,20058,2022-10-24 14:44:00,2022-10-25 09:49:00,1,7,-0.0015658483502675562,0.0020874150891368108,-0.014369642311156094,0.003653263439404367,False,True,False,2022-10-25,2022,-1,2022-10-25,193,38
1201,20059,20060,2022-10-25 09:54:00,2022-10-25 09:59:00,-1,2,0.00038153180324128604,0.00038153180324128604,-0.0053672358093861472,0,False,False,False,2022-10-25,2022,1,2022-10-25,193,38
1202,20061,20064,2022-10-25 10:04:00,2022-10-25 10:19:00,1,4,-0.010262986084110257,0,-0.010262986084110257,0.010262986084110257,True,False,False,2022-10-25,2022,-1,2022-10-25,193,38
1203,20065,20076,2022-10-25 10:24:00,2022-10-25 11:19:00,-1,12,-0.0067501865962918302,0.0027964749272471382,-0.0067501865962918302,0.0095466615235389688,False,True,False,2022-10-25,2022,-1,2022-10-25,193,38
1204,20077,20133,2022-10-25 11:24:00,2022-10-26 13:49:00,1,57,0.039332565769067657,0.042987751157462541,-0.00057976417646143225,0.003655185388394884,False,False,False,2022-10-26,2022,1,2022-10-26,194,38
1205,20134,20149,2022-10-26 13:54:00,2022-10-27 09:44:00,-1,16,-0.012302735352778142,0.0051778178342327874,-0.012302735352778142,0.01748055318701093,False,True,False,2022-10-27,2022,-1,2022-10-27,195,39
1206,20150,20159,2022-10-27 09:49:00,2022-10-27 10:34:00,1,10,-0.0090045334576879417,0,-0.010056392168994909,0.0090045334576879417,True,False,False,2022-10-27,2022,-1,2022-10-27,195,39
1207,20160,20177,2022-10-27 10:39:00,2022-10-27 13:39:00,-1,18,0.0052803630990817746,0.01159161473807676,-0.0026149243795226982,0.0063112516389949849,False,False,False,2022-10-27,2022,1,2022-10-27,195,39
1208,20178,20187,2022-10-27 13:44:00,2022-10-27 14:29:00,1,10,0.0070046039686198578,0.016699929832808508,0,0.0096953258641886506,False,False,False,2022-10-27,2022,1,2022-10-27,195,39
1209,20188,20197,2022-10-27 14:34:00,2022-10-28 09:54:00,-1,10,-0.0047017540363937767,0.0081219225206126296,-0.0047017540363937767,0.012823676557006405,False,True,False,2022-10-28,2022,-1,2022-10-28,196,39
1210,20198,20201,2022-10-28 09:59:00,2022-10-28 10:14:00,1,4,-0.010839301606980593,0,-0.010839301606980593,0.010839301606980593,True,False,False,2022-10-28,2022,-1,2022-10-28,196,39
1211,20202,20215,2022-10-28 10:19:00,2022-10-28 11:24:00,-1,14,-0.0052658892846654572,0.00052811727423592372,-0.0078687043659179494,0.0057940065589013809,False,True,False,2022-10-28,2022,-1,2022-10-28,196,39
1212,20216,20221,2022-10-28 11:29:00,2022-10-28 13:29:00,1,6,-0.0074399332628064929,0,-0.0074399332628064929,0.0074399332628064929,True,False,False,2022-10-28,2022,-1,2022-10-28,196,39
1213,20222,20241,2022-10-28 13:34:00,2022-10-31 09:44:00,-1,20,-0.013220267620593671,0.010346355948720269,-0.013220267620593671,0.023566623569313938,False,True,False,2022-10-31,2022,-1,2022-10-31,197,39
1214,20242,20250,2022-10-31 09:49:00,2022-10-31 10:29:00,1,9,-0.010030631225869039,0.00062050933001157882,-0.010030631225869039,0.010651140555880617,False,True,False,2022-10-31,2022,-1,2022-10-31,197,39
1215,20251,20253,2022-10-31 10:34:00,2022-10-31 10:44:00,-1,3,-0.01253984528920218,0,-0.01253984528920218,0.01253984528920218,True,False,False,2022-10-31,2022,-1,2022-10-31,197,39
1216,20254,20268,2022-10-31 10:49:00,2022-10-31 13:34:00,1,15,-0.0032582777687697995,0.0028655845475911222,-0.0056669660014401265,0.0061238623163609217,False,True,False,2022-10-31,2022,-1,2022-10-31,197,39
1217,20269,20288,2022-10-31 13:39:00,2022-11-01 09:49:00,-1,20,0.0027645601225468721,0.008267005485446172,-0.00073921124601667582,0.0055024453628992999,False,False,False,2022-11-01,2022,1,2022-11-01,198,39
1218,20289,20290,2022-11-01 09:54:00,2022-11-01 09:59:00,1,2,-0.0076920020564001735,0,-0.0076920020564001735,0.0076920020564001735,True,False,False,2022-11-01,2022,-1,2022-11-01,198,39
1219,20291,20295,2022-11-01 10:04:00,2022-11-01 10:24:00,-1,5,-0.0094898352631781948,0.00068771338020540086,-0.0094898352631781948,0.010177548643383596,False,True,False,2022-11-01,2022,-1,2022-11-01,198,39
1220,20296,20305,2022-11-01 10:29:00,2022-11-01 11:14:00,1,10,0.0024347580967393626,0.01593955695835983,0,0.013504798861620468,False,False,False,2022-11-01,2022,1,2022-11-01,198,39
1221,20306,20323,2022-11-01 11:19:00,2022-11-01 14:19:00,-1,18,-0.00035436907910053211,0.0071634605817565864,-0.0016133319781230374,0.0075178296608571183,False,True,False,2022-11-01,2022,-1,2022-11-01,198,39
1222,20324,20373,2022-11-01 14:24:00,2022-11-02 14:39:00,1,50,0.021257196568352892,0.028696457197627246,-0.00099452037363129565,0.0074392606292743545,False,False,False,2022-11-02,2022,1,2022-11-02,199,39
1223,20374,20380,2022-11-02 14:44:00,2022-11-03 09:49:00,-1,7,-0.015430959074092511,0.0040838647778992593,-0.015430959074092511,0.019514823851991769,False,True,False,2022-11-03,2022,-1,2022-11-03,200,40
1224,20381,20400,2022-11-03 09:54:00,2022-11-03 11:29:00,1,20,-0.0071791371592815475,0,-0.0092165672595021716,0.0071791371592815475,True,False,False,2022-11-03,2022,-1,2022-11-03,200,40
1225,20401,20420,2022-11-03 13:09:00,2022-11-03 14:44:00,-1,20,-0.0020618957647670858,0.002774988623481162,-0.0031960339176039304,0.0048368843882482474,False,True,False,2022-11-03,2022,-1,2022-11-03,200,40
1226,20421,20475,2022-11-03 14:49:00,2022-11-07 10:04:00,1,55,0.022451240732153818,0.028882908084654341,-0.00075362626567738718,0.0064316673525005238,False,False,False,2022-11-07,2022,1,2022-11-07,202,40
1227,20476,20484,2022-11-07 10:09:00,2022-11-07 10:49:00,-1,9,0.0020441029168591853,0.0096880735265114544,0,0.0076439706096522696,False,False,False,2022-11-07,2022,1,2022-11-07,202,40
1228,20485,20494,2022-11-07 10:54:00,2022-11-07 13:14:00,1,10,-0.0048985500678230109,0.0016897178644689707,-0.0048985500678230109,0.0065882679322919815,False,True,False,2022-11-07,2022,-1,2022-11-07,202,40
1229,20495,20509,2022-11-07 13:19:00,2022-11-07 14:29:00,-1,15,0.0025006593710253538,0.0062445163286150365,0,0.0037438569575896827,False,False,False,2022-11-07,2022,1,2022-11-07,202,40
1230,20510,20517,2022-11-07 14:34:00,2022-11-08 09:44:00,1,8,-0.011226288320374891,0.0020686614679490812,-0.011226288320374891,0.013294949788323972,False,True,False,2022-11-08,2022,-1,2022-11-08,203,40
1231,20518,20546,2022-11-08 09:49:00,2022-11-08 13:44:00,-1,29,0.0047134793293781407,0.0083448123958015357,-0.00032359379743675926,0.003631333066423395,False,False,False,2022-11-08,2022,1,2022-11-08,203,40
1232,20547,20564,2022-11-08 13:49:00,2022-11-09 09:49:00,1,18,0.0017104883839016505,0.0058170746883157692,-0.0029404602363029579,0.0041065863044141187,False,False,False,2022-11-09,2022,1,2022-11-09,204,40
1233,20565,20572,2022-11-09 09:54:00,2022-11-09 10:29:00,-1,8,-0.0024602604264155874,0.0070614792876099366,-0.0024602604264155874,0.009521739714025524,False,True,False,2022-11-09,2022,-1,2022-11-09,204,40
1234,20573,20577,2022-11-09 10:34:00,2022-11-09 10:54:00,1,5,-0.0050127332642128184,0.0025872251238883413,-0.0050127332642128184,0.0075999583881011593,False,True,False,2022-11-09,2022,-1,2022-11-09,204,40
1235,20578,20644,2022-11-09 10:59:00,2022-11-10 14:14:00,-1,67,0.014093157876451701,0.021968058472027058,-0.0011575459408005642,0.007874900595575357,False,False,False,2022-11-10,2022,1,2022-11-10,205,41
1236,20645,20651,2022-11-10 14:19:00,2022-11-10 14:49:00,1,7,-0.005392685264325665,0,-0.005392685264325665,0.005392685264325665,True,False,False,2022-11-10,2022,-1,2022-11-10,205,41
1237,20652,20655,2022-11-10 14:54:00,2022-11-11 09:44:00,-1,4,-0.019993032318854995,0.0019931029626078728,-0.024946112346262969,0.021986135281462867,False,True,False,2022-11-11,2022,-1,2022-11-11,206,41
1238,20656,20666,2022-11-11 09:49:00,2022-11-11 10:39:00,1,11,-0.0063054755416981183,0.0038100376961212653,-0.0063054755416981183,0.010115513237819384,False,True,False,2022-11-11,2022,-1,2022-11-11,206,41
1239,20667,20706,2022-11-11 10:44:00,2022-11-14 10:09:00,-1,40,0.0087026860211435082,0.019374479004022633,-0.0059897087280799113,0.010671792982879125,False,False,False,2022-11-14,2022,1,2022-11-14,207,41
1240,20707,20710,2022-11-14 10:14:00,2022-11-14 10:29:00,1,4,-0.0059125372532207628,0,-0.0059125372532207628,0.0059125372532207628,True,False,False,2022-11-14,2022,-1,2022-11-14,207,41
1241,20711,20738,2022-11-14 10:34:00,2022-11-14 14:24:00,-1,28,0.0044451915402087235,0.0089890892034438733,0,0.0045438976632351498,False,False,False,2022-11-14,2022,1,2022-11-14,207,41
1242,20739,20777,2022-11-14 14:29:00,2022-11-15 13:49:00,1,39,0.027869355425660224,0.032762599388550827,-0.0034995317249857205,0.0048932439628906026,False,False,False,2022-11-15,2022,1,2022-11-15,208,41
1243,20778,20791,2022-11-15 13:54:00,2022-11-15 14:59:00,-1,14,-0.0028303389092024039,0.0015185306600224734,-0.0028303389092024039,0.0043488695692248773,False,True,False,2022-11-15,2022,-1,2022-11-15,208,41
1244,20792,20797,2022-11-16 09:39:00,2022-11-16 10:04:00,1,6,-0.0033267115807154848,0.0024616859288847407,-0.0050181368421796397,0.0057883975096002255,False,True,False,2022-11-16,2022,-1,2022-11-16,209,41
1245,20798,20803,2022-11-16 10:09:00,2022-11-16 10:34:00,-1,6,-0.004458509024212705,0.0013471747201729192,-0.004458509024212705,0.0058056837443856242,False,True,False,2022-11-16,2022,-1,2022-11-16,209,41
1246,20804,20806,2022-11-16 10:39:00,2022-11-16 10:49:00,1,3,-0.0062934069950224001,0,-0.0062934069950224001,0.0062934069950224001,True,False,False,2022-11-16,2022,-1,2022-11-16,209,41
1247,20807,20855,2022-11-16 10:54:00,2022-11-17 11:04:00,-1,49,0.019296929772845316,0.028378060552593471,-0.00036342422526785059,0.0090811307797481547,False,False,False,2022-11-17,2022,1,2022-11-17,210,42
1248,20856,20899,2022-11-17 11:09:00,2022-11-18 10:54:00,1,44,0.012366655637211649,0.018837678726674953,-0.005279946560240445,0.0064710230894633042,False,False,False,2022-11-18,2022,1,2022-11-18,211,42
1249,20900,20906,2022-11-18 10:59:00,2022-11-18 11:29:00,-1,7,-0.0050536698546772684,0.00059736582724304152,-0.0050536698546772684,0.0056510356819203097,False,True,False,2022-11-18,2022,-1,2022-11-18,211,42
1250,20907,20913,2022-11-18 13:09:00,2022-11-18 13:39:00,1,7,-0.0054775701288531055,0,-0.0054775701288531055,0.0054775701288531055,True,False,False,2022-11-18,2022,-1,2022-11-18,211,42
1251,20914,20941,2022-11-18 13:44:00,2022-11-21 10:34:00,-1,28,0.0063898598688970146,0.016193859965517896,-0.0020888590588932316,0.0098040000966208816,False,False,False,2022-11-21,2022,1,2022-11-21,212,42
1252,20942,20955,2022-11-21 10:39:00,2022-11-21 13:19:00,1,14,-0.0067823918483164072,0,-0.0071632568069969049,0.0067823918483164072,True,False,False,2022-11-21,2022,-1,2022-11-21,212,42
1253,20956,20961,2022-11-21 13:24:00,2022-11-21 13:49:00,-1,6,-0.0044521805895400418,0,-0.0044521805895400418,0.0044521805895400418,True,False,False,2022-11-21,2022,-1,2022-11-21,212,42
1254,20962,20978,2022-11-21 13:54:00,2022-11-22 09:49:00,1,17,-0.0057320713384989416,0.0034351623268833288,-0.0057320713384989416,0.0091672336653822704,False,True,False,2022-11-22,2022,-1,2022-11-22,213,42
1255,20979,20985,2022-11-22 09:54:00,2022-11-22 10:24:00,-1,7,-0.0060625149134064344,0.00072371641300618416,-0.0060625149134064344,0.0067862313264126185,False,True,False,2022-11-22,2022,-1,2022-11-22,213,42
1256,20986,20990,2022-11-22 10:29:00,2022-11-22 10:49:00,1,5,-0.0038359732371309307,0,-0.0051244193738530222,0.0038359732371309307,True,False,False,2022-11-22,2022,-1,2022-11-22,213,42
1257,20991,21039,2022-11-22 10:54:00,2022-11-23 11:04:00,-1,49,0.021544376397489497,0.030163091503619361,-0.0029221274384716974,0.0086187151061298643,False,False,False,2022-11-23,2022,1,2022-11-23,214,42
1258,21040,21074,2022-11-23 11:09:00,2022-11-24 10:09:00,1,35,0.010371623814384195,0.020519611149824413,-0.0024149539224225126,0.010147987335440218,False,False,False,2022-11-24,2022,1,2022-11-24,215,43
1259,21075,21084,2022-11-24 10:14:00,2022-11-24 10:59:00,-1,10,-0.0061952583317409389,0,-0.0061952583317409389,0.0061952583317409389,True,False,False,2022-11-24,2022,-1,2022-11-24,215,43
1260,21085,21091,2022-11-24 11:04:00,2022-11-24 13:09:00,1,7,-0.002335922229736968,0,-0.0045591290871128945,0.002335922229736968,True,False,False,2022-11-24,2022,-1,2022-11-24,215,43
1261,21092,21101,2022-11-24 13:14:00,2022-11-24 13:59:00,-1,10,-0.0014139829535757195,0.0031493609213113435,-0.0014139829535757195,0.0045633438748870631,False,True,False,2022-11-24,2022,-1,2022-11-24,215,43
1262,21102,21111,2022-11-24 14:04:00,2022-11-24 14:49:00,1,10,-0.0034402463724704404,0,-0.0035288661199622384,0.0034402463724704404,True,False,False,2022-11-24,2022,-1,2022-11-24,215,43
1263,21112,21174,2022-11-24 14:54:00,2022-11-28 10:49:00,-1,63,0.02414654363947473,0.025145640498729492,0,0.00099909685925476249,False,False,False,2022-11-28,2022,1,2022-11-28,217,43
1264,21175,21176,2022-11-28 10:54:00,2022-11-28 10:59:00,1,2,-0.00016140258884447638,0,-0.0026968215081061776,0.00016140258884447638,True,False,False,2022-11-28,2022,-1,2022-11-28,217,43
1265,21177,21180,2022-11-28 11:04:00,2022-11-28 11:19:00,-1,4,-0.0012199611327193686,0,-0.0023679859514083215,0.0012199611327193686,True,False,False,2022-11-28,2022,-1,2022-11-28,217,43
1266,21181,21187,2022-11-28 11:24:00,2022-11-28 13:29:00,1,7,-0.0019566911948558064,0,-0.0019566911948558064,0.0019566911948558064,True,False,False,2022-11-28,2022,-1,2022-11-28,217,43
1267,21188,21200,2022-11-28 13:34:00,2022-11-28 14:34:00,-1,13,-0.0013418554928433303,0.0025474115106080223,-0.0013418554928433303,0.0038892670034513526,False,True,False,2022-11-28,2022,-1,2022-11-28,217,43
1268,21201,21211,2022-11-28 14:39:00,2022-11-29 10:04:00,1,11,-0.0015034031194543331,0.0037335818792362373,-0.0015034031194543331,0.0052369849986905704,False,True,False,2022-11-29,2022,-1,2022-11-29,218,43
1269,21212,21215,2022-11-29 10:09:00,2022-11-29 10:24:00,-1,4,-0.0052369849986905418,0.00025247042443104589,-0.0052369849986905418,0.005489455423121588,False,True,False,2022-11-29,2022,-1,2022-11-29,218,43
1270,21216,21242,2022-11-29 10:29:00,2022-11-29 14:14:00,1,27,0.0043299656705375099,0.0076150246155250378,-0.0016386442129568135,0.0032850589449875279,False,False,False,2022-11-29,2022,1,2022-11-29,218,43
1271,21243,21265,2022-11-29 14:19:00,2022-11-30 10:44:00,-1,23,-0.0031056080642001124,0.0031855136276620075,-0.0031056080642001124,0.0062911216918621199,False,True,False,2022-11-30,2022,-1,2022-11-30,219,43
1272,21266,21271,2022-11-30 10:49:00,2022-11-30 11:14:00,1,6,-0.0036758504326522331,0,-0.0037058721984347303,0.0036758504326522331,True,False,False,2022-11-30,2022,-1,2022-11-30,219,43
1273,21272,21298,2022-11-30 11:19:00,2022-12-01 09:39:00,-1,27,-0.0076759353698909842,0.007543718316978424,-0.0076759353698909842,0.015219653686869408,False,True,False,2022-12-01,2022,-1,2022-12-01,220,44
1274,21299,21327,2022-12-01 09:44:00,2022-12-01 13:39:00,1,29,0.003835770493331986,0.0085631184171032979,-0.00063575950565408074,0.0047273479237713118,False,False,False,2022-12-01,2022,1,2022-12-01,220,44
1275,21328,21345,2022-12-01 13:44:00,2022-12-02 09:44:00,-1,18,-0.0064390706885465651,0.0036272499458553115,-0.0064390706885465651,0.010066320634401877,False,True,False,2022-12-02,2022,-1,2022-12-02,221,44
1276,21346,21356,2022-12-02 09:49:00,2022-12-02 10:39:00,1,11,-0.0020366906401292407,0.0037966346833974351,-0.0020366906401292407,0.0058333253235266763,False,True,False,2022-12-02,2022,-1,2022-12-02,221,44
1277,21357,21400,2022-12-02 10:44:00,2022-12-05 10:29:00,-1,44,0.0071860621486892814,0.012996272200272004,-0.0013385828770384864,0.0058102100515827221,False,False,False,2022-12-05,2022,1,2022-12-05,222,44
1278,21401,21406,2022-12-05 10:34:00,2022-12-05 10:59:00,1,6,-0.0053313831682757088,0,-0.0053313831682757088,0.0053313831682757088,True,False,False,2022-12-05,2022,-1,2022-12-05,222,44
1279,21407,21432,2022-12-05 11:04:00,2022-12-05 14:44:00,-1,26,-0.00029915041505854459,0.0027663916254783466,-0.0003091205544907823,0.0030655420405368912,False,True,False,2022-12-05,2022,-1,2022-12-05,222,44
1280,21433,21441,2022-12-05 14:49:00,2022-12-06 10:04:00,1,9,-0.0018361995838447713,0.0043475085264257241,-0.0018361995838447713,0.0061837081102704954,False,True,False,2022-12-06,2022,-1,2022-12-06,223,44
1281,21442,21447,2022-12-06 10:09:00,2022-12-06 10:34:00,-1,6,-0.0042560254020288643,0,-0.0042560254020288643,0.0042560254020288643,True,False,False,2022-12-06,2022,-1,2022-12-06,223,44
1282,21448,21459,2022-12-06 10:39:00,2022-12-06 13:09:00,1,12,0.0014113486683716325,0.0084975405104407032,-5.9678333798594085e-05,0.0070861918420690711,False,False,False,2022-12-06,2022,1,2022-12-06,223,44
1283,21460,21487,2022-12-06 13:14:00,2022-12-07 10:04:00,-1,28,0.00063585425184092175,0.0077671648629175239,0,0.0071313106110766026,False,False,False,2022-12-07,2022,1,2022-12-07,224,44
1284,21488,21505,2022-12-07 10:09:00,2022-12-07 13:09:00,1,18,-0.0010440749699288897,0.0011819686614858355,-0.0019498225472653586,0.0022260436314147252,False,True,False,2022-12-07,2022,-1,2022-12-07,224,44
1285,21506,21528,2022-12-07 13:14:00,2022-12-08 09:39:00,-1,23,0.0049967939042378584,0.006527751051293257,-0.00043764982744968887,0.0015309571470553986,False,False,False,2022-12-08,2022,1,2022-12-08,225,45
1286,21529,21538,2022-12-08 09:44:00,2022-12-08 10:29:00,1,10,-0.0012806404951852923,0.0042304455166202138,-0.0017613038198147151,0.0055110860118055063,False,True,False,2022-12-08,2022,-1,2022-12-08,225,45
1287,21539,21562,2022-12-08 10:34:00,2022-12-08 14:04:00,-1,24,-0.00099063904314537483,0.0028974920388267285,-0.0010606470940997738,0.0038881310819721031,False,True,False,2022-12-08,2022,-1,2022-12-08,225,45
1288,21563,21577,2022-12-08 14:09:00,2022-12-09 09:54:00,1,15,-0.0065221985169392985,0.00091971495321506273,-0.0065221985169392985,0.0074419134701543613,False,True,False,2022-12-09,2022,-1,2022-12-09,226,45
1289,21578,21583,2022-12-09 09:59:00,2022-12-09 10:24:00,-1,6,-0.0079214291684964085,0,-0.0079214291684964085,0.0079214291684964085,True,False,False,2022-12-09,2022,-1,2022-12-09,226,45
1290,21584,21588,2022-12-09 10:29:00,2022-12-09 10:49:00,1,5,-0.0047453236571408227,0.0018758923470654991,-0.0047453236571408227,0.006621216004206322,False,True,False,2022-12-09,2022,-1,2022-12-09,226,45
1291,21589,21594,2022-12-09 10:54:00,2022-12-09 11:19:00,-1,6,-0.0042258379363101107,0,-0.0042258379363101107,0.0042258379363101107,True,False,False,2022-12-09,2022,-1,2022-12-09,226,45
1292,21595,21601,2022-12-09 11:24:00,2022-12-09 13:29:00,1,7,-0.0039749938446308579,0.00017985252141758477,-0.0039749938446308579,0.0041548463660484427,False,True,False,2022-12-09,2022,-1,2022-12-09,226,45
1293,21602,21615,2022-12-09 13:34:00,2022-12-09 14:39:00,-1,14,-0.0025350079956627473,0.00071256168931441144,-0.0025350079956627473,0.0032475696849771588,False,True,False,2022-12-09,2022,-1,2022-12-09,226,45
1294,21616,21627,2022-12-09 14:44:00,2022-12-12 10:14:00,1,12,-0.00026021858507842396,0.0045628214848573859,-0.0017126807633862573,0.0048230400699358095,False,True,False,2022-12-12,2022,-1,2022-12-12,227,45
1295,21628,21635,2022-12-12 10:19:00,2022-12-12 10:54:00,-1,8,-0.0017401744565356328,0.0015727605183357965,-0.0022696264860658307,0.0033129349748714293,False,True,False,2022-12-12,2022,-1,2022-12-12,227,45
1296,21636,21655,2022-12-12 10:59:00,2022-12-12 14:09:00,1,20,0.006225770810296653,0.010041642509560088,0,0.0038158716992634355,False,False,False,2022-12-12,2022,1,2022-12-12,227,45
1297,21656,21714,2022-12-12 14:14:00,2022-12-14 09:49:00,-1,59,0.0085266461576174544,0.017227645078635612,-0.00036735322418060524,0.0087009989210181573,False,False,False,2022-12-14,2022,1,2022-12-14,229,45
1298,21715,21718,2022-12-14 09:54:00,2022-12-14 10:09:00,1,4,-0.0062691720875032719,0,-0.0066219751111566581,0.0062691720875032719,True,False,False,2022-12-14,2022,-1,2022-12-14,229,45
1299,21719,21725,2022-12-14 10:14:00,2022-12-14 10:44:00,-1,7,-0.0033906352440335537,0.00049395909208639318,-0.0042741339561754316,0.0038845943361199469,False,True,False,2022-12-14,2022,-1,2022-12-14,229,45
1300,21726,21730,2022-12-14 10:49:00,2022-12-14 11:09:00,1,5,-0.0032394720429156057,0,-0.0032394720429156057,0.0032394720429156057,True,False,False,2022-12-14,2022,-1,2022-12-14,229,45
1301,21731,21760,2022-12-14 11:14:00,2022-12-15 09:49:00,-1,30,0.0017347107787248489,0.008957957782099157,-8.0611031663327943e-05,0.0072232470033743081,False,False,False,2022-12-15,2022,1,2022-12-15,230,46
1302,21761,21770,2022-12-15 09:54:00,2022-12-15 10:39:00,1,10,-0.0017882856929098915,0.001079505146725627,-0.0029923797577144015,0.0028677908396355185,False,True,False,2022-12-15,2022,-1,2022-12-15,230,46
1303,21771,21783,2022-12-15 10:44:00,2022-12-15 13:19:00,-1,13,0.00020226741844218992,0.0026935088583873983,0,0.0024912414399452082,False,False,False,2022-12-15,2022,1,2022-12-15,230,46
1304,21784,21803,2022-12-15 13:24:00,2022-12-15 14:59:00,1,20,0.00061678776873325288,0.0030599748176082272,-0.00061716843068462389,0.0024431870488749743,False,False,False,2022-12-15,2022,1,2022-12-15,230,46
1305,21804,21848,2022-12-16 09:39:00,2022-12-16 14:54:00,-1,45,0.012275583457758447,0.01528862172967722,0,0.0030130382719187731,False,False,False,2022-12-16,2022,1,2022-12-16,231,46
1306,21849,21854,2022-12-16 14:59:00,2022-12-19 09:59:00,1,6,-0.0040502282990228467,0,-0.0040502282990228467,0.0040502282990228467,True,False,False,2022-12-19,2022,-1,2022-12-19,232,46
1307,21855,21898,2022-12-19 10:04:00,2022-12-20 09:49:00,-1,44,0.016523650972601799,0.019987174983270326,0,0.0034635240106685276,False,False,False,2022-12-20,2022,1,2022-12-20,233,46
1308,21899,21900,2022-12-20 09:54:00,2022-12-20 09:59:00,1,2,-0.0056881723425333862,0,-0.0056881723425333862,0.0056881723425333862,True,False,False,2022-12-20,2022,-1,2022-12-20,233,46
1309,21901,21909,2022-12-20 10:04:00,2022-12-20 10:44:00,-1,9,-0.0041410097177677465,0.00070410326954028362,-0.0041410097177677465,0.00484511298730803,False,True,False,2022-12-20,2022,-1,2022-12-20,233,46
1310,21910,21927,2022-12-20 10:49:00,2022-12-20 13:49:00,1,18,-0.0045823299027193684,0,-0.0045823299027193684,0.0045823299027193684,True,False,False,2022-12-20,2022,-1,2022-12-20,233,46
1311,21928,21934,2022-12-20 13:54:00,2022-12-20 14:24:00,-1,7,-0.0020158756984173529,0.00063079545395733144,-0.0021941690123661222,0.0026466711523746842,False,True,False,2022-12-20,2022,-1,2022-12-20,233,46
1312,21935,21944,2022-12-20 14:29:00,2022-12-21 09:49:00,1,10,-0.0030253395065366799,0.0012054824699427996,-0.0032673416015619357,0.0042308219764794798,False,True,False,2022-12-21,2022,-1,2022-12-21,234,46
1313,21945,21981,2022-12-21 09:54:00,2022-12-21 14:29:00,-1,37,0.010905948695834354,0.013771112313841738,-0.0017028795386172936,0.0028651636180073835,False,False,False,2022-12-21,2022,1,2022-12-21,234,46
1314,21982,21999,2022-12-21 14:34:00,2022-12-22 10:34:00,1,18,0.0020718569649387699,0.0053461882026878942,-0.0015007905914858079,0.0032743312377491243,False,False,False,2022-12-22,2022,1,2022-12-22,235,47
1315,22000,22079,2022-12-22 10:39:00,2022-12-23 14:59:00,-1,80,0.023377618272478199,0.028595523454881304,-0.00083814742508114284,0.0052179051824031049,False,False,False,2022-12-23,2022,1,2022-12-23,236,47
1316,22080,22130,2022-12-26 09:39:00,2022-12-27 09:59:00,1,51,0.02960975021939834,0.035425829675968919,0,0.0058160794565705783,False,False,False,2022-12-27,2022,1,2022-12-27,238,47
1317,22131,22140,2022-12-27 10:04:00,2022-12-27 10:49:00,-1,10,-0.0024546611357006923,0,-0.0035378512888808882,0.0024546611357006923,True,False,False,2022-12-27,2022,-1,2022-12-27,238,47
1318,22141,22174,2022-12-27 10:54:00,2022-12-28 09:49:00,1,34,0.0087684480655525684,0.015328370956017955,-0.00073681887063482224,0.0065599228904653865,False,False,False,2022-12-28,2022,1,2022-12-28,239,47
1319,22175,22186,2022-12-28 09:54:00,2022-12-28 10:49:00,-1,12,-0.00095912268484137564,0.0022241142735206091,-0.0011883418819108285,0.0031832369583619847,False,True,False,2022-12-28,2022,-1,2022-12-28,239,47
1320,22187,22198,2022-12-28 10:54:00,2022-12-28 13:24:00,1,12,-0.00039604786443383925,0.0036508348530704185,-0.0010217061294547016,0.0040468827175042573,False,True,False,2022-12-28,2022,-1,2022-12-28,239,47
1321,22199,22220,2022-12-28 13:29:00,2022-12-29 09:49:00,-1,22,-0.004379060352547883,0.0018781503658394866,-0.004379060352547883,0.0062572107183873696,False,True,False,2022-12-29,2022,-1,2022-12-29,240,48
1322,22221,22223,2022-12-29 09:54:00,2022-12-29 10:04:00,1,3,-0.004566716733414973,0,-0.004566716733414973,0.004566716733414973,True,False,False,2022-12-29,2022,-1,2022-12-29,240,48
1323,22224,22230,2022-12-29 10:09:00,2022-12-29 10:39:00,-1,7,-0.0049921581352798585,0.00086576028021773338,-0.0049921581352798585,0.0058579184154975922,False,True,False,2022-12-29,2022,-1,2022-12-29,240,48
1324,22231,22244,2022-12-29 10:44:00,2022-12-29 13:24:00,1,14,0.002176256869524721,0.005359557578435435,0,0.003183300708910714,False,False,False,2022-12-29,2022,1,2022-12-29,240,48
1325,22245,22266,2022-12-29 13:29:00,2022-12-30 09:49:00,-1,22,-0.00308010579426455,0.0037336308293822629,-0.00308010579426455,0.0068137366236468129,False,True,False,2022-12-30,2022,-1,2022-12-30,241,48
1326,22267,22276,2022-12-30 09:54:00,2022-12-30 10:39:00,1,10,-0.004447485714158806,0.00056744029213663043,-0.004447485714158806,0.0050149260062954367,False,True,False,2022-12-30,2022,-1,2022-12-30,241,48
1327,22277,22301,2022-12-30 10:44:00,2022-12-30 14:19:00,-1,25,0.0031562471045401392,0.0052902752403765733,0,0.0021340281358364342,False,False,False,2022-12-30,2022,1,2022-12-30,241,48
1328,22302,22314,2022-12-30 14:24:00,2023-01-03 09:59:00,1,13,-0.0036253438463016438,0.0050928172890550086,-0.0036253438463016438,0.0087181611353566515,False,True,False,2023-01-03,2023,-1,2023-01-03,0,0
1329,22315,22318,2023-01-03 10:04:00,2023-01-03 10:19:00,-1,4,-0.0026681969032032182,0,-0.0047373962169671574,0.0026681969032032182,True,False,False,2023-01-03,2023,-1,2023-01-03,0,0
1330,22319,22359,2023-01-03 10:24:00,2023-01-04 09:54:00,1,41,0.019430496214785896,0.021582164076988496,-0.0011039367919702331,0.0021516678622026005,False,False,False,2023-01-04,2023,1,2023-01-04,1,0
1331,22360,22390,2023-01-04 09:59:00,2023-01-04 14:04:00,-1,31,0.01078705966935454,0.013256388058284064,0,0.0024693283889295238,False,False,False,2023-01-04,2023,1,2023-01-04,1,0
1332,22391,22433,2023-01-04 14:09:00,2023-01-05 13:49:00,1,43,0.013956860567307095,0.016457065138267651,-0.0002064047397856501,0.0025002045709605555,False,False,False,2023-01-05,2023,1,2023-01-05,2,0
1333,22434,22439,2023-01-05 13:54:00,2023-01-05 14:19:00,-1,6,-0.0016167001492830965,0,-0.0016167001492830965,0.0016167001492830965,True,False,False,2023-01-05,2023,-1,2023-01-05,2,0
1334,22440,22473,2023-01-05 14:24:00,2023-01-06 13:19:00,1,34,0.012870450359648697,0.018461443344992244,-0.00067076581609402746,0.0055909929853435476,False,False,False,2023-01-06,2023,1,2023-01-06,3,0
1335,22474,22496,2023-01-06 13:24:00,2023-01-09 09:49:00,-1,23,-8.0235088853035721e-05,0.0076215200112141101,-8.0235088853035721e-05,0.0077017551000671458,False,True,False,2023-01-09,2023,-1,2023-01-09,4,0
1336,22497,22507,2023-01-09 09:54:00,2023-01-09 10:44:00,1,11,-0.0035263836895864974,0.001092562166708102,-0.0035263836895864974,0.0046189458562945996,False,True,False,2023-01-09,2023,-1,2023-01-09,4,0
1337,22508,22532,2023-01-09 10:49:00,2023-01-09 14:24:00,-1,25,0.0035792642754111925,0.0069990741565465787,-0.001217052971324812,0.0034198098811353862,False,False,False,2023-01-09,2023,1,2023-01-09,4,0
1338,22533,22552,2023-01-09 14:29:00,2023-01-10 10:39:00,1,20,0.0032873537187583638,0.0075267765959357805,-0.0048600308286902141,0.0042394228771774171,False,False,False,2023-01-10,2023,1,2023-01-10,5,1
1339,22553,22572,2023-01-10 10:44:00,2023-01-10 13:54:00,-1,20,0.00098708736686546139,0.0042170317331513621,-0.0004328024022667886,0.0032299443662859007,False,False,False,2023-01-10,2023,1,2023-01-10,5,1
1340,22573,22589,2023-01-10 13:59:00,2023-01-11 09:54:00,1,17,-0.004848837195039135,0.00066488024531435267,-0.004848837195039135,0.0055137174403534876,False,True,False,2023-01-11,2023,-1,2023-01-11,6,1
1341,22590,22597,2023-01-11 09:59:00,2023-01-11 10:34:00,-1,8,-0.0013357757073768717,0.0021998194274282972,-0.0013661135189105653,0.0035355951348051686,False,True,False,2023-01-11,2023,-1,2023-01-11,6,1
1342,22598,22602,2023-01-11 10:39:00,2023-01-11 10:59:00,1,5,-0.0025516675617527464,0.0010006621376863294,-0.0025516675617527464,0.003552329699439076,False,True,False,2023-01-11,2023,-1,2023-01-11,6,1
1343,22603,22636,2023-01-11 11:04:00,2023-01-12 09:59:00,-1,34,0.010067438477490111,0.012795309559493975,0,0.0027278710820038635,False,False,False,2023-01-12,2023,1,2023-01-12,7,1
1344,22637,22641,2023-01-12 10:04:00,2023-01-12 10:24:00,1,5,-0.001301476385651906,0.0018723818989184731,-0.0016296747845282549,0.0031738582845703793,False,True,False,2023-01-12,2023,-1,2023-01-12,7,1
1345,22642,22664,2023-01-12 10:29:00,2023-01-12 13:54:00,-1,23,0.0014058565981792319,0.0035543722252566919,0,0.00214851562707746,False,False,False,2023-01-12,2023,1,2023-01-12,7,1
1346,22665,22675,2023-01-12 13:59:00,2023-01-12 14:49:00,1,11,0.00082117823154729207,0.0039355200273237245,0,0.0031143417957764322,False,False,False,2023-01-12,2023,1,2023-01-12,7,1
1347,22676,22692,2023-01-12 14:54:00,2023-01-13 10:49:00,-1,17,0.0040302321554210171,0.0057315002679605015,-0.00053340446657414164,0.0017012681125394844,False,False,False,2023-01-13,2023,1,2023-01-13,8,1
1348,22693,22708,2023-01-13 10:54:00,2023-01-13 13:44:00,1,16,-0.0014845822700479264,0.0019657391485991592,-0.0014845822700479264,0.0034503214186470859,False,True,False,2023-01-13,2023,-1,2023-01-13,8,1
1349,22709,22718,2023-01-13 13:49:00,2023-01-13 14:34:00,-1,10,-0.0014742802668228591,0.0018484961710253647,-0.0014742802668228591,0.0033227764378482238,False,True,False,2023-01-13,2023,-1,2023-01-13,8,1
1350,22719,22745,2023-01-13 14:39:00,2023-01-16 11:24:00,1,27,0.025469236745846075,0.027926745668639029,0,0.0024575089227929538,False,False,False,2023-01-16,2023,1,2023-01-16,9,1
1351,22746,22748,2023-01-16 11:29:00,2023-01-16 13:14:00,-1,3,-0.0038590929419191735,0,-0.0038590929419191735,0.0038590929419191735,True,False,False,2023-01-16,2023,-1,2023-01-16,9,1
1352,22749,22753,2023-01-16 13:19:00,2023-01-16 13:39:00,1,5,-0.0042207057389166778,0,-0.0042207057389166778,0.0042207057389166778,True,False,False,2023-01-16,2023,-1,2023-01-16,9,1
1353,22754,22772,2023-01-16 13:44:00,2023-01-17 09:49:00,-1,19,-0.0084635205433443821,0.0031797808997610045,-0.0084635205433443821,0.011643301443105387,False,True,False,2023-01-17,2023,-1,2023-01-17,10,2
1354,22773,22785,2023-01-17 09:54:00,2023-01-17 10:54:00,1,13,-0.0026034537879319228,0.00061744995139840098,-0.0027033379224191295,0.0032209037393303237,False,True,False,2023-01-17,2023,-1,2023-01-17,10,2
1355,22786,22789,2023-01-17 10:59:00,2023-01-17 11:14:00,-1,4,-0.0035593435351172118,0,-0.0035593435351172118,0.0035593435351172118,True,False,False,2023-01-17,2023,-1,2023-01-17,10,2
1356,22790,22796,2023-01-17 11:19:00,2023-01-17 13:24:00,1,7,-0.0041587980494763891,0,-0.0041587980494763891,0.0041587980494763891,True,False,False,2023-01-17,2023,-1,2023-01-17,10,2
1357,22797,22806,2023-01-17 13:29:00,2023-01-17 14:14:00,-1,10,-0.0012584397010562075,0.0022611767748560961,-0.0017074989295346515,0.0035196164759123036,False,True,False,2023-01-17,2023,-1,2023-01-17,10,2
1358,22807,22830,2023-01-17 14:19:00,2023-01-18 10:49:00,1,24,0.0041038775436074357,0.0078048109690056662,0,0.0037009334253982305,False,False,False,2023-01-18,2023,1,2023-01-18,11,2
1359,22831,22841,2023-01-18 10:54:00,2023-01-18 13:19:00,-1,11,-0.0022836954143340706,0.0012831417841573818,-0.0022836954143340706,0.0035668371984914522,False,True,False,2023-01-18,2023,-1,2023-01-18,11,2
1360,22842,22860,2023-01-18 13:24:00,2023-01-18 14:54:00,1,19,-0.00127028251091043,0.00095165406629054978,-0.00127028251091043,0.0022219365772009796,False,True,False,2023-01-18,2023,-1,2023-01-18,11,2
1361,22861,22869,2023-01-18 14:59:00,2023-01-19 10:14:00,-1,9,-0.0042313110314528913,0.0016597514183643734,-0.0042313110314528913,0.0058910624498172649,False,True,False,2023-01-19,2023,-1,2023-01-19,12,2
1362,22870,22916,2023-01-19 10:19:00,2023-01-20 10:19:00,1,47,0.016660923256805252,0.022479008651560536,0,0.0058180853947552846,False,False,False,2023-01-20,2023,1,2023-01-20,13,2
1363,22917,22941,2023-01-20 10:24:00,2023-01-20 13:59:00,-1,25,0.0013137473364185841,0.0034290980596600501,-0.0013702958970153228,0.0021153507232414661,False,False,False,2023-01-20,2023,1,2023-01-20,13,2
1364,22942,22970,2023-01-20 14:04:00,2023-01-30 10:59:00,1,29,0.010288495470837624,0.018858564382271324,-8.7644552704046162e-05,0.0085700689114336995,False,False,False,2023-01-30,2023,1,2023-01-30,14,2
1365,22971,22987,2023-01-30 11:04:00,2023-01-30 13:59:00,-1,17,0.00058810203818935886,0.0042691767003693488,-0.001242553269381977,0.00368107466217999,False,False,False,2023-01-30,2023,1,2023-01-30,14,2
1366,22988,22992,2023-01-30 14:04:00,2023-01-30 14:24:00,1,5,-0.0032842972636083906,0,-0.0032842972636083906,0.0032842972636083906,True,False,False,2023-01-30,2023,-1,2023-01-30,14,2
1367,22993,23012,2023-01-30 14:29:00,2023-01-31 10:39:00,-1,20,0.0088730519513583045,0.013148088666223374,-0.0010347512926862064,0.0042750367148650693,False,False,False,2023-01-31,2023,1,2023-01-31,15,3
1368,23013,23015,2023-01-31 10:44:00,2023-01-31 10:54:00,1,3,-0.0045888021973532235,0,-0.0045888021973532235,0.0045888021973532235,True,False,False,2023-01-31,2023,-1,2023-01-31,15,3
1369,23016,23048,2023-01-31 10:59:00,2023-02-01 09:49:00,-1,33,-0.00088221461179869903,0.0047183345342807883,-0.0012936485628623328,0.0056005491460794869,False,True,False,2023-02-01,2023,-1,2023-02-01,16,3
1370,23049,23055,2023-02-01 09:54:00,2023-02-01 10:24:00,1,7,-0.0035728696514193896,0.0012142222147295061,-0.0035728696514193896,0.0047870918661488959,False,True,False,2023-02-01,2023,-1,2023-02-01,16,3
1371,23056,23065,2023-02-01 10:29:00,2023-02-01 11:14:00,-1,10,0.00094442647872103932,0.0062339298953892749,0,0.0052895034166682356,False,False,False,2023-02-01,2023,1,2023-02-01,16,3
1372,23066,23105,2023-02-01 11:19:00,2023-02-02 10:44:00,1,40,0.016206386081059714,0.022365895804159538,0,0.0061595097230998236,False,False,False,2023-02-02,2023,1,2023-02-02,17,3
1373,23106,23115,2023-02-02 10:49:00,2023-02-02 13:09:00,-1,10,-0.006813777399638757,0.0012500425576256221,-0.006813777399638757,0.0080638199572643787,False,True,False,2023-02-02,2023,-1,2023-02-02,17,3
1374,23116,23126,2023-02-02 13:14:00,2023-02-02 14:04:00,1,11,-0.0066588422300133164,0,-0.0066588422300133164,0.0066588422300133164,True,False,False,2023-02-02,2023,-1,2023-02-02,17,3
1375,23127,23149,2023-02-02 14:09:00,2023-02-03 10:34:00,-1,23,0.0079617403583813317,0.011902815220307715,-0.0011612492474622716,0.0039410748619263837,False,False,False,2023-02-03,2023,1,2023-02-03,18,3
1376,23150,23152,2023-02-03 10:39:00,2023-02-03 10:49:00,1,3,-0.0042252757448620623,0,-0.0042252757448620623,0.0042252757448620623,True,False,False,2023-02-03,2023,-1,2023-02-03,18,3
1377,23153,23166,2023-02-03 10:54:00,2023-02-03 13:34:00,-1,14,-0.0015474269774053907,0.0022961671963367932,-0.0032585590396085216,0.0038435941737421839,False,True,False,2023-02-03,2023,-1,2023-02-03,18,3
1378,23167,23186,2023-02-03 13:39:00,2023-02-06 09:49:00,1,20,0.0051343734372371868,0.010968746679103268,0,0.0058343732418660813,False,False,False,2023-02-06,2023,1,2023-02-06,19,3
1379,23187,23190,2023-02-06 09:54:00,2023-02-06 10:09:00,-1,4,-0.010267428439474018,0,-0.010267428439474018,0.010267428439474018,True,False,False,2023-02-06,2023,-1,2023-02-06,19,3
1380,23191,23194,2023-02-06 10:14:00,2023-02-06 10:29:00,1,4,-0.012772754784137929,0,-0.012772754784137929,0.012772754784137929,True,False,False,2023-02-06,2023,-1,2023-02-06,19,3
1381,23195,23231,2023-02-06 10:34:00,2023-02-07 09:44:00,-1,37,-0.002641623160397245,0.0030695261451282622,-0.0028752316336602213,0.0057111493055255072,False,True,False,2023-02-07,2023,-1,2023-02-07,20,4
1382,23232,23236,2023-02-07 09:49:00,2023-02-07 10:09:00,1,5,-0.0052608840329468748,0,-0.0059265652549719732,0.0052608840329468748,True,False,False,2023-02-07,2023,-1,2023-02-07,20,4
1383,23237,23252,2023-02-07 10:14:00,2023-02-07 11:29:00,-1,16,0.0012926097825011961,0.0045806174166284578,-0.00029354207647175828,0.0032880076341272619,False,False,False,2023-02-07,2023,1,2023-02-07,20,4
1384,23253,23257,2023-02-07 13:09:00,2023-02-07 13:29:00,1,5,-0.0032486840006183543,0.00047023326395255282,-0.0032486840006183543,0.0037189172645709073,False,True,False,2023-02-07,2023,-1,2023-02-07,20,4
1385,23258,23269,2023-02-07 13:34:00,2023-02-07 14:29:00,-1,12,-0.0012084474887239121,0.0023621593235953215,-0.0012084474887239121,0.0035706068123192336,False,True,False,2023-02-07,2023,-1,2023-02-07,20,4
1386,23270,23280,2023-02-07 14:34:00,2023-02-08 09:59:00,1,11,-0.00073668446226357728,0.0064595282104346037,-0.00079564267073728217,0.0071962126726981806,False,True,False,2023-02-08,2023,-1,2023-02-08,21,4
1387,23281,23299,2023-02-08 10:04:00,2023-02-08 13:09:00,-1,19,0.0014946803970556756,0.0017899472712422605,-0.0015709379764815156,0.00029526687418658486,False,False,False,2023-02-08,2023,1,2023-02-08,21,4
1388,23300,23302,2023-02-08 13:14:00,2023-02-08 13:24:00,1,3,-0.00043308792361638343,0,-0.00067924419470572698,0.00043308792361638343,True,False,False,2023-02-08,2023,-1,2023-02-08,21,4
1389,23303,23327,2023-02-08 13:29:00,2023-02-09 10:04:00,-1,25,0.0029578819483217561,0.0094763061383130089,0,0.0065184241899912529,False,False,False,2023-02-09,2023,1,2023-02-09,22,4
1390,23328,23370,2023-02-09 10:09:00,2023-02-10 09:49:00,1,43,0.018722852281914087,0.02360489561144517,0,0.0048820433295310821,False,False,False,2023-02-10,2023,1,2023-02-10,23,4
1391,23371,23402,2023-02-10 09:54:00,2023-02-10 14:04:00,-1,32,0.0080663254140813812,0.011942564838445904,-0.0024778362594337321,0.0038762394243645228,False,False,False,2023-02-10,2023,1,2023-02-10,23,4
1392,23403,23428,2023-02-10 14:09:00,2023-02-13 10:49:00,1,26,0.00055670859696878056,0.0073877217604184191,-0.002925366166853364,0.0068310131634496387,False,False,False,2023-02-13,2023,1,2023-02-13,24,4
1393,23429,23461,2023-02-13 10:54:00,2023-02-14 09:44:00,-1,33,-0.0047049742201509537,0.0010159822686290768,-0.0047438465343219108,0.0057209564887800305,False,True,False,2023-02-14,2023,-1,2023-02-14,25,5
1394,23462,23467,2023-02-14 09:49:00,2023-02-14 10:14:00,1,6,-0.0026176369621759314,0.0017380585702380443,-0.0042071290982683808,0.0043556955324139755,False,True,False,2023-02-14,2023,-1,2023-02-14,25,5
1395,23468,23493,2023-02-14 10:19:00,2023-02-14 13:59:00,-1,26,0.005412653781871949,0.0088277029292309732,0,0.0034150491473590242,False,False,False,2023-02-14,2023,1,2023-02-14,25,5
1396,23494,23509,2023-02-14 14:04:00,2023-02-15 09:54:00,1,16,-0.0030514002709087712,0.0027490686627756377,-0.0030514002709087712,0.0058004689336844089,False,True,False,2023-02-15,2023,-1,2023-02-15,26,5
1397,23510,23515,2023-02-15 09:59:00,2023-02-15 10:24:00,-1,6,-0.00077599717069779125,0.001229075152879143,-0.0024242198183797,0.0020050723235769344,False,True,False,2023-02-15,2023,-1,2023-02-15,26,5
1398,23516,23532,2023-02-15 10:29:00,2023-02-15 13:24:00,1,17,0.0027063615977427589,0.0075711251700692518,-0.0001178342074066945,0.0048647635723264929,False,False,False,2023-02-15,2023,1,2023-02-15,26,5
1399,23533,23539,2023-02-15 13:29:00,2023-02-15 13:59:00,-1,7,-0.0036068833731200335,0.0011267606825906176,-0.0036068833731200335,0.0047336440557106509,False,True,False,2023-02-15,2023,-1,2023-02-15,26,5
1400,23540,23554,2023-02-15 14:04:00,2023-02-16 09:49:00,1,15,-0.0043219842768981217,0.00027316273839886042,-0.0043219842768981217,0.0045951470152969824,False,True,False,2023-02-16,2023,-1,2023-02-16,27,5
1401,23555,23557,2023-02-16 09:54:00,2023-02-16 10:04:00,-1,3,-0.0069821434087816922,0,-0.0069821434087816922,0.0069821434087816922,True,False,False,2023-02-16,2023,-1,2023-02-16,27,5
1402,23558,23579,2023-02-16 10:09:00,2023-02-16 13:29:00,1,22,-0.0013243229387962896,0.0014294676938545934,-0.0039684719857022007,0.002753790632650883,False,True,False,2023-02-16,2023,-1,2023-02-16,27,5
1403,23580,23634,2023-02-16 13:34:00,2023-02-17 14:14:00,-1,55,0.029969308797968244,0.033802099402274972,0,0.0038327906043067288,False,False,False,2023-02-17,2023,1,2023-02-17,28,5
1404,23635,23637,2023-02-17 14:19:00,2023-02-17 14:29:00,1,3,-0.004589010549094245,0,-0.004589010549094245,0.004589010549094245,True,False,False,2023-02-17,2023,-1,2023-02-17,28,5
1405,23638,23649,2023-02-17 14:34:00,2023-02-20 10:04:00,-1,12,0.00089812358767499007,0.010046260408870199,-0.0006957433895139483,0.0091481368211952102,False,False,False,2023-02-20,2023,1,2023-02-20,29,5
1406,23650,23697,2023-02-20 10:09:00,2023-02-21 10:14:00,1,48,0.0074531507790142355,0.010524827256531687,-0.005141867862812257,0.0030716764775174515,False,False,False,2023-02-21,2023,1,2023-02-21,30,6
1407,23698,23708,2023-02-21 10:19:00,2023-02-21 11:09:00,-1,11,-0.0032115282348829707,0.0011530615057129482,-0.0033913089029526428,0.0043645897405959191,False,True,False,2023-02-21,2023,-1,2023-02-21,30,6
1408,23709,23710,2023-02-21 11:14:00,2023-02-21 11:19:00,1,2,-0.0082647585315696742,0,-0.0082647585315696742,0.0082647585315696742,True,False,False,2023-02-21,2023,-1,2023-02-21,30,6
1409,23711,23734,2023-02-21 11:24:00,2023-02-21 14:54:00,-1,24,-0.0023439357648803111,0.0026826431030301358,-0.0034887555808138025,0.0050265788679104469,False,True,False,2023-02-21,2023,-1,2023-02-21,30,6
1410,23735,23738,2023-02-21 14:59:00,2023-02-22 09:49:00,1,4,-0.0046328085117105277,0.00020094040175317037,-0.0059661959168293786,0.0048337489134636976,False,True,False,2023-02-22,2023,-1,2023-02-22,31,6
1411,23739,23750,2023-02-22 09:54:00,2023-02-22 10:49:00,-1,12,-0.0018859272095402826,0.0018996044836019775,-0.0018859272095402826,0.0037855316931422601,False,True,False,2023-02-22,2023,-1,2023-02-22,31,6
1412,23751,23759,2023-02-22 10:54:00,2023-02-22 13:09:00,1,9,-0.00058455958124975136,0,-0.0026332132831953267,0.00058455958124975136,True,False,False,2023-02-22,2023,-1,2023-02-22,31,6
1413,23760,23783,2023-02-22 13:14:00,2023-02-23 09:44:00,-1,24,-0.00067523648439300689,0.0041825002376036265,-0.00092707363774840415,0.0048577367219966331,False,True,False,2023-02-23,2023,-1,2023-02-23,32,6
1414,23784,23806,2023-02-23 09:49:00,2023-02-23 13:14:00,1,23,0.00053381949104418453,0.0045434519877674481,-0.0032695597060477238,0.004009632496723264,False,False,False,2023-02-23,2023,1,2023-02-23,32,6
1415,23807,23829,2023-02-23 13:19:00,2023-02-24 09:44:00,-1,23,0.00037263640685964361,0.003005185698889465,-0.0032872775884145466,0.0026325492920298214,False,False,False,2023-02-24,2023,1,2023-02-24,33,6
1416,23830,23837,2023-02-24 09:49:00,2023-02-24 10:24:00,1,8,-5.0366923044861504e-05,0.0049938559910892074,-5.0366923044861504e-05,0.0050442229141340689,False,True,False,2023-02-24,2023,-1,2023-02-24,33,6
1417,23838,23855,2023-02-24 10:29:00,2023-02-24 13:29:00,-1,18,-0.0019322705151581926,0.0035724415340180346,-0.0019322705151581926,0.0055047120491762275,False,True,False,2023-02-24,2023,-1,2023-02-24,33,6
1418,23856,23861,2023-02-24 13:34:00,2023-02-24 13:59:00,1,6,-0.0026779977344961619,0.0003518348222084029,-0.0026779977344961619,0.0030298325567045649,False,True,False,2023-02-24,2023,-1,2023-02-24,33,6
1419,23862,23870,2023-02-24 14:04:00,2023-02-24 14:44:00,-1,9,-0.0006953577593382538,0.0017051678777591983,-0.0008565311016163307,0.0024005256370974522,False,True,False,2023-02-24,2023,-1,2023-02-24,33,6
1420,23871,23875,2023-02-24 14:49:00,2023-02-27 09:44:00,1,5,-0.0051611844874621489,0.00074520904547358165,-0.0051611844874621489,0.0059063935329357305,False,True,False,2023-02-27,2023,-1,2023-02-27,34,6
1421,23876,23878,2023-02-27 09:49:00,2023-02-27 09:59:00,-1,3,-0.0083897677726207688,0,-0.0083897677726207688,0.0083897677726207688,True,False,False,2023-02-27,2023,-1,2023-02-27,34,6
1422,23879,23881,2023-02-27 10:04:00,2023-02-27 10:14:00,1,3,-0.0053867776946724287,0,-0.0072967276969922862,0.0053867776946724287,True,False,False,2023-02-27,2023,-1,2023-02-27,34,6
1423,23882,23891,2023-02-27 10:19:00,2023-02-27 11:04:00,-1,10,-0.003316050592190146,0.0012526772559812987,-0.003316050592190146,0.0045687278481714444,False,True,False,2023-02-27,2023,-1,2023-02-27,34,6
1424,23892,23897,2023-02-27 11:09:00,2023-02-27 13:09:00,1,6,-0.004407003870217913,0,-0.004407003870217913,0.004407003870217913,True,False,False,2023-02-27,2023,-1,2023-02-27,34,6
1425,23898,23921,2023-02-27 13:14:00,2023-02-28 09:44:00,-1,24,-0.0036318919686759337,0.0051780247728035753,-0.0036318919686759337,0.008809916741479509,False,True,False,2023-02-28,2023,-1,2023-02-28,35,7
1426,23922,23927,2023-02-28 09:49:00,2023-02-28 10:14:00,1,6,-0.0057363464979521047,0.0011875888313183434,-0.0057363464979521047,0.0069239353292704486,False,True,False,2023-02-28,2023,-1,2023-02-28,35,7
1427,23928,23958,2023-02-28 10:19:00,2023-02-28 14:24:00,-1,31,0.0027282102530963022,0.0065439407610318285,-0.0011741842793699495,0.0038157305079355264,False,False,False,2023-02-28,2023,1,2023-02-28,35,7
1428,23959,23969,2023-02-28 14:29:00,2023-03-01 09:54:00,1,11,0.0018669404856463852,0.0045900690063929318,0,0.0027231285207465466,False,False,False,2023-03-01,2023,1,2023-03-01,36,7
1429,23970,23972,2023-03-01 09:59:00,2023-03-01 10:09:00,-1,3,-0.0025411430588607418,0,-0.0025411430588607418,0.0025411430588607418,True,False,False,2023-03-01,2023,-1,2023-03-01,36,7
1430,23973,23981,2023-03-01 10:14:00,2023-03-01 10:54:00,1,9,0.00067722260468588969,0.0040766135849802411,0,0.0033993909802943513,False,False,False,2023-03-01,2023,1,2023-03-01,36,7
1431,23982,23986,2023-03-01 10:59:00,2023-03-01 11:19:00,-1,5,-0.0026337712946776209,0,-0.0030368020916855904,0.0026337712946776209,True,False,False,2023-03-01,2023,-1,2023-03-01,36,7
1432,23987,23996,2023-03-01 11:24:00,2023-03-01 13:44:00,1,10,0.0020235890866142992,0.0043541943908815802,0,0.002330605304267281,False,False,False,2023-03-01,2023,1,2023-03-01,36,7
1433,23997,24011,2023-03-01 13:49:00,2023-03-01 14:59:00,-1,15,7.0404473730503134e-05,0.0021747675228104201,0,0.0021043630490799169,False,False,False,2023-03-01,2023,1,2023-03-01,36,7
1434,24012,24015,2023-03-02 09:39:00,2023-03-02 09:54:00,1,4,-0.0014997863854604911,0,-0.0021648408235161259,0.0014997863854604911,True,False,False,2023-03-02,2023,-1,2023-03-02,37,7
1435,24016,24017,2023-03-02 09:59:00,2023-03-02 10:04:00,-1,2,-0.0020628834340247126,0,-0.0026357103504434788,0.0020628834340247126,True,False,False,2023-03-02,2023,-1,2023-03-02,37,7
1436,24018,24021,2023-03-02 10:09:00,2023-03-02 10:24:00,1,4,-0.0018815816869879451,0.0016271762045015894,-0.0018815816869879451,0.0035087578914895345,False,True,False,2023-03-02,2023,-1,2023-03-02,37,7
1437,24022,24035,2023-03-02 10:29:00,2023-03-02 13:09:00,-1,14,0.00021152190085930913,0.0033290993763468151,0,0.003117577475487506,False,False,False,2023-03-02,2023,1,2023-03-02,37,7
1438,24036,24040,2023-03-02 13:14:00,2023-03-02 13:34:00,1,5,-0.0033196977175071209,0.00024173566323064426,-0.0033196977175071209,0.0035614333807377652,False,True,False,2023-03-02,2023,-1,2023-03-02,37,7
1439,24041,24059,2023-03-02 13:39:00,2023-03-03 09:44:00,-1,19,-0.011586031580634244,0.0010719198502305511,-0.011586031580634244,0.012657951430864796,False,True,False,2023-03-03,2023,-1,2023-03-03,38,7
1440,24060,24069,2023-03-03 09:49:00,2023-03-03 10:34:00,1,10,-0.0073299334986808903,0,-0.0073299334986808903,0.0073299334986808903,True,False,False,2023-03-03,2023,-1,2023-03-03,38,7
1441,24070,24081,2023-03-03 10:39:00,2023-03-03 13:09:00,-1,12,-0.0023421921754451279,0.0032459051502316538,-0.0023421921754451279,0.0055880973256767818,False,True,False,2023-03-03,2023,-1,2023-03-03,38,7
1442,24082,24106,2023-03-03 13:14:00,2023-03-06 09:49:00,1,25,-0.0016278956516661749,0.0038781683949317097,-0.0016278956516661749,0.005506064046597885,False,True,False,2023-03-06,2023,-1,2023-03-06,39,7
1443,24107,24119,2023-03-06 09:54:00,2023-03-06 10:54:00,-1,13,-0.0024207857775630972,0.0022250533980214776,-0.0025812945908447833,0.0046458391755845752,False,True,False,2023-03-06,2023,-1,2023-03-06,39,7
1444,24120,24144,2023-03-06 10:59:00,2023-03-06 14:34:00,1,25,0.010171321762402041,0.013928134776976717,0,0.003756813014574676,False,False,False,2023-03-06,2023,1,2023-03-06,39,7
1445,24145,24173,2023-03-06 14:39:00,2023-03-07 13:09:00,-1,29,0.0033523863657909611,0.0060963650580531338,-0.0008735532330999933,0.0027439786922621727,False,False,False,2023-03-07,2023,1,2023-03-07,40,8
1446,24174,24178,2023-03-07 13:14:00,2023-03-07 13:34:00,1,5,-0.0038236764817983202,0,-0.0038236764817983202,0.0038236764817983202,True,False,False,2023-03-07,2023,-1,2023-03-07,40,8
1447,24179,24199,2023-03-07 13:39:00,2023-03-08 09:54:00,-1,21,0.0065833286761480684,0.0092349007559415584,0,0.00265157207979349,False,False,False,2023-03-08,2023,1,2023-03-08,41,8
1448,24200,24202,2023-03-08 09:59:00,2023-03-08 10:09:00,1,3,-0.0037828967592922159,0,-0.0037828967592922159,0.0037828967592922159,True,False,False,2023-03-08,2023,-1,2023-03-08,41,8
1449,24203,24205,2023-03-08 10:14:00,2023-03-08 10:24:00,-1,3,-0.0052015721960734906,0,-0.0052015721960734906,0.0052015721960734906,True,False,False,2023-03-08,2023,-1,2023-03-08,41,8
1450,24206,24211,2023-03-08 10:29:00,2023-03-08 10:54:00,1,6,-0.003827987226898262,0.0010250227005396126,-0.0038380802339584037,0.0048530099274378749,False,True,False,2023-03-08,2023,-1,2023-03-08,41,8
1451,24212,24225,2023-03-08 10:59:00,2023-03-08 13:39:00,-1,14,-0.0014523305393911038,0.0024859546332649434,-0.0014523305393911038,0.0039382851726560471,False,True,False,2023-03-08,2023,-1,2023-03-08,41,8
1452,24226,24231,2023-03-08 13:44:00,2023-03-08 14:09:00,1,6,-0.0023409053441585106,0.00036275330150620043,-0.0028764509313816454,0.0027036586456647112,False,True,False,2023-03-08,2023,-1,2023-03-08,41,8
1453,24232,24238,2023-03-08 14:14:00,2023-03-08 14:44:00,-1,7,-0.0033784326975035191,0,-0.0033784326975035191,0.0033784326975035191,True,False,False,2023-03-08,2023,-1,2023-03-08,41,8
1454,24239,24259,2023-03-08 14:49:00,2023-03-09 11:04:00,1,21,0.0049712124150392677,0.0097383849809178531,-0.00021144735794756007,0.0047671725658785854,False,False,False,2023-03-09,2023,1,2023-03-09,42,8
1455,24260,24265,2023-03-09 11:09:00,2023-03-09 13:09:00,-1,6,-0.0017916039643497556,0.0026582821092812092,-0.0017916039643497556,0.0044498860736309643,False,True,False,2023-03-09,2023,-1,2023-03-09,42,8
1456,24266,24285,2023-03-09 13:14:00,2023-03-09 14:49:00,1,20,-0.00029004205813152294,0.0029955089797982378,-0.0012207448058371142,0.0032855510379297607,False,True,False,2023-03-09,2023,-1,2023-03-09,42,8
1457,24286,24298,2023-03-09 14:54:00,2023-03-10 10:29:00,-1,13,0.0018522510139019821,0.012045731702989183,0,0.010193480689087202,False,False,False,2023-03-10,2023,1,2023-03-10,43,8
1458,24299,24310,2023-03-10 10:34:00,2023-03-10 11:29:00,1,12,0.00012025012039486391,0.0058454279964145206,0,0.0057251778760196567,False,False,False,2023-03-10,2023,1,2023-03-10,43,8
1459,24311,24337,2023-03-10 13:09:00,2023-03-13 09:54:00,-1,27,4.0081766809809197e-05,0.0046400999219120415,-0.0021220379519717699,0.0046000181551022323,False,False,False,2023-03-13,2023,1,2023-03-13,44,8
1460,24338,24340,2023-03-13 09:59:00,2023-03-13 10:09:00,1,3,-0.0018254220087444125,0,-0.0043886367770145304,0.0018254220087444125,True,False,False,2023-03-13,2023,-1,2023-03-13,44,8
1461,24341,24349,2023-03-13 10:14:00,2023-03-13 10:54:00,-1,9,-0.00070247978241850888,0.0032881370219030761,-0.00070247978241850888,0.0039906168043215848,False,True,False,2023-03-13,2023,-1,2023-03-13,44,8
1462,24350,24365,2023-03-13 10:59:00,2023-03-13 13:49:00,1,16,-0.0029939841319414052,0,-0.0040309056755334282,0.0029939841319414052,True,False,False,2023-03-13,2023,-1,2023-03-13,44,8
1463,24366,24371,2023-03-13 13:54:00,2023-03-13 14:19:00,-1,6,-0.0032848669633795272,0.0014499760877755888,-0.0032848669633795272,0.0047348430511551156,False,True,False,2023-03-13,2023,-1,2023-03-13,44,8
1464,24372,24382,2023-03-13 14:24:00,2023-03-14 09:49:00,1,11,-0.0027718375132907529,0.0021539101781863595,-0.0027718375132907529,0.0049257476914771128,False,True,False,2023-03-14,2023,-1,2023-03-14,45,9
1465,24383,24385,2023-03-14 09:54:00,2023-03-14 10:04:00,-1,3,-0.005125875774117614,0,-0.005125875774117614,0.005125875774117614,True,False,False,2023-03-14,2023,-1,2023-03-14,45,9
1466,24386,24393,2023-03-14 10:09:00,2023-03-14 10:44:00,1,8,-0.0044020466868097668,0,-0.0044020466868097668,0.0044020466868097668,True,False,False,2023-03-14,2023,-1,2023-03-14,45,9
1467,24394,24402,2023-03-14 10:49:00,2023-03-14 11:29:00,-1,9,-0.0019477135589903165,0.0054819505451377294,-0.0019477135589903165,0.0074296641041280455,False,True,False,2023-03-14,2023,-1,2023-03-14,45,9
1468,24403,24434,2023-03-14 13:09:00,2023-03-15 10:19:00,1,32,0.021345072192922414,0.02957798563001621,0,0.0082329134370937966,False,False,False,2023-03-15,2023,1,2023-03-15,46,9
1469,24435,24482,2023-03-15 10:24:00,2023-03-16 10:29:00,-1,48,0.012229366207657112,0.017011490211363865,-0.00034357683452168109,0.0047821240037067524,False,False,False,2023-03-16,2023,1,2023-03-16,47,9
1470,24483,24488,2023-03-16 10:34:00,2023-03-16 10:59:00,1,6,-0.0031556287416508715,0.001886624396592231,-0.0031556287416508715,0.0050422531382431027,False,True,False,2023-03-16,2023,-1,2023-03-16,47,9
1471,24489,24520,2023-03-16 11:04:00,2023-03-17 09:49:00,-1,32,0.0014667221395493605,0.012571588408520065,-0.0017632033098013548,0.011104866268970705,False,False,False,2023-03-17,2023,1,2023-03-17,48,9
1472,24521,24556,2023-03-17 09:54:00,2023-03-17 14:24:00,1,36,0.012897004159995951,0.019812416485976894,-0.00060927193890303192,0.0069154123259809429,False,False,False,2023-03-17,2023,1,2023-03-17,48,9
1473,24557,24564,2023-03-17 14:29:00,2023-03-20 09:39:00,-1,8,0.0011342063005472826,0.0036241047304444007,-0.00061095182278959382,0.0024898984298971178,False,False,False,2023-03-20,2023,1,2023-03-20,49,9
1474,24565,24588,2023-03-20 09:44:00,2023-03-20 13:14:00,1,24,0.013273143144964089,0.020163430876401892,0,0.0068902877314378028,False,False,False,2023-03-20,2023,1,2023-03-20,49,9
1475,24589,24618,2023-03-20 13:19:00,2023-03-21 10:19:00,-1,30,0.0015495644342408039,0.0042842081933292036,-0.0046246451209526612,0.0027346437590883999,False,False,False,2023-03-21,2023,1,2023-03-21,50,10
1476,24619,24623,2023-03-21 10:24:00,2023-03-21 10:44:00,1,5,-0.0015226645662416481,0.0015398262454465795,-0.0020502814114126008,0.0030624908116882277,False,True,False,2023-03-21,2023,-1,2023-03-21,50,10
1477,24624,24635,2023-03-21 10:49:00,2023-03-21 13:19:00,-1,12,0.00010745493008660874,0.0023373065127186283,-0.0045805028969761507,0.0022298515826320196,False,False,False,2023-03-21,2023,1,2023-03-21,50,10
1478,24636,24643,2023-03-21 13:24:00,2023-03-21 13:59:00,1,8,-0.0011827669324401199,0.0023321065383962582,-0.0011827669324401199,0.0035148734708363781,False,True,False,2023-03-21,2023,-1,2023-03-21,50,10
1479,24644,24649,2023-03-21 14:04:00,2023-03-21 14:29:00,-1,6,-0.0022275205583952976,0.0014877750723072624,-0.0028616514545017598,0.00371529563070256,False,True,False,2023-03-21,2023,-1,2023-03-21,50,10
1480,24650,24679,2023-03-21 14:34:00,2023-03-22 13:09:00,1,30,0.0086092667834099246,0.012375531339080559,0,0.0037662645556706346,False,False,False,2023-03-22,2023,1,2023-03-22,51,10
1481,24680,24695,2023-03-22 13:14:00,2023-03-22 14:29:00,-1,16,3.8701937036712133e-05,0.0046744011796769798,0,0.0046356992426402673,False,False,False,2023-03-22,2023,1,2023-03-22,51,10
1482,24696,24710,2023-03-22 14:34:00,2023-03-23 10:19:00,1,15,0.0087759154862905898,0.014628527129370327,-0.0019370090897357476,0.0058526116430797376,False,False,False,2023-03-23,2023,1,2023-03-23,52,10
1483,24711,24714,2023-03-23 10:24:00,2023-03-23 10:39:00,-1,4,-0.0033990678117757295,0,-0.0033990678117757295,0.0033990678117757295,True,False,False,2023-03-23,2023,-1,2023-03-23,52,10
1484,24715,24761,2023-03-23 10:44:00,2023-03-24 10:44:00,1,47,0.008528024577800896,0.012396794094375611,-0.00085107608879981297,0.0038687695165747146,False,False,False,2023-03-24,2023,1,2023-03-24,53,10
1485,24762,24770,2023-03-24 10:49:00,2023-03-24 11:29:00,-1,9,-0.00086207310223784871,0.0026857118328570489,-0.00086207310223784871,0.0035477849350948974,False,True,False,2023-03-24,2023,-1,2023-03-24,53,10
1486,24771,24784,2023-03-24 13:09:00,2023-03-24 14:14:00,1,14,0.0029406084890484093,0.0071426516235965848,0,0.0042020431345481755,False,False,False,2023-03-24,2023,1,2023-03-24,53,10
1487,24785,24793,2023-03-24 14:19:00,2023-03-24 14:59:00,-1,9,-0.0022728032681497623,0,-0.0029225728111700409,0.0022728032681497623,True,False,False,2023-03-24,2023,-1,2023-03-24,53,10
1488,24794,24806,2023-03-27 09:39:00,2023-03-27 10:39:00,1,13,0.0019950506791389156,0.0075264530672252876,-0.0047400613744129766,0.0055314023880863716,False,False,False,2023-03-27,2023,1,2023-03-27,54,10
1489,24807,24820,2023-03-27 10:44:00,2023-03-27 13:24:00,-1,14,0.0085824469701191453,0.016608118746624743,-0.00097725080836318394,0.0080256717765055975,False,False,False,2023-03-27,2023,1,2023-03-27,54,10
1490,24821,24832,2023-03-27 13:29:00,2023-03-27 14:24:00,1,12,0.0011940526233189489,0.0059749081093441727,-0.0011859865238901923,0.0047808554860252241,False,False,False,2023-03-27,2023,1,2023-03-27,54,10
1491,24833,24842,2023-03-27 14:29:00,2023-03-28 09:49:00,-1,10,-0.0019113047157516684,0,-0.0058642332810032293,0.0019113047157516684,True,False,False,2023-03-28,2023,-1,2023-03-28,55,11
1492,24843,24844,2023-03-28 09:54:00,2023-03-28 09:59:00,1,2,-0.0059921295796802835,0,-0.0059921295796802835,0.0059921295796802835,True,False,False,2023-03-28,2023,-1,2023-03-28,55,11
1493,24845,24862,2023-03-28 10:04:00,2023-03-28 11:29:00,-1,18,9.5097260723101245e-06,0.0048712924197725528,-0.00088400946799200349,0.0048617826937002425,False,False,False,2023-03-28,2023,1,2023-03-28,55,11
1494,24863,24869,2023-03-28 13:09:00,2023-03-28 13:39:00,1,7,-0.0019132932079688691,0.0030953897747364022,-0.0019132932079688691,0.0050086829827052717,False,True,False,2023-03-28,2023,-1,2023-03-28,55,11
1495,24870,24889,2023-03-28 13:44:00,2023-03-29 09:54:00,-1,20,0.00572361088395808,0.012994481658527811,0,0.0072708707745697309,False,False,False,2023-03-29,2023,1,2023-03-29,56,11
1496,24890,24894,2023-03-29 09:59:00,2023-03-29 10:19:00,1,5,-0.004870256453021039,0.0017903564910023222,-0.004870256453021039,0.006660612944023361,False,True,False,2023-03-29,2023,-1,2023-03-29,56,11
1497,24895,24898,2023-03-29 10:24:00,2023-03-29 10:39:00,-1,4,-0.0088773579133822715,0.00032745519453541115,-0.0088773579133822715,0.0092048131079176827,False,True,False,2023-03-29,2023,-1,2023-03-29,56,11
1498,24899,24924,2023-03-29 10:44:00,2023-03-29 14:24:00,1,26,0.021069912838028972,0.025461917324399345,0,0.0043920044863703725,False,False,False,2023-03-29,2023,1,2023-03-29,56,11
1499,24925,24937,2023-03-29 14:29:00,2023-03-30 10:04:00,-1,13,0.0052659317369049925,0.01210039068129129,0,0.0068344589443862973,False,False,False,2023-03-30,2023,1,2023-03-30,57,11
1500,24938,24945,2023-03-30 10:09:00,2023-03-30 10:44:00,1,8,-0.0049916282136767826,0.001483261945584334,-0.0049916282136767826,0.006474890159261117,False,True,False,2023-03-30,2023,-1,2023-03-30,57,11
1501,24946,24954,2023-03-30 10:49:00,2023-03-30 11:29:00,-1,9,-0.0017923180407425812,0.0050925860695030488,-0.0017923180407425812,0.0068849041102456302,False,True,False,2023-03-30,2023,-1,2023-03-30,57,11
1502,24955,24968,2023-03-30 13:09:00,2023-03-30 14:14:00,1,14,0.0029926054217471938,0.0079885150512738982,0,0.0049959096295267048,False,False,False,2023-03-30,2023,1,2023-03-30,57,11
1503,24969,24978,2023-03-30 14:19:00,2023-03-31 09:39:00,-1,10,0.0041336574822748978,0.0041336574822748978,-0.00056363962375568328,0,False,False,False,2023-03-31,2023,1,2023-03-31,58,11
1504,24979,24991,2023-03-31 09:44:00,2023-03-31 10:44:00,1,13,0.0055703111719449415,0.010689768292474904,0,0.0051194571205299627,False,False,False,2023-03-31,2023,1,2023-03-31,58,11
1505,24992,25001,2023-03-31 10:49:00,2023-03-31 13:09:00,-1,10,-0.0025489658632784551,0.0027624586520698844,-0.0025489658632784551,0.005311424515348339,False,True,False,2023-03-31,2023,-1,2023-03-31,58,11
1506,25002,25038,2023-03-31 13:14:00,2023-04-03 10:49:00,1,37,0.027062489959344915,0.03838486956977466,0,0.011322379610429745,False,False,False,2023-04-03,2023,1,2023-04-03,59,11
1507,25039,25044,2023-04-03 10:54:00,2023-04-03 11:19:00,-1,6,-0.0082463284191955401,0,-0.0082463284191955401,0.0082463284191955401,True,False,False,2023-04-03,2023,-1,2023-04-03,59,11
1508,25045,25073,2023-04-03 11:24:00,2023-04-04 09:54:00,1,29,0.012417389244067651,0.016504715780160384,0,0.0040873265360927332,False,False,False,2023-04-04,2023,1,2023-04-04,60,12
1509,25074,25076,2023-04-04 09:59:00,2023-04-04 10:09:00,-1,3,-0.0083969518138768857,0,-0.0083969518138768857,0.0083969518138768857,True,False,False,2023-04-04,2023,-1,2023-04-04,60,12
1510,25077,25085,2023-04-04 10:14:00,2023-04-04 10:54:00,1,9,-0.002675812092471158,0.012958309165128162,-0.002675812092471158,0.015634121257599321,False,True,False,2023-04-04,2023,-1,2023-04-04,60,12
1511,25086,25092,2023-04-04 10:59:00,2023-04-04 11:29:00,-1,7,-0.011748446090503744,0,-0.011748446090503744,0.011748446090503744,True,False,False,2023-04-04,2023,-1,2023-04-04,60,12
1512,25093,25100,2023-04-04 13:09:00,2023-04-04 13:44:00,1,8,-0.0018167381829487868,0.0050466947249473079,-0.0027043655080826669,0.0068634329078960943,False,True,False,2023-04-04,2023,-1,2023-04-04,60,12
1513,25101,25111,2023-04-04 13:49:00,2023-04-04 14:39:00,-1,11,0.006141610743520768,0.018673403991658934,0,0.012531793248138166,False,False,False,2023-04-04,2023,1,2023-04-04,60,12
1514,25112,25134,2023-04-04 14:44:00,2023-04-06 11:09:00,1,23,0.022469713231285465,0.029033496573673805,-0.0017427232464076964,0.00656378334238834,False,False,False,2023-04-06,2023,1,2023-04-06,61,12
1515,25135,25143,2023-04-06 11:14:00,2023-04-06 13:29:00,-1,9,-0.0034337019329237161,0.0090459858108320503,-0.0034337019329237161,0.012479687743755767,False,True,False,2023-04-06,2023,-1,2023-04-06,61,12
1516,25144,25149,2023-04-06 13:34:00,2023-04-06 13:59:00,1,6,-0.0094233787936105987,0.001540467694487339,-0.0094233787936105987,0.010963846488097938,False,True,False,2023-04-06,2023,-1,2023-04-06,61,12
1517,25150,25159,2023-04-06 14:04:00,2023-04-06 14:49:00,-1,10,-0.003922050044309156,0.0067782675349332229,-0.003922050044309156,0.010700317579242379,False,True,False,2023-04-06,2023,-1,2023-04-06,61,12
1518,25160,25181,2023-04-06 14:54:00,2023-04-07 11:14:00,1,22,-0.0090036231018929391,0.0053721314519290745,-0.0090036231018929391,0.014375754553822014,False,True,False,2023-04-07,2023,-1,2023-04-07,62,12
1519,25182,25186,2023-04-07 11:19:00,2023-04-07 13:14:00,-1,5,-0.010370984912845877,0,-0.010370984912845877,0.010370984912845877,True,False,False,2023-04-07,2023,-1,2023-04-07,62,12
1520,25187,25210,2023-04-07 13:19:00,2023-04-10 09:49:00,1,24,-0.0068817065312122474,0.0047022368301714284,-0.0068817065312122474,0.011583943361383676,False,True,False,2023-04-10,2023,-1,2023-04-10,63,12
1521,25211,25214,2023-04-10 09:54:00,2023-04-10 10:09:00,-1,4,-0.01089508984467053,0.0020310239241885519,-0.01089508984467053,0.012926113768859082,False,True,False,2023-04-10,2023,-1,2023-04-10,63,12
1522,25215,25221,2023-04-10 10:14:00,2023-04-10 10:44:00,1,7,-0.0075741562365313365,0.0086194491493427287,-0.0075741562365313365,0.016193605385874065,False,True,False,2023-04-10,2023,-1,2023-04-10,63,12
1523,25222,25266,2023-04-10 10:49:00,2023-04-11 10:39:00,-1,45,0.015075882130132608,0.021874569803402709,-0.0023752568468230002,0.0067986876732701006,False,False,False,2023-04-11,2023,1,2023-04-11,64,12
1524,25267,25273,2023-04-11 10:44:00,2023-04-11 11:14:00,1,7,-0.0066301515861905812,0.00044045102896697109,-0.0066301515861905812,0.0070706026151575521,False,True,False,2023-04-11,2023,-1,2023-04-11,64,12
1525,25274,25293,2023-04-11 11:19:00,2023-04-11 14:29:00,-1,20,0.0078537232293287122,0.016021943281574864,0,0.0081682200522461522,False,False,False,2023-04-11,2023,1,2023-04-11,64,12
1526,25294,25329,2023-04-11 14:34:00,2023-04-12 13:39:00,1,36,0.010643742974998833,0.01547021583479806,-0.0051714440659121298,0.0048264728597992267,False,False,False,2023-04-12,2023,1,2023-04-12,65,13
1527,25330,25364,2023-04-12 13:44:00,2023-04-13 11:09:00,-1,35,0.0096162278180967689,0.016084799070834623,-0.0025087909132237756,0.0064685712527378543,False,False,False,2023-04-13,2023,1,2023-04-13,66,13
1528,25365,25368,2023-04-13 11:14:00,2023-04-13 11:29:00,1,4,-0.0049417299900764711,0,-0.0060641804619447643,0.0049417299900764711,True,False,False,2023-04-13,2023,-1,2023-04-13,66,13
1529,25369,25393,2023-04-13 13:09:00,2023-04-14 09:44:00,-1,25,0.001517853023771928,0.013899028163960502,0,0.012381175140188574,False,False,False,2023-04-14,2023,1,2023-04-14,67,13
1530,25394,25398,2023-04-14 09:49:00,2023-04-14 10:09:00,1,5,-0.0067639730475281675,0,-0.011280659787889617,0.0067639730475281675,True,False,False,2023-04-14,2023,-1,2023-04-14,67,13
1531,25399,25406,2023-04-14 10:14:00,2023-04-14 10:49:00,-1,8,-0.0032163374160591035,0.0070013861915650209,-0.0032163374160591035,0.010217723607624124,False,True,False,2023-04-14,2023,-1,2023-04-14,67,13
1532,25407,25453,2023-04-14 10:54:00,2023-04-17 10:54:00,1,47,0.029874982665605603,0.035418790652420498,0,0.005543807986814895,False,False,False,2023-04-17,2023,1,2023-04-17,68,13
1533,25454,25476,2023-04-17 10:59:00,2023-04-17 14:24:00,-1,23,0.0013754256569493408,0.0069313862180877851,0,0.0055559605611384443,False,False,False,2023-04-17,2023,1,2023-04-17,68,13
1534,25477,25486,2023-04-17 14:29:00,2023-04-18 09:49:00,1,10,-0.015496241745138429,0.00010519487360012618,-0.015496241745138429,0.015601436618738555,False,True,False,2023-04-18,2023,-1,2023-04-18,69,13
1535,25487,25508,2023-04-18 09:54:00,2023-04-18 13:14:00,-1,22,-0.0025343146242353429,0.0057772918201188352,-0.0057441063497180147,0.0083116064443541776,False,True,False,2023-04-18,2023,-1,2023-04-18,69,13
1536,25509,25522,2023-04-18 13:19:00,2023-04-18 14:24:00,1,14,0.0036434757005768949,0.0093962973826406462,0,0.0057528216820637509,False,False,False,2023-04-18,2023,1,2023-04-18,69,13
1537,25523,25532,2023-04-18 14:29:00,2023-04-19 09:49:00,-1,10,-0.0095901822156711641,0.0019308958089993443,-0.0095901822156711641,0.011521078024670509,False,True,False,2023-04-19,2023,-1,2023-04-19,70,14
1538,25533,25538,2023-04-19 09:54:00,2023-04-19 10:19:00,1,6,-0.0083079323550210651,0,-0.0096963731470656143,0.0083079323550210651,True,False,False,2023-04-19,2023,-1,2023-04-19,70,14
1539,25539,25544,2023-04-19 10:24:00,2023-04-19 10:49:00,-1,6,-0.0030618976788716443,0.0023801003091267043,-0.0040217723524394663,0.0054419979879983486,False,True,False,2023-04-19,2023,-1,2023-04-19,70,14
1540,25545,25560,2023-04-19 10:54:00,2023-04-19 13:44:00,1,16,0.0072423054659618031,0.013946104823150804,0,0.0067037993571890005,False,False,False,2023-04-19,2023,1,2023-04-19,70,14
1541,25561,25578,2023-04-19 13:49:00,2023-04-20 09:49:00,-1,18,-0.0031003173181316178,0.010746172567744138,-0.0031003173181316178,0.013846489885875756,False,True,False,2023-04-20,2023,-1,2023-04-20,71,14
1542,25579,25590,2023-04-20 09:54:00,2023-04-20 10:49:00,1,12,0.0051921964263928824,0.012323260472387253,-9.5922006761850541e-05,0.007131064045994371,False,False,False,2023-04-20,2023,1,2023-04-20,71,14
1543,25591,25601,2023-04-20 10:54:00,2023-04-20 13:19:00,-1,11,-0.0048978135672696228,8.6749830892330314e-05,-0.0058986505575359099,0.0049845633981619531,False,True,False,2023-04-20,2023,-1,2023-04-20,71,14
1544,25602,25607,2023-04-20 13:24:00,2023-04-20 13:49:00,1,6,-0.0045855764727010338,0.00050917157161114307,-0.0045855764727010338,0.0050947480443121768,False,True,False,2023-04-20,2023,-1,2023-04-20,71,14
1545,25608,25613,2023-04-20 13:54:00,2023-04-20 14:19:00,-1,6,-0.0060778372655281767,0,-0.0060778372655281767,0.0060778372655281767,True,False,False,2023-04-20,2023,-1,2023-04-20,71,14
1546,25614,25624,2023-04-20 14:24:00,2023-04-21 09:49:00,1,11,-0.007848471250386322,0.0035448825667605084,-0.007848471250386322,0.011393353817146831,False,True,False,2023-04-21,2023,-1,2023-04-21,72,14
1547,25625,25656,2023-04-21 09:54:00,2023-04-21 14:04:00,-1,32,0.015734154076802377,0.025221807153842545,-0.0037285650951388123,0.0094876530770401681,False,False,False,2023-04-21,2023,1,2023-04-21,72,14
1548,25657,25661,2023-04-21 14:09:00,2023-04-21 14:29:00,1,5,-0.0023413731136400578,0.0026528136687856345,-0.0050163556649772106,0.0049941867824256922,False,True,False,2023-04-21,2023,-1,2023-04-21,72,14
1549,25662,25688,2023-04-21 14:34:00,2023-04-24 11:19:00,-1,27,0.021069783327498509,0.030719414987294295,0,0.0096496316597957862,False,False,False,2023-04-24,2023,1,2023-04-24,73,14
1550,25689,25694,2023-04-24 11:24:00,2023-04-24 13:24:00,1,6,-0.0067349477976286036,0,-0.0070169364562760132,0.0067349477976286036,True,False,False,2023-04-24,2023,-1,2023-04-24,73,14
1551,25695,25716,2023-04-24 13:29:00,2023-04-25 09:49:00,-1,22,0.0044026231585730484,0.0083018345279314149,0,0.0038992113693583665,False,False,False,2023-04-25,2023,1,2023-04-25,74,14
1552,25717,25718,2023-04-25 09:54:00,2023-04-25 09:59:00,1,2,-0.0072062141994886876,0,-0.0072062141994886876,0.0072062141994886876,True,False,False,2023-04-25,2023,-1,2023-04-25,74,14
1553,25719,25723,2023-04-25 10:04:00,2023-04-25 10:24:00,-1,5,-0.0097425961988186309,0,-0.010198098215458253,0.0097425961988186309,True,False,False,2023-04-25,2023,-1,2023-04-25,74,14
1554,25724,25728,2023-04-25 10:29:00,2023-04-25 10:49:00,1,5,-0.0068483711395870353,0,-0.0068483711395870353,0.0068483711395870353,True,False,False,2023-04-25,2023,-1,2023-04-25,74,14
1555,25729,25732,2023-04-25 10:54:00,2023-04-25 11:09:00,-1,4,-0.0080413463879626217,0,-0.0097781762470054781,0.0080413463879626217,True,False,False,2023-04-25,2023,-1,2023-04-25,74,14
1556,25733,25736,2023-04-25 11:14:00,2023-04-25 11:29:00,1,4,-0.0083625136041390428,0,-0.0083625136041390428,0.0083625136041390428,True,False,False,2023-04-25,2023,-1,2023-04-25,74,14
1557,25737,25749,2023-04-25 13:09:00,2023-04-25 14:09:00,-1,13,0.0095443009596609604,0.017498016231023549,0,0.0079537152713625887,False,False,False,2023-04-25,2023,1,2023-04-25,74,14
1558,25750,25755,2023-04-25 14:14:00,2023-04-25 14:39:00,1,6,-0.0035457738524965984,0.0019993897416166447,-0.0048577375662343996,0.0055451635941132435,False,True,False,2023-04-25,2023,-1,2023-04-25,74,14
1559,25756,25764,2023-04-25 14:44:00,2023-04-26 09:59:00,-1,9,-0.0051752077071325585,0.0039784082028083614,-0.0065803125354051296,0.0091536159099409199,False,True,False,2023-04-26,2023,-1,2023-04-26,75,15
1560,25765,25769,2023-04-26 10:04:00,2023-04-26 10:24:00,1,5,-0.0084630145927489433,0.0013773915864221074,-0.0084630145927489433,0.0098404061791710507,False,True,False,2023-04-26,2023,-1,2023-04-26,75,15
1561,25770,25777,2023-04-26 10:29:00,2023-04-26 11:04:00,-1,8,0.00051323925073934852,0.010843163305176875,-0.0015008789016817924,0.010329924054437526,False,False,False,2023-04-26,2023,1,2023-04-26,75,15
1562,25778,25798,2023-04-26 11:09:00,2023-04-26 14:24:00,1,21,0.0032429740747696263,0.012245618952909933,-0.005156314794778254,0.0090026448781403076,False,False,False,2023-04-26,2023,1,2023-04-26,75,15
1563,25799,25809,2023-04-26 14:29:00,2023-04-27 09:54:00,-1,11,-0.006399101852370935,0.0081929002014296606,-0.006399101852370935,0.014592002053800596,False,True,False,2023-04-27,2023,-1,2023-04-27,76,15
1564,25810,25820,2023-04-27 09:59:00,2023-04-27 10:49:00,1,11,-0.008382776770491809,0,-0.008382776770491809,0.008382776770491809,True,False,False,2023-04-27,2023,-1,2023-04-27,76,15
1565,25821,25849,2023-04-27 10:54:00,2023-04-27 14:49:00,-1,29,0.0034832665829800215,0.011777859746769743,0,0.0082945931637897208,False,False,False,2023-04-27,2023,1,2023-04-27,76,15
1566,25850,25883,2023-04-27 14:54:00,2023-04-28 13:49:00,1,34,0.0055134594035242358,0.010552468947649727,-0.0046319820275774002,0.0050390095441254909,False,False,False,2023-04-28,2023,1,2023-04-28,77,15
1567,25884,25891,2023-04-28 13:54:00,2023-04-28 14:29:00,-1,8,-0.0073504865894206406,0.00089352202519599742,-0.0073504865894206406,0.0082440086146166377,False,True,False,2023-04-28,2023,-1,2023-04-28,77,15
1568,25892,25900,2023-04-28 14:34:00,2023-05-04 09:49:00,1,9,-0.0078343785792837836,0.0047724431838295995,-0.0078343785792837836,0.012606821763113382,False,True,False,2023-05-04,2023,-1,2023-05-04,78,15
1569,25901,25937,2023-05-04 09:54:00,2023-05-04 14:29:00,-1,37,0.0087597260059848435,0.012334215509263996,0,0.0035744895032791529,False,False,False,2023-05-04,2023,1,2023-05-04,78,15
1570,25938,25946,2023-05-04 14:34:00,2023-05-05 09:49:00,1,9,-0.0046776335754367872,0.0014824825849338596,-0.0046776335754367872,0.0061601161603706467,False,True,False,2023-05-05,2023,-1,2023-05-05,79,15
1571,25947,25951,2023-05-05 09:54:00,2023-05-05 10:14:00,-1,5,-0.0050531534401561619,0,-0.0050531534401561619,0.0050531534401561619,True,False,False,2023-05-05,2023,-1,2023-05-05,79,15
1572,25952,25954,2023-05-05 10:19:00,2023-05-05 10:29:00,1,3,-0.0048927919661848436,0,-0.0048927919661848436,0.0048927919661848436,True,False,False,2023-05-05,2023,-1,2023-05-05,79,15
1573,25955,25981,2023-05-05 10:34:00,2023-05-05 14:19:00,-1,27,0.0081543422900111455,0.011812673828493908,-0.0011689182239907393,0.0036583315384827626,False,False,False,2023-05-05,2023,1,2023-05-05,79,15
1574,25982,25986,2023-05-05 14:24:00,2023-05-05 14:44:00,1,5,-0.0026757461152126412,0,-0.0029999879643244683,0.0026757461152126412,True,False,False,2023-05-05,2023,-1,2023-05-05,79,15
1575,25987,25994,2023-05-05 14:49:00,2023-05-08 09:59:00,-1,8,-0.0094614728999132675,0.001431270639937191,-0.0094614728999132675,0.010892743539850459,False,True,False,2023-05-08,2023,-1,2023-05-08,80,16
1576,25995,26007,2023-05-08 10:04:00,2023-05-08 11:04:00,1,13,-0.0065480175400194577,0.0016043944966087765,-0.0065480175400194577,0.0081524120366282347,False,True,False,2023-05-08,2023,-1,2023-05-08,80,16
1577,26008,26013,2023-05-08 11:09:00,2023-05-08 13:09:00,-1,6,-0.0030376982435435101,0.00012360175530211513,-0.0043259309855670537,0.0031612999988456254,False,True,False,2023-05-08,2023,-1,2023-05-08,80,16
1578,26014,26044,2023-05-08 13:14:00,2023-05-09 10:19:00,1,31,0.0017330452419636031,0.0056049560957291064,-0.0017835293934606584,0.0038719108537655033,False,False,False,2023-05-09,2023,1,2023-05-09,81,16
1579,26045,26103,2023-05-09 10:24:00,2023-05-10 11:24:00,-1,59,0.032807169957284006,0.036460866651298045,-0.001191500769809236,0.0036536966940140386,False,False,False,2023-05-10,2023,1,2023-05-10,82,16
1580,26104,26112,2023-05-10 11:29:00,2023-05-10 13:44:00,1,9,0.0021389964643021408,0.0081117187655295221,-0.00071401676571351911,0.0059727223012273813,False,False,False,2023-05-10,2023,1,2023-05-10,82,16
1581,26113,26125,2023-05-10 13:49:00,2023-05-10 14:49:00,-1,13,-0.0006047305719525354,0.0048608591927335959,-0.0006047305719525354,0.0054655897646861311,False,True,False,2023-05-10,2023,-1,2023-05-10,82,16
1582,26126,26142,2023-05-10 14:54:00,2023-05-11 10:49:00,1,17,0.0053679917292748999,0.013106525253701731,-0.00037059793474471378,0.0077385335244268307,False,False,False,2023-05-11,2023,1,2023-05-11,83,16
1583,26143,26176,2023-05-11 10:54:00,2023-05-12 09:49:00,-1,34,-0.0021701229210366367,0.0046466949233687996,-0.0028763342236478784,0.0068168178444054364,False,True,False,2023-05-12,2023,-1,2023-05-12,84,16
1584,26177,26184,2023-05-12 09:54:00,2023-05-12 10:29:00,1,8,-0.0071676540075174596,0.00053212332971622677,-0.0071676540075174596,0.0076997773372336868,False,True,False,2023-05-12,2023,-1,2023-05-12,84,16
1585,26185,26225,2023-05-12 10:34:00,2023-05-15 10:04:00,-1,41,0.0071997650236701773,0.01262394094910026,-0.0032599786562402264,0.0054241759254300831,False,False,False,2023-05-15,2023,1,2023-05-15,85,17
1586,26226,26229,2023-05-15 10:09:00,2023-05-15 10:24:00,1,4,-0.003875630705712234,0.0022750907100833359,-0.003875630705712234,0.0061507214157955695,False,True,False,2023-05-15,2023,-1,2023-05-15,85,17
1587,26230,26246,2023-05-15 10:29:00,2023-05-15 13:24:00,-1,17,0.0024867288663702278,0.0070023033616905166,-0.00028577482124149953,0.0045155744953202888,False,False,False,2023-05-15,2023,1,2023-05-15,85,17
1588,26247,26276,2023-05-15 13:29:00,2023-05-16 10:29:00,1,30,0.013279417035342387,0.017385439773038965,-0.00032610145997049228,0.0041060227376965783,False,False,False,2023-05-16,2023,1,2023-05-16,86,17
1589,26277,26280,2023-05-16 10:34:00,2023-05-16 10:49:00,-1,4,-0.0059298317045452312,0,-0.0059298317045452312,0.0059298317045452312,True,False,False,2023-05-16,2023,-1,2023-05-16,86,17
1590,26281,26291,2023-05-16 10:54:00,2023-05-16 13:19:00,1,11,-0.0033883363080812246,0.0011720775687835249,-0.0033883363080812246,0.0045604138768647494,False,True,False,2023-05-16,2023,-1,2023-05-16,86,17
1591,26292,26314,2023-05-16 13:24:00,2023-05-17 09:49:00,-1,23,0.00099245933711791324,0.0045519975278853755,-0.0017392914101852491,0.0035595381907674623,False,False,False,2023-05-17,2023,1,2023-05-17,87,17
1592,26315,26327,2023-05-17 09:54:00,2023-05-17 10:54:00,1,13,0.0011869437595292346,0.0063947585060404096,0,0.0052078147465111748,False,False,False,2023-05-17,2023,1,2023-05-17,87,17
1593,26328,26356,2023-05-17 10:59:00,2023-05-17 14:54:00,-1,29,0.00022366034838346843,0.0039359389886491512,-0.0028739558007002544,0.0037122786402656828,False,False,False,2023-05-17,2023,1,2023-05-17,87,17
1594,26357,26371,2023-05-17 14:59:00,2023-05-18 10:44:00,1,15,0.0028745977394443335,0.0077309485820771431,0,0.0048563508426328096,False,False,False,2023-05-18,2023,1,2023-05-18,88,17
1595,26372,26374,2023-05-18 10:49:00,2023-05-18 10:59:00,-1,3,-0.0054255714599288594,0,-0.0054255714599288594,0.0054255714599288594,True,False,False,2023-05-18,2023,-1,2023-05-18,88,17
1596,26375,26387,2023-05-18 11:04:00,2023-05-18 13:39:00,1,13,-0.0032072983808990501,0.0015901701941339668,-0.0032072983808990501,0.0047974685750330169,False,True,False,2023-05-18,2023,-1,2023-05-18,88,17
1597,26388,26399,2023-05-18 13:44:00,2023-05-18 14:39:00,-1,12,-0.0003386042764209321,0.0024122425682375445,-0.00086079749977532936,0.0027508468446584763,False,True,False,2023-05-18,2023,-1,2023-05-18,88,17
1598,26400,26414,2023-05-18 14:44:00,2023-05-19 10:29:00,1,15,0.0035821740849939438,0.011253581368070711,0,0.0076714072830767676,False,False,False,2023-05-19,2023,1,2023-05-19,89,17
1599,26415,26422,2023-05-19 10:34:00,2023-05-19 11:09:00,-1,8,-0.0064272451135515048,0,-0.0064272451135515048,0.0064272451135515048,True,False,False,2023-05-19,2023,-1,2023-05-19,89,17
1600,26423,26434,2023-05-19 11:14:00,2023-05-19 13:44:00,1,12,-0.0013224219494337409,0.0024390139350049644,-0.0013224219494337409,0.003761435884438705,False,True,False,2023-05-19,2023,-1,2023-05-19,89,17
1601,26435,26463,2023-05-19 13:49:00,2023-05-22 10:44:00,-1,29,0.0064357776934286029,0.0089094957143068948,-0.0029968952405347834,0.0024737180208782919,False,False,False,2023-05-22,2023,1,2023-05-22,90,18
1602,26464,26467,2023-05-22 10:49:00,2023-05-22 11:04:00,1,4,-0.0026478817933188077,0.0019572402420438219,-0.0026478817933188077,0.0046051220353626292,False,True,False,2023-05-22,2023,-1,2023-05-22,90,18
1603,26468,26486,2023-05-22 11:09:00,2023-05-22 14:14:00,-1,19,0.0016851488177429326,0.0052585232407866339,-9.6761396148941305e-05,0.0035733744230437015,False,False,False,2023-05-22,2023,1,2023-05-22,90,18
1604,26487,26497,2023-05-22 14:19:00,2023-05-23 09:44:00,1,11,-0.0055987704570205719,0.0022172206696675391,-0.0055987704570205719,0.007815991126688111,False,True,False,2023-05-23,2023,-1,2023-05-23,91,18
1605,26498,26513,2023-05-23 09:49:00,2023-05-23 11:04:00,-1,16,-0.00067234098989282743,0.0059146028057751199,-0.00067234098989282743,0.0065869437956679478,False,True,False,2023-05-23,2023,-1,2023-05-23,91,18
1606,26514,26521,2023-05-23 11:09:00,2023-05-23 13:19:00,1,8,-0.003864814546850984,0.00018505802595908697,-0.003864814546850984,0.0040498725728100714,False,True,False,2023-05-23,2023,-1,2023-05-23,91,18
1607,26522,26555,2023-05-23 13:24:00,2023-05-24 10:44:00,-1,34,0.010024161378896616,0.014835956568212299,-0.00028353678101942343,0.0048117951893156836,False,False,False,2023-05-24,2023,1,2023-05-24,92,18
1608,26556,26570,2023-05-24 10:49:00,2023-05-24 13:34:00,1,15,0.0053488969244749824,0.010317473856557088,-0.0016112534191107034,0.0049685769320821057,False,False,False,2023-05-24,2023,1,2023-05-24,92,18
1609,26571,26591,2023-05-24 13:39:00,2023-05-25 09:54:00,-1,21,-0.0022374447519871773,0.0062876553619533974,-0.0029723534359184884,0.0085251001139405747,False,True,False,2023-05-25,2023,-1,2023-05-25,93,18
1610,26592,26601,2023-05-25 09:59:00,2023-05-25 10:44:00,1,10,-0.0059776802191847007,0.0014399132662863653,-0.0059776802191847007,0.0074175934854710662,False,True,False,2023-05-25,2023,-1,2023-05-25,93,18
1611,26602,26626,2023-05-25 10:49:00,2023-05-25 14:24:00,-1,25,-0.002393394195763645,0.0067976653070115477,-0.002393394195763645,0.0091910595027751927,False,True,False,2023-05-25,2023,-1,2023-05-25,93,18
1612,26627,26655,2023-05-25 14:29:00,2023-05-26 11:24:00,1,29,0.012280290032869139,0.015724070143817478,-0.0018807455657299252,0.0034437801109483395,False,False,False,2023-05-26,2023,1,2023-05-26,94,18
1613,26656,26657,2023-05-26 11:29:00,2023-05-26 13:09:00,-1,2,-0.0046051979453776842,0,-0.0046051979453776842,0.0046051979453776842,True,False,False,2023-05-26,2023,-1,2023-05-26,94,18
1614,26658,26683,2023-05-26 13:14:00,2023-05-29 09:54:00,1,26,0.00034816247933929997,0.0082746603344093471,-0.001732943290133501,0.0079264978550700471,False,False,False,2023-05-29,2023,1,2023-05-29,95,19
1615,26684,26687,2023-05-29 09:59:00,2023-05-29 10:14:00,-1,4,-0.0049481892530490439,0.0014321104785467178,-0.0050155393629997061,0.0063802997315957621,False,True,False,2023-05-29,2023,-1,2023-05-29,95,19
1616,26688,26693,2023-05-29 10:19:00,2023-05-29 10:44:00,1,6,-0.002726674425989633,0,-0.0046871469192018636,0.002726674425989633,True,False,False,2023-05-29,2023,-1,2023-05-29,95,19
1617,26694,26717,2023-05-29 10:49:00,2023-05-29 14:19:00,-1,24,0.0050296078481151642,0.0083611150112826039,-0.00075226406085962387,0.0033315071631674397,False,False,False,2023-05-29,2023,1,2023-05-29,95,19
1618,26718,26723,2023-05-29 14:24:00,2023-05-29 14:49:00,1,6,-0.0024757174018085015,0,-0.0024757174018085015,0.0024757174018085015,True,False,False,2023-05-29,2023,-1,2023-05-29,95,19
1619,26724,26732,2023-05-29 14:54:00,2023-05-30 10:09:00,-1,9,-0.00085505801142260278,0.0050285152004681012,-0.0013017293464340071,0.0058835732118907042,False,True,False,2023-05-30,2023,-1,2023-05-30,96,19
1620,26733,26746,2023-05-30 10:14:00,2023-05-30 11:19:00,1,14,0.0018727414929223928,0.0067853306702825907,-0.00069953852743354626,0.0049125891773601979,False,False,False,2023-05-30,2023,1,2023-05-30,96,19
1621,26747,26757,2023-05-30 11:24:00,2023-05-30 13:49:00,-1,11,0.0009310807027263703,0.0048296832149707534,-0.00024232672546165693,0.0038986025122443833,False,False,False,2023-05-30,2023,1,2023-05-30,96,19
1622,26758,26787,2023-05-30 13:54:00,2023-05-31 10:54:00,1,30,0.01192189744515685,0.019458577545628072,0,0.0075366801004712221,False,False,False,2023-05-31,2023,1,2023-05-31,97,19
1623,26788,26806,2023-05-31 10:59:00,2023-05-31 14:04:00,-1,19,-0.0047158844053276187,0.003178767376054146,-0.0047158844053276187,0.0078946517813817639,False,True,False,2023-05-31,2023,-1,2023-05-31,97,19
1624,26807,26827,2023-05-31 14:09:00,2023-06-01 10:24:00,1,21,0.0060036811238783246,0.0097531174206788619,-0.0020634518541539377,0.0037494362968005374,False,False,False,2023-06-01,2023,1,2023-06-01,98,19
1625,26828,26829,2023-06-01 10:29:00,2023-06-01 10:34:00,-1,2,-0.0027755560638181064,0,-0.004873419281476549,0.0027755560638181064,True,False,False,2023-06-01,2023,-1,2023-06-01,98,19
1626,26830,26850,2023-06-01 10:39:00,2023-06-01 13:54:00,1,21,0.0050576165329910801,0.0091622383451734415,-0.0015336555121966155,0.0041046218121823614,False,False,False,2023-06-01,2023,1,2023-06-01,98,19
1627,26851,26876,2023-06-01 13:59:00,2023-06-02 10:39:00,-1,26,0.0085923443768987414,0.013693716437474574,-0.00025409253810469229,0.0051013720605758324,False,False,False,2023-06-02,2023,1,2023-06-02,99,19
1628,26877,26891,2023-06-02 10:44:00,2023-06-02 13:29:00,1,15,0.0011006111399832314,0.0045842095813963309,-0.0021953488348639937,0.0034835984414130997,False,False,False,2023-06-02,2023,1,2023-06-02,99,19
1629,26892,26912,2023-06-02 13:34:00,2023-06-05 09:49:00,-1,21,-0.0069551035408848445,0.0013284751061815249,-0.0069551035408848445,0.008283578647066369,False,True,False,2023-06-05,2023,-1,2023-06-05,100,20
1630,26913,26924,2023-06-05 09:54:00,2023-06-05 10:49:00,1,12,-0.0031880503511240721,0.0039661333368955385,-0.0031880503511240721,0.0071541836880196106,False,True,False,2023-06-05,2023,-1,2023-06-05,100,20
1631,26925,27006,2023-06-05 10:54:00,2023-06-07 09:59:00,-1,82,0.031623150490140951,0.037029863862999661,0,0.0054067133728587097,False,False,False,2023-06-07,2023,1,2023-06-07,102,20
1632,27007,27010,2023-06-07 10:04:00,2023-06-07 10:19:00,1,4,-0.0049656514847263742,0,-0.0049656514847263742,0.0049656514847263742,True,False,False,2023-06-07,2023,-1,2023-06-07,102,20
1633,27011,27028,2023-06-07 10:24:00,2023-06-07 13:24:00,-1,18,-0.00036250520885860787,0.0026296438643536486,-0.0029940728028218684,0.0029921490732122565,False,True,False,2023-06-07,2023,-1,2023-06-07,102,20
1634,27029,27035,2023-06-07 13:29:00,2023-06-07 13:59:00,1,7,-0.001627403474768347,0.00032320462561910731,-0.002206456493926711,0.0019506081003874544,False,True,False,2023-06-07,2023,-1,2023-06-07,102,20
1635,27036,27071,2023-06-07 14:04:00,2023-06-08 13:09:00,-1,36,0.011704812541536994,0.012966354073994241,-0.0019995693867078468,0.0012615415324572464,False,False,False,2023-06-08,2023,1,2023-06-08,103,20
1636,27072,27073,2023-06-08 13:14:00,2023-06-08 13:19:00,1,2,-0.0029527140172623291,0,-0.0029527140172623291,0.0029527140172623291,True,False,False,2023-06-08,2023,-1,2023-06-08,103,20
1637,27074,27078,2023-06-08 13:24:00,2023-06-08 13:44:00,-1,5,-0.0063024688912911393,0,-0.0063024688912911393,0.0063024688912911393,True,False,False,2023-06-08,2023,-1,2023-06-08,103,20
1638,27079,27088,2023-06-08 13:49:00,2023-06-08 14:34:00,1,10,-0.0036078936945760859,0,-0.0039852934150124888,0.0036078936945760859,True,False,False,2023-06-08,2023,-1,2023-06-08,103,20
1639,27089,27099,2023-06-08 14:39:00,2023-06-09 10:04:00,-1,11,-0.0035188442968375655,0.0028738080804539246,-0.0035188442968375655,0.0063926523772914901,False,True,False,2023-06-09,2023,-1,2023-06-09,104,20
1640,27100,27104,2023-06-09 10:09:00,2023-06-09 10:29:00,1,5,-0.0025362870880471641,0.00042538668785430448,-0.0041843554488461944,0.0029616737759014687,False,True,False,2023-06-09,2023,-1,2023-06-09,104,20
1641,27105,27113,2023-06-09 10:34:00,2023-06-09 11:14:00,-1,9,-0.0018929169944409592,0.0024731222100553198,-0.0018929169944409592,0.0043660392044962788,False,True,False,2023-06-09,2023,-1,2023-06-09,104,20
1642,27114,27122,2023-06-09 11:19:00,2023-06-09 13:34:00,1,9,-0.0016945377521938184,0.0032521961199060284,-0.0017143739055676289,0.0049467338720998472,False,True,False,2023-06-09,2023,-1,2023-06-09,104,20
1643,27123,27126,2023-06-09 13:39:00,2023-06-09 13:54:00,-1,4,-0.004611130276017502,0,-0.004611130276017502,0.004611130276017502,True,False,False,2023-06-09,2023,-1,2023-06-09,104,20
1644,27127,27149,2023-06-09 13:59:00,2023-06-12 10:24:00,1,23,0.013950591184646048,0.018593404633587204,-0.0012941149221555974,0.0046428134489411559,False,False,False,2023-06-12,2023,1,2023-06-12,105,21
1645,27150,27162,2023-06-12 10:29:00,2023-06-12 11:29:00,-1,13,-0.0030231914268786337,0.0038529678902804506,-0.0030231914268786337,0.0068761593171590843,False,True,False,2023-06-12,2023,-1,2023-06-12,105,21
1646,27163,27186,2023-06-12 13:09:00,2023-06-13 09:39:00,1,24,-0.0062899412858916049,0,-0.0062899412858916049,0.0062899412858916049,True,False,False,2023-06-13,2023,-1,2023-06-13,106,21
1647,27187,27192,2023-06-13 09:44:00,2023-06-13 10:09:00,-1,6,-0.0033251616426332063,0.0014857536577997524,-0.0033543662550170762,0.0048109153004329587,False,True,False,2023-06-13,2023,-1,2023-06-13,106,21
1648,27193,27232,2023-06-13 10:14:00,2023-06-14 09:39:00,1,40,0.007806138093003066,0.015906386331662272,0,0.0081002482386592061,False,False,False,2023-06-14,2023,1,2023-06-14,107,21
1649,27233,27255,2023-06-14 09:44:00,2023-06-14 13:09:00,-1,23,0.00055073263323327003,0.0035609609636536124,-0.0047795802865268962,0.0030102283304203423,False,False,False,2023-06-14,2023,1,2023-06-14,107,21
1650,27256,27268,2023-06-14 13:14:00,2023-06-14 14:14:00,1,13,-0.0017508311245129225,0.0025289344662239692,-0.0017508311245129225,0.0042797655907368913,False,True,False,2023-06-14,2023,-1,2023-06-14,107,21
1651,27269,27271,2023-06-14 14:19:00,2023-06-14 14:29:00,-1,3,-0.0049447201044040719,0,-0.0049447201044040719,0.0049447201044040719,True,False,False,2023-06-14,2023,-1,2023-06-14,107,21
1652,27272,27277,2023-06-14 14:34:00,2023-06-14 14:59:00,1,6,-0.0022375473481662331,0,-0.0027204338599059372,0.0022375473481662331,True,False,False,2023-06-14,2023,-1,2023-06-14,107,21
1653,27278,27290,2023-06-15 09:39:00,2023-06-15 10:39:00,-1,13,0.00091768383057606883,0.0034626207340547727,0,0.002544936903478704,False,False,False,2023-06-15,2023,1,2023-06-15,108,21
1654,27291,27297,2023-06-15 10:44:00,2023-06-15 11:14:00,1,7,-0.0018475800512909011,0.0012941735032776791,-0.0018475800512909011,0.00314175355456858,False,True,False,2023-06-15,2023,-1,2023-06-15,108,21
1655,27298,27306,2023-06-15 11:19:00,2023-06-15 13:34:00,-1,9,-0.0017992575663459734,0.0027438051370817697,-0.0017992575663459734,0.0045430627034277436,False,True,False,2023-06-15,2023,-1,2023-06-15,108,21
1656,27307,27334,2023-06-15 13:39:00,2023-06-16 10:29:00,1,28,0.0038103001248888007,0.007884251722087449,-0.0024094182124823321,0.0040739515971986483,False,False,False,2023-06-16,2023,1,2023-06-16,109,21
1657,27335,27338,2023-06-16 10:34:00,2023-06-16 10:49:00,-1,4,-0.0028842291227085814,0,-0.0028842291227085814,0.0028842291227085814,True,False,False,2023-06-16,2023,-1,2023-06-16,109,21
1658,27339,27371,2023-06-16 10:54:00,2023-06-19 09:44:00,1,33,0.0048650711753120681,0.012403082275007665,0,0.0075380110996955971,False,False,False,2023-06-19,2023,1,2023-06-19,110,22
1659,27372,27376,2023-06-19 09:49:00,2023-06-19 10:09:00,-1,5,-0.0050791763353020131,0,-0.0056493288665452317,0.0050791763353020131,True,False,False,2023-06-19,2023,-1,2023-06-19,110,22
1660,27377,27405,2023-06-19 10:14:00,2023-06-19 14:09:00,1,29,0.0022596948584688876,0.0064994354688905215,0,0.0042397406104216339,False,False,False,2023-06-19,2023,1,2023-06-19,110,22
1661,27406,27432,2023-06-19 14:14:00,2023-06-20 10:59:00,-1,27,0.0060881251183193246,0.01012285600098619,-0.0019801517638100901,0.0040347308826668652,False,False,False,2023-06-20,2023,1,2023-06-20,111,22
1662,27433,27454,2023-06-20 11:04:00,2023-06-20 14:24:00,1,22,0.0017827100954247331,0.0089197675151443667,0,0.0071370574197196337,False,False,False,2023-06-20,2023,1,2023-06-20,111,22
1663,27455,27459,2023-06-20 14:29:00,2023-06-20 14:49:00,-1,5,-0.0060205106500502911,0,-0.0060205106500502911,0.0060205106500502911,True,False,False,2023-06-20,2023,-1,2023-06-20,111,22
1664,27460,27464,2023-06-20 14:54:00,2023-06-21 09:49:00,1,5,-0.012249988870638315,0,-0.012249988870638315,0.012249988870638315,True,False,False,2023-06-21,2023,-1,2023-06-21,112,22
1665,27465,27473,2023-06-21 09:54:00,2023-06-21 10:34:00,-1,9,0.0044666302269589829,0.012304880423318539,0,0.0078382501963595551,False,False,False,2023-06-21,2023,1,2023-06-21,112,22
1666,27474,27479,2023-06-21 10:39:00,2023-06-21 11:04:00,1,6,-0.003066126551188555,0.0027207761858057699,-0.003066126551188555,0.005786902736994325,False,True,False,2023-06-21,2023,-1,2023-06-21,112,22
1667,27480,27526,2023-06-21 11:09:00,2023-06-26 11:09:00,-1,47,0.019827348764419165,0.027867702417904171,-0.00064678996544715629,0.0080403536534850058,False,False,False,2023-06-26,2023,1,2023-06-26,113,22
1668,27527,27534,2023-06-26 11:14:00,2023-06-26 13:24:00,1,8,0.0023022668794303058,0.013171089176053329,0,0.010868822296623023,False,False,False,2023-06-26,2023,1,2023-06-26,113,22
1669,27535,27556,2023-06-26 13:29:00,2023-06-27 09:49:00,-1,22,0.0013866286008542012,0.0090129386667641854,-0.0010215308133338032,0.0076263100659099839,False,False,False,2023-06-27,2023,1,2023-06-27,114,22
1670,27557,27563,2023-06-27 09:54:00,2023-06-27 10:24:00,1,7,-0.0065658172834239508,0,-0.0069224930689195906,0.0065658172834239508,True,False,False,2023-06-27,2023,-1,2023-06-27,114,22
1671,27564,27577,2023-06-27 10:29:00,2023-06-27 13:09:00,-1,14,-0.0019198992507502084,0.0014770685358667965,-0.0022461135368860175,0.0033969677866170049,False,True,False,2023-06-27,2023,-1,2023-06-27,114,22
1672,27578,27584,2023-06-27 13:14:00,2023-06-27 13:44:00,1,7,-6.9210652535900256e-05,0.0031785229860059978,-0.0004647920139450496,0.0032477336385418982,False,True,False,2023-06-27,2023,-1,2023-06-27,114,22
1673,27585,27594,2023-06-27 13:49:00,2023-06-27 14:34:00,-1,10,-0.0021531723151866338,0.00010876927575333714,-0.0024787076016470847,0.002261941590939971,False,True,False,2023-06-27,2023,-1,2023-06-27,114,22
1674,27595,27603,2023-06-27 14:39:00,2023-06-28 09:54:00,1,9,-0.007894530211744126,0.00083828501666832701,-0.007894530211744126,0.0087328152284124536,False,True,False,2023-06-28,2023,-1,2023-06-28,115,23
1675,27604,27611,2023-06-28 09:59:00,2023-06-28 10:34:00,-1,8,-0.0027310075516950609,0.0075564721532052652,-0.0027310075516950609,0.010287479704900326,False,True,False,2023-06-28,2023,-1,2023-06-28,115,23
1676,27612,27624,2023-06-28 10:39:00,2023-06-28 13:14:00,1,13,-0.0025321371350024474,0.0050056492150215015,-0.0029895982339254753,0.0075377863500239485,False,True,False,2023-06-28,2023,-1,2023-06-28,115,23
1677,27625,27632,2023-06-28 13:19:00,2023-06-28 13:54:00,-1,8,-0.0042067727482050805,0.0019605995561766871,-0.0042067727482050805,0.0061673723043817671,False,True,False,2023-06-28,2023,-1,2023-06-28,115,23
1678,27633,27641,2023-06-28 13:59:00,2023-06-28 14:39:00,1,9,-0.0029945189008840295,0.0036368707689075821,-0.0029945189008840295,0.0066313896697916116,False,True,False,2023-06-28,2023,-1,2023-06-28,115,23
1679,27642,27649,2023-06-28 14:44:00,2023-06-29 09:54:00,-1,8,-0.0029747171167428138,0.00050658310784418943,-0.0034201624456951002,0.0034813002245870032,False,True,False,2023-06-29,2023,-1,2023-06-29,116,23
1680,27650,27653,2023-06-29 09:59:00,2023-06-29 10:14:00,1,4,-0.0055500264086859432,0.0011577453956731895,-0.0055500264086859432,0.0067077718043591326,False,True,False,2023-06-29,2023,-1,2023-06-29,116,23
1681,27654,27676,2023-06-29 10:19:00,2023-06-29 13:44:00,-1,23,0.00065731816564803766,0.0016141892703835743,-0.001850120885030649,0.00095687110473553663,False,False,False,2023-06-29,2023,1,2023-06-29,116,23
1682,27677,27688,2023-06-29 13:49:00,2023-06-29 14:44:00,1,12,-0.00037865200340794932,0.0034212889051839701,-0.00037865200340813938,0.0037999409085919195,False,True,False,2023-06-29,2023,-1,2023-06-29,116,23
1683,27689,27715,2023-06-29 14:49:00,2023-06-30 13:09:00,-1,27,-0.0042962483911846514,0.0037544103452049043,-0.0042962483911846514,0.0080506587363895557,False,True,False,2023-06-30,2023,-1,2023-06-30,117,23
1684,27716,27724,2023-06-30 13:14:00,2023-06-30 13:54:00,1,9,-0.0043361148385911968,0,-0.0043361148385911968,0.0043361148385911968,True,False,False,2023-06-30,2023,-1,2023-06-30,117,23
1685,27725,27729,2023-06-30 13:59:00,2023-06-30 14:19:00,-1,5,-0.0030054558668500247,0,-0.0041177698924093958,0.0030054558668500247,True,False,False,2023-06-30,2023,-1,2023-06-30,117,23
1686,27730,27742,2023-06-30 14:24:00,2023-07-03 09:59:00,1,13,-0.0012926321776018154,0.0059444371805183575,-0.0012926321776018154,0.0072370693581201729,False,True,False,2023-07-03,2023,-1,2023-07-03,118,23
1687,27743,27754,2023-07-03 10:04:00,2023-07-03 10:59:00,-1,12,0.00044783918346029232,0.0049472955670249331,0,0.0044994563835646408,False,False,False,2023-07-03,2023,1,2023-07-03,118,23
1688,27755,27768,2023-07-03 11:04:00,2023-07-03 13:44:00,1,14,0.0032298967183242732,0.0056182711336138511,0,0.0023883744152895779,False,False,False,2023-07-03,2023,1,2023-07-03,118,23
1689,27769,27794,2023-07-03 13:49:00,2023-07-04 10:29:00,-1,26,-0.002655596641850823,0.0021554194276931604,-0.002655596641850823,0.004811016069543983,False,True,False,2023-07-04,2023,-1,2023-07-04,119,23
1690,27795,27812,2023-07-04 10:34:00,2023-07-04 13:34:00,1,18,0.0051621550854160578,0.01043491153409202,-0.00016824270534359815,0.0052727564486759627,False,False,False,2023-07-04,2023,1,2023-07-04,119,23
1691,27813,27825,2023-07-04 13:39:00,2023-07-04 14:39:00,-1,13,6.8916291346106314e-05,0.0023063513707557498,-0.00018703456748651301,0.0022374350794096436,False,False,False,2023-07-04,2023,1,2023-07-04,119,23
1692,27826,27832,2023-07-04 14:44:00,2023-07-05 09:49:00,1,7,-0.0013891833147832288,0.0013085980683855789,-0.003234557329235937,0.0026977813831688077,False,True,False,2023-07-05,2023,-1,2023-07-05,120,24
1693,27833,27880,2023-07-05 09:54:00,2023-07-06 09:59:00,-1,48,0.0035457352565164495,0.0092312614493359688,-0.0018124512447762076,0.0056855261928195188,False,False,False,2023-07-06,2023,1,2023-07-06,121,24
1694,27881,27891,2023-07-06 10:04:00,2023-07-06 10:54:00,1,11,-0.0028238390252717741,0.0015818251625051786,-0.0028238390252717741,0.0044056641877769529,False,True,False,2023-07-06,2023,-1,2023-07-06,121,24
1695,27892,27934,2023-07-06 10:59:00,2023-07-07 10:39:00,-1,43,0.01086408762071029,0.017799158520850081,-0.0020814962564893805,0.0069350709001397906,False,False,False,2023-07-07,2023,1,2023-07-07,122,24
1696,27935,27945,2023-07-07 10:44:00,2023-07-07 13:09:00,1,11,-0.0038591849148843448,9.0271265212973114e-05,-0.0038591849148843448,0.0039494561800973178,False,True,False,2023-07-07,2023,-1,2023-07-07,122,24
1697,27946,27949,2023-07-07 13:14:00,2023-07-07 13:29:00,-1,4,-0.0046613105908193658,0,-0.0046613105908193658,0.0046613105908193658,True,False,False,2023-07-07,2023,-1,2023-07-07,122,24
1698,27950,27957,2023-07-07 13:34:00,2023-07-07 14:09:00,1,8,-0.0012435692034149465,0.0034717914580232757,-0.0012435692034149465,0.0047153606614382219,False,True,False,2023-07-07,2023,-1,2023-07-07,122,24
1699,27958,27970,2023-07-07 14:14:00,2023-07-10 09:49:00,-1,13,-0.00031103731193450699,0.0044050276395483376,-0.00031103731193450699,0.0047160649514828446,False,True,False,2023-07-10,2023,-1,2023-07-10,123,24
1700,27971,27981,2023-07-10 09:54:00,2023-07-10 10:44:00,1,11,-0.00047161055876957924,0.0041545967987775727,-0.00049168402766631199,0.0046262073575471518,False,True,False,2023-07-10,2023,-1,2023-07-10,123,24
1701,27982,28006,2023-07-10 10:49:00,2023-07-10 14:24:00,-1,25,0.0022708556612553153,0.005595996768581084,-0.001093395100379154,0.0033251411073257687,False,False,False,2023-07-10,2023,1,2023-07-10,123,24
1702,28007,28026,2023-07-10 14:29:00,2023-07-11 10:39:00,1,20,0.0041359292004491165,0.0066372812340391432,-0.0011373645573225461,0.0025013520335900267,False,False,False,2023-07-11,2023,1,2023-07-11,124,24
1703,28027,28033,2023-07-11 10:44:00,2023-07-11 11:14:00,-1,7,-0.0038993810407135076,0.00039077569471692721,-0.0038993810407135076,0.0042901567354304351,False,True,False,2023-07-11,2023,-1,2023-07-11,124,24
1704,28034,28039,2023-07-11 11:19:00,2023-07-11 13:19:00,1,6,-0.0032984856885848778,0.00029932353105964677,-0.0032984856885848778,0.0035978092196445243,False,True,False,2023-07-11,2023,-1,2023-07-11,124,24
1705,28040,28054,2023-07-11 13:24:00,2023-07-11 14:34:00,-1,15,-0.0026795996636407816,0.0003204325867299031,-0.0026795996636407816,0.0030000322503706848,False,True,False,2023-07-11,2023,-1,2023-07-11,124,24
1706,28055,28062,2023-07-11 14:39:00,2023-07-12 09:49:00,1,8,-0.0055571552273729697,0,-0.0056274430560603467,0.0055571552273729697,True,False,False,2023-07-12,2023,-1,2023-07-12,125,25
1707,28063,28070,2023-07-12 09:54:00,2023-07-12 10:29:00,-1,8,-0.0030077019786329188,0.0025838119044235787,-0.0030077019786329188,0.0055915138830564971,False,True,False,2023-07-12,2023,-1,2023-07-12,125,25
1708,28071,28075,2023-07-12 10:34:00,2023-07-12 10:54:00,1,5,-0.0033391021473659585,0,-0.0036706121785804353,0.0033391021473659585,True,False,False,2023-07-12,2023,-1,2023-07-12,125,25
1709,28076,28108,2023-07-12 10:59:00,2023-07-13 09:49:00,-1,33,0.0042677897468741191,0.011699230245062215,0,0.0074314404981880959,False,False,False,2023-07-13,2023,1,2023-07-13,126,25
1710,28109,28125,2023-07-13 09:54:00,2023-07-13 11:14:00,1,17,-0.00010087560029558901,0.0030718277344009767,-0.00011096372002115473,0.0031727033346965658,False,True,False,2023-07-13,2023,-1,2023-07-13,126,25
1711,28126,28130,2023-07-13 11:19:00,2023-07-13 13:14:00,-1,5,-0.0024282739456576215,0,-0.0024282739456576215,0.0024282739456576215,True,False,False,2023-07-13,2023,-1,2023-07-13,126,25
1712,28131,28148,2023-07-13 13:19:00,2023-07-13 14:44:00,1,18,0.0015686908673081454,0.0038870495851321572,0,0.0023183587178240116,False,False,False,2023-07-13,2023,1,2023-07-13,126,25
1713,28149,28153,2023-07-13 14:49:00,2023-07-14 09:44:00,-1,5,-0.0048213636289324794,2.0095857239738599e-05,-0.0048213636289324794,0.0048414594861722181,False,True,False,2023-07-14,2023,-1,2023-07-14,127,25
1714,28154,28160,2023-07-14 09:49:00,2023-07-14 10:19:00,1,7,-0.004299013039456635,0,-0.004299013039456635,0.004299013039456635,True,False,False,2023-07-14,2023,-1,2023-07-14,127,25
1715,28161,28164,2023-07-14 10:24:00,2023-07-14 10:39:00,-1,4,-0.0040689980874706972,0,-0.0040689980874706972,0.0040689980874706972,True,False,False,2023-07-14,2023,-1,2023-07-14,127,25
1716,28165,28168,2023-07-14 10:44:00,2023-07-14 10:59:00,1,4,-0.0023030640918619612,0,-0.0032057089022640897,0.0023030640918619612,True,False,False,2023-07-14,2023,-1,2023-07-14,127,25
1717,28169,28244,2023-07-14 11:04:00,2023-07-18 09:39:00,-1,76,0.012589949203715103,0.01526346219416588,0,0.0026735129904507764,False,False,False,2023-07-18,2023,1,2023-07-18,129,25
1718,28245,28252,2023-07-18 09:44:00,2023-07-18 10:19:00,1,8,-0.0011274931741874763,0.0013391500428785123,-0.0013511113166491751,0.0024666432170659886,False,True,False,2023-07-18,2023,-1,2023-07-18,129,25
1719,28253,28269,2023-07-18 10:24:00,2023-07-18 13:19:00,-1,17,-0.00097520349862545105,0.0032167788719753248,-0.00097520349862545105,0.0041919823706007761,False,True,False,2023-07-18,2023,-1,2023-07-18,129,25
1720,28270,28273,2023-07-18 13:24:00,2023-07-18 13:39:00,1,4,-0.0032441971105782131,0,-0.0032441971105782131,0.0032441971105782131,True,False,False,2023-07-18,2023,-1,2023-07-18,129,25
1721,28274,28292,2023-07-18 13:44:00,2023-07-19 09:49:00,-1,19,-0.00079422460365272162,0.0013149111781368082,-0.0052525558008124354,0.0021091357817895296,False,True,False,2023-07-19,2023,-1,2023-07-19,130,26
1722,28293,28295,2023-07-19 09:54:00,2023-07-19 10:04:00,1,3,-0.0018031881576355637,0,-0.0022825476609375393,0.0018031881576355637,True,False,False,2023-07-19,2023,-1,2023-07-19,130,26
1723,28296,28325,2023-07-19 10:09:00,2023-07-19 14:09:00,-1,30,0.0030534686694421173,0.0067525655338177611,0,0.0036990968643756438,False,False,False,2023-07-19,2023,1,2023-07-19,130,26
1724,28326,28331,2023-07-19 14:14:00,2023-07-19 14:39:00,1,6,-0.0029294595307878838,0,-0.0029807502620511649,0.0029294595307878838,True,False,False,2023-07-19,2023,-1,2023-07-19,130,26
1725,28332,28362,2023-07-19 14:44:00,2023-07-20 13:24:00,-1,31,0.005513396261556904,0.0091300367317454102,-0.0021006581245199517,0.0036166404701885061,False,False,False,2023-07-20,2023,1,2023-07-20,131,26
1726,28363,28367,2023-07-20 13:29:00,2023-07-20 13:49:00,1,5,-0.0029853697841658372,0,-0.0029853697841658372,0.0029853697841658372,True,False,False,2023-07-20,2023,-1,2023-07-20,131,26
1727,28368,28388,2023-07-20 13:54:00,2023-07-21 10:09:00,-1,21,0.0045623828374731041,0.0094171658859720491,-0.00039304923964851807,0.004854783048498945,False,False,False,2023-07-21,2023,1,2023-07-21,132,26
1728,28389,28397,2023-07-21 10:14:00,2023-07-21 10:54:00,1,9,-0.0021327848198646076,0.0012255921766765364,-0.0021327848198646076,0.003358376996541144,False,True,False,2023-07-21,2023,-1,2023-07-21,132,26
1729,28398,28418,2023-07-21 10:59:00,2023-07-21 14:14:00,-1,21,0.0041223830407184324,0.0063209684566812004,-0.00053102045676530602,0.002198585415962768,False,False,False,2023-07-21,2023,1,2023-07-21,132,26
1730,28419,28432,2023-07-21 14:19:00,2023-07-24 09:59:00,1,14,-0.0018946834167781479,0.00023004852033858825,-0.0021461819300709842,0.0021247319371167361,False,True,False,2023-07-24,2023,-1,2023-07-24,133,26
1731,28433,28434,2023-07-24 10:04:00,2023-07-24 10:09:00,-1,2,-0.0035247948551884352,0,-0.0035247948551884352,0.0035247948551884352,True,False,False,2023-07-24,2023,-1,2023-07-24,133,26
1732,28435,28443,2023-07-24 10:14:00,2023-07-24 10:54:00,1,9,-0.00092967389768553572,0.0027317863257980222,-0.00092967389768553572,0.0036614602234835581,False,True,False,2023-07-24,2023,-1,2023-07-24,133,26
1733,28444,28475,2023-07-24 10:59:00,2023-07-25 09:44:00,-1,32,-0.0023903354196024556,0.0074160271492902229,-0.0026405204535878395,0.0098063625688926785,False,True,False,2023-07-25,2023,-1,2023-07-25,134,26
1734,28476,28541,2023-07-25 09:49:00,2023-07-26 11:24:00,1,66,0.0050644603648239894,0.0088227929021412934,-0.0012727426188106528,0.003758332537317304,False,False,False,2023-07-26,2023,1,2023-07-26,135,27
1735,28542,28567,2023-07-26 11:29:00,2023-07-27 09:44:00,-1,26,0.0016402806688316052,0.0046787845674539199,0,0.0030385038986223147,False,False,False,2023-07-27,2023,1,2023-07-27,136,27
1736,28568,28571,2023-07-27 09:49:00,2023-07-27 10:04:00,1,4,-0.0025592223949229389,0,-0.0025592223949229389,0.0025592223949229389,True,False,False,2023-07-27,2023,-1,2023-07-27,136,27
1737,28572,28626,2023-07-27 10:09:00,2023-07-28 10:49:00,-1,55,0.0092720192918128563,0.011545560889626041,-0.0012076038861621812,0.0022735415978131848,False,False,False,2023-07-28,2023,1,2023-07-28,137,27
1738,28627,28679,2023-07-28 10:54:00,2023-07-31 11:24:00,1,53,0.019933730717177078,0.023421442396232776,-0.0008519724728713586,0.0034877116790556981,False,False,False,2023-07-31,2023,1,2023-07-31,138,27
1739,28680,28702,2023-07-31 11:29:00,2023-07-31 14:54:00,-1,23,-0.00022671063576083577,0.0044725703995519821,-0.0005151771292875323,0.0046992810353128182,False,True,False,2023-07-31,2023,-1,2023-07-31,138,27
1740,28703,28707,2023-07-31 14:59:00,2023-08-01 09:54:00,1,5,-0.003240657572178457,0,-0.0034681041748999965,0.003240657572178457,True,False,False,2023-08-01,2023,-1,2023-08-01,139,27
1741,28708,28716,2023-08-01 09:59:00,2023-08-01 10:39:00,-1,9,-0.0014771432880540314,0,-0.0020859587480698107,0.0014771432880540314,True,False,False,2023-08-01,2023,-1,2023-08-01,139,27
1742,28717,28730,2023-08-01 10:44:00,2023-08-01 13:24:00,1,14,-0.0022630873403419382,0.00054691895095918919,-0.0022630873403419382,0.0028100062913011276,False,True,False,2023-08-01,2023,-1,2023-08-01,139,27
1743,28731,28748,2023-08-01 13:29:00,2023-08-01 14:54:00,-1,18,-0.0024695069922259154,0,-0.0024695069922259154,0.0024695069922259154,True,False,False,2023-08-01,2023,-1,2023-08-01,139,27
1744,28749,28759,2023-08-01 14:59:00,2023-08-02 10:24:00,1,11,0.0012376239203498126,0.0038008172697073972,-0.00027867659761411482,0.0025631933493575846,False,False,False,2023-08-02,2023,1,2023-08-02,140,28
1745,28760,28795,2023-08-02 10:29:00,2023-08-02 14:59:00,-1,36,0.0019086436373748541,0.0041417335684224349,-0.0017095253537748756,0.0022330899310475808,False,False,False,2023-08-02,2023,1,2023-08-02,140,28
1746,28796,28804,2023-08-03 09:39:00,2023-08-03 10:19:00,1,9,-0.00065080293815427163,0.0035770099526194229,-0.0016846939754337959,0.0042278128907736945,False,True,False,2023-08-03,2023,-1,2023-08-03,141,28
1747,28805,28822,2023-08-03 10:24:00,2023-08-03 13:24:00,-1,18,-0.0015797873154519524,0.0016340379878176004,-0.0019923924066630326,0.0032138253032695527,False,True,False,2023-08-03,2023,-1,2023-08-03,141,28
1748,28823,28851,2023-08-03 13:29:00,2023-08-04 10:24:00,1,29,0.0018759797701001569,0.0060687287675488828,-0.0016314564880847439,0.0041927489974487257,False,False,False,2023-08-04,2023,1,2023-08-04,142,28
1749,28852,28864,2023-08-04 10:29:00,2023-08-04 11:29:00,-1,13,-0.0025403565016397524,0.0018966144942148318,-0.0025403565016397524,0.0044369709958545847,False,True,False,2023-08-04,2023,-1,2023-08-04,142,28
1750,28865,28880,2023-08-04 13:09:00,2023-08-04 14:24:00,1,16,0.0008521954815482192,0.0022060001866409241,-0.0016242614724916971,0.0013538047050927048,False,False,False,2023-08-04,2023,1,2023-08-04,142,28
1751,28881,28884,2023-08-04 14:29:00,2023-08-04 14:44:00,-1,4,-0.0025522376671511969,0,-0.0025522376671511969,0.0025522376671511969,True,False,False,2023-08-04,2023,-1,2023-08-04,142,28
1752,28885,28891,2023-08-04 14:49:00,2023-08-07 09:54:00,1,7,-0.0037023594809132178,0,-0.0047200875680996068,0.0037023594809132178,True,False,False,2023-08-07,2023,-1,2023-08-07,143,28
1753,28892,28907,2023-08-07 09:59:00,2023-08-07 11:14:00,-1,16,-0.00062656965446865874,0.0024175101144660672,-0.00062656965446865874,0.0030440797689347257,False,True,False,2023-08-07,2023,-1,2023-08-07,143,28
1754,28908,28912,2023-08-07 11:19:00,2023-08-07 13:14:00,1,5,-0.0032397936358869875,0,-0.0032397936358869875,0.0032397936358869875,True,False,False,2023-08-07,2023,-1,2023-08-07,143,28
1755,28913,28949,2023-08-07 13:19:00,2023-08-08 10:54:00,-1,37,0.0039016585074885335,0.0052056015671263708,-0.00077233201756860947,0.0013039430596378373,False,False,False,2023-08-08,2023,1,2023-08-08,144,28
1756,28950,28952,2023-08-08 10:59:00,2023-08-08 11:09:00,1,3,-0.00053792919252609525,0,-0.001407503466515597,0.00053792919252609525,True,False,False,2023-08-08,2023,-1,2023-08-08,144,28
1757,28953,28955,2023-08-08 11:14:00,2023-08-08 11:24:00,-1,3,-0.001385614648624921,0,-0.001902143585728999,0.001385614648624921,True,False,False,2023-08-08,2023,-1,2023-08-08,144,28
1758,28956,28967,2023-08-08 11:29:00,2023-08-08 13:59:00,1,12,-0.0012097213429807338,0.0010844027811248744,-0.0012097213429807338,0.0022941241241056084,False,True,False,2023-08-08,2023,-1,2023-08-08,144,28
1759,28968,28996,2023-08-08 14:04:00,2023-08-09 10:59:00,-1,29,0.0035756706197383453,0.006310085906165489,-0.0002275807145512487,0.0027344152864271437,False,False,False,2023-08-09,2023,1,2023-08-09,145,29
1760,28997,29001,2023-08-09 11:04:00,2023-08-09 11:24:00,1,5,-0.0018186452471949045,0.0005605148579383726,-0.0018186452471949045,0.002379160105133277,False,True,False,2023-08-09,2023,-1,2023-08-09,145,29
1761,29002,29029,2023-08-09 11:29:00,2023-08-10 09:54:00,-1,28,0.00014563460303910428,0.0047544662599077851,0,0.0046088316568686808,False,False,False,2023-08-10,2023,1,2023-08-10,146,29
1762,29030,29033,2023-08-10 09:59:00,2023-08-10 10:14:00,1,4,-0.0037104247016904787,0,-0.0037104247016904787,0.0037104247016904787,True,False,False,2023-08-10,2023,-1,2023-08-10,146,29
1763,29034,29037,2023-08-10 10:19:00,2023-08-10 10:34:00,-1,4,-0.00082457014822539436,0,-0.0022529109616684722,0.00082457014822539436,True,False,False,2023-08-10,2023,-1,2023-08-10,146,29
1764,29038,29042,2023-08-10 10:39:00,2023-08-10 10:59:00,1,5,-0.0011169861329312248,0.0011261614729163834,-0.0011169861329312248,0.0022431476058476082,False,True,False,2023-08-10,2023,-1,2023-08-10,146,29
1765,29043,29060,2023-08-10 11:04:00,2023-08-10 14:04:00,-1,18,0.0011914343560026595,0.0026251263578514995,-0.00022976261445599978,0.00143369200184884,False,False,False,2023-08-10,2023,1,2023-08-10,146,29
1766,29061,29074,2023-08-10 14:09:00,2023-08-11 09:49:00,1,14,0.00032412708156381246,0.0031844334348585515,0,0.0028603063532947389,False,False,False,2023-08-11,2023,1,2023-08-11,147,29
1767,29075,29141,2023-08-11 09:54:00,2023-08-14 13:09:00,-1,67,0.035053238042240836,0.038610802695897721,0,0.0035575646536568847,False,False,False,2023-08-14,2023,1,2023-08-14,148,29
1768,29142,29167,2023-08-14 13:14:00,2023-08-15 09:54:00,1,26,0.0034046909493444496,0.0079155801580919668,-0.00061732742515110495,0.0045108892087475172,False,False,False,2023-08-15,2023,1,2023-08-15,149,29
1769,29168,29196,2023-08-15 09:59:00,2023-08-15 13:54:00,-1,29,0.0092248476701713017,0.01601060945815053,0,0.0067857617879792283,False,False,False,2023-08-15,2023,1,2023-08-15,149,29
1770,29197,29216,2023-08-15 13:59:00,2023-08-16 10:09:00,1,20,-0.0031412953123364663,0.0020343894874902931,-0.0031412953123364663,0.0051756847998267594,False,True,False,2023-08-16,2023,-1,2023-08-16,150,30
1771,29217,29250,2023-08-16 10:14:00,2023-08-16 14:34:00,-1,34,0.010664278327105202,0.013417410508098774,-6.5544400893077694e-05,0.0027531321809935727,False,False,False,2023-08-16,2023,1,2023-08-16,150,30
1772,29251,29254,2023-08-16 14:39:00,2023-08-16 14:54:00,1,4,-0.0036282021593514683,0,-0.0036282021593514683,0.0036282021593514683,True,False,False,2023-08-16,2023,-1,2023-08-16,150,30
1773,29255,29260,2023-08-16 14:59:00,2023-08-17 09:59:00,-1,6,-0.00080863583118157413,0.0060466799770101604,-0.00080863583118157413,0.0068553158081917347,False,True,False,2023-08-17,2023,-1,2023-08-17,151,30
1774,29261,29281,2023-08-17 10:04:00,2023-08-17 13:19:00,1,21,0.006797642595519811,0.011756294175879414,-0.0030607516076538929,0.0049586515803596029,False,False,False,2023-08-17,2023,1,2023-08-17,151,30
1775,29282,29294,2023-08-17 13:24:00,2023-08-17 14:24:00,-1,13,-0.0022958843468510416,0.0037572696599195016,-0.0022958843468510416,0.0060531540067705432,False,True,False,2023-08-17,2023,-1,2023-08-17,151,30
1776,29295,29314,2023-08-17 14:29:00,2023-08-18 10:39:00,1,20,0.0035706500149234855,0.011889060439775121,-0.0015702986244467271,0.0083184104248516348,False,False,False,2023-08-18,2023,1,2023-08-18,152,30
1777,29315,29338,2023-08-18 10:44:00,2023-08-18 14:14:00,-1,24,0.0034170469250049827,0.0066146585852828498,-0.0013111460200282102,0.003197611660277867,False,False,False,2023-08-18,2023,1,2023-08-18,152,30
1778,29339,29342,2023-08-18 14:19:00,2023-08-18 14:34:00,1,4,-0.0030985630768667716,0,-0.0037040132475500412,0.0030985630768667716,True,False,False,2023-08-18,2023,-1,2023-08-18,152,30
1779,29343,29357,2023-08-18 14:39:00,2023-08-21 10:24:00,-1,15,0.0055176206811494996,0.0094314766072219301,0,0.0039138559260724305,False,False,False,2023-08-21,2023,1,2023-08-21,153,30
1780,29358,29364,2023-08-21 10:29:00,2023-08-21 10:59:00,1,7,-0.0020714376200166407,0.0033803969354472877,-0.0026371206418730163,0.0054518345554639283,False,True,False,2023-08-21,2023,-1,2023-08-21,153,30
1781,29365,29430,2023-08-21 11:04:00,2023-08-22 14:14:00,-1,66,0.010803081736252974,0.026756960515650751,-0.0034536995520045074,0.015953878779397777,False,False,False,2023-08-22,2023,1,2023-08-22,154,30
1782,29431,29442,2023-08-22 14:19:00,2023-08-23 09:49:00,1,12,-0.00057182902749473136,0.012354294208808491,-0.00057182902749473136,0.012926123236303223,False,True,False,2023-08-23,2023,-1,2023-08-23,155,31
1783,29443,29489,2023-08-23 09:54:00,2023-08-24 09:54:00,-1,47,0.010099957353624291,0.01295904711607321,-3.3646054722662622e-05,0.0028590897624489187,False,False,False,2023-08-24,2023,1,2023-08-24,156,31
1784,29490,29491,2023-08-24 09:59:00,2023-08-24 10:04:00,1,2,-0.0024047198520941934,0,-0.0024047198520941934,0.0024047198520941934,True,False,False,2023-08-24,2023,-1,2023-08-24,156,31
1785,29492,29493,2023-08-24 10:09:00,2023-08-24 10:14:00,-1,2,-0.007377268126717235,0,-0.007377268126717235,0.007377268126717235,True,False,False,2023-08-24,2023,-1,2023-08-24,156,31
1786,29494,29500,2023-08-24 10:19:00,2023-08-24 10:49:00,1,7,-0.0018053397812906535,0.0058225309214831478,-0.0018053397812906535,0.0076278707027738011,False,True,False,2023-08-24,2023,-1,2023-08-24,156,31
1787,29501,29510,2023-08-24 10:54:00,2023-08-24 13:14:00,-1,10,-0.0090390506159748665,0.00014682712262164242,-0.0090390506159748665,0.0091858777385965089,False,True,False,2023-08-24,2023,-1,2023-08-24,156,31
1788,29511,29519,2023-08-24 13:19:00,2023-08-24 13:59:00,1,9,-0.0042282886860400583,0.001509771863934529,-0.0042282886860400583,0.0057380605499745873,False,True,False,2023-08-24,2023,-1,2023-08-24,156,31
1789,29520,29566,2023-08-24 14:04:00,2023-08-25 14:04:00,-1,47,0.016454188351221238,0.023920204647568017,-0.001235566495867129,0.0074660162963467794,False,False,False,2023-08-25,2023,1,2023-08-25,157,31
1790,29567,29570,2023-08-25 14:09:00,2023-08-25 14:24:00,1,4,-0.0077077860521280782,0,-0.0077077860521280782,0.0077077860521280782,True,False,False,2023-08-25,2023,-1,2023-08-25,157,31
1791,29571,29578,2023-08-25 14:29:00,2023-08-28 09:39:00,-1,8,-0.046963215545449286,0.0026286981183027973,-0.046963215545449286,0.049591913663752082,False,True,False,2023-08-28,2023,-1,2023-08-28,158,31
1792,29579,29589,2023-08-28 09:44:00,2023-08-28 10:34:00,1,11,-0.018841595140520338,0,-0.021599351672330097,0.018841595140520338,True,False,False,2023-08-28,2023,-1,2023-08-28,158,31
1793,29590,29627,2023-08-28 10:39:00,2023-08-29 09:54:00,-1,38,0.0023312646455264339,0.015615092647758502,-0.0076948333864695923,0.013283828002232068,False,False,False,2023-08-29,2023,1,2023-08-29,159,31
1794,29628,29662,2023-08-29 09:59:00,2023-08-29 14:24:00,1,35,0.025459183568962037,0.032414027103725693,-0.0046338035046979203,0.0069548435347636557,False,False,False,2023-08-29,2023,1,2023-08-29,159,31
1795,29663,29669,2023-08-29 14:29:00,2023-08-29 14:59:00,-1,7,-0.0037995460056759376,0.0027275283500409839,-0.0037995460056759376,0.006527074355716922,False,True,False,2023-08-29,2023,-1,2023-08-29,159,31
1796,29670,29681,2023-08-30 09:39:00,2023-08-30 10:34:00,1,12,0.023744876794104638,0.033740618685397246,0,0.0099957418912926081,False,False,False,2023-08-30,2023,1,2023-08-30,160,32
1797,29682,29703,2023-08-30 10:39:00,2023-08-30 13:59:00,-1,22,0.0009688736803741254,0.0079168348879087667,-0.00035111799521218064,0.0069479612075346413,False,False,False,2023-08-30,2023,1,2023-08-30,160,32
1798,29704,29719,2023-08-30 14:04:00,2023-08-31 09:54:00,1,16,-0.00061801406350621316,0.005237755601178542,-0.003788671614772433,0.0058557696646847554,False,True,False,2023-08-31,2023,-1,2023-08-31,161,32
1799,29720,29723,2023-08-31 09:59:00,2023-08-31 10:14:00,-1,4,-0.0039678159421133539,0,-0.0040845906254948425,0.0039678159421133539,True,False,False,2023-08-31,2023,-1,2023-08-31,161,32
1800,29724,29734,2023-08-31 10:19:00,2023-08-31 11:09:00,1,11,-0.00033978572589806215,0.0079203099952434193,-0.00033978572589806215,0.0082600957211414819,False,True,False,2023-08-31,2023,-1,2023-08-31,161,32
1801,29735,29749,2023-08-31 11:14:00,2023-08-31 13:59:00,-1,15,0.0001911802198022685,0.0035747380954429175,-0.00061577664117970412,0.0033835578756406491,False,False,False,2023-08-31,2023,1,2023-08-31,161,32
1802,29750,29764,2023-08-31 14:04:00,2023-09-01 09:49:00,1,15,-0.0066930516617619527,0.0025036878802428622,-0.0066930516617619527,0.0091967395420048149,False,True,False,2023-09-01,2023,-1,2023-09-01,162,32
1803,29765,29790,2023-09-01 09:54:00,2023-09-01 13:34:00,-1,26,0.002516128632781361,0.0081818052570306974,-0.0032455429003795137,0.0056656766242493359,False,False,False,2023-09-01,2023,1,2023-09-01,162,32
1804,29791,29810,2023-09-01 13:39:00,2023-09-04 09:49:00,1,20,-0.0051806347664070107,0.001285622632614788,-0.0051806347664070107,0.0064662573990217987,False,True,False,2023-09-04,2023,-1,2023-09-04,163,32
1805,29811,29814,2023-09-04 09:54:00,2023-09-04 10:09:00,-1,4,-0.0076326005109805251,0,-0.0076326005109805251,0.0076326005109805251,True,False,False,2023-09-04,2023,-1,2023-09-04,163,32
1806,29815,29825,2023-09-04 10:14:00,2023-09-04 11:04:00,1,11,-0.0031383075697318501,0.001666898566266188,-0.0031383075697318501,0.0048052061359980386,False,True,False,2023-09-04,2023,-1,2023-09-04,163,32
1807,29826,29834,2023-09-04 11:09:00,2023-09-04 13:24:00,-1,9,-0.0024322439518846117,0.0018038917402863413,-0.0025071531245478467,0.0042361356921709527,False,True,False,2023-09-04,2023,-1,2023-09-04,163,32
1808,29835,29838,2023-09-04 13:29:00,2023-09-04 13:44:00,1,4,-0.0037526312425691399,0,-0.0037526312425691399,0.0037526312425691399,True,False,False,2023-09-04,2023,-1,2023-09-04,163,32
1809,29839,29845,2023-09-04 13:49:00,2023-09-04 14:19:00,-1,7,-0.0023068555999703113,0,-0.0029496806237131698,0.0023068555999703113,True,False,False,2023-09-04,2023,-1,2023-09-04,163,32
1810,29846,29864,2023-09-04 14:24:00,2023-09-05 10:29:00,1,19,0.0050351012638525884,0.012704567367980478,0,0.0076694661041278893,False,False,False,2023-09-05,2023,1,2023-09-05,164,32
1811,29865,29911,2023-09-05 10:34:00,2023-09-06 10:34:00,-1,47,0.0091267116650700936,0.01758837958584563,-0.0021942447183965911,0.0084616679207755365,False,False,False,2023-09-06,2023,1,2023-09-06,165,33
1812,29912,29920,2023-09-06 10:39:00,2023-09-06 11:19:00,1,9,-0.0044218272690997934,0,-0.0044218272690997934,0.0044218272690997934,True,False,False,2023-09-06,2023,-1,2023-09-06,165,33
1813,29921,29928,2023-09-06 11:24:00,2023-09-06 13:34:00,-1,8,-0.0043249723630538993,0.0014494323792270899,-0.0047123357147169104,0.0057744047422809888,False,True,False,2023-09-06,2023,-1,2023-09-06,165,33
1814,29929,29947,2023-09-06 13:39:00,2023-09-07 09:44:00,1,19,-0.0054713645979657458,0.0078684009961998546,-0.0054713645979657458,0.0133397655941656,False,True,False,2023-09-07,2023,-1,2023-09-07,166,33
1815,29948,30001,2023-09-07 09:49:00,2023-09-08 10:24:00,-1,54,0.021692065227507704,0.032499134896791529,0,0.010807069669283825,False,False,False,2023-09-08,2023,1,2023-09-08,167,33
1816,30002,30008,2023-09-08 10:29:00,2023-09-08 10:59:00,1,7,-0.0069021657326856691,0,-0.0069021657326856691,0.0069021657326856691,True,False,False,2023-09-08,2023,-1,2023-09-08,167,33
1817,30009,30018,2023-09-08 11:04:00,2023-09-08 13:24:00,-1,10,-0.0041669736438129882,0.00014476695329825192,-0.0041669736438129882,0.0043117405971112403,False,True,False,2023-09-08,2023,-1,2023-09-08,167,33
1818,30019,30034,2023-09-08 13:29:00,2023-09-08 14:44:00,1,16,9.9794312915914589e-05,0.0048561773742913476,-0.00041037017073865506,0.0047563830613754328,False,False,False,2023-09-08,2023,1,2023-09-08,167,33
1819,30035,30041,2023-09-08 14:49:00,2023-09-11 09:54:00,-1,7,-0.004248639968466872,0.0064181574354500951,-0.004248639968466872,0.010666797403916968,False,True,False,2023-09-11,2023,-1,2023-09-11,168,33
1820,30042,30054,2023-09-11 09:59:00,2023-09-11 10:59:00,1,13,-0.0025536585896576715,0.00048567266617611073,-0.0043595231531454049,0.0030393312558337823,False,True,False,2023-09-11,2023,-1,2023-09-11,168,33
1821,30055,30062,2023-09-11 11:04:00,2023-09-11 13:14:00,-1,8,-0.0064654446503411983,0.00066435620793050089,-0.0076964169440460395,0.0071298008582716989,False,True,False,2023-09-11,2023,-1,2023-09-11,168,33
1822,30063,30071,2023-09-11 13:19:00,2023-09-11 13:59:00,1,9,0.0010112669177291126,0.0060413869478133297,0,0.0050301200300842171,False,False,False,2023-09-11,2023,1,2023-09-11,168,33
1823,30072,30100,2023-09-11 14:04:00,2023-09-12 10:59:00,-1,29,0.005828800115986338,0.0090164771411643321,-0.00020872125352460036,0.0031876770251779941,False,False,False,2023-09-12,2023,1,2023-09-12,169,33
1824,30101,30109,2023-09-12 11:04:00,2023-09-12 13:19:00,1,9,-0.00019893239679665594,0.0049275030666238017,-0.00019893239679665594,0.0051264354634204578,False,True,False,2023-09-12,2023,-1,2023-09-12,169,33
1825,30110,30161,2023-09-12 13:24:00,2023-09-13 13:49:00,-1,52,0.021980871680559302,0.02390347072113181,0,0.0019225990405725077,False,False,False,2023-09-13,2023,1,2023-09-13,170,34
1826,30162,30178,2023-09-13 13:54:00,2023-09-14 09:49:00,1,17,0.00081316427009956111,0.0058805144224123654,-0.0020358082966819373,0.0050673501523128047,False,False,False,2023-09-14,2023,1,2023-09-14,171,34
1827,30179,30190,2023-09-14 09:54:00,2023-09-14 10:49:00,-1,12,0.0032679582877625409,0.0063875547033180463,-0.00063200426449390229,0.0031195964155555055,False,False,False,2023-09-14,2023,1,2023-09-14,171,34
1828,30191,30197,2023-09-14 10:54:00,2023-09-14 11:24:00,1,7,-0.0016323202971461302,0,-0.0016436651757842607,0.0016323202971461302,True,False,False,2023-09-14,2023,-1,2023-09-14,171,34
1829,30198,30200,2023-09-14 11:29:00,2023-09-14 13:14:00,-1,3,-0.0016209939219822996,0,-0.0021531949253436899,0.0016209939219822996,True,False,False,2023-09-14,2023,-1,2023-09-14,171,34
1830,30201,30204,2023-09-14 13:19:00,2023-09-14 13:34:00,1,4,-0.0010085615255817453,0,-0.001904654506977094,0.0010085615255817453,True,False,False,2023-09-14,2023,-1,2023-09-14,171,34
1831,30205,30217,2023-09-14 13:39:00,2023-09-14 14:39:00,-1,13,0.00030616931402125346,0.0044885163849279009,-0.00070270089369083553,0.0041823470709066472,False,False,False,2023-09-14,2023,1,2023-09-14,171,34
1832,30218,30224,2023-09-14 14:44:00,2023-09-15 09:49:00,1,7,-0.0051280705913474747,0,-0.0051280705913474747,0.0051280705913474747,True,False,False,2023-09-15,2023,-1,2023-09-15,172,34
1833,30225,30228,2023-09-15 09:54:00,2023-09-15 10:09:00,-1,4,-0.0092591152809977165,0.00059295750688281954,-0.0092591152809977165,0.0098520727878805368,False,True,False,2023-09-15,2023,-1,2023-09-15,172,34
1834,30229,30247,2023-09-15 10:14:00,2023-09-15 13:19:00,1,19,0.0013995487611772823,0.0076958075590409297,-0.0041197034136431741,0.0062962587978636474,False,False,False,2023-09-15,2023,1,2023-09-15,172,34
1835,30248,30267,2023-09-15 13:24:00,2023-09-15 14:59:00,-1,20,0.0026427255766894942,0.0063021021288580219,0,0.0036593765521685277,False,False,False,2023-09-15,2023,1,2023-09-15,172,34
1836,30268,30272,2023-09-18 09:39:00,2023-09-18 09:59:00,1,5,-0.0039091097929606676,0,-0.0067399921555327509,0.0039091097929606676,True,False,False,2023-09-18,2023,-1,2023-09-18,173,34
1837,30273,30275,2023-09-18 10:04:00,2023-09-18 10:14:00,-1,3,-0.0067322797143371006,0.00018166335559480424,-0.0067322797143371006,0.0069139430699319045,False,True,False,2023-09-18,2023,-1,2023-09-18,173,34
1838,30276,30285,2023-09-18 10:19:00,2023-09-18 11:04:00,1,10,-0.002981503349286734,0.00062002921760220559,-0.0034113919242650991,0.0036015325668889396,False,True,False,2023-09-18,2023,-1,2023-09-18,173,34
1839,30286,30304,2023-09-18 11:09:00,2023-09-18 14:14:00,-1,19,0.0023780146866305783,0.0064905819726244164,0,0.0041125672859938381,False,False,False,2023-09-18,2023,1,2023-09-18,173,34
1840,30305,30312,2023-09-18 14:19:00,2023-09-18 14:54:00,1,8,-0.0032591258741482818,0,-0.0032591258741482818,0.0032591258741482818,True,False,False,2023-09-18,2023,-1,2023-09-18,173,34
1841,30313,30325,2023-09-18 14:59:00,2023-09-19 10:34:00,-1,13,0.001924117520732036,0.0097037650315826441,-0.00037528359939404532,0.0077796475108506081,False,False,False,2023-09-19,2023,1,2023-09-19,174,34
1842,30326,30339,2023-09-19 10:39:00,2023-09-19 13:19:00,1,14,-0.0042255353349429812,0.0028336529245660985,-0.0042255353349429812,0.0070591882595090801,False,True,False,2023-09-19,2023,-1,2023-09-19,174,34
1843,30340,30357,2023-09-19 13:24:00,2023-09-19 14:49:00,-1,18,-0.001875143471921577,0.0017410831183400624,-0.001875143471921577,0.0036162265902616392,False,True,False,2023-09-19,2023,-1,2023-09-19,174,34
1844,30358,30363,2023-09-19 14:54:00,2023-09-20 09:54:00,1,6,-0.0057623841293736912,0,-0.0057623841293736912,0.0057623841293736912,True,False,False,2023-09-20,2023,-1,2023-09-20,175,35
1845,30364,30387,2023-09-20 09:59:00,2023-09-20 13:29:00,-1,24,0.00066659007180422684,0.0022774336965795208,-0.0025931720057544069,0.0016108436247752938,False,False,False,2023-09-20,2023,1,2023-09-20,175,35
1846,30388,30394,2023-09-20 13:34:00,2023-09-20 14:04:00,1,7,-0.0011503377509439069,0.0020558060771774704,-0.0011503377509439069,0.0032061438281213773,False,True,False,2023-09-20,2023,-1,2023-09-20,175,35
1847,30395,30408,2023-09-20 14:09:00,2023-09-21 09:49:00,-1,14,0.00016115293448311753,0.0038748563699354836,-0.0010928522803808202,0.0037137034354523661,False,False,False,2023-09-21,2023,1,2023-09-21,176,35
1848,30409,30411,2023-09-21 09:54:00,2023-09-21 10:04:00,1,3,-0.003979496453594438,0,-0.003979496453594438,0.003979496453594438,True,False,False,2023-09-21,2023,-1,2023-09-21,176,35
1849,30412,30443,2023-09-21 10:09:00,2023-09-21 14:19:00,-1,32,9.246630765488012e-05,0.0050519202736284572,-0.00098192685026338286,0.0049594539659735771,False,False,False,2023-09-21,2023,1,2023-09-21,176,35
1850,30444,30448,2023-09-21 14:24:00,2023-09-21 14:44:00,1,5,-0.0050059202082569504,0,-0.0050059202082569504,0.0050059202082569504,True,False,False,2023-09-21,2023,-1,2023-09-21,176,35
1851,30449,30455,2023-09-21 14:49:00,2023-09-22 09:54:00,-1,7,-0.002459740415011475,0.00067400325608293855,-0.0036294734207769357,0.0031337436710944136,False,True,False,2023-09-22,2023,-1,2023-09-22,177,35
1852,30456,30500,2023-09-22 09:59:00,2023-09-25 09:49:00,1,45,0.015351922626300677,0.02305930890667059,0,0.0077073862803699131,False,False,False,2023-09-25,2023,1,2023-09-25,178,35
1853,30501,30525,2023-09-25 09:54:00,2023-09-25 13:29:00,-1,25,-0.0023366760317095826,0.0020104871920988811,-0.0023366760317095826,0.0043471632238084642,False,True,False,2023-09-25,2023,-1,2023-09-25,178,35
1854,30526,30533,2023-09-25 13:34:00,2023-09-25 14:09:00,1,8,-0.0035813307436585355,0.00078526438422965973,-0.0035813307436585355,0.0043665951278881957,False,True,False,2023-09-25,2023,-1,2023-09-25,178,35
1855,30534,30550,2023-09-25 14:14:00,2023-09-26 10:09:00,-1,17,-0.0040024912177136288,0.00043428075790247829,-0.0040024912177136288,0.0044367719756161069,False,True,False,2023-09-26,2023,-1,2023-09-26,179,35
1856,30551,30557,2023-09-26 10:14:00,2023-09-26 10:44:00,1,7,0.0013988004441540737,0.0058211278954420883,0,0.0044223274512880141,False,False,False,2023-09-26,2023,1,2023-09-26,179,35
1857,30558,30574,2023-09-26 10:49:00,2023-09-26 13:44:00,-1,17,-0.001419543372614738,0.0018768881026631561,-0.0014876307968937628,0.0032964314752778941,False,True,False,2023-09-26,2023,-1,2023-09-26,179,35
1858,30575,30579,2023-09-26 13:49:00,2023-09-26 14:09:00,1,5,-0.0027955834380355357,0.00051054271798685379,-0.0027955834380355357,0.0033061261560223894,False,True,False,2023-09-26,2023,-1,2023-09-26,179,35
1859,30580,30593,2023-09-26 14:14:00,2023-09-27 09:54:00,-1,14,-0.0030565600594153509,0.0024497109629569554,-0.0030565600594153509,0.0055062710223723063,False,True,False,2023-09-27,2023,-1,2023-09-27,180,36
1860,30594,30603,2023-09-27 09:59:00,2023-09-27 10:44:00,1,10,-0.0010783875180228352,0.0043810316236186234,-0.0010783875180228352,0.0054594191416414591,False,True,False,2023-09-27,2023,-1,2023-09-27,180,36
1861,30604,30615,2023-09-27 10:49:00,2023-09-27 13:19:00,-1,12,-0.0016908476989024904,0.0018643784175984752,-0.0016908476989024904,0.0035552261165009659,False,True,False,2023-09-27,2023,-1,2023-09-27,180,36
1862,30616,30635,2023-09-27 13:24:00,2023-09-27 14:59:00,1,20,-0.0010323254897195771,0.0020388290595603105,-0.0032366714418615569,0.0030711545492798876,False,True,False,2023-09-27,2023,-1,2023-09-27,180,36
1863,30636,30640,2023-09-28 09:39:00,2023-09-28 09:59:00,-1,5,-0.0030258923680878498,0,-0.0030258923680878498,0.0030258923680878498,True,False,False,2023-09-28,2023,-1,2023-09-28,181,36
1864,30641,30646,2023-09-28 10:04:00,2023-09-28 10:29:00,1,6,-0.0032188625774916125,0,-0.0032188625774916125,0.0032188625774916125,True,False,False,2023-09-28,2023,-1,2023-09-28,181,36
1865,30647,30659,2023-09-28 10:34:00,2023-09-28 13:09:00,-1,13,-0.0029132892573234797,0.0023299304173772933,-0.0029132892573234797,0.005243219674700773,False,True,False,2023-09-28,2023,-1,2023-09-28,181,36
1866,30660,30677,2023-09-28 13:14:00,2023-09-28 14:39:00,1,18,0.0040328329070380272,0.007465414256038156,0,0.0034325813490001288,False,False,False,2023-09-28,2023,1,2023-09-28,181,36
1867,30678,30688,2023-09-28 14:44:00,2023-10-09 10:09:00,-1,11,-0.00036069343703550591,0.0074571054776809446,-0.0012843769721541459,0.007817798914716451,False,True,False,2023-10-09,2023,-1,2023-10-09,182,36
1868,30689,30698,2023-10-09 10:14:00,2023-10-09 10:59:00,1,10,-0.0019854258264869144,0.0029258213165734943,-0.0019854258264869144,0.0049112471430604087,False,True,False,2023-10-09,2023,-1,2023-10-09,182,36
1869,30699,30713,2023-10-09 11:04:00,2023-10-09 13:49:00,-1,15,-0.0024023154976049498,0.0031101409930090877,-0.0024023154976049498,0.0055124564906140379,False,True,False,2023-10-09,2023,-1,2023-10-09,182,36
1870,30714,30735,2023-10-09 13:54:00,2023-10-10 10:14:00,1,22,0.00020274836744383902,0.004809808676986169,-0.0026281816954298958,0.0046070603095423298,False,False,False,2023-10-10,2023,1,2023-10-10,183,36
1871,30736,30753,2023-10-10 10:19:00,2023-10-10 13:19:00,-1,18,0.0032376178226588667,0.0068145481961979651,0,0.0035769303735390984,False,False,False,2023-10-10,2023,1,2023-10-10,183,36
1872,30754,30766,2023-10-10 13:24:00,2023-10-10 14:24:00,1,13,-0.0015831376565095727,0.00094868095297226179,-0.0015831376565095727,0.0025318186094818347,False,True,False,2023-10-10,2023,-1,2023-10-10,183,36
1873,30767,30776,2023-10-10 14:29:00,2023-10-11 09:49:00,-1,10,-0.0038291502370619446,0.0015403088192734457,-0.0038291502370619446,0.0053694590563353904,False,True,False,2023-10-11,2023,-1,2023-10-11,184,36
1874,30777,30791,2023-10-11 09:54:00,2023-10-11 11:04:00,1,15,0.0045667315935749263,0.0083080268149287092,0,0.0037412952213537829,False,False,False,2023-10-11,2023,1,2023-10-11,184,36
1875,30792,30817,2023-10-11 11:09:00,2023-10-11 14:49:00,-1,26,-0.0011888740745313979,0.004983950329365331,-0.001525091408581238,0.0061728244038967289,False,True,False,2023-10-11,2023,-1,2023-10-11,184,36
1876,30818,30827,2023-10-11 14:54:00,2023-10-12 10:14:00,1,10,0.0010866948185461363,0.0095825816235807944,0,0.0084958868050346581,False,False,False,2023-10-12,2023,1,2023-10-12,185,37
1877,30828,30843,2023-10-12 10:19:00,2023-10-12 13:09:00,-1,16,-0.00074991469037950971,0.0018940779320304989,-0.0008729812863449458,0.0026439926224100085,False,True,False,2023-10-12,2023,-1,2023-10-12,185,37
1878,30844,30867,2023-10-12 13:14:00,2023-10-13 09:44:00,1,24,-0.0012539046212487143,0.0082898334323292504,-0.0024420857232381006,0.0095437380535779645,False,True,False,2023-10-13,2023,-1,2023-10-13,186,37
1879,30868,30876,2023-10-13 09:49:00,2023-10-13 10:29:00,-1,9,-0.0032993179656290493,0.00039216785286506537,-0.0037793277983023976,0.0036914858184941149,False,True,False,2023-10-13,2023,-1,2023-10-13,186,37
1880,30877,30880,2023-10-13 10:34:00,2023-10-13 10:49:00,1,4,-0.0032433065392834682,0,-0.0032433065392834682,0.0032433065392834682,True,False,False,2023-10-13,2023,-1,2023-10-13,186,37
1881,30881,30903,2023-10-13 10:54:00,2023-10-13 14:19:00,-1,23,0.00012322927943281953,0.0045358680183803686,-0.0007166693101976876,0.004412638738947549,False,False,False,2023-10-13,2023,1,2023-10-13,186,37
1882,30904,30913,2023-10-13 14:24:00,2023-10-16 09:44:00,1,10,-0.0084267159310522123,8.9622800100443937e-05,-0.0084267159310522123,0.0085163387311526558,False,True,False,2023-10-16,2023,-1,2023-10-16,187,37
1883,30914,30956,2023-10-16 09:49:00,2023-10-16 14:54:00,-1,43,0.011111099188671654,0.015783148727803717,-0.00010167825619247787,0.0046720495391320629,False,False,False,2023-10-16,2023,1,2023-10-16,187,37
1884,30957,30965,2023-10-16 14:59:00,2023-10-17 10:14:00,1,9,-0.0027456201753604252,0.0014384385150476519,-0.0027456201753604252,0.0041840586904080771,False,True,False,2023-10-17,2023,-1,2023-10-17,188,37
1885,30966,30976,2023-10-17 10:19:00,2023-10-17 11:09:00,-1,11,-0.0043893811043522208,0.0011806444479855044,-0.0043893811043522208,0.0055700255523377252,False,True,False,2023-10-17,2023,-1,2023-10-17,188,37
1886,30977,30985,2023-10-17 11:14:00,2023-10-17 13:29:00,1,9,0.0035295091917093473,0.0074089564157306101,0,0.0038794472240212628,False,False,False,2023-10-17,2023,1,2023-10-17,188,37
1887,30986,30990,2023-10-17 13:34:00,2023-10-17 13:54:00,-1,5,-0.002100399848015124,0.0011258124948854557,-0.002100399848015124,0.0032262123429005795,False,True,False,2023-10-17,2023,-1,2023-10-17,188,37
1888,30991,30995,2023-10-17 13:59:00,2023-10-17 14:19:00,1,5,-0.0026460900459540472,0,-0.0026460900459540472,0.0026460900459540472,True,False,False,2023-10-17,2023,-1,2023-10-17,188,37
1889,30996,31000,2023-10-17 14:24:00,2023-10-17 14:44:00,-1,5,-0.0037229617812540752,0,-0.0037229617812540752,0.0037229617812540752,True,False,False,2023-10-17,2023,-1,2023-10-17,188,37
1890,31001,31006,2023-10-17 14:49:00,2023-10-18 09:49:00,1,6,-0.0085447752533309579,0.0017997525954146325,-0.0085447752533309579,0.01034452784874559,False,True,False,2023-10-18,2023,-1,2023-10-18,189,37
1891,31007,31031,2023-10-18 09:54:00,2023-10-18 13:29:00,-1,25,0.0016925702511690428,0.0046499992161528189,-0.00039985148906211709,0.0029574289649837758,False,False,False,2023-10-18,2023,1,2023-10-18,189,37
1892,31032,31037,2023-10-18 13:34:00,2023-10-18 13:59:00,1,6,-0.003049272142822339,0,-0.003049272142822339,0.003049272142822339,True,False,False,2023-10-18,2023,-1,2023-10-18,189,37
1893,31038,31052,2023-10-18 14:04:00,2023-10-19 09:49:00,-1,15,-0.0040788791527376477,0.0017581260381882961,-0.0040788791527376477,0.0058370051909259436,False,True,False,2023-10-19,2023,-1,2023-10-19,190,38
1894,31053,31064,2023-10-19 09:54:00,2023-10-19 10:49:00,1,12,0.00016006585600804746,0.0054279168558061461,0,0.0052678509997980986,False,False,False,2023-10-19,2023,1,2023-10-19,190,38
1895,31065,31086,2023-10-19 10:54:00,2023-10-19 14:14:00,-1,22,0.0019912118636293214,0.0054336745561336533,0,0.003442462692504332,False,False,False,2023-10-19,2023,1,2023-10-19,190,38
1896,31087,31092,2023-10-19 14:19:00,2023-10-19 14:44:00,1,6,-0.00146733487288185,0.0032593993825726234,-0.00146733487288185,0.0047267342554544733,False,True,False,2023-10-19,2023,-1,2023-10-19,190,38
1897,31093,31109,2023-10-19 14:49:00,2023-10-20 10:44:00,-1,17,0.00088373193096931164,0.0079587167920210852,-0.00072247295302572858,0.0070749848610517736,False,False,False,2023-10-20,2023,1,2023-10-20,191,38
1898,31110,31117,2023-10-20 10:49:00,2023-10-20 11:24:00,1,8,-0.006138768838855722,0,-0.006138768838855722,0.006138768838855722,True,False,False,2023-10-20,2023,-1,2023-10-20,191,38
1899,31118,31189,2023-10-20 11:29:00,2023-10-24 09:44:00,-1,72,0.029331122204825213,0.033431980309233285,-0.00057747391422780089,0.0041008581044080714,False,False,False,2023-10-24,2023,1,2023-10-24,193,38
1900,31190,31205,2023-10-24 09:49:00,2023-10-24 11:04:00,1,16,0.012331895432936663,0.018995893063873993,0,0.0066639976309373298,False,False,False,2023-10-24,2023,1,2023-10-24,193,38
1901,31206,31223,2023-10-24 11:09:00,2023-10-24 14:09:00,-1,18,0.00084642156844932231,0.0078331846355043488,0,0.0069867630670550265,False,False,False,2023-10-24,2023,1,2023-10-24,193,38
1902,31224,31244,2023-10-24 14:14:00,2023-10-25 10:29:00,1,21,0.0051731230869018693,0.012726222764731629,-0.0010943559396045426,0.00755309967782976,False,False,False,2023-10-25,2023,1,2023-10-25,194,38
1903,31245,31313,2023-10-25 10:34:00,2023-10-26 13:59:00,-1,69,0.014650074916312232,0.019553679124312075,-0.00086543639766449337,0.0049036042079998437,False,False,False,2023-10-26,2023,1,2023-10-26,195,39
1904,31314,31328,2023-10-26 14:04:00,2023-10-27 09:49:00,1,15,0.0065442084387329659,0.0099355191086770833,-0.0024487964402326425,0.0033913106699441174,False,False,False,2023-10-27,2023,1,2023-10-27,196,39
1905,31329,31330,2023-10-27 09:54:00,2023-10-27 09:59:00,-1,2,-0.0020856047857985864,0,-0.002568091129615846,0.0020856047857985864,True,False,False,2023-10-27,2023,-1,2023-10-27,196,39
1906,31331,31371,2023-10-27 10:04:00,2023-10-27 14:59:00,1,41,0.014432288460047875,0.018889165494379613,-0.00049449580097524898,0.0044568770343317386,False,False,False,2023-10-27,2023,1,2023-10-27,196,39
1907,31372,31375,2023-10-30 09:39:00,2023-10-30 09:54:00,-1,4,-0.0035208449328930731,0.0014861776627505391,-0.0044684275128104266,0.0050070225956436124,False,True,False,2023-10-30,2023,-1,2023-10-30,197,39
1908,31376,31417,2023-10-30 09:59:00,2023-10-30 14:59:00,1,42,0.014439440996824938,0.019338931862073611,0,0.0048994908652486725,False,False,False,2023-10-30,2023,1,2023-10-30,197,39
1909,31418,31443,2023-10-31 09:39:00,2023-10-31 13:19:00,-1,26,0.0055765837189656765,0.0091238062008328728,-0.00042154914235177437,0.0035472224818671964,False,False,False,2023-10-31,2023,1,2023-10-31,198,39
1910,31444,31455,2023-10-31 13:24:00,2023-10-31 14:19:00,1,12,-0.0012727972868222404,0.0018203784314701453,-0.0023749028790557404,0.0030931757182923857,False,True,False,2023-10-31,2023,-1,2023-10-31,198,39
1911,31456,31459,2023-10-31 14:24:00,2023-10-31 14:39:00,-1,4,-0.0032075542427054218,0,-0.0032075542427054218,0.0032075542427054218,True,False,False,2023-10-31,2023,-1,2023-10-31,198,39
1912,31460,31467,2023-10-31 14:44:00,2023-11-01 09:54:00,1,8,-0.0033911541789610864,0.0031630960741419675,-0.0033911541789610864,0.0065542502531030535,False,True,False,2023-11-01,2023,-1,2023-11-01,199,39
1913,31468,31478,2023-11-01 09:59:00,2023-11-01 10:49:00,-1,11,-0.0034597750145610685,0.0015389742445545149,-0.0034597750145610685,0.0049987492591155834,False,True,False,2023-11-01,2023,-1,2023-11-01,199,39
1914,31479,31488,2023-11-01 10:54:00,2023-11-01 13:14:00,1,10,-0.0022899025348547056,0.0022960811088101911,-0.0022899025348547056,0.0045859836436648966,False,True,False,2023-11-01,2023,-1,2023-11-01,199,39
1915,31489,31512,2023-11-01 13:19:00,2023-11-02 09:49:00,-1,24,0.00048154646133964814,0.0023296257315578977,-0.0031815451595725752,0.0018480792702182496,False,False,False,2023-11-02,2023,1,2023-11-02,200,40
1916,31513,31516,2023-11-02 09:54:00,2023-11-02 10:09:00,1,4,-0.0034463778253140758,0.00020640544983663696,-0.0034463778253140758,0.0036527832751507127,False,True,False,2023-11-02,2023,-1,2023-11-02,200,40
1917,31517,31524,2023-11-02 10:14:00,2023-11-02 10:49:00,-1,8,-0.0016672323786522999,0.002546451037548845,-0.0016672323786522999,0.0042136834162011449,False,True,False,2023-11-02,2023,-1,2023-11-02,200,40
1918,31525,31535,2023-11-02 10:54:00,2023-11-02 13:19:00,1,11,-0.0032450374843068543,0,-0.0038099669119778549,0.0032450374843068543,True,False,False,2023-11-02,2023,-1,2023-11-02,200,40
1919,31536,31558,2023-11-02 13:24:00,2023-11-03 09:49:00,-1,23,-0.0012325131578847981,0.0088099156876122117,-0.0012325131578847981,0.01004242884549701,False,True,False,2023-11-03,2023,-1,2023-11-03,201,40
1920,31559,31582,2023-11-03 09:54:00,2023-11-03 13:24:00,1,24,0.0038719436216267319,0.0082885278392262323,-0.0015783504333676008,0.0044165842175995004,False,False,False,2023-11-03,2023,1,2023-11-03,201,40
1921,31583,31586,2023-11-03 13:29:00,2023-11-03 13:44:00,-1,4,-0.0044736660787118116,0,-0.0044736660787118116,0.0044736660787118116,True,False,False,2023-11-03,2023,-1,2023-11-03,201,40
1922,31587,31653,2023-11-03 13:49:00,2023-11-07 10:04:00,1,67,0.012659832851570959,0.017091337477519324,-0.0018968616065444294,0.0044315046259483654,False,False,False,2023-11-07,2023,1,2023-11-07,203,40
1923,31654,31665,2023-11-07 10:09:00,2023-11-07 11:04:00,-1,12,0.00041716699122924334,0.0029464412865322131,-0.00012398906657742838,0.0025292742953029698,False,False,False,2023-11-07,2023,1,2023-11-07,203,40
1924,31666,31670,2023-11-07 11:09:00,2023-11-07 11:29:00,1,5,-0.0022466718641716674,0,-0.0022466718641716674,0.0022466718641716674,True,False,False,2023-11-07,2023,-1,2023-11-07,203,40
1925,31671,31674,2023-11-07 13:09:00,2023-11-07 13:24:00,-1,4,-0.0035990133110446187,0.00035043890004296183,-0.0035990133110446187,0.0039494522110875806,False,True,False,2023-11-07,2023,-1,2023-11-07,203,40
1926,31675,31721,2023-11-07 13:29:00,2023-11-08 13:29:00,1,47,0.015599301713326637,0.019505578293609532,-0.00087881388323082733,0.0039062765802828948,False,False,False,2023-11-08,2023,1,2023-11-08,204,40
1927,31722,31735,2023-11-08 13:34:00,2023-11-08 14:39:00,-1,14,0.0049907569146410069,0.0081715809180553309,0,0.003180824003414324,False,False,False,2023-11-08,2023,1,2023-11-08,204,40
1928,31736,31746,2023-11-08 14:44:00,2023-11-09 10:09:00,1,11,6.6856092286121302e-05,0.0063868171498027409,0,0.0063199610575166197,False,False,False,2023-11-09,2023,1,2023-11-09,205,41
1929,31747,31761,2023-11-09 10:14:00,2023-11-09 11:24:00,-1,15,0.00014486051629093374,0.0061695474663739343,0,0.0060246869500830006,False,False,False,2023-11-09,2023,1,2023-11-09,205,41
1930,31762,31767,2023-11-09 11:29:00,2023-11-09 13:29:00,1,6,-0.0025217035968951923,0.00082431052210244914,-0.0032705119648914769,0.0033460141189976412,False,True,False,2023-11-09,2023,-1,2023-11-09,205,41
1931,31768,31803,2023-11-09 13:34:00,2023-11-10 11:04:00,-1,36,0.00400761758819015,0.0091131120122599912,-0.0013285922785855545,0.0051054944240698412,False,False,False,2023-11-10,2023,1,2023-11-10,206,41
1932,31804,31812,2023-11-10 11:09:00,2023-11-10 13:24:00,1,9,-0.0021447307938824442,0.0025430055882433348,-0.0021447307938824442,0.0046877363821257786,False,True,False,2023-11-10,2023,-1,2023-11-10,206,41
1933,31813,31826,2023-11-10 13:29:00,2023-11-10 14:34:00,-1,14,-0.0018306075876916219,0.0021493405525226422,-0.0018306075876916219,0.0039799481402142643,False,True,False,2023-11-10,2023,-1,2023-11-10,206,41
1934,31827,31853,2023-11-10 14:39:00,2023-11-13 11:24:00,1,27,0.0010989997966146703,0.005672647279306599,-0.0018081258260197661,0.0045736474826919282,False,False,False,2023-11-13,2023,1,2023-11-13,207,41
1935,31854,31860,2023-11-13 11:29:00,2023-11-13 13:34:00,-1,7,-0.001232134212066153,0.00062785198210168905,-0.0019818726779943924,0.0018599861941678421,False,True,False,2023-11-13,2023,-1,2023-11-13,207,41
1936,31861,31888,2023-11-13 13:39:00,2023-11-14 10:29:00,1,28,0.0074166527994926424,0.011154270069238253,-0.00086233451601834825,0.0037376172697456108,False,False,False,2023-11-14,2023,1,2023-11-14,208,41
1937,31889,31894,2023-11-14 10:34:00,2023-11-14 10:59:00,-1,6,-0.0020313591000737136,0.0017905705136016296,-0.0020313591000737136,0.0038219296136753431,False,True,False,2023-11-14,2023,-1,2023-11-14,208,41
1938,31895,31899,2023-11-14 11:04:00,2023-11-14 11:24:00,1,5,-0.0031320134890091733,0,-0.0031320134890091733,0.0031320134890091733,True,False,False,2023-11-14,2023,-1,2023-11-14,208,41
1939,31900,31908,2023-11-14 11:29:00,2023-11-14 13:44:00,-1,9,-0.00083394030485077887,0.0042360191314168242,-0.00083394030485077887,0.0050699594362676034,False,True,False,2023-11-14,2023,-1,2023-11-14,208,41
1940,31909,31933,2023-11-14 13:49:00,2023-11-15 10:24:00,1,25,0.0077721458959749525,0.013073813706472058,0,0.0053016678104971056,False,False,False,2023-11-15,2023,1,2023-11-15,209,41
1941,31934,31942,2023-11-15 10:29:00,2023-11-15 11:09:00,-1,9,-0.003885509095807183,0.0012469999132949387,-0.003885509095807183,0.0051325090091021222,False,True,False,2023-11-15,2023,-1,2023-11-15,209,41
1942,31943,31949,2023-11-15 11:14:00,2023-11-15 13:19:00,1,7,-0.0044150182091167575,0,-0.0044150182091167575,0.0044150182091167575,True,False,False,2023-11-15,2023,-1,2023-11-15,209,41
1943,31950,32004,2023-11-15 13:24:00,2023-11-16 14:04:00,-1,55,0.01777898824315188,0.021740592920161741,0,0.0039616046770098619,False,False,False,2023-11-16,2023,1,2023-11-16,210,42
1944,32005,32013,2023-11-16 14:09:00,2023-11-16 14:49:00,1,9,-0.0023277922920998035,0.0022103175810347796,-0.0023277922920998035,0.0045381098731345831,False,True,False,2023-11-16,2023,-1,2023-11-16,210,42
1945,32014,32018,2023-11-16 14:54:00,2023-11-17 09:49:00,-1,5,-0.0028555708619433951,7.8812409617654456e-05,-0.0032596384814218985,0.0029343832715610497,False,True,False,2023-11-17,2023,-1,2023-11-17,211,42
1946,32019,32020,2023-11-17 09:54:00,2023-11-17 09:59:00,1,2,-0.0039144276209696922,0,-0.0043653452459613386,0.0039144276209696922,True,False,False,2023-11-17,2023,-1,2023-11-17,211,42
1947,32021,32033,2023-11-17 10:04:00,2023-11-17 11:04:00,-1,13,-0.0022402981422497492,0.0020984945930731217,-0.0022402981422497492,0.0043387927353228713,False,True,False,2023-11-17,2023,-1,2023-11-17,211,42
1948,32034,32044,2023-11-17 11:09:00,2023-11-17 13:34:00,1,11,-0.0028716397641222373,0,-0.0031874601100890633,0.0028716397641222373,True,False,False,2023-11-17,2023,-1,2023-11-17,211,42
1949,32045,32052,2023-11-17 13:39:00,2023-11-17 14:14:00,-1,8,-0.0024442316503584492,0.0010606489005621712,-0.0024442316503584492,0.0035048805509206205,False,True,False,2023-11-17,2023,-1,2023-11-17,211,42
1950,32053,32064,2023-11-17 14:19:00,2023-11-20 09:49:00,1,12,-0.0034710126695229075,0.0024270492941359388,-0.0034710126695229075,0.0058980619636588467,False,True,False,2023-11-20,2023,-1,2023-11-20,212,42
1951,32065,32072,2023-11-20 09:54:00,2023-11-20 10:29:00,-1,8,-0.0003724710108246929,0.0024753746893234766,-0.0010718900703031043,0.0028478457001481694,False,True,False,2023-11-20,2023,-1,2023-11-20,212,42
1952,32073,32104,2023-11-20 10:34:00,2023-11-20 14:44:00,1,32,0.0071739707000285083,0.010283905973836207,0,0.003109935273807699,False,False,False,2023-11-20,2023,1,2023-11-20,212,42
1953,32105,32111,2023-11-20 14:49:00,2023-11-21 09:54:00,-1,7,-0.0039696125570291233,0.00028014500488565604,-0.0039696125570291233,0.0042497575619147793,False,True,False,2023-11-21,2023,-1,2023-11-21,213,42
1954,32112,32117,2023-11-21 09:59:00,2023-11-21 10:24:00,1,6,-0.003992021269537546,0,-0.003992021269537546,0.003992021269537546,True,False,False,2023-11-21,2023,-1,2023-11-21,213,42
1955,32118,32133,2023-11-21 10:29:00,2023-11-21 13:19:00,-1,16,0.00080704826493576787,0.0031646661432076966,0,0.0023576178782719285,False,False,False,2023-11-21,2023,1,2023-11-21,213,42
1956,32134,32139,2023-11-21 13:24:00,2023-11-21 13:49:00,1,6,-0.0011893409536608774,0.0027099984110217361,-0.0011893409536608774,0.0038993393646826135,False,True,False,2023-11-21,2023,-1,2023-11-21,213,42
1957,32140,32207,2023-11-21 13:54:00,2023-11-23 10:14:00,-1,68,0.019819692288202378,0.026599067665316539,0,0.00677937537711416,False,False,False,2023-11-23,2023,1,2023-11-23,215,43
1958,32208,32224,2023-11-23 10:19:00,2023-11-23 13:14:00,1,17,-0.0034299054554469896,0,-0.0034299054554469896,0.0034299054554469896,True,False,False,2023-11-23,2023,-1,2023-11-23,215,43
1959,32225,32231,2023-11-23 13:19:00,2023-11-23 13:49:00,-1,7,-0.0052719163990806832,3.4473446830840212e-05,-0.0052719163990806832,0.005306389845911523,False,True,False,2023-11-23,2023,-1,2023-11-23,215,43
1960,32232,32248,2023-11-23 13:54:00,2023-11-24 09:49:00,1,17,-0.002941969806084591,0.0039699341431092446,-0.003607115073098487,0.0069119039491938351,False,True,False,2023-11-24,2023,-1,2023-11-24,216,43
1961,32249,32302,2023-11-24 09:54:00,2023-11-27 10:29:00,-1,54,0.007872425161427039,0.01193641241479673,0,0.0040639872533696914,False,False,False,2023-11-27,2023,1,2023-11-27,217,43
1962,32303,32313,2023-11-27 10:34:00,2023-11-27 11:24:00,1,11,-0.0012486994338450387,0.0020085195656886516,-0.0012486994338450387,0.0032572189995336903,False,True,False,2023-11-27,2023,-1,2023-11-27,217,43
1963,32314,32318,2023-11-27 11:29:00,2023-11-27 13:24:00,-1,5,-0.0041678031618099598,0.0010301940338030525,-0.0041678031618099598,0.0051979971956130121,False,True,False,2023-11-27,2023,-1,2023-11-27,217,43
1964,32319,32328,2023-11-27 13:29:00,2023-11-27 14:14:00,1,10,-0.00054164003006762561,0.0020486621809697172,-0.002179868802413866,0.002590302211037343,False,True,False,2023-11-27,2023,-1,2023-11-27,217,43
1965,32329,32335,2023-11-27 14:19:00,2023-11-27 14:49:00,-1,7,-0.0017276134443779995,0.00031128763805341093,-0.0018541877119983938,0.0020389010824314103,False,True,False,2023-11-27,2023,-1,2023-11-27,217,43
1966,32336,32340,2023-11-27 14:54:00,2023-11-28 09:49:00,1,5,-0.0035852455559993112,0,-0.003770043606905844,0.0035852455559993112,True,False,False,2023-11-28,2023,-1,2023-11-28,218,43
1967,32341,32343,2023-11-28 09:54:00,2023-11-28 10:04:00,-1,3,-0.0060677771730153589,0,-0.0060677771730153589,0.0060677771730153589,True,False,False,2023-11-28,2023,-1,2023-11-28,218,43
1968,32344,32359,2023-11-28 10:09:00,2023-11-28 11:24:00,1,16,-0.0011485540968132917,0.0025107349919939554,-0.0017233262154979553,0.0036592890888072472,False,True,False,2023-11-28,2023,-1,2023-11-28,218,43
1969,32360,32374,2023-11-28 11:29:00,2023-11-28 14:14:00,-1,15,0.0014030247830814566,0.0048730288989699225,0,0.003470004115888466,False,False,False,2023-11-28,2023,1,2023-11-28,218,43
1970,32375,32386,2023-11-28 14:19:00,2023-11-29 09:49:00,1,12,0.0004717279712857785,0.0036758834783364711,0,0.0032041555070506924,False,False,False,2023-11-29,2023,1,2023-11-29,219,43
1971,32387,32392,2023-11-29 09:54:00,2023-11-29 10:19:00,-1,6,-0.002045413472817257,0.00098973446370533642,-0.002045413472817257,0.0030351479365225932,False,True,False,2023-11-29,2023,-1,2023-11-29,219,43
1972,32393,32399,2023-11-29 10:24:00,2023-11-29 10:54:00,1,7,-0.0029315251693563201,0,-0.0029315251693563201,0.0029315251693563201,True,False,False,2023-11-29,2023,-1,2023-11-29,219,43
1973,32400,32427,2023-11-29 10:59:00,2023-11-29 14:49:00,-1,28,0.0053332228412066324,0.0069433892447022093,-0.0004489079526338298,0.0016101664034955769,False,False,False,2023-11-29,2023,1,2023-11-29,219,43
1974,32428,32430,2023-11-29 14:54:00,2023-11-30 09:39:00,1,3,-0.0022247981366817272,0,-0.0022247981366817272,0.0022247981366817272,True,False,False,2023-11-30,2023,-1,2023-11-30,220,44
1975,32431,32437,2023-11-30 09:44:00,2023-11-30 10:14:00,-1,7,-0.00051028693149146923,0.0048607572882781525,-0.00051028693149146923,0.0053710442197696219,False,True,False,2023-11-30,2023,-1,2023-11-30,220,44
1976,32438,32444,2023-11-30 10:19:00,2023-11-30 10:49:00,1,7,-0.0019149201295196622,0.0012398395590658389,-0.0019962403045190149,0.0031547596885855012,False,True,False,2023-11-30,2023,-1,2023-11-30,220,44
1977,32445,32467,2023-11-30 10:54:00,2023-11-30 14:19:00,-1,23,-0.0011261850803953059,0.0031181307186949254,-0.0018337555334719893,0.0042443157990902317,False,True,False,2023-11-30,2023,-1,2023-11-30,220,44
1978,32468,32478,2023-11-30 14:24:00,2023-12-01 09:49:00,1,11,-0.0026724003588333798,0.0029892617469469019,-0.0026724003588333798,0.0056616621057802817,False,True,False,2023-12-01,2023,-1,2023-12-01,221,44
1979,32479,32506,2023-12-01 09:54:00,2023-12-01 13:44:00,-1,28,-0.0030900434656721443,0.0030996214382885182,-0.0030900434656721443,0.0061896649039606625,False,True,False,2023-12-01,2023,-1,2023-12-01,221,44
1980,32507,32516,2023-12-01 13:49:00,2023-12-01 14:34:00,1,10,0.0037047370334580111,0.0077871755565841212,0,0.00408243852312611,False,False,False,2023-12-01,2023,1,2023-12-01,221,44
1981,32517,32520,2023-12-01 14:39:00,2023-12-01 14:54:00,-1,4,-0.0044161381620301324,0,-0.0044161381620301324,0.0044161381620301324,True,False,False,2023-12-01,2023,-1,2023-12-01,221,44
1982,32521,32536,2023-12-01 14:59:00,2023-12-04 10:49:00,1,16,-0.00092082097690759706,0.0036748281458930982,-0.0033881929799510621,0.0045956491228006952,False,True,False,2023-12-04,2023,-1,2023-12-04,222,44
1983,32537,32553,2023-12-04 10:54:00,2023-12-04 13:49:00,-1,17,-0.00061013868157307834,0.0023865671870325631,-0.0013119132796746494,0.0029967058686056415,False,True,False,2023-12-04,2023,-1,2023-12-04,222,44
1984,32554,32556,2023-12-04 13:54:00,2023-12-04 14:04:00,1,3,-0.0030775106846166835,0,-0.0030775106846166835,0.0030775106846166835,True,False,False,2023-12-04,2023,-1,2023-12-04,222,44
1985,32557,32597,2023-12-04 14:09:00,2023-12-05 13:39:00,-1,41,0.014910026864450993,0.017972960167063866,0,0.0030629333026128726,False,False,False,2023-12-05,2023,1,2023-12-05,223,44
1986,32598,32604,2023-12-05 13:44:00,2023-12-05 14:14:00,1,7,-0.0017004712642728419,0.0011944634532557352,-0.002534171591440646,0.0028949347175285774,False,True,False,2023-12-05,2023,-1,2023-12-05,223,44
1987,32605,32622,2023-12-05 14:19:00,2023-12-06 10:19:00,-1,18,0.0012331833544519852,0.0088893666089312172,-0.00093854860358630538,0.0076561832544792315,False,False,False,2023-12-06,2023,1,2023-12-06,224,44
1988,32623,32634,2023-12-06 10:24:00,2023-12-06 11:19:00,1,12,-0.004581949982200754,0.00096318752013881083,-0.004581949982200754,0.0055451375023395644,False,True,False,2023-12-06,2023,-1,2023-12-06,224,44
1989,32635,32643,2023-12-06 11:24:00,2023-12-06 13:39:00,-1,9,-0.0059090278462400562,0.0010867255197869645,-0.0059090278462400562,0.0069957533660270207,False,True,False,2023-12-06,2023,-1,2023-12-06,224,44
1990,32644,32650,2023-12-06 13:44:00,2023-12-06 14:14:00,1,7,-0.0053071123204812293,0,-0.0053071123204812293,0.0053071123204812293,True,False,False,2023-12-06,2023,-1,2023-12-06,224,44
1991,32651,32654,2023-12-06 14:19:00,2023-12-06 14:34:00,-1,4,-0.004614432973959184,0,-0.004614432973959184,0.004614432973959184,True,False,False,2023-12-06,2023,-1,2023-12-06,224,44
1992,32655,32659,2023-12-06 14:39:00,2023-12-06 14:59:00,1,5,-0.0039185510334996555,0,-0.0039185510334996555,0.0039185510334996555,True,False,False,2023-12-06,2023,-1,2023-12-06,224,44
1993,32660,32684,2023-12-07 09:39:00,2023-12-07 13:14:00,-1,25,0.0049169188722330143,0.010691992851606429,0,0.0057750739793734143,False,False,False,2023-12-07,2023,1,2023-12-07,225,45
1994,32685,32755,2023-12-07 13:19:00,2023-12-11 09:54:00,1,71,0.019466162763755991,0.022494446441300889,0,0.0030282836775448983,False,False,False,2023-12-11,2023,1,2023-12-11,227,45
1995,32756,32762,2023-12-11 09:59:00,2023-12-11 10:29:00,-1,7,-0.001729913413305383,0.0030607934236670472,-0.001729913413305383,0.0047907068369724302,False,True,False,2023-12-11,2023,-1,2023-12-11,227,45
1996,32763,32800,2023-12-11 10:34:00,2023-12-12 09:49:00,1,38,0.016714506398244781,0.020631123990478638,-0.0012535984555619478,0.0039166175922338564,False,False,False,2023-12-12,2023,1,2023-12-12,228,45
1997,32801,32835,2023-12-12 09:54:00,2023-12-12 14:19:00,-1,35,0.0066729866752914258,0.011011937519377318,0,0.0043389508440858926,False,False,False,2023-12-12,2023,1,2023-12-12,228,45
1998,32836,32842,2023-12-12 14:24:00,2023-12-12 14:54:00,1,7,-0.0020232682673435066,0.0011248207785669448,-0.0020232682673435066,0.0031480890459104514,False,True,False,2023-12-12,2023,-1,2023-12-12,228,45
1999,32843,32847,2023-12-12 14:59:00,2023-12-13 09:54:00,-1,5,-0.005805897919431288,0.00016111769682575672,-0.0069036179738589777,0.0059670156162570445,False,True,False,2023-12-13,2023,-1,2023-12-13,229,45
2000,32848,32851,2023-12-13 09:59:00,2023-12-13 10:14:00,1,4,-0.004460428325885963,0,-0.0045293827470408877,0.004460428325885963,True,False,False,2023-12-13,2023,-1,2023-12-13,229,45
2001,32852,32892,2023-12-13 10:19:00,2023-12-14 09:49:00,-1,41,0.006757094110584401,0.0098162281200466182,0,0.0030591340094622173,False,False,False,2023-12-14,2023,1,2023-12-14,230,46
2002,32893,32895,2023-12-14 09:54:00,2023-12-14 10:04:00,1,3,-0.0035118459357060517,0,-0.0035118459357060517,0.0035118459357060517,True,False,False,2023-12-14,2023,-1,2023-12-14,230,46
2003,32896,32906,2023-12-14 10:09:00,2023-12-14 10:59:00,-1,11,-0.0019486852545263827,0.0032096782991832716,-0.0019486852545263827,0.0051583635537096545,False,True,False,2023-12-14,2023,-1,2023-12-14,230,46
2004,32907,32915,2023-12-14 11:04:00,2023-12-14 13:19:00,1,9,-0.0019719067762337004,0.0034819258628800229,-0.0019719067762337004,0.0054538326391137234,False,True,False,2023-12-14,2023,-1,2023-12-14,230,46
2005,32916,32929,2023-12-14 13:24:00,2023-12-14 14:29:00,-1,14,0.00040646394353499561,0.0040021460218120303,-0.00010449260143831091,0.0035956820782770348,False,False,False,2023-12-14,2023,1,2023-12-14,230,46
2006,32930,32933,2023-12-14 14:34:00,2023-12-14 14:49:00,1,4,-0.0042720432809297913,0,-0.0042720432809297913,0.0042720432809297913,True,False,False,2023-12-14,2023,-1,2023-12-14,230,46
2007,32934,32946,2023-12-14 14:54:00,2023-12-15 10:29:00,-1,13,-0.00023327968006483959,0.0059201539453835493,-0.0007812728147158182,0.0061534336254483891,False,True,False,2023-12-15,2023,-1,2023-12-15,231,46
2008,32947,32953,2023-12-15 10:34:00,2023-12-15 11:04:00,1,7,-0.0031304779682774053,0,-0.0031304779682774053,0.0031304779682774053,True,False,False,2023-12-15,2023,-1,2023-12-15,231,46
2009,32954,32996,2023-12-15 11:09:00,2023-12-18 10:49:00,-1,43,0.010265907807857799,0.013936809997579411,0,0.0036709021897216119,False,False,False,2023-12-18,2023,1,2023-12-18,232,46
2010,32997,32999,2023-12-18 10:54:00,2023-12-18 11:04:00,1,3,-0.002876371365785362,0,-0.002876371365785362,0.002876371365785362,True,False,False,2023-12-18,2023,-1,2023-12-18,232,46
2011,33000,33030,2023-12-18 11:09:00,2023-12-19 09:49:00,-1,31,0.00084198547509397844,0.0060996461567231989,-0.00043850033590182858,0.0052576606816292209,False,False,False,2023-12-19,2023,1,2023-12-19,233,46
2012,33031,33051,2023-12-19 09:54:00,2023-12-19 13:09:00,1,21,0.00071158342166944026,0.0087762860958007453,-0.0028990004501223019,0.0080647026741313046,False,False,False,2023-12-19,2023,1,2023-12-19,233,46
2013,33052,33073,2023-12-19 13:14:00,2023-12-19 14:59:00,-1,22,-0.0013150959486479756,0.0045629082101782828,-0.0013150959486479756,0.0058780041588262586,False,True,False,2023-12-19,2023,-1,2023-12-19,233,46
2014,33074,33078,2023-12-20 09:39:00,2023-12-20 09:59:00,1,5,-0.002845626772015756,0.00076929908815205139,-0.0028575005067210924,0.0036149258601678074,False,True,False,2023-12-20,2023,-1,2023-12-20,234,46
2015,33079,33124,2023-12-20 10:04:00,2023-12-21 09:59:00,-1,46,0.0076281657140123164,0.010251848639449631,-0.0023719176205709443,0.0026236829254373149,False,False,False,2023-12-21,2023,1,2023-12-21,235,47
2016,33125,33127,2023-12-21 10:04:00,2023-12-21 10:14:00,1,3,-0.0029356280256299027,0,-0.0029356280256299027,0.0029356280256299027,True,False,False,2023-12-21,2023,-1,2023-12-21,235,47
2017,33128,33132,2023-12-21 10:19:00,2023-12-21 10:39:00,-1,5,-0.0064351210059581943,0,-0.0064351210059581943,0.0064351210059581943,True,False,False,2023-12-21,2023,-1,2023-12-21,235,47
2018,33133,33159,2023-12-21 10:44:00,2023-12-21 14:29:00,1,27,0.0099299084433615622,0.013523961509351118,0,0.0035940530659895557,False,False,False,2023-12-21,2023,1,2023-12-21,235,47
2019,33160,33182,2023-12-21 14:34:00,2023-12-22 10:59:00,-1,23,0.0014176021275361028,0.0070487482723355218,-0.0020873018303770676,0.0056311461447994191,False,False,False,2023-12-22,2023,1,2023-12-22,236,47
2020,33183,33191,2023-12-22 11:04:00,2023-12-22 13:19:00,1,9,0.002526655180794703,0.0063869367846343325,-0.0015380068101253624,0.0038602816038396295,False,False,False,2023-12-22,2023,1,2023-12-22,236,47
2021,33192,33243,2023-12-22 13:24:00,2023-12-25 13:49:00,-1,52,0.011003193772218216,0.014849582077672551,-0.00025938808139312416,0.0038463883054543346,False,False,False,2023-12-25,2023,1,2023-12-25,237,47
2022,33244,33260,2023-12-25 13:54:00,2023-12-26 09:49:00,1,17,-0.0046366087701810643,0,-0.005871080650956568,0.0046366087701810643,True,False,False,2023-12-26,2023,-1,2023-12-26,238,47
2023,33261,33289,2023-12-26 09:54:00,2023-12-26 13:49:00,-1,29,0.01144411559948556,0.014988152710266357,0,0.0035440371107807976,False,False,False,2023-12-26,2023,1,2023-12-26,238,47
2024,33290,33298,2023-12-26 13:54:00,2023-12-26 14:34:00,1,9,0.00076299363634678625,0.0065452056530791924,0,0.0057822120167324064,False,False,False,2023-12-26,2023,1,2023-12-26,238,47
2025,33299,33306,2023-12-26 14:39:00,2023-12-27 09:49:00,-1,8,-0.0040353814668270017,0.0018054811542398482,-0.0040353814668270017,0.0058408626210668495,False,True,False,2023-12-27,2023,-1,2023-12-27,239,47
2026,33307,33318,2023-12-27 09:54:00,2023-12-27 10:49:00,1,12,-0.0018102828984319047,0.0020837983245334977,-0.003224582058947008,0.0038940812229654024,False,True,False,2023-12-27,2023,-1,2023-12-27,239,47
2027,33319,33322,2023-12-27 10:54:00,2023-12-27 11:09:00,-1,4,-0.0032200320881523256,0,-0.0041347029907712624,0.0032200320881523256,True,False,False,2023-12-27,2023,-1,2023-12-27,239,47
2028,33323,33337,2023-12-27 11:14:00,2023-12-27 13:59:00,1,15,-0.001807730345139133,0.0014438350761213998,-0.0026403849321189497,0.0032515654212605331,False,True,False,2023-12-27,2023,-1,2023-12-27,239,47
2029,33338,33344,2023-12-27 14:04:00,2023-12-27 14:34:00,-1,7,-0.0020124004357279833,0.00059123406747747754,-0.0023855145588151062,0.0026036345032054609,False,True,False,2023-12-27,2023,-1,2023-12-27,239,47
2030,33345,33392,2023-12-27 14:39:00,2023-12-28 14:44:00,1,48,0.021896729643882187,0.025799219492100959,-0.00037325338919985798,0.0039024898482187716,False,False,False,2023-12-28,2023,1,2023-12-28,240,48
2031,33393,33398,2023-12-28 14:49:00,2023-12-29 09:49:00,-1,6,-0.0061407152026959387,0,-0.0061407152026959387,0.0061407152026959387,True,False,False,2023-12-29,2023,-1,2023-12-29,241,48
2032,33399,33421,2023-12-29 09:54:00,2023-12-29 13:19:00,1,23,-0.005610870199395707,0,-0.0069065428346606252,0.005610870199395707,True,False,False,2023-12-29,2023,-1,2023-12-29,241,48
2033,33422,33430,2023-12-29 13:24:00,2023-12-29 14:04:00,-1,9,-0.0021048307150602105,0.00010594654418154948,-0.0029971637553673188,0.0022107772592417601,False,True,False,2023-12-29,2023,-1,2023-12-29,241,48
2034,33431,33444,2023-12-29 14:09:00,2024-01-02 09:49:00,1,14,-0.0090859298525671744,0.0009744815766423809,-0.0090859298525671744,0.010060411429209555,False,True,False,2024-01-02,2024,-1,2024-01-02,0,0
2035,33445,33453,2024-01-02 09:54:00,2024-01-02 10:34:00,-1,9,-0.0036679052445001258,0.0022666193774854479,-0.0036679052445001258,0.0059345246219855742,False,True,False,2024-01-02,2024,-1,2024-01-02,0,0
2036,33454,33467,2024-01-02 10:39:00,2024-01-02 13:19:00,1,14,-0.0033360573226155639,0.00036605166460404925,-0.0033360573226155639,0.0037021089872196133,False,True,False,2024-01-02,2024,-1,2024-01-02,0,0
2037,33468,33526,2024-01-02 13:24:00,2024-01-03 14:24:00,-1,59,0.016271010865201083,0.019782008952038389,-0.00010664202061189338,0.003510998086837306,False,False,False,2024-01-03,2024,1,2024-01-03,1,0
2038,33527,33535,2024-01-03 14:29:00,2024-01-04 09:44:00,1,9,-0.0045509768972846771,0.002105504564733498,-0.0045509768972846771,0.0066564814620181751,False,True,False,2024-01-04,2024,-1,2024-01-04,2,0
2039,33536,33571,2024-01-04 09:49:00,2024-01-04 14:19:00,-1,36,0.0060192165035949886,0.010325230219830806,-0.0003387165096195734,0.0043060137162358172,False,False,False,2024-01-04,2024,1,2024-01-04,2,0
2040,33572,33585,2024-01-04 14:24:00,2024-01-05 10:04:00,1,14,0.00071789695786865656,0.0047358922760377337,-0.00038958351580526725,0.0040179953181690769,False,False,False,2024-01-05,2024,1,2024-01-05,3,0
2041,33586,33592,2024-01-05 10:09:00,2024-01-05 10:39:00,-1,7,0.00096136886849962355,0.0042907011388613938,0,0.0033293322703617702,False,False,False,2024-01-05,2024,1,2024-01-05,3,0
2042,33593,33596,2024-01-05 10:44:00,2024-01-05 10:59:00,1,4,-0.0020231079878536072,0,-0.0027675688068494191,0.0020231079878536072,True,False,False,2024-01-05,2024,-1,2024-01-05,3,0
2043,33597,33626,2024-01-05 11:04:00,2024-01-08 09:39:00,-1,30,0.022104436305355676,0.022104436305355676,0,0,False,False,False,2024-01-08,2024,1,2024-01-08,4,0
2044,33627,33628,2024-01-08 09:44:00,2024-01-08 09:49:00,1,2,-0.0050766608143733589,0,-0.0050766608143733589,0.0050766608143733589,True,False,False,2024-01-08,2024,-1,2024-01-08,4,0
2045,33629,33674,2024-01-08 09:54:00,2024-01-09 09:49:00,-1,46,0.012094760351859812,0.017195806248753439,-0.0014906586083696658,0.0051010458968936273,False,False,False,2024-01-09,2024,1,2024-01-09,5,1
2046,33675,33688,2024-01-09 09:54:00,2024-01-09 10:59:00,1,14,0.0006976198762119678,0.0065006742222935886,-0.002744461978771923,0.005803054346081621,False,False,False,2024-01-09,2024,1,2024-01-09,5,1
2047,33689,33710,2024-01-09 11:04:00,2024-01-09 14:24:00,-1,22,0.0057349012427409668,0.013904274563971803,0,0.0081693733212308359,False,False,False,2024-01-09,2024,1,2024-01-09,5,1
2048,33711,33719,2024-01-09 14:29:00,2024-01-10 09:44:00,1,9,-0.014023602107746169,0.0010706366211711699,-0.014023602107746169,0.015094238728917339,False,True,False,2024-01-10,2024,-1,2024-01-10,6,1
2049,33720,33724,2024-01-10 09:49:00,2024-01-10 10:09:00,-1,5,-0.012785843950550576,0.0012552492411762354,-0.012785843950550576,0.014041093191726811,False,True,False,2024-01-10,2024,-1,2024-01-10,6,1
2050,33725,33736,2024-01-10 10:14:00,2024-01-10 11:09:00,1,12,0.0012122528329577499,0.0082398136681003289,-0.001252076310244631,0.0070275608351425788,False,False,False,2024-01-10,2024,1,2024-01-10,6,1
2051,33737,33767,2024-01-10 11:14:00,2024-01-11 09:54:00,-1,31,-0.00042075468710320134,0.0077967863714807854,-0.00042075468710320134,0.0082175410585839867,False,True,False,2024-01-11,2024,-1,2024-01-11,7,1
2052,33768,33781,2024-01-11 09:59:00,2024-01-11 11:04:00,1,14,-0.0044972032203710833,0.0022028824636573258,-0.0050735905686159818,0.0067000856840284092,False,True,False,2024-01-11,2024,-1,2024-01-11,7,1
2053,33782,33788,2024-01-11 11:09:00,2024-01-11 13:14:00,-1,7,-0.0099002509630544445,0,-0.0099002509630544445,0.0099002509630544445,True,False,False,2024-01-11,2024,-1,2024-01-11,7,1
2054,33789,33801,2024-01-11 13:19:00,2024-01-11 14:19:00,1,13,0.00012677966978205354,0.0051217634679343281,0,0.0049949837981522749,False,False,False,2024-01-11,2024,1,2024-01-11,7,1
2055,33802,33819,2024-01-11 14:24:00,2024-01-12 10:24:00,-1,18,-0.0010769787355740137,0.0047270597323583186,-0.001646674723231779,0.0058040384679323327,False,True,False,2024-01-12,2024,-1,2024-01-12,8,1
2056,33820,33824,2024-01-12 10:29:00,2024-01-12 10:49:00,1,5,-0.0044420826418841786,0,-0.0044420826418841786,0.0044420826418841786,True,False,False,2024-01-12,2024,-1,2024-01-12,8,1
2057,33825,33849,2024-01-12 10:54:00,2024-01-12 14:29:00,-1,25,0.0048197165774246688,0.0092903861043553086,-0.00085187003327035784,0.0044706695269306398,False,False,False,2024-01-12,2024,1,2024-01-12,8,1
2058,33850,33854,2024-01-12 14:34:00,2024-01-12 14:54:00,1,5,-0.0034954102359976702,0,-0.0034954102359976702,0.0034954102359976702,True,False,False,2024-01-12,2024,-1,2024-01-12,8,1
2059,33855,33862,2024-01-12 14:59:00,2024-01-15 10:09:00,-1,8,-0.0028817171911025711,0.011039860377920792,-0.0028817171911025711,0.013921577569023364,False,True,False,2024-01-15,2024,-1,2024-01-15,9,1
2060,33863,33870,2024-01-15 10:14:00,2024-01-15 10:49:00,1,8,-0.0040495743062752493,0.0011759143448915952,-0.0040495743062752493,0.0052254886511668448,False,True,False,2024-01-15,2024,-1,2024-01-15,9,1
2061,33871,33873,2024-01-15 10:54:00,2024-01-15 11:04:00,-1,3,-0.003256329638273233,0,-0.006017173448754745,0.003256329638273233,True,False,False,2024-01-15,2024,-1,2024-01-15,9,1
2062,33874,33876,2024-01-15 11:09:00,2024-01-15 11:19:00,1,3,-0.0048756175055939144,0,-0.0048756175055939144,0.0048756175055939144,True,False,False,2024-01-15,2024,-1,2024-01-15,9,1
2063,33877,33907,2024-01-15 11:24:00,2024-01-16 10:04:00,-1,31,0.0027820370592227354,0.0077211487523295794,-0.00019290991809713998,0.004939111693106844,False,False,False,2024-01-16,2024,1,2024-01-16,10,2
2064,33908,33913,2024-01-16 10:09:00,2024-01-16 10:34:00,1,6,-0.0023113635061795079,0.0023189013650534132,-0.0025958107108176986,0.0046302648712329211,False,True,False,2024-01-16,2024,-1,2024-01-16,10,2
2065,33914,33939,2024-01-16 10:39:00,2024-01-16 14:19:00,-1,26,0.00069833308151783478,0.0098604882102345283,-0.00179532102443225,0.0091621551287166935,False,False,False,2024-01-16,2024,1,2024-01-16,10,2
2066,33940,33950,2024-01-16 14:24:00,2024-01-17 09:49:00,1,11,-0.0031225933806812117,0.0050840787213819435,-0.0031225933806812117,0.0082066721020631547,False,True,False,2024-01-17,2024,-1,2024-01-17,11,2
2067,33951,34017,2024-01-17 09:54:00,2024-01-18 13:09:00,-1,67,0.025404658297829154,0.037847644123572013,0,0.01244298582574286,False,False,False,2024-01-18,2024,1,2024-01-18,12,2
2068,34018,34025,2024-01-18 13:14:00,2024-01-18 13:49:00,1,8,-0.0080186461247540412,0,-0.0080186461247540412,0.0080186461247540412,True,False,False,2024-01-18,2024,-1,2024-01-18,12,2
2069,34026,34029,2024-01-18 13:54:00,2024-01-18 14:09:00,-1,4,-0.0085908541313178804,0.0020147486365548872,-0.0085908541313178804,0.010605602767872768,False,True,False,2024-01-18,2024,-1,2024-01-18,12,2
2070,34030,34049,2024-01-18 14:14:00,2024-01-19 10:24:00,1,20,0.016008154398271225,0.025390308648634202,-0.0003858717756067406,0.0093821542503629771,False,False,False,2024-01-19,2024,1,2024-01-19,13,2
2071,34050,34059,2024-01-19 10:29:00,2024-01-19 11:14:00,-1,10,-0.0057960582082926034,0.00098238911816564802,-0.0057960582082926034,0.006778447326458251,False,True,False,2024-01-19,2024,-1,2024-01-19,13,2
2072,34060,34064,2024-01-19 11:19:00,2024-01-19 13:14:00,1,5,-0.0069226122513818319,0,-0.0069226122513818319,0.0069226122513818319,True,False,False,2024-01-19,2024,-1,2024-01-19,13,2
2073,34065,34071,2024-01-19 13:19:00,2024-01-19 13:49:00,-1,7,-0.0051508095001566445,0.00057686762488101553,-0.0051508095001566445,0.0057276771250376604,False,True,False,2024-01-19,2024,-1,2024-01-19,13,2
2074,34072,34087,2024-01-19 13:54:00,2024-01-22 09:44:00,1,16,-0.0081567909055571958,0.0027735656774047881,-0.0081567909055571958,0.010930356582961983,False,True,False,2024-01-22,2024,-1,2024-01-22,14,2
2075,34088,34117,2024-01-22 09:49:00,2024-01-22 13:49:00,-1,30,0.0096564226634488336,0.014046420534729667,-0.0016681885637408302,0.0043899978712808336,False,False,False,2024-01-22,2024,1,2024-01-22,14,2
2076,34118,34124,2024-01-22 13:54:00,2024-01-22 14:24:00,1,7,-0.0064452775922199989,0.0022540150883034868,-0.0064452775922199989,0.0086992926805234856,False,True,False,2024-01-22,2024,-1,2024-01-22,14,2
2077,34125,34139,2024-01-22 14:29:00,2024-01-23 10:14:00,-1,15,0.00033404819958038508,0.020106740225434124,0,0.019772692025853741,False,False,False,2024-01-23,2024,1,2024-01-23,15,3
2078,34140,34148,2024-01-23 10:19:00,2024-01-23 10:59:00,1,9,-0.0071620477819523557,0.0022826640981198974,-0.0076063336670279674,0.0094447118800722527,False,True,False,2024-01-23,2024,-1,2024-01-23,15,3
2079,34149,34157,2024-01-23 11:04:00,2024-01-23 13:19:00,-1,9,-0.0068278879568830801,0.0045599345106763335,-0.0070551287863544199,0.011387822467559414,False,True,False,2024-01-23,2024,-1,2024-01-23,15,3
2080,34158,34178,2024-01-23 13:24:00,2024-01-24 09:39:00,1,21,0.00097543384472031079,0.0076840990417666394,-0.0022216580558904707,0.0067086651970463288,False,False,False,2024-01-24,2024,1,2024-01-24,16,3
2081,34179,34208,2024-01-24 09:44:00,2024-01-24 13:44:00,-1,30,0.017501170835216781,0.027348891969795473,0,0.0098477211345786922,False,False,False,2024-01-24,2024,1,2024-01-24,16,3
2082,34209,34229,2024-01-24 13:49:00,2024-01-25 10:04:00,1,21,0.014665769237881132,0.021805749257043466,0,0.0071399800191623338,False,False,False,2024-01-25,2024,1,2024-01-25,17,3
2083,34230,34234,2024-01-25 10:09:00,2024-01-25 10:29:00,-1,5,-0.0099817587060586632,0,-0.0099817587060586632,0.0099817587060586632,True,False,False,2024-01-25,2024,-1,2024-01-25,17,3
2084,34235,34256,2024-01-25 10:34:00,2024-01-25 13:54:00,1,22,0.0097649294046672844,0.016478867344015685,0,0.0067139379393484008,False,False,False,2024-01-25,2024,1,2024-01-25,17,3
2085,34257,34266,2024-01-25 13:59:00,2024-01-25 14:44:00,-1,10,-0.0055654276135472568,0,-0.0055654276135472568,0.0055654276135472568,True,False,False,2024-01-25,2024,-1,2024-01-25,17,3
2086,34267,34272,2024-01-25 14:49:00,2024-01-26 09:49:00,1,6,-0.010647127355000804,0.00091369504607505096,-0.010647127355000804,0.011560822401075855,False,True,False,2024-01-26,2024,-1,2024-01-26,18,3
2087,34273,34300,2024-01-26 09:54:00,2024-01-26 13:44:00,-1,28,0.0019023970648841021,0.0089089811044804935,-0.0015166804756406639,0.0070065840395963919,False,False,False,2024-01-26,2024,1,2024-01-26,18,3
2088,34301,34306,2024-01-26 13:49:00,2024-01-26 14:14:00,1,6,-0.0082724660285782327,0,-0.0082724660285782327,0.0082724660285782327,True,False,False,2024-01-26,2024,-1,2024-01-26,18,3
2089,34307,34358,2024-01-26 14:19:00,2024-01-29 14:44:00,-1,52,0.026248509766702906,0.030294682743328485,-0.0035935833385865269,0.0040461729766255797,False,False,False,2024-01-29,2024,1,2024-01-29,19,3
2090,34359,34361,2024-01-29 14:49:00,2024-01-29 14:59:00,1,3,-0.0058482107293082106,0,-0.0058482107293082106,0.0058482107293082106,True,False,False,2024-01-29,2024,-1,2024-01-29,19,3
2091,34362,34394,2024-01-30 09:39:00,2024-01-30 13:54:00,-1,33,0.023163079356919504,0.026720345145613614,0,0.0035572657886941104,False,False,False,2024-01-30,2024,1,2024-01-30,20,4
2092,34395,34398,2024-01-30 13:59:00,2024-01-30 14:14:00,1,4,-0.0047883138206056171,0,-0.0047883138206056171,0.0047883138206056171,True,False,False,2024-01-30,2024,-1,2024-01-30,20,4
2093,34399,34423,2024-01-30 14:19:00,2024-01-31 10:54:00,-1,25,0.025481917043115046,0.03556878391949117,0,0.010086866876376124,False,False,False,2024-01-31,2024,1,2024-01-31,21,4
2094,34424,34437,2024-01-31 10:59:00,2024-01-31 13:39:00,1,14,0.0083454949611985307,0.01321636920585869,0,0.0048708742446601592,False,False,False,2024-01-31,2024,1,2024-01-31,21,4
2095,34438,34452,2024-01-31 13:44:00,2024-01-31 14:54:00,-1,15,0.007184240094959507,0.011953978804576425,0,0.0047697387096169181,False,False,False,2024-01-31,2024,1,2024-01-31,21,4
2096,34453,34455,2024-01-31 14:59:00,2024-02-01 09:44:00,1,3,-0.009972527208657881,0,-0.012863275166200725,0.009972527208657881,True,False,False,2024-02-01,2024,-1,2024-02-01,22,4
2097,34456,34462,2024-02-01 09:49:00,2024-02-01 10:19:00,-1,7,-0.018452234788637095,0.0041553238315055994,-0.018452234788637095,0.022607558620142694,False,True,False,2024-02-01,2024,-1,2024-02-01,22,4
2098,34463,34478,2024-02-01 10:24:00,2024-02-01 13:14:00,1,16,0.00050334003119207379,0.010716559977207989,0,0.010213219946015914,False,False,False,2024-02-01,2024,1,2024-02-01,22,4
2099,34479,34541,2024-02-01 13:19:00,2024-02-02 14:39:00,-1,63,0.033359814480303569,0.061077616442173972,0,0.027717801961870403,False,False,False,2024-02-02,2024,1,2024-02-02,23,4
2100,34542,34548,2024-02-02 14:44:00,2024-02-05 09:49:00,1,7,-0.011737838212299843,0.01027834273988098,-0.011737838212299843,0.022016180952180824,False,True,False,2024-02-05,2024,-1,2024-02-05,24,4
2101,34549,34565,2024-02-05 09:54:00,2024-02-05 11:14:00,-1,17,0.016423270211525242,0.037827105365938737,0,0.021403835154413495,False,False,False,2024-02-05,2024,1,2024-02-05,24,4
2102,34566,34586,2024-02-05 11:19:00,2024-02-05 14:34:00,1,21,0.028651541277793791,0.047695250817169473,-0.014693915609696044,0.019043709539375682,False,False,False,2024-02-05,2024,1,2024-02-05,24,4
2103,34587,34596,2024-02-05 14:39:00,2024-02-06 09:59:00,-1,10,-0.021911397631267295,0.0027525068894636556,-0.021911397631267295,0.024663904520730952,False,True,False,2024-02-06,2024,-1,2024-02-06,25,5
2104,34597,34666,2024-02-06 10:04:00,2024-02-07 13:34:00,1,70,0.071730598794368022,0.077733301165118396,-0.002853110513664792,0.0060027023707503735,False,False,False,2024-02-07,2024,1,2024-02-07,26,5
2105,34667,34681,2024-02-07 13:39:00,2024-02-07 14:49:00,-1,15,-0.002472890689593602,0.0061614656681346445,-0.0029046812778698297,0.0086343563577282456,False,True,False,2024-02-07,2024,-1,2024-02-07,26,5
2106,34682,34701,2024-02-07 14:54:00,2024-02-08 11:04:00,1,20,0.024082127037843452,0.035244887395967518,0,0.011162760358124066,False,False,False,2024-02-08,2024,1,2024-02-08,27,5
2107,34702,34732,2024-02-08 11:09:00,2024-02-19 09:49:00,-1,31,0.0034446612169636353,0.017611354000772017,-0.0015929335060435809,0.014166692783808381,False,False,False,2024-02-19,2024,1,2024-02-19,28,5
2108,34733,34747,2024-02-19 09:54:00,2024-02-19 11:04:00,1,15,-0.0036025097568266875,0.0052217374078018476,-0.0036025097568266875,0.0088242471646285351,False,True,False,2024-02-19,2024,-1,2024-02-19,28,5
2109,34748,34762,2024-02-19 11:09:00,2024-02-19 13:54:00,-1,15,-0.0036686110372327304,0.0062556771113184539,-0.0042104767867345919,0.0099242881485511851,False,True,False,2024-02-19,2024,-1,2024-02-19,28,5
2110,34763,34778,2024-02-19 13:59:00,2024-02-20 09:49:00,1,16,-0.004650955467749518,0.008490635673367752,-0.004650955467749518,0.01314159114111727,False,True,False,2024-02-20,2024,-1,2024-02-20,29,5
2111,34779,34812,2024-02-20 09:54:00,2024-02-20 14:14:00,-1,34,0.00039852281406288834,0.0053267407854941115,-0.0023083056150170365,0.0049282179714312232,False,False,False,2024-02-20,2024,1,2024-02-20,29,5
2112,34813,34823,2024-02-20 14:19:00,2024-02-21 09:44:00,1,11,-0.0062108689589593664,0.0063573846953433478,-0.010350607596985424,0.012568253654302714,False,True,False,2024-02-21,2024,-1,2024-02-21,30,6
2113,34824,34834,2024-02-21 09:49:00,2024-02-21 10:39:00,-1,11,-0.0062108689589591669,0.0022352060809587666,-0.0062108689589591669,0.0084460750399179343,False,True,False,2024-02-21,2024,-1,2024-02-21,30,6
2114,34835,34858,2024-02-21 10:44:00,2024-02-21 14:14:00,1,24,0.014103601301453522,0.020931883493681445,0,0.0068282821922279226,False,False,False,2024-02-21,2024,1,2024-02-21,30,6
2115,34859,34870,2024-02-21 14:19:00,2024-02-22 09:49:00,-1,12,0.002400300206084097,0.0098211666332587502,-0.0019239458591882776,0.0074208664271746532,False,False,False,2024-02-22,2024,1,2024-02-22,31,6
2116,34871,34876,2024-02-22 09:54:00,2024-02-22 10:19:00,1,6,-0.0056892413736872437,0.0079786961575046573,-0.0056892413736872437,0.013667937531191901,False,True,False,2024-02-22,2024,-1,2024-02-22,31,6
2117,34877,34894,2024-02-22 10:24:00,2024-02-22 13:24:00,-1,18,-0.0070933950114356169,0,-0.0070933950114356169,0.0070933950114356169,True,False,False,2024-02-22,2024,-1,2024-02-22,31,6
2118,34895,34903,2024-02-22 13:29:00,2024-02-22 14:09:00,1,9,-0.006868899959287981,0.00077341045075373944,-0.006868899959287981,0.0076423104100417204,False,True,False,2024-02-22,2024,-1,2024-02-22,31,6
2119,34904,34914,2024-02-22 14:14:00,2024-02-23 09:39:00,-1,11,-0.0081794130816118128,0,-0.0081794130816118128,0.0081794130816118128,True,False,False,2024-02-23,2024,-1,2024-02-23,32,6
2120,34915,34922,2024-02-23 09:44:00,2024-02-23 10:19:00,1,8,-0.0052523887754851381,0.0029423901649843218,-0.0052523887754851381,0.008194778940469459,False,True,False,2024-02-23,2024,-1,2024-02-23,32,6
2121,34923,34946,2024-02-23 10:24:00,2024-02-23 13:54:00,-1,24,0.0016074843701264099,0.0058096709303734955,0,0.0042021865602470858,False,False,False,2024-02-23,2024,1,2024-02-23,32,6
2122,34947,34967,2024-02-23 13:59:00,2024-02-26 10:14:00,1,21,0.0054182142020610382,0.010859407944196684,0,0.0054411937421356459,False,False,False,2024-02-26,2024,1,2024-02-26,33,6
2123,34968,34973,2024-02-26 10:19:00,2024-02-26 10:44:00,-1,6,-0.0057542072825270355,0,-0.0057542072825270355,0.0057542072825270355,True,False,False,2024-02-26,2024,-1,2024-02-26,33,6
2124,34974,34996,2024-02-26 10:49:00,2024-02-26 14:14:00,1,23,0.0059287169525346628,0.011667836164137415,0,0.0057391192116027518,False,False,False,2024-02-26,2024,1,2024-02-26,33,6
2125,34997,35004,2024-02-26 14:19:00,2024-02-26 14:54:00,-1,8,0.0020762510378341077,0.0071813594086646126,0,0.0051051083708305049,False,False,False,2024-02-26,2024,1,2024-02-26,33,6
2126,35005,35007,2024-02-26 14:59:00,2024-02-27 09:44:00,1,3,-0.0062416725424829251,0,-0.007680559354154029,0.0062416725424829251,True,False,False,2024-02-27,2024,-1,2024-02-27,34,6
2127,35008,35021,2024-02-27 09:49:00,2024-02-27 10:54:00,-1,14,-0.0010843366686377237,0.0028405205336297728,-0.0011626769003034684,0.0039248572022674965,False,True,False,2024-02-27,2024,-1,2024-02-27,34,6
2128,35022,35060,2024-02-27 10:59:00,2024-02-28 10:19:00,1,39,0.049084840782634191,0.056158311423912692,0,0.0070734706412785009,False,False,False,2024-02-28,2024,1,2024-02-28,35,7
2129,35061,35078,2024-02-28 10:24:00,2024-02-28 13:24:00,-1,18,0.012673362630623989,0.022669523355761164,-0.0043416844443647769,0.0099961607251371747,False,False,False,2024-02-28,2024,1,2024-02-28,35,7
2130,35079,35085,2024-02-28 13:29:00,2024-02-28 13:59:00,1,7,-0.0067839694216429375,0,-0.0067839694216429375,0.0067839694216429375,True,False,False,2024-02-28,2024,-1,2024-02-28,35,7
2131,35086,35100,2024-02-28 14:04:00,2024-02-29 09:49:00,-1,15,0.0047903218013062689,0.020516035636540333,0,0.015725713835234065,False,False,False,2024-02-29,2024,1,2024-02-29,36,7
2132,35101,35119,2024-02-29 09:54:00,2024-02-29 11:24:00,1,19,0.011675008836027163,0.019237548406174615,0,0.0075625395701474519,False,False,False,2024-02-29,2024,1,2024-02-29,36,7
2133,35120,35126,2024-02-29 11:29:00,2024-02-29 13:34:00,-1,7,-0.0016729458433522608,0.0067706091954849116,-0.0016729458433522608,0.0084435550388371715,False,True,False,2024-02-29,2024,-1,2024-02-29,36,7
2134,35127,35167,2024-02-29 13:39:00,2024-03-01 13:09:00,1,41,0.0164042319855283,0.022554684307544714,-0.0038027647317362715,0.0061504523220164142,False,False,False,2024-03-01,2024,1,2024-03-01,37,7
2135,35168,35174,2024-03-01 13:14:00,2024-03-01 13:44:00,-1,7,-0.0032956279481445279,0.0049701090751727954,-0.0032956279481445279,0.0082657370233173225,False,True,False,2024-03-01,2024,-1,2024-03-01,37,7
2136,35175,35196,2024-03-01 13:49:00,2024-03-04 10:09:00,1,22,0.0028302486129435592,0.011114833769510406,-0.00032044566871445744,0.0082845851565668469,False,False,False,2024-03-04,2024,1,2024-03-04,38,7
2137,35197,35202,2024-03-04 10:14:00,2024-03-04 10:39:00,-1,6,-0.0025649063880834864,0.0069174561747212095,-0.0025649063880834864,0.0094823625628046963,False,True,False,2024-03-04,2024,-1,2024-03-04,38,7
2138,35203,35220,2024-03-04 10:44:00,2024-03-04 13:44:00,1,18,-0.0013859506097335644,0.00713233199007084,-0.0013859506097335644,0.0085182825998044043,False,True,False,2024-03-04,2024,-1,2024-03-04,38,7
2139,35221,35232,2024-03-04 13:49:00,2024-03-04 14:44:00,-1,12,-0.0069350017117451824,0,-0.0069350017117451824,0.0069350017117451824,True,False,False,2024-03-04,2024,-1,2024-03-04,38,7
2140,35233,35242,2024-03-04 14:49:00,2024-03-05 10:09:00,1,10,-0.007819088213337164,0.0010476817955120286,-0.007819088213337164,0.0088667700088491917,False,True,False,2024-03-05,2024,-1,2024-03-05,39,7
2141,35243,35251,2024-03-05 10:14:00,2024-03-05 10:54:00,-1,9,-0.0076484314280968442,0,-0.0076484314280968442,0.0076484314280968442,True,False,False,2024-03-05,2024,-1,2024-03-05,39,7
2142,35252,35264,2024-03-05 10:59:00,2024-03-05 13:34:00,1,13,-0.00093913326128402456,0.0036384252553917189,-0.00093913326128402456,0.0045775585166757437,False,True,False,2024-03-05,2024,-1,2024-03-05,39,7
2143,35265,35282,2024-03-05 13:39:00,2024-03-06 09:39:00,-1,18,0.0081845147994176783,0.0081845147994176783,-0.0015484880952609237,0,False,False,False,2024-03-06,2024,1,2024-03-06,40,8
2144,35283,35284,2024-03-06 09:44:00,2024-03-06 09:49:00,1,2,0.00086080749053037977,0.00086080749053037977,-0.00057838680921539853,0,False,False,False,2024-03-06,2024,1,2024-03-06,40,8
2145,35285,35298,2024-03-06 09:54:00,2024-03-06 10:59:00,-1,14,0.0042744320166736363,0.010105713281104937,0,0.0058312812644313004,False,False,False,2024-03-06,2024,1,2024-03-06,40,8
2146,35299,35319,2024-03-06 11:04:00,2024-03-06 14:19:00,1,21,0.0060060979800425247,0.013487704008003188,-0.00050625722652154824,0.0074816060279606633,False,False,False,2024-03-06,2024,1,2024-03-06,40,8
2147,35320,35332,2024-03-06 14:24:00,2024-03-07 09:59:00,-1,13,-6.1351575220888272e-05,0.0028508602603841459,-0.0015326613060635385,0.002912211835605034,False,True,False,2024-03-07,2024,-1,2024-03-07,41,8
2148,35333,35335,2024-03-07 10:04:00,2024-03-07 10:14:00,1,3,-0.006413158447129216,0,-0.006413158447129216,0.006413158447129216,True,False,False,2024-03-07,2024,-1,2024-03-07,41,8
2149,35336,35366,2024-03-07 10:19:00,2024-03-07 14:24:00,-1,31,0.014428290446002273,0.017816677805149155,-0.00077767700699416247,0.003388387359146882,False,False,False,2024-03-07,2024,1,2024-03-07,41,8
2150,35367,35369,2024-03-07 14:29:00,2024-03-07 14:39:00,1,3,-0.0043568129886907819,0,-0.0043568129886907819,0.0043568129886907819,True,False,False,2024-03-07,2024,-1,2024-03-07,41,8
2151,35370,35377,2024-03-07 14:44:00,2024-03-08 09:54:00,-1,8,-0.004782686034859057,0.00028945199389108952,-0.004782686034859057,0.0050721380287501467,False,True,False,2024-03-08,2024,-1,2024-03-08,42,8
2152,35378,35382,2024-03-08 09:59:00,2024-03-08 10:19:00,1,5,-0.0036508524696104573,0.0017891890239864938,-0.004065709381356611,0.0054400414935969511,False,True,False,2024-03-08,2024,-1,2024-03-08,42,8
2153,35383,35397,2024-03-08 10:24:00,2024-03-08 13:09:00,-1,15,-0.00052775091382374693,0.0039039428982303045,-0.0030746279766532677,0.0044316938120540512,False,True,False,2024-03-08,2024,-1,2024-03-08,42,8
2154,35398,35439,2024-03-08 13:14:00,2024-03-11 11:14:00,1,42,0.010036894227562404,0.013252830147549764,-0.00082944796199485994,0.0032159359199873602,False,False,False,2024-03-11,2024,1,2024-03-11,43,8
2155,35440,35443,2024-03-11 11:19:00,2024-03-11 13:09:00,-1,4,-0.0030547645759034011,0,-0.0030547645759034011,0.0030547645759034011,True,False,False,2024-03-11,2024,-1,2024-03-11,43,8
2156,35444,35474,2024-03-11 13:14:00,2024-03-12 10:19:00,1,31,0.015672605211839358,0.025051508410578203,0,0.0093789031987388458,False,False,False,2024-03-12,2024,1,2024-03-12,44,8
2157,35475,35491,2024-03-12 10:24:00,2024-03-12 13:19:00,-1,17,0.0014046747434510744,0.0058638270544763031,-0.00041491751059002241,0.0044591523110252291,False,False,False,2024-03-12,2024,1,2024-03-12,44,8
2158,35492,35497,2024-03-12 13:24:00,2024-03-12 13:49:00,1,6,-0.0037963722929000637,0.00039106418839304899,-0.0037963722929000637,0.0041874364812931122,False,True,False,2024-03-12,2024,-1,2024-03-12,44,8
2159,35498,35501,2024-03-12 13:54:00,2024-03-12 14:09:00,-1,4,-0.0054329339254074564,0,-0.0054329339254074564,0.0054329339254074564,True,False,False,2024-03-12,2024,-1,2024-03-12,44,8
2160,35502,35505,2024-03-12 14:14:00,2024-03-12 14:29:00,1,4,-0.0047583314553098482,0,-0.0047583314553098482,0.0047583314553098482,True,False,False,2024-03-12,2024,-1,2024-03-12,44,8
2161,35506,35513,2024-03-12 14:34:00,2024-03-13 09:44:00,-1,8,-0.0050267649037290842,0,-0.0059047709110625398,0.0050267649037290842,True,False,False,2024-03-13,2024,-1,2024-03-13,45,9
2162,35514,35522,2024-03-13 09:49:00,2024-03-13 10:29:00,1,9,0.00023177091378792864,0.0048438032077388841,0,0.0046120322939509559,False,False,False,2024-03-13,2024,1,2024-03-13,45,9
2163,35523,35539,2024-03-13 10:34:00,2024-03-13 13:29:00,-1,17,-0.00064623509354503868,0.0054792647142784603,-0.00064623509354503868,0.0061254998078234986,False,True,False,2024-03-13,2024,-1,2024-03-13,45,9
2164,35540,35550,2024-03-13 13:34:00,2024-03-13 14:24:00,1,11,-0.0023675004651416312,0.0038079526284131061,-0.002563008664889641,0.0061754530935547378,False,True,False,2024-03-13,2024,-1,2024-03-13,45,9
2165,35551,35575,2024-03-13 14:29:00,2024-03-14 11:04:00,-1,25,0.010316206735874609,0.014113249113641459,0,0.0037970423777668495,False,False,False,2024-03-14,2024,1,2024-03-14,46,9
2166,35576,35581,2024-03-14 11:09:00,2024-03-14 13:09:00,1,6,-0.0026947863570218776,0.0020964109736178209,-0.0026947863570218776,0.0047911973306396984,False,True,False,2024-03-14,2024,-1,2024-03-14,46,9
2167,35582,35600,2024-03-14 13:14:00,2024-03-14 14:44:00,-1,19,0.0022553512168595005,0.010814817896638618,-0.0011010423900186127,0.0085594666797791184,False,False,False,2024-03-14,2024,1,2024-03-14,46,9
2168,35601,35606,2024-03-14 14:49:00,2024-03-15 09:49:00,1,6,-0.0082717166949961285,0,-0.0082717166949961285,0.0082717166949961285,True,False,False,2024-03-15,2024,-1,2024-03-15,47,9
2169,35607,35636,2024-03-15 09:54:00,2024-03-15 13:54:00,-1,30,-0.0028854281019218635,0.0057456281907166257,-0.0029228464830825048,0.0086310562926384896,False,True,False,2024-03-15,2024,-1,2024-03-15,47,9
2170,35637,35698,2024-03-15 13:59:00,2024-03-19 09:49:00,1,62,0.024372217427514404,0.0296775916864245,-0.0001871129107129145,0.0053053742589100963,False,False,False,2024-03-19,2024,1,2024-03-19,49,9
2171,35699,35723,2024-03-19 09:54:00,2024-03-19 13:29:00,-1,25,0.00080372151724129848,0.0035974113073455926,-0.0029050530637756535,0.0027936897901042939,False,False,False,2024-03-19,2024,1,2024-03-19,49,9
2172,35724,35730,2024-03-19 13:34:00,2024-03-19 14:04:00,1,7,-0.0027081774182441147,0.00018272071190091857,-0.0027814732892761621,0.002890898130145033,False,True,False,2024-03-19,2024,-1,2024-03-19,49,9
2173,35731,35767,2024-03-19 14:09:00,2024-03-20 13:19:00,-1,37,0.0069749052358881181,0.014655567322727849,-0.00026870557359330257,0.0076806620868397311,False,False,False,2024-03-20,2024,1,2024-03-20,50,10
2174,35768,35796,2024-03-20 13:24:00,2024-03-21 10:19:00,1,29,0.006693908551021986,0.01246898947973387,-0.0027468991496898817,0.0057750809287118844,False,False,False,2024-03-21,2024,1,2024-03-21,51,10
2175,35797,35815,2024-03-21 10:24:00,2024-03-21 13:29:00,-1,19,0.011045627441232801,0.015329508794476296,0,0.004283881353243495,False,False,False,2024-03-21,2024,1,2024-03-21,51,10
2176,35816,35832,2024-03-21 13:34:00,2024-03-21 14:54:00,1,17,-0.0035520938366333144,0.0012100260767667007,-0.0035520938366333144,0.0047621199134000149,False,True,False,2024-03-21,2024,-1,2024-03-21,51,10
2177,35833,35861,2024-03-21 14:59:00,2024-03-22 13:29:00,-1,29,0.0082792751456149359,0.015997541657206796,-0.0011276403155256454,0.0077182665115918606,False,False,False,2024-03-22,2024,1,2024-03-22,52,10
2178,35862,35876,2024-03-22 13:34:00,2024-03-22 14:44:00,1,15,-0.0076426778649708186,0.00059990253383230695,-0.0076426778649708186,0.0082425803988031253,False,True,False,2024-03-22,2024,-1,2024-03-22,52,10
2179,35877,35890,2024-03-22 14:49:00,2024-03-25 10:29:00,-1,14,-0.00094437630968037317,0.0080062656129139577,-0.0038223654646182626,0.0089506419225943313,False,True,False,2024-03-25,2024,-1,2024-03-25,53,10
2180,35891,35907,2024-03-25 10:34:00,2024-03-25 13:29:00,1,17,-0.0016879129316064133,0.0031791335057381261,-0.0016879129316064133,0.0048670464373445389,False,True,False,2024-03-25,2024,-1,2024-03-25,53,10
2181,35908,35959,2024-03-25 13:34:00,2024-03-26 13:59:00,-1,52,0.022309264731512197,0.030048199721817818,-0.00055455429121162227,0.0077389349903056216,False,False,False,2024-03-26,2024,1,2024-03-26,54,10
2182,35960,35966,2024-03-26 14:04:00,2024-03-26 14:34:00,1,7,-0.0051180756132584906,0.0024978124950418143,-0.0056235483382151051,0.0076158881083003048,False,True,False,2024-03-26,2024,-1,2024-03-26,54,10
2183,35967,36004,2024-03-26 14:39:00,2024-03-27 13:54:00,-1,38,0.010590380150258531,0.014290152151088649,-0.0030662369498817765,0.0036997720008301177,False,False,False,2024-03-27,2024,1,2024-03-27,55,11
2184,36005,36013,2024-03-27 13:59:00,2024-03-27 14:39:00,1,9,-0.0050940137461469529,0.0016878966147434176,-0.0050940137461469529,0.00678191036089037,False,True,False,2024-03-27,2024,-1,2024-03-27,55,11
2185,36014,36022,2024-03-27 14:44:00,2024-03-28 09:59:00,-1,9,0.0045249244449969885,0.0074380235244491753,0,0.0029130990794521867,False,False,False,2024-03-28,2024,1,2024-03-28,56,11
2186,36023,36057,2024-03-28 10:04:00,2024-03-28 14:29:00,1,35,0.010914554869898247,0.018185892615040961,0,0.0072713377451427141,False,False,False,2024-03-28,2024,1,2024-03-28,56,11
2187,36058,36091,2024-03-28 14:34:00,2024-03-29 13:29:00,-1,34,0.0097384805755972425,0.017347919013910394,0,0.007609438438313151,False,False,False,2024-03-29,2024,1,2024-03-29,57,11
2188,36092,36143,2024-03-29 13:34:00,2024-04-01 13:59:00,1,52,0.021039652279821561,0.024550873711803853,-0.0017183270370367417,0.0035112214319822921,False,False,False,2024-04-01,2024,1,2024-04-01,58,11
2189,36144,36153,2024-04-01 14:04:00,2024-04-01 14:49:00,-1,10,-0.0025958777596841328,0.00012932428081385968,-0.0030729923858504511,0.0027252020404979925,False,True,False,2024-04-01,2024,-1,2024-04-01,58,11
2190,36154,36158,2024-04-01 14:54:00,2024-04-02 09:49:00,1,5,-0.005107758717361818,0.0013920218784497505,-0.005107758717361818,0.0064997805958115686,False,True,False,2024-04-02,2024,-1,2024-04-02,59,11
2191,36159,36172,2024-04-02 09:54:00,2024-04-02 10:59:00,-1,14,0.00036306112792125304,0.0048733989900746916,-0.0031194811496008876,0.0045103378621534386,False,False,False,2024-04-02,2024,1,2024-04-02,59,11
2192,36173,36183,2024-04-02 11:04:00,2024-04-02 13:29:00,1,11,-0.0028832312140847794,0.0018787134399089174,-0.0031043622351153337,0.0047619446539936966,False,True,False,2024-04-02,2024,-1,2024-04-02,59,11
2193,36184,36202,2024-04-02 13:34:00,2024-04-03 09:39:00,-1,19,0.0016661897583068192,0.0054514526544882282,-0.0013257602316173458,0.0037852628961814088,False,False,False,2024-04-03,2024,1,2024-04-03,60,12
2194,36203,36204,2024-04-03 09:44:00,2024-04-03 09:49:00,1,2,-0.0060239965252187585,0,-0.0060239965252187585,0.0060239965252187585,True,False,False,2024-04-03,2024,-1,2024-04-03,60,12
2195,36205,36216,2024-04-03 09:54:00,2024-04-03 10:49:00,-1,12,0.0025065136512826976,0.0095080783722126042,0,0.0070015647209299061,False,False,False,2024-04-03,2024,1,2024-04-03,60,12
2196,36217,36228,2024-04-03 10:54:00,2024-04-03 13:24:00,1,12,-0.0026972458410932688,0.0034890314647666241,-0.0026972458410932688,0.0061862773058598934,False,True,False,2024-04-03,2024,-1,2024-04-03,60,12
2197,36229,36304,2024-04-03 13:29:00,2024-04-09 10:29:00,-1,76,0.021722757864153307,0.029182856791622129,-0.0020794953532065866,0.0074600989274688223,False,False,False,2024-04-09,2024,1,2024-04-09,62,12
2198,36305,36317,2024-04-09 10:34:00,2024-04-09 13:09:00,1,13,0.0028369576206736411,0.0039775375614288597,-0.0025210154029935883,0.0011405799407552186,False,False,False,2024-04-09,2024,1,2024-04-09,62,12
2199,36318,36319,2024-04-09 13:14:00,2024-04-09 13:19:00,-1,2,-0.002614696073202315,0,-0.002614696073202315,0.002614696073202315,True,False,False,2024-04-09,2024,-1,2024-04-09,62,12
2200,36320,36342,2024-04-09 13:24:00,2024-04-10 09:49:00,1,23,-0.0057479140819890273,0.0035957558074783333,-0.0057479140819890273,0.0093436698894673598,False,True,False,2024-04-10,2024,-1,2024-04-10,63,12
2201,36343,36380,2024-04-10 09:54:00,2024-04-10 14:34:00,-1,38,0.0084805301690513424,0.013314187214151956,-0.00037704344525753514,0.0048336570451006141,False,False,False,2024-04-10,2024,1,2024-04-10,63,12
2202,36381,36400,2024-04-10 14:39:00,2024-04-11 10:49:00,1,20,0.0074564093410959577,0.013156575345159332,-0.00096486407659381512,0.0057001660040633742,False,False,False,2024-04-11,2024,1,2024-04-11,64,12
2203,36401,36411,2024-04-11 10:54:00,2024-04-11 13:19:00,-1,11,-0.0029616887107595095,0.0040257812095106232,-0.0029616887107595095,0.0069874699202701323,False,True,False,2024-04-11,2024,-1,2024-04-11,64,12
2204,36412,36420,2024-04-11 13:24:00,2024-04-11 14:04:00,1,9,-0.0037304682100730872,0.0023094078311029606,-0.0037304682100730872,0.0060398760411760483,False,True,False,2024-04-11,2024,-1,2024-04-11,64,12
2205,36421,36434,2024-04-11 14:09:00,2024-04-12 09:49:00,-1,14,-0.00091707244555973722,0.0044353766374575047,-0.0061605704364091256,0.005352449083017242,False,True,False,2024-04-12,2024,-1,2024-04-12,65,13
2206,36435,36444,2024-04-12 09:54:00,2024-04-12 10:39:00,1,10,0.001535560646558169,0.0045727891606409405,-0.00014829294624617002,0.0030372285140827715,False,False,False,2024-04-12,2024,1,2024-04-12,65,13
2207,36445,36458,2024-04-12 10:44:00,2024-04-12 13:24:00,-1,14,-0.0031043196439895591,0.0022367756651098325,-0.0031043196439895591,0.0053410953090993916,False,True,False,2024-04-12,2024,-1,2024-04-12,65,13
2208,36459,36468,2024-04-12 13:29:00,2024-04-12 14:14:00,1,10,-0.0035620471694828111,0.0018097611363473037,-0.0035620471694828111,0.0053718083058301152,False,True,False,2024-04-12,2024,-1,2024-04-12,65,13
2209,36469,36479,2024-04-12 14:19:00,2024-04-15 09:44:00,-1,11,-0.0078732643331895953,0.0050759474493499868,-0.0078732643331895953,0.012949211782539582,False,True,False,2024-04-15,2024,-1,2024-04-15,66,13
2210,36480,36507,2024-04-15 09:49:00,2024-04-15 13:39:00,1,28,0.0028016828412378335,0.0078780382428274998,-0.013368859420057716,0.0050763554015896663,False,False,False,2024-04-15,2024,1,2024-04-15,66,13
2211,36508,36522,2024-04-15 13:44:00,2024-04-15 14:54:00,-1,15,0.00075968097054312741,0.0075692084773838434,-0.0013047705854577643,0.0068095275068407162,False,False,False,2024-04-15,2024,1,2024-04-15,66,13
2212,36523,36527,2024-04-15 14:59:00,2024-04-16 09:54:00,1,5,-0.0097806187108168963,0.0011326463157301449,-0.0097806187108168963,0.010913265026547041,False,True,False,2024-04-16,2024,-1,2024-04-16,67,13
2213,36528,36541,2024-04-16 09:59:00,2024-04-16 11:04:00,-1,14,0.0011316028204345486,0.0079211011623117004,0,0.0067894983418771513,False,False,False,2024-04-16,2024,1,2024-04-16,67,13
2214,36542,36547,2024-04-16 11:09:00,2024-04-16 13:09:00,1,6,-0.0033619376965947378,0,-0.004742386967770934,0.0033619376965947378,True,False,False,2024-04-16,2024,-1,2024-04-16,67,13
2215,36548,36549,2024-04-16 13:14:00,2024-04-16 13:19:00,-1,2,-0.0041030128283663725,0,-0.0041030128283663725,0.0041030128283663725,True,False,False,2024-04-16,2024,-1,2024-04-16,67,13
2216,36550,36557,2024-04-16 13:24:00,2024-04-16 13:59:00,1,8,-0.0033189005249462892,0,-0.004711799670316227,0.0033189005249462892,True,False,False,2024-04-16,2024,-1,2024-04-16,67,13
2217,36558,36572,2024-04-16 14:04:00,2024-04-17 09:49:00,-1,15,-0.0047052565828097827,0.0090682637061978953,-0.0047052565828097827,0.013773520289007678,False,True,False,2024-04-17,2024,-1,2024-04-17,68,13
2218,36573,36594,2024-04-17 09:54:00,2024-04-17 13:14:00,1,22,0.002404735395396086,0.0076775551811722976,0,0.0052728197857762112,False,False,False,2024-04-17,2024,1,2024-04-17,68,13
2219,36595,36606,2024-04-17 13:19:00,2024-04-17 14:14:00,-1,12,-0.00049634782927799421,0.0031313231561021929,-0.0010594713022731436,0.0036276709853801871,False,True,False,2024-04-17,2024,-1,2024-04-17,68,13
2220,36607,36618,2024-04-17 14:19:00,2024-04-18 09:49:00,1,12,-0.0012614742131262626,0.0067499638096363019,-0.0052442030685743608,0.0080114380227625653,False,True,False,2024-04-18,2024,-1,2024-04-18,69,13
2221,36619,36622,2024-04-18 09:54:00,2024-04-18 10:09:00,-1,4,-0.0066384065406029126,0,-0.0066384065406029126,0.0066384065406029126,True,False,False,2024-04-18,2024,-1,2024-04-18,69,13
2222,36623,36636,2024-04-18 10:14:00,2024-04-18 11:19:00,1,14,0.0024381644581860243,0.0091093209707853711,0,0.0066711565125993468,False,False,False,2024-04-18,2024,1,2024-04-18,69,13
2223,36637,36687,2024-04-18 11:24:00,2024-04-19 13:19:00,-1,51,0.021099843470411446,0.029246667003825333,-0.0034936505623162396,0.0081468235334138869,False,False,False,2024-04-19,2024,1,2024-04-19,70,14
2224,36688,36693,2024-04-19 13:24:00,2024-04-19 13:49:00,1,6,-0.0053691769987314134,0,-0.0053691769987314134,0.0053691769987314134,True,False,False,2024-04-19,2024,-1,2024-04-19,70,14
2225,36694,36714,2024-04-19 13:54:00,2024-04-22 10:09:00,-1,21,-0.0038050083753107811,0.014160040090478308,-0.0038050083753107811,0.017965048465789089,False,True,False,2024-04-22,2024,-1,2024-04-22,71,14
2226,36715,36724,2024-04-22 10:14:00,2024-04-22 10:59:00,1,10,-0.0043243753060461425,0.00048991590756989787,-0.0050492062675469964,0.0048142912136160407,False,True,False,2024-04-22,2024,-1,2024-04-22,71,14
2227,36725,36730,2024-04-22 11:04:00,2024-04-22 11:29:00,-1,6,-0.0042699253863465103,0,-0.0042699253863465103,0.0042699253863465103,True,False,False,2024-04-22,2024,-1,2024-04-22,71,14
2228,36731,36750,2024-04-22 13:09:00,2024-04-22 14:44:00,1,20,-0.0040375436778417447,0.0013739535969496067,-0.0040375436778417447,0.0054114972747913515,False,True,False,2024-04-22,2024,-1,2024-04-22,71,14
2229,36751,36783,2024-04-22 14:49:00,2024-04-23 13:39:00,-1,33,0.0029840553249830606,0.0084413010759961729,-0.002975177224973583,0.0054572457510131123,False,False,False,2024-04-23,2024,1,2024-04-23,72,14
2230,36784,36789,2024-04-23 13:44:00,2024-04-23 14:09:00,1,6,-0.00065823759267578789,0.0017668696086130834,-0.0020309590909055627,0.0024251072012888711,False,True,False,2024-04-23,2024,-1,2024-04-23,72,14
2231,36790,36803,2024-04-23 14:14:00,2024-04-24 09:54:00,-1,14,-0.0032184974814712529,0.002884894778973069,-0.0032184974814712529,0.0061033922604443215,False,True,False,2024-04-24,2024,-1,2024-04-24,73,14
2232,36804,36818,2024-04-24 09:59:00,2024-04-24 11:09:00,1,15,-0.0011903215957459645,0.0032899481577961568,-0.0024094747778537948,0.0044802697535421213,False,True,False,2024-04-24,2024,-1,2024-04-24,73,14
2233,36819,36824,2024-04-24 11:14:00,2024-04-24 13:14:00,-1,6,-0.0039622409777287032,0,-0.0039622409777287032,0.0039622409777287032,True,False,False,2024-04-24,2024,-1,2024-04-24,73,14
2234,36825,36848,2024-04-24 13:19:00,2024-04-25 09:49:00,1,24,-0.0011460693807721172,0.0076612072946818117,-0.0012416344777409615,0.0088072766754539282,False,True,False,2024-04-25,2024,-1,2024-04-25,74,14
2235,36849,36854,2024-04-25 09:54:00,2024-04-25 10:19:00,-1,6,-0.0022227231361983844,0.001379753366023511,-0.0032573984630083191,0.0036024765022218954,False,True,False,2024-04-25,2024,-1,2024-04-25,74,14
2236,36855,36870,2024-04-25 10:24:00,2024-04-25 13:14:00,1,16,0.0022449752617275799,0.0067063323214828106,-0.0013357688107789377,0.0044613570597552311,False,False,False,2024-04-25,2024,1,2024-04-25,74,14
2237,36871,36893,2024-04-25 13:19:00,2024-04-26 09:44:00,-1,23,-0.0068128366015832581,0.0044676983979259509,-0.0068128366015832581,0.01128053499950921,False,True,False,2024-04-26,2024,-1,2024-04-26,75,15
2238,36894,36906,2024-04-26 09:49:00,2024-04-26 10:49:00,1,13,0.0047536095007694257,0.0082136813494925048,0,0.0034600718487230791,False,False,False,2024-04-26,2024,1,2024-04-26,75,15
2239,36907,36909,2024-04-26 10:54:00,2024-04-26 11:04:00,-1,3,-0.0023348507044424083,0,-0.0035403963597909673,0.0023348507044424083,True,False,False,2024-04-26,2024,-1,2024-04-26,75,15
2240,36910,36963,2024-04-26 11:09:00,2024-04-29 13:19:00,1,54,0.039344425769033096,0.044677840286594064,0,0.0053334145175609679,False,False,False,2024-04-29,2024,1,2024-04-29,76,15
2241,36964,36978,2024-04-29 13:24:00,2024-04-29 14:34:00,-1,15,-0.0016994982846818701,0.0034594070901516156,-0.0016994982846818701,0.0051589053748334855,False,True,False,2024-04-29,2024,-1,2024-04-29,76,15
2242,36979,36986,2024-04-29 14:39:00,2024-04-30 09:49:00,1,8,-0.0053011519660046257,0.00027010862389531824,-0.0078520911750587282,0.0055712605898999438,False,True,False,2024-04-30,2024,-1,2024-04-30,77,15
2243,36987,37014,2024-04-30 09:54:00,2024-04-30 13:44:00,-1,28,0.0049134414437132781,0.0095507986496308934,0,0.0046373572059176154,False,False,False,2024-04-30,2024,1,2024-04-30,77,15
2244,37015,37028,2024-04-30 13:49:00,2024-04-30 14:54:00,1,14,-0.00087111983405674138,0.0036970537060626646,-0.00094916759932870472,0.0045681735401194058,False,True,False,2024-04-30,2024,-1,2024-04-30,77,15
2245,37029,37031,2024-04-30 14:59:00,2024-05-06 09:44:00,-1,3,-0.017509924139784215,0.00088489822938704046,-0.017509924139784215,0.018394822369171254,False,True,False,2024-05-06,2024,-1,2024-05-06,78,15
2246,37032,37054,2024-05-06 09:49:00,2024-05-06 13:14:00,1,23,-0.0036622572752792893,0.0021450193998480615,-0.004008688714189022,0.0058072766751273508,False,True,False,2024-05-06,2024,-1,2024-05-06,78,15
2247,37055,37069,2024-05-06 13:19:00,2024-05-06 14:29:00,-1,15,0.0012708357775391209,0.0064607689341870961,-6.4140801910164864e-05,0.0051899331566479748,False,False,False,2024-05-06,2024,1,2024-05-06,78,15
2248,37070,37084,2024-05-06 14:34:00,2024-05-07 10:19:00,1,15,-0.0043510231741094767,0,-0.0057323725975462567,0.0043510231741094767,True,False,False,2024-05-07,2024,-1,2024-05-07,79,15
2249,37085,37105,2024-05-07 10:24:00,2024-05-07 13:39:00,-1,21,0.0059001801472451957,0.008355890905989356,-0.00068351380328262527,0.0024557107587441602,False,False,False,2024-05-07,2024,1,2024-05-07,79,15
2250,37106,37113,2024-05-07 13:44:00,2024-05-07 14:19:00,1,8,-0.0017404636103730128,0.0013098428116273581,-0.0017404636103730128,0.0030503064220003709,False,True,False,2024-05-07,2024,-1,2024-05-07,79,15
2251,37114,37122,2024-05-07 14:24:00,2024-05-08 09:39:00,-1,9,0.0046125663235689748,0.0046125663235689748,-0.00096152604177792539,0,False,False,False,2024-05-08,2024,1,2024-05-08,80,16
2252,37123,37124,2024-05-08 09:44:00,2024-05-08 09:49:00,1,2,-0.00070548583462508459,0.00087463372132025449,-0.00070548583462508459,0.0015801195559453391,False,True,False,2024-05-08,2024,-1,2024-05-08,80,16
2253,37125,37128,2024-05-08 09:54:00,2024-05-08 10:09:00,-1,4,-0.0040562715796039345,0.0012161713031053096,-0.0041734110342584833,0.0052724428827092438,False,True,False,2024-05-08,2024,-1,2024-05-08,80,16
2254,37129,37134,2024-05-08 10:14:00,2024-05-08 10:39:00,1,6,-0.0026980015975079695,0,-0.0028285243412812843,0.0026980015975079695,True,False,False,2024-05-08,2024,-1,2024-05-08,80,16
2255,37135,37154,2024-05-08 10:44:00,2024-05-08 13:54:00,-1,20,0.00363489371331967,0.0069281468389814542,0,0.0032932531256617843,False,False,False,2024-05-08,2024,1,2024-05-08,80,16
2256,37155,37163,2024-05-08 13:59:00,2024-05-08 14:39:00,1,9,-0.00078624597823283185,0.0017144917984406095,-0.0018617828665824085,0.0025007377766734411,False,True,False,2024-05-08,2024,-1,2024-05-08,80,16
2257,37164,37170,2024-05-08 14:44:00,2024-05-09 09:49:00,-1,7,-0.0073794325564569812,0.0016925250866913558,-0.0073794325564569812,0.009071957643148337,False,True,False,2024-05-09,2024,-1,2024-05-09,81,16
2258,37171,37181,2024-05-09 09:54:00,2024-05-09 10:44:00,1,11,0.0030274114087584709,0.0071057468884336708,-0.00018219677301827336,0.0040783354796751995,False,False,False,2024-05-09,2024,1,2024-05-09,81,16
2259,37182,37186,2024-05-09 10:49:00,2024-05-09 11:09:00,-1,5,-0.0029147930083921946,0.00090855999500679243,-0.0033027909439374971,0.0038233530033989871,False,True,False,2024-05-09,2024,-1,2024-05-09,81,16
2260,37187,37216,2024-05-09 11:14:00,2024-05-10 09:49:00,1,30,-0.0013462262398461363,0.0080138544736868163,-0.0014109943376945005,0.009360080713532953,False,True,False,2024-05-10,2024,-1,2024-05-10,82,16
2261,37217,37231,2024-05-10 09:54:00,2024-05-10 11:04:00,-1,15,0.0056766300587106295,0.0088602657426595788,0,0.0031836356839489493,False,False,False,2024-05-10,2024,1,2024-05-10,82,16
2262,37232,37235,2024-05-10 11:09:00,2024-05-10 11:24:00,1,4,-0.0032228418889890583,0,-0.0032228418889890583,0.0032228418889890583,True,False,False,2024-05-10,2024,-1,2024-05-10,82,16
2263,37236,37240,2024-05-10 11:29:00,2024-05-10 13:24:00,-1,5,-0.003704722535177586,9.1487123251248536e-05,-0.0037828434664188442,0.0037962096584288345,False,True,False,2024-05-10,2024,-1,2024-05-10,82,16
2264,37241,37251,2024-05-10 13:29:00,2024-05-10 14:19:00,1,11,-0.0020202422037291644,0.0017042538909309659,-0.0026728048402690332,0.0037244960946601303,False,True,False,2024-05-10,2024,-1,2024-05-10,82,16
2265,37252,37267,2024-05-10 14:24:00,2024-05-13 10:14:00,-1,16,-0.00046958155929187795,0.0075171584613171966,-0.0012908190669111204,0.0079867400206090743,False,True,False,2024-05-13,2024,-1,2024-05-13,83,16
2266,37268,37279,2024-05-13 10:19:00,2024-05-13 11:14:00,1,12,-0.0034225582389983402,0.0012771893148994789,-0.0034225582389983402,0.0046997475538978189,False,True,False,2024-05-13,2024,-1,2024-05-13,83,16
2267,37280,37307,2024-05-13 11:19:00,2024-05-14 09:44:00,-1,28,-0.0047648665589026381,0.003106101328876744,-0.0053507468607898699,0.0078709678877793825,False,True,False,2024-05-14,2024,-1,2024-05-14,84,16
2268,37308,37311,2024-05-14 09:49:00,2024-05-14 10:04:00,1,4,-0.0076609693307478225,0,-0.0076609693307478225,0.0076609693307478225,True,False,False,2024-05-14,2024,-1,2024-05-14,84,16
2269,37312,37317,2024-05-14 10:09:00,2024-05-14 10:34:00,-1,6,-0.0031446978836522695,0.0025492116509258241,-0.0031446978836522695,0.0056939095345780941,False,True,False,2024-05-14,2024,-1,2024-05-14,84,16
2270,37318,37324,2024-05-14 10:39:00,2024-05-14 11:09:00,1,7,-0.0036172566669440049,0,-0.0036172566669440049,0.0036172566669440049,True,False,False,2024-05-14,2024,-1,2024-05-14,84,16
2271,37325,37358,2024-05-14 11:14:00,2024-05-15 10:09:00,-1,34,0.0032878327310694863,0.0082267012865220139,-0.0020854517837913152,0.0049388685554525276,False,False,False,2024-05-15,2024,1,2024-05-15,85,17
2272,37359,37362,2024-05-15 10:14:00,2024-05-15 10:29:00,1,4,-0.0029022618421952317,0.00047411466560894815,-0.0029022618421952317,0.0033763765078041797,False,True,False,2024-05-15,2024,-1,2024-05-15,85,17
2273,37363,37401,2024-05-15 10:34:00,2024-05-16 09:54:00,-1,39,0.0042365651917189223,0.0098644613417459004,-0.0016632349787038029,0.0056278961500269781,False,False,False,2024-05-16,2024,1,2024-05-16,86,17
2274,37402,37410,2024-05-16 09:59:00,2024-05-16 10:39:00,1,9,-0.0062017765984563452,0,-0.0062017765984563452,0.0062017765984563452,True,False,False,2024-05-16,2024,-1,2024-05-16,86,17
2275,37411,37415,2024-05-16 10:44:00,2024-05-16 11:04:00,-1,5,-0.0042628649684546471,0,-0.0042628649684546471,0.0042628649684546471,True,False,False,2024-05-16,2024,-1,2024-05-16,86,17
2276,37416,37427,2024-05-16 11:09:00,2024-05-16 13:39:00,1,12,-0.0014499985912089666,0.0006644341923069451,-0.0014766237226720501,0.0021144327835159117,False,True,False,2024-05-16,2024,-1,2024-05-16,86,17
2277,37428,37449,2024-05-16 13:44:00,2024-05-17 10:04:00,-1,22,0.0014387724958780535,0.010760851200700914,-0.00058557361268700273,0.0093220787048228608,False,False,False,2024-05-17,2024,1,2024-05-17,87,17
2278,37450,37457,2024-05-17 10:09:00,2024-05-17 10:44:00,1,8,-0.0021353271159077671,0.001944515349731059,-0.0022956606099180507,0.0040798424656388263,False,True,False,2024-05-17,2024,-1,2024-05-17,87,17
2279,37458,37475,2024-05-17 10:49:00,2024-05-17 13:49:00,-1,18,-0.0030547816377054613,0.0023407467634634326,-0.0030547816377054613,0.0053955284011688934,False,True,False,2024-05-17,2024,-1,2024-05-17,87,17
2280,37476,37504,2024-05-17 13:54:00,2024-05-20 10:49:00,1,29,0.0079862456836377899,0.012442416538196062,-0.001893131964724494,0.004456170854558272,False,False,False,2024-05-20,2024,1,2024-05-20,88,17
2281,37505,37525,2024-05-20 10:54:00,2024-05-20 14:09:00,-1,21,0.0040382162292946595,0.0088657063378227395,0,0.00482749010852808,False,False,False,2024-05-20,2024,1,2024-05-20,88,17
2282,37526,37541,2024-05-20 14:14:00,2024-05-21 10:04:00,1,16,-0.0030693415716277431,0.0016172438802005192,-0.0030693415716277431,0.0046865854518282624,False,True,False,2024-05-21,2024,-1,2024-05-21,89,17
2283,37542,37587,2024-05-21 10:09:00,2024-05-22 10:04:00,-1,46,0.0026917557961563211,0.0060064248917774902,-0.0009310987637290275,0.0033146690956211691,False,False,False,2024-05-22,2024,1,2024-05-22,90,18
2284,37588,37590,2024-05-22 10:09:00,2024-05-22 10:19:00,1,3,-0.0041584549312416348,0,-0.0041584549312416348,0.0041584549312416348,True,False,False,2024-05-22,2024,-1,2024-05-22,90,18
2285,37591,37606,2024-05-22 10:24:00,2024-05-22 13:14:00,-1,16,-0.00018756950174882582,0.0029924673936857359,-0.00018756950174882582,0.0031800368954345618,False,True,False,2024-05-22,2024,-1,2024-05-22,90,18
2286,37607,37629,2024-05-22 13:19:00,2024-05-23 09:44:00,1,23,0.0043177555968000533,0.012950635200129127,0,0.0086328796033290738,False,False,False,2024-05-23,2024,1,2024-05-23,91,18
2287,37630,37647,2024-05-23 09:49:00,2024-05-23 11:14:00,-1,18,0.0040632532479773931,0.0071081306197491477,0,0.0030448773717717545,False,False,False,2024-05-23,2024,1,2024-05-23,91,18
2288,37648,37653,2024-05-23 11:19:00,2024-05-23 13:19:00,1,6,-0.001031805147385138,0.0027819033843225005,-0.001031805147385138,0.0038137085317076387,False,True,False,2024-05-23,2024,-1,2024-05-23,91,18
2289,37654,37669,2024-05-23 13:24:00,2024-05-23 14:39:00,-1,16,0.0035995418562633878,0.0057142628480170458,0,0.002114720991753658,False,False,False,2024-05-23,2024,1,2024-05-23,91,18
2290,37670,37671,2024-05-23 14:44:00,2024-05-23 14:49:00,1,2,-0.0018855224441384484,0,-0.0018855224441384484,0.0018855224441384484,True,False,False,2024-05-23,2024,-1,2024-05-23,91,18
2291,37672,37677,2024-05-23 14:54:00,2024-05-24 09:54:00,-1,6,-0.0042240131680461989,0,-0.0042240131680461989,0.0042240131680461989,True,False,False,2024-05-24,2024,-1,2024-05-24,92,18
2292,37678,37680,2024-05-24 09:59:00,2024-05-24 10:09:00,1,3,-0.0060725797064784199,0,-0.0060725797064784199,0.0060725797064784199,True,False,False,2024-05-24,2024,-1,2024-05-24,92,18
2293,37681,37741,2024-05-24 10:14:00,2024-05-27 11:24:00,-1,61,0.024915143189668785,0.028229917762166247,0,0.0033147745724974621,False,False,False,2024-05-27,2024,1,2024-05-27,93,18
2294,37742,37780,2024-05-27 11:29:00,2024-05-28 10:49:00,1,39,0.025914063359125952,0.032302400520003147,-0.00077569851381679978,0.0063883371608771944,False,False,False,2024-05-28,2024,1,2024-05-28,94,18
2295,37781,37814,2024-05-28 10:54:00,2024-05-29 09:49:00,-1,34,0.0019718011898869825,0.0088494353812481486,-0.00032375993483847314,0.0068776341913611662,False,False,False,2024-05-29,2024,1,2024-05-29,95,19
2296,37815,37826,2024-05-29 09:54:00,2024-05-29 10:49:00,1,12,-0.0033582980091543613,0.0016749291395597289,-0.0033582980091543613,0.00503322714871409,False,True,False,2024-05-29,2024,-1,2024-05-29,95,19
2297,37827,37836,2024-05-29 10:54:00,2024-05-29 13:14:00,-1,10,-0.00050175275491062745,0.0021182708715042583,-0.001463871115473037,0.0026200236264148856,False,True,False,2024-05-29,2024,-1,2024-05-29,95,19
2298,37837,37841,2024-05-29 13:19:00,2024-05-29 13:39:00,1,5,-0.0017504465393230219,0,-0.0019949386760438545,0.0017504465393230219,True,False,False,2024-05-29,2024,-1,2024-05-29,95,19
2299,37842,37854,2024-05-29 13:44:00,2024-05-29 14:44:00,-1,13,0.0019984372623247618,0.0062532985799635338,0,0.0042548613176387716,False,False,False,2024-05-29,2024,1,2024-05-29,95,19
2300,37855,37884,2024-05-29 14:49:00,2024-05-30 13:24:00,1,30,0.0089684269755065851,0.011984939268517968,-0.0051709315772894993,0.0030165122930113832,False,False,False,2024-05-30,2024,1,2024-05-30,96,19
2301,37885,37889,2024-05-30 13:29:00,2024-05-30 13:49:00,-1,5,-0.005232691300195871,0.00040468900202944667,-0.005232691300195871,0.0056373803022253177,False,True,False,2024-05-30,2024,-1,2024-05-30,96,19
2302,37890,37901,2024-05-30 13:54:00,2024-05-30 14:49:00,1,12,-0.0054215257873297812,0,-0.0054215257873297812,0.0054215257873297812,True,False,False,2024-05-30,2024,-1,2024-05-30,96,19
2303,37902,37906,2024-05-30 14:54:00,2024-05-31 09:49:00,-1,5,-0.0066282837777023509,0,-0.0066282837777023509,0.0066282837777023509,True,False,False,2024-05-31,2024,-1,2024-05-31,97,19
2304,37907,37913,2024-05-31 09:54:00,2024-05-31 10:24:00,1,7,0.00038853422604423271,0.0058921548505518123,-0.00063001416264548901,0.0055036206245075792,False,False,False,2024-05-31,2024,1,2024-05-31,97,19
2305,37914,37952,2024-05-31 10:29:00,2024-06-03 09:49:00,-1,39,-0.00087030459457562975,0.006625700413978748,-0.00087030459457562975,0.0074960050085543777,False,True,False,2024-06-03,2024,-1,2024-06-03,98,19
2306,37953,37971,2024-06-03 09:54:00,2024-06-03 11:24:00,1,19,0.0030601292028802282,0.0091524369113716655,0,0.0060923077084914373,False,False,False,2024-06-03,2024,1,2024-06-03,98,19
2307,37972,37994,2024-06-03 11:29:00,2024-06-03 14:54:00,-1,23,-0.00076023824458758423,0.0065459014114246936,-0.00076023824458758423,0.007306139656012278,False,True,False,2024-06-03,2024,-1,2024-06-03,98,19
2308,37995,38007,2024-06-03 14:59:00,2024-06-04 10:34:00,1,13,-0.0021488306488678948,0.00079962688341451895,-0.0034992155800197535,0.0029484575322824137,False,True,False,2024-06-04,2024,-1,2024-06-04,99,19
2309,38008,38014,2024-06-04 10:39:00,2024-06-04 11:09:00,-1,7,-0.0031615834238887947,0.00026725819973607673,-0.0031615834238887947,0.0034288416236248715,False,True,False,2024-06-04,2024,-1,2024-06-04,99,19
2310,38015,38020,2024-06-04 11:14:00,2024-06-04 13:14:00,1,6,-0.0019464596589152184,0.0012778023541139914,-0.0019464596589152184,0.00322426201302921,False,True,False,2024-06-04,2024,-1,2024-06-04,99,19
2311,38021,38031,2024-06-04 13:19:00,2024-06-04 14:09:00,-1,11,-0.0013602541238026985,0.0022310851388890455,-0.0013602541238026985,0.003591339262691744,False,True,False,2024-06-04,2024,-1,2024-06-04,99,19
2312,38032,38051,2024-06-04 14:14:00,2024-06-05 10:24:00,1,20,0.011409008372509499,0.014946972803425952,-0.00098666674671098469,0.0035379644309164529,False,False,False,2024-06-05,2024,1,2024-06-05,100,20
2313,38052,38056,2024-06-05 10:29:00,2024-06-05 10:49:00,-1,5,-0.00092186539393124896,0.0020575053420373332,-0.0016324384878469351,0.0029793707359685824,False,True,False,2024-06-05,2024,-1,2024-06-05,100,20
2314,38057,38061,2024-06-05 10:54:00,2024-06-05 11:14:00,1,5,-0.0014753928274405536,0,-0.0024909895777736057,0.0014753928274405536,True,False,False,2024-06-05,2024,-1,2024-06-05,100,20
2315,38062,38090,2024-06-05 11:19:00,2024-06-06 09:49:00,-1,29,0.0038568268651567065,0.0086589798129480654,-0.00050082373369741485,0.0048021529477913589,False,False,False,2024-06-06,2024,1,2024-06-06,101,20
2316,38091,38096,2024-06-06 09:54:00,2024-06-06 10:19:00,1,6,-0.0038717595901415652,0.00030433143250801413,-0.0038717595901415652,0.0041760910226495791,False,True,False,2024-06-06,2024,-1,2024-06-06,101,20
2317,38097,38102,2024-06-06 10:24:00,2024-06-06 10:49:00,-1,6,-0.0029449631939155244,0.005381656787815093,-0.0029449631939155244,0.0083266199817306173,False,True,False,2024-06-06,2024,-1,2024-06-06,101,20
2318,38103,38111,2024-06-06 10:54:00,2024-06-06 13:09:00,1,9,-0.0051127910955064094,0.00097973025538112494,-0.0053791062277746497,0.0060925213508875344,False,True,False,2024-06-06,2024,-1,2024-06-06,101,20
2319,38112,38137,2024-06-06 13:14:00,2024-06-07 09:54:00,-1,26,0.0042695764601808923,0.013147063128581372,-0.0031504462600095815,0.0088774866684004795,False,False,False,2024-06-07,2024,1,2024-06-07,102,20
2320,38138,38141,2024-06-07 09:59:00,2024-06-07 10:14:00,1,4,-0.0092552830406519709,0,-0.0092552830406519709,0.0092552830406519709,True,False,False,2024-06-07,2024,-1,2024-06-07,102,20
2321,38142,38170,2024-06-07 10:19:00,2024-06-07 14:14:00,-1,29,0.0049108238061440828,0.011223340516342991,-0.0011329611958837418,0.0063125167101989082,False,False,False,2024-06-07,2024,1,2024-06-07,102,20
2322,38171,38239,2024-06-07 14:19:00,2024-06-12 10:44:00,1,69,0.026867727114389655,0.031044088688747234,0,0.0041763615743575788,False,False,False,2024-06-12,2024,1,2024-06-12,104,20
2323,38240,38267,2024-06-12 10:49:00,2024-06-12 14:39:00,-1,28,0.0018764706724485112,0.0050161906771160163,0,0.003139720004667505,False,False,False,2024-06-12,2024,1,2024-06-12,104,20
2324,38268,38284,2024-06-12 14:44:00,2024-06-13 10:39:00,1,17,0.0025759421381166513,0.0087574882643594761,-0.0011514106050418355,0.0061815461262428248,False,False,False,2024-06-13,2024,1,2024-06-13,105,21
2325,38285,38295,2024-06-13 10:44:00,2024-06-13 13:09:00,-1,11,-0.0067582927669517885,0.0027743666481629564,-0.0067582927669517885,0.0095326594151147453,False,True,False,2024-06-13,2024,-1,2024-06-13,105,21
2326,38296,38309,2024-06-13 13:14:00,2024-06-13 14:19:00,1,14,-0.0017837473907439925,0.0025781811285343443,-0.0019150309502924429,0.0043619285192783366,False,True,False,2024-06-13,2024,-1,2024-06-13,105,21
2327,38310,38349,2024-06-13 14:24:00,2024-06-14 13:49:00,-1,40,0.0092582263673722156,0.01455883858276855,0,0.0053006122153963341,False,False,False,2024-06-14,2024,1,2024-06-14,106,21
2328,38350,38358,2024-06-14 13:54:00,2024-06-14 14:34:00,1,9,-0.0036635912273503502,0.00076818143454114682,-0.0036635912273503502,0.004431772661891497,False,True,False,2024-06-14,2024,-1,2024-06-14,106,21
2329,38359,38370,2024-06-14 14:39:00,2024-06-17 10:09:00,-1,12,-0.0060324609025973388,0.0023032435310093003,-0.0060324609025973388,0.0083357044336066395,False,True,False,2024-06-17,2024,-1,2024-06-17,107,21
2330,38371,38384,2024-06-17 10:14:00,2024-06-17 11:19:00,1,14,-0.0010580192223913817,0.0029433331044392912,-0.0010580192223913817,0.0040013523268306733,False,True,False,2024-06-17,2024,-1,2024-06-17,107,21
2331,38385,38388,2024-06-17 11:24:00,2024-06-17 13:14:00,-1,4,-0.00393545316570359,0,-0.00393545316570359,0.00393545316570359,True,False,False,2024-06-17,2024,-1,2024-06-17,107,21
2332,38389,38398,2024-06-17 13:19:00,2024-06-17 14:04:00,1,10,-0.0012529098818633351,0.0011855209776717903,-0.0012529098818633351,0.0024384308595351255,False,True,False,2024-06-17,2024,-1,2024-06-17,107,21
2333,38399,38411,2024-06-17 14:09:00,2024-06-18 09:44:00,-1,13,-0.0040432298148775723,0.0021666190735669696,-0.0040432298148775723,0.0062098488884445423,False,True,False,2024-06-18,2024,-1,2024-06-18,108,21
2334,38412,38416,2024-06-18 09:49:00,2024-06-18 10:09:00,1,5,-0.0032517356965712906,0.0029791416651785757,-0.0032517356965712906,0.0062308773617498663,False,True,False,2024-06-18,2024,-1,2024-06-18,108,21
2335,38417,38420,2024-06-18 10:14:00,2024-06-18 10:29:00,-1,4,-0.0036065483395080924,0.0012402856885575728,-0.0036065483395080924,0.0048468340280656656,False,True,False,2024-06-18,2024,-1,2024-06-18,108,21
2336,38421,38428,2024-06-18 10:34:00,2024-06-18 11:09:00,1,8,-0.0021439336884869452,0,-0.0033824055200399484,0.0021439336884869452,True,False,False,2024-06-18,2024,-1,2024-06-18,108,21
2337,38429,38433,2024-06-18 11:14:00,2024-06-18 13:09:00,-1,5,-0.00052654443276914462,0.000579519278649029,-0.0014736263077515309,0.0011060637114181735,False,True,False,2024-06-18,2024,-1,2024-06-18,108,21
2338,38434,38436,2024-06-18 13:14:00,2024-06-18 13:24:00,1,3,-0.0038765871332297952,0,-0.0038765871332297952,0.0038765871332297952,True,False,False,2024-06-18,2024,-1,2024-06-18,108,21
2339,38437,38454,2024-06-18 13:29:00,2024-06-18 14:54:00,-1,18,0.0017321745761090346,0.0043957860712199905,-0.00095075869777296517,0.0026636114951109559,False,False,False,2024-06-18,2024,1,2024-06-18,108,21
2340,38455,38459,2024-06-18 14:59:00,2024-06-19 09:54:00,1,5,-0.0017616948612552167,0.0021284338933878835,-0.0021992881054333571,0.0038901287546431003,False,True,False,2024-06-19,2024,-1,2024-06-19,109,21
2341,38460,38473,2024-06-19 09:59:00,2024-06-19 11:04:00,-1,14,0.0037722360669306555,0.0084006697979371863,0,0.0046284337310065309,False,False,False,2024-06-19,2024,1,2024-06-19,109,21
2342,38474,38496,2024-06-19 11:09:00,2024-06-19 14:34:00,1,23,0.0024987054295678894,0.0063673359649475507,-0.0032122867494696903,0.0038686305353796612,False,False,False,2024-06-19,2024,1,2024-06-19,109,21
2343,38497,38507,2024-06-19 14:39:00,2024-06-20 10:04:00,-1,11,-0.0023865410476065318,0.001275154586015393,-0.0038554073074570819,0.0036616956336219249,False,True,False,2024-06-20,2024,-1,2024-06-20,110,22
2344,38508,38521,2024-06-20 10:09:00,2024-06-20 11:14:00,1,14,0.0097257032923889711,0.014031119185915703,-0.0020414663222333689,0.0043054158935267317,False,False,False,2024-06-20,2024,1,2024-06-20,110,22
2345,38522,38562,2024-06-20 11:19:00,2024-06-21 10:49:00,-1,41,0.014358137228715203,0.020778040890983975,-0.00027536830684822419,0.0064199036622687722,False,False,False,2024-06-21,2024,1,2024-06-21,111,22
2346,38563,38603,2024-06-21 10:54:00,2024-06-24 10:24:00,1,41,0.0073038984817131985,0.013269034056484504,-0.0028378262391540472,0.0059651355747713051,False,False,False,2024-06-24,2024,1,2024-06-24,112,22
2347,38604,38620,2024-06-24 10:29:00,2024-06-24 13:24:00,-1,17,0.0054695965305260746,0.011824237669856045,0,0.0063546411393299706,False,False,False,2024-06-24,2024,1,2024-06-24,112,22
2348,38621,38625,2024-06-24 13:29:00,2024-06-24 13:49:00,1,5,-0.0051392090104854767,0,-0.0051392090104854767,0.0051392090104854767,True,False,False,2024-06-24,2024,-1,2024-06-24,112,22
2349,38626,38666,2024-06-24 13:54:00,2024-06-25 13:24:00,-1,41,0.033871173285208868,0.039007163422076115,0,0.0051359901368672467,False,False,False,2024-06-25,2024,1,2024-06-25,113,22
2350,38667,38672,2024-06-25 13:29:00,2024-06-25 13:54:00,1,6,-0.0043590540007794861,0.0015039567929225944,-0.0043590540007794861,0.0058630107937020807,False,True,False,2024-06-25,2024,-1,2024-06-25,113,22
2351,38673,38682,2024-06-25 13:59:00,2024-06-25 14:44:00,-1,10,0.00011095392649576488,0.0095733181935425127,0,0.0094623642670467484,False,False,False,2024-06-25,2024,1,2024-06-25,113,22
2352,38683,38689,2024-06-25 14:49:00,2024-06-26 09:54:00,1,7,-0.0062750214598962352,0,-0.0065402456806100684,0.0062750214598962352,True,False,False,2024-06-26,2024,-1,2024-06-26,114,22
2353,38690,38691,2024-06-26 09:59:00,2024-06-26 10:04:00,-1,2,-0.0052203447037923343,0,-0.0063027610956765045,0.0052203447037923343,True,False,False,2024-06-26,2024,-1,2024-06-26,114,22
2354,38692,38696,2024-06-26 10:09:00,2024-06-26 10:29:00,1,5,-0.0045785140692295246,0,-0.0045785140692295246,0.0045785140692295246,True,False,False,2024-06-26,2024,-1,2024-06-26,114,22
2355,38697,38710,2024-06-26 10:34:00,2024-06-26 13:14:00,-1,14,-0.0066036205245478298,0.004851833146292955,-0.0066036205245478298,0.011455453670840785,False,True,False,2024-06-26,2024,-1,2024-06-26,114,22
2356,38711,38734,2024-06-26 13:19:00,2024-06-27 09:49:00,1,24,-0.0012339946244109131,0.012872671230973317,-0.0037482864259029938,0.01410666585538423,False,True,False,2024-06-27,2024,-1,2024-06-27,115,23
2357,38735,38744,2024-06-27 09:54:00,2024-06-27 10:39:00,-1,10,-0.0060031164013514705,0.0026255667341467926,-0.0060031164013514705,0.0086286831354982635,False,True,False,2024-06-27,2024,-1,2024-06-27,115,23
2358,38745,38751,2024-06-27 10:44:00,2024-06-27 11:14:00,1,7,-0.0063500182246772063,0,-0.0063500182246772063,0.0063500182246772063,True,False,False,2024-06-27,2024,-1,2024-06-27,115,23
2359,38752,38780,2024-06-27 11:19:00,2024-06-28 09:49:00,-1,29,-0.001192837568791281,0.0071031928627215257,-0.001192837568791281,0.0082960304315128075,False,True,False,2024-06-28,2024,-1,2024-06-28,116,23
2360,38781,38794,2024-06-28 09:54:00,2024-06-28 10:59:00,1,14,-0.0012899916482983346,0.0041223481029124829,-0.0017759036800165341,0.0054123397512108179,False,True,False,2024-06-28,2024,-1,2024-06-28,116,23
2361,38795,38846,2024-06-28 11:04:00,2024-07-01 11:29:00,-1,52,0.026255313672025292,0.029252105069288731,-0.001123634590216617,0.0029967913972634395,False,False,False,2024-07-01,2024,1,2024-07-01,117,23
2362,38847,38866,2024-07-01 13:09:00,2024-07-01 14:44:00,1,20,0.01147565189622555,0.016309701949393681,-0.0019540309876630952,0.0048340500531681308,False,False,False,2024-07-01,2024,1,2024-07-01,117,23
2363,38867,38881,2024-07-01 14:49:00,2024-07-02 10:34:00,-1,15,0.0045461683008604934,0.010065987632717703,0,0.0055198193318572097,False,False,False,2024-07-02,2024,1,2024-07-02,118,23
2364,38882,38887,2024-07-02 10:39:00,2024-07-02 11:04:00,1,6,-0.0043110850137749656,0,-0.0043110850137749656,0.0043110850137749656,True,False,False,2024-07-02,2024,-1,2024-07-02,118,23
2365,38888,38929,2024-07-02 11:09:00,2024-07-03 10:44:00,-1,42,0.011391451766250704,0.013967826837496403,0,0.0025763750712456991,False,False,False,2024-07-03,2024,1,2024-07-03,119,23
2366,38930,38949,2024-07-03 10:49:00,2024-07-03 13:59:00,1,20,0.010495706496107413,0.015433637778285547,-0.00024439860095624847,0.0049379312821781346,False,False,False,2024-07-03,2024,1,2024-07-03,119,23
2367,38950,38965,2024-07-03 14:04:00,2024-07-04 09:54:00,-1,16,0.0015516790426572968,0.0030772323514942418,-0.0024010638724158242,0.001525553308836945,False,False,False,2024-07-04,2024,1,2024-07-04,120,24
2368,38966,38968,2024-07-04 09:59:00,2024-07-04 10:09:00,1,3,-0.0015398217990169299,0,-0.0016682473730060834,0.0015398217990169299,True,False,False,2024-07-04,2024,-1,2024-07-04,120,24
2369,38969,38982,2024-07-04 10:14:00,2024-07-04 11:19:00,-1,14,0.0052790199778565052,0.0082095091967097286,0,0.0029304892188532234,False,False,False,2024-07-04,2024,1,2024-07-04,120,24
2370,38983,38985,2024-07-04 11:24:00,2024-07-04 13:09:00,1,3,-0.0028873315133977483,0,-0.0028873315133977483,0.0028873315133977483,True,False,False,2024-07-04,2024,-1,2024-07-04,120,24
2371,38986,39031,2024-07-04 13:14:00,2024-07-05 13:09:00,-1,46,0.010091895092205509,0.015673006709274819,-0.0011070775006561968,0.0055811116170693103,False,False,False,2024-07-05,2024,1,2024-07-05,121,24
2372,39032,39065,2024-07-05 13:14:00,2024-07-08 10:34:00,1,34,0.014713360081147576,0.019384830515459462,0,0.0046714704343118856,False,False,False,2024-07-08,2024,1,2024-07-08,122,24
2373,39066,39101,2024-07-08 10:39:00,2024-07-09 09:44:00,-1,36,0.0022793584660933492,0.012217059693373672,-0.0024313165392857903,0.0099377012272803232,False,False,False,2024-07-09,2024,1,2024-07-09,123,24
2374,39102,39107,2024-07-09 09:49:00,2024-07-09 10:14:00,1,6,-0.0055985466276909195,0.0019356371061556971,-0.0055985466276909195,0.007534183733846617,False,True,False,2024-07-09,2024,-1,2024-07-09,123,24
2375,39108,39114,2024-07-09 10:19:00,2024-07-09 10:49:00,-1,7,-0.0029399070029095566,0.0015599275197210572,-0.0030694099276982962,0.0044998345226306136,False,True,False,2024-07-09,2024,-1,2024-07-09,123,24
2376,39115,39165,2024-07-09 10:54:00,2024-07-10 11:14:00,1,51,0.022481809680364229,0.028653629753898749,-0.0033296608133560461,0.0061718200735345202,False,False,False,2024-07-10,2024,1,2024-07-10,124,24
2377,39166,39175,2024-07-10 11:19:00,2024-07-10 13:39:00,-1,10,-0.0028381568234406469,0.00018292983284787421,-0.0031467771527473268,0.003021086656288521,False,True,False,2024-07-10,2024,-1,2024-07-10,124,24
2378,39176,39179,2024-07-10 13:44:00,2024-07-10 13:59:00,1,4,-0.0045280124613063591,0,-0.0045280124613063591,0.0045280124613063591,True,False,False,2024-07-10,2024,-1,2024-07-10,124,24
2379,39180,39193,2024-07-10 14:04:00,2024-07-11 09:44:00,-1,14,-0.011922665836958057,0.0014245117110272887,-0.013731538150739993,0.013347177547985346,False,True,False,2024-07-11,2024,-1,2024-07-11,125,25
2380,39194,39206,2024-07-11 09:49:00,2024-07-11 10:49:00,1,13,0.0011552729747078216,0.0087081266346155616,-0.0033760250809191671,0.0075528536599077396,False,False,False,2024-07-11,2024,1,2024-07-11,125,25
2381,39207,39216,2024-07-11 10:54:00,2024-07-11 13:14:00,-1,10,0.00098816300203080068,0.008998998742761298,0,0.0080108357407304969,False,False,False,2024-07-11,2024,1,2024-07-11,125,25
2382,39217,39240,2024-07-11 13:19:00,2024-07-12 09:49:00,1,24,-0.0083618139205106912,0.00041765279738365435,-0.0084460670168617392,0.0087794667178943461,False,True,False,2024-07-12,2024,-1,2024-07-12,126,25
2383,39241,39247,2024-07-12 09:54:00,2024-07-12 10:24:00,-1,7,-0.0050562102186767896,0.0013067213695742161,-0.005126061644722164,0.0063629315882510057,False,True,False,2024-07-12,2024,-1,2024-07-12,126,25
2384,39248,39282,2024-07-12 10:29:00,2024-07-12 14:54:00,1,35,0.0025533888115149032,0.0077793246233487084,-0.0032044357742822462,0.0052259358118338052,False,False,False,2024-07-12,2024,1,2024-07-12,126,25
2385,39283,39299,2024-07-12 14:59:00,2024-07-15 10:54:00,-1,17,0.0016317426304551029,0.0061503387844303835,-0.002046371190702616,0.0045185961539752802,False,False,False,2024-07-15,2024,1,2024-07-15,127,25
2386,39300,39320,2024-07-15 10:59:00,2024-07-15 14:14:00,1,21,-0.0011871261074463671,0.0020497096450102998,-0.0018161756343857509,0.0032368357524566668,False,True,False,2024-07-15,2024,-1,2024-07-15,127,25
2387,39321,39335,2024-07-15 14:19:00,2024-07-16 10:04:00,-1,15,-0.0023867858827769563,0.0019723458417683342,-0.0029164100014162711,0.0043591317245452905,False,True,False,2024-07-16,2024,-1,2024-07-16,128,25
2388,39336,39340,2024-07-16 10:09:00,2024-07-16 10:29:00,1,5,-0.0027921280180504696,0.0010032606810913523,-0.0027921280180504696,0.0037953886991418219,False,True,False,2024-07-16,2024,-1,2024-07-16,128,25
2389,39341,39343,2024-07-16 10:34:00,2024-07-16 10:44:00,-1,3,-0.0035725288492071822,0,-0.0041017399192840778,0.0035725288492071822,True,False,False,2024-07-16,2024,-1,2024-07-16,128,25
2390,39344,39384,2024-07-16 10:49:00,2024-07-17 10:19:00,1,41,0.01648225756070856,0.022098215587471774,0,0.0056159580267632139,False,False,False,2024-07-17,2024,1,2024-07-17,129,25
2391,39385,39388,2024-07-17 10:24:00,2024-07-17 10:39:00,-1,4,-0.0067054311019779387,0,-0.0067054311019779387,0.0067054311019779387,True,False,False,2024-07-17,2024,-1,2024-07-17,129,25
2392,39389,39393,2024-07-17 10:44:00,2024-07-17 11:04:00,1,5,-0.0043787027994817125,0,-0.0045837847304316046,0.0043787027994817125,True,False,False,2024-07-17,2024,-1,2024-07-17,129,25
2393,39394,39406,2024-07-17 11:09:00,2024-07-17 13:44:00,-1,13,-0.0021576454538775238,0.001285874708656654,-0.0036570596002868648,0.0034435201625341778,False,True,False,2024-07-17,2024,-1,2024-07-17,129,25
2394,39407,39417,2024-07-17 13:49:00,2024-07-17 14:39:00,1,11,-0.0014880040969512645,0.00085903043932110098,-0.0014880040969512645,0.0023470345362723655,False,True,False,2024-07-17,2024,-1,2024-07-17,129,25
2395,39418,39440,2024-07-17 14:44:00,2024-07-18 11:09:00,-1,23,0.011320979317659918,0.017599803784776338,0,0.0062788244671164208,False,False,False,2024-07-18,2024,1,2024-07-18,130,26
2396,39441,39495,2024-07-18 11:14:00,2024-07-19 13:29:00,1,55,0.029260683700052349,0.035400965859730398,-0.0010783162723159807,0.0061402821596780489,False,False,False,2024-07-19,2024,1,2024-07-19,131,26
2397,39496,39499,2024-07-19 13:34:00,2024-07-19 13:49:00,-1,4,-0.0052196376435350396,0.0007382996623732025,-0.0052196376435350396,0.0059579373059082423,False,True,False,2024-07-19,2024,-1,2024-07-19,131,26
2398,39500,39526,2024-07-19 13:54:00,2024-07-22 10:39:00,1,27,0.0037971946418811965,0.0093272359871447909,-0.002780415912510519,0.0055300413452635949,False,False,False,2024-07-22,2024,1,2024-07-22,132,26
2399,39527,39553,2024-07-22 10:44:00,2024-07-22 14:29:00,-1,27,0.0014905115745539666,0.0051730689731263393,-0.0013820600206526797,0.0036825573985723725,False,False,False,2024-07-22,2024,1,2024-07-22,132,26
2400,39554,39561,2024-07-22 14:34:00,2024-07-23 09:44:00,1,8,-0.0078215751686652665,0.0040670453061810285,-0.0078215751686652665,0.011888620474846295,False,True,False,2024-07-23,2024,-1,2024-07-23,133,26
2401,39562,39613,2024-07-23 09:49:00,2024-07-24 10:14:00,-1,52,0.028744379809169999,0.035272062385674853,0,0.0065276825765048542,False,False,False,2024-07-24,2024,1,2024-07-24,134,26
2402,39614,39617,2024-07-24 10:19:00,2024-07-24 10:34:00,1,4,-0.0051243100843208246,0,-0.0051243100843208246,0.0051243100843208246,True,False,False,2024-07-24,2024,-1,2024-07-24,134,26
2403,39618,39624,2024-07-24 10:39:00,2024-07-24 11:09:00,-1,7,-0.0023576739303401849,0.0047181387585100466,-0.0023576739303401849,0.0070758126888502311,False,True,False,2024-07-24,2024,-1,2024-07-24,134,26
2404,39625,39633,2024-07-24 11:14:00,2024-07-24 13:29:00,1,9,-0.0058767717778092721,0,-0.0058767717778092721,0.0058767717778092721,True,False,False,2024-07-24,2024,-1,2024-07-24,134,26
2405,39634,39668,2024-07-24 13:34:00,2024-07-25 10:59:00,-1,35,-0.0010723413579548525,0.0094780804318686292,-0.0010723413579548525,0.010550421789823482,False,True,False,2024-07-25,2024,-1,2024-07-25,135,27
2406,39669,39678,2024-07-25 11:04:00,2024-07-25 13:24:00,1,10,-0.0040866195860308485,0.0049152429528651681,-0.0040866195860308485,0.0090018625388960175,False,True,False,2024-07-25,2024,-1,2024-07-25,135,27
2407,39679,39702,2024-07-25 13:29:00,2024-07-26 09:59:00,-1,24,-0.0023591665917477422,0.0022526786308153341,-0.0034879213886080253,0.0046118452225630763,False,True,False,2024-07-26,2024,-1,2024-07-26,136,27
2408,39703,39705,2024-07-26 10:04:00,2024-07-26 10:14:00,1,3,-0.0052704175456940545,0,-0.0059855295753275441,0.0052704175456940545,True,False,False,2024-07-26,2024,-1,2024-07-26,136,27
2409,39706,39713,2024-07-26 10:19:00,2024-07-26 10:54:00,-1,8,-0.0033723541164810051,0.0032150079989129825,-0.0033723541164810051,0.0065873621153939872,False,True,False,2024-07-26,2024,-1,2024-07-26,136,27
2410,39714,39724,2024-07-26 10:59:00,2024-07-26 13:24:00,1,11,0.0052944086666539452,0.010090846879141394,-0.0011881217195483839,0.0047964382124874487,False,False,False,2024-07-26,2024,1,2024-07-26,136,27
2411,39725,39729,2024-07-26 13:29:00,2024-07-26 13:49:00,-1,5,-0.0012637223159515901,0,-0.0020544719739192204,0.0012637223159515901,True,False,False,2024-07-26,2024,-1,2024-07-26,136,27
2412,39730,39733,2024-07-26 13:54:00,2024-07-26 14:09:00,1,4,-0.0038934902831970907,0,-0.0038934902831970907,0.0038934902831970907,True,False,False,2024-07-26,2024,-1,2024-07-26,136,27
2413,39734,39743,2024-07-26 14:14:00,2024-07-26 14:59:00,-1,10,-0.0025185950933120822,0.0017151586542719483,-0.0025185950933120822,0.004233753747584031,False,True,False,2024-07-26,2024,-1,2024-07-26,136,27
2414,39744,39750,2024-07-29 09:39:00,2024-07-29 10:09:00,1,7,-0.0026161268434574496,0.00076406402405723186,-0.0026161268434574496,0.0033801908675146815,False,True,False,2024-07-29,2024,-1,2024-07-29,137,27
2415,39751,39799,2024-07-29 10:14:00,2024-07-30 10:24:00,-1,49,0.019472729650618144,0.024472134723731706,-0.0018236621674572293,0.0049994050731135622,False,False,False,2024-07-30,2024,1,2024-07-30,138,27
2416,39800,39818,2024-07-30 10:29:00,2024-07-30 13:34:00,1,19,0.0037155257946816073,0.0081644657421109431,-0.00063955432351311156,0.0044489399474293354,False,False,False,2024-07-30,2024,1,2024-07-30,138,27
2417,39819,39830,2024-07-30 13:39:00,2024-07-30 14:34:00,-1,12,-0.0034055694844952254,0.0020262282966946733,-0.0034055694844952254,0.0054317977811898987,False,True,False,2024-07-30,2024,-1,2024-07-30,138,27
2418,39831,39886,2024-07-30 14:39:00,2024-08-01 09:59:00,1,56,0.044544373534627646,0.054091722530421493,-0.001242183579400698,0.0095473489957938473,False,False,False,2024-08-01,2024,1,2024-08-01,140,28
2419,39887,39907,2024-08-01 10:04:00,2024-08-01 13:19:00,-1,21,-0.0032598328906239802,0.007217412625794159,-0.0043351307172917342,0.010477245516418139,False,True,False,2024-08-01,2024,-1,2024-08-01,140,28
2420,39908,39918,2024-08-01 13:24:00,2024-08-01 14:14:00,1,11,-0.0026663450531922584,0.003584305401974088,-0.0026663450531922584,0.0062506504551663464,False,True,False,2024-08-01,2024,-1,2024-08-01,140,28
2421,39919,39933,2024-08-01 14:19:00,2024-08-02 10:04:00,-1,15,0.0026734734601622941,0.010014923014709104,-0.00012135185986628279,0.0073414495545468094,False,False,False,2024-08-02,2024,1,2024-08-02,141,28
2422,39934,39935,2024-08-02 10:09:00,2024-08-02 10:14:00,1,2,-0.0034129725962400207,0,-0.0041322652775742964,0.0034129725962400207,True,False,False,2024-08-02,2024,-1,2024-08-02,141,28
2423,39936,39976,2024-08-02 10:19:00,2024-08-05 09:49:00,-1,41,0.010734385260588692,0.021058604961206314,0,0.010324219700617622,False,False,False,2024-08-05,2024,1,2024-08-05,142,28
2424,39977,39979,2024-08-05 09:54:00,2024-08-05 10:04:00,1,3,-0.012002130610342669,0,-0.012002130610342669,0.012002130610342669,True,False,False,2024-08-05,2024,-1,2024-08-05,142,28
2425,39980,39995,2024-08-05 10:09:00,2024-08-05 11:24:00,-1,16,0.00097197930393796061,0.00650243520854715,0,0.0055304559046091897,False,False,False,2024-08-05,2024,1,2024-08-05,142,28
2426,39996,39999,2024-08-05 11:29:00,2024-08-05 13:19:00,1,4,-0.0073760940124135655,0.00043056453230155703,-0.0073760940124135655,0.007806658544715123,False,True,False,2024-08-05,2024,-1,2024-08-05,142,28
2427,40000,40022,2024-08-05 13:24:00,2024-08-06 09:49:00,-1,23,0.0023399034082121364,0.012647165264683111,0,0.010307261856470974,False,False,False,2024-08-06,2024,1,2024-08-06,143,28
2428,40023,40028,2024-08-06 09:54:00,2024-08-06 10:19:00,1,6,-0.0055140734161802417,0.0037663773232675486,-0.0055140734161802417,0.0092804507394477903,False,True,False,2024-08-06,2024,-1,2024-08-06,143,28
2429,40029,40038,2024-08-06 10:24:00,2024-08-06 11:09:00,-1,10,-0.0062292355851369177,0.0019908371618625833,-0.0062292355851369177,0.0082200727469995006,False,True,False,2024-08-06,2024,-1,2024-08-06,143,28
2430,40039,40044,2024-08-06 11:14:00,2024-08-06 13:14:00,1,6,-0.0092664973231622663,0,-0.0092664973231622663,0.0092664973231622663,True,False,False,2024-08-06,2024,-1,2024-08-06,143,28
2431,40045,40062,2024-08-06 13:19:00,2024-08-06 14:44:00,-1,18,-0.0086214717101091923,0.0024081037205462333,-0.0086214717101091923,0.011029575430655426,False,True,False,2024-08-06,2024,-1,2024-08-06,143,28
2432,40063,40073,2024-08-06 14:49:00,2024-08-07 10:14:00,1,11,-0.0040619894918172503,0.0037241905137225099,-0.0040619894918172503,0.0077861800055397598,False,True,False,2024-08-07,2024,-1,2024-08-07,144,28
2433,40074,40079,2024-08-07 10:19:00,2024-08-07 10:44:00,-1,6,-0.0042443215189429308,0.0018325867149113621,-0.0042443215189429308,0.0060769082338542925,False,True,False,2024-08-07,2024,-1,2024-08-07,144,28
2434,40080,40092,2024-08-07 10:49:00,2024-08-07 13:24:00,1,13,-0.0016281390883094026,0.0017654976001613186,-0.0030760395345469185,0.0033936366884707212,False,True,False,2024-08-07,2024,-1,2024-08-07,144,28
2435,40093,40123,2024-08-07 13:29:00,2024-08-08 10:34:00,-1,31,0.011940820023720506,0.016900214540920701,-0.0018244594838240948,0.0049593945172001948,False,False,False,2024-08-08,2024,1,2024-08-08,145,29
2436,40124,40143,2024-08-08 10:39:00,2024-08-08 13:49:00,1,20,0.010605452985957251,0.016244012002390125,-0.00088177156453555887,0.0056385590164328737,False,False,False,2024-08-08,2024,1,2024-08-08,145,29
2437,40144,40160,2024-08-08 13:54:00,2024-08-09 09:49:00,-1,17,-0.0075808362826773777,0.0027466159963993853,-0.0097701041709692821,0.010327452279076763,False,True,False,2024-08-09,2024,-1,2024-08-09,146,29
2438,40161,40169,2024-08-09 09:54:00,2024-08-09 10:34:00,1,9,-0.0068215668321044837,0,-0.0075105093326580446,0.0068215668321044837,True,False,False,2024-08-09,2024,-1,2024-08-09,146,29
2439,40170,40210,2024-08-09 10:39:00,2024-08-12 10:09:00,-1,41,0.0068401166479477443,0.011464238362714946,-0.0029052040391234252,0.0046241217147672022,False,False,False,2024-08-12,2024,1,2024-08-12,147,29
2440,40211,40224,2024-08-12 10:14:00,2024-08-12 11:19:00,1,14,0.00041031446226669265,0.0036444836361249882,-0.0029195032074835481,0.0032341691738582957,False,False,False,2024-08-12,2024,1,2024-08-12,147,29
2441,40225,40230,2024-08-12 11:24:00,2024-08-12 13:24:00,-1,6,-0.0010603780180479113,0.00087742890671965832,-0.0024160232161301079,0.0019378069247675696,False,True,False,2024-08-12,2024,-1,2024-08-12,147,29
2442,40231,40236,2024-08-12 13:29:00,2024-08-12 13:54:00,1,6,-0.0012442912681011561,4.2391742095060432e-05,-0.0019094907463170466,0.0012866830101962165,False,True,False,2024-08-12,2024,-1,2024-08-12,147,29
2443,40237,40251,2024-08-12 13:59:00,2024-08-13 09:44:00,-1,15,-0.0025576003598284562,0.0020819915318202806,-0.0034321825204969569,0.0046395918916487368,False,True,False,2024-08-13,2024,-1,2024-08-13,148,29
2444,40252,40256,2024-08-13 09:49:00,2024-08-13 10:09:00,1,5,-0.0049373734214686665,0,-0.0049373734214686665,0.0049373734214686665,True,False,False,2024-08-13,2024,-1,2024-08-13,148,29
2445,40257,40266,2024-08-13 10:14:00,2024-08-13 10:59:00,-1,10,-0.0032990012575766113,0.0006100199509638302,-0.0032990012575766113,0.0039090212085404414,False,True,False,2024-08-13,2024,-1,2024-08-13,148,29
2446,40267,40282,2024-08-13 11:04:00,2024-08-13 13:54:00,1,16,-0.0023634148885835105,0.00024027419641381263,-0.0027035268453800216,0.0026036890849973232,False,True,False,2024-08-13,2024,-1,2024-08-13,148,29
2447,40283,40293,2024-08-13 13:59:00,2024-08-13 14:49:00,-1,11,-0.0031264393282538325,0.0038329452678513695,-0.0031264393282538325,0.0069593845961052024,False,True,False,2024-08-13,2024,-1,2024-08-13,148,29
2448,40294,40301,2024-08-13 14:54:00,2024-08-14 10:04:00,1,8,-0.0023899266821818801,0.0032152554774855513,-0.0023899266821818801,0.0056051821596674314,False,True,False,2024-08-14,2024,-1,2024-08-14,149,29
2449,40302,40313,2024-08-14 10:09:00,2024-08-14 11:04:00,-1,12,0.00024072330388610961,0.0036879997545450145,0,0.0034472764506589051,False,False,False,2024-08-14,2024,1,2024-08-14,149,29
2450,40314,40318,2024-08-14 11:09:00,2024-08-14 11:29:00,1,5,-0.0031488941069964449,0,-0.0031488941069964449,0.0031488941069964449,True,False,False,2024-08-14,2024,-1,2024-08-14,149,29
2451,40319,40345,2024-08-14 13:09:00,2024-08-15 09:54:00,-1,27,0.00082432033774744169,0.0035151922230290985,-0.0016891536248608151,0.0026908718852816571,False,False,False,2024-08-15,2024,1,2024-08-15,150,30
2452,40346,40359,2024-08-15 09:59:00,2024-08-15 11:04:00,1,14,0.011071397739898641,0.0137816358073226,-0.00035552016529299333,0.002710238067423959,False,False,False,2024-08-15,2024,1,2024-08-15,150,30
2453,40360,40384,2024-08-15 11:09:00,2024-08-15 14:44:00,-1,25,0.0082317774765141884,0.010829716203902488,0,0.0025979387273882999,False,False,False,2024-08-15,2024,1,2024-08-15,150,30
2454,40385,40404,2024-08-15 14:49:00,2024-08-16 10:59:00,1,20,0.00052444703932693834,0.0071343605168075874,0,0.006609913477480649,False,False,False,2024-08-16,2024,1,2024-08-16,151,30
2455,40405,40433,2024-08-16 11:04:00,2024-08-16 14:59:00,-1,29,-0.00099144532510856559,0.0025113342417447245,-0.0028866174478004818,0.0035027795668532901,False,True,False,2024-08-16,2024,-1,2024-08-16,151,30
2456,40434,40446,2024-08-19 09:39:00,2024-08-19 10:39:00,1,13,0.0001132454738409761,0.0074046726624164101,-0.0018420386652116354,0.0072914271885754344,False,False,False,2024-08-19,2024,1,2024-08-19,152,30
2457,40447,40492,2024-08-19 10:44:00,2024-08-20 10:39:00,-1,46,0.0091146927221401434,0.012548860307494721,-0.0015982239076307153,0.0034341675853545774,False,False,False,2024-08-20,2024,1,2024-08-20,153,30
2458,40493,40500,2024-08-20 10:44:00,2024-08-20 11:19:00,1,8,-0.0032191862520721854,5.7136327292466515e-05,-0.0032191862520721854,0.0032763225793646517,False,True,False,2024-08-20,2024,-1,2024-08-20,153,30
2459,40501,40523,2024-08-20 11:24:00,2024-08-20 14:49:00,-1,23,0.0071189008247337111,0.0085343292280643628,0,0.0014154284033306517,False,False,False,2024-08-20,2024,1,2024-08-20,153,30
2460,40524,40535,2024-08-20 14:54:00,2024-08-21 10:24:00,1,12,-0.00014433971821062211,0.0047228309528205819,-0.0028039157539696551,0.0048671706710312042,False,True,False,2024-08-21,2024,-1,2024-08-21,154,30
2461,40536,40538,2024-08-21 10:29:00,2024-08-21 10:39:00,-1,3,-0.0040192806447370633,0,-0.0040192806447370633,0.0040192806447370633,True,False,False,2024-08-21,2024,-1,2024-08-21,154,30
2462,40539,40546,2024-08-21 10:44:00,2024-08-21 11:19:00,1,8,0.00050307234522491996,0.0031293089385969423,0,0.0026262365933720222,False,False,False,2024-08-21,2024,1,2024-08-21,154,30
2463,40547,40575,2024-08-21 11:24:00,2024-08-22 09:54:00,-1,29,0.0015243686170816871,0.0062271369097864505,0,0.0047027682927047636,False,False,False,2024-08-22,2024,1,2024-08-22,155,31
2464,40576,40578,2024-08-22 09:59:00,2024-08-22 10:09:00,1,3,-0.008193628256311843,0,-0.008193628256311843,0.008193628256311843,True,False,False,2024-08-22,2024,-1,2024-08-22,155,31
2465,40579,40587,2024-08-22 10:14:00,2024-08-22 10:54:00,-1,9,0.0010162307427807786,0.0030081329403804763,-0.0021741659770330808,0.0019919021975996977,False,False,False,2024-08-22,2024,1,2024-08-22,155,31
2466,40588,40591,2024-08-22 10:59:00,2024-08-22 11:14:00,1,4,-0.0023558164634158813,0.0012773803830079852,-0.0023558164634158813,0.0036331968464238668,False,True,False,2024-08-22,2024,-1,2024-08-22,155,31
2467,40592,40639,2024-08-22 11:19:00,2024-08-23 11:24:00,-1,48,0.010037835591547091,0.014961775248699512,-0.0015566243314272109,0.0049239396571524215,False,False,False,2024-08-23,2024,1,2024-08-23,156,31
2468,40640,40655,2024-08-23 11:29:00,2024-08-23 14:19:00,1,16,0.0047095502946930354,0.0092221867413983041,-0.0010299571271272226,0.0045126364467052687,False,False,False,2024-08-23,2024,1,2024-08-23,156,31
2469,40656,40660,2024-08-23 14:24:00,2024-08-23 14:44:00,-1,5,-0.0031274230117320852,0,-0.0034337933283038091,0.0031274230117320852,True,False,False,2024-08-23,2024,-1,2024-08-23,156,31
2470,40661,40672,2024-08-23 14:49:00,2024-08-26 10:19:00,1,12,-0.0025567427893357598,0.0039173761477592738,-0.0025567427893357598,0.0064741189370950336,False,True,False,2024-08-26,2024,-1,2024-08-26,157,31
2471,40673,40686,2024-08-26 10:24:00,2024-08-26 11:29:00,-1,14,-0.0014910103624679281,0.0015371892964188691,-0.003125641547996297,0.0030281996588867972,False,True,False,2024-08-26,2024,-1,2024-08-26,157,31
2472,40687,40690,2024-08-26 13:09:00,2024-08-26 13:24:00,1,4,-0.0034092022865522889,0,-0.0034092022865522889,0.0034092022865522889,True,False,False,2024-08-26,2024,-1,2024-08-26,157,31
2473,40691,40702,2024-08-26 13:29:00,2024-08-26 14:24:00,-1,12,0.0014961060038698949,0.0036414935106566311,-0.001040087402499737,0.0021453875067867362,False,False,False,2024-08-26,2024,1,2024-08-26,157,31
2474,40703,40712,2024-08-26 14:29:00,2024-08-27 09:49:00,1,10,-0.0066568728889219424,0.002477625680098365,-0.0066568728889219424,0.0091344985690203079,False,True,False,2024-08-27,2024,-1,2024-08-27,158,31
2475,40713,40732,2024-08-27 09:54:00,2024-08-27 11:29:00,-1,20,-0.0020813505288432947,0.0060025524263315616,-0.0020813505288432947,0.0080839029551748563,False,True,False,2024-08-27,2024,-1,2024-08-27,158,31
2476,40733,40739,2024-08-27 13:09:00,2024-08-27 13:39:00,1,7,-0.0045965540326953994,0,-0.0052485797811740315,0.0045965540326953994,True,False,False,2024-08-27,2024,-1,2024-08-27,158,31
2477,40740,40750,2024-08-27 13:44:00,2024-08-27 14:34:00,-1,11,-0.00071081628392726209,0.0028037609507847085,-0.002042236514042436,0.0035145772347119708,False,True,False,2024-08-27,2024,-1,2024-08-27,158,31
2478,40751,40753,2024-08-27 14:39:00,2024-08-27 14:49:00,1,3,-0.0031581080580942635,0,-0.0035740011201601772,0.0031581080580942635,True,False,False,2024-08-27,2024,-1,2024-08-27,158,31
2479,40754,40766,2024-08-27 14:54:00,2024-08-28 10:29:00,-1,13,0.0004010367596508777,0.0058383020339852244,-0.0029360322404978234,0.0054372652743343471,False,False,False,2024-08-28,2024,1,2024-08-28,159,31
2480,40767,40777,2024-08-28 10:34:00,2024-08-28 11:24:00,1,11,-0.002916061220713851,0.0016031829577497635,-0.0031544828705289412,0.0045192441784636141,False,True,False,2024-08-28,2024,-1,2024-08-28,159,31
2481,40778,40788,2024-08-28 11:29:00,2024-08-28 13:54:00,-1,11,-0.0025743104131588342,0.00095402785841976635,-0.0025743104131588342,0.0035283382715786005,False,True,False,2024-08-28,2024,-1,2024-08-28,159,31
2482,40789,40803,2024-08-28 13:59:00,2024-08-29 09:44:00,1,15,-0.0079975359499699153,0,-0.0080424787602512617,0.0079975359499699153,True,False,False,2024-08-29,2024,-1,2024-08-29,160,32
2483,40804,40807,2024-08-29 09:49:00,2024-08-29 10:04:00,-1,4,-0.0033052442841821073,0.0013491637232688433,-0.0063465728852395587,0.0046544080074509501,False,True,False,2024-08-29,2024,-1,2024-08-29,160,32
2484,40808,40838,2024-08-29 10:09:00,2024-08-29 14:14:00,1,31,0.016834242902468294,0.019649205102597007,0,0.0028149622001287129,False,False,False,2024-08-29,2024,1,2024-08-29,160,32
2485,40839,40850,2024-08-29 14:19:00,2024-08-30 09:49:00,-1,12,-0.0050378678084282017,0.0042373568191107058,-0.0050378678084282017,0.0092752246275389083,False,True,False,2024-08-30,2024,-1,2024-08-30,161,32
2486,40851,40887,2024-08-30 09:54:00,2024-08-30 14:29:00,1,37,0.018038069780134253,0.022118626960972689,0,0.0040805571808384365,False,False,False,2024-08-30,2024,1,2024-08-30,161,32
2487,40888,40943,2024-08-30 14:34:00,2024-09-03 09:54:00,-1,56,0.029719501513290739,0.038582188771136172,0,0.0088626872578454335,False,False,False,2024-09-03,2024,1,2024-09-03,163,32
2488,40944,40959,2024-09-03 09:59:00,2024-09-03 11:14:00,1,16,-0.0023527507690021474,0.005718175158715073,-0.0041469253741556545,0.0080709259277172204,False,True,False,2024-09-03,2024,-1,2024-09-03,163,32
2489,40960,40966,2024-09-03 11:19:00,2024-09-03 13:24:00,-1,7,-0.0027369512672777195,0.0016160960720503724,-0.0027369512672777195,0.0043530473393280922,False,True,False,2024-09-03,2024,-1,2024-09-03,163,32
2490,40967,40976,2024-09-03 13:29:00,2024-09-03 14:14:00,1,10,-0.0045162847833920203,0,-0.0045162847833920203,0.0045162847833920203,True,False,False,2024-09-03,2024,-1,2024-09-03,163,32
2491,40977,40999,2024-09-03 14:19:00,2024-09-04 10:44:00,-1,23,-0.0036294454205502372,0.0066261400741484556,-0.0036294454205502372,0.010255585494698693,False,True,False,2024-09-04,2024,-1,2024-09-04,164,32
2492,41000,41010,2024-09-04 10:49:00,2024-09-04 13:14:00,1,11,-0.0020279028523816616,0.0028203764920961532,-0.0029766554622027469,0.0048482793444778148,False,True,False,2024-09-04,2024,-1,2024-09-04,164,32
2493,41011,41037,2024-09-04 13:19:00,2024-09-05 10:04:00,-1,27,4.4452676428538129e-05,0.0040086759741550619,-0.0019539640588817435,0.0039642232977265233,False,False,False,2024-09-05,2024,1,2024-09-05,165,33
2494,41038,41050,2024-09-05 10:09:00,2024-09-05 11:09:00,1,13,0.0017173994508980295,0.0081755985684751412,0,0.0064581991175771116,False,False,False,2024-09-05,2024,1,2024-09-05,165,33
2495,41051,41084,2024-09-05 11:14:00,2024-09-06 10:09:00,-1,34,0.0037940585572323465,0.0089748002109287673,-0.0013895255676280949,0.0051807416536964208,False,False,False,2024-09-06,2024,1,2024-09-06,166,33
2496,41085,41092,2024-09-06 10:14:00,2024-09-06 10:49:00,1,8,-0.0034061447595458987,0,-0.003674369115925352,0.0034061447595458987,True,False,False,2024-09-06,2024,-1,2024-09-06,166,33
2497,41093,41145,2024-09-06 10:54:00,2024-09-09 11:24:00,-1,53,0.019695953605237331,0.024295623593967881,0,0.0045996699887305495,False,False,False,2024-09-09,2024,1,2024-09-09,167,33
2498,41146,41150,2024-09-09 11:29:00,2024-09-09 13:24:00,1,5,-0.0037451516714050539,0,-0.0037451516714050539,0.0037451516714050539,True,False,False,2024-09-09,2024,-1,2024-09-09,167,33
2499,41151,41167,2024-09-09 13:29:00,2024-09-09 14:49:00,-1,17,-0.00010676346564368849,0.0039429696676084435,-0.00010676346564368849,0.0040497331332521322,False,True,False,2024-09-09,2024,-1,2024-09-09,167,33
2500,41168,41177,2024-09-09 14:54:00,2024-09-10 10:14:00,1,10,-0.0061344723762501684,0.0015087211499648155,-0.0061344723762501684,0.0076431935262149843,False,True,False,2024-09-10,2024,-1,2024-09-10,168,33
2501,41178,41195,2024-09-10 10:19:00,2024-09-10 13:19:00,-1,18,-0.0084347422630104574,0.003828211951931778,-0.0084347422630104574,0.012262954214942235,False,True,False,2024-09-10,2024,-1,2024-09-10,168,33
2502,41196,41200,2024-09-10 13:24:00,2024-09-10 13:44:00,1,5,-0.0064418852270876747,0.0016723683107179724,-0.0064418852270876747,0.0081142535378056473,False,True,False,2024-09-10,2024,-1,2024-09-10,168,33
2503,41201,41205,2024-09-10 13:49:00,2024-09-10 14:09:00,-1,5,-0.0067613716174031004,0,-0.0067613716174031004,0.0067613716174031004,True,False,False,2024-09-10,2024,-1,2024-09-10,168,33
2504,41206,41242,2024-09-10 14:14:00,2024-09-11 13:24:00,1,37,0.0087536527462566648,0.012260817422204105,0,0.0035071646759474405,False,False,False,2024-09-11,2024,1,2024-09-11,169,33
2505,41243,41258,2024-09-11 13:29:00,2024-09-11 14:44:00,-1,16,-0.00061803301660485251,0.0018110752169504328,-0.00088924397518965977,0.0024291082335552855,False,True,False,2024-09-11,2024,-1,2024-09-11,169,33
2506,41259,41269,2024-09-11 14:49:00,2024-09-12 10:14:00,1,11,0.002047330154518699,0.0096429291857048662,0,0.0075955990311861671,False,False,False,2024-09-12,2024,1,2024-09-12,170,34
2507,41270,41311,2024-09-12 10:19:00,2024-09-13 09:54:00,-1,42,0.0060940846880178064,0.0095042381151650597,-0.00024058703351923514,0.0034101534271472533,False,False,False,2024-09-13,2024,1,2024-09-13,171,34
2508,41312,41315,2024-09-13 09:59:00,2024-09-13 10:14:00,1,4,-0.0036530966859075094,0.0015118989303112011,-0.0047166679542704759,0.0051649956162187101,False,True,False,2024-09-13,2024,-1,2024-09-13,171,34
2509,41316,41381,2024-09-13 10:19:00,2024-09-18 13:29:00,-1,66,0.019040894132806213,0.025266800578275853,-0.0026842803824576366,0.0062259064454696401,False,False,False,2024-09-18,2024,1,2024-09-18,172,34
2510,41382,41394,2024-09-18 13:34:00,2024-09-18 14:34:00,1,13,0.000696254950262378,0.0054795503423259997,-0.0017815237510489916,0.0047832953920636219,False,False,False,2024-09-18,2024,1,2024-09-18,172,34
2511,41395,41409,2024-09-18 14:39:00,2024-09-19 10:24:00,-1,15,-0.006398270403349283,0.0044022888557683371,-0.006398270403349283,0.010800559259117621,False,True,False,2024-09-19,2024,-1,2024-09-19,173,34
2512,41410,41418,2024-09-19 10:29:00,2024-09-19 11:09:00,1,9,0.0025785473130121176,0.0095593517957007872,0,0.0069808044826886696,False,False,False,2024-09-19,2024,1,2024-09-19,173,34
2513,41419,41485,2024-09-19 11:14:00,2024-09-20 14:29:00,-1,67,0.01081908034950344,0.014980512419778429,-0.0042065393312327917,0.0041614320702749886,False,False,False,2024-09-20,2024,1,2024-09-20,174,34
2514,41486,41499,2024-09-20 14:34:00,2024-09-23 10:14:00,1,14,0.0036039419377946096,0.010527792163778683,0,0.0069238502259840731,False,False,False,2024-09-23,2024,1,2024-09-23,175,35
2515,41500,41540,2024-09-23 10:19:00,2024-09-24 09:49:00,-1,41,0.0017616793046526763,0.0069254822114103486,-0.0058959984222782527,0.0051638029067576727,False,False,False,2024-09-24,2024,1,2024-09-24,176,35
2516,41541,41544,2024-09-24 09:54:00,2024-09-24 10:09:00,1,4,-0.0071090714613829395,0,-0.0071090714613829395,0.0071090714613829395,True,False,False,2024-09-24,2024,-1,2024-09-24,176,35
2517,41545,41553,2024-09-24 10:14:00,2024-09-24 10:54:00,-1,9,-0.0085001287344911355,0.0018086006988059474,-0.0085001287344911355,0.010308729433297083,False,True,False,2024-09-24,2024,-1,2024-09-24,176,35
2518,41554,41576,2024-09-24 10:59:00,2024-09-24 14:24:00,1,23,0.022873670664511642,0.02866886860377995,0,0.0057951979392683074,False,False,False,2024-09-24,2024,1,2024-09-24,176,35
2519,41577,41581,2024-09-24 14:29:00,2024-09-24 14:49:00,-1,5,-0.0035413203172647771,0.00060402889094513185,-0.0043082088176896313,0.0041453492082099089,False,True,False,2024-09-24,2024,-1,2024-09-24,176,35
2520,41582,41603,2024-09-24 14:54:00,2024-09-25 11:14:00,1,22,0.018894633123216858,0.028677607236834324,0,0.009782974113617466,False,False,False,2024-09-25,2024,1,2024-09-25,177,35
2521,41604,41635,2024-09-25 11:19:00,2024-09-26 10:04:00,-1,32,0.011834457647002292,0.021319460921175346,0,0.0094850032741730546,False,False,False,2024-09-26,2024,1,2024-09-26,178,35
2522,41636,41646,2024-09-26 10:09:00,2024-09-26 10:59:00,1,11,-0.0044911599787836581,0.0010748836577726515,-0.0044911599787836581,0.0055660436365563091,False,True,False,2024-09-26,2024,-1,2024-09-26,178,35
2523,41647,41652,2024-09-26 11:04:00,2024-09-26 11:29:00,-1,6,-0.0066099629021885362,0.0016518256425075515,-0.0066099629021885362,0.0082617885446960877,False,True,False,2024-09-26,2024,-1,2024-09-26,178,35
2524,41653,41821,2024-09-26 13:09:00,2024-10-09 10:14:00,1,169,0.42420821244141593,0.46063471750086704,-0.0037781821583003695,0.036426505059451109,False,False,False,2024-10-09,2024,1,2024-10-09,182,36
2525,41822,41838,2024-10-09 10:19:00,2024-10-09 13:14:00,-1,17,-0.0026685901535381919,0.053832649699545279,-0.0035533007602022576,0.056501239853083474,False,True,False,2024-10-09,2024,-1,2024-10-09,182,36
2526,41839,41851,2024-10-09 13:19:00,2024-10-09 14:19:00,1,13,0.014589636831779385,0.052011816887360993,-0.0024248101978688926,0.037422180055581608,False,False,False,2024-10-09,2024,1,2024-10-09,182,36
2527,41852,41877,2024-10-09 14:24:00,2024-10-10 11:04:00,-1,26,0.065323563939705648,0.096798000527341665,-5.751147834840149e-05,0.031474436587636018,False,False,False,2024-10-10,2024,1,2024-10-10,183,36
2528,41878,41886,2024-10-10 11:09:00,2024-10-10 13:24:00,1,9,0.0014519726880643678,0.027322918286713758,-0.0045638998447785689,0.02587094559864939,False,False,False,2024-10-10,2024,1,2024-10-10,183,36
2529,41887,41918,2024-10-10 13:29:00,2024-10-11 10:39:00,-1,32,0.064170069200205321,0.082521023688003931,0,0.01835095448779861,False,False,False,2024-10-11,2024,1,2024-10-11,184,36
2530,41919,41931,2024-10-11 10:44:00,2024-10-11 13:19:00,1,13,-0.0051337618623178002,0.012881614783066261,-0.0093478061125837602,0.018015376645384062,False,True,False,2024-10-11,2024,-1,2024-10-11,184,36
2531,41932,41954,2024-10-11 13:24:00,2024-10-14 09:49:00,-1,23,0.010812106429206686,0.026611421972077203,-0.009785944165864072,0.015799315542870517,False,False,False,2024-10-14,2024,1,2024-10-14,185,37
2532,41955,41957,2024-10-14 09:54:00,2024-10-14 10:04:00,1,3,-0.019054794432838446,0,-0.019054794432838446,0.019054794432838446,True,False,False,2024-10-14,2024,-1,2024-10-14,185,37
2533,41958,41970,2024-10-14 10:09:00,2024-10-14 11:09:00,-1,13,-0.0015333103334399577,0.01187220264275627,-0.0017698620858708027,0.013405512976196228,False,True,False,2024-10-14,2024,-1,2024-10-14,185,37
2534,41971,41990,2024-10-14 11:14:00,2024-10-14 14:24:00,1,20,0.030936533978892438,0.04804688816650584,0,0.017110354187613402,False,False,False,2024-10-14,2024,1,2024-10-14,185,37
2535,41991,41996,2024-10-14 14:29:00,2024-10-14 14:54:00,-1,6,-0.0090789618042071071,0.00061184801856305952,-0.0090789618042071071,0.0096908098227701661,False,True,False,2024-10-14,2024,-1,2024-10-14,185,37
2536,41997,42012,2024-10-14 14:59:00,2024-10-15 10:49:00,1,16,-0.0010721306643751063,0.018796356759788309,-0.013282028345049152,0.019868487424163417,False,True,False,2024-10-15,2024,-1,2024-10-15,186,37
2537,42013,42061,2024-10-15 10:54:00,2024-10-16 11:04:00,-1,49,0.039134900387149861,0.054532047986191143,-0.0071581957860183216,0.015397147599041282,False,False,False,2024-10-16,2024,1,2024-10-16,187,37
2538,42062,42071,2024-10-16 11:09:00,2024-10-16 13:29:00,1,10,-0.0087141096673387895,0.0052482939930562477,-0.0087141096673387895,0.013962403660395037,False,True,False,2024-10-16,2024,-1,2024-10-16,187,37
2539,42072,42091,2024-10-16 13:34:00,2024-10-17 09:44:00,-1,20,-0.016358231142573329,0.0071637466429314966,-0.016358231142573329,0.023521977785504827,False,True,False,2024-10-17,2024,-1,2024-10-17,188,37
2540,42092,42101,2024-10-17 09:49:00,2024-10-17 10:34:00,1,10,-0.0053593580459815075,0.0073530562250724808,-0.0053593580459815075,0.012712414271053988,False,True,False,2024-10-17,2024,-1,2024-10-17,188,37
2541,42102,42116,2024-10-17 10:39:00,2024-10-17 13:24:00,-1,15,-0.0054376293679677529,0.0033219441945952595,-0.0060077070145665365,0.0087595735625630132,False,True,False,2024-10-17,2024,-1,2024-10-17,188,37
2542,42117,42123,2024-10-17 13:29:00,2024-10-17 13:59:00,1,7,-0.0055388137879023866,0.0015976318232150579,-0.0065287124041358236,0.0071364456111174448,False,True,False,2024-10-17,2024,-1,2024-10-17,188,37
2543,42124,42146,2024-10-17 14:04:00,2024-10-18 10:29:00,-1,23,0.002476586280249141,0.013492609553679485,-0.0023470893964999484,0.011016023273430344,False,False,False,2024-10-18,2024,1,2024-10-18,189,37
2544,42147,42181,2024-10-18 10:34:00,2024-10-18 14:59:00,1,35,0.10066295035890298,0.12759078669080745,-0.00031564233476651885,0.026927836331904473,False,False,False,2024-10-18,2024,1,2024-10-18,189,37
2545,42182,42185,2024-10-21 09:39:00,2024-10-21 09:54:00,-1,4,-0.023439478035804168,0,-0.028107742373773822,0.023439478035804168,True,False,False,2024-10-21,2024,-1,2024-10-21,190,38
2546,42186,42211,2024-10-21 09:59:00,2024-10-21 13:39:00,1,26,0.020447587481757561,0.057172241101500862,-0.025827209907669041,0.036724653619743301,False,False,False,2024-10-21,2024,1,2024-10-21,190,38
2547,42212,42238,2024-10-21 13:44:00,2024-10-22 10:29:00,-1,27,0.022041769057860254,0.04773677848049955,-0.0063008259482381229,0.025695009422639296,False,False,False,2024-10-22,2024,1,2024-10-22,191,38
2548,42239,42244,2024-10-22 10:34:00,2024-10-22 10:59:00,1,6,-0.019951414352857848,0,-0.019951414352857848,0.019951414352857848,True,False,False,2024-10-22,2024,-1,2024-10-22,191,38
2549,42245,42267,2024-10-22 11:04:00,2024-10-22 14:29:00,-1,23,-0.0046178207836573299,0.0098958076000042958,-0.0087204113684989024,0.014513628383661626,False,True,False,2024-10-22,2024,-1,2024-10-22,191,38
2550,42268,42276,2024-10-22 14:34:00,2024-10-23 09:49:00,1,9,-0.01234822573235044,0.0044756365091043349,-0.01234822573235044,0.016823862241454775,False,True,False,2024-10-23,2024,-1,2024-10-23,192,38
2551,42277,42285,2024-10-23 09:54:00,2024-10-23 10:34:00,-1,9,-0.0095699391811994317,0.0022373210753008767,-0.010463077301445904,0.011807260256500309,False,True,False,2024-10-23,2024,-1,2024-10-23,192,38
2552,42286,42306,2024-10-23 10:39:00,2024-10-23 13:54:00,1,21,0.0037195297700610059,0.018291352472120707,-0.00230757994673073,0.014571822702059702,False,False,False,2024-10-23,2024,1,2024-10-23,192,38
2553,42307,42331,2024-10-23 13:59:00,2024-10-24 10:34:00,-1,25,0.0051014050725185865,0.018778791945740888,-0.0013041304361065176,0.013677386873222301,False,False,False,2024-10-24,2024,1,2024-10-24,193,38
2554,42332,42346,2024-10-24 10:39:00,2024-10-24 13:24:00,1,15,-0.0081265569591944774,0.0036638814145957444,-0.0081265569591944774,0.011790438373790221,False,True,False,2024-10-24,2024,-1,2024-10-24,193,38
2555,42347,42367,2024-10-24 13:29:00,2024-10-25 09:44:00,-1,21,-0.0032544649651612845,0.0019803713767347869,-0.0043267306629798542,0.0052348363418960719,False,True,False,2024-10-25,2024,-1,2024-10-25,194,38
2556,42368,42373,2024-10-25 09:49:00,2024-10-25 10:14:00,1,6,-0.001963692781359471,0.0025715087080806103,-0.0025371636268676561,0.0045352014894400813,False,True,False,2024-10-25,2024,-1,2024-10-25,194,38
2557,42374,42375,2024-10-25 10:19:00,2024-10-25 10:24:00,-1,2,-0.0079231556302273524,0,-0.0079231556302273524,0.0079231556302273524,True,False,False,2024-10-25,2024,-1,2024-10-25,194,38
2558,42376,42396,2024-10-25 10:29:00,2024-10-25 13:44:00,1,21,0.010467491052046628,0.026500378156390551,-0.0020334302829920965,0.016032887104343925,False,False,False,2024-10-25,2024,1,2024-10-25,194,38
2559,42397,42420,2024-10-25 13:49:00,2024-10-28 10:19:00,-1,24,0.0070808538656994182,0.017357181771582259,-0.0013860851346830189,0.010276327905882841,False,False,False,2024-10-28,2024,1,2024-10-28,195,39
2560,42421,42436,2024-10-28 10:24:00,2024-10-28 13:14:00,1,16,-0.0066523033183401624,0.00093083498566128866,-0.0066523033183401624,0.0075831383040014513,False,True,False,2024-10-28,2024,-1,2024-10-28,195,39
2561,42437,42459,2024-10-28 13:19:00,2024-10-29 09:44:00,-1,23,-0.013391362760003994,0,-0.013391362760003994,0.013391362760003994,True,False,False,2024-10-29,2024,-1,2024-10-29,196,39
2562,42460,42477,2024-10-29 09:49:00,2024-10-29 11:14:00,1,18,-0.00019105366152124843,0.010402382305554722,-0.0089279093457910082,0.01059343596707597,False,True,False,2024-10-29,2024,-1,2024-10-29,196,39
2563,42478,42536,2024-10-29 11:19:00,2024-10-30 13:54:00,-1,59,0.041822270035744194,0.045572766881129684,-0.0022200020167339376,0.0037504968453854898,False,False,False,2024-10-30,2024,1,2024-10-30,197,39
2564,42537,42541,2024-10-30 13:59:00,2024-10-30 14:19:00,1,5,-0.0018577318979270479,0.0029526653007468915,-0.0020888777519893903,0.0048103971986739394,False,True,False,2024-10-30,2024,-1,2024-10-30,197,39
2565,42542,42546,2024-10-30 14:24:00,2024-10-30 14:44:00,-1,5,-0.010783240164168035,0,-0.010783240164168035,0.010783240164168035,True,False,False,2024-10-30,2024,-1,2024-10-30,197,39
2566,42547,42551,2024-10-30 14:49:00,2024-10-31 09:44:00,1,5,-0.014456367869817119,0.0018378254462916058,-0.014456367869817119,0.016294193316108724,False,True,False,2024-10-31,2024,-1,2024-10-31,198,39
2567,42552,42554,2024-10-31 09:49:00,2024-10-31 09:59:00,-1,3,-0.012719272126807594,0,-0.014310858899971701,0.012719272126807594,True,False,False,2024-10-31,2024,-1,2024-10-31,198,39
2568,42555,42574,2024-10-31 10:04:00,2024-10-31 13:14:00,1,20,0.0026512390570711396,0.015198222068707742,-0.0048213987765596015,0.012546983011636603,False,False,False,2024-10-31,2024,1,2024-10-31,198,39
2569,42575,42585,2024-10-31 13:19:00,2024-10-31 14:09:00,-1,11,-0.0088899581751560285,0.0044539331654925175,-0.0088899581751560285,0.013343891340648546,False,True,False,2024-10-31,2024,-1,2024-10-31,198,39
2570,42586,42595,2024-10-31 14:14:00,2024-10-31 14:59:00,1,10,-0.0027309328417384842,0.0063194604883726902,-0.0049624309370368625,0.0090503933301111748,False,True,False,2024-10-31,2024,-1,2024-10-31,198,39
2571,42596,42611,2024-11-01 09:39:00,2024-11-01 10:54:00,-1,16,0.010216712404048683,0.01953868953938338,0,0.009321977135334697,False,False,False,2024-11-01,2024,1,2024-11-01,199,39
2572,42612,42622,2024-11-01 10:59:00,2024-11-01 13:24:00,1,11,-0.0073560904079561585,0.0035591670416122373,-0.0073560904079561585,0.010915257449568396,False,True,False,2024-11-01,2024,-1,2024-11-01,199,39
2573,42623,42645,2024-11-01 13:29:00,2024-11-04 09:54:00,-1,23,0.0028818160648271252,0.012034399015706871,-0.00011552012951105506,0.0091525829508797459,False,False,False,2024-11-04,2024,1,2024-11-04,200,40
2574,42646,42668,2024-11-04 09:59:00,2024-11-04 13:24:00,1,23,-0.0032070921042770856,0.0054306570933408977,-0.0032070921042770856,0.0086377491976179829,False,True,False,2024-11-04,2024,-1,2024-11-04,200,40
2575,42669,42678,2024-11-04 13:29:00,2024-11-04 14:14:00,-1,10,-0.00099276556709516689,0.0027934752468314465,-0.0033545396816645266,0.0037862408139266134,False,True,False,2024-11-04,2024,-1,2024-11-04,200,40
2576,42679,42724,2024-11-04 14:19:00,2024-11-05 14:14:00,1,46,0.042065995163429973,0.051715449071294196,-0.00027449614294142513,0.0096494539078642236,False,False,False,2024-11-05,2024,1,2024-11-05,201,40
2577,42725,42730,2024-11-05 14:19:00,2024-11-05 14:44:00,-1,6,-0.0077832388719671596,0,-0.0077832388719671596,0.0077832388719671596,True,False,False,2024-11-05,2024,-1,2024-11-05,201,40
2578,42731,42749,2024-11-05 14:49:00,2024-11-06 10:54:00,1,19,0.0099628593941290255,0.018418522756626927,-0.0030173823987656753,0.0084556633624979019,False,False,False,2024-11-06,2024,1,2024-11-06,202,40
2579,42750,42758,2024-11-06 10:59:00,2024-11-06 13:14:00,-1,9,-0.0081696969172321485,0.01404856412467528,-0.0081696969172321485,0.022218261041907428,False,True,False,2024-11-06,2024,-1,2024-11-06,202,40
2580,42759,42775,2024-11-06 13:19:00,2024-11-06 14:39:00,1,17,-0.013293619047449651,0,-0.013293619047449651,0.013293619047449651,True,False,False,2024-11-06,2024,-1,2024-11-06,202,40
2581,42776,42782,2024-11-06 14:44:00,2024-11-07 09:49:00,-1,7,-0.00015989606789692905,0.0078462465824808494,-0.006028346416522579,0.0080061426503777785,False,True,False,2024-11-07,2024,-1,2024-11-07,203,40
2582,42783,42791,2024-11-07 09:54:00,2024-11-07 10:34:00,1,9,-0.0078752018404728164,0.0066132405756571672,-0.0078752018404728164,0.014488442416129984,False,True,False,2024-11-07,2024,-1,2024-11-07,203,40
2583,42792,42801,2024-11-07 10:39:00,2024-11-07 11:24:00,-1,10,-0.0080550543618901349,0,-0.0080550543618901349,0.0080550543618901349,True,False,False,2024-11-07,2024,-1,2024-11-07,203,40
2584,42802,42848,2024-11-07 11:29:00,2024-11-08 11:29:00,1,47,0.047270868323734026,0.064437982569236843,-0.0011196082541063503,0.017167114245502817,False,False,False,2024-11-08,2024,1,2024-11-08,204,40
2585,42849,42855,2024-11-08 13:09:00,2024-11-08 13:39:00,-1,7,-0.0011333820281681495,0.011337566157435825,-0.0026267217265197916,0.012470948185603974,False,True,False,2024-11-08,2024,-1,2024-11-08,204,40
2586,42856,42862,2024-11-08 13:44:00,2024-11-08 14:14:00,1,7,-0.0073277198858612592,0,-0.0093818379615755974,0.0073277198858612592,True,False,False,2024-11-08,2024,-1,2024-11-08,204,40
2587,42863,42874,2024-11-08 14:19:00,2024-11-11 09:49:00,-1,12,-0.014403668520220864,0.016669308683269903,-0.016914667253048524,0.031072977203490768,False,True,False,2024-11-11,2024,-1,2024-11-11,205,41
2588,42875,42883,2024-11-11 09:54:00,2024-11-11 10:34:00,1,9,-0.0054780635893689226,0.01103519112750815,-0.0082665100055528372,0.016513254716877073,False,True,False,2024-11-11,2024,-1,2024-11-11,205,41
2589,42884,42891,2024-11-11 10:39:00,2024-11-11 11:14:00,-1,8,-0.0094022637407132816,0.0070670998214946313,-0.0094022637407132816,0.016469363562207913,False,True,False,2024-11-11,2024,-1,2024-11-11,205,41
2590,42892,42929,2024-11-11 11:19:00,2024-11-12 10:34:00,1,38,0.0062973859598759886,0.016924795002176505,-0.0011963808555366289,0.010627409042300516,False,False,False,2024-11-12,2024,1,2024-11-12,206,41
2591,42930,42942,2024-11-12 10:39:00,2024-11-12 13:14:00,-1,13,-0.0015705047538678715,0.0061185228696806482,-0.0015705047538678715,0.0076890276235485194,False,True,False,2024-11-12,2024,-1,2024-11-12,206,41
2592,42943,42946,2024-11-12 13:19:00,2024-11-12 13:34:00,1,4,-0.009997877193460793,0,-0.009997877193460793,0.009997877193460793,True,False,False,2024-11-12,2024,-1,2024-11-12,206,41
2593,42947,42967,2024-11-12 13:39:00,2024-11-13 09:54:00,-1,21,0.0055441115347292982,0.017742876861385315,-0.001376527597052033,0.012198765326656017,False,False,False,2024-11-13,2024,1,2024-11-13,207,41
2594,42968,42975,2024-11-13 09:59:00,2024-11-13 10:34:00,1,8,-0.0079151185446710848,0.0023784604292325867,-0.0079151185446710848,0.010293578973903671,False,True,False,2024-11-13,2024,-1,2024-11-13,207,41
2595,42976,42982,2024-11-13 10:39:00,2024-11-13 11:09:00,-1,7,-0.0055595167297526997,0.0045045552931433286,-0.0055595167297526997,0.010064072022896029,False,True,False,2024-11-13,2024,-1,2024-11-13,207,41
2596,42983,42991,2024-11-13 11:14:00,2024-11-13 13:29:00,1,9,-0.0037060897486824928,0.00065594655912343421,-0.005521267035745573,0.0043620363078059271,False,True,False,2024-11-13,2024,-1,2024-11-13,207,41
2597,42992,42999,2024-11-13 13:34:00,2024-11-13 14:09:00,-1,8,-0.0069720497955148434,0.0037390370845860675,-0.0069720497955148434,0.01071108688010091,False,True,False,2024-11-13,2024,-1,2024-11-13,207,41
2598,43000,43020,2024-11-13 14:14:00,2024-11-14 10:29:00,1,21,-0.00052145800837450468,0.0066507571346636363,-0.0021159611081084198,0.0071722151430381412,False,True,False,2024-11-14,2024,-1,2024-11-14,208,41
2599,43021,43063,2024-11-14 10:34:00,2024-11-15 10:14:00,-1,43,0.026221339628126741,0.041772379292018567,-0.00082472667830711752,0.015551039663891826,False,False,False,2024-11-15,2024,1,2024-11-15,209,41
2600,43064,43069,2024-11-15 10:19:00,2024-11-15 10:44:00,1,6,-0.010255195412074368,0,-0.010481445320818128,0.010255195412074368,True,False,False,2024-11-15,2024,-1,2024-11-15,209,41
2601,43070,43083,2024-11-15 10:49:00,2024-11-15 13:29:00,-1,14,-0.00080621378862947776,0.0063841235918905091,-0.0013760703574011049,0.0071903373805199868,False,True,False,2024-11-15,2024,-1,2024-11-15,209,41
2602,43084,43088,2024-11-15 13:34:00,2024-11-15 13:54:00,1,5,-0.0072101352443312318,0.001639916113168254,-0.0072101352443312318,0.008850051357499486,False,True,False,2024-11-15,2024,-1,2024-11-15,209,41
2603,43089,43110,2024-11-15 13:59:00,2024-11-18 10:19:00,-1,22,0.021280059480367271,0.039927357540939318,0,0.018647298060572047,False,False,False,2024-11-18,2024,1,2024-11-18,210,42
2604,43111,43121,2024-11-18 10:24:00,2024-11-18 11:14:00,1,11,0.0010409877183811043,0.0083578848791566185,-0.0018015469833474445,0.0073168971607755137,False,False,False,2024-11-18,2024,1,2024-11-18,210,42
2605,43122,43149,2024-11-18 11:19:00,2024-11-19 09:44:00,-1,28,0.0051548855053954214,0.026884495414724853,-0.0011912575231381164,0.021729609909329432,False,False,False,2024-11-19,2024,1,2024-11-19,211,42
2606,43150,43157,2024-11-19 09:49:00,2024-11-19 10:24:00,1,8,-0.014337676326108176,0,-0.014337676326108176,0.014337676326108176,True,False,False,2024-11-19,2024,-1,2024-11-19,211,42
2607,43158,43183,2024-11-19 10:29:00,2024-11-19 14:09:00,-1,26,-0.0058846957637967122,0.0094694247220266699,-0.0058846957637967122,0.015354120485823382,False,True,False,2024-11-19,2024,-1,2024-11-19,211,42
2608,43184,43199,2024-11-19 14:14:00,2024-11-20 10:04:00,1,16,0.014173385552805826,0.022918302419600876,0,0.0087449168667950508,False,False,False,2024-11-20,2024,1,2024-11-20,212,42
2609,43200,43213,2024-11-20 10:09:00,2024-11-20 11:14:00,-1,14,-0.0055171998275325524,0.0022235258094765778,-0.0063602178819148559,0.0077407256370091299,False,True,False,2024-11-20,2024,-1,2024-11-20,212,42
2610,43214,43225,2024-11-20 11:19:00,2024-11-20 13:49:00,1,12,0.0042379949515935532,0.011132581339834647,0,0.0068945863882410941,False,False,False,2024-11-20,2024,1,2024-11-20,212,42
2611,43226,43235,2024-11-20 13:54:00,2024-11-20 14:39:00,-1,10,-0.0041802869344927593,0.0045392451421533316,-0.0041802869344927593,0.0087195320766460908,False,True,False,2024-11-20,2024,-1,2024-11-20,212,42
2612,43236,43275,2024-11-20 14:44:00,2024-11-21 14:09:00,1,40,0.0078838562049292835,0.013930514508309445,-0.0038704062360810686,0.0060466583033801612,False,False,False,2024-11-21,2024,1,2024-11-21,213,42
2613,43276,43284,2024-11-21 14:14:00,2024-11-21 14:54:00,-1,9,0.00051377815794564495,0.0091390990001770436,0,0.008625320842231398,False,False,False,2024-11-21,2024,1,2024-11-21,213,42
2614,43285,43295,2024-11-21 14:59:00,2024-11-22 10:24:00,1,11,9.8823994546211715e-05,0.0052832468903491331,-0.0010679219058856216,0.0051844228958029216,False,False,False,2024-11-22,2024,1,2024-11-22,214,42
2615,43296,43372,2024-11-22 10:29:00,2024-11-25 14:34:00,-1,77,0.064088665982683951,0.07246815998106787,0,0.008379493998383919,False,False,False,2024-11-25,2024,1,2024-11-25,215,43
2616,43373,43390,2024-11-25 14:39:00,2024-11-26 10:39:00,1,18,0.0099176792617629052,0.018559644237650778,0,0.0086419649758878725,False,False,False,2024-11-26,2024,1,2024-11-26,216,43
2617,43391,43433,2024-11-26 10:44:00,2024-11-27 10:24:00,-1,43,0.0070034675340341765,0.017065476016970636,-0.0013864928648395993,0.010062008482936459,False,False,False,2024-11-27,2024,1,2024-11-27,217,43
2618,43434,43453,2024-11-27 10:29:00,2024-11-27 13:39:00,1,20,0.017680777955535291,0.027335940370450264,0,0.0096551624149149723,False,False,False,2024-11-27,2024,1,2024-11-27,217,43
2619,43454,43462,2024-11-27 13:44:00,2024-11-27 14:24:00,-1,9,-0.0072193569346202932,0,-0.0072193569346202932,0.0072193569346202932,True,False,False,2024-11-27,2024,-1,2024-11-27,217,43
2620,43463,43490,2024-11-27 14:29:00,2024-11-28 11:19:00,1,28,0.014799263161274678,0.024635128039328727,0,0.0098358648780540493,False,False,False,2024-11-28,2024,1,2024-11-28,218,43
2621,43491,43500,2024-11-28 11:24:00,2024-11-28 13:44:00,-1,10,-0.0056481114253492766,0.0011516548733173789,-0.0056481114253492766,0.0067997662986666553,False,True,False,2024-11-28,2024,-1,2024-11-28,218,43
2622,43501,43509,2024-11-28 13:49:00,2024-11-28 14:29:00,1,9,-0.0058399618230177046,0.0013143177222956987,-0.0058399618230177046,0.0071542795453134033,False,True,False,2024-11-28,2024,-1,2024-11-28,218,43
2623,43510,43519,2024-11-28 14:34:00,2024-11-29 09:54:00,-1,10,0.0039461353835271813,0.0079587984168565003,0,0.004012663033329319,False,False,False,2024-11-29,2024,1,2024-11-29,219,43
2624,43520,43522,2024-11-29 09:59:00,2024-11-29 10:09:00,1,3,-0.0029851071522319235,0,-0.0041042786752374504,0.0029851071522319235,True,False,False,2024-11-29,2024,-1,2024-11-29,219,43
2625,43523,43534,2024-11-29 10:14:00,2024-11-29 11:09:00,-1,12,-0.010378930860675317,0.0047702622361104601,-0.010378930860675317,0.015149193096785777,False,True,False,2024-11-29,2024,-1,2024-11-29,219,43
2626,43535,43554,2024-11-29 11:14:00,2024-11-29 14:24:00,1,20,0.010342037125496613,0.026172094374566759,-0.001530838634370449,0.015830057249070148,False,False,False,2024-11-29,2024,1,2024-11-29,219,43
2627,43555,43565,2024-11-29 14:29:00,2024-12-02 09:54:00,-1,11,-0.013592327021653477,3.9841034278273457e-05,-0.013592327021653477,0.013632168055931751,False,True,False,2024-12-02,2024,-1,2024-12-02,220,44
2628,43566,43582,2024-12-02 09:59:00,2024-12-02 11:19:00,1,17,-0.0031294309904287328,0.00291395223039946,-0.0045201489136794133,0.0060433832208281928,False,True,False,2024-12-02,2024,-1,2024-12-02,220,44
2629,43583,43593,2024-12-02 11:24:00,2024-12-02 13:49:00,-1,11,-0.0016545044693611092,0.0038711891996523634,-0.0016545044693611092,0.005525693669013473,False,True,False,2024-12-02,2024,-1,2024-12-02,220,44
2630,43594,43602,2024-12-02 13:54:00,2024-12-02 14:34:00,1,9,-0.0051992244308927587,0.0024570036930519758,-0.0051992244308927587,0.007656228123944734,False,True,False,2024-12-02,2024,-1,2024-12-02,220,44
2631,43603,43608,2024-12-02 14:39:00,2024-12-03 09:39:00,-1,6,-0.001986196100518475,0.0016730440923276219,-0.004953191707299489,0.003659240192846097,False,True,False,2024-12-03,2024,-1,2024-12-03,221,44
2632,43609,43614,2024-12-03 09:44:00,2024-12-03 10:09:00,1,6,-0.0045017712056985432,0.003114622504669891,-0.0045017712056985432,0.0076163937103684342,False,True,False,2024-12-03,2024,-1,2024-12-03,221,44
2633,43615,43627,2024-12-03 10:14:00,2024-12-03 11:14:00,-1,13,-0.0001388186534835898,0.0054589250552408786,-0.000396573609258392,0.0055977437087244685,False,True,False,2024-12-03,2024,-1,2024-12-03,221,44
2634,43628,43634,2024-12-03 11:19:00,2024-12-03 13:24:00,1,7,-0.004212791636847471,0.00067398805231479999,-0.0046509862819502541,0.0048867796891622715,False,True,False,2024-12-03,2024,-1,2024-12-03,221,44
2635,43635,43643,2024-12-03 13:29:00,2024-12-03 14:09:00,-1,9,-0.0080820340461275272,0.0060120221429846464,-0.0080820340461275272,0.014094056189112174,False,True,False,2024-12-03,2024,-1,2024-12-03,221,44
2636,43644,43654,2024-12-03 14:14:00,2024-12-04 09:39:00,1,11,0.0031063122510966339,0.0031063122510966339,-0.006251661293101147,0,False,False,False,2024-12-04,2024,1,2024-12-04,222,44
2637,43655,43656,2024-12-04 09:44:00,2024-12-04 09:49:00,-1,2,-0.00089558561042409578,0,-0.0026745345342941282,0.00089558561042409578,True,False,False,2024-12-04,2024,-1,2024-12-04,222,44
2638,43657,43664,2024-12-04 09:54:00,2024-12-04 10:29:00,1,8,-0.0090914208883129261,0,-0.0093495571459763921,0.0090914208883129261,True,False,False,2024-12-04,2024,-1,2024-12-04,222,44
2639,43665,43675,2024-12-04 10:34:00,2024-12-04 11:24:00,-1,11,-0.012851986556850901,0.002305728567998354,-0.012851986556850901,0.015157715124849255,False,True,False,2024-12-04,2024,-1,2024-12-04,222,44
2640,43676,43681,2024-12-04 11:29:00,2024-12-04 13:29:00,1,6,-0.010591179834784473,0,-0.012177175825570465,0.010591179834784473,True,False,False,2024-12-04,2024,-1,2024-12-04,222,44
2641,43682,43713,2024-12-04 13:34:00,2024-12-05 10:44:00,-1,32,0.0075559847676108256,0.014948289600998605,0,0.0073923048333877795,False,False,False,2024-12-05,2024,1,2024-12-05,223,44
2642,43714,43724,2024-12-05 10:49:00,2024-12-05 13:14:00,1,11,-0.0030684835094847924,0.0029993993797880437,-0.0030684835094847924,0.0060678828892728361,False,True,False,2024-12-05,2024,-1,2024-12-05,223,44
2643,43725,43732,2024-12-05 13:19:00,2024-12-05 13:54:00,-1,8,-0.0061375294330914083,0,-0.0061375294330914083,0.0061375294330914083,True,False,False,2024-12-05,2024,-1,2024-12-05,223,44
2644,43733,43735,2024-12-05 13:59:00,2024-12-05 14:09:00,1,3,-0.0075800685516501445,0,-0.0075800685516501445,0.0075800685516501445,True,False,False,2024-12-05,2024,-1,2024-12-05,223,44
2645,43736,43745,2024-12-05 14:14:00,2024-12-05 14:59:00,-1,10,-0.0043912585631075253,5.012556454967506e-05,-0.0043912585631075253,0.0044413841276572004,False,True,False,2024-12-05,2024,-1,2024-12-05,223,44
2646,43746,43749,2024-12-06 09:39:00,2024-12-06 09:54:00,1,4,-0.0057856860957535144,0.00083804739872374626,-0.0057856860957535144,0.0066237334944772609,False,True,False,2024-12-06,2024,-1,2024-12-06,224,44
2647,43750,43759,2024-12-06 09:59:00,2024-12-06 10:44:00,-1,10,-0.0081284597139897104,0,-0.0081284597139897104,0.0081284597139897104,True,False,False,2024-12-06,2024,-1,2024-12-06,224,44
2648,43760,43772,2024-12-06 10:49:00,2024-12-06 13:24:00,1,13,0.012232447370816147,0.017549678071315085,0,0.0053172307004989375,False,False,False,2024-12-06,2024,1,2024-12-06,224,44
2649,43773,43829,2024-12-06 13:29:00,2024-12-09 14:19:00,-1,57,0.015573813057334183,0.019116863784155124,-0.00015737188977105675,0.003543050726820941,False,False,False,2024-12-09,2024,1,2024-12-09,225,45
2650,43830,43856,2024-12-09 14:24:00,2024-12-10 11:09:00,1,27,0.022709279397614811,0.036395832407640064,-1.9982016186051834e-05,0.013686553010025252,False,False,False,2024-12-10,2024,1,2024-12-10,226,45
2651,43857,43895,2024-12-10 11:14:00,2024-12-11 10:34:00,-1,39,0.013114232953548183,0.017984766981540896,-0.0020878667447713317,0.0048705340279927133,False,False,False,2024-12-11,2024,1,2024-12-11,227,45
2652,43896,43909,2024-12-11 10:39:00,2024-12-11 13:19:00,1,14,0.00093963123917269447,0.0051226232406135783,-0.0023479886948133601,0.0041829920014408838,False,False,False,2024-12-11,2024,1,2024-12-11,227,45
2653,43910,43924,2024-12-11 13:24:00,2024-12-11 14:34:00,-1,15,0.0019296715156727851,0.0070937411470000013,0,0.0051640696313272165,False,False,False,2024-12-11,2024,1,2024-12-11,227,45
2654,43925,43929,2024-12-11 14:39:00,2024-12-11 14:59:00,1,5,-0.0026084944544859335,0,-0.0046564124582282318,0.0026084944544859335,True,False,False,2024-12-11,2024,-1,2024-12-11,227,45
2655,43930,43951,2024-12-12 09:39:00,2024-12-12 11:24:00,-1,22,-0.0021131065060598698,0.0072561591783953123,-0.0023112911355092306,0.0093692656844551817,False,True,False,2024-12-12,2024,-1,2024-12-12,228,45
2656,43952,43979,2024-12-12 11:29:00,2024-12-13 09:54:00,1,28,-0.0093492588821416089,0.0027413681444663548,-0.0093492588821416089,0.012090627026607964,False,True,False,2024-12-13,2024,-1,2024-12-13,229,45
2657,43980,44008,2024-12-13 09:59:00,2024-12-13 13:54:00,-1,29,0.0010609124841583946,0.0075307609498671416,-0.0017989750696570251,0.006469848465708747,False,False,False,2024-12-13,2024,1,2024-12-13,229,45
2658,44009,44015,2024-12-13 13:59:00,2024-12-13 14:29:00,1,7,-0.0022356011095582299,0.0050642123124365578,-0.0022356011095582299,0.0072998134219947877,False,True,False,2024-12-13,2024,-1,2024-12-13,229,45
2659,44016,44073,2024-12-13 14:34:00,2024-12-17 10:04:00,-1,58,0.018343005373298645,0.024814059576151713,0,0.0064710542028530681,False,False,False,2024-12-17,2024,1,2024-12-17,231,46
2660,44074,44080,2024-12-17 10:09:00,2024-12-17 10:39:00,1,7,-0.0050111549027774165,0,-0.0050111549027774165,0.0050111549027774165,True,False,False,2024-12-17,2024,-1,2024-12-17,231,46
2661,44081,44097,2024-12-17 10:44:00,2024-12-17 13:39:00,-1,17,-0.00052381026941395077,0.0076728301681046034,-0.00052381026941395077,0.0081966404375185542,False,True,False,2024-12-17,2024,-1,2024-12-17,231,46
2662,44098,44105,2024-12-17 13:44:00,2024-12-17 14:19:00,1,8,-0.0059939622081476868,0,-0.0059939622081476868,0.0059939622081476868,True,False,False,2024-12-17,2024,-1,2024-12-17,231,46
2663,44106,44118,2024-12-17 14:24:00,2024-12-18 09:59:00,-1,13,-0.0026100382594869483,0.0019749467445092503,-0.0026100382594869483,0.004584985003996199,False,True,False,2024-12-18,2024,-1,2024-12-18,232,46
2664,44119,44149,2024-12-18 10:04:00,2024-12-18 14:09:00,1,31,0.0092605123827632467,0.012623470060600059,-0.00078332753278791004,0.0033629576778368125,False,False,False,2024-12-18,2024,1,2024-12-18,232,46
2665,44150,44154,2024-12-18 14:14:00,2024-12-18 14:34:00,-1,5,-0.0026301854252569032,0,-0.0028439661379608011,0.0026301854252569032,True,False,False,2024-12-18,2024,-1,2024-12-18,232,46
2666,44155,44156,2024-12-18 14:39:00,2024-12-18 14:44:00,1,2,-0.0047454637291870268,0,-0.0047454637291870268,0.0047454637291870268,True,False,False,2024-12-18,2024,-1,2024-12-18,232,46
2667,44157,44176,2024-12-18 14:49:00,2024-12-19 10:59:00,-1,20,-0.002605139213641279,0.0067229041504804831,-0.0033394809399105796,0.0093280433641217617,False,True,False,2024-12-19,2024,-1,2024-12-19,233,46
2668,44177,44207,2024-12-19 11:04:00,2024-12-20 09:44:00,1,31,0.012934928796376755,0.016734844905185176,-0.0035467010476068145,0.003799916108808421,False,False,False,2024-12-20,2024,1,2024-12-20,234,46
2669,44208,44210,2024-12-20 09:49:00,2024-12-20 09:59:00,-1,3,-0.0089439397813872671,0,-0.0089439397813872671,0.0089439397813872671,True,False,False,2024-12-20,2024,-1,2024-12-20,234,46
2670,44211,44236,2024-12-20 10:04:00,2024-12-20 13:44:00,1,26,0.012784891990243359,0.019346672670741093,0,0.0065617806804977342,False,False,False,2024-12-20,2024,1,2024-12-20,234,46
2671,44237,44250,2024-12-20 13:49:00,2024-12-20 14:54:00,-1,14,0.0030104004850074208,0.0075281671228230231,0,0.0045177666378156019,False,False,False,2024-12-20,2024,1,2024-12-20,234,46
2672,44251,44260,2024-12-20 14:59:00,2024-12-23 10:19:00,1,10,0.0031976341087717932,0.011968071161912258,-0.0020284885815319482,0.008770437053140465,False,False,False,2024-12-23,2024,1,2024-12-23,235,47
2673,44261,44282,2024-12-23 10:24:00,2024-12-23 13:44:00,-1,22,0.0056818615400203599,0.010280575451518514,0,0.0045987139114981538,False,False,False,2024-12-23,2024,1,2024-12-23,235,47
2674,44283,44288,2024-12-23 13:49:00,2024-12-23 14:14:00,1,6,-0.0063025209864522418,0.0011092624542857557,-0.0063025209864522418,0.0074117834407379972,False,True,False,2024-12-23,2024,-1,2024-12-23,235,47
2675,44289,44304,2024-12-23 14:19:00,2024-12-24 10:09:00,-1,16,-0.00017948487888110992,0.0063826385408632721,-0.00017948487888110992,0.006562123419744382,False,True,False,2024-12-24,2024,-1,2024-12-24,236,47
2676,44305,44311,2024-12-24 10:14:00,2024-12-24 10:44:00,1,7,-0.0058096968085390981,0.00033893912379744068,-0.0058096968085390981,0.0061486359323365391,False,True,False,2024-12-24,2024,-1,2024-12-24,236,47
2677,44312,44317,2024-12-24 10:49:00,2024-12-24 11:14:00,-1,6,-0.0054706427660604004,0.0044122670091387602,-0.0054706427660604004,0.0098829097751991606,False,True,False,2024-12-24,2024,-1,2024-12-24,236,47
2678,44318,44360,2024-12-24 11:19:00,2024-12-25 10:59:00,1,43,0.014623950599247563,0.021441691309916001,-0.0015171783398530135,0.0068177407106684382,False,False,False,2024-12-25,2024,1,2024-12-25,237,47
2679,44361,44372,2024-12-25 11:04:00,2024-12-25 13:34:00,-1,12,0.0011801848358890007,0.0074288169984093183,0,0.0062486321625203171,False,False,False,2024-12-25,2024,1,2024-12-25,237,47
2680,44373,44385,2024-12-25 13:39:00,2024-12-25 14:39:00,1,13,-0.0025717213659585346,0.005006194565187104,-0.0025717213659585346,0.0075779159311456391,False,True,False,2024-12-25,2024,-1,2024-12-25,237,47
2681,44386,44393,2024-12-25 14:44:00,2024-12-26 09:54:00,-1,8,-0.0077345682709709356,5.9197868894038028e-05,-0.0077345682709709356,0.0077937661398649735,False,True,False,2024-12-26,2024,-1,2024-12-26,238,47
2682,44394,44398,2024-12-26 09:59:00,2024-12-26 10:19:00,1,5,-0.005290783920809939,0.0022980085898203274,-0.005290783920809939,0.007588792510630266,False,True,False,2024-12-26,2024,-1,2024-12-26,238,47
2683,44399,44404,2024-12-26 10:24:00,2024-12-26 10:49:00,-1,6,-0.0042721047851839982,0,-0.0053984681711134602,0.0042721047851839982,True,False,False,2024-12-26,2024,-1,2024-12-26,238,47
2684,44405,44425,2024-12-26 10:54:00,2024-12-26 14:09:00,1,21,0.0041173048291661589,0.0094028374367587323,-0.00053914434199653209,0.0052855326075925734,False,False,False,2024-12-26,2024,1,2024-12-26,238,47
2685,44426,44431,2024-12-26 14:14:00,2024-12-26 14:39:00,-1,6,-0.0034100795928241191,0,-0.0034100795928241633,0.0034100795928241191,True,False,False,2024-12-26,2024,-1,2024-12-26,238,47
2686,44432,44461,2024-12-26 14:44:00,2024-12-27 13:19:00,1,30,0.0059833092422459733,0.014225458022617255,-0.0021811108938838168,0.0082421487803712827,False,False,False,2024-12-27,2024,1,2024-12-27,239,47
2687,44462,44480,2024-12-27 13:24:00,2024-12-27 14:54:00,-1,19,0.011885218393486744,0.016464847573608041,-0.0017774176103523564,0.0045796291801212963,False,False,False,2024-12-27,2024,1,2024-12-27,239,47
2688,44481,44483,2024-12-27 14:59:00,2024-12-30 09:44:00,1,3,-0.0084597636484771942,0,-0.0084597636484771942,0.0084597636484771942,True,False,False,2024-12-30,2024,-1,2024-12-30,240,48
2689,44484,44487,2024-12-30 09:49:00,2024-12-30 10:04:00,-1,4,-0.011019908883904486,0,-0.011019908883904486,0.011019908883904486,True,False,False,2024-12-30,2024,-1,2024-12-30,240,48
2690,44488,44497,2024-12-30 10:09:00,2024-12-30 10:54:00,1,10,-0.0031669413705508369,0.0043722408455754329,-0.0036957413985412831,0.0075391822161262698,False,True,False,2024-12-30,2024,-1,2024-12-30,240,48
2691,44498,44512,2024-12-30 10:59:00,2024-12-30 13:44:00,-1,15,0.00039167687159218117,0.0047397871931715071,-0.0026886335947874768,0.0043481103215793262,False,False,False,2024-12-30,2024,1,2024-12-30,240,48
2692,44513,44529,2024-12-30 13:49:00,2024-12-31 09:44:00,1,17,-0.0061793782476186861,0.0032950891963012523,-0.0061793782476186861,0.0094744674439199393,False,True,False,2024-12-31,2024,-1,2024-12-31,241,48
2693,44530,44571,2024-12-31 09:49:00,2024-12-31 14:49:00,-1,42,0.017626550534503516,0.02249278911147495,0,0.0048662385769714343,False,False,False,2024-12-31,2024,1,2024-12-31,241,48
2694,44572,44574,2024-12-31 14:54:00,2025-01-02 09:39:00,1,3,-0.018627225355571566,0,-0.018627225355571566,0.018627225355571566,True,False,False,2025-01-02,2025,-1,2025-01-02,0,0
2695,44575,44620,2025-01-02 09:44:00,2025-01-03 09:39:00,-1,46,0.025804477839508989,0.033213634215551742,-0.0039161745017123935,0.0074091563760427526,False,False,False,2025-01-03,2025,1,2025-01-03,1,0
2696,44621,44626,2025-01-03 09:44:00,2025-01-03 10:09:00,1,6,-0.0031611198404703643,0.0025238126088289983,-0.0042135410323362824,0.0056849324492993627,False,True,False,2025-01-03,2025,-1,2025-01-03,1,0
2697,44627,44630,2025-01-03 10:14:00,2025-01-03 10:29:00,-1,4,-0.0082545538519411543,5.2594762625720425e-05,-0.0082545538519411543,0.0083071486145668751,False,True,False,2025-01-03,2025,-1,2025-01-03,1,0
2698,44631,44645,2025-01-03 10:34:00,2025-01-03 13:19:00,1,15,-0.0075395395737690813,0.0038420938232083049,-0.0075395395737690813,0.011381633396977387,False,True,False,2025-01-03,2025,-1,2025-01-03,1,0
2699,44646,44674,2025-01-03 13:24:00,2025-01-06 10:19:00,-1,29,0.0047834882066471055,0.014419662060572217,-0.0025509548415548469,0.0096361738539251125,False,False,False,2025-01-06,2025,1,2025-01-06,2,0
2700,44675,44681,2025-01-06 10:24:00,2025-01-06 10:54:00,1,7,-0.0074311952500031682,0,-0.0077611000594955595,0.0074311952500031682,True,False,False,2025-01-06,2025,-1,2025-01-06,2,0
2701,44682,44711,2025-01-06 10:59:00,2025-01-06 14:59:00,-1,30,0.0010646000238979918,0.0092679861884039962,-0.0045119483727909951,0.0082033861645060043,False,False,False,2025-01-06,2025,1,2025-01-06,2,0
2702,44712,44726,2025-01-07 09:39:00,2025-01-07 10:49:00,1,15,0.0042516167018273685,0.0097729279156823952,0,0.0055213112138550267,False,False,False,2025-01-07,2025,1,2025-01-07,3,0
2703,44727,44735,2025-01-07 10:54:00,2025-01-07 13:09:00,-1,9,-0.001494396293053588,0.0018578584772613437,-0.0031768918620384253,0.0033522547703149315,False,True,False,2025-01-07,2025,-1,2025-01-07,3,0
2704,44736,44760,2025-01-07 13:14:00,2025-01-08 09:49:00,1,25,0.01433184896773562,0.022234891162212,-0.001833861214735853,0.0079030421944763802,False,False,False,2025-01-08,2025,1,2025-01-08,4,0
2705,44761,44787,2025-01-08 09:54:00,2025-01-08 13:39:00,-1,27,0.01017836511943691,0.020045907465817026,-0.0025753458887494991,0.0098675423463801155,False,False,False,2025-01-08,2025,1,2025-01-08,4,0
2706,44788,44800,2025-01-08 13:44:00,2025-01-08 14:44:00,1,13,0.020181824548007449,0.028262863773392113,0,0.008081039225384664,False,False,False,2025-01-08,2025,1,2025-01-08,4,0
2707,44801,44820,2025-01-08 14:49:00,2025-01-09 10:59:00,-1,20,-0.0020960147270236355,0.0036241678204505159,-0.0028692943473667409,0.0057201825474741518,False,True,False,2025-01-09,2025,-1,2025-01-09,5,1
2708,44821,44838,2025-01-09 11:04:00,2025-01-09 14:04:00,1,18,-0.0048802776873108772,0.0018033898302044662,-0.0048802776873108772,0.0066836675175153439,False,True,False,2025-01-09,2025,-1,2025-01-09,5,1
2709,44839,44845,2025-01-09 14:09:00,2025-01-09 14:39:00,-1,7,-0.00279459893101587,0.0038215548710696704,-0.00279459893101587,0.00661615380208554,False,True,False,2025-01-09,2025,-1,2025-01-09,5,1
2710,44846,44850,2025-01-09 14:44:00,2025-01-10 09:39:00,1,5,-0.0029915503313029854,0,-0.0047347052597637154,0.0029915503313029854,True,False,False,2025-01-10,2025,-1,2025-01-10,6,1
2711,44851,44852,2025-01-10 09:44:00,2025-01-10 09:49:00,-1,2,-0.008177048773216497,0,-0.008177048773216497,0.008177048773216497,True,False,False,2025-01-10,2025,-1,2025-01-10,6,1
2712,44853,44868,2025-01-10 09:54:00,2025-01-10 11:09:00,1,16,-0.0010493612205490052,0.0046983119190811343,-0.0020792168228433664,0.0057476731396301391,False,True,False,2025-01-10,2025,-1,2025-01-10,6,1
2713,44869,44879,2025-01-10 11:14:00,2025-01-10 13:39:00,-1,11,0.0080922728298901819,0.012814512495234704,0,0.0047222396653445221,False,False,False,2025-01-10,2025,1,2025-01-10,6,1
2714,44880,44884,2025-01-10 13:44:00,2025-01-10 14:04:00,1,5,-0.0030658771371332456,6.2259393406126091e-05,-0.0030658771371332456,0.0031281365305393717,False,True,False,2025-01-10,2025,-1,2025-01-10,6,1
2715,44885,44901,2025-01-10 14:09:00,2025-01-13 10:04:00,-1,17,0.012137100719734974,0.019454619201895965,0,0.0073175184821609902,False,False,False,2025-01-13,2025,1,2025-01-13,7,1
2716,44902,44905,2025-01-13 10:09:00,2025-01-13 10:24:00,1,4,-0.0016449453285248446,0,-0.0070097820930881717,0.0016449453285248446,True,False,False,2025-01-13,2025,-1,2025-01-13,7,1
2717,44906,44912,2025-01-13 10:29:00,2025-01-13 10:59:00,-1,7,-0.0025295656313795586,0.0028216812469489976,-0.0056510702706337656,0.0053512468783285562,False,True,False,2025-01-13,2025,-1,2025-01-13,7,1
2718,44913,44920,2025-01-13 11:04:00,2025-01-13 13:14:00,1,8,-0.0098379137527668248,0.0020295607658605483,-0.0098379137527668248,0.011867474518627373,False,True,False,2025-01-13,2025,-1,2025-01-13,7,1
2719,44921,44941,2025-01-13 13:19:00,2025-01-13 14:59:00,-1,21,-0.011804441363166721,0,-0.011804441363166721,0.011804441363166721,True,False,False,2025-01-13,2025,-1,2025-01-13,7,1
2720,44942,44966,2025-01-14 09:39:00,2025-01-14 13:14:00,1,25,0.024337656626171517,0.029318566656500417,-0.0033253737484804802,0.0049809100303289007,False,False,False,2025-01-14,2025,1,2025-01-14,8,1
2721,44967,44969,2025-01-14 13:19:00,2025-01-14 13:29:00,-1,3,-0.00088139142557294866,0,-0.0022224848735029508,0.00088139142557294866,True,False,False,2025-01-14,2025,-1,2025-01-14,8,1
2722,44970,44984,2025-01-14 13:34:00,2025-01-14 14:44:00,1,15,0.00027655575591476638,0.0072063923826453311,-0.00027663226015914609,0.006929836626730565,False,False,False,2025-01-14,2025,1,2025-01-14,8,1
2723,44985,44997,2025-01-14 14:49:00,2025-01-15 10:24:00,-1,13,-0.010402168098275745,0.0015066186442102216,-0.010402168098275745,0.011908786742485966,False,True,False,2025-01-15,2025,-1,2025-01-15,9,1
2724,44998,45012,2025-01-15 10:29:00,2025-01-15 13:14:00,1,15,-0.0037062841022908813,0.001053527387852758,-0.0041641758748534874,0.0047598114901436393,False,True,False,2025-01-15,2025,-1,2025-01-15,9,1
2725,45013,45035,2025-01-15 13:19:00,2025-01-16 09:44:00,-1,23,-0.0063784586548166246,0.0072593191210934349,-0.0063784586548166246,0.013637777775910059,False,True,False,2025-01-16,2025,-1,2025-01-16,10,2
2726,45036,45039,2025-01-16 09:49:00,2025-01-16 10:04:00,1,4,-0.020093790495208531,0,-0.020093790495208531,0.020093790495208531,True,False,False,2025-01-16,2025,-1,2025-01-16,10,2
2727,45040,45071,2025-01-16 10:09:00,2025-01-16 14:19:00,-1,32,0.0048798740400627458,0.015140861715151548,-0.0079407483763657277,0.010260987675088802,False,False,False,2025-01-16,2025,1,2025-01-16,10,2
2728,45072,45080,2025-01-16 14:24:00,2025-01-17 09:39:00,1,9,-0.011099008737509514,0,-0.011099008737509514,0.011099008737509514,True,False,False,2025-01-17,2025,-1,2025-01-17,11,2
2729,45081,45089,2025-01-17 09:44:00,2025-01-17 10:24:00,-1,9,-0.0032538727265809943,0.0061178343275856036,-0.0032538727265809943,0.0093717070541665982,False,True,False,2025-01-17,2025,-1,2025-01-17,11,2
2730,45090,45093,2025-01-17 10:29:00,2025-01-17 10:44:00,1,4,-0.0059087461857609928,0,-0.006034844290253305,0.0059087461857609928,True,False,False,2025-01-17,2025,-1,2025-01-17,11,2
2731,45094,45103,2025-01-17 10:49:00,2025-01-17 13:09:00,-1,10,-0.018365568462444234,0.00173524428975691,-0.018365568462444234,0.020100812752201144,False,True,False,2025-01-17,2025,-1,2025-01-17,11,2
2732,45104,45113,2025-01-17 13:14:00,2025-01-17 13:59:00,1,10,-0.00088759539736460815,0.0073388412554429945,-0.00094955006721804012,0.0082264366528076033,False,True,False,2025-01-17,2025,-1,2025-01-17,11,2
2733,45114,45131,2025-01-17 14:04:00,2025-01-20 10:04:00,-1,18,-0.0030825561149712142,0.0057263427731558889,-0.0048412277944424242,0.0088088988881271021,False,True,False,2025-01-20,2025,-1,2025-01-20,12,2
2734,45132,45145,2025-01-20 10:09:00,2025-01-20 11:14:00,1,14,-0.00065901253479106619,0.0056660283175180752,-0.0015967943889099137,0.0063250408523091413,False,True,False,2025-01-20,2025,-1,2025-01-20,12,2
2735,45146,45173,2025-01-20 11:19:00,2025-01-21 09:44:00,-1,28,-0.00089573912183560627,0.0053292147815365244,-0.0020168558302465561,0.0062249539033721307,False,True,False,2025-01-21,2025,-1,2025-01-21,13,2
2736,45174,45179,2025-01-21 09:49:00,2025-01-21 10:14:00,1,6,-0.0060903414059518962,0.0013986303931578636,-0.0060903414059518962,0.0074889717991097598,False,True,False,2025-01-21,2025,-1,2025-01-21,13,2
2737,45180,45190,2025-01-21 10:19:00,2025-01-21 11:09:00,-1,11,-0.0052667029366576211,0,-0.0052667029366576211,0.0052667029366576211,True,False,False,2025-01-21,2025,-1,2025-01-21,13,2
2738,45191,45200,2025-01-21 11:14:00,2025-01-21 13:34:00,1,10,0.0021092170280658162,0.0068055055495612211,0,0.0046962885214954049,False,False,False,2025-01-21,2025,1,2025-01-21,13,2
2739,45201,45209,2025-01-21 13:39:00,2025-01-21 14:19:00,-1,9,-0.00456329143188949,0.00086372662254293711,-0.00456329143188949,0.0054270180544324269,False,True,False,2025-01-21,2025,-1,2025-01-21,13,2
2740,45210,45222,2025-01-21 14:24:00,2025-01-22 09:59:00,1,13,-0.0056842236711633857,6.1385470078598181e-05,-0.0056842236711633857,0.0057456091412419839,False,True,False,2025-01-22,2025,-1,2025-01-22,14,2
2741,45223,45233,2025-01-22 10:04:00,2025-01-22 10:54:00,-1,11,-0.0016963358082667083,0.0040829850098480841,-0.0017990516142651046,0.0057793208181147922,False,True,False,2025-01-22,2025,-1,2025-01-22,14,2
2742,45234,45244,2025-01-22 10:59:00,2025-01-22 13:24:00,1,11,-0.00017464108732783963,0.004938939460099814,-0.00043152163414908614,0.0051135805474276539,False,True,False,2025-01-22,2025,-1,2025-01-22,14,2
2743,45245,45251,2025-01-22 13:29:00,2025-01-22 13:59:00,-1,7,-0.0016424747569103179,0.0033239887560733037,-0.0018475945475867638,0.0049664635129836217,False,True,False,2025-01-22,2025,-1,2025-01-22,14,2
2744,45252,45272,2025-01-22 14:04:00,2025-01-23 10:19:00,1,21,0.0088738794375104787,0.018213736554485615,-0.0023207823028814478,0.0093398571169751362,False,False,False,2025-01-23,2025,1,2025-01-23,15,3
2745,45273,45313,2025-01-23 10:24:00,2025-01-24 09:54:00,-1,41,0.012315905306557849,0.016968587955830408,-0.0025079592580329975,0.0046526826492725593,False,False,False,2025-01-24,2025,1,2025-01-24,16,3
2746,45314,45339,2025-01-24 09:59:00,2025-01-24 13:39:00,1,26,0.0028469404362084878,0.0079143372763922637,-0.0023287935838511315,0.0050673968401837759,False,False,False,2025-01-24,2025,1,2025-01-24,16,3
2747,45340,45392,2025-01-24 13:44:00,2025-01-27 14:14:00,-1,53,0.011623596643082898,0.015222631078102674,-0.00091300317686455936,0.0035990344350197764,False,False,False,2025-01-27,2025,1,2025-01-27,17,3
2748,45393,45398,2025-01-27 14:19:00,2025-01-27 14:44:00,1,6,-0.0038908530926404271,0.001193348521518514,-0.0038908530926404271,0.0050842016141589407,False,True,False,2025-01-27,2025,-1,2025-01-27,17,3
2749,45399,45403,2025-01-27 14:49:00,2025-02-05 09:44:00,-1,5,-0.020244817838463956,0.0037386344287306827,-0.021684056209359023,0.02398345226719464,False,True,False,2025-02-05,2025,-1,2025-02-05,18,3
2750,45404,45431,2025-02-05 09:49:00,2025-02-05 13:39:00,1,28,0.0034975231815228768,0.0092828142702180271,-0.00053130620834592693,0.0057852910886951499,False,False,False,2025-02-05,2025,1,2025-02-05,18,3
2751,45432,45445,2025-02-05 13:44:00,2025-02-05 14:49:00,-1,14,-0.0019524701891888878,0.0050820584520494963,-0.0019524701891888878,0.0070345286412383844,False,True,False,2025-02-05,2025,-1,2025-02-05,18,3
2752,45446,45488,2025-02-05 14:54:00,2025-02-06 14:34:00,1,43,0.022690238986624332,0.026654879631529009,-0.005194658139701375,0.0039646406449046767,False,False,False,2025-02-06,2025,1,2025-02-06,19,3
2753,45489,45493,2025-02-06 14:39:00,2025-02-06 14:59:00,-1,5,-0.0047952219017426004,0,-0.0047952219017426004,0.0047952219017426004,True,False,False,2025-02-06,2025,-1,2025-02-06,19,3
2754,45494,45524,2025-02-07 09:39:00,2025-02-07 13:44:00,1,31,0.017818868784356665,0.021636998858859453,-0.0002668973202547879,0.0038181300745027888,False,False,False,2025-02-07,2025,1,2025-02-07,20,4
2755,45525,45537,2025-02-07 13:49:00,2025-02-07 14:49:00,-1,13,0.015084806310080075,0.026046263932778809,0,0.010961457622698734,False,False,False,2025-02-07,2025,1,2025-02-07,20,4
2756,45538,45554,2025-02-07 14:54:00,2025-02-10 10:49:00,1,17,0.0076588848796670756,0.011700280462292167,0,0.0040413955826250911,False,False,False,2025-02-10,2025,1,2025-02-10,21,4
2757,45555,45564,2025-02-10 10:54:00,2025-02-10 13:14:00,-1,10,-0.0056864610018289904,0.00073388753287746775,-0.0056864610018289904,0.0064203485347064581,False,True,False,2025-02-10,2025,-1,2025-02-10,21,4
2758,45565,45587,2025-02-10 13:19:00,2025-02-11 09:44:00,1,23,-0.0048944669443850989,0.0090431761773598143,-0.0048944669443850989,0.013937643121744912,False,True,False,2025-02-11,2025,-1,2025-02-11,22,4
2759,45588,45608,2025-02-11 09:49:00,2025-02-11 11:29:00,-1,21,-0.0032201747203031853,0.0026326235239288371,-0.0032201747203031853,0.0058527982442320228,False,True,False,2025-02-11,2025,-1,2025-02-11,22,4
2760,45609,45619,2025-02-11 13:09:00,2025-02-11 13:59:00,1,11,0.0034817148074816912,0.0093768110857515991,-0.0006724523811158659,0.0058950962782699078,False,False,False,2025-02-11,2025,1,2025-02-11,22,4
2761,45620,45638,2025-02-11 14:04:00,2025-02-12 10:09:00,-1,19,0.0017198914003593892,0.0056956910655085805,-0.0017169384519542981,0.0039757996651491913,False,False,False,2025-02-12,2025,1,2025-02-12,23,4
2762,45639,45655,2025-02-12 10:14:00,2025-02-12 13:09:00,1,17,-0.0018884827666876343,0.0039309943610107492,-0.00321449721563658,0.0058194771276983831,False,True,False,2025-02-12,2025,-1,2025-02-12,23,4
2763,45656,45663,2025-02-12 13:14:00,2025-02-12 13:49:00,-1,8,-0.0032588052984207586,0.0027612602248275504,-0.0032588052984207586,0.0060200655232483091,False,True,False,2025-02-12,2025,-1,2025-02-12,23,4
2764,45664,45680,2025-02-12 13:54:00,2025-02-13 09:49:00,1,17,0.0048345546155709618,0.0113181059856566,0,0.0064835513700856381,False,False,False,2025-02-13,2025,1,2025-02-13,24,4
2765,45681,45685,2025-02-13 09:54:00,2025-02-13 10:14:00,-1,5,-0.0040029955307553447,0.00087023791993684659,-0.0054651528577024759,0.0048732334506921913,False,True,False,2025-02-13,2025,-1,2025-02-13,24,4
2766,45686,45688,2025-02-13 10:19:00,2025-02-13 10:29:00,1,3,-0.0041963162988408751,0,-0.0041963162988408751,0.0041963162988408751,True,False,False,2025-02-13,2025,-1,2025-02-13,24,4
2767,45689,45705,2025-02-13 10:34:00,2025-02-13 13:29:00,-1,17,0.0051658163792602102,0.010329154591633785,0,0.0051633382123735753,False,False,False,2025-02-13,2025,1,2025-02-13,24,4
2768,45706,45717,2025-02-13 13:34:00,2025-02-13 14:29:00,1,12,-0.002958351709939125,0.003443613081963468,-0.002958351709939125,0.0064019647919025934,False,True,False,2025-02-13,2025,-1,2025-02-13,24,4
2769,45718,45738,2025-02-13 14:34:00,2025-02-14 10:49:00,-1,21,0.010522184646929616,0.016984210749842778,0,0.0064620261029131616,False,False,False,2025-02-14,2025,1,2025-02-14,25,5
2770,45739,45756,2025-02-14 10:54:00,2025-02-14 13:54:00,1,18,-0.0012417342510667772,0.008756631965510615,-0.0012417342510667772,0.009998366216577393,False,True,False,2025-02-14,2025,-1,2025-02-14,25,5
2771,45757,45766,2025-02-14 13:59:00,2025-02-14 14:44:00,-1,10,-0.0058992580727306714,0,-0.0058992580727306714,0.0058992580727306714,True,False,False,2025-02-14,2025,-1,2025-02-14,25,5
2772,45767,45778,2025-02-14 14:49:00,2025-02-17 10:19:00,1,12,0.0080356224010584704,0.017809641528476954,0,0.0097740191274184839,False,False,False,2025-02-17,2025,1,2025-02-17,26,5
2773,45779,45783,2025-02-17 10:24:00,2025-02-17 10:44:00,-1,5,-0.0062721657424901081,0,-0.0064847487231243003,0.0062721657424901081,True,False,False,2025-02-17,2025,-1,2025-02-17,26,5
2774,45784,45794,2025-02-17 10:49:00,2025-02-17 13:14:00,1,11,-0.00328143670841253,0.0020659369224731942,-0.00328143670841253,0.0053473736308857246,False,True,False,2025-02-17,2025,-1,2025-02-17,26,5
2775,45795,45798,2025-02-17 13:19:00,2025-02-17 13:34:00,-1,4,-0.0047203206147143672,0,-0.0061089552509179853,0.0047203206147143672,True,False,False,2025-02-17,2025,-1,2025-02-17,26,5
2776,45799,45801,2025-02-17 13:39:00,2025-02-17 13:49:00,1,3,-0.0068847921107880582,0,-0.0068847921107880582,0.0068847921107880582,True,False,False,2025-02-17,2025,-1,2025-02-17,26,5
2777,45802,45810,2025-02-17 13:54:00,2025-02-17 14:34:00,-1,9,-0.0054942264866842221,0,-0.0054942264866842221,0.0054942264866842221,True,False,False,2025-02-17,2025,-1,2025-02-17,26,5
2778,45811,45819,2025-02-17 14:39:00,2025-02-18 09:54:00,1,9,-0.0045133248526742957,0.0025671725031524762,-0.0049793759519607943,0.0070804973558267724,False,True,False,2025-02-18,2025,-1,2025-02-18,27,5
2779,45820,45830,2025-02-18 09:59:00,2025-02-18 10:49:00,-1,11,-0.0011060016262174862,0.0050800062534615258,-0.0021042329983301071,0.0061860078796790122,False,True,False,2025-02-18,2025,-1,2025-02-18,27,5
2780,45831,45844,2025-02-18 10:54:00,2025-02-18 13:34:00,1,14,-0.0039250407432953969,0.00044593521106612482,-0.0039250407432953969,0.0043709759543615213,False,True,False,2025-02-18,2025,-1,2025-02-18,27,5
2781,45845,45864,2025-02-18 13:39:00,2025-02-19 09:49:00,-1,20,0.0096544446426163472,0.019730594301143434,0,0.010076149658527087,False,False,False,2025-02-19,2025,1,2025-02-19,28,5
2782,45865,45879,2025-02-19 09:54:00,2025-02-19 11:04:00,1,15,0.010043750418017635,0.014112645535611812,0,0.0040688951175941769,False,False,False,2025-02-19,2025,1,2025-02-19,28,5
2783,45880,45888,2025-02-19 11:09:00,2025-02-19 13:24:00,-1,9,-0.002623857212727166,0.0025624676053615535,-0.002623857212727166,0.0051863248180887191,False,True,False,2025-02-19,2025,-1,2025-02-19,28,5
2784,45889,45916,2025-02-19 13:29:00,2025-02-20 10:19:00,1,28,0.0017551094175931002,0.009994820273893713,-0.0052155923969307459,0.0082397108563006128,False,False,False,2025-02-20,2025,1,2025-02-20,29,5
2785,45917,45933,2025-02-20 10:24:00,2025-02-20 13:19:00,-1,17,-0.00083284110139326571,0.0052551178516491454,-0.00083284110139326571,0.0060879589530424116,False,True,False,2025-02-20,2025,-1,2025-02-20,29,5
2786,45934,45952,2025-02-20 13:24:00,2025-02-20 14:54:00,1,19,0.00044518858342669542,0.0051655251647507502,-0.00028076426152222637,0.0047203365813240552,False,False,False,2025-02-20,2025,1,2025-02-20,29,5
2787,45953,45956,2025-02-20 14:59:00,2025-02-21 09:49:00,-1,4,-0.0074227939985875421,0.00065817494342384889,-0.0074323982551939942,0.0080809689420113916,False,True,False,2025-02-21,2025,-1,2025-02-21,30,6
2788,45957,45988,2025-02-21 09:54:00,2025-02-21 14:04:00,1,32,0.044022399833757504,0.053307687492410293,0,0.0092852876586527883,False,False,False,2025-02-21,2025,1,2025-02-21,30,6
2789,45989,45992,2025-02-21 14:09:00,2025-02-21 14:24:00,-1,4,-0.0075993077735514759,0,-0.0075993077735514759,0.0075993077735514759,True,False,False,2025-02-21,2025,-1,2025-02-21,30,6
2790,45993,46006,2025-02-21 14:29:00,2025-02-24 10:09:00,1,14,-0.004882563256991863,0.0095948160158923854,-0.0081600958333503375,0.014477379272884248,False,True,False,2025-02-24,2025,-1,2025-02-24,31,6
2791,46007,46014,2025-02-24 10:14:00,2025-02-24 10:49:00,-1,8,-0.012496974677473977,0,-0.012496974677473977,0.012496974677473977,True,False,False,2025-02-24,2025,-1,2025-02-24,31,6
2792,46015,46023,2025-02-24 10:54:00,2025-02-24 13:09:00,1,9,-0.0071675777765057127,0.0026757803746849359,-0.0071675777765057127,0.0098433581511906485,False,True,False,2025-02-24,2025,-1,2025-02-24,31,6
2793,46024,46040,2025-02-24 13:14:00,2025-02-24 14:34:00,-1,17,-0.00069265334559344676,0.006466594382289235,-0.0022220814738478697,0.0071592477278826817,False,True,False,2025-02-24,2025,-1,2025-02-24,31,6
2794,46041,46048,2025-02-24 14:39:00,2025-02-25 09:49:00,1,8,-0.011472155874077775,0.0029202679013934302,-0.011472155874077775,0.014392423775471206,False,True,False,2025-02-25,2025,-1,2025-02-25,32,6
2795,46049,46058,2025-02-25 09:54:00,2025-02-25 10:39:00,-1,10,-0.0080772176373112257,0.0016879197864584224,-0.0080772176373112257,0.009765137423769648,False,True,False,2025-02-25,2025,-1,2025-02-25,32,6
2796,46059,46081,2025-02-25 10:44:00,2025-02-25 14:09:00,1,23,0.011886402589892039,0.019697044199989078,-0.0022697122268454865,0.007810641610097039,False,False,False,2025-02-25,2025,1,2025-02-25,32,6
2797,46082,46096,2025-02-25 14:14:00,2025-02-26 09:59:00,-1,15,-0.0007946470108697503,0.0096856793899210217,-0.0048303613047328406,0.010480326400790772,False,True,False,2025-02-26,2025,-1,2025-02-26,33,6
2798,46097,46144,2025-02-26 10:04:00,2025-02-27 10:09:00,1,48,0.012753993647069268,0.025646543943348848,-0.0027116209501711771,0.01289255029627958,False,False,False,2025-02-27,2025,1,2025-02-27,34,6
2799,46145,46172,2025-02-27 10:14:00,2025-02-27 14:04:00,-1,28,0.0064912069419203623,0.017377202022917104,0,0.010885995080996741,False,False,False,2025-02-27,2025,1,2025-02-27,34,6
2800,46173,46185,2025-02-27 14:09:00,2025-02-28 09:44:00,1,13,-0.0075634471542437749,0.013197306178240957,-0.0075634471542437749,0.020760753332484734,False,True,False,2025-02-28,2025,-1,2025-02-28,35,7
2801,46186,46195,2025-02-28 09:49:00,2025-02-28 10:34:00,-1,10,-0.00042470711661315389,0.013485190704753978,-0.0018421034077715157,0.013909897821367131,False,True,False,2025-02-28,2025,-1,2025-02-28,35,7
2802,46196,46203,2025-02-28 10:39:00,2025-02-28 11:14:00,1,8,-0.0077088797638019914,0.001074516458155875,-0.0077088797638019914,0.0087833962219578659,False,True,False,2025-02-28,2025,-1,2025-02-28,35,7
2803,46204,46236,2025-02-28 11:19:00,2025-03-03 10:09:00,-1,33,0.019109300813123335,0.029697925886633059,-0.0011101103060885754,0.010588625073509723,False,False,False,2025-03-03,2025,1,2025-03-03,36,7
2804,46237,46247,2025-03-03 10:14:00,2025-03-03 11:04:00,1,11,-0.00050124383776994083,0.0087313398003406768,-0.00050124383776994083,0.0092325836381106172,False,True,False,2025-03-03,2025,-1,2025-03-03,36,7
2805,46248,46281,2025-03-03 11:09:00,2025-03-04 10:04:00,-1,34,0.012124644122867421,0.021348782751204824,0,0.0092241386283374027,False,False,False,2025-03-04,2025,1,2025-03-04,37,7
2806,46282,46299,2025-03-04 10:09:00,2025-03-04 13:09:00,1,18,0.0034524525103346877,0.0034524525103346877,-0.0032569639273546799,0,False,False,False,2025-03-04,2025,1,2025-03-04,37,7
2807,46300,46301,2025-03-04 13:14:00,2025-03-04 13:19:00,-1,2,-0.015251862862004438,0,-0.015251862862004438,0.015251862862004438,True,False,False,2025-03-04,2025,-1,2025-03-04,37,7
2808,46302,46320,2025-03-04 13:24:00,2025-03-04 14:54:00,1,19,-0.0030022146545837366,0.0021836383285816418,-0.0052435789345833652,0.0051858529831653784,False,True,False,2025-03-04,2025,-1,2025-03-04,37,7
2809,46321,46355,2025-03-04 14:59:00,2025-03-05 13:59:00,-1,35,0.0014998614051422794,0.007717671380172075,-0.0071075601235371915,0.006217809975029796,False,False,False,2025-03-05,2025,1,2025-03-05,38,7
2810,46356,46416,2025-03-05 14:04:00,2025-03-07 09:49:00,1,61,0.031922987529153853,0.040768254044120378,0,0.0088452665149665252,False,False,False,2025-03-07,2025,1,2025-03-07,40,8
2811,46417,46425,2025-03-07 09:54:00,2025-03-07 10:34:00,-1,9,-0.0022231394852884612,0.0046865458024978567,-0.0022231394852884612,0.0069096852877863178,False,True,False,2025-03-07,2025,-1,2025-03-07,40,8
2812,46426,46445,2025-03-07 10:39:00,2025-03-07 13:49:00,1,20,-0.0045411789954998682,0.0033343942500991927,-0.0045411789954998682,0.0078755732455990605,False,True,False,2025-03-07,2025,-1,2025-03-07,40,8
2813,46446,46488,2025-03-07 13:54:00,2025-03-10 13:34:00,-1,43,0.015537637514613577,0.020933226964678982,-0.0010518698629215627,0.0053955894500654043,False,False,False,2025-03-10,2025,1,2025-03-10,41,8
2814,46489,46507,2025-03-10 13:39:00,2025-03-11 09:44:00,1,19,-0.0037894435329270267,0.013836122395901805,-0.0037894435329270267,0.017625565928828833,False,True,False,2025-03-11,2025,-1,2025-03-11,42,8
2815,46508,46543,2025-03-11 09:49:00,2025-03-11 14:19:00,-1,36,-0.0069090585742199329,0.0024423624080870355,-0.0090470265002879219,0.0093514209823069676,False,True,False,2025-03-11,2025,-1,2025-03-11,42,8
2816,46544,46567,2025-03-11 14:24:00,2025-03-12 10:54:00,1,24,0.005639804069835214,0.011374049521797928,-0.0038781843976517468,0.0057342454519627144,False,False,False,2025-03-12,2025,1,2025-03-12,43,8
2817,46568,46580,2025-03-12 10:59:00,2025-03-12 13:34:00,-1,13,-0.0040489910258461152,0.0027841403705316774,-0.0040489910258461152,0.0068331313963777927,False,True,False,2025-03-12,2025,-1,2025-03-12,43,8
2818,46581,46585,2025-03-12 13:39:00,2025-03-12 13:59:00,1,5,-0.0046921914683661116,0.0020093626811099482,-0.0046921914683661116,0.0067015541494760602,False,True,False,2025-03-12,2025,-1,2025-03-12,43,8
2819,46586,46639,2025-03-12 14:04:00,2025-03-13 14:39:00,-1,54,0.029100819229647058,0.035286820828563444,-0.0013945866949131352,0.0061860015989163852,False,False,False,2025-03-13,2025,1,2025-03-13,44,8
2820,46640,46660,2025-03-13 14:44:00,2025-03-14 10:59:00,1,21,0.0083616411369168749,0.012534815200300886,-0.0022322792986176035,0.0041731740633840116,False,False,False,2025-03-14,2025,1,2025-03-14,45,9
2821,46661,46664,2025-03-14 11:04:00,2025-03-14 11:19:00,-1,4,-0.0041639605729914065,0,-0.0041639605729914065,0.0041639605729914065,True,False,False,2025-03-14,2025,-1,2025-03-14,45,9
2822,46665,46672,2025-03-14 11:24:00,2025-03-14 13:34:00,1,8,-0.0039696879153316381,0.0007460178192950003,-0.0039696879153316381,0.0047157057346266388,False,True,False,2025-03-14,2025,-1,2025-03-14,45,9
2823,46673,46677,2025-03-14 13:39:00,2025-03-14 13:59:00,-1,5,-0.0047249123541860333,0,-0.0047249123541860333,0.0047249123541860333,True,False,False,2025-03-14,2025,-1,2025-03-14,45,9
2824,46678,46693,2025-03-14 14:04:00,2025-03-17 09:54:00,1,16,-0.0021013057942033497,0.0020601497215615768,-0.0039204703115351975,0.004161455515764927,False,True,False,2025-03-17,2025,-1,2025-03-17,46,9
2825,46694,46701,2025-03-17 09:59:00,2025-03-17 10:34:00,-1,8,-0.00037819215379180423,0.0044382874520165361,-0.00106042104037766,0.0048164796058083404,False,True,False,2025-03-17,2025,-1,2025-03-17,46,9
2826,46702,46712,2025-03-17 10:39:00,2025-03-17 11:29:00,1,11,-0.0025486425659855677,0.00086653520420669635,-0.0026411067361855251,0.0034151777701922643,False,True,False,2025-03-17,2025,-1,2025-03-17,46,9
2827,46713,46723,2025-03-17 13:09:00,2025-03-17 13:59:00,-1,11,-0.0014598003220653178,0.00032366200721785517,-0.001644433318352302,0.001783462329283173,False,True,False,2025-03-17,2025,-1,2025-03-17,46,9
2828,46724,46747,2025-03-17 14:04:00,2025-03-18 10:34:00,1,24,0.010177643953445274,0.016881437196572428,-0.00072963378393384496,0.0067037932431271534,False,False,False,2025-03-18,2025,1,2025-03-18,47,9
2829,46748,46794,2025-03-18 10:39:00,2025-03-19 10:39:00,-1,47,0.010657849342820052,0.016373341615993058,-0.0010869516645996269,0.0057154922731730059,False,False,False,2025-03-19,2025,1,2025-03-19,48,9
2830,46795,46813,2025-03-19 10:44:00,2025-03-19 13:49:00,1,19,-0.0023859738319528564,0.0021591106211989904,-0.0023859738319528564,0.0045450844531518472,False,True,False,2025-03-19,2025,-1,2025-03-19,48,9
2831,46814,46836,2025-03-19 13:54:00,2025-03-20 10:19:00,-1,23,0.0047332753477110313,0.0095544942785138007,0,0.0048212189308027694,False,False,False,2025-03-20,2025,1,2025-03-20,49,9
2832,46837,46857,2025-03-20 10:24:00,2025-03-20 13:39:00,1,21,-0.0024962987655466661,0.00050223215341385369,-0.0027761234105961913,0.0029985309189605198,False,True,False,2025-03-20,2025,-1,2025-03-20,49,9
2833,46858,46914,2025-03-20 13:44:00,2025-03-21 14:34:00,-1,57,0.02925089907736057,0.034025372463741557,0,0.0047744733863809875,False,False,False,2025-03-21,2025,1,2025-03-21,50,10
2834,46915,46925,2025-03-21 14:39:00,2025-03-24 10:04:00,1,11,6.7218821295577085e-05,0.0057643669931864358,-0.0005283051613418139,0.0056971481718908583,False,False,False,2025-03-24,2025,1,2025-03-24,51,10
2835,46926,46929,2025-03-24 10:09:00,2025-03-24 10:24:00,-1,4,-0.0028957178980846821,0.0012587017818374744,-0.0032690576176298419,0.0041544196799221562,False,True,False,2025-03-24,2025,-1,2025-03-24,51,10
2836,46930,46938,2025-03-24 10:29:00,2025-03-24 11:09:00,1,9,-0.0023005483531960136,0.0027918824127656549,-0.0023005483531960136,0.0050924307659616684,False,True,False,2025-03-24,2025,-1,2025-03-24,51,10
2837,46939,46961,2025-03-24 11:14:00,2025-03-24 14:39:00,-1,23,0.0029120215865860669,0.011184838213419906,0,0.0082728166268338389,False,False,False,2025-03-24,2025,1,2025-03-24,51,10
2838,46962,46970,2025-03-24 14:44:00,2025-03-25 09:59:00,1,9,0.0036315116430941921,0.0097597257767778438,0,0.0061282141336836517,False,False,False,2025-03-25,2025,1,2025-03-25,52,10
2839,46971,46986,2025-03-25 10:04:00,2025-03-25 11:19:00,-1,16,0.0054811518760206554,0.011293125782806989,0,0.0058119739067863333,False,False,False,2025-03-25,2025,1,2025-03-25,52,10
2840,46987,47000,2025-03-25 11:24:00,2025-03-25 14:04:00,1,14,-0.0026068584756979486,0.0027635631903084063,-0.0056858992413231918,0.0053704216660063545,False,True,False,2025-03-25,2025,-1,2025-03-25,52,10
2841,47001,47014,2025-03-25 14:09:00,2025-03-26 09:49:00,-1,14,-0.0039751509255644812,0.0051661668721336143,-0.0039751509255644812,0.0091413177976980946,False,True,False,2025-03-26,2025,-1,2025-03-26,53,10
2842,47015,47021,2025-03-26 09:54:00,2025-03-26 10:24:00,1,7,-0.0059880418446228391,7.7031216938569513e-05,-0.0059880418446228391,0.0060650730615614086,False,True,False,2025-03-26,2025,-1,2025-03-26,53,10
2843,47022,47034,2025-03-26 10:29:00,2025-03-26 11:29:00,-1,13,-0.0045618929750885816,0.0005910881523267875,-0.0045618929750885816,0.0051529811274153691,False,True,False,2025-03-26,2025,-1,2025-03-26,53,10
2844,47035,47040,2025-03-26 13:09:00,2025-03-26 13:34:00,1,6,-0.0046490807339824129,0,-0.0046490807339824129,0.0046490807339824129,True,False,False,2025-03-26,2025,-1,2025-03-26,53,10
2845,47041,47048,2025-03-26 13:39:00,2025-03-26 14:14:00,-1,8,-0.0023900654372555801,0.0013281308755312305,-0.0023900654372555801,0.0037181963127868103,False,True,False,2025-03-26,2025,-1,2025-03-26,53,10
2846,47049,47053,2025-03-26 14:19:00,2025-03-26 14:39:00,1,5,-0.0046596194840637043,0,-0.0046596194840637043,0.0046596194840637043,True,False,False,2025-03-26,2025,-1,2025-03-26,53,10
2847,47054,47063,2025-03-26 14:44:00,2025-03-27 10:04:00,-1,10,-0.0056063239608102142,0.0029367168797406638,-0.0056063239608102142,0.0085430408405508772,False,True,False,2025-03-27,2025,-1,2025-03-27,54,10
2848,47064,47083,2025-03-27 10:09:00,2025-03-27 13:19:00,1,20,0.0084706750809901005,0.013532187911434462,-0.001294698680355181,0.0050615128304443615,False,False,False,2025-03-27,2025,1,2025-03-27,54,10
2849,47084,47136,2025-03-27 13:24:00,2025-03-28 13:54:00,-1,53,0.010693950783884331,0.013698382153878029,-0.00068910734616361622,0.0030044313699936973,False,False,False,2025-03-28,2025,1,2025-03-28,55,11
2850,47137,47147,2025-03-28 13:59:00,2025-03-28 14:49:00,1,11,-0.0024222236218292129,0.00072552446507011411,-0.0024222236218292129,0.0031477480868993268,False,True,False,2025-03-28,2025,-1,2025-03-28,55,11
2851,47148,47156,2025-03-28 14:54:00,2025-03-31 10:09:00,-1,9,-0.00038795026964202114,0.011355776442655736,-0.00038795026964202114,0.011743726712297758,False,True,False,2025-03-31,2025,-1,2025-03-31,56,11
2852,47157,47160,2025-03-31 10:14:00,2025-03-31 10:29:00,1,4,-0.0083742796786073874,0,-0.0083742796786073874,0.0083742796786073874,True,False,False,2025-03-31,2025,-1,2025-03-31,56,11
2853,47161,47187,2025-03-31 10:34:00,2025-03-31 14:19:00,-1,27,0.0012720033808698034,0.0094711075025548496,0,0.0081991041216850462,False,False,False,2025-03-31,2025,1,2025-03-31,56,11
2854,47188,47214,2025-03-31 14:24:00,2025-04-01 11:09:00,1,27,0.0088314135875118948,0.013227706097551242,0,0.0043962925100393471,False,False,False,2025-04-01,2025,1,2025-04-01,57,11
2855,47215,47248,2025-04-01 11:14:00,2025-04-02 10:09:00,-1,34,0.003051953576588517,0.0089489108950000056,-0.0027910781207022245,0.0058969573184114886,False,False,False,2025-04-02,2025,1,2025-04-02,58,11
2856,47249,47261,2025-04-02 10:14:00,2025-04-02 11:14:00,1,13,-0.0024658521385715684,0.0007784524758671635,-0.0024658521385715684,0.003244304614438732,False,True,False,2025-04-02,2025,-1,2025-04-02,58,11
2857,47262,47288,2025-04-02 11:19:00,2025-04-03 09:39:00,-1,27,0.0050873269236901379,0.0050873269236901379,-0.0015016774801039395,0,False,False,False,2025-04-03,2025,1,2025-04-03,59,11
2858,47289,47294,2025-04-03 09:44:00,2025-04-03 10:09:00,1,6,0.0038374610239032274,0.010449844093009423,0,0.0066123830691061959,False,False,False,2025-04-03,2025,1,2025-04-03,59,11
2859,47295,47300,2025-04-03 10:14:00,2025-04-03 10:39:00,-1,6,0.00017588774498631114,0.0042789296500119721,-0.00096682999625749035,0.0041030419050256612,False,False,False,2025-04-03,2025,1,2025-04-03,59,11
2860,47301,47305,2025-04-03 10:44:00,2025-04-03 11:04:00,1,5,-0.0046919700728132044,0,-0.0046919700728132044,0.0046919700728132044,True,False,False,2025-04-03,2025,-1,2025-04-03,59,11
2861,47306,47322,2025-04-03 11:09:00,2025-04-03 14:04:00,-1,17,-0.00053005095619517101,0.0043195761370711802,-0.00053005095619517101,0.0048496270932663517,False,True,False,2025-04-03,2025,-1,2025-04-03,59,11
2862,47323,47335,2025-04-03 14:09:00,2025-04-07 09:44:00,1,13,-0.054975350561930529,0.00094161965526111597,-0.054975350561930529,0.055916970217191643,False,True,False,2025-04-07,2025,-1,2025-04-07,60,12
2863,47336,47350,2025-04-07 09:49:00,2025-04-07 10:59:00,-1,15,0.0016186773962281967,0.02331724084841455,-0.0024955098973359294,0.021698563452186355,False,False,False,2025-04-07,2025,1,2025-04-07,60,12
2864,47351,47356,2025-04-07 11:04:00,2025-04-07 11:29:00,1,6,-0.012581805558373032,0,-0.012581805558373032,0.012581805558373032,True,False,False,2025-04-07,2025,-1,2025-04-07,60,12
2865,47357,47375,2025-04-07 13:09:00,2025-04-07 14:39:00,-1,19,0.025077047049163033,0.07640552890362258,0,0.051328481854459547,False,False,False,2025-04-07,2025,1,2025-04-07,60,12
2866,47376,47395,2025-04-07 14:44:00,2025-04-08 10:54:00,1,20,0.0017776250230207042,0.022855701221946099,-0.012521729129329282,0.021078076198925395,False,False,False,2025-04-08,2025,1,2025-04-08,61,12
2867,47396,47424,2025-04-08 10:59:00,2025-04-08 14:54:00,-1,29,-0.0078483071261356008,0.0051584332636406133,-0.012887120831836501,0.013006740389776214,False,True,False,2025-04-08,2025,-1,2025-04-08,61,12
2868,47425,47441,2025-04-08 14:59:00,2025-04-09 10:54:00,1,17,0.042282347027336201,0.055250850475853,-0.012530791999556753,0.012968503448516799,False,False,False,2025-04-09,2025,1,2025-04-09,62,12
2869,47442,47458,2025-04-09 10:59:00,2025-04-09 13:54:00,-1,17,-0.0059406115301210575,0.0079141983991325819,-0.0060627278053194122,0.013854809929253638,False,True,False,2025-04-09,2025,-1,2025-04-09,62,12
2870,47459,47471,2025-04-09 13:59:00,2025-04-09 14:59:00,1,13,-0.006759956305011694,0.00080365821386381561,-0.0092528405690012888,0.00756361451887551,False,True,False,2025-04-09,2025,-1,2025-04-09,62,12
2871,47472,47474,2025-04-10 09:39:00,2025-04-10 09:49:00,-1,3,-0.022130580661516339,0,-0.022861900726769427,0.022130580661516339,True,False,False,2025-04-10,2025,-1,2025-04-10,63,12
2872,47475,47486,2025-04-10 09:54:00,2025-04-10 10:49:00,1,12,-0.0057388534096787236,0.006602530140972623,-0.0057388534096787236,0.012341383550651347,False,True,False,2025-04-10,2025,-1,2025-04-10,63,12
2873,47487,47521,2025-04-10 10:54:00,2025-04-11 09:54:00,-1,35,-0.0042244234133407112,0.0054172189399969237,-0.0042244234133407112,0.0096416423533376358,False,True,False,2025-04-11,2025,-1,2025-04-11,64,12
2874,47522,47527,2025-04-11 09:59:00,2025-04-11 10:24:00,1,6,-0.0058182421563097537,0.0061337915010470636,-0.0058182421563097537,0.011952033657356817,False,True,False,2025-04-11,2025,-1,2025-04-11,64,12
2875,47528,47538,2025-04-11 10:29:00,2025-04-11 11:19:00,-1,11,-0.0075330870120758221,0.00052510402305256233,-0.0080339485042950302,0.0080581910351283838,False,True,False,2025-04-11,2025,-1,2025-04-11,64,12
2876,47539,47557,2025-04-11 11:24:00,2025-04-11 14:29:00,1,19,0.015618405036080031,0.023067851296961865,0,0.0074494462608818337,False,False,False,2025-04-11,2025,1,2025-04-11,64,12
2877,47558,47570,2025-04-11 14:34:00,2025-04-14 10:09:00,-1,13,-0.0021383005215968526,0.0065616189106399835,-0.0021678302605069692,0.008699919432236837,False,True,False,2025-04-14,2025,-1,2025-04-14,65,13
2878,47571,47589,2025-04-14 10:14:00,2025-04-14 13:19:00,1,19,2.9529738909964229e-05,0.0073847394711947286,-0.0022566810757559891,0.0073552097322847646,False,False,False,2025-04-14,2025,1,2025-04-14,65,13
2879,47590,47643,2025-04-14 13:24:00,2025-04-15 13:59:00,-1,54,0.015614312291691336,0.01960145454893605,0,0.0039871422572447142,False,False,False,2025-04-15,2025,1,2025-04-15,66,13
2880,47644,47662,2025-04-15 14:04:00,2025-04-16 10:09:00,1,19,0.001748121215349739,0.0072124797127877827,0,0.0054643584974380438,False,False,False,2025-04-16,2025,1,2025-04-16,67,13
2881,47663,47669,2025-04-16 10:14:00,2025-04-16 10:44:00,-1,7,-0.0028304632349580331,4.9903934935669241e-05,-0.0028304632349580331,0.0028803671698937024,False,True,False,2025-04-16,2025,-1,2025-04-16,67,13
2882,47670,47672,2025-04-16 10:49:00,2025-04-16 10:59:00,1,3,-0.003139907784465447,0,-0.0037890541797810169,0.003139907784465447,True,False,False,2025-04-16,2025,-1,2025-04-16,67,13
2883,47673,47681,2025-04-16 11:04:00,2025-04-16 13:19:00,-1,9,-0.0057043175867501992,0.0036005799820490601,-0.0057043175867501992,0.0093048975687992589,False,True,False,2025-04-16,2025,-1,2025-04-16,67,13
2884,47682,47688,2025-04-16 13:24:00,2025-04-16 13:54:00,1,7,-0.0062036235618324071,0,-0.0062236009873423218,0.0062036235618324071,True,False,False,2025-04-16,2025,-1,2025-04-16,67,13
2885,47689,47694,2025-04-16 13:59:00,2025-04-16 14:24:00,-1,6,-0.0028327500589740017,0,-0.0039576375644176194,0.0028327500589740017,True,False,False,2025-04-16,2025,-1,2025-04-16,67,13
2886,47695,47716,2025-04-16 14:29:00,2025-04-17 10:49:00,1,22,0.015703067440821637,0.019177859146299756,-0.00012949303494968404,0.0034747917054781183,False,False,False,2025-04-17,2025,1,2025-04-17,68,13
2887,47717,47781,2025-04-17 10:54:00,2025-04-18 13:59:00,-1,65,0.0078157696807737778,0.0156731868139234,-0.0017829507652340998,0.0078574171331496218,False,False,False,2025-04-18,2025,1,2025-04-18,69,13
2888,47782,47815,2025-04-18 14:04:00,2025-04-21 11:24:00,1,34,0.0065402843329159278,0.0087370312862023996,-0.0026122851557843999,0.0021967469532864718,False,False,False,2025-04-21,2025,1,2025-04-21,70,14
2889,47816,47828,2025-04-21 11:29:00,2025-04-21 14:04:00,-1,13,-0.0017362222409366744,0.0010805289748970722,-0.0017362222409366744,0.0028167512158337469,False,True,False,2025-04-21,2025,-1,2025-04-21,70,14
2890,47829,47837,2025-04-21 14:09:00,2025-04-21 14:49:00,1,9,-0.0022075822213822628,0.00094042051561593252,-0.0022075822213822628,0.0031480027369981955,False,True,False,2025-04-21,2025,-1,2025-04-21,70,14
2891,47838,47849,2025-04-21 14:54:00,2025-04-22 10:24:00,-1,12,-0.0033927588387659955,0.004489035998411421,-0.0033927588387659955,0.0078817948371774169,False,True,False,2025-04-22,2025,-1,2025-04-22,71,14
2892,47850,47860,2025-04-22 10:29:00,2025-04-22 11:19:00,1,11,-0.0031963318451370612,0,-0.0034909868063119137,0.0031963318451370612,True,False,False,2025-04-22,2025,-1,2025-04-22,71,14
2893,47861,47865,2025-04-22 11:24:00,2025-04-22 13:19:00,-1,5,-0.0012366036200731601,0.0012381347021230816,-0.0032844293789526398,0.0024747383221962417,False,True,False,2025-04-22,2025,-1,2025-04-22,71,14
2894,47866,47882,2025-04-22 13:24:00,2025-04-22 14:44:00,1,17,-0.00037278292693528829,0.0031239467404517497,-0.00068681321381142829,0.0034967296673870381,False,True,False,2025-04-22,2025,-1,2025-04-22,71,14
2895,47883,47907,2025-04-22 14:49:00,2025-04-23 11:24:00,-1,25,0.0044744123936616195,0.0078804943028431135,-0.00016678848805659402,0.003406081909181494,False,False,False,2025-04-23,2025,1,2025-04-23,72,14
2896,47908,47918,2025-04-23 11:29:00,2025-04-23 13:54:00,1,11,0.00087679119762429803,0.0034141647068952037,-0.00029572092046712881,0.0025373735092709057,False,False,False,2025-04-23,2025,1,2025-04-23,72,14
2897,47919,47963,2025-04-23 13:59:00,2025-04-24 13:49:00,-1,45,0.010383507545108157,0.014461381537715286,0,0.0040778739926071294,False,False,False,2025-04-24,2025,1,2025-04-24,73,14
2898,47964,47971,2025-04-24 13:54:00,2025-04-24 14:29:00,1,8,-0.0012544929412318575,0.00024872033516444987,-0.0018424556673827955,0.0015032132763963073,False,True,False,2025-04-24,2025,-1,2025-04-24,73,14
2899,47972,47985,2025-04-24 14:34:00,2025-04-25 10:14:00,-1,14,-0.0011848401603168442,0.0043531289413396386,-0.0011848401603168442,0.0055379691016564829,False,True,False,2025-04-25,2025,-1,2025-04-25,74,14
2900,47986,48009,2025-04-25 10:19:00,2025-04-25 13:49:00,1,24,0.0013921346652461726,0.0054876764539591154,-0.0032691819290781086,0.0040955417887129433,False,False,False,2025-04-25,2025,1,2025-04-25,74,14
2901,48010,48036,2025-04-25 13:54:00,2025-04-28 10:39:00,-1,27,0.00065605059906561746,0.0078911417618241775,0,0.00723509116275856,False,False,False,2025-04-28,2025,1,2025-04-28,75,15
2902,48037,48056,2025-04-28 10:44:00,2025-04-28 13:54:00,1,20,-0.0016021737257504369,0.0027406255052144215,-0.0016021737257504369,0.004342799230964858,False,True,False,2025-04-28,2025,-1,2025-04-28,75,15
2903,48057,48079,2025-04-28 13:59:00,2025-04-29 10:24:00,-1,23,0.0011360127179595974,0.0076581229054740862,-0.00010954702316939196,0.0065221101875144885,False,False,False,2025-04-29,2025,1,2025-04-29,76,15
2904,48080,48083,2025-04-29 10:29:00,2025-04-29 10:44:00,1,4,-0.0037560230359963893,0,-0.0037560230359963893,0.0037560230359963893,True,False,False,2025-04-29,2025,-1,2025-04-29,76,15
2905,48084,48093,2025-04-29 10:49:00,2025-04-29 13:09:00,-1,10,-0.0034369101670561207,0.0014221761688776749,-0.0034369101670561207,0.0048590863359337958,False,True,False,2025-04-29,2025,-1,2025-04-29,76,15
2906,48094,48203,2025-04-29 13:14:00,2025-05-06 14:39:00,1,110,0.021539309427916986,0.023869551452672434,-0.0029066158412852667,0.0023302420247554474,False,False,False,2025-05-06,2025,1,2025-05-06,78,15
2907,48204,48208,2025-05-06 14:44:00,2025-05-07 09:39:00,-1,5,-0.015910626002012148,0,-0.015910626002012148,0.015910626002012148,True,False,False,2025-05-07,2025,-1,2025-05-07,79,15
2908,48209,48217,2025-05-07 09:44:00,2025-05-07 10:24:00,1,9,-0.011226411779920042,0,-0.011226411779920042,0.011226411779920042,True,False,False,2025-05-07,2025,-1,2025-05-07,79,15
2909,48218,48251,2025-05-07 10:29:00,2025-05-07 14:49:00,-1,34,0.00041786317047065764,0.0066677311680235721,-0.002018830152819848,0.0062498679975529145,False,False,False,2025-05-07,2025,1,2025-05-07,79,15
2910,48252,48262,2025-05-07 14:54:00,2025-05-08 10:19:00,1,11,-0.0034955027388344556,0.00028183386566193384,-0.0038076734987738652,0.0037773366044963896,False,True,False,2025-05-08,2025,-1,2025-05-08,80,16
2911,48263,48272,2025-05-08 10:24:00,2025-05-08 11:09:00,-1,10,-0.0039425126388011678,0.0013567000114263397,-0.0039425126388011678,0.0052992126502275074,False,True,False,2025-05-08,2025,-1,2025-05-08,80,16
2912,48273,48280,2025-05-08 11:14:00,2025-05-08 13:24:00,1,8,-0.0047035996638793475,0,-0.0047035996638793475,0.0047035996638793475,True,False,False,2025-05-08,2025,-1,2025-05-08,80,16
2913,48281,48293,2025-05-08 13:29:00,2025-05-08 14:29:00,-1,13,-0.00051721194643920484,0.0010743132753825444,-0.0015215952371959442,0.0015915252218217492,False,True,False,2025-05-08,2025,-1,2025-05-08,80,16
2914,48294,48301,2025-05-08 14:34:00,2025-05-09 09:44:00,1,8,-0.0099617456638262797,0.0022219416039241748,-0.0099617456638262797,0.012183687267750454,False,True,False,2025-05-09,2025,-1,2025-05-09,81,16
2915,48302,48328,2025-05-09 09:49:00,2025-05-09 13:34:00,-1,27,0.0035339213908287073,0.00789446543911561,-0.00064029633130619965,0.0043605440482869032,False,False,False,2025-05-09,2025,1,2025-05-09,81,16
2916,48329,48338,2025-05-09 13:39:00,2025-05-09 14:24:00,1,10,-0.0025644720996792986,0.000859951520102495,-0.0025843005832966743,0.0034244236197817938,False,True,False,2025-05-09,2025,-1,2025-05-09,81,16
2917,48339,48352,2025-05-09 14:29:00,2025-05-12 10:09:00,-1,14,-0.0036022523316839952,0.0031377870603154136,-0.0036022523316839952,0.0067400393919994084,False,True,False,2025-05-12,2025,-1,2025-05-12,82,16
2918,48353,48359,2025-05-12 10:14:00,2025-05-12 10:44:00,1,7,-0.0013839464446942214,0.0039436115390146858,-0.0013839464446942214,0.005327557983708907,False,True,False,2025-05-12,2025,-1,2025-05-12,82,16
2919,48360,48375,2025-05-12 10:49:00,2025-05-12 13:39:00,-1,16,0.0027934915985741299,0.0048589515003273163,0,0.0020654599017531864,False,False,False,2025-05-12,2025,1,2025-05-12,82,16
2920,48376,48400,2025-05-12 13:44:00,2025-05-13 10:19:00,1,25,0.0063483487044314856,0.012793771792347719,-0.0019660612634327264,0.0064454230879162338,False,False,False,2025-05-13,2025,1,2025-05-13,83,16
2921,48401,48423,2025-05-13 10:24:00,2025-05-13 13:49:00,-1,23,0.0011638115150143353,0.0045049571357611675,-0.0013002878225918339,0.0033411456207468322,False,False,False,2025-05-13,2025,1,2025-05-13,83,16
2922,48424,48432,2025-05-13 13:54:00,2025-05-13 14:34:00,1,9,-0.0015999845390101703,0.00083847520806368573,-0.0020251020706354532,0.0024384597470738559,False,True,False,2025-05-13,2025,-1,2025-05-13,83,16
2923,48433,48441,2025-05-13 14:39:00,2025-05-14 09:54:00,-1,9,0.0011175561300989863,0.0016025485925290955,-0.0034929535153611375,0.00048499246243010924,False,False,False,2025-05-14,2025,1,2025-05-14,84,16
2924,48442,48445,2025-05-14 09:59:00,2025-05-14 10:14:00,1,4,-0.00035629806689326389,0.00051442874812553249,-0.00035629806689326389,0.00087072681501879643,False,True,False,2025-05-14,2025,-1,2025-05-14,84,16
2925,48446,48464,2025-05-14 10:19:00,2025-05-14 13:24:00,-1,19,-0.00097951437774080425,0.0032719946697625604,-0.0014639697950729132,0.0042515090475033646,False,True,False,2025-05-14,2025,-1,2025-05-14,84,16
2926,48465,48474,2025-05-14 13:29:00,2025-05-14 14:14:00,1,10,0.00099831480904338668,0.0083805287354239023,-0.00022747840289579825,0.007382213926380516,False,False,False,2025-05-14,2025,1,2025-05-14,84,16
2927,48475,48524,2025-05-14 14:19:00,2025-05-15 14:34:00,-1,50,0.009349944045400696,0.012346081272586839,-0.0013130941045050516,0.0029961372271861426,False,False,False,2025-05-15,2025,1,2025-05-15,85,17
2928,48525,48531,2025-05-15 14:39:00,2025-05-16 09:44:00,1,7,-0.0045476657937594369,0,-0.005279220379811162,0.0045476657937594369,True,False,False,2025-05-16,2025,-1,2025-05-16,86,17
2929,48532,48545,2025-05-16 09:49:00,2025-05-16 10:54:00,-1,14,0.0031605430331358747,0.0056458163087612706,-0.0005508179786041607,0.0024852732756253959,False,False,False,2025-05-16,2025,1,2025-05-16,86,17
2930,48546,48562,2025-05-16 10:59:00,2025-05-16 13:54:00,1,17,-0.0004724306645105909,0.0028499482416180838,-0.0013676453494884196,0.0033223789061286747,False,True,False,2025-05-16,2025,-1,2025-05-16,86,17
2931,48563,48590,2025-05-16 13:59:00,2025-05-19 10:49:00,-1,28,0.0043427292384403734,0.0079744434216470553,-0.00059301550111345055,0.0036317141832066819,False,False,False,2025-05-19,2025,1,2025-05-19,87,17
2932,48591,48633,2025-05-19 10:54:00,2025-05-20 10:34:00,1,43,0.0065923134116693911,0.0093371735344082822,0,0.0027448601227388911,False,False,False,2025-05-20,2025,1,2025-05-20,88,17
2933,48634,48636,2025-05-20 10:39:00,2025-05-20 10:49:00,-1,3,-0.0018340813439782042,0,-0.0023846511976700581,0.0018340813439782042,True,False,False,2025-05-20,2025,-1,2025-05-20,88,17
2934,48637,48654,2025-05-20 10:54:00,2025-05-20 13:54:00,1,18,-0.00028040659139251978,0.00279974985151938,-0.00076128661107810751,0.0030801564429118996,False,True,False,2025-05-20,2025,-1,2025-05-20,88,17
2935,48655,48681,2025-05-20 13:59:00,2025-05-21 10:44:00,-1,27,0.0023163594395243046,0.0045274156166843112,-0.00040055677927125022,0.0022110561771600066,False,False,False,2025-05-21,2025,1,2025-05-21,89,17
2936,48682,48698,2025-05-21 10:49:00,2025-05-21 13:44:00,1,17,-5.0197023327097938e-05,0.0029671827539601917,-0.0012657339429803312,0.0030173797772872898,False,True,False,2025-05-21,2025,-1,2025-05-21,89,17
2937,48699,48718,2025-05-21 13:49:00,2025-05-22 09:59:00,-1,20,-0.0032275552746012918,0.0032782958102827459,-0.0032275552746012918,0.0065058510848840373,False,True,False,2025-05-22,2025,-1,2025-05-22,90,18
2938,48719,48725,2025-05-22 10:04:00,2025-05-22 10:34:00,1,7,-0.0020335492429875189,0.00019012072723414907,-0.0020335492429875189,0.0022236699702216679,False,True,False,2025-05-22,2025,-1,2025-05-22,90,18
2939,48726,48737,2025-05-22 10:39:00,2025-05-22 13:09:00,-1,12,0.0023190802344086503,0.0054498239517721345,0,0.0031307437173634842,False,False,False,2025-05-22,2025,1,2025-05-22,90,18
2940,48738,48741,2025-05-22 13:14:00,2025-05-22 13:29:00,1,4,-0.0018812977444935199,0,-0.0018812977444935199,0.0018812977444935199,True,False,False,2025-05-22,2025,-1,2025-05-22,90,18
2941,48742,48771,2025-05-22 13:34:00,2025-05-23 10:34:00,-1,30,0.0028134519624634369,0.006009603122129465,-0.0010165415317308917,0.0031961511596660282,False,False,False,2025-05-23,2025,1,2025-05-23,91,18
2942,48772,48785,2025-05-23 10:39:00,2025-05-23 13:19:00,1,14,0.0019269092193823453,0.0053076702926443545,-0.0010608794168984702,0.0033807610732620092,False,False,False,2025-05-23,2025,1,2025-05-23,91,18
2943,48786,48817,2025-05-23 13:24:00,2025-05-26 10:34:00,-1,32,0.0081871861530587418,0.010965177712926707,-0.002074083767259375,0.002777991559867965,False,False,False,2025-05-26,2025,1,2025-05-26,92,18
2944,48818,48824,2025-05-26 10:39:00,2025-05-26 11:09:00,1,7,-0.0016577258379167495,0.001360737851621428,-0.0016577258379167495,0.0030184636895381773,False,True,False,2025-05-26,2025,-1,2025-05-26,92,18
2945,48825,48841,2025-05-26 11:14:00,2025-05-26 14:09:00,-1,17,6.10730535702353e-05,0.003425848086422204,-5.0891362220026581e-05,0.0033647750328519689,False,False,False,2025-05-26,2025,1,2025-05-26,92,18
2946,48842,48854,2025-05-26 14:14:00,2025-05-27 09:49:00,1,13,-0.0032728581052644768,0,-0.0032728581052644768,0.0032728581052644768,True,False,False,2025-05-27,2025,-1,2025-05-27,93,18
2947,48855,48913,2025-05-27 09:54:00,2025-05-28 10:54:00,-1,59,0.0054376065206469832,0.0082653573625004282,-0.0010819418848272003,0.002827750841853445,False,False,False,2025-05-28,2025,1,2025-05-28,94,18
2948,48914,48923,2025-05-28 10:59:00,2025-05-28 13:19:00,1,10,-0.00093484353316700922,0.00046196252765676925,-0.0012843501156722054,0.0013968060608237785,False,True,False,2025-05-28,2025,-1,2025-05-28,94,18
2949,48924,48939,2025-05-28 13:24:00,2025-05-28 14:39:00,-1,16,0.0010694638275749761,0.0028407063226366142,-0.00070891749217614152,0.0017712424950616381,False,False,False,2025-05-28,2025,1,2025-05-28,94,18
2950,48940,48943,2025-05-28 14:44:00,2025-05-28 14:59:00,1,4,-0.0014311677784003406,0,-0.0014311677784003406,0.0014311677784003406,True,False,False,2025-05-28,2025,-1,2025-05-28,94,18
2951,48944,48946,2025-05-29 09:39:00,2025-05-29 09:49:00,-1,3,-0.0059889953062968442,0,-0.0059889953062968442,0.0059889953062968442,True,False,False,2025-05-29,2025,-1,2025-05-29,95,19
2952,48947,48964,2025-05-29 09:54:00,2025-05-29 11:19:00,1,18,0.0068488874214245841,0.0094800000504132557,0,0.0026311126289886716,False,False,False,2025-05-29,2025,1,2025-05-29,95,19
2953,48965,48975,2025-05-29 11:24:00,2025-05-29 13:49:00,-1,11,-0.0019206834999328797,0.00066140596964216062,-0.0019206834999328797,0.0025820894695750404,False,True,False,2025-05-29,2025,-1,2025-05-29,95,19
2954,48976,48991,2025-05-29 13:54:00,2025-05-30 09:44:00,1,16,-0.0093945293204947718,0.0010147443207899919,-0.0093945293204947718,0.010409273641284763,False,True,False,2025-05-30,2025,-1,2025-05-30,96,19
2955,48992,49010,2025-05-30 09:49:00,2025-05-30 11:19:00,-1,19,-0.0024974935702736368,0.001066404268240556,-0.0025792730927266874,0.0035638978385141929,False,True,False,2025-05-30,2025,-1,2025-05-30,96,19
2956,49011,49018,2025-05-30 11:24:00,2025-05-30 13:34:00,1,8,-0.0021286184303249433,0.0010115511823570759,-0.0021286184303249433,0.0031401696126820192,False,True,False,2025-05-30,2025,-1,2025-05-30,96,19
2957,49019,49037,2025-05-30 13:39:00,2025-06-03 09:44:00,-1,19,-0.0077557740389499292,0.00042011856158642529,-0.0077557740389499292,0.0081758926005363539,False,True,False,2025-06-03,2025,-1,2025-06-03,97,19
2958,49038,49051,2025-06-03 09:49:00,2025-06-03 10:54:00,1,14,-0.00066097552221158545,0.0031970147854059622,-0.00066097552221158545,0.0038579903076175477,False,True,False,2025-06-03,2025,-1,2025-06-03,97,19
2959,49052,49057,2025-06-03 10:59:00,2025-06-03 11:24:00,-1,6,-0.0013011966744250444,0.00029503777206169762,-0.0024789454830566474,0.0015962344464867419,False,True,False,2025-06-03,2025,-1,2025-06-03,97,19
2960,49058,49063,2025-06-03 11:29:00,2025-06-03 13:29:00,1,6,-0.0021356664275271092,0,-0.0021356664275271092,0.0021356664275271092,True,False,False,2025-06-03,2025,-1,2025-06-03,97,19
2961,49064,49084,2025-06-03 13:34:00,2025-06-04 09:49:00,-1,21,-0.0030597072932320784,0.0011612746802553413,-0.0030597072932320784,0.0042209819734874195,False,True,False,2025-06-04,2025,-1,2025-06-04,98,19
2962,49085,49097,2025-06-04 09:54:00,2025-06-04 10:54:00,1,13,0.00058850389806680233,0.002706279303643473,-0.00016240687016739737,0.0021177754055766709,False,False,False,2025-06-04,2025,1,2025-06-04,98,19
2963,49098,49105,2025-06-04 10:59:00,2025-06-04 13:09:00,-1,8,-0.00130767338968793,0.00012173101518392078,-0.0018343143441420791,0.0014294044048718509,False,True,False,2025-06-04,2025,-1,2025-06-04,98,19
2964,49106,49110,2025-06-04 13:14:00,2025-06-04 13:34:00,1,5,-0.00095270921198757955,0.0004253853853113202,-0.00095270921198757955,0.0013780945972988999,False,True,False,2025-06-04,2025,-1,2025-06-04,98,19
2965,49111,49132,2025-06-04 13:39:00,2025-06-05 09:59:00,-1,22,-0.0017729333512960992,0.0030873312020016862,-0.0017729333512960992,0.0048602645532977856,False,True,False,2025-06-05,2025,-1,2025-06-05,99,19
2966,49133,49143,2025-06-05 10:04:00,2025-06-05 10:54:00,1,11,-0.0014890527009247458,0.00011133659594785982,-0.0015600153087291437,0.0016003892968726057,False,True,False,2025-06-05,2025,-1,2025-06-05,99,19
2967,49144,49147,2025-06-05 10:59:00,2025-06-05 11:14:00,-1,4,-0.001367580457183278,0,-0.001367580457183278,0.001367580457183278,True,False,False,2025-06-05,2025,-1,2025-06-05,99,19
2968,49148,49176,2025-06-05 11:19:00,2025-06-06 09:49:00,1,29,0.0043738106161388983,0.0092201843231824107,-0.00016198594807324606,0.0048463737070435125,False,False,False,2025-06-06,2025,1,2025-06-06,100,20
2969,49177,49184,2025-06-06 09:54:00,2025-06-06 10:29:00,-1,8,9.0716204496283856e-05,0.0019976599726144123,-0.00089663967643114099,0.0019069437681181285,False,False,False,2025-06-06,2025,1,2025-06-06,100,20
2970,49185,49199,2025-06-06 10:34:00,2025-06-06 13:19:00,1,15,-8.0643535456026449e-05,0.0020441564905731039,-0.00072602604782350249,0.0021248000260291303,False,True,False,2025-06-06,2025,-1,2025-06-06,100,20
2971,49200,49218,2025-06-06 13:24:00,2025-06-06 14:54:00,-1,19,0.00034280759755403136,0.0026143541844157918,0,0.0022715465868617603,False,False,False,2025-06-06,2025,1,2025-06-06,100,20
2972,49219,49235,2025-06-06 14:59:00,2025-06-09 10:54:00,1,17,0.0063831180274280339,0.010023813780201889,-0.0009382803926941451,0.0036406957527738548,False,False,False,2025-06-09,2025,1,2025-06-09,101,20
2973,49236,49265,2025-06-09 10:59:00,2025-06-09 14:59:00,-1,30,0.00065152132528721921,0.0033020720628144347,-0.0015619214805689305,0.0026505507375272153,False,False,False,2025-06-09,2025,1,2025-06-09,101,20
2974,49266,49271,2025-06-10 09:39:00,2025-06-10 10:04:00,1,6,-0.0028214711443318905,0.00012031281345985606,-0.0028214711443318905,0.0029417839577917464,False,True,False,2025-06-10,2025,-1,2025-06-10,102,20
2975,49272,49310,2025-06-10 10:09:00,2025-06-10 14:54:00,-1,39,0.011528904128686764,0.014207618115162848,0,0.0026787139864760841,False,False,False,2025-06-10,2025,1,2025-06-10,102,20
2976,49311,49322,2025-06-10 14:59:00,2025-06-11 10:29:00,1,12,0.002488940742696353,0.0058316299566904817,-0.00012206658747493612,0.0033426892139941287,False,False,False,2025-06-11,2025,1,2025-06-11,103,20
2977,49323,49366,2025-06-11 10:34:00,2025-06-12 10:19:00,-1,44,0.0039241650519660446,0.010454425094450121,-0.00077082238390053972,0.0065302600424840766,False,False,False,2025-06-12,2025,1,2025-06-12,104,20
2978,49367,49385,2025-06-12 10:24:00,2025-06-12 13:29:00,1,19,-0.002447682044455154,0,-0.0027642783306680739,0.002447682044455154,True,False,False,2025-06-12,2025,-1,2025-06-12,104,20
2979,49386,49430,2025-06-12 13:34:00,2025-06-13 13:24:00,-1,45,0.009191316604300585,0.012484171819345156,0,0.0032928552150445715,False,False,False,2025-06-13,2025,1,2025-06-13,105,21
2980,49431,49447,2025-06-13 13:29:00,2025-06-13 14:49:00,1,17,0.00095794821015022895,0.0053957797268824517,-2.0611119699775113e-05,0.0044378315167322227,False,False,False,2025-06-13,2025,1,2025-06-13,105,21
2981,49448,49457,2025-06-13 14:54:00,2025-06-16 10:14:00,-1,10,-0.0022624676708313143,0.0014630429776953096,-0.0031660234293255009,0.0037255106485266239,False,True,False,2025-06-16,2025,-1,2025-06-16,106,21
2982,49458,49466,2025-06-16 10:19:00,2025-06-16 10:59:00,1,9,-0.0028391867731278279,0.00027731416277361801,-0.0028391867731278279,0.0031165009359014461,False,True,False,2025-06-16,2025,-1,2025-06-16,106,21
2983,49467,49489,2025-06-16 11:04:00,2025-06-16 14:29:00,-1,23,-4.1205253675750974e-05,0.0019592078695803805,-5.1506301807507362e-05,0.0020004131232561314,False,True,False,2025-06-16,2025,-1,2025-06-16,106,21
2984,49490,49498,2025-06-16 14:34:00,2025-06-17 09:49:00,1,9,-0.003033119007482714,0.00077228430077543519,-0.0036739326560032578,0.0038054033082581492,False,True,False,2025-06-17,2025,-1,2025-06-17,107,21
2985,49499,49526,2025-06-17 09:54:00,2025-06-17 13:44:00,-1,28,0.0041415215073032779,0.0065098862620413828,-0.0010946343362418214,0.0023683647547381049,False,False,False,2025-06-17,2025,1,2025-06-17,107,21
2986,49527,49531,2025-06-17 13:49:00,2025-06-17 14:09:00,1,5,-0.0016510307114300875,0.0003941826984091206,-0.0018381117284493936,0.0020452134098392083,False,True,False,2025-06-17,2025,-1,2025-06-17,107,21
2987,49532,49541,2025-06-17 14:14:00,2025-06-17 14:59:00,-1,10,-0.00096602808993804168,0.001310302700963703,-0.00096602808993804168,0.0022763307909017447,False,True,False,2025-06-17,2025,-1,2025-06-17,107,21
2988,49542,49547,2025-06-18 09:39:00,2025-06-18 10:04:00,1,6,0.0006019969874371772,0.0040926550036344076,-0.00030113444842162058,0.0034906580161972304,False,False,False,2025-06-18,2025,1,2025-06-18,108,21
2989,49548,49562,2025-06-18 10:09:00,2025-06-18 11:19:00,-1,15,-0.00011413097060040706,0.0037319876363365923,-0.00011413097060040706,0.0038461186069369993,False,True,False,2025-06-18,2025,-1,2025-06-18,108,21
2990,49563,49588,2025-06-18 11:24:00,2025-06-19 09:39:00,1,26,0.0057931596028079815,0.00762754977041723,-0.00083034069495827034,0.0018343901676092485,False,False,False,2025-06-19,2025,1,2025-06-19,109,21
2991,49589,49591,2025-06-19 09:44:00,2025-06-19 09:54:00,-1,3,-0.0015666553059015377,0,-0.0015666553059015377,0.0015666553059015377,True,False,False,2025-06-19,2025,-1,2025-06-19,109,21
2992,49592,49603,2025-06-19 09:59:00,2025-06-19 10:54:00,1,12,0.00067949472917433636,0.0031875650363627737,0,0.0025080703071884373,False,False,False,2025-06-19,2025,1,2025-06-19,109,21
2993,49604,49635,2025-06-19 10:59:00,2025-06-20 09:44:00,-1,32,0.0050350911162471926,0.010782054516000682,0,0.0057469633997534898,False,False,False,2025-06-20,2025,1,2025-06-20,110,22
2994,49636,49639,2025-06-20 09:49:00,2025-06-20 10:04:00,1,4,-0.0053517105888328063,0,-0.0053517105888328063,0.0053517105888328063,True,False,False,2025-06-20,2025,-1,2025-06-20,110,22
2995,49640,49647,2025-06-20 10:09:00,2025-06-20 10:44:00,-1,8,-0.0031253107916905639,0.00038484941941486204,-0.0031253107916905639,0.0035101602111054257,False,True,False,2025-06-20,2025,-1,2025-06-20,110,22
2996,49648,49652,2025-06-20 10:49:00,2025-06-20 11:09:00,1,5,-0.003385327954288113,0,-0.003385327954288113,0.003385327954288113,True,False,False,2025-06-20,2025,-1,2025-06-20,110,22
2997,49653,49682,2025-06-20 11:14:00,2025-06-23 09:49:00,-1,30,-0.00031201248303060636,0.0057480115906004192,-0.00031201248303060636,0.0060600240736310255,False,True,False,2025-06-23,2025,-1,2025-06-23,111,22
2998,49683,49690,2025-06-23 09:54:00,2025-06-23 10:29:00,1,8,-0.00091551280309755899,0.0041923126351119397,-0.00091551280309755899,0.0051078254382094989,False,True,False,2025-06-23,2025,-1,2025-06-23,111,22
2999,49691,49715,2025-06-23 10:34:00,2025-06-23 14:09:00,-1,25,-0.0023183654998471686,0.001374842682527038,-0.0026194624293756972,0.0036932081823742068,False,True,False,2025-06-23,2025,-1,2025-06-23,111,22
3000,49716,49744,2025-06-23 14:14:00,2025-06-24 11:09:00,1,29,0.011594003598225898,0.016059348324940277,-0.0010077765874769331,0.0044653447267143792,False,False,False,2025-06-24,2025,1,2025-06-24,112,22
3001,49745,49751,2025-06-24 11:14:00,2025-06-24 13:19:00,-1,7,-0.0047412138438946653,0,-0.0047412138438946653,0.0047412138438946653,True,False,False,2025-06-24,2025,-1,2025-06-24,112,22
3002,49752,49782,2025-06-24 13:24:00,2025-06-25 10:29:00,1,31,-0.00056203601575527092,0.0063240753966232917,-0.0032334671263411917,0.0068861114123785622,False,True,False,2025-06-25,2025,-1,2025-06-25,113,22
3003,49783,49793,2025-06-25 10:34:00,2025-06-25 11:24:00,-1,11,-0.00081740254472045934,0.0019849802903699563,-0.00081740254472045934,0.0028023828350904156,False,True,False,2025-06-25,2025,-1,2025-06-25,113,22
3004,49794,49829,2025-06-25 11:29:00,2025-06-26 10:34:00,1,36,0.0181368640107374,0.026049072242550708,0,0.0079122082318133086,False,False,False,2025-06-26,2025,1,2025-06-26,114,22
3005,49830,49839,2025-06-26 10:39:00,2025-06-26 11:24:00,-1,10,-0.0045931084176459407,0.00043137393264347084,-0.0045931084176459407,0.0050244823502894114,False,True,False,2025-06-26,2025,-1,2025-06-26,114,22
3006,49840,49845,2025-06-26 11:29:00,2025-06-26 13:29:00,1,6,-0.0034403474277262154,0,-0.0052251848095681199,0.0034403474277262154,True,False,False,2025-06-26,2025,-1,2025-06-26,114,22
3007,49846,49870,2025-06-26 13:34:00,2025-06-27 10:09:00,-1,25,0.0042869614721390793,0.009927088822278371,0,0.0056401273501392917,False,False,False,2025-06-27,2025,1,2025-06-27,115,23
3008,49871,49889,2025-06-27 10:14:00,2025-06-27 13:19:00,1,19,0.00060349424991726634,0.0038059706217332522,-0.00064412888830217856,0.0032024763718159861,False,False,False,2025-06-27,2025,1,2025-06-27,115,23
3009,49890,49911,2025-06-27 13:24:00,2025-06-30 09:44:00,-1,22,-0.0049049453624588849,0.006324570319087534,-0.0049049453624588849,0.011229515681546419,False,True,False,2025-06-30,2025,-1,2025-06-30,116,23
3010,49912,49958,2025-06-30 09:49:00,2025-07-01 09:49:00,1,47,-0.0059009062703274783,0.0044627108863295939,-0.0059009062703274783,0.010363617156657071,False,True,False,2025-07-01,2025,-1,2025-07-01,117,23
3011,49959,49967,2025-07-01 09:54:00,2025-07-01 10:34:00,-1,9,-0.0053103777301381641,0,-0.0059909562481257096,0.0053103777301381641,True,False,False,2025-07-01,2025,-1,2025-07-01,117,23
3012,49968,49972,2025-07-01 10:39:00,2025-07-01 10:59:00,1,5,-0.0027871927570021701,9.0103168188564165e-05,-0.0027871927570021701,0.0028772959251907341,False,True,False,2025-07-01,2025,-1,2025-07-01,117,23
3013,49973,49984,2025-07-01 11:04:00,2025-07-01 13:34:00,-1,12,-0.0022964885866856334,0.0033690212938298058,-0.0022964885866856334,0.0056655098805154392,False,True,False,2025-07-01,2025,-1,2025-07-01,117,23
3014,49985,49998,2025-07-01 13:39:00,2025-07-01 14:44:00,1,14,-0.003401483274601015,0,-0.0037131115347690501,0.003401483274601015,True,False,False,2025-07-01,2025,-1,2025-07-01,117,23
3015,49999,50044,2025-07-01 14:49:00,2025-07-02 14:44:00,-1,46,0.0112497585637585,0.013875687544158716,0,0.0026259289804002155,False,False,False,2025-07-02,2025,1,2025-07-02,118,23
3016,50045,50053,2025-07-02 14:49:00,2025-07-03 10:04:00,1,9,-0.00029481881564213616,0.0028927422541954735,-0.0014851437520768352,0.0031875610698376099,False,True,False,2025-07-03,2025,-1,2025-07-03,119,23
3017,50054,50061,2025-07-03 10:09:00,2025-07-03 10:44:00,-1,8,-0.00017283536457897219,0.0025859274875989881,-0.0011889097473484155,0.0027587628521779602,False,True,False,2025-07-03,2025,-1,2025-07-03,119,23
3018,50062,50066,2025-07-03 10:49:00,2025-07-03 11:09:00,1,5,-0.0014853250607048314,0.00021346127537766782,-0.0019741333964727998,0.0016987863360824992,False,True,False,2025-07-03,2025,-1,2025-07-03,119,23
3019,50067,50079,2025-07-03 11:14:00,2025-07-03 13:49:00,-1,13,-0.0020341334488890505,0.00042769422551919333,-0.0020341334488890505,0.0024618276744082439,False,True,False,2025-07-03,2025,-1,2025-07-03,119,23
3020,50080,50096,2025-07-03 13:54:00,2025-07-04 09:49:00,1,17,-0.0028998946852903025,0.0020604228617235884,-0.0028998946852903025,0.0049603175470138913,False,True,False,2025-07-04,2025,-1,2025-07-04,120,24
3021,50097,50107,2025-07-04 09:54:00,2025-07-04 10:44:00,-1,11,0.000948104117794255,0.0044629025702875918,-0.0010998972501346114,0.0035147984524933366,False,False,False,2025-07-04,2025,1,2025-07-04,120,24
3022,50108,50127,2025-07-04 10:49:00,2025-07-04 13:59:00,1,20,0.010299274715922513,0.016418271697358669,-0.00013260232073498832,0.0061189969814361561,False,False,False,2025-07-04,2025,1,2025-07-04,120,24
3023,50128,50172,2025-07-04 14:04:00,2025-07-07 13:54:00,-1,45,0.011095152519272206,0.013660553735113136,0,0.0025654012158409303,False,False,False,2025-07-07,2025,1,2025-07-07,121,24
3024,50173,50178,2025-07-07 13:59:00,2025-07-07 14:24:00,1,6,-0.0013585362586696092,0,-0.0015936583954795362,0.0013585362586696092,True,False,False,2025-07-07,2025,-1,2025-07-07,121,24
3025,50179,50187,2025-07-07 14:29:00,2025-07-08 09:44:00,-1,9,-0.0054637703328589051,0.00085897480509316442,-0.0054637703328589051,0.0063227451379520693,False,True,False,2025-07-08,2025,-1,2025-07-08,122,24
3026,50188,50235,2025-07-08 09:49:00,2025-07-09 09:54:00,1,48,0.0053127437874692356,0.0091579901650480598,-0.0017194984116503235,0.0038452463775788242,False,False,False,2025-07-09,2025,1,2025-07-09,123,24
3027,50236,50257,2025-07-09 09:59:00,2025-07-09 13:19:00,-1,22,2.6205166508974642e-16,0.0022676435345651037,-0.00097027529064250815,0.0022676435345648418,False,False,False,2025-07-09,2025,1,2025-07-09,123,24
3028,50258,50262,2025-07-09 13:24:00,2025-07-09 13:44:00,1,5,-0.001730638288391948,0,-0.001730638288391948,0.001730638288391948,True,False,False,2025-07-09,2025,-1,2025-07-09,123,24
3029,50263,50303,2025-07-09 13:49:00,2025-07-10 13:19:00,-1,41,0.0047722124948654694,0.008299984585076952,-0.0005265929558231126,0.0035277720902114826,False,False,False,2025-07-10,2025,1,2025-07-10,124,24
3030,50304,50319,2025-07-10 13:24:00,2025-07-10 14:39:00,1,16,-0.0015278530529469858,0.0031298930089277777,-0.0022110490088967562,0.0046577460618747631,False,True,False,2025-07-10,2025,-1,2025-07-10,124,24
3031,50320,50326,2025-07-10 14:44:00,2025-07-11 09:49:00,-1,7,-0.005702249079923229,0.00055059904526343442,-0.005702249079923229,0.0062528481251866632,False,True,False,2025-07-11,2025,-1,2025-07-11,125,25
3032,50327,50342,2025-07-11 09:54:00,2025-07-11 11:09:00,1,16,0.001316749238140312,0.0057102297247714805,-0.00028383460742605879,0.0043934804866311685,False,False,False,2025-07-11,2025,1,2025-07-11,125,25
3033,50343,50348,2025-07-11 11:14:00,2025-07-11 13:14:00,-1,6,-0.0110428285026594,0,-0.0110428285026594,0.0110428285026594,True,False,False,2025-07-11,2025,-1,2025-07-11,125,25
3034,50349,50368,2025-07-11 13:19:00,2025-07-11 14:54:00,1,20,-0.0042537033178922275,0.00066050861562892021,-0.0042537033178922275,0.0049142119335211475,False,True,False,2025-07-11,2025,-1,2025-07-11,125,25
3035,50369,50376,2025-07-11 14:59:00,2025-07-14 10:09:00,-1,8,-0.0023497997416265979,0.00064364304171083059,-0.0025904929391942187,0.0029934427833374286,False,True,False,2025-07-14,2025,-1,2025-07-14,126,25
3036,50377,50389,2025-07-14 10:14:00,2025-07-14 11:14:00,1,13,-0.0025508936933979305,0,-0.0025508936933979305,0.0025508936933979305,True,False,False,2025-07-14,2025,-1,2025-07-14,126,25
3037,50390,50400,2025-07-14 11:19:00,2025-07-14 13:44:00,-1,11,-0.00043230201492625118,0.0013785818892326819,-0.0010452472358108093,0.0018108839041589332,False,True,False,2025-07-14,2025,-1,2025-07-14,126,25
3038,50401,50414,2025-07-14 13:49:00,2025-07-14 14:54:00,1,14,-0.0017806756180241254,0.00059285461223864278,-0.0017806756180241254,0.0023735302302627681,False,True,False,2025-07-14,2025,-1,2025-07-14,126,25
3039,50415,50419,2025-07-14 14:59:00,2025-07-15 09:54:00,-1,5,-0.0018510326801429978,0.0011384760764411579,-0.0018510326801429978,0.0029895087565841557,False,True,False,2025-07-15,2025,-1,2025-07-15,127,25
3040,50420,50425,2025-07-15 09:59:00,2025-07-15 10:24:00,1,6,-0.0057049130163087866,0.00085394098931833263,-0.0057049130163087866,0.0065588540056271197,False,True,False,2025-07-15,2025,-1,2025-07-15,127,25
3041,50426,50431,2025-07-15 10:29:00,2025-07-15 10:54:00,-1,6,-0.0038337415801359869,0,-0.004467917650674883,0.0038337415801359869,True,False,False,2025-07-15,2025,-1,2025-07-15,127,25
3042,50432,50435,2025-07-15 10:59:00,2025-07-15 11:14:00,1,4,-0.0035103328493240817,0,-0.0035103328493240817,0.0035103328493240817,True,False,False,2025-07-15,2025,-1,2025-07-15,127,25
3043,50436,50448,2025-07-15 11:19:00,2025-07-15 13:54:00,-1,13,0.00024254674196740815,0.0026205969516520005,-0.00021218015184793838,0.0023780502096845922,False,False,False,2025-07-15,2025,1,2025-07-15,127,25
3044,50449,50472,2025-07-15 13:59:00,2025-07-16 10:29:00,1,24,0.013692243624572758,0.018684646065643754,-3.0322479572496283e-05,0.0049924024410709957,False,False,False,2025-07-16,2025,1,2025-07-16,128,25
3045,50473,50525,2025-07-16 10:34:00,2025-07-17 11:04:00,-1,53,0.0055787313636227144,0.0099192252772522093,-9.9698412302411203e-06,0.0043404939136294949,False,False,False,2025-07-17,2025,1,2025-07-17,129,25
3046,50526,50561,2025-07-17 11:09:00,2025-07-18 10:14:00,1,36,0.0073816553771581502,0.013404305581039895,-0.00064184854578356514,0.0060226502038817449,False,False,False,2025-07-18,2025,1,2025-07-18,130,26
3047,50562,50569,2025-07-18 10:19:00,2025-07-18 10:54:00,-1,8,-0.0033680268295050979,0,-0.0033680268295050979,0.0033680268295050979,True,False,False,2025-07-18,2025,-1,2025-07-18,130,26
3048,50570,50576,2025-07-18 10:59:00,2025-07-18 11:29:00,1,7,-0.00121078606707319,0.0012489469829866868,-0.00121078606707319,0.0024597330500598768,False,True,False,2025-07-18,2025,-1,2025-07-18,130,26
3049,50577,50592,2025-07-18 13:09:00,2025-07-18 14:24:00,-1,16,0.001460848048401316,0.0037209160159297596,0,0.0022600679675284438,False,False,False,2025-07-18,2025,1,2025-07-18,130,26
3050,50593,50615,2025-07-18 14:29:00,2025-07-21 10:54:00,1,23,0.0022152803738863364,0.0046632620125263719,0,0.0024479816386400355,False,False,False,2025-07-21,2025,1,2025-07-21,131,26
3051,50616,50629,2025-07-21 10:59:00,2025-07-21 13:39:00,-1,14,-9.9229483063233387e-06,0.0024440416326731666,-0.00028772553167284525,0.0024539645809794901,False,True,False,2025-07-21,2025,-1,2025-07-21,131,26
3052,50630,50658,2025-07-21 13:44:00,2025-07-22 10:39:00,1,29,0.0052947092602387341,0.0079561990961074958,-0.00050619594833810789,0.0026614898358687617,False,False,False,2025-07-22,2025,1,2025-07-22,132,26
3053,50659,50661,2025-07-22 10:44:00,2025-07-22 10:54:00,-1,3,-0.0021002093138146574,0,-0.0021002093138146574,0.0021002093138146574,True,False,False,2025-07-22,2025,-1,2025-07-22,132,26
3054,50662,50679,2025-07-22 10:59:00,2025-07-22 13:59:00,1,18,0.00061050062946224214,0.0031666135856423137,0,0.0025561129561800715,False,False,False,2025-07-22,2025,1,2025-07-22,132,26
3055,50680,50688,2025-07-22 14:04:00,2025-07-22 14:44:00,-1,9,0.00097500931028272008,0.0033524982837711452,-0.00077735633892897786,0.0023774889734884249,False,False,False,2025-07-22,2025,1,2025-07-22,132,26
3056,50689,50723,2025-07-22 14:49:00,2025-07-23 13:49:00,1,35,0.0092878861896208507,0.014642781664899539,0,0.0053548954752786881,False,False,False,2025-07-23,2025,1,2025-07-23,133,26
3057,50724,50742,2025-07-23 13:54:00,2025-07-24 09:59:00,-1,19,0.0017391988438046706,0.0051972574521519368,-0.00086846643078797173,0.0034580586083472662,False,False,False,2025-07-24,2025,1,2025-07-24,134,26
3058,50743,50771,2025-07-24 10:04:00,2025-07-24 13:59:00,1,29,0.0051404466468840835,0.0090245500306637538,0,0.0038841033837796702,False,False,False,2025-07-24,2025,1,2025-07-24,134,26
3059,50772,50778,2025-07-24 14:04:00,2025-07-24 14:34:00,-1,7,-0.0027786701644599513,0.00070074359545930468,-0.0027786701644599513,0.0034794137599192558,False,True,False,2025-07-24,2025,-1,2025-07-24,134,26
3060,50779,50795,2025-07-24 14:39:00,2025-07-25 10:34:00,1,17,0.00042680325018331895,0.004839343552085925,0,0.0044125403019026057,False,False,False,2025-07-25,2025,1,2025-07-25,135,27
3061,50796,50810,2025-07-25 10:39:00,2025-07-25 13:24:00,-1,15,-0.0017053937196570812,0.0021747159111659984,-0.0022280569912319034,0.0038801096308230796,False,True,False,2025-07-25,2025,-1,2025-07-25,135,27
3062,50811,50833,2025-07-25 13:29:00,2025-07-28 09:54:00,1,23,0.018436796220821779,0.022042044808111172,0,0.0036052485872893926,False,False,False,2025-07-28,2025,1,2025-07-28,136,27
3063,50834,50836,2025-07-28 09:59:00,2025-07-28 10:09:00,-1,3,-0.0032926760655519745,0,-0.0034821256204386197,0.0032926760655519745,True,False,False,2025-07-28,2025,-1,2025-07-28,136,27
3064,50837,50853,2025-07-28 10:14:00,2025-07-28 13:09:00,1,17,-0.0022477141115730694,0.0025639948007168925,-0.003178627138438507,0.0048117089122899619,False,True,False,2025-07-28,2025,-1,2025-07-28,136,27
3065,50854,50860,2025-07-28 13:14:00,2025-07-28 13:44:00,-1,7,-0.0047739117319553588,0,-0.0047739117319553588,0.0047739117319553588,True,False,False,2025-07-28,2025,-1,2025-07-28,136,27
3066,50861,50869,2025-07-28 13:49:00,2025-07-28 14:29:00,1,9,-0.0044321612065100552,0,-0.0044321612065100552,0.0044321612065100552,True,False,False,2025-07-28,2025,-1,2025-07-28,136,27
3067,50870,50883,2025-07-28 14:34:00,2025-07-29 10:14:00,-1,14,-0.0092210089707694242,0.0013011745646909221,-0.0092210089707694242,0.010522183535460347,False,True,False,2025-07-29,2025,-1,2025-07-29,137,27
3068,50884,50924,2025-07-29 10:19:00,2025-07-30 09:49:00,1,41,0.002620371826253653,0.0070845187232264082,-0.0027592719095771183,0.0044641468969727552,False,False,False,2025-07-30,2025,1,2025-07-30,138,27
3069,50925,50929,2025-07-30 09:54:00,2025-07-30 10:14:00,-1,5,-0.0049216013112164383,0,-0.0049216013112164383,0.0049216013112164383,True,False,False,2025-07-30,2025,-1,2025-07-30,138,27
3070,50930,50932,2025-07-30 10:19:00,2025-07-30 10:29:00,1,3,-0.0048934625496014636,0,-0.0049497408646436598,0.0048934625496014636,True,False,False,2025-07-30,2025,-1,2025-07-30,138,27
3071,50933,50936,2025-07-30 10:34:00,2025-07-30 10:49:00,-1,4,-0.0046787651088103736,0,-0.0046787651088103736,0.0046787651088103736,True,False,False,2025-07-30,2025,-1,2025-07-30,138,27
3072,50937,50944,2025-07-30 10:54:00,2025-07-30 11:29:00,1,8,-0.0035163884804372365,0.0020517419019342007,-0.0035163884804372365,0.0055681303823714376,False,True,False,2025-07-30,2025,-1,2025-07-30,138,27
3073,50945,50961,2025-07-30 13:09:00,2025-07-30 14:29:00,-1,17,0.0067776475732290783,0.013924490562156699,-0.0013668750314244818,0.0071468429889276208,False,False,False,2025-07-30,2025,1,2025-07-30,138,27
3074,50962,50974,2025-07-30 14:34:00,2025-07-31 10:09:00,1,13,-0.0042440833309661322,0.0030796059467258427,-0.0042440833309661322,0.0073236892776919749,False,True,False,2025-07-31,2025,-1,2025-07-31,139,27
3075,50975,50988,2025-07-31 10:14:00,2025-07-31 11:19:00,-1,14,-0.0025070375705302491,2.8417567742287139e-05,-0.0037157365722537104,0.002535455138272536,False,True,False,2025-07-31,2025,-1,2025-07-31,139,27
3076,50989,50998,2025-07-31 11:24:00,2025-07-31 13:44:00,1,10,-0.0032556363518235413,0.0085802710972059468,-0.0032556363518235413,0.011835907449029489,False,True,False,2025-07-31,2025,-1,2025-07-31,139,27
3077,50999,51016,2025-07-31 13:49:00,2025-08-01 09:49:00,-1,18,0.0010622659508875152,0.0088454443137499558,-0.005501895106308022,0.0077831783628624406,False,False,False,2025-08-01,2025,1,2025-08-01,140,28
3078,51017,51025,2025-08-01 09:54:00,2025-08-01 10:34:00,1,9,-0.004746535813977824,0,-0.00677949332097387,0.004746535813977824,True,False,False,2025-08-01,2025,-1,2025-08-01,140,28
3079,51026,51048,2025-08-01 10:39:00,2025-08-01 14:04:00,-1,23,0.013467473667259134,0.01835002151176485,0,0.0048825478445057163,False,False,False,2025-08-01,2025,1,2025-08-01,140,28
3080,51049,51092,2025-08-01 14:09:00,2025-08-04 13:54:00,1,44,0.0064635986619230867,0.0098185666775513214,0,0.0033549680156282347,False,False,False,2025-08-04,2025,1,2025-08-04,141,28
3081,51093,51097,2025-08-04 13:59:00,2025-08-04 14:19:00,-1,5,-0.0040054865400802478,0,-0.0040054865400802478,0.0040054865400802478,True,False,False,2025-08-04,2025,-1,2025-08-04,141,28
3082,51098,51122,2025-08-04 14:24:00,2025-08-05 10:59:00,1,25,0.0024929213027057155,0.0057025854246242087,0,0.0032096641219184932,False,False,False,2025-08-05,2025,1,2025-08-05,142,28
3083,51123,51133,2025-08-05 11:04:00,2025-08-05 13:29:00,-1,11,-0.0028577707895188591,0.00051526718697263705,-0.0028577707895188591,0.0033730379764914959,False,True,False,2025-08-05,2025,-1,2025-08-05,142,28
3084,51134,51154,2025-08-05 13:34:00,2025-08-06 09:49:00,1,21,0.00086524524640234888,0.0026599044817980895,-0.0013992872582595096,0.0017946592353957408,False,False,False,2025-08-06,2025,1,2025-08-06,143,28
3085,51155,51168,2025-08-06 09:54:00,2025-08-06 10:59:00,-1,14,-0.00079802398306936563,0.0018454928611900761,-0.0010354082000328059,0.0026435168442594417,False,True,False,2025-08-06,2025,-1,2025-08-06,143,28
3086,51169,51180,2025-08-06 11:04:00,2025-08-06 13:34:00,1,12,0.0015467320073495312,0.0044345130280766133,0,0.0028877810207270822,False,False,False,2025-08-06,2025,1,2025-08-06,143,28
3087,51181,51184,2025-08-06 13:39:00,2025-08-06 13:54:00,-1,4,-0.0040972223685232598,0,-0.0040972223685232598,0.0040972223685232598,True,False,False,2025-08-06,2025,-1,2025-08-06,143,28
3088,51185,51206,2025-08-06 13:59:00,2025-08-07 10:19:00,1,22,-0.00069902988837510513,0.0047855996073187749,-0.0014458312030442742,0.0054846294956938796,False,True,False,2025-08-07,2025,-1,2025-08-07,144,28
3089,51207,51213,2025-08-07 10:24:00,2025-08-07 10:54:00,-1,7,-0.0021616323543358217,0.0040147006921203094,-0.0021616323543358217,0.0061763330464561315,False,True,False,2025-08-07,2025,-1,2025-08-07,144,28
3090,51214,51225,2025-08-07 10:59:00,2025-08-07 13:29:00,1,12,0.0026649230184653729,0.0056509809206047694,-0.001000000083333342,0.0029860579021393965,False,False,False,2025-08-07,2025,1,2025-08-07,144,28
3091,51226,51255,2025-08-07 13:34:00,2025-08-08 10:34:00,-1,30,0.01364404234824414,0.018278435870165016,-0.00074265224258328582,0.0046343935219208751,False,False,False,2025-08-08,2025,1,2025-08-08,145,29
3092,51256,51265,2025-08-08 10:39:00,2025-08-08 11:24:00,1,10,-0.001135111796838286,0.0032836063481520702,-0.001135111796838286,0.004418718144990356,False,True,False,2025-08-08,2025,-1,2025-08-08,145,29
3093,51266,51294,2025-08-08 11:29:00,2025-08-11 09:59:00,-1,29,-0.00094442676026850044,0.003834554856082265,-0.0014877832870035814,0.0047789816163507654,False,True,False,2025-08-11,2025,-1,2025-08-11,146,29
3094,51295,51302,2025-08-11 10:04:00,2025-08-11 10:39:00,1,8,-0.0011162365863044278,0.0020384453916111761,-0.0011257824422096782,0.0031546819779156039,False,True,False,2025-08-11,2025,-1,2025-08-11,146,29
3095,51303,51309,2025-08-11 10:44:00,2025-08-11 11:14:00,-1,7,-0.0018882865124199269,0,-0.0028977238844627206,0.0018882865124199269,True,False,False,2025-08-11,2025,-1,2025-08-11,146,29
3096,51310,51318,2025-08-11 11:19:00,2025-08-11 13:34:00,1,9,0.0010094373720427815,0.0027687538798250935,0,0.001759316507782312,False,False,False,2025-08-11,2025,1,2025-08-11,146,29
3097,51319,51345,2025-08-11 13:39:00,2025-08-12 10:24:00,-1,27,-0.0011985732707170365,0.003527945915347777,-0.0011985732707170365,0.0047265191860648131,False,True,False,2025-08-12,2025,-1,2025-08-12,147,29
3098,51346,51370,2025-08-12 10:29:00,2025-08-12 14:04:00,1,25,0.018405832086796921,0.023581788531535232,0,0.0051759564447383111,False,False,False,2025-08-12,2025,1,2025-08-12,147,29
3099,51371,51384,2025-08-12 14:09:00,2025-08-13 09:49:00,-1,14,-0.0050738137699042054,0.00081233635190243176,-0.0050738137699042054,0.0058861501218066374,False,True,False,2025-08-13,2025,-1,2025-08-13,148,29
3100,51385,51389,2025-08-13 09:54:00,2025-08-13 10:14:00,1,5,-0.0075315177558065906,0,-0.0075315177558065906,0.0075315177558065906,True,False,False,2025-08-13,2025,-1,2025-08-13,148,29
3101,51390,51397,2025-08-13 10:19:00,2025-08-13 10:54:00,-1,8,-0.0069091506041336903,0.0011983337107837604,-0.0069091506041336903,0.0081074843149174514,False,True,False,2025-08-13,2025,-1,2025-08-13,148,29
3102,51398,51422,2025-08-13 10:59:00,2025-08-13 14:34:00,1,25,-0.0040781799708700826,0.0018937641425881152,-0.0040781799708700826,0.0059719441134581976,False,True,False,2025-08-13,2025,-1,2025-08-13,148,29
3103,51423,51427,2025-08-13 14:39:00,2025-08-13 14:59:00,-1,5,-0.0050255103349260205,0,-0.0050255103349260205,0.0050255103349260205,True,False,False,2025-08-13,2025,-1,2025-08-13,148,29
3104,51428,51443,2025-08-14 09:39:00,2025-08-14 10:54:00,1,16,0.015859168488589519,0.027911172777848249,0,0.01205200428925873,False,False,False,2025-08-14,2025,1,2025-08-14,149,29
3105,51444,51448,2025-08-14 10:59:00,2025-08-14 11:19:00,-1,5,-0.008370990794642319,0,-0.008370990794642319,0.008370990794642319,True,False,False,2025-08-14,2025,-1,2025-08-14,149,29
3106,51449,51452,2025-08-14 11:24:00,2025-08-14 13:14:00,1,4,-0.012261814743370352,0.001177227132487909,-0.012261814743370352,0.013439041875858261,False,True,False,2025-08-14,2025,-1,2025-08-14,149,29
3107,51453,51461,2025-08-14 13:19:00,2025-08-14 13:59:00,-1,9,-0.0026565550048641769,0.0042375866001761724,-0.0032053070650226449,0.0068941416050403489,False,True,False,2025-08-14,2025,-1,2025-08-14,149,29
3108,51462,51473,2025-08-14 14:04:00,2025-08-14 14:59:00,1,12,-0.0058629668952944816,0.0037802740514735218,-0.0058629668952944816,0.0096432409467680034,False,True,False,2025-08-14,2025,-1,2025-08-14,149,29
3109,51474,51484,2025-08-15 09:39:00,2025-08-15 10:29:00,-1,11,-0.0035090656156104168,0.0052867948960999382,-0.0051308287447348663,0.0087958605117103555,False,True,False,2025-08-15,2025,-1,2025-08-15,150,30
3110,51485,51494,2025-08-15 10:34:00,2025-08-15 11:19:00,1,10,-0.0026076591766652137,0.0036064442424618448,-0.0026076591766652137,0.006214103419127058,False,True,False,2025-08-15,2025,-1,2025-08-15,150,30
3111,51495,51499,2025-08-15 11:24:00,2025-08-15 13:19:00,-1,5,-0.0065612463450083845,0,-0.0072277882499731487,0.0065612463450083845,True,False,False,2025-08-15,2025,-1,2025-08-15,150,30
3112,51500,51549,2025-08-15 13:24:00,2025-08-18 13:39:00,1,50,0.033050837357915516,0.036526493644371945,0,0.0034756562864564286,False,False,False,2025-08-18,2025,1,2025-08-18,151,30
3113,51550,51564,2025-08-18 13:44:00,2025-08-18 14:54:00,-1,15,0.0043749405569988888,0.0094111656768024517,0,0.005036225119803563,False,False,False,2025-08-18,2025,1,2025-08-18,151,30
3114,51565,51573,2025-08-18 14:59:00,2025-08-19 10:14:00,1,9,0.00070092320662911876,0.005990770743140068,-0.0013144457685431397,0.0052898475365109488,False,False,False,2025-08-19,2025,1,2025-08-19,152,30
3115,51574,51580,2025-08-19 10:19:00,2025-08-19 10:49:00,-1,7,-0.00094856901746046441,0.0046227235439735845,-0.001851975452346284,0.0055712925614340488,False,True,False,2025-08-19,2025,-1,2025-08-19,152,30
3116,51581,51584,2025-08-19 10:54:00,2025-08-19 11:09:00,1,4,-0.0038708465637282076,0,-0.0042534173551112622,0.0038708465637282076,True,False,False,2025-08-19,2025,-1,2025-08-19,152,30
3117,51585,51616,2025-08-19 11:14:00,2025-08-20 09:59:00,-1,32,0.0075628399098097406,0.016249584095316093,-0.0019017832723035547,0.008686744185506353,False,False,False,2025-08-20,2025,1,2025-08-20,153,30
3118,51617,51620,2025-08-20 10:04:00,2025-08-20 10:19:00,1,4,-0.004815649355288238,0.00019716265086322569,-0.004815649355288238,0.0050128120061514641,False,True,False,2025-08-20,2025,-1,2025-08-20,153,30
3119,51621,51625,2025-08-20 10:24:00,2025-08-20 10:44:00,-1,5,-0.0070896187681879653,0.00039634641194782319,-0.0087426077032081596,0.0074859651801357889,False,True,False,2025-08-20,2025,-1,2025-08-20,153,30
3120,51626,51630,2025-08-20 10:49:00,2025-08-20 11:09:00,1,5,-0.0053889151309758198,0.00037551298196227022,-0.0053889151309758198,0.0057644281129380897,False,True,False,2025-08-20,2025,-1,2025-08-20,153,30
3121,51631,51639,2025-08-20 11:14:00,2025-08-20 13:29:00,-1,9,-0.0058269999029139591,0.0014395611825195522,-0.0058269999029139591,0.0072665610854335113,False,True,False,2025-08-20,2025,-1,2025-08-20,153,30
3122,51640,51679,2025-08-20 13:34:00,2025-08-21 11:24:00,1,40,0.033488803564626003,0.046448504698158727,0,0.012959701133532724,False,False,False,2025-08-21,2025,1,2025-08-21,154,30
3123,51680,51705,2025-08-21 11:29:00,2025-08-22 09:44:00,-1,26,-0.023763460619844617,0.01172075220520037,-0.023763460619844617,0.035484212825044985,False,True,False,2025-08-22,2025,-1,2025-08-22,155,31
3124,51706,51773,2025-08-22 09:49:00,2025-08-25 13:09:00,1,68,0.06905645960702407,0.099119092566909039,-0.0031196525205849143,0.030062632959884969,False,False,False,2025-08-25,2025,1,2025-08-25,156,31
3125,51774,51790,2025-08-25 13:14:00,2025-08-25 14:34:00,-1,17,-0.0015900757455284062,0.012365702088079215,-0.0015900757455284062,0.013955777833607621,False,True,False,2025-08-25,2025,-1,2025-08-25,156,31
3126,51791,51807,2025-08-25 14:39:00,2025-08-26 10:34:00,1,17,-0.0021338002718373442,0.0069133368307946613,-0.0052679432578966456,0.0090471371026320056,False,True,False,2025-08-26,2025,-1,2025-08-26,157,31
3127,51808,51818,2025-08-26 10:39:00,2025-08-26 11:29:00,-1,11,-0.0089143375711413907,0.00074909028463313889,-0.010818713527167742,0.0096634278557745298,False,True,False,2025-08-26,2025,-1,2025-08-26,157,31
3128,51819,51825,2025-08-26 13:09:00,2025-08-26 13:39:00,1,7,-0.0067097511403282802,0,-0.0067097511403282802,0.0067097511403282802,True,False,False,2025-08-26,2025,-1,2025-08-26,157,31
3129,51826,51831,2025-08-26 13:44:00,2025-08-26 14:09:00,-1,6,-0.0081305718641457424,0,-0.0081305718641457424,0.0081305718641457424,True,False,False,2025-08-26,2025,-1,2025-08-26,157,31
3130,51832,51838,2025-08-26 14:14:00,2025-08-26 14:44:00,1,7,-0.0070379547805817354,0,-0.0070379547805817354,0.0070379547805817354,True,False,False,2025-08-26,2025,-1,2025-08-26,157,31
3131,51839,51844,2025-08-26 14:49:00,2025-08-27 09:49:00,-1,6,-0.021028530725893158,0.0050959638018252401,-0.021028530725893158,0.026124494527718398,False,True,False,2025-08-27,2025,-1,2025-08-27,158,31
3132,51845,51875,2025-08-27 09:54:00,2025-08-27 13:59:00,1,31,0.0055923709207570168,0.021702597366955994,-0.011754144574331292,0.016110226446198979,False,False,False,2025-08-27,2025,1,2025-08-27,158,31
3133,51876,51891,2025-08-27 14:04:00,2025-08-28 09:54:00,-1,16,-0.0030171465426664639,0.021691482527900853,-0.0033755435207173364,0.024708629070567319,False,True,False,2025-08-28,2025,-1,2025-08-28,159,31
3134,51892,51910,2025-08-28 09:59:00,2025-08-28 11:29:00,1,19,0.00022877885573050274,0.017052290980361342,-0.005675184454545585,0.016823512124630839,False,False,False,2025-08-28,2025,1,2025-08-28,159,31
3135,51911,51924,2025-08-28 13:09:00,2025-08-28 14:14:00,-1,14,-0.0079063803079033549,0.011943302646882929,-0.0099544076254335957,0.019849682954786285,False,True,False,2025-08-28,2025,-1,2025-08-28,159,31
3136,51925,51936,2025-08-28 14:19:00,2025-08-29 09:49:00,1,12,-0.0017869451786493963,0.026398457276648322,-0.0017869451786493963,0.028185402455297718,False,True,False,2025-08-29,2025,-1,2025-08-29,160,32
3137,51937,51948,2025-08-29 09:54:00,2025-08-29 10:49:00,-1,12,-0.017250745221691927,0,-0.017250745221691927,0.017250745221691927,True,False,False,2025-08-29,2025,-1,2025-08-29,160,32
3138,51949,51956,2025-08-29 10:54:00,2025-08-29 11:29:00,1,8,-0.0090691352740497957,0.0026483184531883048,-0.010204819570619257,0.011717453727238101,False,True,False,2025-08-29,2025,-1,2025-08-29,160,32
3139,51957,51969,2025-08-29 13:09:00,2025-08-29 14:09:00,-1,13,-0.0029572496632802952,0.0092355865316775879,-0.0029572496632802952,0.012192836194957883,False,True,False,2025-08-29,2025,-1,2025-08-29,160,32
3140,51970,51984,2025-08-29 14:14:00,2025-09-01 09:59:00,1,15,-0.0019805403444630668,0.023421558008369182,-0.0047553850530305053,0.025402098352832247,False,True,False,2025-09-01,2025,-1,2025-09-01,161,32
3141,51985,51990,2025-09-01 10:04:00,2025-09-01 10:29:00,-1,6,-0.0040394405712810182,0.0050289571548226908,-0.0040394405712810182,0.009068397726103709,False,True,False,2025-09-01,2025,-1,2025-09-01,161,32
3142,51991,52028,2025-09-01 10:34:00,2025-09-02 09:49:00,1,38,0.014862379657282713,0.01884101356569862,-0.0062722472034605434,0.0039786339084159072,False,False,False,2025-09-02,2025,1,2025-09-02,162,32
3143,52029,52037,2025-09-02 09:54:00,2025-09-02 10:34:00,-1,9,0.00087728033994292887,0.011845335563271529,0,0.0109680552233286,False,False,False,2025-09-02,2025,1,2025-09-02,162,32
3144,52038,52044,2025-09-02 10:39:00,2025-09-02 11:09:00,1,7,-0.01296844402539489,0,-0.01296844402539489,0.01296844402539489,True,False,False,2025-09-02,2025,-1,2025-09-02,162,32
3145,52045,52056,2025-09-02 11:14:00,2025-09-02 13:44:00,-1,12,0.0033453983369594997,0.017242845963100523,0,0.013897447626141023,False,False,False,2025-09-02,2025,1,2025-09-02,162,32
3146,52057,52063,2025-09-02 13:49:00,2025-09-02 14:19:00,1,7,-0.0065660809099138259,0.0037189089676793021,-0.0065660809099138259,0.010284989877593128,False,True,False,2025-09-02,2025,-1,2025-09-02,162,32
3147,52064,52087,2025-09-02 14:24:00,2025-09-03 10:54:00,-1,24,0.00023395431959930034,0.014655618208299862,-0.00068645313881360304,0.014421663888700562,False,False,False,2025-09-03,2025,1,2025-09-03,163,32
3148,52088,52093,2025-09-03 10:59:00,2025-09-03 11:24:00,1,6,-0.012348648669642061,0.00050557453584943856,-0.012348648669642061,0.0128542232054915,False,True,False,2025-09-03,2025,-1,2025-09-03,163,32
3149,52094,52109,2025-09-03 11:29:00,2025-09-03 14:19:00,-1,16,-0.0041179623976605262,0.00797128741841663,-0.0041179623976605262,0.012089249816077157,False,True,False,2025-09-03,2025,-1,2025-09-03,163,32
3150,52110,52116,2025-09-03 14:24:00,2025-09-03 14:54:00,1,7,-0.010626799875239507,0.00046411303887485683,-0.010626799875239507,0.011090912914114364,False,True,False,2025-09-03,2025,-1,2025-09-03,163,32
3151,52117,52162,2025-09-03 14:59:00,2025-09-04 14:54:00,-1,46,0.055230165222606008,0.069466009380851734,-0.0002384074394412882,0.014235844158245727,False,False,False,2025-09-04,2025,1,2025-09-04,164,32
3152,52163,52219,2025-09-04 14:59:00,2025-09-08 10:24:00,1,57,0.026018419214459569,0.036355161452544776,-0.0033299847174451907,0.010336742238085207,False,False,False,2025-09-08,2025,1,2025-09-08,166,33
3153,52220,52230,2025-09-08 10:29:00,2025-09-08 11:19:00,-1,11,-0.0042989405798827644,0.0057900270169286856,-0.0042989405798827644,0.01008896759681145,False,True,False,2025-09-08,2025,-1,2025-09-08,166,33
3154,52231,52257,2025-09-08 11:24:00,2025-09-09 09:44:00,1,27,-0.0084732847786808951,0.0086835543443981034,-0.010551071132159414,0.017156839123078998,False,True,False,2025-09-09,2025,-1,2025-09-09,167,33
3155,52258,52303,2025-09-09 09:49:00,2025-09-10 09:44:00,-1,46,0.00056479424297613853,0.01326505543548097,-0.0096869154165635761,0.012700261192504832,False,False,False,2025-09-10,2025,1,2025-09-10,168,33
3156,52304,52309,2025-09-10 09:49:00,2025-09-10 10:14:00,1,6,-0.00093141378618435034,0.0077913928356954853,-0.0014093986113003377,0.0087228066218798354,False,True,False,2025-09-10,2025,-1,2025-09-10,168,33
3157,52310,52322,2025-09-10 10:19:00,2025-09-10 11:19:00,-1,13,-0.0032283743052199314,0.0063118408363117516,-0.0032283743052199314,0.0095402151415316834,False,True,False,2025-09-10,2025,-1,2025-09-10,168,33
3158,52323,52343,2025-09-10 11:24:00,2025-09-10 14:39:00,1,21,0.0018638890870044502,0.0096938184294024163,0,0.007829929342397967,False,False,False,2025-09-10,2025,1,2025-09-10,168,33
3159,52344,52355,2025-09-10 14:44:00,2025-09-11 10:14:00,-1,12,-0.0042461901519223449,0.010971391110577849,-0.0042461901519223449,0.015217581262500194,False,True,False,2025-09-11,2025,-1,2025-09-11,169,33
3160,52356,52378,2025-09-11 10:19:00,2025-09-11 13:44:00,1,23,0.038754762807264892,0.049205267552098815,0,0.010450504744833923,False,False,False,2025-09-11,2025,1,2025-09-11,169,33
3161,52379,52383,2025-09-11 13:49:00,2025-09-11 14:09:00,-1,5,-0.0078104427382347571,0.0010328461142213097,-0.0078104427382347571,0.008843288852456067,False,True,False,2025-09-11,2025,-1,2025-09-11,169,33
3162,52384,52410,2025-09-11 14:14:00,2025-09-12 10:59:00,1,27,0.0037661713431821507,0.022630167760057961,-0.0036518971577061904,0.018863996416875809,False,False,False,2025-09-12,2025,1,2025-09-12,170,34
3163,52411,52420,2025-09-12 11:04:00,2025-09-12 13:24:00,-1,10,-0.0066258094629132085,0.0015092755715538191,-0.0073708938036718711,0.0081350850344670267,False,True,False,2025-09-12,2025,-1,2025-09-12,170,34
3164,52421,52431,2025-09-12 13:29:00,2025-09-12 14:19:00,1,11,0.002508720417380816,0.011803678107817081,-0.0025673380223181284,0.009294957690436265,False,False,False,2025-09-12,2025,1,2025-09-12,170,34
3165,52432,52452,2025-09-12 14:24:00,2025-09-15 10:39:00,-1,21,-0.0084696076067375756,0.0089319648055716083,-0.0084696076067375756,0.017401572412309184,False,True,False,2025-09-15,2025,-1,2025-09-15,171,34
3166,52453,52458,2025-09-15 10:44:00,2025-09-15 11:09:00,1,6,-0.0069391807944981102,0.0028710478426278931,-0.0069391807944981102,0.0098102286371260037,False,True,False,2025-09-15,2025,-1,2025-09-15,171,34
3167,52459,52488,2025-09-15 11:14:00,2025-09-16 09:49:00,-1,30,-0.0095087879690275295,0.0040167866200693054,-0.014613646459540294,0.013525574589096836,False,True,False,2025-09-16,2025,-1,2025-09-16,172,34
3168,52489,52500,2025-09-16 09:54:00,2025-09-16 10:49:00,1,12,-0.0042740461369863859,0.0063404781207904957,-0.0059074235626379997,0.010614524257776882,False,True,False,2025-09-16,2025,-1,2025-09-16,172,34
3169,52501,52511,2025-09-16 10:54:00,2025-09-16 13:19:00,-1,11,-0.0074163248170073049,0.0015002423155077095,-0.0074163248170073049,0.0089165671325150148,False,True,False,2025-09-16,2025,-1,2025-09-16,172,34
3170,52512,52526,2025-09-16 13:24:00,2025-09-16 14:34:00,1,15,-0.0074680198605717348,4.3980531291958665e-05,-0.0074680198605717348,0.0075120003918636939,False,True,False,2025-09-16,2025,-1,2025-09-16,172,34
3171,52527,52535,2025-09-16 14:39:00,2025-09-17 09:54:00,-1,9,-0.011747047846953084,0.0047006308400978072,-0.011747047846953084,0.016447678687050892,False,True,False,2025-09-17,2025,-1,2025-09-17,173,34
3172,52536,52540,2025-09-17 09:59:00,2025-09-17 10:19:00,1,5,-0.0080833245209273111,0.0050672094678193783,-0.0080833245209273111,0.013150533988746689,False,True,False,2025-09-17,2025,-1,2025-09-17,173,34
3173,52541,52548,2025-09-17 10:24:00,2025-09-17 10:59:00,-1,8,-0.0019480215370368051,0.0075040050783511435,-0.0021022309022568067,0.0094520266153879477,False,True,False,2025-09-17,2025,-1,2025-09-17,173,34
3174,52549,52597,2025-09-17 11:04:00,2025-09-18 11:14:00,1,49,0.032449104007253669,0.047604650806233183,-0.00055094194098388694,0.015155546798979513,False,False,False,2025-09-18,2025,1,2025-09-18,174,34
3175,52598,52624,2025-09-18 11:19:00,2025-09-19 09:39:00,-1,27,0.013671976119561079,0.035030130128948442,-0.0076488166728559039,0.021358154009387363,False,False,False,2025-09-19,2025,1,2025-09-19,175,35
3176,52625,52640,2025-09-19 09:44:00,2025-09-19 10:59:00,1,16,-0.0063843464688881227,0.0056202534025775351,-0.0063843464688881227,0.012004599871465658,False,True,False,2025-09-19,2025,-1,2025-09-19,175,35
3177,52641,52662,2025-09-19 11:04:00,2025-09-19 14:24:00,-1,22,0.0032912093469543834,0.013296485564976302,-0.0060167086816757852,0.010005276218021919,False,False,False,2025-09-19,2025,1,2025-09-19,175,35
3178,52663,52668,2025-09-19 14:29:00,2025-09-19 14:54:00,1,6,-0.006402673461065796,0.0018031516406107526,-0.006402673461065796,0.008205825101676549,False,True,False,2025-09-19,2025,-1,2025-09-19,175,35
3179,52669,52675,2025-09-19 14:59:00,2025-09-22 10:04:00,-1,7,-0.0072319453497183203,0.0022436823384864436,-0.0072319453497183203,0.0094756276882047644,False,True,False,2025-09-22,2025,-1,2025-09-22,176,35
3180,52676,52691,2025-09-22 10:09:00,2025-09-22 11:24:00,1,16,0.0035638499677624648,0.011056468228929958,0,0.0074926182611674934,False,False,False,2025-09-22,2025,1,2025-09-22,176,35
3181,52692,52695,2025-09-22 11:29:00,2025-09-22 13:19:00,-1,4,-0.016805065441943351,0,-0.016805065441943351,0.016805065441943351,True,False,False,2025-09-22,2025,-1,2025-09-22,176,35
3182,52696,52703,2025-09-22 13:24:00,2025-09-22 13:59:00,1,8,-0.0017756230932298063,0.010820645471149313,-0.0017756230932298063,0.012596268564379119,False,True,False,2025-09-22,2025,-1,2025-09-22,176,35
3183,52704,52715,2025-09-22 14:04:00,2025-09-22 14:59:00,-1,12,-0.0032991454291546292,0.0027445055678685494,-0.0032991454291546292,0.0060436509970231787,False,True,False,2025-09-22,2025,-1,2025-09-22,176,35
3184,52716,52722,2025-09-23 09:39:00,2025-09-23 10:09:00,1,7,-0.0050922271875890905,0.0094662610958238334,-0.0050922271875890905,0.014558488283412923,False,True,False,2025-09-23,2025,-1,2025-09-23,177,35
3185,52723,52731,2025-09-23 10:14:00,2025-09-23 10:54:00,-1,9,0.0050104937897132162,0.019990122081091473,0,0.014979628291378257,False,False,False,2025-09-23,2025,1,2025-09-23,177,35
3186,52732,52738,2025-09-23 10:59:00,2025-09-23 11:29:00,1,7,-0.012051517815573015,0,-0.012051517815573015,0.012051517815573015,True,False,False,2025-09-23,2025,-1,2025-09-23,177,35
3187,52739,52756,2025-09-23 13:09:00,2025-09-23 14:34:00,-1,18,-0.0062860685007525641,0.0056161074195012215,-0.0062860685007525641,0.011902175920253786,False,True,False,2025-09-23,2025,-1,2025-09-23,177,35
3188,52757,52788,2025-09-23 14:39:00,2025-09-24 13:24:00,1,32,0.047337388917354145,0.059689695268519437,-0.0014320950812590411,0.012352306351165292,False,False,False,2025-09-24,2025,1,2025-09-24,178,35
3189,52789,52809,2025-09-24 13:29:00,2025-09-25 09:44:00,-1,21,-0.01484803193365002,0.00044817541646184579,-0.01484803193365002,0.015296207350111866,False,True,False,2025-09-25,2025,-1,2025-09-25,179,35
3190,52810,52835,2025-09-25 09:49:00,2025-09-25 13:29:00,1,26,0.0023472278224832177,0.0088983838554270479,-0.0088891899838236255,0.0065511560329438306,False,False,False,2025-09-25,2025,1,2025-09-25,179,35
3191,52836,52843,2025-09-25 13:34:00,2025-09-25 14:09:00,-1,8,-0.0025445134153249012,0.0069695696162178529,-0.0025445134153249012,0.0095140830315427541,False,True,False,2025-09-25,2025,-1,2025-09-25,179,35
3192,52844,52859,2025-09-25 14:14:00,2025-09-26 10:04:00,1,16,-0.0077143443258593384,0.0040941508215687362,-0.0095686711640964022,0.011808495147428075,False,True,False,2025-09-26,2025,-1,2025-09-26,180,36
3193,52860,52869,2025-09-26 10:09:00,2025-09-26 10:54:00,-1,10,-0.0074507194827613654,0.005361027676594317,-0.0074507194827613654,0.012811747159355683,False,True,False,2025-09-26,2025,-1,2025-09-26,180,36
3194,52870,52876,2025-09-26 10:59:00,2025-09-26 11:29:00,1,7,-0.008847962711084666,0.0007096009299551705,-0.008847962711084666,0.0095575636410398374,False,True,False,2025-09-26,2025,-1,2025-09-26,180,36
3195,52877,52910,2025-09-26 13:09:00,2025-09-29 10:29:00,-1,34,0.014772839773374022,0.027268823170124211,-0.0041587176779281799,0.012495983396750189,False,False,False,2025-09-29,2025,1,2025-09-29,181,36
3196,52911,52977,2025-09-29 10:34:00,2025-09-30 13:49:00,1,67,0.033851019128383564,0.040094910613905452,-0.0029462249002628919,0.006243891485521888,False,False,False,2025-09-30,2025,1,2025-09-30,182,36
3197,52978,52986,2025-09-30 13:54:00,2025-09-30 14:34:00,-1,9,-0.0040602955416306381,0.0040499730152899188,-0.0040602955416306381,0.0081102685569205569,False,True,False,2025-09-30,2025,-1,2025-09-30,182,36
3198,52987,53020,2025-09-30 14:39:00,2025-10-09 13:34:00,1,34,0.047784576836188503,0.056300166304919914,-0.0036254300252994542,0.0085155894687314118,False,False,False,2025-10-09,2025,1,2025-10-09,183,36
3199,53021,53087,2025-10-09 13:39:00,2025-10-13 09:54:00,-1,67,0.064864302268490243,0.085322168389154907,0,0.020457866120664664,False,False,False,2025-10-13,2025,1,2025-10-13,185,37
3200,53088,53090,2025-10-13 09:59:00,2025-10-13 10:09:00,1,3,-0.014263375809139889,0,-0.014263375809139889,0.014263375809139889,True,False,False,2025-10-13,2025,-1,2025-10-13,185,37
3201,53091,53094,2025-10-13 10:14:00,2025-10-13 10:29:00,-1,4,-0.0095337566418584267,0.00084620126063050295,-0.0095337566418584267,0.010379957902488929,False,True,False,2025-10-13,2025,-1,2025-10-13,185,37
3202,53095,53102,2025-10-13 10:34:00,2025-10-13 11:09:00,1,8,-0.0061698013063704905,0.0023676057432178372,-0.0061698013063704905,0.0085374070495883268,False,True,False,2025-10-13,2025,-1,2025-10-13,185,37
3203,53103,53115,2025-10-13 11:14:00,2025-10-13 13:49:00,-1,13,-0.0030862426768664105,0.011671124928183634,-0.0030862426768664105,0.014757367605050045,False,True,False,2025-10-13,2025,-1,2025-10-13,185,37
3204,53116,53136,2025-10-13 13:54:00,2025-10-14 10:09:00,1,21,0.0035602517503152036,0.015222645383312914,-0.002990295749150584,0.01166239363299771,False,False,False,2025-10-14,2025,1,2025-10-14,186,37
3205,53137,53158,2025-10-14 10:14:00,2025-10-14 13:34:00,-1,22,0.024326734542801497,0.037125415270471765,-0.00011573404329799121,0.012798680727670268,False,False,False,2025-10-14,2025,1,2025-10-14,186,37
3206,53159,53162,2025-10-14 13:39:00,2025-10-14 13:54:00,1,4,-0.0092016052885784232,0,-0.0092016052885784232,0.0092016052885784232,True,False,False,2025-10-14,2025,-1,2025-10-14,186,37
3207,53163,53185,2025-10-14 13:59:00,2025-10-15 10:24:00,-1,23,0.0015853502892387338,0.020801034534399864,-0.0017093600394539261,0.019215684245161131,False,False,False,2025-10-15,2025,1,2025-10-15,187,37
3208,53186,53191,2025-10-15 10:29:00,2025-10-15 10:54:00,1,6,-0.0082561416086561808,0,-0.011696205682956172,0.0082561416086561808,True,False,False,2025-10-15,2025,-1,2025-10-15,187,37
3209,53192,53201,2025-10-15 10:59:00,2025-10-15 13:19:00,-1,10,-0.0012931924466479811,0.0084467620368820807,-0.0033361520426557979,0.0097399544835300618,False,True,False,2025-10-15,2025,-1,2025-10-15,187,37
3210,53202,53246,2025-10-15 13:24:00,2025-10-16 13:14:00,1,45,0.010868942959060376,0.02417498177569237,0,0.013306038816631994,False,False,False,2025-10-16,2025,1,2025-10-16,188,37
3211,53247,53280,2025-10-16 13:19:00,2025-10-17 10:39:00,-1,34,0.023157620692124514,0.036261767976985548,0,0.013104147284861034,False,False,False,2025-10-17,2025,1,2025-10-17,189,37
3212,53281,53288,2025-10-17 10:44:00,2025-10-17 11:19:00,1,8,-0.0066282964809120833,0.0028785054528874822,-0.0066282964809120833,0.0095068019337995659,False,True,False,2025-10-17,2025,-1,2025-10-17,189,37
3213,53289,53316,2025-10-17 11:24:00,2025-10-20 09:49:00,-1,28,0.0055367229589479315,0.013947410425232239,-0.0033016086487029882,0.0084106874662843063,False,False,False,2025-10-20,2025,1,2025-10-20,190,38
3214,53317,53332,2025-10-20 09:54:00,2025-10-20 11:09:00,1,16,0.0077414129727305589,0.015208375219775427,0,0.0074669622470448678,False,False,False,2025-10-20,2025,1,2025-10-20,190,38
3215,53333,53359,2025-10-20 11:14:00,2025-10-20 14:59:00,-1,27,0.01288465038993134,0.019040141335707302,0,0.0061554909457759623,False,False,False,2025-10-20,2025,1,2025-10-20,190,38
3216,53360,53408,2025-10-21 09:39:00,2025-10-22 09:49:00,1,49,0.01165640640744837,0.030505431941316774,0,0.018849025533868406,False,False,False,2025-10-22,2025,1,2025-10-22,192,38
3217,53409,53413,2025-10-22 09:54:00,2025-10-22 10:14:00,-1,5,-0.011264788529714086,0,-0.011264788529714086,0.011264788529714086,True,False,False,2025-10-22,2025,-1,2025-10-22,192,38
3218,53414,53426,2025-10-22 10:19:00,2025-10-22 11:19:00,1,13,-0.001423548882485789,0.0034609888722442121,-0.0023044453052141825,0.0048845377547300011,False,True,False,2025-10-22,2025,-1,2025-10-22,192,38
3219,53427,53433,2025-10-22 11:24:00,2025-10-22 13:29:00,-1,7,-0.0051409589707167381,0.0040312512003190439,-0.0051409589707167381,0.0091722101710357828,False,True,False,2025-10-22,2025,-1,2025-10-22,192,38
3220,53434,53441,2025-10-22 13:34:00,2025-10-22 14:09:00,1,8,0.001252669202951391,0.013771078147430321,0,0.012518408944478929,False,False,False,2025-10-22,2025,1,2025-10-22,192,38
3221,53442,53465,2025-10-22 14:14:00,2025-10-23 10:44:00,-1,24,0.013837581670273527,0.020443997182875331,-0.0029900909005956561,0.0066064155126018039,False,False,False,2025-10-23,2025,1,2025-10-23,193,38
3222,53466,53471,2025-10-23 10:49:00,2025-10-23 11:14:00,1,6,-0.0051119939237398932,0.00041821394415679026,-0.0053367399073514683,0.0055302078678966839,False,True,False,2025-10-23,2025,-1,2025-10-23,193,38
3223,53472,53474,2025-10-23 11:19:00,2025-10-23 11:29:00,-1,3,-0.0081364946666582835,0,-0.0081364946666582835,0.0081364946666582835,True,False,False,2025-10-23,2025,-1,2025-10-23,193,38
3224,53475,53483,2025-10-23 13:09:00,2025-10-23 13:49:00,1,9,-0.0083539899913663788,0,-0.0083539899913663788,0.0083539899913663788,True,False,False,2025-10-23,2025,-1,2025-10-23,193,38
3225,53484,53488,2025-10-23 13:54:00,2025-10-23 14:14:00,-1,5,-0.010035109409082501,0,-0.010035109409082501,0.010035109409082501,True,False,False,2025-10-23,2025,-1,2025-10-23,193,38
3226,53489,53512,2025-10-23 14:19:00,2025-10-24 10:49:00,1,24,0.024918438892392664,0.035795528987024566,-0.0024651708456164111,0.010877090094631902,False,False,False,2025-10-24,2025,1,2025-10-24,194,38
3227,53513,53518,2025-10-24 10:54:00,2025-10-24 11:19:00,-1,6,-0.0092551309118521496,0,-0.0092551309118521496,0.0092551309118521496,True,False,False,2025-10-24,2025,-1,2025-10-24,194,38
3228,53519,53550,2025-10-24 11:24:00,2025-10-27 10:09:00,1,32,0.018243563444900392,0.032164619452046316,-0.00016650363224526496,0.013921056007145924,False,False,False,2025-10-27,2025,1,2025-10-27,195,39
3229,53551,53566,2025-10-27 10:14:00,2025-10-27 11:29:00,-1,16,-0.0036715503213455448,0.0061562202265360265,-0.0036715503213455448,0.0098277705478815713,False,True,False,2025-10-27,2025,-1,2025-10-27,195,39
3230,53567,53593,2025-10-27 13:09:00,2025-10-28 09:54:00,1,27,0.0014851840390576469,0.0091943023268414598,-0.0015893503311666184,0.0077091182877838133,False,False,False,2025-10-28,2025,1,2025-10-28,196,39
3231,53594,53596,2025-10-28 09:59:00,2025-10-28 10:09:00,-1,3,-0.0084619886414328584,0,-0.0084619886414328584,0.0084619886414328584,True,False,False,2025-10-28,2025,-1,2025-10-28,196,39
3232,53597,53615,2025-10-28 10:14:00,2025-10-28 13:19:00,1,19,-0.0037902676680504283,0.004405012872246419,-0.0037902676680504283,0.0081952805402968482,False,True,False,2025-10-28,2025,-1,2025-10-28,196,39
3233,53616,53625,2025-10-28 13:24:00,2025-10-28 14:09:00,-1,10,0.0038453138327962477,0.01285058465196306,0,0.0090052708191668118,False,False,False,2025-10-28,2025,1,2025-10-28,196,39
3234,53626,53644,2025-10-28 14:14:00,2025-10-29 10:19:00,1,19,-0.001280544372392921,0.0093140538140703607,-0.0036358743079266537,0.010594598186463283,False,True,False,2025-10-29,2025,-1,2025-10-29,197,39
3235,53645,53664,2025-10-29 10:24:00,2025-10-29 13:34:00,-1,20,0.00035260692152971505,0.0062295751682323389,-0.0015513489343966635,0.0058769682467026234,False,False,False,2025-10-29,2025,1,2025-10-29,197,39
3236,53665,53685,2025-10-29 13:39:00,2025-10-30 09:54:00,1,21,-0.0016969635220361367,0.011275855731866414,-0.0016969635220361367,0.012972819253902552,False,True,False,2025-10-30,2025,-1,2025-10-30,198,39
3237,53686,53694,2025-10-30 09:59:00,2025-10-30 10:39:00,-1,9,-0.011227723535542045,0.0014276781583611165,-0.011227723535542045,0.012655401693903161,False,True,False,2025-10-30,2025,-1,2025-10-30,198,39
3238,53695,53707,2025-10-30 10:44:00,2025-10-30 13:19:00,1,13,-0.014303162610349989,0.00092662232672322074,-0.014303162610349989,0.01522978493707321,False,True,False,2025-10-30,2025,-1,2025-10-30,198,39
3239,53708,53791,2025-10-30 13:24:00,2025-11-03 11:04:00,-1,84,0.058483316606485578,0.06509428789071367,-0.013039424331721056,0.0066109712842280927,False,False,False,2025-11-03,2025,1,2025-11-03,200,40
3240,53792,53832,2025-11-03 11:09:00,2025-11-04 10:39:00,1,41,0.013120778513552344,0.021803921636827751,-0.0038075705085755689,0.0086831431232754063,False,False,False,2025-11-04,2025,1,2025-11-04,201,40
3241,53833,53841,2025-11-04 10:44:00,2025-11-04 11:24:00,-1,9,0.00065624757153962096,0.0053337654334352381,-0.001539064752124917,0.0046775178618956173,False,False,False,2025-11-04,2025,1,2025-11-04,201,40
3242,53842,53845,2025-11-04 11:29:00,2025-11-04 13:19:00,1,4,-0.0047133631107908972,0,-0.0047133631107908972,0.0047133631107908972,True,False,False,2025-11-04,2025,-1,2025-11-04,201,40
3243,53846,53864,2025-11-04 13:24:00,2025-11-04 14:54:00,-1,19,0.004030018636252802,0.010427983875695955,0,0.0063979652394431531,False,False,False,2025-11-04,2025,1,2025-11-04,201,40
3244,53865,53868,2025-11-04 14:59:00,2025-11-05 09:49:00,1,4,-0.01558235676771242,0,-0.01558235676771242,0.01558235676771242,True,False,False,2025-11-05,2025,-1,2025-11-05,202,40
3245,53869,53877,2025-11-05 09:54:00,2025-11-05 10:34:00,-1,9,-0.0015049681391094802,0.0053293971690172495,-0.0022638983758503156,0.0068343653081267292,False,True,False,2025-11-05,2025,-1,2025-11-05,202,40
3246,53878,53882,2025-11-05 10:39:00,2025-11-05 10:59:00,1,5,-0.0057104106328301251,0,-0.0057104106328301251,0.0057104106328301251,True,False,False,2025-11-05,2025,-1,2025-11-05,202,40
3247,53883,53886,2025-11-05 11:04:00,2025-11-05 11:19:00,-1,4,-0.010546017040460431,0,-0.010546017040460431,0.010546017040460431,True,False,False,2025-11-05,2025,-1,2025-11-05,202,40
3248,53887,53937,2025-11-05 11:24:00,2025-11-06 13:19:00,1,51,0.037340675312025652,0.046841603529054358,0,0.0095009282170287063,False,False,False,2025-11-06,2025,1,2025-11-06,203,40
3249,53938,53948,2025-11-06 13:24:00,2025-11-06 14:14:00,-1,11,-0.0045318616614984679,0,-0.0060216976374318299,0.0045318616614984679,True,False,False,2025-11-06,2025,-1,2025-11-06,203,40
3250,53949,53961,2025-11-06 14:19:00,2025-11-07 09:54:00,1,13,-0.006654714647252767,0.0010932273225790496,-0.009745451227242085,0.0077479419698318168,False,True,False,2025-11-07,2025,-1,2025-11-07,204,40
3251,53962,53972,2025-11-07 09:59:00,2025-11-07 10:49:00,-1,11,-0.0015768065582415774,0.003667795005573478,-0.0018778690309782181,0.0052446015638150552,False,True,False,2025-11-07,2025,-1,2025-11-07,204,40
3252,53973,53991,2025-11-07 10:54:00,2025-11-07 13:59:00,1,19,-0.0044283726366618013,0.0037044586680715333,-0.0044283726366618013,0.0081328313047333341,False,True,False,2025-11-07,2025,-1,2025-11-07,204,40
3253,53992,54033,2025-11-07 14:04:00,2025-11-10 13:39:00,-1,42,0.017139182515728209,0.021578072697367966,-0.0052473305061066927,0.0044388901816397562,False,False,False,2025-11-10,2025,1,2025-11-10,205,41
3254,54034,54056,2025-11-10 13:44:00,2025-11-11 10:09:00,1,23,0.0044192734799121157,0.016428537945295356,-0.0028877006255138777,0.012009264465383241,False,False,False,2025-11-11,2025,1,2025-11-11,206,41
3255,54057,54090,2025-11-11 10:14:00,2025-11-11 14:34:00,-1,34,0.0077376187871598112,0.011528103968572564,-0.0020708287510063888,0.0037904851814127526,False,False,False,2025-11-11,2025,1,2025-11-11,206,41
3256,54091,54094,2025-11-11 14:39:00,2025-11-11 14:54:00,1,4,-0.0048936451613414327,0,-0.0048936451613414327,0.0048936451613414327,True,False,False,2025-11-11,2025,-1,2025-11-11,206,41
3257,54095,54103,2025-11-11 14:59:00,2025-11-12 10:14:00,-1,9,0.0020870728265665367,0.012858621742998257,-0.0012040419769012035,0.010771548916431721,False,False,False,2025-11-12,2025,1,2025-11-12,207,41
3258,54104,54109,2025-11-12 10:19:00,2025-11-12 10:44:00,1,6,-0.0046665060589100487,0.0027577660816730117,-0.0055093762268843514,0.0074242721405830599,False,True,False,2025-11-12,2025,-1,2025-11-12,207,41
3259,54110,54128,2025-11-12 10:49:00,2025-11-12 13:54:00,-1,19,0.00048674351394497814,0.009743500272529626,0,0.0092567567585846479,False,False,False,2025-11-12,2025,1,2025-11-12,207,41
3260,54129,54173,2025-11-12 13:59:00,2025-11-13 13:49:00,1,45,0.013073968993339654,0.017410911309647226,-0.002379004777838244,0.004336942316307572,False,False,False,2025-11-13,2025,1,2025-11-13,208,41
3261,54174,54186,2025-11-13 13:54:00,2025-11-13 14:54:00,-1,13,-0.0033652707505569509,0.0049466965979669359,-0.0033652707505569509,0.0083119673485238868,False,True,False,2025-11-13,2025,-1,2025-11-13,208,41
3262,54187,54190,2025-11-13 14:59:00,2025-11-14 09:49:00,1,4,-0.017028007383046353,0.00042879502111329486,-0.017028007383046353,0.017456802404159647,False,True,False,2025-11-14,2025,-1,2025-11-14,209,41
3263,54191,54201,2025-11-14 09:54:00,2025-11-14 10:44:00,-1,11,-0.010422826182437559,0,-0.010422826182437559,0.010422826182437559,True,False,False,2025-11-14,2025,-1,2025-11-14,209,41
3264,54202,54206,2025-11-14 10:49:00,2025-11-14 11:09:00,1,5,-0.0063883682273783238,0,-0.0065694246559192824,0.0063883682273783238,True,False,False,2025-11-14,2025,-1,2025-11-14,209,41
3265,54207,54237,2025-11-14 11:14:00,2025-11-17 09:54:00,-1,31,0.010511929888762879,0.012394459186249073,-0.0010277790745636954,0.0018825292974861945,False,False,False,2025-11-17,2025,1,2025-11-17,210,42
3266,54238,54239,2025-11-17 09:59:00,2025-11-17 10:04:00,1,2,-0.0033940457240008216,0,-0.0033940457240008216,0.0033940457240008216,True,False,False,2025-11-17,2025,-1,2025-11-17,210,42
3267,54240,54273,2025-11-17 10:09:00,2025-11-17 14:29:00,-1,34,0.0079398554168849857,0.011573203128245491,-0.00036708294284139536,0.0036333477113605055,False,False,False,2025-11-17,2025,1,2025-11-17,210,42
3268,54274,54300,2025-11-17 14:34:00,2025-11-18 11:19:00,1,27,0.0094147115922728532,0.016669193424531849,0,0.0072544818322589962,False,False,False,2025-11-18,2025,1,2025-11-18,211,42
3269,54301,54326,2025-11-18 11:24:00,2025-11-19 09:39:00,-1,26,0.0030401409836004157,0.0080907126267041295,-0.00075492998495133045,0.0050505716431037137,False,False,False,2025-11-19,2025,1,2025-11-19,212,42
3270,54327,54331,2025-11-19 09:44:00,2025-11-19 10:04:00,1,5,-0.0041565698916065643,0.0024533941113634231,-0.0052945290774377013,0.0066099640029699874,False,True,False,2025-11-19,2025,-1,2025-11-19,212,42
3271,54332,54341,2025-11-19 10:09:00,2025-11-19 10:54:00,-1,10,-0.0036195465328978443,0.0016112584603131487,-0.0036195465328978443,0.005230804993210993,False,True,False,2025-11-19,2025,-1,2025-11-19,212,42
3272,54342,54344,2025-11-19 10:59:00,2025-11-19 11:09:00,1,3,-0.0042622604328401816,0,-0.0053269712869992618,0.0042622604328401816,True,False,False,2025-11-19,2025,-1,2025-11-19,212,42
3273,54345,54361,2025-11-19 11:14:00,2025-11-19 14:09:00,-1,17,0.0053497856532844952,0.010287736275218446,0,0.0049379506219339505,False,False,False,2025-11-19,2025,1,2025-11-19,212,42
3274,54362,54372,2025-11-19 14:14:00,2025-11-20 09:39:00,1,11,0.0073873182869083238,0.0073873182869083238,-0.00063170961295987648,0,False,False,False,2025-11-20,2025,1,2025-11-20,213,42
3275,54373,54398,2025-11-20 09:44:00,2025-11-20 13:24:00,-1,26,0.011974413976290866,0.017182681133676041,0,0.0052082671573851751,False,False,False,2025-11-20,2025,1,2025-11-20,213,42
3276,54399,54402,2025-11-20 13:29:00,2025-11-20 13:44:00,1,4,-0.0041884251444905098,0,-0.0043683217044538742,0.0041884251444905098,True,False,False,2025-11-20,2025,-1,2025-11-20,213,42
3277,54403,54443,2025-11-20 13:49:00,2025-11-21 13:19:00,-1,41,0.026321105799263417,0.038701593223723768,-0.0032251454388879421,0.012380487424460351,False,False,False,2025-11-21,2025,1,2025-11-21,214,42
3278,54444,54452,2025-11-21 13:24:00,2025-11-21 14:04:00,1,9,-0.0027894450759151932,0.0046216408449276424,-0.0030595557843601275,0.0074110859208428356,False,True,False,2025-11-21,2025,-1,2025-11-21,214,42
3279,54453,54475,2025-11-21 14:09:00,2025-11-24 10:34:00,-1,23,0.0068135977554371046,0.015835323427435433,-0.0020581611011666035,0.009021725671998328,False,False,False,2025-11-24,2025,1,2025-11-24,215,43
3280,54476,54482,2025-11-24 10:39:00,2025-11-24 11:09:00,1,7,-0.0035334350740175062,0.0035132519723893234,-0.0035334350740175062,0.0070466870464068292,False,True,False,2025-11-24,2025,-1,2025-11-24,215,43
3281,54483,54491,2025-11-24 11:14:00,2025-11-24 13:29:00,-1,9,-0.0048145259620960062,0.0022557779702599371,-0.0048145259620960062,0.0070703039323559433,False,True,False,2025-11-24,2025,-1,2025-11-24,215,43
3282,54492,54509,2025-11-24 13:34:00,2025-11-24 14:59:00,1,18,0.004057586041055692,0.010796649056876976,0,0.0067390630158212835,False,False,False,2025-11-24,2025,1,2025-11-24,215,43
3283,54510,54512,2025-11-25 09:39:00,2025-11-25 09:49:00,-1,3,-0.013021197251629266,0,-0.013791310786120125,0.013021197251629266,True,False,False,2025-11-25,2025,-1,2025-11-25,216,43
3284,54513,54527,2025-11-25 09:54:00,2025-11-25 11:04:00,1,15,0.0008615727666016924,0.0092780257078434788,-0.0043573386782281417,0.0084164529412417873,False,False,False,2025-11-25,2025,1,2025-11-25,216,43
3285,54528,54560,2025-11-25 11:09:00,2025-11-26 09:59:00,-1,33,-0.0017817851495696762,0.013426933956796401,-0.0017817851495696762,0.015208719106366078,False,True,False,2025-11-26,2025,-1,2025-11-26,217,43
3286,54561,54588,2025-11-26 10:04:00,2025-11-26 13:54:00,1,28,0.0020747447261519119,0.0087560397026060343,-0.0016827137533053662,0.0066812949764541224,False,False,False,2025-11-26,2025,1,2025-11-26,217,43
3287,54589,54603,2025-11-26 13:59:00,2025-11-27 09:44:00,-1,15,-0.011961368618501217,0.0028510300119106591,-0.011961368618501217,0.014812398630411876,False,True,False,2025-11-27,2025,-1,2025-11-27,218,43
3288,54604,54614,2025-11-27 09:49:00,2025-11-27 10:39:00,1,11,0.0030036463301347776,0.011612384139759541,0,0.0086087378096247631,False,False,False,2025-11-27,2025,1,2025-11-27,218,43
3289,54615,54655,2025-11-27 10:44:00,2025-11-28 10:14:00,-1,41,0.014266802193067911,0.025366711326843282,-0.0037698568432573526,0.011099909133775371,False,False,False,2025-11-28,2025,1,2025-11-28,219,43
3290,54656,54676,2025-11-28 10:19:00,2025-11-28 13:34:00,1,21,2.2759601708428759e-05,0.0075353978183857447,-0.00040217173274812541,0.0075126382166773161,False,False,False,2025-11-28,2025,1,2025-11-28,219,43
3291,54677,54682,2025-11-28 13:39:00,2025-11-28 14:04:00,-1,6,-0.0062770097726200591,5.310654311800376e-05,-0.0064956161952427543,0.0063301163157380626,False,True,False,2025-11-28,2025,-1,2025-11-28,219,43
3292,54683,54696,2025-11-28 14:09:00,2025-12-01 09:49:00,1,14,-0.0040490778714513667,0.00048237813350549387,-0.0083198493455916428,0.004531456004956861,False,True,False,2025-12-01,2025,-1,2025-12-01,220,44
3293,54697,54708,2025-12-01 09:54:00,2025-12-01 10:49:00,-1,12,-0.0047650242889528092,0.0043391914664887314,-0.0047650242889528092,0.0091042157554415415,False,True,False,2025-12-01,2025,-1,2025-12-01,220,44
3294,54709,54743,2025-12-01 10:54:00,2025-12-02 09:54:00,1,35,0.00080576844166151238,0.010551419429894994,-0.0043941844080640008,0.009745650988233481,False,False,False,2025-12-02,2025,1,2025-12-02,221,44
3295,54744,54776,2025-12-02 09:59:00,2025-12-02 14:14:00,-1,33,0.0074422251494825273,0.0090132935332739566,-0.0027212537559353606,0.0015710683837914293,False,False,False,2025-12-02,2025,1,2025-12-02,221,44
3296,54777,54787,2025-12-02 14:19:00,2025-12-03 09:44:00,1,11,-0.0026426314102492017,0.0028549919240630768,-0.0026426314102492017,0.0054976233343122785,False,True,False,2025-12-03,2025,-1,2025-12-03,222,44
3297,54788,54793,2025-12-03 09:49:00,2025-12-03 10:14:00,-1,6,-0.0063366668739565542,0,-0.0063366668739565542,0.0063366668739565542,True,False,False,2025-12-03,2025,-1,2025-12-03,222,44
3298,54794,54797,2025-12-03 10:19:00,2025-12-03 10:34:00,1,4,-0.0063062520923704594,0,-0.0063062520923704594,0.0063062520923704594,True,False,False,2025-12-03,2025,-1,2025-12-03,222,44
3299,54798,54831,2025-12-03 10:39:00,2025-12-03 14:59:00,-1,34,0.0053596538941840851,0.0084527871599246705,-0.0024377753144501513,0.0030931332657405854,False,False,False,2025-12-03,2025,1,2025-12-03,222,44
3300,54832,54834,2025-12-04 09:39:00,2025-12-04 09:49:00,1,3,-0.0050273698455713875,0,-0.0050273698455713875,0.0050273698455713875,True,False,False,2025-12-04,2025,-1,2025-12-04,223,44
3301,54835,54841,2025-12-04 09:54:00,2025-12-04 10:24:00,-1,7,0.00022283095290978432,0.0030316810564251615,-0.004017794087535281,0.0028088501035153771,False,False,False,2025-12-04,2025,1,2025-12-04,223,44
3302,54842,54859,2025-12-04 10:29:00,2025-12-04 13:29:00,1,18,0.011681385145717378,0.017286271512563754,0,0.0056048863668463761,False,False,False,2025-12-04,2025,1,2025-12-04,223,44
3303,54860,54876,2025-12-04 13:34:00,2025-12-04 14:54:00,-1,17,-0.0053707164415041312,0,-0.0053707164415041312,0.0053707164415041312,True,False,False,2025-12-04,2025,-1,2025-12-04,223,44
3304,54877,54880,2025-12-04 14:59:00,2025-12-05 09:49:00,1,4,-0.012903306722236467,0.00074764100101934634,-0.012903306722236467,0.013650947723255813,False,True,False,2025-12-05,2025,-1,2025-12-05,224,44
3305,54881,54888,2025-12-05 09:54:00,2025-12-05 10:29:00,-1,8,-0.0076692987956074269,0,-0.0076692987956074269,0.0076692987956074269,True,False,False,2025-12-05,2025,-1,2025-12-05,224,44
3306,54889,54903,2025-12-05 10:34:00,2025-12-05 13:19:00,1,15,0.0010474781784352806,0.0092977516303168872,0,0.0082502734518816075,False,False,False,2025-12-05,2025,1,2025-12-05,224,44
3307,54904,54911,2025-12-05 13:24:00,2025-12-05 13:59:00,-1,8,-0.0045792997637420368,0.00031109273469973942,-0.0065559130063132624,0.0048903924984417761,False,True,False,2025-12-05,2025,-1,2025-12-05,224,44
3308,54912,54959,2025-12-05 14:04:00,2025-12-08 14:09:00,1,48,0.020347540091420344,0.025955541742914773,0,0.0056080016514944292,False,False,False,2025-12-08,2025,1,2025-12-08,225,45
3309,54960,54976,2025-12-08 14:14:00,2025-12-09 10:09:00,-1,17,-0.0050927881208947551,0.0065702527025467703,-0.0050927881208947551,0.011663040823441526,False,True,False,2025-12-09,2025,-1,2025-12-09,226,45
3310,54977,54980,2025-12-09 10:14:00,2025-12-09 10:29:00,1,4,-0.0073448244237214761,0,-0.0073448244237214761,0.0073448244237214761,True,False,False,2025-12-09,2025,-1,2025-12-09,226,45
3311,54981,54991,2025-12-09 10:34:00,2025-12-09 11:24:00,-1,11,-0.0038786420100466101,0.0026214086695423395,-0.0038786420100466101,0.0065000506795889496,False,True,False,2025-12-09,2025,-1,2025-12-09,226,45
3312,54992,54995,2025-12-09 11:29:00,2025-12-09 13:19:00,1,4,-0.0069462999618390385,0,-0.0069462999618390385,0.0069462999618390385,True,False,False,2025-12-09,2025,-1,2025-12-09,226,45
3313,54996,55012,2025-12-09 13:24:00,2025-12-09 14:44:00,-1,17,-0.00051316950222003526,0.002845799898718371,-0.0010409387232254512,0.0033589694009384065,False,True,False,2025-12-09,2025,-1,2025-12-09,226,45
3314,55013,55017,2025-12-09 14:49:00,2025-12-10 09:44:00,1,5,-0.013466427532075782,0.0028510989354451548,-0.013466427532075782,0.016317526467520937,False,True,False,2025-12-10,2025,-1,2025-12-10,227,45
3315,55018,55029,2025-12-10 09:49:00,2025-12-10 10:44:00,-1,12,-0.00072320745645116009,0.0060699016607629521,-0.00087380986637422737,0.006793109117214112,False,True,False,2025-12-10,2025,-1,2025-12-10,227,45
3316,55030,55066,2025-12-10 10:49:00,2025-12-11 09:59:00,1,37,0.011753831741855614,0.015994603663274432,0,0.0042407719214188171,False,False,False,2025-12-11,2025,1,2025-12-11,228,45
3317,55067,55096,2025-12-11 10:04:00,2025-12-11 14:04:00,-1,30,0.0075080195059143481,0.010752751545498842,-0.00082579766699500965,0.0032447320395844938,False,False,False,2025-12-11,2025,1,2025-12-11,228,45
3318,55097,55104,2025-12-11 14:09:00,2025-12-11 14:44:00,1,8,-0.00174874423967742,0.0016708316459834872,-0.00174874423967742,0.0034195758856609072,False,True,False,2025-12-11,2025,-1,2025-12-11,228,45
3319,55105,55122,2025-12-11 14:49:00,2025-12-12 10:49:00,-1,18,0.001503510980708115,0.012913355722429463,0,0.011409844741721348,False,False,False,2025-12-12,2025,1,2025-12-12,229,45
3320,55123,55155,2025-12-12 10:54:00,2025-12-15 09:44:00,1,33,0.0066434466213778284,0.016400782481752578,0,0.0097573358603747495,False,False,False,2025-12-15,2025,1,2025-12-15,230,46
3321,55156,55169,2025-12-15 09:49:00,2025-12-15 10:54:00,-1,14,-0.0004184225531026545,0.0055832363598402011,-0.0016278743411306464,0.0060016589129428559,False,True,False,2025-12-15,2025,-1,2025-12-15,230,46
3322,55170,55174,2025-12-15 10:59:00,2025-12-15 11:19:00,1,5,-0.0043871868887321863,0,-0.0043871868887321863,0.0043871868887321863,True,False,False,2025-12-15,2025,-1,2025-12-15,230,46
3323,55175,55212,2025-12-15 11:24:00,2025-12-16 10:39:00,-1,38,0.021171230989156586,0.024041554297658765,-0.001244741876808957,0.0028703233085021797,False,False,False,2025-12-16,2025,1,2025-12-16,231,46
3324,55213,55214,2025-12-16 10:44:00,2025-12-16 10:49:00,1,2,-0.0032008624361977091,0,-0.0032008624361977091,0.0032008624361977091,True,False,False,2025-12-16,2025,-1,2025-12-16,231,46
3325,55215,55232,2025-12-16 10:54:00,2025-12-16 13:54:00,-1,18,0.0025249233998423863,0.010511036651168305,0,0.007986113251325918,False,False,False,2025-12-16,2025,1,2025-12-16,231,46
3326,55233,55246,2025-12-16 13:59:00,2025-12-17 09:39:00,1,14,-0.0013497516578292947,0.00075506591151873232,-0.0036137082111120998,0.0021048175693480272,False,True,False,2025-12-17,2025,-1,2025-12-17,232,46
3327,55247,55248,2025-12-17 09:44:00,2025-12-17 09:49:00,-1,2,-0.0066922811903604006,0,-0.0066922811903604006,0.0066922811903604006,True,False,False,2025-12-17,2025,-1,2025-12-17,232,46
3328,55249,55252,2025-12-17 09:54:00,2025-12-17 10:09:00,1,4,-0.0081520621735316351,0,-0.0081520621735316351,0.0081520621735316351,True,False,False,2025-12-17,2025,-1,2025-12-17,232,46
3329,55253,55259,2025-12-17 10:14:00,2025-12-17 10:44:00,-1,7,-0.0025243084104244078,0.0033136454838359948,-0.0025936947652403391,0.0058379538942604026,False,True,False,2025-12-17,2025,-1,2025-12-17,232,46
3330,55260,55294,2025-12-17 10:49:00,2025-12-18 09:49:00,1,35,0.016614738744339767,0.022368681617816771,-0.00041641926309464233,0.005753942873477004,False,False,False,2025-12-18,2025,1,2025-12-18,233,46
3331,55295,55317,2025-12-18 09:54:00,2025-12-18 13:19:00,-1,23,-0.00044728653238253289,0.0056423430758073562,-0.0022571321294063704,0.0060896296081898891,False,True,False,2025-12-18,2025,-1,2025-12-18,233,46
3332,55318,55323,2025-12-18 13:24:00,2025-12-18 13:49:00,1,6,-0.0062192754084191169,0,-0.0062192754084191169,0.0062192754084191169,True,False,False,2025-12-18,2025,-1,2025-12-18,233,46
3333,55324,55341,2025-12-18 13:54:00,2025-12-19 09:54:00,-1,18,0.00018305798412763174,0.0032389681961021658,-0.0024527926129422235,0.0030559102119745341,False,False,False,2025-12-19,2025,1,2025-12-19,234,46
3334,55342,55353,2025-12-19 09:59:00,2025-12-19 10:54:00,1,12,0.0029781535385120755,0.0084618168268855223,-0.00077837049785049956,0.0054836632883734464,False,False,False,2025-12-19,2025,1,2025-12-19,234,46
3335,55354,55385,2025-12-19 10:59:00,2025-12-22 09:44:00,-1,32,-0.0085498762018741299,0.0049557893437367799,-0.0085498762018741299,0.013505665545610911,False,True,False,2025-12-22,2025,-1,2025-12-22,235,47
3336,55386,55440,2025-12-22 09:49:00,2025-12-23 10:29:00,1,55,0.011090936201986834,0.016342127180735248,-0.0027561435991810559,0.0052511909787484132,False,False,False,2025-12-23,2025,1,2025-12-23,236,47
3337,55441,55451,2025-12-23 10:34:00,2025-12-23 11:24:00,-1,11,-0.0012967657205487284,0.0028827503160044469,-0.0019519615209526856,0.0041795160365531749,False,True,False,2025-12-23,2025,-1,2025-12-23,236,47
3338,55452,55468,2025-12-23 11:29:00,2025-12-23 14:24:00,1,17,-0.0013489696589747209,0.0029747097426375043,-0.0013489696589747209,0.0043236794016122248,False,True,False,2025-12-23,2025,-1,2025-12-23,236,47
3339,55469,55477,2025-12-23 14:29:00,2025-12-24 09:44:00,-1,9,-0.0005964540981745702,0.004387397960344333,-0.0005964540981745702,0.0049838520585189037,False,True,False,2025-12-24,2025,-1,2025-12-24,237,47
3340,55478,55482,2025-12-24 09:49:00,2025-12-24 10:09:00,1,5,-0.0034270004757526733,0.00087167400443414968,-0.0036065135470302071,0.0042986744801868232,False,True,False,2025-12-24,2025,-1,2025-12-24,237,47
3341,55483,55489,2025-12-24 10:14:00,2025-12-24 10:44:00,-1,7,-0.00085971993378835914,0.0027335824308473986,-0.0014424139388155459,0.0035933023646357578,False,True,False,2025-12-24,2025,-1,2025-12-24,237,47
3342,55490,55527,2025-12-24 10:49:00,2025-12-25 10:04:00,1,38,0.0077192294897064032,0.011412561642944236,-0.00032884903136411327,0.0036933321532378327,False,False,False,2025-12-25,2025,1,2025-12-25,238,47
3343,55528,55535,2025-12-25 10:09:00,2025-12-25 10:44:00,-1,8,0.0015361157110768508,0.005450131527143685,0,0.0039140158160668338,False,False,False,2025-12-25,2025,1,2025-12-25,238,47
3344,55536,55567,2025-12-25 10:49:00,2025-12-25 14:59:00,1,32,0.0020920975336738649,0.0052294478643145521,-0.0018062823379740331,0.0031373503306406873,False,False,False,2025-12-25,2025,1,2025-12-25,238,47
3345,55568,55571,2025-12-26 09:39:00,2025-12-26 09:54:00,-1,4,-0.0039865884674238237,0.0029316501683257922,-0.0039865884674238237,0.0069182386357496163,False,True,False,2025-12-26,2025,-1,2025-12-26,239,47
3346,55572,55578,2025-12-26 09:59:00,2025-12-26 10:29:00,1,7,-0.0040681131268256662,0.0002657003063804012,-0.0040681131268256662,0.0043338134332060671,False,True,False,2025-12-26,2025,-1,2025-12-26,239,47
3347,55579,55588,2025-12-26 10:34:00,2025-12-26 11:19:00,-1,10,-0.0031597707153083695,0,-0.0031597707153083695,0.0031597707153083695,True,False,False,2025-12-26,2025,-1,2025-12-26,239,47
3348,55589,55590,2025-12-26 11:24:00,2025-12-26 11:29:00,1,2,-0.0078921621942630235,0,-0.0078921621942630235,0.0078921621942630235,True,False,False,2025-12-26,2025,-1,2025-12-26,239,47
3349,55591,55601,2025-12-26 13:09:00,2025-12-26 13:59:00,-1,11,-0.0031079247292608897,0.0015575920842623664,-0.0031598891707475575,0.0046655168135232563,False,True,False,2025-12-26,2025,-1,2025-12-26,239,47
3350,55602,55638,2025-12-26 14:04:00,2025-12-29 13:14:00,1,37,0.0030834939042364813,0.011851924987443531,-0.0021551892645628504,0.008768431083207049,False,False,False,2025-12-29,2025,1,2025-12-29,240,48
3351,55639,55661,2025-12-29 13:19:00,2025-12-30 09:44:00,-1,23,-0.0067342308612945451,0.0060052661442870098,-0.0067342308612945451,0.012739497005581555,False,True,False,2025-12-30,2025,-1,2025-12-30,241,48
3352,55662,55673,2025-12-30 09:49:00,2025-12-30 10:44:00,1,12,-0.0043761489063939146,0.0024522772935412804,-0.0043761489063939146,0.0068284261999351954,False,True,False,2025-12-30,2025,-1,2025-12-30,241,48
3353,55674,55686,2025-12-30 10:49:00,2025-12-30 13:24:00,-1,13,-0.0032581482456525441,0.0018253641939228473,-0.004927333784076858,0.0050835124395753918,False,True,False,2025-12-30,2025,-1,2025-12-30,241,48
3354,55687,55706,2025-12-30 13:29:00,2025-12-31 09:39:00,1,20,-0.0018784051606668577,0.0043253075499245161,-0.0018784051606668577,0.0062037127105913741,False,True,False,2025-12-31,2025,-1,2025-12-31,242,48
3355,55707,55714,2025-12-31 09:44:00,2025-12-31 10:19:00,-1,8,-0.0053680151844413973,0.0039006565318565707,-0.0053680151844413973,0.009268671716297968,False,True,False,2025-12-31,2025,-1,2025-12-31,242,48
3356,55715,55720,2025-12-31 10:24:00,2025-12-31 10:49:00,1,6,-0.004741488003994607,0.00062317402867916429,-0.004741488003994607,0.0053646620326737709,False,True,False,2025-12-31,2025,-1,2025-12-31,242,48
3357,55721,55751,2025-12-31 10:54:00,2025-12-31 14:59:00,-1,31,0.0091195716971354274,0.010436629268808627,0,0.0013170575716732,False,False,True,2025-12-31,2025,1,2025-12-31,242,48
