a,b,c,pnl_first_index,pnl_last_index,year,start,peak,end,bars,sigma,net_log,capture,peak_fraction,time_mass_skew,motion_concentration,half_height_width,negative_area_share,amplitude,net_trend_normalized
61,63,78,63,79,2022,2022-01-05 10:40:00,2022-01-05 10:50:00,2022-01-05 13:35:00,17,0.0014580106612521607,0.00817364649736923,0.5044944566581747,0.11764705882352941,0.33186765904299753,1.2725510247067549,0.5555555555555556,0.053815474949736694,0.010937006639815117,-0.7445705983435398
78,90,105,80,106,2022,2022-01-05 13:35:00,2022-01-05 14:35:00,2022-01-06 10:20:00,27,0.001443336239219733,0.004096734946937833,0.1324807991719871,0.4444444444444444,-0.1194408567949077,2.2398427995218686,0.5,0.0,0.016686504608297348,-0.7525743017412642
105,126,128,107,129,2022,2022-01-06 10:20:00,2022-01-06 13:35:00,2022-01-06 13:45:00,23,0.0017155073733920068,0.0012543704286978104,0.046930823961524405,0.9130434782608695,-0.39866643775855704,1.7212754502046752,0.5,0.04426446741273916,0.012670236559769954,0.8163905605805803
128,129,142,130,143,2022,2022-01-06 13:45:00,2022-01-06 13:50:00,2022-01-06 14:55:00,14,0.001702665414979007,-0.0017352572785960725,-0.18845885566105175,0.07142857142857142,1.2048539445795714,1.440371096216834,0.4,0.1588959777901477,0.0042179987458279555,-0.68552912818303
142,145,167,144,168,2022,2022-01-06 14:55:00,2022-01-07 09:40:00,2022-01-07 11:30:00,25,0.0016301003249869798,-0.001826050121106821,-0.059257526232165576,0.12,2.77345336844374,2.072502404579041,0.07692307692307693,0.34496589683088413,0.014523116093198674,-0.5677024315585065
167,173,194,169,195,2022,2022-01-07 11:30:00,2022-01-07 13:30:00,2022-01-10 09:45:00,27,0.0015953477157357153,0.008836184484892599,0.2524652936810024,0.2222222222222222,-0.00637707094765019,2.2601714354936706,0.8214285714285714,0.0037477225328405054,0.021301764810800705,-0.7248890237155422
194,203,205,196,206,2022,2022-01-10 09:45:00,2022-01-10 10:30:00,2022-01-10 10:40:00,11,0.0021475421202801544,-0.014349284532218757,-0.4516331234779807,0.8181818181818182,-0.04076407475687103,1.4169712095226334,0.5,0.0,0.022755825834615884,0.8187126523456203
205,213,229,207,230,2022,2022-01-10 10:40:00,2022-01-10 11:20:00,2022-01-10 14:10:00,24,0.0022292875719424573,0.0026596503282529443,0.1691279546848571,0.3333333333333333,0.5242058292289117,1.682212858012955,0.44,0.0,0.006295482750342529,-0.2053325796893537
229,238,258,231,259,2022,2022-01-10 14:10:00,2022-01-10 14:55:00,2022-01-11 11:05:00,29,0.0018228634449198571,0.013464555052396434,0.4054960693447012,0.3103448275862069,0.435471856006065,1.618231029042186,0.3,0.042659470961743697,0.01622645082550278,-0.8071087388200564
258,262,282,260,283,2022,2022-01-11 11:05:00,2022-01-11 11:25:00,2022-01-11 14:35:00,24,0.0012710666552098167,-0.003554844694790352,-0.20451968906502535,0.16666666666666666,0.5789559326116913,1.6651759113984559,0.32,0.16524563401028863,0.005698768097601281,-0.4496969268294988
282,298,309,284,310,2022,2022-01-11 14:35:00,2022-01-12 10:25:00,2022-01-12 11:20:00,27,0.0017002751782931801,-0.006279362743951766,-0.16276571235679463,0.5925925925925926,0.1316138997720069,2.126586466981546,0.39285714285714285,0.05717949682262896,0.016646393833013917,0.4657406262317107
309,328,340,311,341,2022,2022-01-12 11:20:00,2022-01-12 14:25:00,2022-01-13 09:55:00,31,0.0017160920980955577,-0.011428198077628567,-0.31403760411589876,0.6129032258064516,-0.292770633167258,3.5764968767193928,0.53125,0.015065410476917685,0.013967626282544998,-0.2794736495938834
340,351,376,342,377,2022,2022-01-13 09:55:00,2022-01-13 10:50:00,2022-01-13 14:25:00,36,0.0018591356319501602,-0.005543595758023491,-0.1500975596944459,0.3055555555555556,0.29672368872522253,1.7609644042172543,0.40540540540540543,0.0,0.011228834043156333,-0.1612776079055381
376,379,382,378,383,2022,2022-01-13 14:25:00,2022-01-13 14:40:00,2022-01-13 14:55:00,6,0.0018798255782602506,0.00028537602340948637,0.052988408958120924,0.5,0.4666977046328997,1.3525364557833792,0.14285714285714285,0.020877571060150143,0.0024348722549509816,-0.07920268087364345
382,398,405,384,406,2022,2022-01-13 14:55:00,2022-01-14 10:45:00,2022-01-14 11:20:00,23,0.0016033192731481013,0.008003325709696807,0.1636164062839483,0.6956521739130435,-0.22281333547210289,1.5719106906500078,0.2916666666666667,0.0323397439872351,0.0148659726477538,0.7010666205915619
405,417,422,407,423,2022,2022-01-14 11:20:00,2022-01-14 13:50:00,2022-01-14 14:15:00,17,0.0015593449589445876,-0.003970356937859881,-0.4281789987436326,0.7058823529411765,-0.12668098058433716,1.641835733842724,0.5,0.07061908155474975,0.005570917679085241,0.3710097789583533
422,443,447,424,448,2022,2022-01-14 14:15:00,2022-01-17 10:30:00,2022-01-17 10:50:00,25,0.001686983731060954,-0.0070029284800922215,-0.169986946057419,0.84,-0.4642038237997779,1.6993121402067892,0.34615384615384615,0.1954546676242267,0.018071029534135974,0.719626925138761
447,467,471,449,472,2022,2022-01-17 10:50:00,2022-01-17 14:00:00,2022-01-17 14:20:00,24,0.0017077819959754228,-0.0007079476119089979,-0.04534169453808591,0.8333333333333334,0.21811712085515267,1.8007454758049795,0.64,0.0,0.007790885163521999,0.7526487611683781
471,490,509,473,510,2022,2022-01-17 14:20:00,2022-01-18 10:25:00,2022-01-18 13:30:00,38,0.0016637279940011627,0.0033787527518331023,0.06910389173467947,0.5,-0.015188151164504587,2.288860469328957,0.358974358974359,0.01163742516385417,0.01977222525562805,0.13519064004912262
509,512,517,511,518,2022,2022-01-18 13:30:00,2022-01-18 13:45:00,2022-01-18 14:10:00,8,0.0016843167279655146,0.0005667708384064256,0.18013517230455903,0.375,-0.028461961129081077,1.674263529713322,0.5555555555555556,0.148358868410925,0.001827029349178666,-0.20410060364080979
517,522,532,519,533,2022,2022-01-18 14:10:00,2022-01-18 14:35:00,2022-01-19 09:55:00,15,0.0016800088821287552,-0.0004809876394083149,-0.026999749712393526,0.3333333333333333,-0.026459109713366125,2.621540052328693,0.4375,0.0,0.011912117931292876,-0.760508040480949
532,536,547,534,548,2022,2022-01-19 09:55:00,2022-01-19 10:15:00,2022-01-19 11:10:00,15,0.0014769490442944413,-0.004738471369280101,-0.2610715904709261,0.26666666666666666,0.39157316226238775,1.7849123793827233,0.5,0.0,0.009761310821195579,-0.40564476124023263
547,549,563,549,564,2022,2022-01-19 11:10:00,2022-01-19 11:20:00,2022-01-19 14:00:00,16,0.0015122993598568816,0.001474608645251636,0.1135521006042499,0.125,0.2694591878471162,1.346937562715228,0.4117647058823529,0.08269945619865052,0.005463111231808426,-0.2754828789046588
567,573,577,569,578,2022,2022-01-19 14:20:00,2022-01-19 14:50:00,2022-01-20 09:40:00,10,0.0015667709611866592,-0.0073737865411758405,-0.6484140662556671,0.6,-0.10758715156721142,1.2888375432673507,0.5454545454545454,0.0,0.005226921026897813,0.401496205404686
577,578,594,579,595,2022,2022-01-20 09:40:00,2022-01-20 09:45:00,2022-01-20 11:05:00,17,0.001556689193051008,0.009210781478979276,0.33017890387988014,0.058823529411764705,0.07007602067238271,1.7448468120620384,0.1111111111111111,0.10430584194485004,0.013200261385388323,-0.5951615325581918
594,599,652,596,653,2022,2022-01-20 11:05:00,2022-01-20 11:30:00,2022-01-21 13:25:00,58,0.0016324799220654635,0.013258460419587248,0.18930956630713516,0.08620689655172414,0.7400326280107951,2.646725703212963,0.4406779661016949,0.04936698381261002,0.020932771737720124,-0.7669894167518236
652,657,667,654,668,2022,2022-01-21 13:25:00,2022-01-21 13:50:00,2022-01-21 14:40:00,15,0.0019992934999262155,-0.008308134198694498,-0.5335823762641936,0.3333333333333333,0.43645173596915404,1.2140945769429048,0.375,0.019398124163290034,0.004403162837880892,-0.05633985483027584
667,675,681,669,682,2022,2022-01-21 14:40:00,2022-01-24 09:50:00,2022-01-24 10:20:00,14,0.002013890276130335,-0.016721625872104448,-0.5458510565233006,0.5714285714285714,0.3820145595883503,2.522014425543324,0.3333333333333333,0.03368134245072724,0.014136143376082266,0.31685385745382527
681,702,712,683,713,2022,2022-01-24 10:20:00,2022-01-24 13:35:00,2022-01-24 14:25:00,31,0.0017871929762022375,-0.001639242814439279,-0.056168069930442384,0.6774193548387096,-0.2082905743906262,1.7836947926063402,0.5625,0.0,0.012098762417816822,0.6804539123940683
712,715,716,714,717,2022,2022-01-24 14:25:00,2022-01-24 14:40:00,2022-01-24 14:45:00,4,0.0018047442800106508,-0.000229670347505551,-0.16488971226474164,0.75,-0.38639354677340976,1.3601063174601364,0.6,0.0,0.0007194299975852303,-0.17026358027785388
716,721,733,718,734,2022,2022-01-24 14:45:00,2022-01-25 09:40:00,2022-01-25 10:40:00,17,0.001363622033443445,-0.0020141868886229247,-0.08462789726897862,0.29411764705882354,0.2138422011785359,2.3186807217693173,0.3333333333333333,0.027872589679529804,0.014106407097038698,-0.7957806234878392
733,737,748,735,749,2022,2022-01-25 10:40:00,2022-01-25 11:00:00,2022-01-25 13:25:00,15,0.0014678610412298364,-0.002692398336218219,-0.12887332292325515,0.26666666666666666,0.14166142063961176,1.3848263105417675,0.3125,0.05031953364228506,0.010553616050281711,-0.34765498640417275
748,755,766,750,767,2022,2022-01-25 13:25:00,2022-01-25 14:00:00,2022-01-25 14:55:00,18,0.0014385857937246125,0.007699336360713251,0.41009731867666,0.3888888888888889,-0.03868848972875855,1.347038686813827,0.5263157894736842,0.0,0.009965992682939628,-0.7694539411466016
766,768,773,768,774,2022,2022-01-25 14:55:00,2022-01-26 09:35:00,2022-01-26 10:00:00,7,0.0019416101353421627,-0.008103050762165387,-0.32142254000180365,0.2857142857142857,0.49767428916858275,1.665255988670976,0.375,0.0,0.016483717527814967,-0.5277198322436375
773,776,781,775,782,2022,2022-01-26 10:00:00,2022-01-26 10:15:00,2022-01-26 10:40:00,8,0.0023517824029328886,-0.018399230862286835,-0.9660723588549532,0.375,0.3505409381619983,1.608537328040418,0.3333333333333333,0.0,0.010685877029342095,0.22372111096831881
781,785,796,783,797,2022,2022-01-26 10:40:00,2022-01-26 11:00:00,2022-01-26 13:25:00,15,0.0022626156828701167,0.005191491942923886,0.40676558803650403,0.26666666666666666,0.1634558082861193,1.7645497855980115,0.6875,0.0,0.008417033541112673,-0.6204852771964238
796,812,832,798,833,2022,2022-01-26 13:25:00,2022-01-26 14:45:00,2022-01-27 10:55:00,36,0.0022992282722258347,0.0059097318271800914,0.11751205429864416,0.4444444444444444,-0.0382516997206977,1.7902784003966248,0.5135135135135135,0.016360119783299203,0.02167879472626666,-0.3355740511839808
832,833,846,834,847,2022,2022-01-27 10:55:00,2022-01-27 11:00:00,2022-01-27 13:35:00,14,0.0016886363706750639,0.004279373184415825,0.3453590216038,0.07142857142857142,-0.6379636543930438,1.4605183649174256,0.13333333333333333,0.23408348305950358,0.006762831940095637,-0.6195770480175395
846,851,862,848,863,2022,2022-01-27 13:35:00,2022-01-27 14:00:00,2022-01-27 14:55:00,16,0.0017042329479360014,-0.005716851730626855,-0.23247017430028977,0.3125,0.2837931397454039,1.4469498181302318,0.47058823529411764,0.019084481796639775,0.01213030134880455,-0.5441352724949029
862,865,873,864,874,2022,2022-01-27 14:55:00,2022-01-28 09:40:00,2022-01-28 10:20:00,11,0.002262358908155876,-0.009846643952525986,-0.2883357524950502,0.2727272727272727,0.6150425969813673,1.811722850645654,0.4166666666666667,0.0,0.018019666687296265,-0.42553632401216296
873,884,890,875,891,2022,2022-01-28 10:20:00,2022-01-28 11:15:00,2022-01-28 13:15:00,17,0.0026853785498301415,-0.017598081298493683,-0.5671858684270812,0.6470588235294118,-0.1407766992863786,2.1228101818697103,0.4444444444444444,0.0,0.015213651503596104,0.6761105281869805
890,894,908,892,909,2022,2022-01-28 13:15:00,2022-01-28 13:35:00,2022-01-28 14:45:00,18,0.002721996030787855,0.011675913055914216,0.40095473297528633,0.2222222222222222,0.28941490870058706,1.4389985343002627,0.5263157894736842,0.0,0.016962180298863316,-0.5393643502418256
908,914,932,910,933,2022,2022-01-28 14:45:00,2022-02-07 09:45:00,2022-02-07 11:15:00,24,0.003701036951047649,-0.03236378613011785,-0.6315173732938115,0.25,1.0027099517114246,4.226506662039855,0.2,0.03483986054423619,0.02607227021874614,0.09144422890367353
932,938,945,934,946,2022,2022-02-07 11:15:00,2022-02-07 13:15:00,2022-02-07 13:50:00,13,0.0035035351584841194,0.001662416400439507,0.1619556428516582,0.46153846153846156,0.3107141847196657,1.4524338455673615,0.35714285714285715,0.09044139182659663,0.0036624438296923856,-0.6022086415479139
945,949,984,947,985,2022,2022-02-07 13:50:00,2022-02-07 14:10:00,2022-02-08 13:05:00,39,0.001713759288368978,0.03246631359988599,0.5568191446297338,0.10256410256410256,0.6517140679859853,1.9068724917674797,0.25,0.0071649965019915446,0.03449398985256291,-0.9294856325195455
984,994,997,986,998,2022,2022-02-08 13:05:00,2022-02-08 13:55:00,2022-02-08 14:10:00,13,0.0019775208488041723,-0.006501521823648831,-0.2767734256463269,0.7692307692307693,-0.30466300936292584,1.3889203388425941,0.5,0.0,0.010613872532340807,0.553550566966409
997,1009,1016,999,1017,2022,2022-02-08 14:10:00,2022-02-09 09:40:00,2022-02-09 10:15:00,19,0.0020812921416640024,-0.002602817468867083,-0.10395459690181447,0.631578947368421,-0.5324962685432013,2.07939491913994,0.3,0.029967209615727304,0.010989761048552538,-0.16924704706514143
1016,1022,1026,1018,1027,2022,2022-02-09 10:15:00,2022-02-09 10:45:00,2022-02-09 11:05:00,10,0.0019481997314875165,-0.01118460954291048,-0.8301667188058189,0.6,0.013703461975044075,1.3794485093555426,0.36363636363636365,0.08650946839674829,0.0075867400879827684,0.15286785410555045
1026,1036,1040,1028,1041,2022,2022-02-09 11:05:00,2022-02-09 13:25:00,2022-02-09 13:45:00,14,0.0018621818376122117,-0.005656477937319998,-0.5496734637044405,0.7142857142857143,-0.5473207328294462,1.9980199146632989,0.4,0.03034205721922156,0.005770462016053024,0.5785134261953898
1040,1051,1069,1042,1070,2022,2022-02-09 13:45:00,2022-02-09 14:40:00,2022-02-10 10:40:00,29,0.0016376424082481288,-0.0034927023212060473,-0.07761803190711652,0.3793103448275862,0.2835098879349948,2.4735632893051056,0.4,0.0202822525091118,0.017676325115145275,-0.48921432171112833
1069,1071,1089,1071,1090,2022,2022-02-10 10:40:00,2022-02-10 10:50:00,2022-02-10 13:50:00,20,0.0018928934076227837,0.008591183193522704,0.39628902335663174,0.1,0.3231224127514287,1.4705694022186033,0.42857142857142855,0.03608470625808498,0.010750396667507545,-0.7398502406234951
1089,1093,1095,1091,1096,2022,2022-02-10 13:50:00,2022-02-10 14:10:00,2022-02-10 14:20:00,6,0.0019724017673216237,-0.0064345563891009035,-0.5895383234740469,0.6666666666666666,0.2368092728438018,1.2275520845427061,0.2857142857142857,0.06788242248875172,0.005985770095750631,0.12841601839827033
1095,1099,1117,1097,1118,2022,2022-02-10 14:20:00,2022-02-10 14:40:00,2022-02-11 10:40:00,22,0.00194478574947354,-0.0007292819693091046,-0.02490191560444913,0.18181818181818182,0.28238906952188825,1.810838677687506,0.5217391304347826,0.05846424135518458,0.009230366618419694,-0.5677276705491769
1117,1122,1152,1119,1153,2022,2022-02-11 10:40:00,2022-02-11 11:05:00,2022-02-14 09:35:00,35,0.001569721164302222,0.004411018587714785,0.11020853065053476,0.14285714285714285,0.3037760195885013,1.3736893748567038,0.4166666666666667,0.00315683226916207,0.01207583696720782,-0.77397702058289
1152,1158,1159,1154,1160,2022,2022-02-14 09:35:00,2022-02-14 10:05:00,2022-02-14 10:10:00,7,0.0015217221817122228,-0.014029322669660116,-0.5453848779507698,0.8571428571428571,-1.1570026317811561,1.1143660474635655,0.25,0.2060935823327114,0.011343438335714495,0.41143380819562186
1159,1162,1194,1161,1195,2022,2022-02-14 10:10:00,2022-02-14 10:25:00,2022-02-14 14:35:00,35,0.0018236269814440416,0.007457863363262594,0.22472180812311363,0.08571428571428572,0.18273450170542888,1.7133119714123644,0.19444444444444445,0.0,0.013392618543824675,-0.6651810416839686
1194,1222,1226,1196,1227,2022,2022-02-14 14:35:00,2022-02-15 11:25:00,2022-02-15 13:15:00,32,0.002069114466193917,0.006585935997771757,0.11596351495002404,0.875,0.0003996945305040501,2.0306991133036862,0.6363636363636364,0.012021304875830103,0.033518531101933036,0.8273123668996096
1226,1234,1237,1228,1238,2022,2022-02-15 13:15:00,2022-02-15 13:55:00,2022-02-15 14:10:00,11,0.0020872331269391176,-0.007464651016334732,-0.8263537344360813,0.7272727272727273,-0.2751905081378397,1.2196224619293345,0.5,0.0,0.004109011351902225,0.19747993792978727
1237,1247,1250,1239,1251,2022,2022-02-15 14:10:00,2022-02-15 15:00:00,2022-02-16 09:45:00,13,0.0020070912092882047,0.0011199238953758092,0.047791379535132676,0.7692307692307693,-0.4207771121744928,1.8355082499926674,0.5,0.0,0.007763212227567706,0.14855920460134742
1250,1254,1258,1252,1259,2022,2022-02-16 09:45:00,2022-02-16 10:05:00,2022-02-16 10:25:00,8,0.001553644199001874,0.0005030727209443722,0.042249252984336766,0.5,0.09754773163633698,2.141648598992948,0.5555555555555556,0.00016213134400502811,0.006551832260884183,0.4328244079445278
1258,1267,1292,1260,1293,2022,2022-02-16 10:25:00,2022-02-16 11:10:00,2022-02-16 14:45:00,34,0.0014154687311560186,-0.00461474242767773,-0.20049950495880925,0.2647058823529412,0.26902342905920656,1.6244361175353306,0.6,0.007858040790058585,0.007773331971622888,-0.39382510466637005
1292,1318,1321,1294,1322,2022,2022-02-16 14:45:00,2022-02-17 11:25:00,2022-02-17 13:10:00,29,0.0012509986079621645,0.004237011721925839,0.09830470283413185,0.896551724137931,-1.3870047604592022,1.6614990849703974,0.23333333333333334,0.06468105901687643,0.016225351392955112,0.5260270328050405
1321,1327,1347,1323,1348,2022,2022-02-17 13:10:00,2022-02-17 13:40:00,2022-02-18 09:50:00,26,0.0016161417544649705,0.007441036332894397,0.2166241424138293,0.23076923076923078,0.055777658228516526,2.3324795603383164,0.8148148148148148,0.005436600751592751,0.01266863640048932,-0.5913211190042129
1347,1351,1355,1349,1356,2022,2022-02-18 09:50:00,2022-02-18 10:10:00,2022-02-18 10:30:00,8,0.0018851155924563753,-0.007401097806130965,-0.7189283320038499,0.5,-0.04670598059667455,1.3089080962446031,0.6666666666666666,0.0,0.004729085977406733,0.23986757255350782
1355,1361,1366,1357,1367,2022,2022-02-18 10:30:00,2022-02-18 11:00:00,2022-02-18 11:25:00,11,0.0018854245202124054,0.0005749832454971353,0.052038998131577655,0.5454545454545454,-0.2997896988980923,1.6597612696097719,0.25,0.008515254168283996,0.005254593220305637,0.11736057909861222
1366,1369,1380,1368,1381,2022,2022-02-18 11:25:00,2022-02-18 13:10:00,2022-02-18 14:05:00,14,0.001599732677282678,0.0016007740491206898,0.17872601478916672,0.21428571428571427,0.4909080721146862,1.4671011850975357,0.26666666666666666,0.0022716123276082714,0.0042051331207071385,-0.38663715572985885
1380,1392,1408,1382,1409,2022,2022-02-18 14:05:00,2022-02-21 09:35:00,2022-02-21 10:55:00,28,0.001502330615248553,0.0019445052375218035,0.06333891291616611,0.42857142857142855,0.045376478988291266,2.5869545064816384,0.27586206896551724,0.0,0.014939431575785811,-0.28883786162977715
1411,1418,1446,1413,1447,2022,2022-02-21 11:10:00,2022-02-21 13:15:00,2022-02-22 10:05:00,35,0.001513780197787162,0.012360981166514141,0.2862218539791964,0.2,-0.29248710720470805,5.333096195789299,0.6111111111111112,0.021841977775755337,0.02604368821002101,-0.7531105492821278
1446,1459,1468,1448,1469,2022,2022-02-22 10:05:00,2022-02-22 11:10:00,2022-02-22 13:25:00,22,0.002639748110695468,-0.007959006816874909,-0.26226156590722466,0.5909090909090909,-0.07923356290696772,2.0529130985954738,0.43478260869565216,0.022119882282077608,0.01268365179756259,0.4035130601828506
1468,1469,1477,1470,1478,2022,2022-02-22 13:25:00,2022-02-22 13:30:00,2022-02-22 14:10:00,9,0.0026596361662468305,-4.2476011678807286e-05,-0.0041524837149444944,0.1111111111111111,0.6559869497870305,1.5736519660671593,0.3,0.12535203461629732,0.0036674857733647315,-0.044008519158451685
1477,1518,1526,1479,1527,2022,2022-02-22 14:10:00,2022-02-23 13:35:00,2022-02-23 14:15:00,49,0.0024711318484809115,0.034952671415368446,0.5236030675414,0.8367346938775511,0.19590734247956054,3.4211193731685934,0.58,0.045303960904599566,0.04646633243642739,0.9574394258494029
1526,1528,1531,1528,1532,2022,2022-02-23 14:15:00,2022-02-23 14:25:00,2022-02-23 14:40:00,5,0.002313589026477974,0.0004305565212556089,0.1545450602301041,0.4,-0.007070011517314778,1.1280296514237684,0.3333333333333333,0.24615082343920347,0.0009259786386950353,0.4913078576799247
1531,1532,1538,1533,1539,2022,2022-02-23 14:40:00,2022-02-23 14:45:00,2022-02-24 09:45:00,7,0.0023154737121320176,-0.006012042156627966,-0.45758514401771827,0.14285714285714285,-0.42801836983308783,4.003170791734743,0.5,0.0,0.006280082056062675,-0.9560335393354058
1538,1545,1576,1540,1577,2022,2022-02-24 09:45:00,2022-02-24 10:20:00,2022-02-24 14:25:00,38,0.0015786660730079385,0.02172761333541217,0.3135341711739394,0.18421052631578946,0.6350634842666276,2.019131411379031,0.41025641025641024,0.0,0.031109703609768502,-0.6055639015363867
1576,1595,1611,1578,1612,2022,2022-02-24 14:25:00,2022-02-25 10:30:00,2022-02-25 13:20:00,35,0.0037401095147282255,0.01285115106752755,0.15590917175864977,0.5428571428571428,0.06729335895298341,2.4094682358239976,0.5277777777777778,0.0005749253640761736,0.04241805569042345,0.7261753216812886
1611,1614,1622,1613,1623,2022,2022-02-25 13:20:00,2022-02-25 13:35:00,2022-02-25 14:15:00,11,0.0034537122033489187,0.0008963576986380922,0.07733360537480029,0.2727272727272727,-0.018708376130805428,1.85841697078436,0.6666666666666666,0.05996189239940233,0.005567628619249199,-0.1320110143485821
1622,1630,1635,1624,1636,2022,2022-02-25 14:15:00,2022-02-25 14:55:00,2022-02-28 09:50:00,13,0.0032545305201683596,-0.007915825200401318,-0.3879830989977234,0.6153846153846154,-0.5958647266623,1.8232835075446079,0.21428571428571427,0.20342780898846538,0.007847420037759179,0.08234199986545343
1635,1642,1651,1637,1652,2022,2022-02-28 09:50:00,2022-02-28 10:25:00,2022-02-28 11:10:00,16,0.001864501024720235,-0.009750014055026466,-0.4095876877519942,0.4375,0.33779745153456536,1.4855295671820912,0.29411764705882354,0.1422338067427263,0.008934925156437679,0.1300580465117592
1651,1653,1657,1653,1658,2022,2022-02-28 11:10:00,2022-02-28 11:20:00,2022-02-28 13:10:00,6,0.0017608877931745797,0.0018889100796379826,0.38388322075832715,0.3333333333333333,-0.06342443152391769,1.4655185087112772,0.42857142857142855,0.10446426169193139,0.00258961957935977,-0.5516464225322237
1657,1668,1673,1659,1674,2022,2022-02-28 13:10:00,2022-02-28 14:05:00,2022-02-28 14:30:00,16,0.0017006777980051245,-0.0027142974313023984,-0.2231528214629049,0.6875,-0.24543905227477011,1.7348154092928958,0.4117647058823529,0.025557477329569357,0.0075393718165504,0.7818600422498484
1673,1679,1706,1675,1707,2022,2022-02-28 14:30:00,2022-02-28 15:00:00,2022-03-01 13:15:00,33,0.0016975060479307493,0.0061557895982134936,0.14962306290802146,0.18181818181818182,1.9006527412013505,2.486432909312108,0.058823529411764705,0.22463740929042514,0.01668031057153918,-0.5391328049736944
1706,1720,1737,1708,1738,2022,2022-03-01 13:15:00,2022-03-01 14:25:00,2022-03-02 10:20:00,31,0.0016456043575645276,-0.010775213035125623,-0.23873494825283362,0.45161290322580644,-0.15185273443877476,3.227793100052066,0.4375,0.03147572204931649,0.01880372259369345,-0.6585357435575481
1737,1756,1763,1739,1764,2022,2022-03-02 10:20:00,2022-03-02 13:25:00,2022-03-02 14:00:00,26,0.0021394513180160043,-0.005188029631451913,-0.19199884253453015,0.7307692307692307,-0.4547406013045978,1.5417220756753975,0.2222222222222222,0.0038173506134924363,0.012034585270039422,0.5184358136703813
1763,1771,1780,1765,1781,2022,2022-03-02 14:00:00,2022-03-02 14:40:00,2022-03-03 09:55:00,17,0.002217544817415645,-0.010477353849378788,-0.423434100262439,0.47058823529411764,-0.3008846755295934,2.5131543778869583,0.6111111111111112,0.0,0.010435558949952295,-0.66313806879432
1780,1784,1793,1782,1794,2022,2022-03-03 09:55:00,2022-03-03 10:15:00,2022-03-03 11:00:00,13,0.0014463175265580505,-0.006027279562545798,-0.30511088373779377,0.3076923076923077,0.3613458658415558,1.3718042175172742,0.35714285714285715,0.0,0.008345564258479321,-0.23234330951516505
1793,1795,1809,1795,1810,2022,2022-03-03 11:00:00,2022-03-03 11:10:00,2022-03-03 13:50:00,16,0.0014716326411771273,0.003526149032942311,0.2812776393184328,0.125,0.32044274150181745,1.4948469112578255,0.5882352941176471,0.03527026669400539,0.006485299177647619,-0.5526271943018932
1809,1812,1822,1811,1823,2022,2022-03-03 13:50:00,2022-03-03 14:05:00,2022-03-03 14:55:00,13,0.0013487050305747944,0.0016354719255090048,0.2375946579480434,0.23076923076923078,0.5170603137812616,1.7139668067364526,0.35714285714285715,0.03873472794546138,0.0036236858406430983,-0.47645522282951797
1822,1836,1877,1824,1878,2022,2022-03-03 14:55:00,2022-03-04 10:35:00,2022-03-07 10:00:00,55,0.0018666891959795997,0.03674022479250882,0.37787495830732487,0.2545454545454545,0.0964099109547584,3.2244889030011317,0.7678571428571429,0.008869033104990846,0.043031448737489875,-0.6266773455652084
1877,1884,1916,1879,1917,2022,2022-03-07 10:00:00,2022-03-07 10:35:00,2022-03-07 14:45:00,39,0.002880918666711096,0.0005088839157639761,0.013335800411114797,0.1794871794871795,0.5700672689811928,1.730010787709507,0.5,0.0,0.015902673662904654,-0.6426197637862257
1916,1919,1921,1918,1922,2022,2022-03-07 14:45:00,2022-03-07 15:00:00,2022-03-08 09:40:00,5,0.0028834987712075813,-0.012798324609996919,-0.8016620841483122,0.6,-0.5110026728842595,2.1532878335152756,0.5,0.0,0.008557247378352173,-0.4068438731159958
1921,1923,1942,1923,1943,2022,2022-03-08 09:40:00,2022-03-08 09:50:00,2022-03-08 11:25:00,21,0.002380231900884399,0.02120318950421027,0.40516040444207846,0.09523809523809523,0.35420951440478643,1.7110714837561036,0.18181818181818182,0.0,0.03189753331097922,-0.5792623131785349
1942,1952,1965,1944,1966,2022,2022-03-08 11:25:00,2022-03-08 13:45:00,2022-03-08 14:50:00,23,0.0029322908045349965,0.0055410819907880824,0.1058411676019358,0.43478260869565216,0.14843371899087515,1.8004578973398646,0.375,0.0,0.023940226465970937,-0.12366074954013008
1965,1971,2001,1967,2002,2022,2022-03-08 14:50:00,2022-03-09 09:50:00,2022-03-09 13:50:00,36,0.0035933654492464207,0.004245671135251703,0.033124695179849735,0.16666666666666666,-0.04543014664442547,1.810736902489855,0.7567567567567568,0.0,0.050029493290277394,-0.6594783079404745
2001,2019,2025,2003,2026,2022,2022-03-09 13:50:00,2022-03-10 09:50:00,2022-03-10 10:20:00,24,0.004116908800900795,0.008954672206505308,0.09423935551736255,0.75,-0.8105644295564949,3.3861683464757464,0.2,0.00410025616268685,0.060046788759864356,0.7909177202579992
2025,2037,2050,2027,2051,2022,2022-03-10 10:20:00,2022-03-10 11:20:00,2022-03-10 13:55:00,25,0.005725136645209072,-0.017819657893718123,-0.5347325114356909,0.48,-0.12473243703064282,1.3491137637418402,0.2692307692307692,0.010850745648266243,0.010949439620063117,0.02850488992714668
2050,2055,2067,2052,2068,2022,2022-03-10 13:55:00,2022-03-10 14:20:00,2022-03-11 09:50:00,17,0.005156292260721926,0.009098847715375526,0.23709820170837448,0.29411764705882354,-0.09460191707994756,4.168395863403862,0.5555555555555556,0.12822021545377926,0.019991586952817997,-0.47400036893060904
2067,2069,2084,2069,2085,2022,2022-03-11 09:50:00,2022-03-11 10:00:00,2022-03-11 11:15:00,17,0.0032316378032897462,0.01444857217643907,0.4407230100136509,0.11764705882352941,1.0672157072759092,1.4910973458499783,0.2222222222222222,0.06522538510922155,0.018627881886523312,-0.7450470133470283
2084,2108,2116,2086,2117,2022,2022-03-11 11:15:00,2022-03-11 14:45:00,2022-03-14 09:55:00,32,0.0036489376827655963,-0.006958300259942273,-0.07512408204213421,0.75,-0.5910851572784539,1.835105959334477,0.3333333333333333,0.009082748195235413,0.030674839186598746,0.5111591720197577
2116,2117,2132,2118,2133,2022,2022-03-14 09:55:00,2022-03-14 10:00:00,2022-03-14 11:15:00,16,0.003551382664331788,0.004350021082376266,0.18524711677344088,0.0625,0.6569376099376214,1.9825873607408668,0.29411764705882354,0.00541804707476152,0.010253636035338687,-0.402935117592565
2132,2138,2151,2134,2152,2022,2022-03-14 11:15:00,2022-03-14 13:15:00,2022-03-14 14:20:00,19,0.003323005762805032,-0.006101953219462926,-0.19512195576860977,0.3157894736842105,0.30037660190635407,1.5016942894443395,0.4,0.017027776818439366,0.01194311033971207,-0.47579173759811305
2151,2152,2163,2153,2164,2022,2022-03-14 14:20:00,2022-03-14 14:25:00,2022-03-15 09:50:00,12,0.0031436300747427703,0.021304818258688386,0.43763412158642656,0.08333333333333333,-0.01381217931077186,3.0662179536524983,0.5384615384615384,0.2976390210272597,0.03420730145226614,-0.6194984438757356
2163,2175,2196,2165,2197,2022,2022-03-15 09:50:00,2022-03-15 10:50:00,2022-03-15 14:05:00,33,0.004330438566631619,0.00671672329525689,0.07837862132787993,0.36363636363636365,0.419531807601787,1.6460421665372278,0.47058823529411764,0.01754870158147062,0.031443552817538745,-0.029528871112912497
2196,2198,2207,2198,2208,2022,2022-03-15 14:05:00,2022-03-15 14:15:00,2022-03-15 15:00:00,11,0.004389889306441646,-0.006410307177184112,-0.15118177838283992,0.18181818181818182,0.37876202836884876,1.284218521238006,0.5,0.0,0.019723183531608512,-0.7081931624132229
2210,2212,2227,2212,2228,2022,2022-03-16 09:45:00,2022-03-16 09:55:00,2022-03-16 11:10:00,17,0.0037089514697782582,0.014158433351994236,0.24836284891564653,0.11764705882352941,0.24515455965148222,1.4005227145117631,0.4444444444444444,0.0,0.027440704193477217,-0.5159646506214636
2227,2266,2271,2229,2272,2022,2022-03-16 11:10:00,2022-03-17 10:25:00,2022-03-17 10:50:00,44,0.004407133197485766,0.04073060475979388,0.2821790067118221,0.8863636363636364,0.10134977335926412,1.8424279544266775,0.6222222222222222,0.004812022303145569,0.07543848338719528,0.8718774021840376
2271,2282,2315,2273,2316,2022,2022-03-17 10:50:00,2022-03-17 13:15:00,2022-03-18 10:30:00,44,0.0035635000780794767,0.026166238180292446,0.39840995793072015,0.25,0.4622017828894675,2.0720093425328994,0.26666666666666666,0.012037393486344463,0.03028339589756346,-0.5662126239617958
2315,2322,2328,2317,2329,2022,2022-03-18 10:30:00,2022-03-18 11:05:00,2022-03-18 13:05:00,13,0.0020814348090033973,0.002190853401778865,0.16921593503483506,0.5384615384615384,-0.189366849915578,1.4458693911482507,0.35714285714285715,0.0,0.005754978432054969,-0.3791387205068406
2328,2365,2380,2330,2381,2022,2022-03-18 13:05:00,2022-03-21 10:40:00,2022-03-21 13:25:00,52,0.0020080879526514625,0.017634573374497975,0.20823661953562558,0.7115384615384616,-0.4365097654725259,1.7164893409877087,0.39622641509433965,0.0,0.029484402684941458,0.47726754837651675
2380,2396,2418,2382,2419,2022,2022-03-21 13:25:00,2022-03-21 14:45:00,2022-03-22 11:05:00,38,0.0021353298784093856,-0.0008714294321553271,-0.01475917611935023,0.42105263157894735,0.3583335933361589,1.8485404395321454,0.38461538461538464,0.0019535427063979978,0.017440396595750585,-0.4100997233579443
2418,2431,2443,2420,2444,2022,2022-03-22 11:05:00,2022-03-22 13:40:00,2022-03-22 14:40:00,25,0.0019680130022894145,-0.007507071607168628,-0.2611419340011229,0.52,0.06826611014019832,1.9132842824718606,0.15384615384615385,0.01640058476414051,0.008715322713445772,-0.1924020326672915
2443,2458,2459,2445,2460,2022,2022-03-22 14:40:00,2022-03-23 10:25:00,2022-03-23 10:30:00,16,0.0017967599232023108,0.004672614056999539,0.12820446525206308,0.9375,-2.2396625571549493,1.6089985708729233,0.058823529411764705,0.5902313400585267,0.015156653146258137,0.742918218496211
2459,2466,2471,2461,2472,2022,2022-03-23 10:30:00,2022-03-23 11:05:00,2022-03-23 11:30:00,12,0.001825567332078538,-0.0024215944518711356,-0.21015557400623652,0.5833333333333334,-0.06358374430553464,1.5370109715012163,0.46153846153846156,0.009152548960066906,0.006351831359803661,-0.3386231144888242
2471,2475,2483,2473,2484,2022,2022-03-23 11:30:00,2022-03-23 13:20:00,2022-03-23 14:00:00,12,0.0018494613444839324,-0.011103654088027026,-0.7125669480130771,0.3333333333333333,0.20978358080005252,1.6849776898418831,0.46153846153846156,0.00859863017199081,0.005429672196265223,0.027402525718082965
2483,2489,2506,2485,2507,2022,2022-03-23 14:00:00,2022-03-23 14:30:00,2022-03-24 10:25:00,23,0.0017073688923440438,-0.01531906050649262,-0.38532377012795455,0.2608695652173913,0.15131254432118516,3.882696349971612,0.3333333333333333,0.17221160353743672,0.019458301388396215,-0.8544055883527081
2506,2519,2522,2508,2523,2022,2022-03-24 10:25:00,2022-03-24 11:30:00,2022-03-24 13:15:00,16,0.002558955446681552,-0.0033015712390576987,-0.16784806476850433,0.8125,-0.3518407798613011,1.6038951450751928,0.47058823529411764,0.04447060802827936,0.010152731237785595,0.7647813752091825
2522,2530,2534,2524,2535,2022,2022-03-24 13:15:00,2022-03-24 13:55:00,2022-03-24 14:15:00,12,0.0025826246858939605,0.0029620509160738127,0.15439233131131558,0.6666666666666666,-0.29039229846054454,1.8539329580665616,0.3076923076923077,0.11341764224556644,0.006830591575774925,0.45687586961496784
2534,2537,2542,2536,2543,2022,2022-03-24 14:15:00,2022-03-24 14:30:00,2022-03-24 14:55:00,8,0.002651816193531277,-0.001277190003659554,-0.11698466169219071,0.375,0.7620353591978412,1.2274123139742257,0.2222222222222222,0.1621322742118543,0.004997722717199338,-0.24848054106402886
2542,2544,2547,2544,2548,2022,2022-03-24 14:55:00,2022-03-25 09:35:00,2022-03-25 09:50:00,5,0.0018345741627205574,0.0029835222371355375,0.30354413767762517,0.4,-0.05977055846410043,1.5757801512045455,0.3333333333333333,0.0,0.0066346486174584385,-0.46828941603935986
2547,2548,2578,2549,2579,2022,2022-03-25 09:50:00,2022-03-25 09:55:00,2022-03-25 13:55:00,31,0.0020087499451105213,0.018675787171526324,0.4367311311993689,0.03225806451612903,0.7708067991185895,1.974980587967494,0.09375,0.13351949928660062,0.025947766990245036,-0.7246118083819871
2578,2583,2604,2580,2605,2022,2022-03-25 13:55:00,2022-03-25 14:20:00,2022-03-28 10:35:00,26,0.0018340935298206506,0.010829379151444064,0.2367013032793891,0.19230769230769232,1.289463115448965,1.601432895778072,0.4074074074074074,0.2306838115846479,0.01971274732355699,-0.7865627396575978
2604,2610,2625,2606,2626,2022,2022-03-28 10:35:00,2022-03-28 11:05:00,2022-03-28 13:50:00,21,0.0017500339654599691,-0.004072874661846391,-0.15971263384794698,0.2857142857142857,1.0088948187740006,1.441619806041596,0.2727272727272727,0.018121765644662256,0.01000744052539737,-0.3957166438431257
2625,2627,2633,2627,2634,2022,2022-03-28 13:50:00,2022-03-28 14:00:00,2022-03-28 14:30:00,8,0.0017385497445541707,0.002805489558055229,0.3325060160258875,0.25,0.40719552616082894,1.1788811470433338,0.4444444444444444,0.0,0.0056865573274720305,-0.530595113155116
2633,2643,2654,2635,2655,2022,2022-03-28 14:30:00,2022-03-29 09:50:00,2022-03-29 10:45:00,21,0.001655847441159051,-0.014145099591755212,-0.3745108365125982,0.47619047619047616,-0.01084278474396497,1.8069269495084532,0.4090909090909091,0.03228528016047279,0.011149653993860476,0.19149483250128677
2654,2656,2664,2656,2665,2022,2022-03-29 10:45:00,2022-03-29 10:55:00,2022-03-29 13:05:00,10,0.0016719761106815795,0.0056684530393546735,0.5614273508768182,0.2,0.030357578808163962,1.6558972307396815,0.5454545454545454,0.005148812420196529,0.007367804855054061,-0.7444512589429166
2664,2671,2673,2666,2674,2022,2022-03-29 13:05:00,2022-03-29 13:40:00,2022-03-29 13:50:00,9,0.0017286097504327302,-0.0086885401297849,-0.6470891646072651,0.7777777777777778,-0.06946742438923989,1.3611103372972124,0.5,0.0,0.005484971599990729,0.40234001919024165
2673,2675,2683,2675,2684,2022,2022-03-29 13:50:00,2022-03-29 14:00:00,2022-03-29 14:40:00,10,0.0018208166511284071,-0.001197901669796107,-0.10297275747771974,0.2,0.20722575206820715,1.6617117401971215,0.18181818181818182,0.11694931284580815,0.0075437255425923055,-0.4617450330211036
2683,2701,2706,2685,2707,2022,2022-03-29 14:40:00,2022-03-30 10:40:00,2022-03-30 11:05:00,23,0.0023903094644778483,0.0021612738208531238,0.0523171495162431,0.782608695652174,0.2276189695069962,2.900597562443078,0.5416666666666666,0.05910093283462284,0.023109502740525478,0.7287635542631865
2706,2727,2757,2708,2758,2022,2022-03-30 11:05:00,2022-03-30 14:20:00,2022-03-31 11:20:00,51,0.00211987639735092,0.00036800556957566856,0.00648299994146099,0.4117647058823529,0.1664365636263626,2.1010131534832843,0.4423076923076923,0.0034360601741030322,0.02022985693428936,-0.33584886058150637
2757,2758,2765,2759,2766,2022,2022-03-31 11:20:00,2022-03-31 11:25:00,2022-03-31 13:30:00,8,0.001577790629628686,0.0029454291475329176,0.39523836504381155,0.125,0.5393970704589937,1.5655443861168665,0.1111111111111111,0.0,0.004602641344939151,-0.6320094379880448
2765,2773,2787,2767,2788,2022,2022-03-31 13:30:00,2022-03-31 14:10:00,2022-04-01 09:50:00,22,0.0016175708092428767,-0.012000564340956803,-0.3627158410097335,0.36363636363636365,-0.2794689184407934,2.115572921998221,0.5217391304347826,0.04610253078522067,0.015767089192945782,-0.4891382550192268
2787,2799,2808,2789,2809,2022,2022-04-01 09:50:00,2022-04-01 10:50:00,2022-04-01 13:05:00,21,0.0020533469750422893,0.0005700073586381875,0.017229308772506585,0.5714285714285714,0.12000036774205912,1.7139349533855956,0.5454545454545454,0.01890635788542836,0.013488026314320223,0.35890863746195417
2808,2811,2819,2810,2820,2022,2022-04-01 13:05:00,2022-04-01 13:20:00,2022-04-01 14:00:00,11,0.002084544061463992,-0.0006910563762362483,-0.0784643704359438,0.2727272727272727,0.7240609385947143,1.809407310271911,0.3333333333333333,0.013980780514682158,0.0030091539567482783,0.16228398546462025
2819,2821,2848,2821,2849,2022,2022-04-01 14:00:00,2022-04-01 14:10:00,2022-04-06 10:55:00,29,0.0022612174727157496,0.02029350461655972,0.5708685266530326,0.06896551724137931,-0.46596045206287734,5.2492046233446805,0.16666666666666666,0.21606622796115513,0.023558697006942353,-0.8590798825967229
2848,2850,2873,2850,2874,2022,2022-04-06 10:55:00,2022-04-06 11:05:00,2022-04-06 14:30:00,25,0.002231464346677991,0.007898689236309389,0.4562948219694586,0.08,0.11316423084046542,1.569906749806579,0.5384615384615384,0.01905668295779754,0.010069667028945517,-0.8004229954459164
2873,2877,2892,2875,2893,2022,2022-04-06 14:30:00,2022-04-06 14:50:00,2022-04-07 10:35:00,19,0.0021990878559657637,0.013775294859440606,0.3160679603860351,0.21052631578947367,0.4458074186551766,2.2086956200885055,0.3,0.04276630531998288,0.016857702613041425,-0.8007819523222358
2892,2897,2910,2894,2911,2022,2022-04-07 10:35:00,2022-04-07 11:00:00,2022-04-07 13:35:00,18,0.0024110876059368,-0.009486822333990681,-0.4002175324469915,0.2777777777777778,0.8180051812531777,1.8306961756529079,0.21052631578947367,0.005460467478326524,0.00945531609342165,-0.22269788518112535
2910,2917,2937,2912,2938,2022,2022-04-07 13:35:00,2022-04-07 14:10:00,2022-04-08 10:20:00,27,0.002439421420943109,0.01798980036015015,0.43714035332212486,0.25925925925925924,0.11432471543911692,2.1219477095653203,0.5,0.0,0.022203097406253036,-0.8299548556570439
2937,2944,2951,2939,2952,2022,2022-04-08 10:20:00,2022-04-08 10:55:00,2022-04-08 11:30:00,14,0.0021958973788637286,-0.01717178788771269,-0.49384971302394526,0.5,0.6238347421050446,1.7039991399328862,0.4666666666666667,0.029516057379557606,0.019609806564252708,0.4876217367227877
2951,2955,2989,2953,2990,2022,2022-04-08 11:30:00,2022-04-08 13:20:00,2022-04-11 10:40:00,38,0.0022541782454682563,0.03591140656995422,0.6742785636313643,0.10526315789473684,-0.165545281773531,2.9785612862197826,0.358974358974359,0.0011500545336550743,0.0402451529213943,-0.8967009799253083
2989,2991,2994,2991,2995,2022,2022-04-11 10:40:00,2022-04-11 10:50:00,2022-04-11 11:05:00,5,0.0022122045222222686,0.0002214415856213503,0.025226909485965326,0.4,0.22844143055966112,2.101411512171469,0.5,0.0,0.0045502793104788,0.026548822668476257
2994,2998,3019,2996,3020,2022,2022-04-11 11:05:00,2022-04-11 11:25:00,2022-04-11 14:40:00,25,0.002210335154270697,-0.0008853408549200708,-0.03493807816986762,0.16,0.26954733044316437,1.2703322680173676,0.5384615384615384,0.0,0.01243891086799298,-0.5448624663490081
3019,3021,3046,3021,3047,2022,2022-04-11 14:40:00,2022-04-11 14:50:00,2022-04-12 11:25:00,27,0.0021934980082551152,0.013929151966617526,0.2378128077982189,0.07407407407407407,0.7881681279186052,1.6189378387472286,0.32142857142857145,0.1849138584213929,0.017621691098504755,-0.7858781800570072
3046,3056,3058,3048,3059,2022,2022-04-12 11:25:00,2022-04-12 13:45:00,2022-04-12 13:55:00,12,0.002808681145759376,-0.016259606258173808,-0.5261378871869696,0.8333333333333334,0.41663294341583545,2.364154500516819,0.23076923076923078,0.1722582714766918,0.020514010209097044,0.642951675838002
3058,3067,3080,3060,3081,2022,2022-04-12 13:55:00,2022-04-12 14:40:00,2022-04-13 10:15:00,22,0.002895610930714259,0.008575309915928446,0.21582076709680922,0.4090909090909091,-0.023167058493293327,2.7312995774918534,0.34782608695652173,0.005236077487181606,0.024327147021128148,-0.6466426805432588
3080,3090,3096,3082,3097,2022,2022-04-13 10:15:00,2022-04-13 11:05:00,2022-04-13 13:05:00,16,0.0029618773135130566,-0.009966877250532889,-0.4278982863332454,0.625,0.06939889203190498,1.5943209208460773,0.47058823529411764,0.0,0.011105875006218291,0.5087679227672456
3096,3103,3118,3098,3119,2022,2022-04-13 13:05:00,2022-04-13 13:40:00,2022-04-13 14:55:00,22,0.0023749667355747713,0.01004967817229173,0.38606169984313027,0.3181818181818182,0.2966454511247331,1.8099900449815887,0.30434782608695654,0.0,0.014225399738609035,-0.6329665883124352
3118,3121,3125,3120,3126,2022,2022-04-13 14:55:00,2022-04-14 09:40:00,2022-04-14 10:00:00,7,0.0022709231846651384,-0.015133731417836945,-0.7130956853656982,0.42857142857142855,0.459165347587878,1.3474350249535734,0.375,0.10137637714229727,0.008986992805919414,-0.21645105556991176
3125,3127,3134,3127,3135,2022,2022-04-14 10:00:00,2022-04-14 10:10:00,2022-04-14 10:45:00,9,0.0025290269298516924,-0.007601758327101235,-0.33456411026812016,0.2222222222222222,0.5184371584903155,1.7760733981767038,0.2,0.02282388695711584,0.013090570456913753,-0.23296438674239553
3134,3154,3159,3136,3160,2022,2022-04-14 10:45:00,2022-04-14 13:55:00,2022-04-14 14:20:00,25,0.0025399332453915698,-0.006192854887311854,-0.14787392727824336,0.8,-1.607233210019999,1.6514718638189936,0.23076923076923078,0.3834511252539498,0.018669816195699518,0.8183693446609505
3159,3160,3172,3161,3173,2022,2022-04-14 14:20:00,2022-04-14 14:25:00,2022-04-15 09:55:00,13,0.0027115477823869923,0.00899835001995993,0.2797785513230879,0.07692307692307693,-0.2168963531680939,4.287829358538635,0.5,0.42659006999279875,0.022985007751677777,-0.5960825122941409
3172,3177,3190,3174,3191,2022,2022-04-15 09:55:00,2022-04-15 10:20:00,2022-04-15 11:25:00,18,0.0033237669491381874,0.0035429160630365284,0.13602588082306838,0.2777777777777778,0.7296939934190957,1.520012378510588,0.21052631578947367,0.10400660102721786,0.007009713681299878,-0.45945024953494645
3190,3203,3212,3192,3213,2022,2022-04-15 11:25:00,2022-04-15 14:00:00,2022-04-15 14:45:00,22,0.00336949757069111,-0.003983036560788336,-0.09970833704128378,0.5909090909090909,-0.04541196683026486,1.573464544760521,0.5217391304347826,0.026634663746740714,0.019933666134868133,0.49503713944671107
3212,3214,3216,3214,3217,2022,2022-04-15 14:45:00,2022-04-15 14:55:00,2022-04-18 09:35:00,4,0.003378055931295358,0.004481765507517271,0.40959494404685765,0.5,-0.4802272547811887,1.9574982091635644,0.4,0.0,0.0071016949763071935,-0.5495003035185808
3216,3232,3235,3218,3236,2022,2022-04-18 09:35:00,2022-04-18 10:55:00,2022-04-18 11:10:00,19,0.0025841718140747266,0.00954842627699155,0.19136167720509073,0.8421052631578947,-0.2436545336162121,1.6368756340269937,0.5,0.03323750664736682,0.03521759094981469,0.8560674791773496
3235,3250,3257,3237,3258,2022,2022-04-18 11:10:00,2022-04-18 13:55:00,2022-04-18 14:30:00,22,0.0025713739806221365,0.006501908452292358,0.2831138529728609,0.6818181818181818,-0.37398561383205065,1.798284118723198,0.34782608695652173,0.02006694874034286,0.008753753236181439,0.740567533970484
3257,3264,3284,3259,3285,2022,2022-04-18 14:30:00,2022-04-19 09:35:00,2022-04-19 11:15:00,27,0.0021813980313131563,0.0031098142719666972,0.07214406816480064,0.25925925925925924,0.9249404641780152,1.7007949977648238,0.10714285714285714,0.0722639691385755,0.017244995322283962,-0.5741417030085982
3284,3290,3306,3286,3307,2022,2022-04-19 11:15:00,2022-04-19 13:15:00,2022-04-19 14:35:00,22,0.0017344574046161089,-0.006389544324416296,-0.29716116335259324,0.2727272727272727,1.5062231663496068,1.4997919705637286,0.17391304347826086,0.21554385762943357,0.007225705254924719,-0.5544430094090915
3306,3309,3322,3308,3323,2022,2022-04-19 14:35:00,2022-04-19 14:50:00,2022-04-20 10:25:00,16,0.0015276142664634603,0.007184420077069839,0.30045468960385435,0.1875,0.37558751484931496,1.655196092825296,0.29411764705882354,0.11407943676879707,0.010223834921353259,-0.6738573733899996
3322,3330,3355,3324,3356,2022,2022-04-20 10:25:00,2022-04-20 11:05:00,2022-04-20 14:40:00,33,0.001598980213879565,0.0020978611436387024,0.055890367219662694,0.24242424242424243,0.5469810628530392,1.6384702099732897,0.2647058823529412,0.025605111045828105,0.014645668656664057,-0.4806696396881776
3355,3364,3383,3357,3384,2022,2022-04-20 14:40:00,2022-04-21 09:55:00,2022-04-21 11:30:00,28,0.0017799968005830487,-0.0028578161392840604,-0.054116541685033985,0.32142857142857145,0.6850653440513015,1.7175978858467504,0.20689655172413793,0.011909103148587934,0.019493794681001653,-0.39866052967224036
3383,3387,3410,3385,3411,2022,2022-04-21 11:30:00,2022-04-21 13:20:00,2022-04-22 09:45:00,27,0.002290930737498389,0.004367251996899542,0.07736309050990971,0.14814814814814814,0.7432914977884658,1.581769772589479,0.14285714285714285,0.015454037066153739,0.02732152985119285,-0.5706095098905853
3410,3411,3414,3412,3415,2022,2022-04-22 09:45:00,2022-04-22 09:50:00,2022-04-22 10:05:00,4,0.002146854908002687,0.0007244437061877041,0.057101743280338,0.25,-0.5768409991596618,1.4322134237361897,0.4,0.1396509352636631,0.007187943519361362,-0.09056081099095933
3414,3416,3426,3416,3427,2022,2022-04-22 10:05:00,2022-04-22 10:15:00,2022-04-22 11:05:00,12,0.002486239754495136,0.010961965046929025,0.450021584753196,0.16666666666666666,1.38349885855006,1.6080455437849248,0.15384615384615385,0.17612883641803617,0.017184183675063025,-0.6372652876111705
3426,3442,3465,3428,3466,2022,2022-04-22 11:05:00,2022-04-22 13:55:00,2022-04-25 10:20:00,39,0.002342618677879548,0.023397737771510923,0.2835700389743393,0.41025641025641024,-0.31857013918645843,4.375852271722104,0.5,0.058465200964896234,0.042205965107909194,-0.6627902325715443
3465,3469,3473,3467,3474,2022,2022-04-25 10:20:00,2022-04-25 10:40:00,2022-04-25 11:00:00,8,0.004067791462107831,0.0018799874375237625,0.09507590835100702,0.5,0.7902812170884383,1.5559042156372964,0.2222222222222222,0.16712077610177936,0.009130791933709581,-0.1951036069146838
3473,3476,3494,3475,3495,2022,2022-04-25 11:00:00,2022-04-25 11:15:00,2022-04-25 14:15:00,21,0.004328531989898762,0.006775410143700202,0.14359923977567912,0.14285714285714285,0.16043578628092628,1.8459558029611176,0.6818181818181818,0.0,0.03232825185061028,-0.7361851233631799
3494,3496,3505,3496,3506,2022,2022-04-25 14:15:00,2022-04-25 14:25:00,2022-04-26 09:40:00,11,0.0044895652751698765,-0.017622057406666145,-0.39240073021945937,0.18181818181818182,0.32527563467617476,1.220283963563513,0.25,0.21767859634763956,0.024418676752518742,-0.2886583816314713
3505,3506,3509,3507,3510,2022,2022-04-26 09:40:00,2022-04-26 09:45:00,2022-04-26 10:00:00,4,0.003172639467345079,0.006335006140857684,0.8672658975885793,0.25,0.20635230073349373,1.4103363772438793,0.4,0.0,0.006966698990691356,-0.8559493325720117
3509,3517,3563,3511,3564,2022,2022-04-26 10:00:00,2022-04-26 10:40:00,2022-04-27 10:30:00,54,0.0031096673349000304,0.032095492729556516,0.22730065275306588,0.14814814814814814,0.49017554070291275,2.192013284386983,0.4909090909090909,0.008650608478953598,0.05292892002787042,-0.5904250815463418
3563,3586,3588,3565,3589,2022,2022-04-27 10:30:00,2022-04-27 13:55:00,2022-04-27 14:05:00,25,0.004393201221513058,0.013583568054123592,0.17023675824267906,0.92,-1.0077396980896212,1.7003483546097469,0.38461538461538464,0.15209968201295362,0.058105552394629,0.8910209004966075
3588,3596,3604,3590,3605,2022,2022-04-27 14:05:00,2022-04-27 14:45:00,2022-04-28 09:55:00,16,0.004612889450574065,0.004440003965291504,0.0916273244970087,0.5,-0.01551688737933748,2.224673364530113,0.47058823529411764,0.0,0.025317526217913056,-0.5367748798221608
3604,3614,3629,3606,3630,2022,2022-04-28 09:55:00,2022-04-28 10:45:00,2022-04-28 13:30:00,25,0.0039418381415305456,-0.010294094876433376,-0.17814344541755112,0.4,0.24064116793076237,1.6660197937578807,0.6153846153846154,0.0,0.022775865288989117,0.18074283402445723
3629,3649,3651,3631,3652,2022,2022-04-28 13:30:00,2022-04-29 09:40:00,2022-04-29 09:50:00,22,0.0035068017022084645,-0.005451651366641654,-0.12468846914652816,0.9090909090909091,0.4047979634022556,1.924041074450542,0.34782608695652173,0.10331231227085978,0.021857700166044935,0.8118179573406241
3651,3657,3661,3653,3662,2022,2022-04-29 09:50:00,2022-04-29 10:20:00,2022-04-29 10:40:00,10,0.002899879670654624,0.0029515439929438682,0.11236725359428909,0.6,0.48837462753329275,1.4591902744578145,0.36363636363636365,0.22682459923687615,0.011341943865897264,0.2359350900745664
3661,3676,3678,3663,3679,2022,2022-04-29 10:40:00,2022-04-29 13:25:00,2022-04-29 13:35:00,17,0.0028998576548889023,0.026371863309318608,0.5144397991833993,0.8823529411764706,-2.1048958137101486,2.4470779188927745,0.2777777777777778,0.4155687708863903,0.03443900023048663,0.7776053837872601
3678,3705,3708,3680,3709,2022,2022-04-29 13:35:00,2022-05-05 10:20:00,2022-05-05 10:35:00,30,0.00356965875314766,0.02236907504084708,0.3394685452628011,0.9,0.1038457705478282,1.5395662576792202,0.16129032258064516,0.04977532546570316,0.030317973930914732,0.7209693781823783
3708,3719,3722,3710,3723,2022,2022-05-05 10:35:00,2022-05-05 11:30:00,2022-05-05 13:15:00,14,0.003271734190951792,0.008894508730821184,0.47700779688829226,0.7857142857142857,-0.42017426309720535,1.3727323257440196,0.4,0.007508889509452308,0.012367943112320035,0.7259788172794198
3722,3723,3746,3724,3747,2022,2022-05-05 13:15:00,2022-05-05 13:20:00,2022-05-06 09:45:00,24,0.002117200052897563,0.015200608460924333,0.2712456266100653,0.041666666666666664,-0.3915380923196448,4.801268280192353,0.56,0.06322952591770764,0.030215877459228047,-0.7428609032117791
3746,3762,3769,3748,3770,2022,2022-05-06 09:45:00,2022-05-06 11:05:00,2022-05-06 13:10:00,23,0.0037301503510982943,-0.003720529950391414,-0.07411782444436249,0.6956521739130435,-0.6051912670464352,1.757387422043,0.4166666666666667,0.0019266898727603604,0.01835782559567356,0.31487187223640356
3769,3772,3784,3771,3785,2022,2022-05-06 13:10:00,2022-05-06 13:25:00,2022-05-06 14:25:00,15,0.0038640320331104544,0.0065879600659660125,0.3202675113247349,0.2,0.2258223276633155,1.5811243803904005,0.5,0.0,0.00965629049343164,-0.6987169194198671
3784,3788,3791,3786,3792,2022,2022-05-06 14:25:00,2022-05-06 14:45:00,2022-05-06 15:00:00,7,0.003899080304622258,0.0028200058061881826,0.23790716691123961,0.5714285714285714,0.13362987943342916,1.6640771032812665,0.625,0.0,0.004633540430531546,0.2956768276973768
3791,3800,3806,3793,3807,2022,2022-05-06 15:00:00,2022-05-09 10:15:00,2022-05-09 10:45:00,15,0.0024323687865750255,-0.015117661143503108,-0.5299675167046196,0.6,-0.0603642368294398,1.472825667434772,0.375,0.06542909505275185,0.014535262453874154,0.28126742311350966
3806,3811,3815,3808,3816,2022,2022-05-09 10:45:00,2022-05-09 11:10:00,2022-05-09 11:30:00,9,0.0021196556200422803,-0.006792855458696158,-0.525584541725857,0.5555555555555556,-0.7924509289550068,1.816199891794329,0.2,0.08079502584956119,0.006177544418924263,0.184683315275054
3815,3816,3824,3817,3825,2022,2022-05-09 11:30:00,2022-05-09 13:05:00,2022-05-09 13:45:00,9,0.002003519943177325,-0.00047006000201674355,-0.038837653142984936,0.1111111111111111,1.4496805894835625,1.29639911519795,0.1,0.16443323683591493,0.007716495484021202,-0.630908709746967
3824,3852,3863,3826,3864,2022,2022-05-09 13:45:00,2022-05-10 10:35:00,2022-05-10 11:30:00,39,0.00256218679751439,0.02806035414881466,0.26110345653395073,0.717948717948718,-0.0559334367518688,1.8262811977847448,0.325,0.21444670301833463,0.042513588003165736,0.6752312394371083
3863,3867,3878,3865,3879,2022,2022-05-10 11:30:00,2022-05-10 13:20:00,2022-05-10 14:15:00,15,0.0030126515177613363,-0.013297182630251134,-0.7054522323809419,0.26666666666666666,0.4970578267793789,1.7983351632909712,0.4375,0.06656040215140885,0.00754860084632103,0.28375986875733494
3878,3916,3935,3880,3936,2022,2022-05-10 14:15:00,2022-05-11 13:25:00,2022-05-11 15:00:00,57,0.002555986196850571,0.03671637485481843,0.3188760284843951,0.6666666666666666,-0.027228539670713852,1.7813597542982555,0.6206896551724138,0.026631062313745676,0.056853532643827975,0.5409264275792859
3935,3946,3949,3937,3950,2022,2022-05-11 15:00:00,2022-05-12 10:25:00,2022-05-12 10:40:00,14,0.002334990716764107,-0.006723621813398482,-0.20086946212353365,0.7857142857142857,-0.953814233147706,1.7406123051581441,0.26666666666666666,0.05190395939140632,0.012894580351262341,0.560389639082171
3949,3959,3969,3951,3970,2022,2022-05-12 10:40:00,2022-05-12 11:30:00,2022-05-12 13:50:00,20,0.0023651876952287213,0.009687927259911343,0.2768506676082273,0.5,-0.3007959263438928,1.551753496252514,0.2857142857142857,0.00881009230310442,0.01604346803108392,-0.2746857022092953
3969,3981,3986,3971,3987,2022,2022-05-12 13:50:00,2022-05-12 14:50:00,2022-05-13 09:45:00,17,0.0023192503033446837,-0.009678706251207357,-0.24845287993440343,0.7058823529411765,-0.5674219006317727,1.7560430565456817,0.5,0.0,0.008851764451586419,-0.10230970195398621
3986,3990,4000,3988,4001,2022,2022-05-13 09:45:00,2022-05-13 10:05:00,2022-05-13 10:55:00,14,0.0023541523105769725,-0.014600536069495556,-0.4235091735999741,0.2857142857142857,0.6848979172667383,1.3906976284480197,0.26666666666666666,0.006662009201823738,0.012988030578610754,0.02682569772966048
4000,4009,4012,4002,4013,2022,2022-05-13 10:55:00,2022-05-13 13:10:00,2022-05-13 13:25:00,12,0.0022933591505301006,-0.006610208597935335,-0.48508211612895963,0.75,-0.6002872714027,1.6900909771851538,0.23076923076923078,0.30346338384186605,0.00473767429504246,0.5957865521391671
4012,4022,4026,4014,4027,2022,2022-05-13 13:25:00,2022-05-13 14:15:00,2022-05-13 14:35:00,14,0.002071880115316279,0.00030769383713638056,0.02205246245552427,0.7142857142857143,-0.4938814652518711,1.1783574344377572,0.3333333333333333,0.09516992537128968,0.004858132534805826,0.014300076725945991
4026,4034,4047,4028,4048,2022,2022-05-13 14:35:00,2022-05-16 09:45:00,2022-05-16 10:50:00,21,0.003005942127266411,0.012181897198718074,0.18002792135538956,0.38095238095238093,0.41560879739127804,1.9669779366170523,0.22727272727272727,0.009614391334746496,0.025897172488956066,-0.32247678545008285
4047,4050,4056,4049,4057,2022,2022-05-16 10:50:00,2022-05-16 11:05:00,2022-05-16 13:05:00,9,0.0031016755125484272,0.00029035859490228856,0.022087690673147472,0.3333333333333333,0.3784843031799106,1.3303681634539006,0.4,0.0,0.00601897338841173,-0.07317241406322168
4056,4062,4071,4058,4072,2022,2022-05-16 13:05:00,2022-05-16 13:35:00,2022-05-16 14:20:00,15,0.003062128184374719,0.0013928904724640578,0.11328886895269599,0.4,-0.13277569386798938,1.4960494382692884,0.5625,0.026375578317419247,0.005314130947672524,-0.3016814309318875
4071,4073,4076,4073,4077,2022,2022-05-16 14:20:00,2022-05-16 14:30:00,2022-05-16 14:45:00,5,0.00306302414963831,0.0005918139269062454,0.13515664231638308,0.4,-0.22785882424409415,1.5497159851642657,0.3333333333333333,0.0,0.002475385224112614,-0.25529599126558267
4076,4085,4091,4078,4092,2022,2022-05-16 14:45:00,2022-05-17 10:00:00,2022-05-17 10:30:00,15,0.002476022893111428,-0.019388881620251132,-0.44372671889455484,0.6,-0.6443249898769748,1.7096114556911306,0.4375,0.015779950426334954,0.01276332590049023,-0.10541843176546069
4091,4113,4116,4093,4117,2022,2022-05-17 10:30:00,2022-05-17 13:50:00,2022-05-17 14:05:00,25,0.002519637641386571,-0.000990441761482593,-0.02635564665973111,0.88,0.25073623330791794,1.5290876732752174,0.2692307692307692,0.0,0.017529456379389075,0.8093096238595584
4116,4118,4123,4118,4124,2022,2022-05-17 14:05:00,2022-05-17 14:15:00,2022-05-17 14:40:00,7,0.0025284304699133365,0.00029708265057781574,0.04116686939261795,0.2857142857142857,0.31725911896026093,1.4695849059165789,0.5,0.00024031056991932772,0.003599367075533877,0.09080785278748273
4123,4135,4142,4125,4143,2022,2022-05-17 14:40:00,2022-05-18 10:10:00,2022-05-18 10:45:00,19,0.002308461664345301,0.0012881963758182347,0.030363888548812033,0.631578947368421,-0.14966315782503825,1.8223528182551094,0.15,0.06339215956275344,0.013167019265524438,0.31597702765704755
4142,4148,4155,4144,4156,2022,2022-05-18 10:45:00,2022-05-18 11:15:00,2022-05-18 13:20:00,13,0.0022013329916913647,-0.007436414222941297,-0.43724376559549727,0.46153846153846156,0.6555607113425999,2.0087646703888,0.42857142857142855,0.10327111874200079,0.004839092678178503,-0.31612413931897837
4155,4165,4173,4157,4174,2022,2022-05-18 13:20:00,2022-05-18 14:10:00,2022-05-18 14:50:00,18,0.002240324202927852,-0.004031919220580059,-0.18222500057357763,0.5555555555555556,-0.10312378296507783,1.388374526092626,0.42105263157894735,0.003951209671430098,0.007664682258449851,0.22016971800670607
4173,4177,4186,4175,4187,2022,2022-05-18 14:50:00,2022-05-19 09:40:00,2022-05-19 10:25:00,13,0.002037698445558382,-0.012893267042175666,-0.28299887946586,0.3076923076923077,0.6028857787075401,1.6967141127159884,0.2857142857142857,0.01652830590477365,0.009755405844750875,-0.434531595194814
4186,4205,4209,4188,4210,2022,2022-05-19 10:25:00,2022-05-19 13:30:00,2022-05-19 13:50:00,23,0.0018647490861181549,0.0074709016676618185,0.21086040767804798,0.8260869565217391,-0.20312975578502157,1.3923840096072666,0.2916666666666667,0.03789976631508526,0.022743835268196122,0.8220968003065975
4209,4225,4237,4211,4238,2022,2022-05-19 13:50:00,2022-05-20 09:40:00,2022-05-20 10:40:00,28,0.0019010403682697345,0.01343063087330562,0.27208771732344095,0.5714285714285714,-0.5017122311731488,2.388558427650947,0.1724137931034483,0.015671997085625736,0.018701853783009703,0.10590715303299099
4237,4257,4260,4239,4261,2022,2022-05-20 10:40:00,2022-05-20 13:50:00,2022-05-20 14:05:00,23,0.0023448475258336645,0.0011413425769508296,0.037550890487236234,0.8695652173913043,-1.2848620541751603,1.3928497698161173,0.4166666666666667,0.17714554272066768,0.015361817451484683,0.7820129950937528
4260,4262,4287,4262,4288,2022,2022-05-20 14:05:00,2022-05-20 14:15:00,2022-05-23 10:50:00,27,0.0020107381163860473,0.003338342471929009,0.09491240931296673,0.07407407407407407,-0.0842165311550388,2.4475159524505807,0.25,8.648353872990375e-05,0.011275984029921027,-0.7708179781013687
4287,4313,4366,4289,4367,2022,2022-05-23 10:50:00,2022-05-23 14:30:00,2022-05-24 14:55:00,79,0.002244047971043368,0.028685322670967784,0.24723991356219205,0.3291139240506329,0.2771060930959553,2.0541677228841975,0.5375,0.0,0.04980768733915042,-0.7063593958948109
4366,4369,4370,4368,4371,2022,2022-05-24 14:55:00,2022-05-25 09:40:00,2022-05-25 09:45:00,4,0.002461089738120973,-0.007137419373910256,-0.33449684187946144,0.75,1.017531196601387,1.380424668875534,0.2,0.1414257243033645,0.010688671180154152,-0.009368816260736077
4370,4373,4381,4372,4382,2022,2022-05-25 09:45:00,2022-05-25 10:00:00,2022-05-25 10:40:00,11,0.0024930176679679346,0.0023626406632723434,0.09908609624370017,0.2727272727272727,0.5610814887965525,1.1511315116115686,0.3333333333333333,0.03687893755714192,0.013463838565866304,-0.3347232429210864
4381,4393,4398,4383,4399,2022,2022-05-25 10:40:00,2022-05-25 13:10:00,2022-05-25 13:35:00,17,0.0026332705034211555,-0.013003375196787025,-0.47654327804775776,0.7058823529411765,-0.38941610532009635,1.4838499693977016,0.4444444444444444,0.040418630960974825,0.012139663503857534,0.5566375165723452
4398,4404,4408,4400,4409,2022,2022-05-25 13:35:00,2022-05-25 14:05:00,2022-05-25 14:25:00,10,0.002658185911238375,-0.009322046962489958,-0.8982442253070533,0.6,-0.16640923139354885,1.5191717324480216,0.2727272727272727,0.0050975075628171326,0.005649479223615472,0.35867428453027145
4408,4413,4422,4410,4423,2022,2022-05-25 14:25:00,2022-05-25 14:50:00,2022-05-26 10:05:00,14,0.00250753289795734,0.005033938701978461,0.2054015751908079,0.35714285714285715,-0.0493519913200832,3.1586036670788347,0.26666666666666666,0.0,0.01987793911745861,-0.815230662038744
4422,4433,4435,4424,4436,2022,2022-05-26 10:05:00,2022-05-26 11:00:00,2022-05-26 11:10:00,13,0.0025991911369871957,-0.006228675873167738,-0.17812705905993756,0.8461538461538461,0.09455081228521545,1.5617629851372021,0.42857142857142855,0.0,0.02270547623387298,0.7246872395483948
4435,4441,4458,4437,4459,2022,2022-05-26 11:10:00,2022-05-26 13:10:00,2022-05-26 14:35:00,23,0.0026849619574046287,0.010616847439794507,0.33923454864230906,0.2608695652173913,0.6875868721982775,1.5296685622451889,0.4583333333333333,0.00047608905068482446,0.01233548278590213,-0.13103105153949196
4458,4466,4482,4460,4483,2022,2022-05-26 14:35:00,2022-05-27 09:45:00,2022-05-27 11:05:00,24,0.002521361145299421,-0.00797697306822164,-0.1991423718876354,0.3333333333333333,0.31092896006451454,2.0585526715010385,0.24,0.00014001790535375918,0.019902244657102663,-0.37821415461118507
4482,4490,4503,4484,4504,2022,2022-05-27 11:05:00,2022-05-27 13:15:00,2022-05-27 14:20:00,21,0.0019751291733553075,-0.006379826388998077,-0.21714640144382485,0.38095238095238093,0.24308311612746947,1.351967008501093,0.22727272727272727,0.01314934789974495,0.012102474702485821,-0.3665869462738713
4503,4509,4516,4505,4517,2022,2022-05-27 14:20:00,2022-05-27 14:50:00,2022-05-30 09:55:00,13,0.0019847321306808675,-0.0010503481845915421,-0.027048253245718537,0.46153846153846156,-0.19824782812689587,1.8881423781444402,0.35714285714285715,0.02887550936335462,0.009899770728901913,-0.43579597662877767
4516,4529,4535,4518,4536,2022,2022-05-30 09:55:00,2022-05-30 11:00:00,2022-05-30 11:30:00,19,0.00260041241955934,-0.0008072109714557883,-0.023553690224118573,0.6842105263157895,-0.0939724388233237,1.4849176169949112,0.55,0.0,0.020433475682819058,0.6753008914653821
4535,4538,4548,4537,4549,2022,2022-05-30 11:30:00,2022-05-30 13:15:00,2022-05-30 14:05:00,13,0.0026389311288832406,-0.0009705690708712155,-0.08183492241474669,0.23076923076923078,-0.03070052556167128,1.8613567318717625,0.7142857142857143,0.0,0.00538928549222728,-0.28626463589333817
4548,4556,4565,4550,4566,2022,2022-05-30 14:05:00,2022-05-30 14:45:00,2022-05-31 10:00:00,17,0.0026066107869339864,-0.005227911196378013,-0.24634700375331542,0.47058823529411764,-0.0644833745026416,1.7852952211796984,0.6111111111111112,0.009948391332863245,0.008683209537528214,-0.32142796355404074
4565,4591,4592,4567,4593,2022,2022-05-31 10:00:00,2022-05-31 13:40:00,2022-05-31 13:45:00,27,0.0018912551768797941,0.010469828277604523,0.1621607366475675,0.9629629629629629,-1.2817961930845574,1.3604399119326385,0.25,0.11924266698629629,0.03428194856101463,0.853689187362002
4592,4606,4614,4594,4615,2022,2022-05-31 13:45:00,2022-05-31 14:55:00,2022-06-01 10:05:00,22,0.0021797780653143865,0.002681215074717307,0.1051625879548125,0.6363636363636364,-0.19587115955266643,1.8835283068409923,0.5217391304347826,0.0,0.010798737629081678,0.25552262341007304
4614,4621,4627,4616,4628,2022,2022-06-01 10:05:00,2022-06-01 10:40:00,2022-06-01 11:10:00,13,0.0022604637430181434,-0.013255071910577816,-0.5034172304122496,0.5384615384615384,-0.018847456277266788,1.4071356541290083,0.5,0.012141312716689424,0.010042347200506008,0.16662749862350842
4627,4633,4641,4629,4642,2022,2022-06-01 11:10:00,2022-06-01 13:10:00,2022-06-01 13:50:00,14,0.002109662431310573,-0.016725215623232866,-0.6590354132568368,0.42857142857142855,0.05659282165237975,1.6706103289386398,0.5333333333333333,0.058408021741440906,0.01172883192933849,-0.07379268678000533
4641,4643,4646,4643,4647,2022,2022-06-01 13:50:00,2022-06-01 14:00:00,2022-06-01 14:15:00,5,0.0021021483697247732,0.0014116252094634528,0.25876463265524097,0.4,-0.5783612781655861,1.4793886494579644,0.16666666666666666,0.0,0.0034046725495517904,-0.46042289852234014
4646,4669,4674,4648,4675,2022,2022-06-01 14:15:00,2022-06-02 10:40:00,2022-06-02 11:05:00,28,0.0022182403417439892,0.013041541510450132,0.22494052170675294,0.8214285714285714,-1.233495982811506,1.8046526518534198,0.27586206896551724,0.17336619307683176,0.025762571461974915,0.8092418355549907
4674,4694,4696,4676,4697,2022,2022-06-02 11:05:00,2022-06-02 14:15:00,2022-06-02 14:25:00,22,0.002283629515977176,0.012020813050425521,0.25491783492016684,0.9090909090909091,-0.8742308485171523,1.3422652005327005,0.21739130434782608,0.23291231473405072,0.0325531136777073,0.7946416145992135
4696,4720,4723,4698,4724,2022,2022-06-02 14:25:00,2022-06-06 10:55:00,2022-06-06 11:10:00,27,0.003135550184634566,0.04220965409095862,0.565999767375561,0.8888888888888888,0.2281313251369976,2.0853887532524578,0.25,0.1283289627846998,0.04567086714274193,0.9247827557408496
4723,4728,4738,4725,4739,2022,2022-06-06 11:10:00,2022-06-06 13:05:00,2022-06-06 13:55:00,15,0.003249047508613479,0.002292016742601383,0.10546405532212913,0.3333333333333333,0.8416063833354139,1.5224418454343462,0.25,0.000824531859135496,0.011279621367988213,-0.44847211352412947
4738,4748,4765,4740,4766,2022,2022-06-06 13:55:00,2022-06-06 14:45:00,2022-06-07 10:40:00,27,0.0031713396131659967,-0.01404683586899759,-0.2531095597496897,0.37037037037037035,0.08955425524748852,1.7781852344863553,0.35714285714285715,0.06456985776320043,0.017099187582449993,-0.41332656710069376
4765,4774,4786,4767,4787,2022,2022-06-07 10:40:00,2022-06-07 11:25:00,2022-06-07 13:55:00,21,0.002437210890487535,-0.012177869674114194,-0.39078586738403964,0.42857142857142855,0.3984572620258292,1.648084769832674,0.2727272727272727,0.022677541795632892,0.011137143713398245,-0.12891899018829434
4786,4795,4800,4788,4801,2022,2022-06-07 13:55:00,2022-06-07 14:40:00,2022-06-08 09:35:00,14,0.0024504211779272085,-0.011354861949282832,-0.6926407311165503,0.6428571428571429,-0.2513062500283346,2.018041615000149,0.6,0.03833782928419907,0.007305424952154915,-0.034639603058964095
4800,4806,4826,4802,4827,2022,2022-06-08 09:35:00,2022-06-08 10:05:00,2022-06-08 13:15:00,26,0.0023643695125243323,0.03287262376661227,0.48743282892277356,0.23076923076923078,0.14678868131281694,1.3852656402331467,0.5185185185185185,0.02675765487329248,0.029920767092991518,-0.3226789824693296
4826,4843,4861,4828,4862,2022,2022-06-08 13:15:00,2022-06-08 14:40:00,2022-06-09 10:40:00,35,0.0025239609258249553,0.006775738554679875,0.1118636826510193,0.4857142857142857,0.0019856559061757623,1.7036195769282876,0.4444444444444444,0.0074663545676393415,0.02290607008040446,-0.3588673735652945
4861,4866,4882,4863,4883,2022,2022-06-09 10:40:00,2022-06-09 11:05:00,2022-06-09 13:55:00,21,0.00216263230146543,0.011353506458218952,0.3384888529517511,0.23809523809523808,0.6845385735125356,1.5381546995939337,0.45454545454545453,0.028747568729920788,0.015291580272299043,-0.72856690564285
4882,4888,4897,4884,4898,2022,2022-06-09 13:55:00,2022-06-09 14:25:00,2022-06-10 09:40:00,15,0.0020558110463465376,-0.01441150158222862,-0.4969194675209961,0.4,0.13436256897154067,1.236966399900913,0.625,0.0,0.008376546602353763,0.10548325098558638
4897,4908,4910,4899,4911,2022,2022-06-10 09:40:00,2022-06-10 10:35:00,2022-06-10 10:45:00,13,0.0020800354165159494,0.0006569585979702532,0.02136243996530099,0.8461538461538461,-0.4946622591149766,1.6647264730946283,0.5714285714285714,0.0,0.017875059014612837,0.5794985021995139
4910,4915,4922,4912,4923,2022,2022-06-10 10:45:00,2022-06-10 11:10:00,2022-06-10 13:15:00,12,0.002331790209324022,-0.007284890295098352,-0.46015655168681424,0.4166666666666667,0.24520524887871975,1.6198060131328158,0.46153846153846156,0.0,0.00864822715761715,0.2953909934532442
4922,4937,4946,4924,4947,2022,2022-06-10 13:15:00,2022-06-10 14:30:00,2022-06-13 09:45:00,24,0.0021422237377257034,-0.013883692069690753,-0.32758626315289946,0.625,-0.30800120743942216,2.852049247233063,0.64,0.002913459586229083,0.0160136500620629,-0.21758562761808814
4946,4948,4954,4948,4955,2022,2022-06-13 09:45:00,2022-06-13 09:55:00,2022-06-13 10:25:00,8,0.0025896317622206557,0.0023599048553962733,0.13267372056417465,0.25,0.38512939186770795,1.5198682276670556,0.5555555555555556,0.0,0.01007377834238632,-0.2141558836742968
4954,4962,4966,4956,4967,2022,2022-06-13 10:25:00,2022-06-13 11:05:00,2022-06-13 11:25:00,12,0.0023908849929857694,-0.007764796497119607,-0.42363452904653714,0.6666666666666666,-0.19028797110077852,1.7641847035786529,0.5384615384615384,0.0,0.008821235379608439,0.3364007971657084
4966,4972,4982,4968,4983,2022,2022-06-13 11:25:00,2022-06-13 13:25:00,2022-06-13 14:15:00,16,0.002390816069522966,0.004555606469633623,0.30770449801567545,0.375,0.20320305804909625,1.4544469331602312,0.4117647058823529,0.0,0.008752569577279878,-0.5184427974378369
4982,4987,4999,4984,5000,2022,2022-06-13 14:15:00,2022-06-13 14:40:00,2022-06-14 10:10:00,17,0.002431642700312604,-0.011608234360233364,-0.2208988202005017,0.29411764705882354,-0.2900871865592381,2.2063142466909214,0.3333333333333333,0.11649760115754246,0.03390218376076248,-0.6458739208258859
4999,5000,5014,5001,5015,2022,2022-06-14 10:10:00,2022-06-14 10:15:00,2022-06-14 11:25:00,15,0.003050971553267217,0.015717752778423136,0.4151411481856466,0.06666666666666667,0.3656826115278621,1.31201086976105,0.3125,0.10783884922624526,0.021742056210093175,-0.7372694717475806
5014,5041,5048,5016,5049,2022,2022-06-14 11:25:00,2022-06-15 09:40:00,2022-06-15 10:15:00,34,0.0033758623768397173,0.004010401314576912,0.05033389056879443,0.7941176470588235,-0.6784525587255885,2.001694740920446,0.17142857142857143,0.007817275322218938,0.040466642429514366,0.5369822605527869
5048,5050,5054,5050,5055,2022,2022-06-15 10:15:00,2022-06-15 10:25:00,2022-06-15 10:45:00,6,0.003221741096325494,0.0019464131505275472,0.13421388473378942,0.3333333333333333,1.8905253876436932,1.971130349732273,0.14285714285714285,0.010694852811931527,0.00754876264328086,-0.25288658156897065
5054,5068,5085,5056,5086,2022,2022-06-15 10:45:00,2022-06-15 13:25:00,2022-06-15 14:50:00,31,0.003167939716262254,-0.002790251904987575,-0.04382592847176976,0.45161290322580644,0.1329178379769965,1.6207532040553738,0.40625,0.0020197772644879675,0.022118717515897224,0.18474037250935518
5085,5093,5099,5087,5100,2022,2022-06-15 14:50:00,2022-06-16 10:00:00,2022-06-16 10:30:00,14,0.00320249655195075,-0.01689976259763412,-0.4224237943897275,0.5714285714285714,0.2696981883731164,2.007842732960576,0.4666666666666667,0.08704616153447516,0.023096015567819705,0.4723059426889302
5099,5112,5125,5101,5126,2022,2022-06-16 10:30:00,2022-06-16 13:05:00,2022-06-16 14:10:00,26,0.003046917729595336,0.000581251389816429,0.012723777025846551,0.5,0.05296996674398238,1.652474019461729,0.6296296296296297,0.00886825645646235,0.016538907705880845,-0.18305266720938038
5125,5128,5131,5127,5132,2022,2022-06-16 14:10:00,2022-06-16 14:25:00,2022-06-16 14:40:00,6,0.0029619934377287075,-0.003165984586340027,-0.3638387080829183,0.5,0.10923460046652489,1.650667308181114,0.42857142857142855,0.0,0.00633239181251799,0.5220199180509396
5131,5141,5154,5133,5155,2022,2022-06-16 14:40:00,2022-06-17 10:00:00,2022-06-17 11:05:00,23,0.0024579393454701322,0.004290808042030297,0.06075802958589706,0.43478260869565216,0.15862819540700787,1.5158930266367066,0.375,0.038188310366008525,0.01984662298460904,-0.2523926222436531
5154,5170,5172,5156,5173,2022,2022-06-17 11:05:00,2022-06-17 13:55:00,2022-06-17 14:05:00,18,0.0026458973711027695,-0.0010852890984429367,-0.03311782671899261,0.8888888888888888,-0.4148630316270614,1.4792475184916443,0.3684210526315789,0.12187967300703194,0.01810242998504208,0.6924995385796807
5172,5185,5190,5174,5191,2022,2022-06-17 14:05:00,2022-06-20 09:40:00,2022-06-20 10:05:00,18,0.0025201184107798646,-6.440068266931349e-05,-0.0012366309884946013,0.7222222222222222,-0.6793450113531583,2.278116174542375,0.21052631578947367,0.0005321650756929053,0.018957568161242833,0.002426586581185624
5190,5202,5212,5192,5213,2022,2022-06-20 10:05:00,2022-06-20 11:05:00,2022-06-20 13:25:00,22,0.0033898884197103626,-0.013049597871826222,-0.2581973570405545,0.5454545454545454,-0.267829125517403,1.3752505037107716,0.43478260869565216,0.003880612474473682,0.01919035437223915,0.45822184784716913
5212,5216,5234,5214,5235,2022,2022-06-20 13:25:00,2022-06-20 13:45:00,2022-06-21 09:45:00,22,0.00337962125757428,0.009623125593515818,0.31536037547683043,0.18181818181818182,-0.20403820456863284,3.0761065701838985,0.6956521739130435,0.02134579866526931,0.013906851061782355,-0.691875019033314
5234,5238,5247,5236,5248,2022,2022-06-21 09:45:00,2022-06-21 10:05:00,2022-06-21 10:50:00,13,0.002628109641854011,-0.017129312638234532,-0.6487144196174757,0.3076923076923077,0.7298985770045929,1.7852318330651875,0.2857142857142857,0.0005524944283629065,0.015543926024395027,-0.3528371425309095
5247,5256,5270,5249,5271,2022,2022-06-21 10:50:00,2022-06-21 13:05:00,2022-06-21 14:15:00,23,0.0025431048475560566,0.004537906565767819,0.10543392088332673,0.391304347826087,0.2872363572011779,1.6248168922756134,0.375,0.0,0.020676285252277715,-0.2680679455276441
5270,5280,5283,5272,5284,2022,2022-06-21 14:15:00,2022-06-22 09:35:00,2022-06-22 09:50:00,13,0.002604512490732673,-0.01207367338927793,-0.5185168558570762,0.7692307692307693,-0.07110806647575474,2.1115830553234307,0.5714285714285714,0.03315010737973039,0.011469002848905063,0.5752514304214992
5283,5288,5289,5285,5290,2022,2022-06-22 09:50:00,2022-06-22 10:15:00,2022-06-22 10:20:00,6,0.002556751500911637,-0.009186731480262268,-0.5673562434698597,0.8333333333333334,0.19286242680852547,1.3584175109318704,0.42857142857142855,0.23265732945201972,0.0074957257670345,0.20712872079064112
5289,5291,5301,5291,5302,2022,2022-06-22 10:20:00,2022-06-22 10:30:00,2022-06-22 11:20:00,12,0.002509877586377966,0.001331623442680478,0.06859015907234398,0.16666666666666666,0.7621661221957233,1.6278571836101454,0.07692307692307693,0.06703251463311574,0.013218902043332648,-0.5792338029533206
5301,5310,5326,5303,5327,2022,2022-06-22 11:20:00,2022-06-22 13:35:00,2022-06-22 14:55:00,25,0.0022169881720569516,0.001381625307125513,0.04608919223088879,0.36,0.19592034870261044,1.475833640666154,0.38461538461538464,0.0,0.015499704124046332,-0.6431758124102774
5326,5330,5339,5328,5340,2022,2022-06-22 14:55:00,2022-06-23 09:45:00,2022-06-23 10:30:00,13,0.001890343212761483,-0.0070665439638812715,-0.3065684228096043,0.3076923076923077,0.3642915050367786,1.817455426893937,0.5,0.010716043065312101,0.014138763016364742,-0.5103621307447023
5339,5391,5406,5341,5407,2022,2022-06-23 10:30:00,2022-06-24 10:50:00,2022-06-24 13:35:00,67,0.0018821790561924642,0.039819598372241416,0.3687737782665,0.7761194029850746,-0.6222152216931109,1.9793138855090824,0.3382352941176471,0.0,0.04701517088865437,0.7198015830845385
5406,5416,5418,5408,5419,2022,2022-06-24 13:35:00,2022-06-24 14:25:00,2022-06-24 14:35:00,12,0.0023966770160720454,-0.006895430072174675,-0.4799637333115201,0.8333333333333334,-0.04666625180338022,1.4341017981288724,0.6153846153846154,0.0,0.008465938684824259,0.7166834876970603
5418,5425,5431,5420,5432,2022,2022-06-24 14:35:00,2022-06-27 09:40:00,2022-06-27 10:10:00,13,0.002938391035888734,0.00772381274912499,0.2192354502156116,0.5384615384615384,0.7590250619592104,3.359785213592346,0.21428571428571427,0.05116882982367808,0.01914594255884161,0.2743624505794713
5431,5438,5454,5433,5455,2022,2022-06-27 10:10:00,2022-06-27 10:45:00,2022-06-27 13:35:00,23,0.003012452280749624,-0.003160463387143906,-0.0901790272906422,0.30434782608695654,0.15295713518120957,1.3898443946354797,0.6666666666666666,0.0,0.011967543848926177,-0.28477729813896213
5454,5458,5463,5456,5464,2022,2022-06-27 13:35:00,2022-06-27 13:55:00,2022-06-27 14:20:00,9,0.003018015210623665,-0.0038694583469979582,-0.42805206291644365,0.4444444444444444,0.2619603614308981,1.9942719724485876,0.5,0.013237410456794154,0.005785046575417674,0.6891957184158092
5463,5464,5477,5465,5478,2022,2022-06-27 14:20:00,2022-06-27 14:25:00,2022-06-28 10:00:00,14,0.0029915125855508058,0.015320487948090942,0.5587465254695222,0.07142857142857142,-0.25868526808240044,2.138745284625305,0.4,0.22566444670315738,0.019780233354968146,-0.7934813570073073
5477,5491,5494,5479,5495,2022,2022-06-28 10:00:00,2022-06-28 11:10:00,2022-06-28 11:25:00,17,0.0021950593514057093,-0.0017050882917907678,-0.04679460993771159,0.8235294117647058,-1.1996783919006877,1.5385633946841517,0.2222222222222222,0.17410766193286378,0.014677067814981903,0.5057272890833906
5494,5499,5500,5496,5501,2022,2022-06-28 11:25:00,2022-06-28 13:20:00,2022-06-28 13:25:00,6,0.0023448781904595417,0.0029500426569873525,0.3150253777084355,0.8333333333333334,-0.07175445294455349,1.170140548061025,0.42857142857142855,0.0,0.005048012211267938,0.6024064377411859
5500,5516,5530,5502,5531,2022,2022-06-28 13:25:00,2022-06-28 14:45:00,2022-06-29 10:25:00,30,0.0023956653835511808,0.014698722848273192,0.2125803019632768,0.5333333333333333,0.10191813844843008,1.848243405442985,0.5806451612903226,0.021279680111270224,0.018060748886314926,0.25811785106834123
5530,5535,5546,5532,5547,2022,2022-06-29 10:25:00,2022-06-29 10:50:00,2022-06-29 13:15:00,16,0.0027125627330077135,-0.006543790566810553,-0.17772101616583094,0.3125,0.5128729017849075,1.399886300851349,0.4117647058823529,0.00774405095217909,0.017696867176195674,-0.23466554330193015
5546,5548,5551,5548,5552,2022,2022-06-29 13:15:00,2022-06-29 13:25:00,2022-06-29 13:40:00,5,0.0027537986434022785,-0.00012719872091592063,-0.014346698084833628,0.4,0.4803522268942182,1.1727854443433374,0.16666666666666666,0.0,0.004505675970865042,0.046377232988689884
5551,5554,5565,5553,5566,2022,2022-06-29 13:40:00,2022-06-29 13:55:00,2022-06-29 14:50:00,14,0.0027197361131969786,0.009346630168823322,0.4130102948697502,0.21428571428571427,-0.16437464802665777,1.410121577465344,0.4,0.0,0.012549320107412498,-0.7564223970308104
5565,5571,5576,5567,5577,2022,2022-06-29 14:50:00,2022-06-30 09:50:00,2022-06-30 10:15:00,11,0.003119234842129112,-0.012854272985640682,-0.3694509751307182,0.5454545454545454,0.2914683065935114,2.011855388497347,0.4166666666666667,0.03254134789303652,0.013131925565273761,0.1653341416514382
5576,5593,5602,5578,5603,2022,2022-06-30 10:15:00,2022-06-30 13:10:00,2022-06-30 13:55:00,26,0.0028579369671393987,-0.0030589163915017,-0.07394185367738057,0.6538461538461539,-0.10147871302785179,1.6274909911322613,0.5185185185185185,0.004757946526536316,0.02126352435582035,0.6717123442453686
5602,5606,5621,5604,5622,2022,2022-06-30 13:55:00,2022-06-30 14:15:00,2022-07-01 10:00:00,19,0.002778742697081563,0.012296036480307141,0.405202009023257,0.21052631578947367,0.018037280315373376,1.65320940231066,0.35,0.002628055500120913,0.0157546347419375,-0.7696561265634364
5621,5624,5645,5623,5646,2022,2022-07-01 10:00:00,2022-07-01 10:15:00,2022-07-01 13:30:00,24,0.0019419437106797718,-0.006696588857166198,-0.2083919959831925,0.125,0.07449063875591824,1.5476504063988836,0.48,0.015688354973271056,0.014673851292629436,-0.4106994239286895
5645,5646,5649,5647,5650,2022,2022-07-01 13:30:00,2022-07-01 13:35:00,2022-07-01 13:50:00,4,0.0018146624557868521,0.0004777874855442151,0.08977360534670509,0.25,0.5571559347968671,1.2728508171638766,0.4,0.0,0.003018946396550426,-0.12478485352252472
5649,5654,5666,5651,5667,2022,2022-07-01 13:50:00,2022-07-01 14:15:00,2022-07-04 09:45:00,17,0.001803688140243309,-0.002023368298929274,-0.0541594852515397,0.29411764705882354,-0.15428233540714037,3.0632528931919993,0.5555555555555556,0.09736419547927512,0.017698923428794977,-0.4786846179572546
5666,5673,5678,5668,5679,2022,2022-07-04 09:45:00,2022-07-04 10:20:00,2022-07-04 10:45:00,12,0.002606538415631862,-0.010030971715164247,-0.6973241295395555,0.5833333333333334,0.13351980280491607,1.989834264673426,0.46153846153846156,0.0,0.007451592427808684,0.6625433848353657
5678,5696,5705,5680,5706,2022,2022-07-04 10:45:00,2022-07-04 13:45:00,2022-07-04 14:30:00,27,0.002593456568429739,0.008467855489792321,0.26139772375230247,0.6666666666666666,-0.01635602286346983,1.353979149628606,0.39285714285714285,0.04042344250962781,0.013841146630102052,0.5972068776675935
5705,5713,5731,5707,5732,2022,2022-07-04 14:30:00,2022-07-05 09:40:00,2022-07-05 11:10:00,26,0.0019402714760162385,0.009011433074361589,0.18868123831618894,0.3076923076923077,0.4144167218160283,1.8640321965470115,0.18518518518518517,0.0,0.01926637402685838,-0.5104795569654452
5731,5736,5747,5733,5748,2022,2022-07-05 11:10:00,2022-07-05 13:05:00,2022-07-05 14:00:00,16,0.0021172114876578368,-0.010457625731400293,-0.4152457503090332,0.3125,0.597900546710744,1.5385630108411947,0.4117647058823529,0.021772308403912918,0.011472965466228224,-0.36467242553853957
5747,5767,5779,5749,5780,2022,2022-07-05 14:00:00,2022-07-06 10:10:00,2022-07-06 11:10:00,32,0.002191709278626176,0.01499946454076721,0.2326513189735664,0.625,-0.663518259194649,1.4389112588292947,0.30303030303030304,0.0234717484798881,0.03318830142978335,0.7766639368095462
5779,5780,5784,5781,5785,2022,2022-07-06 11:10:00,2022-07-06 11:15:00,2022-07-06 13:05:00,5,0.0021293179405336943,0.0008953483186316868,0.20511760284084174,0.2,-1.022828910558471,1.8348853158945977,0.16666666666666666,0.3229442521536567,0.002621091331675096,-0.27255529540202833
5784,5786,5800,5786,5801,2022,2022-07-06 13:05:00,2022-07-06 13:15:00,2022-07-06 14:25:00,16,0.002120958215320277,0.010862058125225671,0.49720631328203474,0.125,0.4863300045297986,1.3722293033924429,0.35294117647058826,0.003229897908721884,0.012560946790708627,-0.8762249113388202
5800,5806,5811,5802,5812,2022,2022-07-06 14:25:00,2022-07-06 14:55:00,2022-07-07 09:50:00,11,0.0021417016421218706,-0.0042822031221530004,-0.19246196064637563,0.5454545454545454,-0.04969510003307816,1.9976421087930056,0.5833333333333334,0.0,0.010850577115049553,-0.29380774972755896
5811,5825,5827,5813,5828,2022,2022-07-07 09:50:00,2022-07-07 11:00:00,2022-07-07 11:10:00,16,0.00201428849072725,-0.002970949262991969,-0.10232527104752857,0.875,-0.0011745813623304801,1.3354951879694787,0.5294117647058824,0.0,0.018265721639729726,0.7642167269178596
5827,5833,5840,5829,5841,2022,2022-07-07 11:10:00,2022-07-07 13:10:00,2022-07-07 13:45:00,13,0.001968208886485477,0.0024130915081991664,0.1552311777099901,0.46153846153846156,0.30527353060992024,1.5056793236885702,0.5,0.0,0.006691401027839383,0.3565624916337227
5840,5845,5846,5842,5847,2022,2022-07-07 13:45:00,2022-07-07 14:10:00,2022-07-07 14:15:00,6,0.0018834625624641666,0.0017857308653194926,0.35143578949679766,0.8333333333333334,0.05687342714522036,1.3376939717954888,0.5714285714285714,0.0,0.0031003864264045333,0.5643346457737755
5846,5856,5863,5848,5864,2022,2022-07-07 14:15:00,2022-07-08 09:35:00,2022-07-08 10:10:00,17,0.0018316942822018175,0.001296450394645082,0.05603282348603419,0.5882352941176471,-0.33860131512214026,2.693628177572684,0.5555555555555556,0.004322354307003658,0.012008932117847593,-0.6069927196286238
5863,5867,5871,5865,5872,2022,2022-07-08 10:10:00,2022-07-08 10:30:00,2022-07-08 10:50:00,8,0.0019736912928143536,-0.01765245563339903,-0.7819197061636566,0.5,0.2396722807800853,1.5270515505443445,0.3333333333333333,0.0,0.013084576936109649,0.29011249687700996
5871,5877,5888,5873,5889,2022,2022-07-08 10:50:00,2022-07-08 11:20:00,2022-07-08 13:45:00,17,0.0021346052183538484,-0.0058906101920742915,-0.2738176102272885,0.35294117647058826,0.2724981504096344,1.6786976312230346,0.5555555555555556,0.0,0.009551998811646811,-0.3366046857937007
5888,5893,5910,5890,5911,2022,2022-07-08 13:45:00,2022-07-08 14:10:00,2022-07-11 10:05:00,22,0.002190137163305305,0.008840852717024702,0.22209719259613125,0.22727272727272727,-0.04343011689533737,2.732416363200248,0.5217391304347826,0.00010062713488515263,0.024607415072948946,-0.7500856084458793
5910,5915,5934,5912,5935,2022,2022-07-11 10:05:00,2022-07-11 10:30:00,2022-07-11 13:35:00,24,0.0024493107527310876,0.0106831675517584,0.3287210213988299,0.20833333333333334,0.524101469677115,1.667887890086409,0.24,0.0,0.01633177108637085,-0.6530146023317722
5934,5948,5956,5936,5957,2022,2022-07-11 13:35:00,2022-07-11 14:45:00,2022-07-12 09:55:00,22,0.002403232196275508,-0.0028121305899253264,-0.07019600292853065,0.6363636363636364,-0.5815502574756167,2.011703041036084,0.391304347826087,0.0,0.019153656324266244,-0.39352494061822707
5956,5958,5975,5958,5976,2022,2022-07-12 09:55:00,2022-07-12 10:05:00,2022-07-12 11:30:00,19,0.002365572482792567,-0.004406308138267806,-0.11707140443930864,0.10526315789473684,0.35213483167056886,1.9001003904394604,0.2,0.0,0.017680933079003758,-0.46709371995871757
5975,5981,5990,5977,5991,2022,2022-07-12 11:30:00,2022-07-12 13:30:00,2022-07-12 14:15:00,15,0.0024609855038462084,-0.010274574207424298,-0.5238587984600255,0.4,0.19805044764404148,1.8989524895006227,0.375,0.0,0.008592760425109702,-0.19340091073394086
5990,5991,5998,5992,5999,2022,2022-07-12 14:15:00,2022-07-12 14:20:00,2022-07-12 14:55:00,8,0.0024622409231817434,0.002264123191752839,0.2040943198693093,0.125,0.9023386496639002,1.728366282209811,0.3333333333333333,0.03907564987684555,0.005527447045898803,-0.370059919932187
5998,6000,6008,6000,6009,2022,2022-07-12 14:55:00,2022-07-13 09:35:00,2022-07-13 10:15:00,10,0.0024342625181195425,0.006775346169526257,0.2660921229681805,0.2,0.48273852369531334,1.5670371729956507,0.18181818181818182,0.0038349717794916656,0.013443724448464422,-0.48043127915212536
6008,6017,6018,6010,6019,2022,2022-07-13 10:15:00,2022-07-13 11:00:00,2022-07-13 11:05:00,10,0.0024850440694841897,-0.012114296287758366,-0.5518819593824369,0.9,0.022591676479894005,1.9823861841140835,0.5454545454545454,0.18415336044748729,0.017722464230169876,0.7703084663764139
6018,6021,6031,6020,6032,2022,2022-07-13 11:05:00,2022-07-13 11:20:00,2022-07-13 13:40:00,13,0.0024660368824684802,-0.0017602486550442858,-0.16276757901034652,0.23076923076923078,-0.16265981170031685,2.0659350539424097,0.2857142857142857,0.07786962994623338,0.005864786570729308,-0.46495490049611665
6031,6033,6041,6033,6042,2022,2022-07-13 13:40:00,2022-07-13 13:50:00,2022-07-13 14:30:00,10,0.0023634027487361357,0.003010034129612488,0.37815975440262417,0.2,0.21940716231188087,1.4107376986257552,0.36363636363636365,0.1775543413614071,0.00544681228573296,-0.5770730122448128
6041,6073,6085,6043,6086,2022,2022-07-13 14:30:00,2022-07-14 13:10:00,2022-07-14 14:10:00,44,0.002006893803468093,0.017795012825307203,0.23625617878832192,0.7272727272727273,0.0002769426354154381,1.5580143617819817,0.5555555555555556,0.02216121876945092,0.03328209503458446,0.6993646678476955
6085,6086,6089,6087,6090,2022,2022-07-14 14:10:00,2022-07-14 14:15:00,2022-07-14 14:30:00,4,0.002033680931793122,0.0005762028393359894,0.3828340596478763,0.25,0.07419015165275915,1.570176565776636,0.4,0.04475999274744459,0.0011428944345563963,-0.4635567350287155
6089,6096,6098,6091,6099,2022,2022-07-14 14:30:00,2022-07-15 09:35:00,2022-07-15 09:45:00,9,0.0020423449393810987,-0.013645676113841192,-0.5513503643609773,0.7777777777777778,-0.757620851278588,1.924273183668895,0.2,0.05400264402143625,0.007897778331403593,0.040017923675620536
6098,6112,6152,6100,6153,2022,2022-07-15 09:45:00,2022-07-15 10:55:00,2022-07-18 10:15:00,54,0.002270835217127504,0.03209576646710646,0.2752811962217008,0.25925925925925924,0.07019047020469428,1.7384229227610184,0.7272727272727273,9.781653985460907e-05,0.03690325057497734,-0.5600770536352937
6152,6169,6175,6154,6176,2022,2022-07-18 10:15:00,2022-07-18 13:10:00,2022-07-18 13:40:00,23,0.0025558995796244747,-0.005371123761995605,-0.1664541781660033,0.7391304347826086,-0.24348576911634479,1.5885976919604998,0.5416666666666666,0.0,0.01933870945993199,0.7046389624039385
6175,6177,6187,6177,6188,2022,2022-07-18 13:40:00,2022-07-18 13:50:00,2022-07-18 14:40:00,12,0.0025528710643548625,0.0006648344947512978,0.07893520049295916,0.16666666666666666,0.5015994222905006,1.5725648494230233,0.5384615384615384,0.0,0.004020049540921278,-0.209635233516211
6187,6190,6194,6189,6195,2022,2022-07-18 14:40:00,2022-07-18 14:55:00,2022-07-19 09:45:00,7,0.0024221768895022564,-0.0009175429220497591,-0.17756557903585352,0.42857142857142855,-0.062318425548437556,1.584317561511762,0.625,0.06609591134588351,0.0019470374683825398,0.13950857053976576
6194,6200,6219,6196,6220,2022,2022-07-19 09:45:00,2022-07-19 10:15:00,2022-07-19 13:20:00,25,0.0015251524480287743,0.0018495931235157905,0.04362729321850074,0.24,0.7599197175821855,1.370313498381605,0.15384615384615385,0.058095255759546896,0.01863516052984604,-0.7133251188968331
6219,6254,6259,6221,6260,2022,2022-07-19 13:20:00,2022-07-20 10:45:00,2022-07-20 11:10:00,40,0.001673811489144295,0.009987304243487514,0.17762049304979705,0.875,-1.016302854929087,2.9712808022877373,0.34146341463414637,0.0670569597847358,0.026440109410457602,0.7787353064346296
6259,6265,6270,6261,6271,2022,2022-07-20 11:10:00,2022-07-20 13:10:00,2022-07-20 13:35:00,11,0.0023177022275095594,-0.0054175541958304116,-0.6061123221790946,0.5454545454545454,-0.00906267085321488,1.8235646519380235,0.3333333333333333,0.0,0.004767346276543627,0.4013508412699553
6270,6295,6304,6272,6305,2022,2022-07-20 13:35:00,2022-07-21 10:10:00,2022-07-21 10:55:00,34,0.0022278068788782355,0.02735073727952587,0.4763565256673211,0.7352941176470589,0.3997710498086445,3.067934469825411,0.22857142857142856,0.3377874573821375,0.02827887262790174,0.6405938304221017
6304,6309,6319,6306,6320,2022,2022-07-21 10:55:00,2022-07-21 11:20:00,2022-07-21 13:40:00,15,0.00247791213101256,-0.0001913378622464773,-0.012136925156621197,0.3333333333333333,0.5607272594569527,1.7790781622082767,0.3125,0.0012147093086541702,0.006141342412118611,0.04599259561630939
6319,6326,6335,6321,6336,2022,2022-07-21 13:40:00,2022-07-21 14:15:00,2022-07-21 15:00:00,16,0.0025204542598935677,-0.0018022451015669745,-0.06733849111018736,0.4375,-0.16056742708950214,1.6232966704815186,0.35294117647058826,0.0013008990814237218,0.00918429176532154,-0.622727733473193
6335,6336,6341,6337,6342,2022,2022-07-21 15:00:00,2022-07-22 09:35:00,2022-07-22 10:00:00,6,0.001969298775252429,0.011184336136236334,0.9533247876719103,0.16666666666666666,0.821570541649767,1.7751997370075876,0.42857142857142855,0.0,0.007475574408396746,-0.482550914147563
6341,6347,6373,6343,6374,2022,2022-07-22 10:00:00,2022-07-22 10:30:00,2022-07-22 14:10:00,32,0.0018277822989677104,5.516778230311905e-05,0.0012056426191959246,0.1875,0.3075321057993123,1.5660177171360568,0.5151515151515151,0.0130145147867872,0.016015371940330425,-0.5953745617177081
6373,6381,6382,6375,6383,2022,2022-07-22 14:10:00,2022-07-22 14:50:00,2022-07-22 14:55:00,9,0.0019210194712982894,-0.008625167336341754,-0.5697256281262267,0.8888888888888888,-1.051155173896779,1.6884834196018146,0.3,0.17221007277289885,0.0100042864982397,0.6778976638770029
6382,6384,6389,6384,6390,2022,2022-07-22 14:55:00,2022-07-25 09:35:00,2022-07-25 10:00:00,7,0.0024626956585916786,-0.003000293652197352,-0.10807685471627014,0.2857142857142857,0.14613040427616406,1.9552234013744374,0.125,0.06834261000576633,0.013765906219224355,-0.34982646097316245
6389,6395,6418,6391,6419,2022,2022-07-25 10:00:00,2022-07-25 10:30:00,2022-07-25 13:55:00,29,0.0027315443301779764,-0.005316790948549796,-0.12368017740561259,0.20689655172413793,0.6016474406423427,1.7047392947154005,0.4,0.0036693433367569767,0.014255983331728395,-0.48326133314388414
6418,6422,6425,6420,6426,2022,2022-07-25 13:55:00,2022-07-25 14:15:00,2022-07-25 14:30:00,7,0.0027411939238313953,-0.0012308152906774078,-0.18833083359839237,0.5714285714285714,0.025314930243335892,2.224507410970622,0.375,0.0,0.0039014356284736706,0.3465036825619548
6425,6427,6435,6427,6436,2022,2022-07-25 14:30:00,2022-07-25 14:40:00,2022-07-26 09:50:00,10,0.0026070186467385455,0.006188034440021875,0.36521688728015783,0.2,0.18899901668680325,1.555135886353358,0.5454545454545454,0.0,0.008438553547335914,-0.7265026057773337
6435,6448,6449,6437,6450,2022,2022-07-26 09:50:00,2022-07-26 10:55:00,2022-07-26 11:00:00,14,0.001964861555840006,-0.0004971561745602334,-0.017033897640316722,0.9285714285714286,0.4537877607937595,1.6108684279848797,0.4666666666666667,0.0,0.017276498309964694,0.8060863572271596
6449,6454,6466,6451,6467,2022,2022-07-26 11:00:00,2022-07-26 11:25:00,2022-07-26 13:55:00,17,0.0019243497686734358,0.0012948858861845495,0.07893274558273772,0.29411764705882354,0.13571587763174606,1.369213364616089,0.5,0.00506452630532255,0.0053823381026818495,-0.22857721165138614
6466,6490,6496,6468,6497,2022,2022-07-26 13:55:00,2022-07-27 10:25:00,2022-07-27 10:55:00,30,0.001711181461441638,0.0024384424607522526,0.05635570651880073,0.8,-1.1514372398314454,1.7901289380051615,0.1935483870967742,0.011202191839921573,0.013624038640476677,0.5907164437481603
6496,6498,6503,6498,6504,2022,2022-07-27 10:55:00,2022-07-27 11:05:00,2022-07-27 11:30:00,7,0.0015282065915163394,0.0010564270784776688,0.18541320997049365,0.2857142857142857,0.32908025226561455,1.2472873189733353,0.375,0.0,0.0028356577487702594,-0.3142213265869696
6503,6518,6523,6505,6524,2022,2022-07-27 11:30:00,2022-07-27 14:15:00,2022-07-27 14:40:00,20,0.001587817279759548,-0.0067693959435439046,-0.3214201751725054,0.75,-0.6545826600323479,1.5786287088301567,0.42857142857142855,0.03348955956881969,0.008947582200270254,0.686035720967135
6523,6544,6547,6525,6548,2022,2022-07-27 14:40:00,2022-07-28 10:55:00,2022-07-28 11:10:00,24,0.0016376082018103133,0.012789084863834503,0.299781129723865,0.875,-2.049471923911716,1.498915982794693,0.28,0.4261322160920395,0.019232057826409132,0.8642540094259041
6547,6548,6555,6549,6556,2022,2022-07-28 11:10:00,2022-07-28 11:15:00,2022-07-28 13:20:00,8,0.0016814299003640554,-0.001177395934239921,-0.10216719914213165,0.125,-0.01155394594146172,1.1801939519959084,0.3333333333333333,0.1393677528250948,0.0024519612246836076,-0.3738629420395945
6555,6559,6568,6557,6569,2022,2022-07-28 13:20:00,2022-07-28 13:40:00,2022-07-28 14:25:00,13,0.0016975404891702702,0.0019692500151692813,0.15459154493355065,0.3076923076923077,0.5678167997827166,1.311520685331269,0.35714285714285715,0.0,0.007864845089973649,-0.6039157249295556
6568,6572,6592,6570,6593,2022,2022-07-28 14:25:00,2022-07-28 14:45:00,2022-07-29 10:55:00,24,0.0018438372724930696,0.012143285528257112,0.25588235539842613,0.16666666666666666,0.3193385367247586,1.8419594258348915,0.44,0.12340915710506482,0.016538304350349975,-0.7358976161230869
6592,6595,6601,6594,6602,2022,2022-07-29 10:55:00,2022-07-29 11:10:00,2022-07-29 13:10:00,9,0.0018675535609032003,0.002903078659053985,0.2782301376423613,0.3333333333333333,0.0026433922315993808,1.7563020299794834,0.6,0.04941604955103239,0.004967829179661543,-0.5899195844210368
6601,6608,6625,6603,6626,2022,2022-07-29 13:10:00,2022-07-29 13:45:00,2022-08-01 09:40:00,24,0.00194534150289857,0.00495098964405246,0.11249561039277357,0.2916666666666667,-0.1348688233112034,3.5945381195019133,0.64,0.011377394807408637,0.02215426413666588,-0.6874623253530044
6625,6636,6638,6627,6639,2022,2022-08-01 09:40:00,2022-08-01 10:35:00,2022-08-01 10:45:00,13,0.003114912071917485,-0.01980242854664108,-0.4644592960023231,0.8461538461538461,0.13210174512341408,1.3960939415414753,0.5,0.028498184636275174,0.02161074671584995,0.6015077292331847
6638,6641,6643,6640,6644,2022,2022-08-01 10:45:00,2022-08-01 11:00:00,2022-08-01 11:10:00,5,0.003312586662540107,0.0029192008539659403,0.3012302957860309,0.6,0.12372758452781812,1.5631451594567132,0.6666666666666666,0.0,0.006085006999965614,0.4390022243169231
6643,6658,6661,6645,6662,2022,2022-08-01 11:10:00,2022-08-01 13:55:00,2022-08-01 14:10:00,18,0.003309133001228829,0.007524806064460921,0.36143315301017015,0.8333333333333334,-0.06204572474487823,1.6963614160460438,0.3684210526315789,0.08578231134700023,0.00937414162046668,0.8231961284473782
6661,6664,6673,6663,6674,2022,2022-08-01 14:10:00,2022-08-01 14:25:00,2022-08-02 09:40:00,12,0.0032889602081746247,-0.016641059183684342,-0.5983645310078176,0.25,-0.5523622414903949,3.7448959082739526,0.38461538461538464,0.0,0.017678802627072443,-0.9490797671922141
6673,6679,6694,6675,6695,2022,2022-08-02 09:40:00,2022-08-02 10:10:00,2022-08-02 11:25:00,21,0.0031077852062773377,-0.022131153851465333,-0.3806954951118881,0.2857142857142857,0.720534744903505,1.5385716622687795,0.36363636363636365,0.0,0.022077244419568487,0.011312407520709528
6694,6711,6718,6696,6719,2022,2022-08-02 11:25:00,2022-08-02 14:20:00,2022-08-02 14:55:00,24,0.0033861448884751413,-0.0035504396177225167,-0.0767936218509777,0.7083333333333334,-0.3896438305470243,1.8096939075001717,0.48,0.006122704015577639,0.023182949956516374,0.61043472671076
6718,6720,6725,6720,6726,2022,2022-08-02 14:55:00,2022-08-03 09:35:00,2022-08-03 10:00:00,7,0.003229796132721777,0.0054312180908190144,0.3121660461227762,0.2857142857142857,0.3625053566281553,1.6279874369470144,0.25,0.03675790097071929,0.011430779401342406,-0.46872770977655487
6725,6729,6736,6727,6737,2022,2022-08-03 10:00:00,2022-08-03 10:20:00,2022-08-03 10:55:00,11,0.0028781147128459535,-0.01345184016165182,-0.5830804092219595,0.36363636363636365,0.4312361444494534,1.3302428124068206,0.5833333333333334,0.0,0.008898845294678992,0.14413805464599327
6736,6750,6765,6738,6766,2022,2022-08-03 10:55:00,2022-08-03 13:35:00,2022-08-03 14:50:00,29,0.00283750088097363,0.01120412325830913,0.159341550425334,0.4827586206896552,0.08387866537833961,1.3645450869851683,0.5,0.0036900650578556536,0.03135426085084614,0.2359514247032986
6765,6769,6771,6767,6772,2022,2022-08-03 14:50:00,2022-08-04 09:40:00,2022-08-04 09:50:00,6,0.003010530801303412,-0.01312004660176607,-0.6988037855032702,0.6666666666666666,0.17512867931532025,2.1265393234713788,0.2857142857142857,0.04779181507522354,0.010496482305065058,0.28185391603209625
6771,6780,6794,6773,6795,2022,2022-08-04 09:50:00,2022-08-04 10:35:00,2022-08-04 13:15:00,23,0.0029803246560367496,0.00965638167634859,0.21602096944246524,0.391304347826087,0.08397684900728662,1.440472297987676,0.625,0.0,0.015888315388639107,-0.22683130745490832
6794,6800,6802,6796,6803,2022,2022-08-04 13:15:00,2022-08-04 13:45:00,2022-08-04 13:55:00,8,0.002738183741477437,-0.011432870239863214,-0.711716275523349,0.75,-0.22063375473560007,1.239293220830981,0.4444444444444444,0.0,0.008539436748742801,0.4803870410040487
6802,6806,6807,6804,6808,2022,2022-08-04 13:55:00,2022-08-04 14:15:00,2022-08-04 14:20:00,5,0.002694437551738083,0.0022712167101488654,0.4086029774544282,0.8,-0.5567997889586039,1.3395146090087915,0.16666666666666666,0.0,0.00356216529354203,0.5638898102097639
6807,6820,6822,6809,6823,2022,2022-08-04 14:20:00,2022-08-05 09:55:00,2022-08-05 10:05:00,15,0.0026722920833361754,0.01957415996446313,0.4995917081690592,0.8666666666666667,0.10246803113052058,2.424461483346222,0.1875,0.42990121534593223,0.028952371419790346,0.6761237671936112
6822,6842,6846,6824,6847,2022,2022-08-05 10:05:00,2022-08-05 13:15:00,2022-08-05 13:35:00,24,0.002878282762617579,0.014483442646800924,0.3145029720174575,0.8333333333333334,-0.7974354845533811,1.546122054054393,0.08,0.13796902310958623,0.018581986580485932,0.7846539646195736
6846,6860,6873,6848,6874,2022,2022-08-05 13:35:00,2022-08-05 14:45:00,2022-08-08 10:20:00,27,0.0027634605144871913,0.0003849440044314729,0.006677810592559275,0.5185185185185185,0.31881882207169865,1.6322179860090462,0.39285714285714285,0.022129077529107307,0.012275532970464909,0.16350728804405018
6873,6879,6883,6875,6884,2022,2022-08-08 10:20:00,2022-08-08 10:50:00,2022-08-08 11:10:00,10,0.0022784679067763755,-0.0001917863157625834,-0.015610431005631076,0.6,-0.06359929723675788,1.6175908880253085,0.36363636363636365,0.0,0.004097742408667671,0.008509844597906577
6883,6887,6889,6885,6890,2022,2022-08-08 11:10:00,2022-08-08 11:30:00,2022-08-08 13:10:00,6,0.0021794050948501934,-0.0012021849850626732,-0.28777558442837203,0.6666666666666666,0.14578010484968598,1.3813884865484236,0.42857142857142855,0.0,0.0029856874675315836,0.4026914019285184
6889,6890,6895,6891,6896,2022,2022-08-08 13:10:00,2022-08-08 13:15:00,2022-08-08 13:40:00,6,0.0020208924906633197,0.002292369508632486,0.30311785348910447,0.16666666666666666,0.7440479778760232,1.3111828067295637,0.42857142857142855,0.0,0.004614040066163838,-0.4647247962986743
6895,6907,6915,6897,6916,2022,2022-08-08 13:40:00,2022-08-08 14:40:00,2022-08-09 09:50:00,20,0.00200672893696574,-0.004077686978921906,-0.16683703457354307,0.6,-0.39706359218591086,1.72509687923213,0.5238095238095238,0.0,0.00904526592782684,-0.2453024597604622
6915,6922,6925,6917,6926,2022,2022-08-09 09:50:00,2022-08-09 10:25:00,2022-08-09 10:40:00,10,0.0017435890421311855,-0.013751184449061309,-0.6963880156635166,0.7,0.08605039024249947,1.4671012690285927,0.5454545454545454,0.0,0.01030111771185016,0.49453070186263687
6925,6934,6946,6927,6947,2022,2022-08-09 10:40:00,2022-08-09 11:25:00,2022-08-09 13:55:00,21,0.0017281750017318583,-8.076102092118871e-05,-0.0037899481756476262,0.42857142857142855,0.09070596120479166,1.5707557851333347,0.4090909090909091,0.003938043731757788,0.007532551554129796,0.1719973793009609
6946,6964,6969,6948,6970,2022,2022-08-09 13:55:00,2022-08-10 09:55:00,2022-08-10 10:20:00,23,0.0016927751408174116,0.0009559141422310541,0.020063843969492373,0.782608695652174,-0.47231215871826415,1.6037077315047403,0.3333333333333333,0.028928947364238664,0.017042854827806764,0.5076611355238538
6969,6973,6978,6971,6979,2022,2022-08-10 10:20:00,2022-08-10 10:40:00,2022-08-10 11:05:00,9,0.0016401884273538167,-0.006741198977427337,-0.5433806579739854,0.4444444444444444,0.037737683279938365,1.3702812591716929,0.7,0.0,0.004675435880233003,0.029478596855344104
6978,6980,6987,6980,6988,2022,2022-08-10 11:05:00,2022-08-10 11:15:00,2022-08-10 13:20:00,9,0.0017266446843840592,-0.0005254128095075138,-0.0418329827447338,0.2222222222222222,0.36519894325489316,1.4314099299271903,0.5,0.005532045930453656,0.003988932577223103,0.010796499259032531
6987,6991,7003,6989,7004,2022,2022-08-10 13:20:00,2022-08-10 13:40:00,2022-08-10 14:40:00,16,0.0017969113298909537,-0.004692280655291713,-0.21675082568036755,0.25,0.6245410851588581,1.3567451416888312,0.4117647058823529,0.04996071796183802,0.009363428873528257,-0.6097700131741901
7003,7009,7016,7005,7017,2022,2022-08-10 14:40:00,2022-08-11 09:40:00,2022-08-11 10:15:00,13,0.0018383520811400236,-0.017780640203511305,-0.7801812455079056,0.46153846153846156,-0.3370901029738526,1.761627299669027,0.2857142857142857,0.04462008129289013,0.011008049825361077,-0.018100919476063085
7016,7032,7039,7018,7040,2022,2022-08-11 10:15:00,2022-08-11 13:05:00,2022-08-11 13:40:00,23,0.0018357061431868921,0.005129052353959479,0.1936594656466664,0.6956521739130435,-0.031329185607164425,1.9269347231376044,0.5,0.022074584649048243,0.01793658296496048,0.7346784637528954
7039,7046,7048,7041,7049,2022,2022-08-11 13:40:00,2022-08-11 14:15:00,2022-08-11 14:25:00,9,0.0017638075978940394,-0.005070145448982382,-0.6261533957187678,0.7777777777777778,-1.179924533580753,1.404247401710125,0.2,0.1288333235460909,0.004159288583994503,0.2773752192376856
7048,7051,7067,7050,7068,2022,2022-08-11 14:25:00,2022-08-11 14:40:00,2022-08-12 10:30:00,19,0.0017703573557534328,0.004700493432984326,0.16254509289884056,0.15789473684210525,0.8813468894586661,1.945944699567792,0.3,0.08338942365615076,0.012647054649308487,-0.8091135253039615
7067,7069,7083,7069,7084,2022,2022-08-12 10:30:00,2022-08-12 10:40:00,2022-08-12 13:20:00,16,0.0016951293014359113,0.0049659665845549535,0.25300237922625435,0.125,0.37792542062636775,1.8544524867763656,0.47058823529411764,0.06407023518371534,0.009640960323447523,-0.5374992245727258
7083,7084,7091,7085,7092,2022,2022-08-12 13:20:00,2022-08-12 13:25:00,2022-08-12 14:00:00,8,0.0016857984851859566,0.0023705438601910704,0.4515203591106845,0.125,0.7071520445050414,1.1789883230889635,0.3333333333333333,0.0,0.0035666130288403153,-0.6403134619384308
7091,7092,7104,7093,7105,2022,2022-08-12 14:00:00,2022-08-12 14:05:00,2022-08-15 09:35:00,13,0.0016791571570644978,0.00989869213674225,0.5478240444608586,0.07692307692307693,-0.18603169250443718,2.1714500831097254,0.8571428571428571,0.0,0.012692241546019112,-0.7701966700432293
7104,7109,7112,7106,7113,2022,2022-08-15 09:35:00,2022-08-15 10:00:00,2022-08-15 10:15:00,8,0.0019103142173318456,-0.01851280377561986,-0.9128683437828553,0.625,0.08865802270904695,1.4439677316118913,0.5555555555555556,0.0,0.01380113882676337,0.5708634920969178
7112,7115,7131,7114,7132,2022,2022-08-15 10:15:00,2022-08-15 10:30:00,2022-08-15 13:20:00,19,0.001889832349197635,0.009790477193301896,0.45044986485719957,0.15789473684210525,0.2838260586325823,1.5172950664579217,0.35,0.0,0.008958519302153078,-0.4510603318921325
7131,7135,7141,7133,7142,2022,2022-08-15 13:20:00,2022-08-15 13:40:00,2022-08-15 14:10:00,10,0.0018770346531394747,-0.0009004559712866959,-0.11712802222323697,0.4,0.3341229661155155,1.9942348751596126,0.45454545454545453,0.0,0.004328217792058275,0.20398027348261757
7141,7142,7152,7143,7153,2022,2022-08-15 14:10:00,2022-08-15 14:15:00,2022-08-16 09:35:00,11,0.0018441447595239965,0.006030133791284989,0.5869408775511272,0.09090909090909091,-0.34621988173968304,3.5034684229246347,0.5833333333333334,0.0,0.0076551542245919535,-0.8186465237523908
7152,7159,7184,7154,7185,2022,2022-08-16 09:35:00,2022-08-16 10:10:00,2022-08-16 13:45:00,32,0.001869199047015584,-0.005119187470607125,-0.11504462912778746,0.21875,0.5468062115022043,2.1727894574099857,0.42424242424242425,0.0018106327900221364,0.015495253441190293,-0.015322248542889676
7184,7187,7196,7186,7197,2022,2022-08-16 13:45:00,2022-08-16 14:00:00,2022-08-16 14:45:00,12,0.0018501383992531675,0.0016195048208089641,0.22082074839815133,0.25,0.032049446059721,1.4685896679826445,0.6923076923076923,0.02462919978539519,0.0035010591708086736,-0.5028306505096111
7196,7198,7211,7198,7212,2022,2022-08-16 14:45:00,2022-08-16 14:55:00,2022-08-17 10:30:00,15,0.0013929849519954494,0.006123198413554842,0.34953364139480286,0.13333333333333333,0.43587759414860655,2.091981693319717,0.375,0.013165594448921333,0.008304955219427868,-0.7149806084688812
7211,7220,7222,7213,7223,2022,2022-08-17 10:30:00,2022-08-17 11:15:00,2022-08-17 11:25:00,11,0.0014422915584804785,-0.006212155741817643,-0.30468842674452296,0.8181818181818182,-0.00027109351771214255,1.4470313712431186,0.5833333333333334,0.019788778677230986,0.006721660404696905,0.6262796084746148
7222,7224,7230,7224,7231,2022,2022-08-17 11:25:00,2022-08-17 13:05:00,2022-08-17 13:35:00,8,0.0015569263641216505,-0.002934008005563441,-0.28170301478697024,0.25,-0.040476538766301064,1.2643879497366246,0.3333333333333333,0.1642636995090673,0.007401226101454661,-0.422768833278214
7230,7236,7244,7232,7245,2022,2022-08-17 13:35:00,2022-08-17 14:05:00,2022-08-17 14:45:00,14,0.0016160909706767683,-0.006006379299421915,-0.45948070468346364,0.42857142857142855,0.7013262875841912,1.5326176398416334,0.3333333333333333,0.01850423334349055,0.003923028940567619,0.45768595150848124
7244,7269,7272,7246,7273,2022,2022-08-17 14:45:00,2022-08-18 11:20:00,2022-08-18 13:05:00,28,0.0016064459481602285,0.009454734218594482,0.24451608175079048,0.8928571428571429,-0.44932097317987724,1.4763249455415266,0.1724137931034483,0.08295178074023829,0.012474247280551687,0.7502339659976306
7272,7282,7290,7274,7291,2022,2022-08-18 13:05:00,2022-08-18 13:55:00,2022-08-18 14:35:00,18,0.0013879573898937646,0.001146071768045671,0.08282039294451353,0.5555555555555556,-0.1273974157625836,1.6917452980715217,0.3157894736842105,0.0,0.004725085322562883,0.2721868932211777
7290,7296,7312,7292,7313,2022,2022-08-18 14:35:00,2022-08-19 09:35:00,2022-08-19 10:55:00,22,0.0016682474345721939,-0.0008660010378598079,-0.02046137080304535,0.2727272727272727,1.181055512277717,1.4254147778567725,0.21739130434782608,0.06050989667867784,0.024504371410526637,-0.7290126908001884
7312,7313,7317,7314,7318,2022,2022-08-19 10:55:00,2022-08-19 11:00:00,2022-08-19 11:20:00,5,0.0017665625882045208,-0.00035598590671764353,-0.044783186937518184,0.2,0.33283359899890147,1.1979881758018271,0.3333333333333333,0.14817638449154033,0.0037872434873182925,0.10104170125927096
7317,7318,7336,7319,7337,2022,2022-08-19 11:20:00,2022-08-19 11:25:00,2022-08-19 14:25:00,19,0.0018861442545700185,0.012310299466074376,0.4747046389613778,0.05263157894736842,0.17352753660605696,1.6202069112200683,0.2,0.05530827776366395,0.01549947454465439,-0.7912913584796653
7336,7338,7346,7338,7347,2022,2022-08-19 14:25:00,2022-08-19 14:35:00,2022-08-22 09:45:00,10,0.001959740509553717,0.007641114524719835,0.30990976792054525,0.2,0.26531838699956456,1.413767491216959,0.45454545454545453,0.0,0.012538614013323901,-0.6173091118354873
7346,7350,7352,7348,7353,2022,2022-08-22 09:45:00,2022-08-22 10:05:00,2022-08-22 10:15:00,6,0.0018777128231092551,-0.006801382434660081,-0.5414458329700906,0.6666666666666666,-0.3116359767875977,1.2017037400431225,0.5714285714285714,0.0,0.006730864233181144,0.18195218488919646
7352,7354,7362,7354,7363,2022,2022-08-22 10:15:00,2022-08-22 10:25:00,2022-08-22 11:05:00,10,0.001846663860058061,0.00013715307219352014,0.00991263937427693,0.2,0.8194374050267498,1.5878007129436118,0.45454545454545453,0.0,0.007078810416037307,-0.28076551473755273
7362,7367,7369,7364,7370,2022,2022-08-22 11:05:00,2022-08-22 11:30:00,2022-08-22 13:10:00,7,0.0017780612065551127,-0.004633261027294517,-0.6899561060970554,0.7142857142857143,-0.28049485583606454,1.404006960974575,0.25,0.0,0.003998173965332086,0.4449381189447605
7369,7373,7375,7371,7376,2022,2022-08-22 13:10:00,2022-08-22 13:30:00,2022-08-22 13:40:00,6,0.0016937618248272944,0.0004533420452645766,0.1303197133889748,0.6666666666666666,-0.1735860375555384,1.4547141430792994,0.42857142857142855,0.0006377173683310558,0.001866297572840736,0.2428900200356942
7375,7384,7386,7377,7387,2022,2022-08-22 13:40:00,2022-08-22 14:25:00,2022-08-22 14:35:00,11,0.001618616939591346,0.0031315076726350544,0.44989470660331143,0.8181818181818182,-0.12666132365839602,1.7485116409367247,0.25,0.046695897501442256,0.004512761387875486,0.6738427273119396
7386,7394,7410,7388,7411,2022,2022-08-22 14:35:00,2022-08-23 09:45:00,2022-08-23 11:05:00,24,0.0017819554604752495,0.007202520335241899,0.20916328917218804,0.3333333333333333,0.6035514540991999,2.6026851383092926,0.28,0.010271058795280409,0.010370989682689569,0.14540196072728662
7410,7414,7425,7412,7426,2022,2022-08-23 11:05:00,2022-08-23 11:25:00,2022-08-23 13:50:00,15,0.00175324373801469,0.0014809733783786622,0.16516502003052275,0.26666666666666666,1.1849579736108578,1.4916384786108419,0.3125,0.02439879560266333,0.004086185288023181,-0.38451998721936737
7425,7429,7465,7427,7466,2022,2022-08-23 13:50:00,2022-08-23 14:10:00,2022-08-24 13:10:00,40,0.0015566509041532383,0.031179819689540707,0.48715937013156346,0.1,0.5673683361806823,1.6052535067050322,0.34146341463414637,0.009683142913934711,0.03284275575877871,-0.9490915702090089
7465,7472,7497,7467,7498,2022,2022-08-24 13:10:00,2022-08-24 13:45:00,2022-08-25 10:20:00,32,0.0017948551750476057,0.01788255315316401,0.2962213004658035,0.21875,-0.12284682079498689,1.4759195182895182,0.7575757575757576,0.0,0.029963590911802562,-0.7918674539267786
7497,7500,7502,7499,7503,2022,2022-08-25 10:20:00,2022-08-25 10:35:00,2022-08-25 10:45:00,5,0.00219405261471544,-0.012121754404220482,-0.9624310873233999,0.6,0.2586426809005305,1.9245797491304963,0.5,0.0,0.009057232334144238,0.604440913387296
7502,7504,7510,7504,7511,2022,2022-08-25 10:45:00,2022-08-25 10:55:00,2022-08-25 11:25:00,8,0.0021640534969059213,-0.0012160943971763578,-0.12817833056884817,0.25,0.7070921255695456,1.4314014818302545,0.3333333333333333,0.0,0.0037379319844381698,-0.27956413854300854
7510,7512,7525,7512,7526,2022,2022-08-25 11:25:00,2022-08-25 13:05:00,2022-08-25 14:10:00,15,0.0020346335275760515,0.00498173741747031,0.4026017400790176,0.13333333333333333,0.2203379695220102,1.5311033822260458,0.5,0.005680736171945692,0.008725277533362608,-0.7475487980218547
7525,7541,7546,7527,7547,2022,2022-08-25 14:10:00,2022-08-26 10:00:00,2022-08-26 10:25:00,21,0.0021089995636046324,-0.0007122874043042425,-0.017675375545866685,0.7619047619047619,-0.4718178417147015,1.9084181197695211,0.36363636363636365,0.030367348274202496,0.020576136746949025,0.7849887828393021
7546,7548,7567,7548,7568,2022,2022-08-26 10:25:00,2022-08-26 10:35:00,2022-08-26 13:40:00,21,0.001712639066867145,0.010049099535441006,0.5813308049052606,0.09523809523809523,1.0120346855298512,1.5410853273784537,0.18181818181818182,0.16340037041818223,0.011621495574877017,-0.8858609891274429
7567,7568,7580,7569,7581,2022,2022-08-26 13:40:00,2022-08-26 13:45:00,2022-08-26 14:45:00,13,0.0017410633604025292,0.006267758838431167,0.4180948895296286,0.07692307692307693,0.2813263101106343,1.3837167162102042,0.2857142857142857,0.0,0.00872743899086803,-0.6996075530692241
7580,7589,7598,7582,7599,2022,2022-08-26 14:45:00,2022-08-29 10:00:00,2022-08-29 10:45:00,18,0.001758481112054953,-0.0061996152883536165,-0.11139685994518299,0.5,0.36673204427502204,2.2300477396448186,0.3157894736842105,0.0,0.012202870643822195,0.3154240611648283
7598,7605,7614,7600,7615,2022,2022-08-29 10:45:00,2022-08-29 11:20:00,2022-08-29 13:35:00,16,0.0019083566243077537,-0.013276096892543596,-0.6424358505682811,0.4375,0.6747307742312281,1.9096247998626479,0.29411764705882354,0.034782225534299896,0.009656498172231132,0.3075431949325748
7614,7618,7624,7616,7625,2022,2022-08-29 13:35:00,2022-08-29 13:55:00,2022-08-29 14:25:00,10,0.001903254210540991,-3.801883833905066e-05,-0.007528297164309025,0.4,0.08752048710802803,1.8087281088955192,0.18181818181818182,0.0004998340285150184,0.002325968817381785,-0.016345222128628857
7624,7635,7640,7626,7641,2022,2022-08-29 14:25:00,2022-08-30 09:50:00,2022-08-30 10:15:00,16,0.0018590044431510027,-0.01441250161771177,-0.47593757668097586,0.6875,-1.2741569932554286,2.0907357731282143,0.23529411764705882,0.04765609255334798,0.01199762510424307,-0.019015531692473886
7640,7641,7651,7642,7652,2022,2022-08-30 10:15:00,2022-08-30 10:20:00,2022-08-30 11:10:00,11,0.0020744962800972096,0.0030273051565177763,0.1722749553047034,0.09090909090909091,1.3274135473014335,1.4957639433170196,0.3333333333333333,0.03905452249155411,0.007700562656704157,-0.3312899380369358
7651,7655,7659,7653,7660,2022,2022-08-30 11:10:00,2022-08-30 11:30:00,2022-08-30 13:20:00,8,0.0020246167064080006,-0.0009910709140969205,-0.13309680145137612,0.5,-0.27465434795795274,1.224234479983612,0.4444444444444444,0.055806769853546344,0.0020280989008183425,0.2912891227898199
7659,7662,7665,7661,7666,2022,2022-08-30 13:20:00,2022-08-30 13:35:00,2022-08-30 13:50:00,6,0.001967312448093542,0.001420204309644439,0.19914366263597694,0.5,-0.07716203121256524,1.4684603969181773,0.2857142857142857,0.06520349372871165,0.003598907075862634,-0.36284980923173105
7665,7669,7690,7667,7691,2022,2022-08-30 13:50:00,2022-08-30 14:10:00,2022-08-31 10:25:00,25,0.002020281978784735,0.008378985873983556,0.1738693175208382,0.16,-0.01737835265666985,1.9482488872651624,0.6153846153846154,0.010759807706768517,0.021946453123725895,-0.7122073360447986
7690,7692,7702,7692,7703,2022,2022-08-31 10:25:00,2022-08-31 10:35:00,2022-08-31 11:25:00,12,0.0021102631800986186,0.006785288986097261,0.3061786093079967,0.16666666666666666,0.3276614387771252,1.4904766575217088,0.46153846153846156,0.0,0.012377367278504359,-0.535603760190078
7702,7710,7723,7704,7724,2022,2022-08-31 11:25:00,2022-08-31 13:35:00,2022-08-31 14:40:00,21,0.0023269199724958983,-0.002665276253634828,-0.10007631842284216,0.38095238095238093,0.440309815418987,2.0288934302441617,0.45454545454545453,0.0034329178118898624,0.01370096815296673,0.12659598030119712
7723,7733,7742,7725,7743,2022,2022-08-31 14:40:00,2022-09-01 10:00:00,2022-09-01 10:45:00,19,0.0023578796127386335,-0.01156862607426985,-0.334789320669731,0.5263157894736842,0.18917156641903943,2.3309350015402384,0.55,0.021133169895847233,0.014164049414622681,0.35926341208360946
7742,7746,7754,7744,7755,2022,2022-09-01 10:45:00,2022-09-01 11:05:00,2022-09-01 13:15:00,12,0.0022055272430019763,-0.010668222505394785,-0.7325024075559952,0.3333333333333333,0.04943310199167271,1.7714462425185409,0.6153846153846154,0.0,0.007227433750698786,-0.15555450782984873
7754,7757,7772,7756,7773,2022,2022-09-01 13:15:00,2022-09-01 13:30:00,2022-09-01 14:45:00,18,0.0019500727617483933,0.006410808420496582,0.44078106386519,0.16666666666666666,0.2737148576277747,1.578344577192407,0.5789473684210527,0.0,0.00956601237569199,-0.6548886435066966
7772,7786,7789,7774,7790,2022,2022-09-01 14:45:00,2022-09-02 10:25:00,2022-09-02 10:40:00,17,0.001559412758016881,-0.008629289985075094,-0.2929938906631257,0.8235294117647058,-1.2063182925977802,1.9924923583704635,0.1111111111111111,0.1500037797054909,0.014217766696188683,0.5258285056328297
7789,7799,7815,7791,7816,2022,2022-09-02 10:40:00,2022-09-02 11:30:00,2022-09-02 14:20:00,26,0.0017057743980214413,0.002553572280612962,0.11879559528415541,0.38461538461538464,0.2619649034758544,1.7906961798518974,0.37037037037037035,0.063354192109976,0.009435951549950694,-0.3866525817077359
7815,7820,7825,7817,7826,2022,2022-09-02 14:20:00,2022-09-02 14:45:00,2022-09-05 09:40:00,10,0.0017609886173328944,-0.007963579600103812,-0.5412141080946766,0.5,-0.2978540139805879,2.1347688559215277,0.45454545454545453,0.07382576325472305,0.006426819920339,-0.7657282916583024
7825,7833,7842,7827,7843,2022,2022-09-05 09:40:00,2022-09-05 10:20:00,2022-09-05 11:05:00,17,0.0018175512471782778,-0.008377702644372906,-0.26080423095022404,0.47058823529411764,0.2906693731097619,1.5917755653252745,0.3888888888888889,0.003744109498766094,0.011008036475856464,-0.060365923715502014
7842,7845,7860,7844,7861,2022,2022-09-05 11:05:00,2022-09-05 11:20:00,2022-09-05 14:05:00,18,0.0018336282325238436,0.003730963948381677,0.24512272914397576,0.16666666666666666,0.7957711548384759,1.783185988692439,0.10526315789473684,0.018203627637736756,0.007409830866986766,-0.5009262267394428
7860,7870,7879,7862,7880,2022,2022-09-05 14:05:00,2022-09-05 14:55:00,2022-09-06 10:10:00,19,0.001793765253242891,-0.008454585158187918,-0.25679369465329593,0.5263157894736842,-0.16847700408731647,2.374473763480776,0.25,0.007212825113896596,0.007424564440673187,-0.24470582955716508
7879,7897,7907,7881,7908,2022,2022-09-06 10:10:00,2022-09-06 13:10:00,2022-09-06 14:00:00,28,0.0021086020150030233,-0.0018186125136740797,-0.039177362592491646,0.6428571428571429,-0.1858888539308832,1.5931439906910674,0.4482758620689655,0.003998278294075316,0.01950711585828646,0.6290244186947169
7907,7933,7957,7909,7958,2022,2022-09-06 14:00:00,2022-09-07 10:40:00,2022-09-07 14:10:00,50,0.0019707612715413616,0.023474517069039275,0.32703294340826256,0.52,0.292891637300095,1.9144455751505152,0.3333333333333333,0.00752771863953148,0.03385361871962722,0.5250557728544566
7957,7969,7975,7959,7976,2022,2022-09-07 14:10:00,2022-09-08 09:40:00,2022-09-08 10:10:00,18,0.001803336504117338,-0.0066772032645709386,-0.4281943207363796,0.6666666666666666,-0.4862528329274759,2.465504377148034,0.2631578947368421,0.0,0.007952517762930711,-0.4566219596468534
7975,7978,7991,7977,7992,2022,2022-09-08 10:10:00,2022-09-08 10:25:00,2022-09-08 11:30:00,16,0.0015065421846928685,-0.007939567725094314,-0.40944837085487384,0.1875,0.593933780011896,2.0857405949145926,0.29411764705882354,0.006333328169348109,0.008011668314646947,-0.3314361630851957
7991,7999,8023,7993,8024,2022,2022-09-08 11:30:00,2022-09-08 13:40:00,2022-09-09 10:10:00,32,0.0014868369012329015,0.010372136900179853,0.24556803982083278,0.25,-0.0972030690834328,2.666586403800513,0.6060606060606061,0.033554342986303214,0.021929475721520042,-0.6986658089082188
8023,8029,8035,8025,8036,2022,2022-09-09 10:10:00,2022-09-09 10:40:00,2022-09-09 11:10:00,12,0.0019433131727699465,-0.012778156187915665,-0.7119653689620833,0.5,0.9138286708170676,1.6597015464121796,0.23076923076923078,0.1466515811140585,0.008111526351239462,0.34079181333460185
8035,8052,8055,8037,8056,2022,2022-09-09 11:10:00,2022-09-09 14:05:00,2022-09-09 14:20:00,20,0.001930683095065345,-0.00339724986451328,-0.3130650987559615,0.85,-0.4349354543241983,1.5884597261826512,0.38095238095238093,0.027463501110002668,0.0032418085442884603,0.44344056746341326
8055,8066,8077,8057,8078,2022,2022-09-09 14:20:00,2022-09-13 09:45:00,2022-09-13 10:40:00,22,0.0017723206805027477,0.004430540148650815,0.13640824710782762,0.5,0.1697777301287014,2.0960595731741667,0.17391304347826086,0.008299577126235736,0.013591346522798808,0.01570951498487971
8077,8083,8089,8079,8090,2022,2022-09-13 10:40:00,2022-09-13 11:10:00,2022-09-13 13:10:00,12,0.0016128639763375791,-0.0028111244596837138,-0.26652479681666424,0.5,-0.4479178087169681,1.4709665144751956,0.38461538461538464,0.17873451971133467,0.003188960572392041,0.3740702073204261
8089,8092,8099,8091,8100,2022,2022-09-13 13:10:00,2022-09-13 13:25:00,2022-09-13 14:00:00,10,0.001598524905228917,-0.0017849313339469131,-0.315040628940483,0.3,-0.11446364337798833,1.2826050154300064,0.2727272727272727,0.31785765939493665,0.003192147511732024,-0.6291606951028608
8099,8107,8116,8101,8117,2022,2022-09-13 14:00:00,2022-09-13 14:40:00,2022-09-14 09:55:00,17,0.0015713915402245943,0.008799112482806964,0.24036024257389418,0.47058823529411764,-0.5260446415759006,2.9642310719197034,0.4444444444444444,0.037865756351709794,0.010821877849831019,-0.8157779217240222
8116,8127,8139,8118,8140,2022,2022-09-14 09:55:00,2022-09-14 10:50:00,2022-09-14 13:20:00,23,0.001404490502534999,0.0023759858122213186,0.08448112022230346,0.4782608695652174,-0.11426567379249247,1.5537644083645952,0.3333333333333333,0.005352984572174038,0.01146644028792565,0.28919797370679334
8139,8155,8196,8141,8197,2022,2022-09-14 13:20:00,2022-09-14 14:40:00,2022-09-15 14:05:00,57,0.001748618646228764,0.020027096906197514,0.23136237450638703,0.2807017543859649,0.7969020304146744,1.747020248245847,0.27586206896551724,0.00276199545186663,0.0390516729445709,-0.8099026061580994
8196,8219,8223,8198,8224,2022,2022-09-15 14:05:00,2022-09-16 10:30:00,2022-09-16 10:50:00,27,0.001974109343649385,0.009667702750682914,0.1702267931609944,0.8518518518518519,-0.6732874196406734,1.5672575800108766,0.25,0.0652180202161137,0.024716465724901937,0.8945514835835034
8223,8227,8258,8225,8259,2022,2022-09-16 10:50:00,2022-09-16 11:10:00,2022-09-19 09:45:00,35,0.0020097836906381077,0.017285134483168544,0.3604654810516645,0.11428571428571428,-0.04835366984208317,1.8229215517912727,0.6666666666666666,0.006604371404110925,0.02520677033736618,-0.9331731594883872
8258,8259,8269,8260,8270,2022,2022-09-19 09:45:00,2022-09-19 09:50:00,2022-09-19 10:40:00,11,0.0022070604273481008,0.00039506431886312523,0.01204493304039699,0.09090909090909091,1.435447041221258,1.6914497669526576,0.25,0.035295736059937674,0.01953181164666784,-0.6077155916077961
8269,8273,8291,8271,8292,2022,2022-09-19 10:40:00,2022-09-19 11:00:00,2022-09-19 14:00:00,22,0.002339454659775059,-0.005373286353761034,-0.2104635898660662,0.18181818181818182,0.41470470999906506,2.1798827313758906,0.2608695652173913,0.004239099829608805,0.014256631824126842,-0.4881706586415099
8291,8297,8299,8293,8300,2022,2022-09-19 14:00:00,2022-09-19 14:30:00,2022-09-19 14:40:00,8,0.002339454659775059,-0.008232224911693942,-0.7134364019734017,0.75,-1.4571680509343365,1.7931311947676059,0.2222222222222222,0.0631223845184722,0.005794561136688081,0.48567945766177667
8299,8316,8335,8301,8336,2022,2022-09-19 14:40:00,2022-09-20 10:35:00,2022-09-20 13:40:00,36,0.0024521405250094498,0.02032603023038789,0.31527229805339285,0.4722222222222222,0.30427777638413345,2.1150059885725883,0.40540540540540543,0.009802702366249312,0.0228537903909789,0.3290744931220807
8335,8338,8343,8337,8344,2022,2022-09-20 13:40:00,2022-09-20 13:55:00,2022-09-20 14:20:00,8,0.0024456753932008985,0.001120402647276324,0.18671089298362017,0.375,0.36977173254602325,1.7597562941346994,0.2222222222222222,0.0,0.003611158832634409,-0.29333192878876957
8343,8348,8354,8345,8355,2022,2022-09-20 14:20:00,2022-09-20 14:45:00,2022-09-21 09:45:00,11,0.002378176771535986,-0.008886703340488217,-0.42078333780982585,0.45454545454545453,-0.5552461535382436,2.4898941620832367,0.5,0.012215754037036043,0.014116775112721136,-0.7190234070525433
8354,8359,8365,8356,8366,2022,2022-09-21 09:45:00,2022-09-21 10:10:00,2022-09-21 10:40:00,11,0.0022562678226545905,-0.015191939945585849,-0.6116639325500138,0.45454545454545453,0.1858213845863463,1.424745131356508,0.5,0.04351434521323131,0.009691606525756846,0.28216474688422644
8365,8368,8375,8367,8376,2022,2022-09-21 10:40:00,2022-09-21 10:55:00,2022-09-21 11:30:00,10,0.0021838035685165734,0.002745121938540142,0.27142626162955524,0.3,2.6034201425434014,1.5304490541740536,0.18181818181818182,0.15560123307862045,0.0050829553548306095,-0.5400252797816175
8375,8381,8383,8377,8384,2022,2022-09-21 11:30:00,2022-09-21 13:30:00,2022-09-21 13:40:00,8,0.002199909208075851,-0.0001853014757360659,-0.015360190692671276,0.75,-0.8877423443749992,1.3320209433139836,0.2222222222222222,0.0,0.004304218917746461,0.01913344028769392
8383,8391,8399,8385,8400,2022,2022-09-21 13:40:00,2022-09-21 14:20:00,2022-09-21 15:00:00,16,0.0022842113014867995,-0.003735153883183951,-0.1552133193486439,0.5,0.01718999978761362,1.335022450287667,0.4117647058823529,0.0,0.006614582307697958,-0.16505171308588582
8399,8406,8411,8401,8412,2022,2022-09-21 15:00:00,2022-09-22 10:05:00,2022-09-22 10:30:00,12,0.002097624810424149,-0.01591454368223171,-0.5618653097698958,0.5833333333333334,0.1313463026647178,1.494891584750615,0.38461538461538464,0.11263103701753933,0.01950906334859681,0.34220010858780747
8411,8415,8435,8413,8436,2022,2022-09-22 10:30:00,2022-09-22 10:50:00,2022-09-22 14:00:00,24,0.002037672096658367,-0.008212746053401781,-0.3500492244607892,0.16666666666666666,0.6341720509734358,1.494988970288703,0.32,0.0,0.01089527253609468,-0.5304923292122801
8435,8447,8469,8437,8470,2022,2022-09-22 14:00:00,2022-09-22 15:00:00,2022-09-23 11:20:00,34,0.00196126363566159,0.0048979276226687645,0.09503279966589125,0.35294117647058826,0.42493144389557447,2.141517726074843,0.22857142857142856,0.013088813396739823,0.023920069835724256,-0.5777362410054547
8469,8477,8483,8471,8484,2022,2022-09-23 11:20:00,2022-09-23 13:30:00,2022-09-23 14:00:00,14,0.0021781967642015817,-0.007746603340788363,-0.28266982388945555,0.5714285714285714,0.02772729376545963,1.5800628718420129,0.26666666666666666,0.06701791132195356,0.014472933496367801,0.39485757213021533
8483,8488,8496,8485,8497,2022,2022-09-23 14:00:00,2022-09-23 14:25:00,2022-09-26 09:35:00,13,0.0022851347243334832,0.00015086631909644538,0.006761108292020443,0.38461538461538464,-0.0309699825864899,2.604052680603775,0.6428571428571429,0.0015384687754182893,0.015591061350220592,-0.7176801389955894
8496,8511,8538,8498,8539,2022,2022-09-26 09:35:00,2022-09-26 10:50:00,2022-09-26 14:35:00,42,0.0026040134043825505,-0.004726074730967967,-0.07294943786448145,0.35714285714285715,0.2290786990756958,2.1159319425786833,0.6046511627906976,0.0,0.02627095913351951,0.30839627434271066
8538,8550,8564,8540,8565,2022,2022-09-26 14:35:00,2022-09-27 10:05:00,2022-09-27 11:15:00,26,0.0019086538921558515,-0.009821889172552379,-0.24482117080692903,0.46153846153846156,0.38573115161854676,1.7598459352958538,0.4074074074074074,0.0014750405340741614,0.012203036031866787,0.009384803031248288
8564,8591,8610,8566,8611,2022,2022-09-27 11:15:00,2022-09-27 15:00:00,2022-09-28 11:05:00,46,0.0017887272278750124,0.005821127881435797,0.08367908437638205,0.5869565217391305,-0.24249973768809843,1.5490038387345737,0.2765957446808511,0.009069600128409742,0.016812672699344944,0.08538981049912084
8610,8611,8619,8612,8620,2022,2022-09-28 11:05:00,2022-09-28 11:10:00,2022-09-28 13:20:00,9,0.0017629938220243592,0.004553110904494681,0.5128220316101318,0.1111111111111111,-0.16988768779029564,1.6543534121080237,0.4,0.015486667319961074,0.005343067001088997,-0.8541342229827299
8619,8625,8626,8621,8627,2022,2022-09-28 13:20:00,2022-09-28 13:50:00,2022-09-28 13:55:00,7,0.0018021014582770912,-0.00614710485205513,-0.529063879543639,0.8571428571428571,-0.3113225735381993,1.344023942891424,0.375,0.0,0.005301515898421094,0.3404771879468748
8626,8629,8637,8628,8638,2022,2022-09-28 13:55:00,2022-09-28 14:10:00,2022-09-28 14:50:00,11,0.0018166174875334725,0.000962842605996712,0.07666530370662382,0.2727272727272727,0.5916946131877613,1.3960009301930327,0.25,0.0,0.007794141780366637,-0.4461499967547113
8637,8649,8661,8639,8662,2022,2022-09-28 14:50:00,2022-09-29 10:20:00,2022-09-29 11:20:00,24,0.002219244114476699,-0.00528908055523661,-0.10310946503256692,0.5,0.2658311200325078,1.795723750491349,0.32,0.007419792944081112,0.014342858807681935,0.4173840534058844
8661,8666,8679,8663,8680,2022,2022-09-29 11:20:00,2022-09-29 13:15:00,2022-09-29 14:20:00,18,0.002250175314251093,-0.00013500335087325652,-0.0064660504841257275,0.2777777777777778,0.2565440284175112,1.8216448152568245,0.5789473684210527,0.0,0.011434517159114144,-0.47324325412401086
8679,8684,8701,8681,8702,2022,2022-09-29 14:20:00,2022-09-29 14:45:00,2022-09-30 10:40:00,22,0.002141189967341219,0.0004969192503297519,0.010508165665337792,0.22727272727272727,0.6225459952853499,1.5643224386798475,0.391304347826087,0.006588412058215188,0.01856600486029869,-0.6093384215240256
8701,8705,8715,8703,8716,2022,2022-09-30 10:40:00,2022-09-30 11:00:00,2022-09-30 13:20:00,14,0.0021982972004670016,-0.014447501317633301,-0.8371621035825236,0.2857142857142857,0.3207908564428892,1.473340852895874,0.2,0.04691018700618091,0.008280181307194212,0.0970114410524774
8715,8720,8751,8717,8752,2022,2022-09-30 13:20:00,2022-09-30 13:45:00,2022-10-10 10:50:00,36,0.002140530485617161,0.045781139050749986,0.4710193776039511,0.1388888888888889,0.08142979521152095,3.120050996478484,0.40540540540540543,0.06490644029115787,0.047420675710693416,-0.9694990400552913
8751,8757,8766,8753,8767,2022,2022-10-10 10:50:00,2022-10-10 11:20:00,2022-10-10 13:35:00,15,0.004064088700045881,0.0007524621357582622,0.04105269541801039,0.4,0.13094125107753285,1.433919159456988,0.4375,0.0,0.006399598145042873,-0.0985599074067596
8766,8768,8780,8768,8781,2022,2022-10-10 13:35:00,2022-10-10 13:45:00,2022-10-10 14:45:00,14,0.004083561399090486,0.00751131334378555,0.43424519331077566,0.14285714285714285,0.4593882182628013,1.4846284537157763,0.4,0.08774671263375126,0.011663072132599872,-0.629647198574886
8780,8784,8794,8782,8795,2022,2022-10-10 14:45:00,2022-10-11 09:35:00,2022-10-11 10:25:00,14,0.0024028768078382303,0.007410841157763345,0.226391344104115,0.2857142857142857,-0.28977237387166793,1.8387498030970093,0.4,0.0,0.012627515879246154,-0.6009841877621193
8794,8800,8802,8796,8803,2022,2022-10-11 10:25:00,2022-10-11 10:55:00,2022-10-11 11:05:00,8,0.0023754358611334844,-0.013606623118182977,-0.7872441999029064,0.75,0.3459451233540556,1.929701454082742,0.2222222222222222,0.0,0.010294907188409752,0.5908213369605032
8802,8806,8814,8804,8815,2022,2022-10-11 11:05:00,2022-10-11 11:25:00,2022-10-11 13:35:00,12,0.0024210957538100906,5.788189264072498e-05,0.0036867742331440673,0.3333333333333333,0.3207092496009824,1.6500670484058872,0.23076923076923078,0.06629393276069752,0.008917818164746905,-0.3109952988709212
8814,8819,8836,8816,8837,2022,2022-10-11 13:35:00,2022-10-11 14:00:00,2022-10-12 09:55:00,22,0.0024274010570203277,0.02293769472095728,0.6181470608333755,0.22727272727272727,-0.33379692860979204,1.9940691148726715,0.5652173913043478,0.0,0.025859414380293266,-0.891023487082688
8836,8844,8855,8838,8856,2022,2022-10-12 09:55:00,2022-10-12 10:35:00,2022-10-12 11:30:00,19,0.0027075848753632835,-0.019489260520714646,-0.4557176821201485,0.42105263157894735,0.527323132826994,1.852174424601317,0.55,0.00012038885020282981,0.016806736329288974,0.5078475309479039
8855,8886,8898,8857,8899,2022,2022-10-12 11:30:00,2022-10-13 10:05:00,2022-10-13 11:05:00,43,0.0027653510551472957,0.051307097416090755,0.44634453740617575,0.7209302325581395,-0.09455832735645796,1.5824457258904843,0.5454545454545454,0.04193712235465022,0.06796012139117913,0.8456179984492953
8898,8903,8905,8900,8906,2022,2022-10-13 11:05:00,2022-10-13 11:30:00,2022-10-13 13:10:00,7,0.0025865948367549242,-0.002454006042510576,-0.22911228145811263,0.7142857142857143,-0.9065825236113716,2.324235477757763,0.25,0.1010841283201214,0.005244131113180117,0.2800483126082707
8905,8911,8925,8907,8926,2022,2022-10-13 13:10:00,2022-10-13 13:40:00,2022-10-13 14:50:00,20,0.0023358411267678098,0.0034899919417057733,0.12783777349027797,0.3,0.8561662301452454,1.488720263321253,0.23809523809523808,0.04269716116315178,0.010936101274109156,-0.5836820648928916
8925,8939,8942,8927,8943,2022,2022-10-13 14:50:00,2022-10-14 10:30:00,2022-10-14 10:45:00,17,0.002681244477114619,0.006709261916967595,0.1289776390366457,0.8235294117647058,-0.8061680145518324,1.683455385977401,0.16666666666666666,0.12179881684489656,0.0198127854329746,0.5697294209579616
8942,8948,8950,8944,8951,2022,2022-10-14 10:45:00,2022-10-14 11:15:00,2022-10-14 11:25:00,8,0.0028717648641291005,0.002512002513062909,0.20846967406191375,0.75,-0.3146618388716622,1.5270152817107485,0.5555555555555556,0.0,0.005644237628045445,0.4733965287001264
8950,8960,8965,8952,8966,2022,2022-10-14 11:25:00,2022-10-14 13:45:00,2022-10-14 14:10:00,15,0.0030000078115808597,0.016259663555230612,0.4459585679102795,0.6666666666666666,0.15735082508161,1.2860176492806832,0.375,0.05631186855768868,0.02281467776617152,0.7131653421080462
8965,8967,8972,8967,8973,2022,2022-10-14 14:10:00,2022-10-14 14:20:00,2022-10-14 14:45:00,7,0.0029884483837466676,-0.000156901304171716,-0.029713722149188614,0.2857142857142857,0.5227199595655344,1.3276360187439595,0.25,0.36143919105468686,0.002488629924539687,-0.06725217203416298
8972,8977,8983,8974,8984,2022,2022-10-14 14:45:00,2022-10-17 09:40:00,2022-10-17 10:10:00,11,0.002688998329575332,-0.008180989833245713,-0.17158876997488492,0.45454545454545453,0.7173620289313203,1.3719479366869471,0.16666666666666666,0.07250905654138505,0.01275475446555685,-0.45982824639080166
8983,8984,8989,8985,8990,2022,2022-10-17 10:10:00,2022-10-17 10:15:00,2022-10-17 10:40:00,6,0.0027554583270446766,0.0019800109682068514,0.14735874693270362,0.16666666666666666,0.687649546119919,1.525778581202279,0.42857142857142855,0.0,0.007928839878668548,-0.24842181689799003
8989,8990,8996,8991,8997,2022,2022-10-17 10:40:00,2022-10-17 10:45:00,2022-10-17 11:15:00,7,0.002647574753307627,0.0004745208746408443,0.05297490805875174,0.14285714285714285,0.5234409528417283,1.7469639504548304,0.375,0.0,0.004073625523492552,-0.09578354472910267
8996,9019,9031,8998,9032,2022,2022-10-17 11:15:00,2022-10-17 14:40:00,2022-10-18 10:10:00,35,0.0022457201690815514,-0.00189769861015555,-0.04275740414705931,0.6571428571428571,-0.15708964110286097,1.8883108812749128,0.5833333333333334,0.0,0.017170945465590393,0.36251845191446963
9031,9049,9062,9033,9063,2022,2022-10-18 10:10:00,2022-10-18 13:10:00,2022-10-18 14:15:00,31,0.0015778206225411733,-0.0024381637640398853,-0.06602529097543615,0.5806451612903226,-0.25890159072606433,1.6084105232190546,0.3125,0.01574603482352491,0.014062089319547333,0.396203761980936
9062,9068,9080,9064,9081,2022,2022-10-18 14:15:00,2022-10-18 14:45:00,2022-10-19 10:15:00,18,0.0016186132221642777,0.005696651254602068,0.31276647662372814,0.3333333333333333,-0.25347337718582674,2.4092349372759547,0.42105263157894735,0.036852957511381956,0.007583865869167816,-0.7111506971484113
9080,9087,9103,9082,9104,2022,2022-10-19 10:15:00,2022-10-19 10:50:00,2022-10-19 13:40:00,23,0.0016854428095218678,-0.00034906772150543157,-0.011190718914397154,0.30434782608695654,0.27958992069377786,1.8674367802301282,0.6666666666666666,0.017527057736383966,0.011376901314319454,-0.38312854379923555
9103,9110,9127,9105,9128,2022,2022-10-19 13:40:00,2022-10-19 14:15:00,2022-10-20 10:10:00,24,0.0016751361984034248,0.001005121938699595,0.025003288683218928,0.2916666666666667,0.21461357212596296,1.7807342171412253,0.68,0.0,0.015438740224823277,-0.6647429771323519
9127,9138,9140,9129,9141,2022,2022-10-20 10:10:00,2022-10-20 11:05:00,2022-10-20 11:15:00,13,0.0021821724670249764,0.0035827862450998295,0.09604343834876741,0.8461538461538461,-0.4181526217715664,1.5633814049244954,0.42857142857142855,0.051646166711687154,0.02690349228150346,0.6838466711904001
9140,9148,9175,9142,9176,2022,2022-10-20 11:15:00,2022-10-20 13:25:00,2022-10-21 10:10:00,35,0.0029645284771640523,0.020055475924002364,0.25063259191643594,0.22857142857142856,0.38253246948096403,1.6423112125919976,0.4166666666666667,0.0,0.023646125751561442,-0.19916315378702348
9175,9189,9192,9177,9193,2022,2022-10-21 10:10:00,2022-10-21 11:20:00,2022-10-21 13:05:00,17,0.002853450139633086,-0.006254529746441341,-0.2044099755708341,0.8235294117647058,-0.5127750415876168,1.5343449189230973,0.2777777777777778,0.03770051247002631,0.01706131439115577,0.5909530066117793
9192,9201,9207,9194,9208,2022,2022-10-21 13:05:00,2022-10-21 13:50:00,2022-10-21 14:20:00,15,0.0023863436888127134,0.0005611073729837298,0.02397308389299367,0.6,-0.4009996653614731,1.3968753078616782,0.4375,0.012246243532339935,0.008685456920350276,0.21501809753724108
9207,9218,9224,9209,9225,2022,2022-10-21 14:20:00,2022-10-24 09:45:00,2022-10-24 10:15:00,17,0.002572468447474202,-0.007797142482700959,-0.15124328572040763,0.6470588235294118,-0.5455566404453128,2.1672491811283243,0.2777777777777778,0.011909811311360307,0.022660137923852908,0.05028892778970553
9224,9229,9232,9226,9233,2022,2022-10-24 10:15:00,2022-10-24 10:40:00,2022-10-24 10:55:00,8,0.0031880985106778666,-0.018193520369203905,-0.9877012525897909,0.625,-0.14750494733167935,1.6142130421847973,0.3333333333333333,0.0,0.012910174527996254,0.5306915634206799
9232,9238,9245,9234,9246,2022,2022-10-24 10:55:00,2022-10-24 11:25:00,2022-10-24 13:30:00,13,0.003264680524760433,-0.0010077344843409386,-0.04572385224000362,0.46153846153846156,-0.029613791168828795,1.9089359243757016,0.5714285714285714,0.005606967005520516,0.010618043570013391,-0.28029721090251075
9245,9246,9254,9247,9255,2022,2022-10-24 13:30:00,2022-10-24 13:35:00,2022-10-24 14:15:00,9,0.003378103268991294,0.008201350722762398,0.4009040205287604,0.1111111111111111,0.31614340286191084,1.5946005021918308,0.7,0.0,0.014187271384632716,-0.5817848459509873
9254,9259,9264,9256,9265,2022,2022-10-24 14:15:00,2022-10-24 14:40:00,2022-10-25 09:35:00,10,0.003517218359379383,-0.02096889275787098,-0.7012234332181085,0.5,-0.012181235639377036,2.012976315828433,0.7272727272727273,0.0,0.014089839680057281,-0.13001721675357608
9264,9267,9280,9266,9281,2022,2022-10-25 09:35:00,2022-10-25 09:50:00,2022-10-25 10:55:00,16,0.0038787991121994776,-0.03116017834273207,-0.5879083848970447,0.1875,0.7151134842739802,2.1772043491241444,0.23529411764705882,0.03273233993520306,0.02017259551490369,-0.15621451136117653
9280,9288,9298,9282,9299,2022,2022-10-25 10:55:00,2022-10-25 13:05:00,2022-10-25 13:55:00,18,0.004116760717950106,-0.002962675850167093,-0.06302076220794244,0.4444444444444444,0.35255057783659915,1.9399177108237655,0.2631578947368421,0.011944972438112052,0.0252064746419558,0.6268991392976414
9298,9300,9309,9300,9310,2022,2022-10-25 13:55:00,2022-10-25 14:05:00,2022-10-25 14:50:00,11,0.00402490428600422,0.0014414120094258067,0.0932861019673834,0.18181818181818182,0.4026136634521455,1.498672629138873,0.16666666666666666,0.0,0.0055280550140643925,-0.28867143396962786
9309,9338,9353,9311,9354,2022,2022-10-25 14:50:00,2022-10-26 13:15:00,2022-10-26 14:30:00,44,0.0024357590376176213,0.014597823895871949,0.1869232758260897,0.6590909090909091,0.10162233340440904,1.5803519518415683,0.5777777777777777,0.007027713287826883,0.039336875659603976,0.7744085732378708
9353,9362,9364,9355,9365,2022,2022-10-26 14:30:00,2022-10-27 09:45:00,2022-10-27 09:55:00,11,0.001977118902706506,0.003812118927793029,0.14750789241727952,0.8181818181818182,-1.1867092653117672,3.1837530622196373,0.16666666666666666,0.14377130497833646,0.01610075726354232,0.5789337008970078
9364,9365,9385,9366,9386,2022,2022-10-27 09:55:00,2022-10-27 10:00:00,2022-10-27 13:10:00,21,0.0025918302255937284,0.013064887619472573,0.3476204044311058,0.047619047619047616,0.4929504391877021,1.3195994170313556,0.3181818181818182,0.027103426134919596,0.017302623038538023,-0.7800948920228948
9385,9395,9407,9387,9408,2022,2022-10-27 13:10:00,2022-10-27 14:00:00,2022-10-27 15:00:00,22,0.003042750669368136,0.01063412136117341,0.2009728062520906,0.45454545454545453,0.31934227213715566,1.842820561180515,0.21739130434782608,0.0,0.02488891375811253,0.3425040321461204
9407,9411,9416,9409,9417,2022,2022-10-27 15:00:00,2022-10-28 09:50:00,2022-10-28 10:15:00,9,0.0027812854056667906,-0.025138133624847667,-0.8906164778444302,0.4444444444444444,0.6394654610880973,2.2467844641511485,0.3,0.08379050342647512,0.010758496058842937,-0.055513959128988245
9416,9417,9422,9418,9423,2022,2022-10-28 10:15:00,2022-10-28 10:20:00,2022-10-28 10:45:00,6,0.0027573001744601645,-0.0016617994042592817,-0.1334791591423015,0.16666666666666666,1.244332712134405,1.4030238455854536,0.14285714285714285,0.16383685996476563,0.00483738135933276,0.30441342345448075
9422,9429,9441,9424,9442,2022,2022-10-28 10:45:00,2022-10-28 11:20:00,2022-10-28 13:50:00,19,0.002810224987518561,-0.0016171350325717582,-0.04570402482392104,0.3684210526315789,0.24540441713145597,1.3499878555324427,0.4,0.03159257288859492,0.012070939328312491,-0.5744354688561614
9441,9443,9452,9443,9453,2022,2022-10-28 13:50:00,2022-10-28 14:00:00,2022-10-28 14:45:00,11,0.0024415722605075412,0.007345917679997358,0.31392736001755445,0.18181818181818182,0.33686182900861417,1.5905653046502612,0.5833333333333334,0.0,0.013008492910682179,-0.6391263537503409
9452,9460,9465,9454,9466,2022,2022-10-28 14:45:00,2022-10-31 09:55:00,2022-10-31 10:20:00,13,0.0039015529521506257,-0.03214288288758315,-0.6024256572067014,0.6153846153846154,0.20268845133612354,2.977529821206645,0.42857142857142855,0.0048192132596670215,0.025761393525224108,0.6181305115008968
9465,9471,9473,9467,9474,2022,2022-10-31 10:20:00,2022-10-31 10:50:00,2022-10-31 11:00:00,8,0.003994568217164669,-0.014104728838014547,-0.8712326648034561,0.75,0.17035004017660993,2.434215738684872,0.5555555555555556,0.07194257004335039,0.010931879201428352,0.6033170697452958
9473,9477,9494,9475,9495,2022,2022-10-31 11:00:00,2022-10-31 11:20:00,2022-10-31 14:15:00,21,0.004046400852664493,0.007093797152592004,0.2354596068989923,0.19047619047619047,0.6106265257779416,1.795168638207547,0.3181818181818182,0.01984012879200011,0.013638390409782986,-0.4187811891574556
9494,9497,9499,9496,9500,2022,2022-10-31 14:15:00,2022-10-31 14:30:00,2022-10-31 14:40:00,5,0.003974975574710335,-1.9856437954207033e-05,-0.003463837209670198,0.6,-0.18012364865335928,1.0728674066329664,0.3333333333333333,0.0,0.0019239929768817277,-0.0051595754924045395
9499,9504,9508,9501,9509,2022,2022-10-31 14:40:00,2022-11-01 09:35:00,2022-11-01 09:55:00,9,0.003183316828752835,-0.016216247092047557,-0.8823351381663568,0.5555555555555556,-0.5221697805869786,1.8573259231567052,0.3,0.015770442104426848,0.010062579335750499,-0.2617749193082825
9508,9518,9534,9510,9535,2022,2022-11-01 09:55:00,2022-11-01 10:45:00,2022-11-01 13:35:00,26,0.0023124009967765862,0.009616404825993468,0.18948370786465726,0.38461538461538464,0.6402652538099923,1.5377586337444031,0.37037037037037035,0.002820828477671306,0.022817073333652793,0.172402820783833
9534,9558,9561,9536,9562,2022,2022-11-01 13:35:00,2022-11-02 10:05:00,2022-11-02 10:20:00,27,0.0022837385294925123,0.004361430632538889,0.09008424873774125,0.8888888888888888,-0.9966869057957607,2.1302327002320993,0.25,0.02390338647188693,0.025913965979350806,0.773048960322343
9561,9579,9581,9563,9582,2022,2022-11-02 10:20:00,2022-11-02 13:20:00,2022-11-02 13:30:00,20,0.0020540639008353075,0.010335534645550834,0.3323266999002639,0.9,-0.40672286068867275,1.7099827569192902,0.3333333333333333,0.0,0.014547675551597194,0.7189778561121302
9581,9587,9596,9583,9597,2022,2022-11-02 13:30:00,2022-11-02 14:00:00,2022-11-02 14:45:00,15,0.002168057181733775,-0.0025997967496850585,-0.1039829351380642,0.4,0.21817490141623339,1.4621411504624067,0.375,0.03281841008309325,0.007841145031657781,-0.1754962856482308
9596,9603,9605,9598,9606,2022,2022-11-02 14:45:00,2022-11-03 09:50:00,2022-11-03 10:00:00,9,0.0024174215684396065,-0.021775401811348464,-0.5209751686822305,0.7777777777777778,0.4359180077976164,2.5075182481384326,0.3,0.2104101222866933,0.01526162492984362,0.2688722450478154
9605,9613,9624,9607,9625,2022,2022-11-03 10:00:00,2022-11-03 10:40:00,2022-11-03 13:05:00,19,0.002830911250931061,0.009965800609476091,0.2636442013040199,0.42105263157894735,0.23021844022097984,1.3398459038811914,0.5,0.0,0.00960150920532854,0.06989416732806025
9624,9628,9629,9626,9630,2022,2022-11-03 13:05:00,2022-11-03 13:25:00,2022-11-03 13:30:00,5,0.002807076428398567,-0.0027759183135985374,-0.33939881157363416,0.8,-0.1951018507079546,1.0835248419405983,0.5,0.0,0.005295366990583084,0.46997357784234245
9629,9633,9636,9631,9637,2022,2022-11-03 13:30:00,2022-11-03 13:50:00,2022-11-03 14:05:00,7,0.0028728931896475547,-0.0009650610129224696,-0.07766818640726934,0.5714285714285714,2.5884212201967363,2.6563985260089593,0.125,0.22349213387767175,0.006446467243661935,0.29335166794398204
9636,9674,9677,9638,9678,2022,2022-11-03 14:05:00,2022-11-04 13:15:00,2022-11-04 13:30:00,41,0.002368651877978916,0.024623705961619845,0.34538102748997057,0.926829268292683,-2.641834750341872,1.836814144323388,0.047619047619047616,0.8679067054763129,0.02852061908189185,0.8543470204608051
9677,9681,9687,9679,9688,2022,2022-11-04 13:30:00,2022-11-04 13:50:00,2022-11-04 14:20:00,10,0.0023768759885015203,-0.001546992526962841,-0.12076332657774948,0.4,0.8050082256960722,2.668583274500299,0.2727272727272727,0.36107619983021677,0.00498823905592527,-0.2839593721755598
9690,9696,9705,9692,9706,2022,2022-11-04 14:35:00,2022-11-07 09:35:00,2022-11-07 10:20:00,15,0.0023250715863439853,0.007557147915270915,0.21628492695590082,0.4,0.004802403633920606,1.9182845283829217,0.25,0.008529231296540853,0.015408769251421539,-0.6508430511392006
9705,9714,9730,9707,9731,2022,2022-11-07 10:20:00,2022-11-07 11:05:00,2022-11-07 13:55:00,25,0.0023912404256526076,-0.006229448434584595,-0.14316203707639463,0.36,0.4561569946467894,1.6021273776868568,0.46153846153846156,0.00959285711794767,0.012545968002886987,-0.2689959567369959
9730,9739,9754,9732,9755,2022,2022-11-07 13:55:00,2022-11-07 14:40:00,2022-11-08 10:25:00,24,0.002173231524011737,-0.0014703402981401923,-0.03981125971375497,0.375,0.08260790133453365,2.0878953959170024,0.4,0.11198629340379827,0.019120461106670206,-0.6139978435368803
9754,9757,9769,9756,9770,2022,2022-11-08 10:25:00,2022-11-08 10:40:00,2022-11-08 13:10:00,15,0.001950182825707705,-0.005047910447249188,-0.20853286273435387,0.2,0.6689577221778298,1.5025761582734731,0.1875,0.2619260527368817,0.008278493684344745,-0.5656822642546218
9769,9774,9778,9771,9779,2022,2022-11-08 13:10:00,2022-11-08 13:35:00,2022-11-08 13:55:00,9,0.0019167747276064404,-0.009664494023742682,-0.9655767342806991,0.5555555555555556,-0.17892563449162965,1.841794896209318,0.2,0.0,0.005895656600841903,0.3415718521884802
9778,9789,9796,9780,9797,2022,2022-11-08 13:55:00,2022-11-08 14:50:00,2022-11-09 09:55:00,18,0.0019452564797812386,-0.0022919095149248007,-0.08587088106802263,0.6111111111111112,-0.6649715702280762,1.9099624144090783,0.2631578947368421,0.006176520406218352,0.010618925977167848,-0.2855107189063947
9796,9804,9819,9798,9820,2022,2022-11-09 09:55:00,2022-11-09 10:35:00,2022-11-09 13:20:00,23,0.001973714520257258,-0.008410400755653894,-0.25254817033786886,0.34782608695652173,0.5282494613900461,1.4681740069019271,0.2916666666666667,0.0,0.014407458558275188,-0.19502033758760667
9819,9823,9826,9821,9827,2022,2022-11-09 13:20:00,2022-11-09 13:40:00,2022-11-09 13:55:00,7,0.0019241788120647049,-0.0010688133819932854,-0.18995877529834695,0.5714285714285714,-0.06518434196665493,1.24143405489492,0.5,0.0,0.0027424827500714954,0.474026087599072
9826,9829,9838,9828,9839,2022,2022-11-09 13:55:00,2022-11-09 14:10:00,2022-11-09 14:55:00,12,0.0019252375049809334,0.0014831653847606255,0.13915478111640622,0.25,0.09840328715082564,1.3690351619769396,0.46153846153846156,0.014888865178532693,0.004069132676280951,-0.40474543673969804
9838,9842,9855,9840,9856,2022,2022-11-09 14:55:00,2022-11-10 09:45:00,2022-11-10 10:50:00,17,0.0016260008242515627,-0.004063141262967779,-0.12161894833320869,0.23529411764705882,0.8825856867102468,1.4235640341932123,0.2777777777777778,0.02717512217635119,0.009997335708586519,-0.5142670283450459
9855,9857,9872,9857,9873,2022,2022-11-10 10:50:00,2022-11-10 11:00:00,2022-11-10 13:45:00,17,0.0014302652304772146,0.009149194653587517,0.4837108625904384,0.11764705882352941,1.4871229671960091,1.4686989482443604,0.2222222222222222,0.037270824791606615,0.012834452728634815,-0.7151615655003195
9872,9878,9883,9874,9884,2022,2022-11-10 13:45:00,2022-11-10 14:15:00,2022-11-10 14:40:00,11,0.001586917950348404,-0.007301970611097924,-0.36806987568515254,0.5454545454545454,0.5296694362797245,1.3686086861451914,0.25,0.08776437489931063,0.008689692384477254,0.34045532526703337
9893,9894,9899,9895,9900,2022,2022-11-11 10:00:00,2022-11-11 10:05:00,2022-11-11 10:30:00,6,0.004351228778271389,-0.004393081737898713,-0.40504285685360875,0.16666666666666666,0.5520832033031857,2.3967468333575286,0.2857142857142857,0.1391372568411131,0.006103042191342389,-0.6851169560893586
9899,9903,9915,9901,9916,2022,2022-11-11 10:30:00,2022-11-11 10:50:00,2022-11-11 13:20:00,16,0.004442266838222805,0.006152691970446619,0.24698682926665425,0.25,0.14116884540571864,1.4207540176338027,0.5294117647058824,0.029859330723292013,0.008179612049735496,-0.3765466499057694
9915,9918,9921,9917,9922,2022,2022-11-11 13:20:00,2022-11-11 13:35:00,2022-11-11 13:50:00,6,0.004450809682929361,-0.0016468042724977153,-0.2355360944058658,0.5,-0.15456849955339874,1.3273803600669547,0.42857142857142855,0.00976173941349965,0.004232566247923231,0.3754961785035264
9921,9922,9936,9923,9937,2022,2022-11-11 13:50:00,2022-11-11 13:55:00,2022-11-14 09:35:00,15,0.004476126898628616,0.016454409560875793,0.740063036080894,0.06666666666666667,1.655459163017368,1.893021723763987,0.25,0.0792275713483158,0.02004972782616843,-0.8657713277842635
9936,9941,9950,9938,9951,2022,2022-11-14 09:35:00,2022-11-14 10:00:00,2022-11-14 10:45:00,14,0.002093817227315521,-0.01300583893796604,-0.4651527165482592,0.35714285714285715,0.22855647300518855,1.6870799829156946,0.3333333333333333,0.014733835401167697,0.011475087861330557,-0.12725248158509106
9950,9955,9970,9952,9971,2022,2022-11-14 10:45:00,2022-11-14 11:10:00,2022-11-14 13:55:00,20,0.001962687194568337,0.004827531165683132,0.2628425167099528,0.25,0.031555855527298164,1.5372000649006945,0.5714285714285714,0.006553413607992472,0.007804831466964757,-0.6310975228694868
9970,9975,9977,9972,9978,2022,2022-11-14 13:55:00,2022-11-14 14:20:00,2022-11-14 14:30:00,7,0.0018058082585087675,-0.005662807872025776,-0.6259581863684939,0.7142857142857143,-0.6360097915052271,1.733597755220989,0.375,0.15745540025395766,0.004287926633647743,0.6312331056060305
9977,10011,10020,9979,10021,2022,2022-11-14 14:30:00,2022-11-15 13:20:00,2022-11-15 14:05:00,43,0.0019538533591558233,0.030516008950013118,0.3781041115307427,0.7906976744186046,-0.08810603081280215,1.5983243786328425,0.5909090909090909,0.025218390083574817,0.036463958462056745,0.7961963108909927
10020,10032,10038,10022,10039,2022,2022-11-15 14:05:00,2022-11-16 09:35:00,2022-11-16 10:05:00,18,0.002077311366789771,-0.009102942148083314,-0.38622676559738145,0.6666666666666666,-0.6568483212633973,1.7633990848579342,0.2631578947368421,0.08434937555731667,0.006475103085750611,0.1768455127568332
10038,10041,10063,10040,10064,2022,2022-11-16 10:05:00,2022-11-16 10:20:00,2022-11-16 13:40:00,25,0.0018360259282427063,0.001889033458222002,0.05745809975884992,0.12,2.180756374322314,1.5432135858558733,0.11538461538461539,0.31530874393425157,0.015283564954193807,-0.7771115175636132
10063,10068,10091,10065,10092,2022,2022-11-16 13:40:00,2022-11-16 14:05:00,2022-11-17 10:30:00,28,0.0017465451754627422,0.019126891752036884,0.4284672217567449,0.17857142857142858,0.08429393236870632,2.384590287566844,0.2413793103448276,0.04023749003356408,0.02363578393842225,-0.8316996776827651
10091,10098,10101,10093,10102,2022,2022-11-17 10:30:00,2022-11-17 11:05:00,2022-11-17 11:20:00,10,0.0021062071932370077,-0.010932362230546278,-0.6648701386799105,0.7,-0.07462558519963773,1.8402272348041617,0.18181818181818182,0.05689146510071113,0.010018544009563257,0.39807180918290597
10101,10132,10134,10103,10135,2022,2022-11-17 11:20:00,2022-11-18 09:55:00,2022-11-18 10:05:00,33,0.0022994508953386944,0.01879995553638308,0.4032185531651509,0.9393939393939394,-0.06898629774915074,1.559261022367672,0.5,0.001285058816278484,0.022268489692552684,0.8503539249313948
10134,10137,10144,10136,10145,2022,2022-11-18 10:05:00,2022-11-18 10:20:00,2022-11-18 10:55:00,10,0.001859448471359304,0.0004914080438704245,0.026093297079676527,0.3,0.31679658543698014,1.5113739346169295,0.36363636363636365,0.01264902172398414,0.007582410666663542,-0.1790016122490387
10144,10150,10153,10146,10154,2022,2022-11-18 10:55:00,2022-11-18 11:25:00,2022-11-18 13:10:00,9,0.0018572348644215588,-0.00598061354155901,-0.3848477293892962,0.6666666666666666,-0.08818008800385634,1.510041864332041,0.4,0.03213420044093843,0.00541110738785644,0.18504171061111227
10153,10154,10160,10155,10161,2022,2022-11-18 13:10:00,2022-11-18 13:15:00,2022-11-18 13:45:00,7,0.001917240277545612,-0.0015217447216661862,-0.14493910866270335,0.14285714285714285,2.062558125501135,1.607416958129318,0.25,0.12081739335369662,0.0049309243246309364,-0.20892199417925195
10160,10161,10182,10162,10183,2022,2022-11-18 13:45:00,2022-11-18 13:50:00,2022-11-21 10:05:00,22,0.0018519783931641518,0.015806307777092868,0.4214490020186322,0.045454545454545456,-0.0076173589085728735,1.5379517411011498,0.4782608695652174,0.047471596169563146,0.018502525428586658,-0.8564023946213938
10182,10188,10201,10184,10202,2022,2022-11-21 10:05:00,2022-11-21 10:35:00,2022-11-21 13:10:00,19,0.0018469509934309842,-0.010860126369125214,-0.3782987003170601,0.3157894736842105,0.2739970477290306,1.6883186513129227,0.55,0.00550149267492909,0.009285081589448296,0.1611442686556982
10201,10214,10226,10203,10227,2022,2022-11-21 13:10:00,2022-11-21 14:15:00,2022-11-22 09:45:00,25,0.0016892340692908042,-0.0054136910472970985,-0.2531382880431584,0.52,-0.20102721831537115,2.8566573684530514,0.6538461538461539,0.0,0.010417572210328352,-0.14644468359562748
10226,10233,10238,10228,10239,2022,2022-11-22 09:45:00,2022-11-22 10:20:00,2022-11-22 10:45:00,12,0.001768966686649881,-0.007809100511708229,-0.38954264823398527,0.5833333333333334,0.0019475660177495344,1.7406713728863012,0.46153846153846156,0.0273469728069712,0.008226247424749644,0.423990088569059
10238,10240,10244,10240,10245,2022,2022-11-22 10:45:00,2022-11-22 10:55:00,2022-11-22 11:15:00,6,0.0017619808676758505,0.001219958672715502,0.18825694498687706,0.3333333333333333,0.21500777326778975,1.3639356556175832,0.42857142857142855,0.0,0.0037329659965186224,-0.3293939296969643
10244,10246,10285,10246,10286,2022,2022-11-22 11:15:00,2022-11-22 11:25:00,2022-11-23 10:40:00,41,0.001831120742831822,0.0285582287634323,0.4613284537799692,0.04878048780487805,-0.29813015769213647,1.8325947487493286,0.40476190476190477,0.0005045763607358721,0.032976807673388286,-0.8635034466127905
10285,10305,10309,10287,10310,2022,2022-11-23 10:40:00,2022-11-23 13:50:00,2022-11-23 14:10:00,24,0.002243955223917928,0.0020503996047149826,0.04260424866871377,0.8333333333333334,-0.6839777940833739,1.7772236429177064,0.4,0.01471652835680045,0.025953073794080517,0.8340519187171292
10309,10311,10313,10311,10314,2022,2022-11-23 14:10:00,2022-11-23 14:20:00,2022-11-23 14:30:00,4,0.002492660119173735,5.899588996999825e-05,0.020422411579657265,0.5,0.22054656426193273,1.5925412775380017,0.6,0.0,0.001198758151650381,0.123015472543582
10313,10321,10327,10315,10328,2022,2022-11-23 14:30:00,2022-11-24 09:40:00,2022-11-24 10:10:00,14,0.0024782945463932716,-0.004403081440107054,-0.1692575943421319,0.5714285714285714,-0.7285173972232337,1.904482550940611,0.26666666666666666,0.0633711717706522,0.009922303354771955,-0.20231194604038705
10327,10330,10332,10329,10333,2022,2022-11-24 10:10:00,2022-11-24 10:25:00,2022-11-24 10:35:00,5,0.0024521772682776434,-0.00017728924787131957,-0.016827411569851226,0.6,0.45081727720735826,1.658531179709177,0.3333333333333333,0.04659440941076873,0.005062356299123216,0.025293135729804676
10332,10336,10347,10334,10348,2022,2022-11-24 10:35:00,2022-11-24 10:55:00,2022-11-24 13:20:00,15,0.0022746678888356815,-0.006596140088697286,-0.4640274430563648,0.26666666666666666,0.792432787094682,1.9155495126555997,0.25,0.023289660361162035,0.005385550686189511,-0.09328963180742905
10347,10355,10377,10349,10378,2022,2022-11-24 13:20:00,2022-11-24 14:00:00,2022-11-25 10:20:00,30,0.0019250172753789813,0.0027626576320977786,0.075993348382184,0.26666666666666666,0.28146731579122736,2.671140521090183,0.4838709677419355,0.028220855152774536,0.013742491802535284,-0.6909007435606904
10377,10380,10396,10379,10397,2022,2022-11-25 10:20:00,2022-11-25 10:35:00,2022-11-25 13:25:00,19,0.001727685489964487,0.003068648417782328,0.1770905407112281,0.15789473684210525,0.5937552121005081,1.5143353404203346,0.2,0.0,0.006127909032973555,-0.5023893508995046
10396,10398,10406,10398,10407,2022,2022-11-25 13:25:00,2022-11-25 13:35:00,2022-11-25 14:15:00,10,0.0017237652552676021,0.0020376777532232493,0.2332633222070249,0.2,0.5484421684008126,1.5312918314297606,0.18181818181818182,0.010773704491745476,0.004738801623087596,-0.4574301218348356
10406,10409,10419,10408,10420,2022,2022-11-25 14:15:00,2022-11-25 14:30:00,2022-11-28 09:50:00,13,0.0017244130813209926,0.011767563150192869,0.28153308630556834,0.23076923076923078,-0.05396871920438537,2.2420718756799425,0.5714285714285714,0.0,0.014168101067049577,-0.8399609036888502
10419,10421,10425,10421,10426,2022,2022-11-28 09:50:00,2022-11-28 10:00:00,2022-11-28 10:20:00,6,0.001936494911900016,-0.0016578387202484206,-0.11738403651224574,0.3333333333333333,0.7242763460905856,1.9892642095299133,0.2857142857142857,0.0,0.007962868777736887,0.2577231909004543
10425,10428,10431,10427,10432,2022,2022-11-28 10:20:00,2022-11-28 10:35:00,2022-11-28 10:50:00,6,0.0019264940963952446,0.0010914383814485213,0.13035643251031848,0.5,-0.30087379117297336,1.2677029573275975,0.42857142857142855,0.0,0.004015421364093719,-0.2516342365534466
10431,10435,10450,10433,10451,2022,2022-11-28 10:50:00,2022-11-28 11:10:00,2022-11-28 13:55:00,19,0.0019672386353272254,0.0008902017704021578,0.06859484905038639,0.21052631578947367,0.4892608579927043,1.3244305203288385,0.5,0.0,0.005359291393847165,-0.19627936853593234
10450,10464,10469,10452,10470,2022,2022-11-28 13:55:00,2022-11-29 09:35:00,2022-11-29 10:00:00,19,0.0019253763472154993,-0.008083531869677757,-0.4219040798480391,0.7368421052631579,-0.3325652421876861,1.5566611349251334,0.5,0.0,0.006847925746402694,0.23035629992417372
10469,10478,10482,10471,10483,2022,2022-11-29 10:00:00,2022-11-29 10:45:00,2022-11-29 11:05:00,13,0.001261453735757894,-0.007538124932212437,-0.3734360554706989,0.6923076923076923,-0.064047546854117,1.654105484972862,0.2857142857142857,0.0,0.009883202226140142,0.6948429757694021
10482,10491,10504,10484,10505,2022,2022-11-29 11:05:00,2022-11-29 13:20:00,2022-11-29 14:25:00,22,0.0014674557470690552,0.004246667488496521,0.255316020182264,0.4090909090909091,0.5035067859827733,2.4834641143682554,0.391304347826087,0.058296252124895,0.007803707326004883,0.38519178173400614
10504,10510,10521,10506,10522,2022,2022-11-29 14:25:00,2022-11-29 14:55:00,2022-11-30 10:20:00,17,0.001502230309063604,0.0026647715150685015,0.14506664894209595,0.35294117647058826,0.29621112269316036,1.91451046237206,0.16666666666666666,0.0,0.005501664372280501,-0.46977606588119813
10521,10526,10531,10523,10532,2022,2022-11-30 10:20:00,2022-11-30 10:45:00,2022-11-30 11:10:00,10,0.0014575571277826863,-0.010223839001780708,-0.7849170361335743,0.5,0.18892482757051868,1.3034115239804782,0.36363636363636365,0.061726453498307764,0.006840231876535263,0.39393341663105075
10531,10536,10553,10533,10554,2022,2022-11-30 11:10:00,2022-11-30 13:05:00,2022-11-30 14:30:00,22,0.001302459911623824,0.006765735505291929,0.4645797172754804,0.22727272727272727,0.07506141713970128,1.445015892358322,0.43478260869565216,0.02062751874309525,0.008805416328990567,-0.7877526919703123
10553,10570,10572,10555,10573,2022,2022-11-30 14:30:00,2022-12-01 10:25:00,2022-12-01 10:35:00,19,0.001931544312054619,-0.012572305765715903,-0.28876922815930245,0.8947368421052632,0.3163100190077196,1.7859475081523324,0.4,0.1279469647316908,0.025035662603418274,0.7627782675814289
10572,10576,10578,10574,10579,2022,2022-12-01 10:35:00,2022-12-01 10:55:00,2022-12-01 11:05:00,6,0.0020792028309593656,0.0015698512852906524,0.19059558670985832,0.6666666666666666,0.4796833115009463,1.7161581866361428,0.42857142857142855,0.11914506017341683,0.004903590821046855,0.3684849238869691
10578,10579,10597,10580,10598,2022,2022-12-01 11:05:00,2022-12-01 11:10:00,2022-12-01 14:10:00,19,0.0020587585107689674,0.0010084603305534987,0.08236316050946102,0.05263157894736842,0.012357027522204252,1.5687281232468526,0.75,0.02603765287042159,0.007595499018515639,-0.8064069317276402
10597,10615,10640,10599,10641,2022,2022-12-01 14:10:00,2022-12-02 10:10:00,2022-12-02 13:45:00,43,0.0013499323337272328,0.0013508975907332989,0.026557648642550512,0.4186046511627907,0.19366910649101726,1.654849866169885,0.4090909090909091,0.0004612657114151802,0.012595159081423724,0.11497021705030415
10640,10644,10662,10642,10663,2022,2022-12-02 13:45:00,2022-12-02 14:05:00,2022-12-05 10:05:00,22,0.001298979546211497,0.005107375046641573,0.23449916530063067,0.18181818181818182,-0.08208119527646662,1.4494912446030659,0.5652173913043478,0.03511545075299412,0.0080559481684368,-0.6352183611684624
10662,10666,10693,10664,10694,2022,2022-12-05 10:05:00,2022-12-05 10:25:00,2022-12-05 14:10:00,31,0.001013102121063947,-0.00395407179086713,-0.19734718380300406,0.12903225806451613,0.7825326303915272,2.0049587653320464,0.15625,0.022631004374447233,0.007660887931382199,-0.5029081697117378
10693,10705,10709,10695,10710,2022,2022-12-05 14:10:00,2022-12-06 09:40:00,2022-12-06 10:00:00,16,0.0009127363869371178,-0.0044034347897891225,-0.25536586432007147,0.75,-0.39492719416126115,1.7255764221884267,0.29411764705882354,0.0,0.007015614536446613,0.19657633612647038
10709,10723,10744,10711,10745,2022,2022-12-06 10:00:00,2022-12-06 11:10:00,2022-12-06 14:25:00,35,0.0012706822758230649,0.005501334073466533,0.1511150928006353,0.4,0.5219220555187554,1.66992045284037,0.2777777777777778,0.0013469725450318036,0.011725186327971926,0.04938566761138652
10744,10746,10753,10746,10754,2022,2022-12-06 14:25:00,2022-12-06 14:35:00,2022-12-07 09:40:00,9,0.0013602132247599562,0.003839543972193227,0.35582484190415226,0.2222222222222222,-0.418399771113053,1.7796813622449228,0.3,0.0,0.004646221694423858,-0.7380836689241487
10753,10766,10790,10755,10791,2022,2022-12-07 09:40:00,2022-12-07 10:45:00,2022-12-07 14:15:00,37,0.0013556879198567484,-0.0023092383969865226,-0.07289104313786728,0.35135135135135137,0.1658785541471565,2.109429791784169,0.7105263157894737,0.001742605844195774,0.009642641611315561,-0.012464291554393136
10790,10798,10800,10792,10801,2022,2022-12-07 14:15:00,2022-12-07 14:55:00,2022-12-08 09:35:00,10,0.001222991154562861,-0.0038733597178687972,-0.5476976461872829,0.8,-0.39699437346082905,2.1983951491263496,0.5454545454545454,0.0,0.0029312185535896873,-0.08543870683492166
10800,10806,10815,10802,10816,2022,2022-12-08 09:35:00,2022-12-08 10:05:00,2022-12-08 10:50:00,15,0.0012224195103783051,0.0027532026040715412,0.14159166900080758,0.4,0.5095816712835555,1.6708127040110239,0.25,0.020313076426294055,0.005616588654988597,0.04280590241902265
10815,10817,10826,10817,10827,2022,2022-12-08 10:50:00,2022-12-08 11:00:00,2022-12-08 13:15:00,11,0.0012002913650727585,0.001553628033235018,0.19699848507631768,0.18181818181818182,0.017762409786184225,2.1754841169768433,0.3333333333333333,0.17732105763477382,0.003277229217135691,-0.46798338471493217
10826,10831,10832,10828,10833,2022,2022-12-08 13:15:00,2022-12-08 13:40:00,2022-12-08 13:45:00,6,0.0012663730860524222,-4.575333167888829e-17,-8.985583831526606e-15,0.8333333333333334,-1.0379228056440857,1.4567234610760755,0.2857142857142857,0.0330461248886873,0.0018341548738183278,0.12578261928182874
10832,10835,10836,10834,10837,2022,2022-12-08 13:45:00,2022-12-08 14:00:00,2022-12-08 14:05:00,4,0.0012570370497921516,-0.00013039705922969925,-0.02640173151862397,0.75,-0.8925646898715716,1.4319890958358146,0.4,0.0,0.002414189789804233,0.0
10836,10842,10852,10838,10853,2022,2022-12-08 14:05:00,2022-12-08 14:35:00,2022-12-09 09:55:00,16,0.0013051374110869664,-0.0001644808942500792,-0.013206975808794484,0.375,0.0843202887807185,1.9396001389516317,0.4117647058823529,0.010296555598530422,0.00448195188451006,-0.39195027400245785
10852,10858,10863,10854,10864,2022,2022-12-09 09:55:00,2022-12-09 10:25:00,2022-12-09 10:50:00,11,0.0012929816500678558,-0.01398242766007637,-0.8867605594752496,0.5454545454545454,0.7072402584085132,1.9777610163810586,0.25,0.0796172509900389,0.008468180008349258,0.2950585605153824
10863,10870,10882,10865,10883,2022,2022-12-09 10:50:00,2022-12-09 11:25:00,2022-12-09 13:55:00,19,0.0014238224680048295,-7.775833277895608e-05,-0.004391288631368057,0.3684210526315789,0.6936774987246825,1.9267953463494059,0.25,0.05532369281460251,0.005175316238535288,-0.2034405468081151
10882,10895,10897,10884,10898,2022,2022-12-09 13:55:00,2022-12-09 15:00:00,2022-12-12 09:40:00,15,0.0013833703833520446,-0.0037163462015635243,-0.3415313348059318,0.8666666666666667,-0.3319044642440431,1.5864463280865744,0.25,0.04955910608961446,0.005244889759676852,0.3344525194584713
10897,10899,10904,10899,10905,2022,2022-12-12 09:40:00,2022-12-12 09:50:00,2022-12-12 10:15:00,7,0.0015440386092165572,-0.00010988268808797153,-0.010457507446281997,0.2857142857142857,1.1905566036265314,2.0921264131032844,0.125,0.0,0.005850513980079519,-0.2586803552229747
10904,10918,10921,10906,10922,2022,2022-12-12 10:15:00,2022-12-12 11:25:00,2022-12-12 13:10:00,17,0.0013436592690823249,0.0015212290472134836,0.08384521803196704,0.8235294117647058,-1.6237607904324152,1.6851247284866817,0.16666666666666666,0.18804485275543065,0.013618121945062178,0.7554656338717677
10921,10926,10956,10923,10957,2022,2022-12-12 13:10:00,2022-12-12 13:35:00,2022-12-13 10:35:00,35,0.0013338907629277495,0.010330098174168887,0.4077387237240537,0.14285714285714285,0.13053254708111625,1.7353345830354059,0.5,0.030891265954862426,0.015220659566988815,-0.8144577842181792
10956,10957,10963,10958,10964,2022,2022-12-13 10:35:00,2022-12-13 10:40:00,2022-12-13 11:10:00,7,0.0011382244489590194,0.0011464661942018185,0.2437952293192945,0.14285714285714285,0.1961567062570258,1.6327352152984211,0.25,0.10281058194220395,0.002914106326858956,-0.4072482484010959
10963,10965,10967,10965,10968,2022,2022-12-13 11:10:00,2022-12-13 11:20:00,2022-12-13 11:30:00,4,0.0009161550190999925,0.00042271382903635846,0.14695651987539482,0.5,0.23787727963661684,1.1600498502193866,0.4,0.0,0.001015917808099509,-0.03962328688615921
10967,10969,10971,10969,10972,2022,2022-12-13 11:30:00,2022-12-13 13:10:00,2022-12-13 13:20:00,4,0.0008828246874146063,9.060478701487882e-05,0.03477165366415118,0.5,-0.7743262225718485,1.6223126126691947,0.4,0.0,0.001317954042268532,-0.2749405132141452
10971,10975,10988,10973,10989,2022,2022-12-13 13:20:00,2022-12-13 13:40:00,2022-12-13 14:45:00,17,0.0008911746467948116,0.0026311162133147844,0.2906613032798984,0.23529411764705882,0.9336866007626924,1.7765543607967242,0.3888888888888889,0.0342023628538064,0.004592569331400398,-0.5882755503699613
10988,10993,10998,10990,10999,2022,2022-12-13 14:45:00,2022-12-14 09:40:00,2022-12-14 10:05:00,10,0.0016197000884342143,-0.013860235150315084,-0.522038377216939,0.5,0.7683089869699945,2.895709567365005,0.2727272727272727,0.13885222123366128,0.009737038153070365,0.16367133750216376
10998,11004,11034,11000,11035,2022,2022-12-14 10:05:00,2022-12-14 10:35:00,2022-12-14 14:35:00,36,0.0018379133823689796,0.0005127744904196183,0.015169763573676533,0.16666666666666666,0.5752418979757632,1.7936133346112304,0.13513513513513514,0.09131905904828334,0.014376389670288425,-0.5645235536660878
11034,11048,11060,11036,11061,2022,2022-12-14 14:35:00,2022-12-15 10:15:00,2022-12-15 11:15:00,26,0.0013753496198094337,-0.006623008289918648,-0.20378569042407182,0.5384615384615384,0.3436353462465903,1.546282153802146,0.2962962962962963,0.021010866418834682,0.009493806252255155,0.21596668095013108
11060,11079,11098,11062,11099,2022,2022-12-15 11:15:00,2022-12-15 14:20:00,2022-12-16 10:25:00,38,0.0012724979003111753,-7.654128052083525e-05,-0.002270071392258986,0.5,-0.18097592434796464,2.7496327617190257,0.41025641025641024,0.001466255510112087,0.013970763209794512,-0.5947076815010613
11098,11100,11119,11100,11120,2022,2022-12-16 10:25:00,2022-12-16 10:35:00,2022-12-16 13:40:00,21,0.0013321555495266976,0.0031437711177544876,0.23092780672943497,0.09523809523809523,0.6505546340185134,1.9516466442461355,0.22727272727272727,0.03156945097269419,0.006107217189967429,-0.5483657870282679
11119,11120,11126,11121,11127,2022,2022-12-16 13:40:00,2022-12-16 13:45:00,2022-12-16 14:15:00,7,0.0013490092770942217,0.0009337691600908965,0.14211864624741077,0.14285714285714285,-0.1547951450093012,1.5716820174001735,0.5,0.0,0.002799212306884513,-0.31898530888318716
11126,11133,11153,11128,11154,2022,2022-12-16 14:15:00,2022-12-16 14:50:00,2022-12-19 11:00:00,27,0.001403785364657911,0.0006459508027907523,0.020109495748221014,0.25925925925925924,0.23566777608109485,1.8928724930190157,0.2857142857142857,0.002564002757713168,0.015499715553757731,-0.6946686787355505
11153,11154,11180,11155,11181,2022,2022-12-19 11:00:00,2022-12-19 11:05:00,2022-12-19 14:45:00,27,0.0014851432243735703,0.009605981341864607,0.3711894180813055,0.037037037037037035,0.027899667221439328,1.5290008901759258,0.5,0.0,0.0121789465129023,-0.8101763469455294
11180,11184,11194,11182,11195,2022,2022-12-19 14:45:00,2022-12-20 09:35:00,2022-12-20 10:25:00,14,0.0012294761538494468,-0.007943289409437998,-0.44050099614874155,0.2857142857142857,0.8890764477616148,1.8506042396072062,0.3333333333333333,0.010388640203862879,0.006831472173185915,-0.44102598950783195
11194,11197,11205,11196,11206,2022,2022-12-20 10:25:00,2022-12-20 10:40:00,2022-12-20 11:20:00,11,0.001316778820991554,-0.008158933121733424,-0.6706033605574282,0.2727272727272727,0.6217347269933503,1.3023597807345357,0.25,0.0,0.0044792555629662445,0.26038432435413306
11205,11211,11217,11207,11218,2022,2022-12-20 11:20:00,2022-12-20 13:20:00,2022-12-20 13:50:00,12,0.0013267024714595525,0.001250280418114057,0.1245305188971425,0.5,0.05429790304149797,1.9705518680732244,0.3076923076923077,0.00930567304765456,0.0037770338566556205,-0.25869538805074815
11217,11226,11243,11219,11244,2022,2022-12-20 13:50:00,2022-12-20 14:35:00,2022-12-21 10:30:00,26,0.001283107529715862,-0.0056382465885985895,-0.2506835961054617,0.34615384615384615,0.49470511196628264,1.8198810486931696,0.4444444444444444,0.004802043364461157,0.004937036677495676,-0.36014318243396354
11243,11245,11266,11245,11267,2022,2022-12-21 10:30:00,2022-12-21 10:40:00,2022-12-21 13:55:00,23,0.001112264520203503,0.012335238269470646,0.48330289311771363,0.08695652173913043,1.4229727403515418,1.4022046562201387,0.375,0.15573241369465443,0.01455568139435659,-0.8568213619648123
11266,11272,11274,11268,11275,2022,2022-12-21 13:55:00,2022-12-21 14:25:00,2022-12-21 14:35:00,8,0.0012269300189306014,-0.004290700100737951,-0.38797770813717436,0.75,-0.45341369798915043,1.1941049957720398,0.3333333333333333,0.017262355099971448,0.0037355371362126633,0.24250823742028732
11274,11286,11292,11276,11293,2022,2022-12-21 14:35:00,2022-12-22 10:05:00,2022-12-22 10:35:00,18,0.0012967752442029864,0.004221495607370517,0.15031574871468248,0.6666666666666666,-0.4851791218562197,1.4636150371375436,0.3157894736842105,0.0,0.006233725736792373,0.30730717114302036
11292,11298,11331,11294,11332,2022,2022-12-22 10:35:00,2022-12-22 11:05:00,2022-12-23 09:50:00,39,0.0012930382397379,0.012214142926511734,0.2888530511354077,0.15384615384615385,0.30987799600972243,1.917870197374831,0.65,0.0,0.020193833395498295,-0.8743218216761262
11331,11333,11337,11333,11338,2022,2022-12-23 09:50:00,2022-12-23 10:00:00,2022-12-23 10:20:00,6,0.0014022735418592733,0.001959394622040942,0.20591710755670356,0.3333333333333333,0.06694236305522498,1.0598350022718837,0.42857142857142855,0.0,0.005748073696023148,-0.2241838142208902
11337,11339,11348,11339,11349,2022,2022-12-23 10:20:00,2022-12-23 10:30:00,2022-12-23 11:15:00,11,0.00156221624685175,0.002310735093064658,0.19259688042051032,0.18181818181818182,0.5209819564362614,1.8514277507503685,0.4166666666666667,0.0,0.006852122219449974,-0.35307297099598123
11348,11350,11368,11350,11369,2022,2022-12-23 11:15:00,2022-12-23 11:25:00,2022-12-23 14:25:00,20,0.0016578791898309608,0.0043866164462351065,0.20448465775303282,0.1,0.006256992588765169,1.5262604857958384,0.42857142857142855,0.0,0.009229865834678996,-0.46703095138372347
11368,11395,11400,11370,11401,2022,2022-12-23 14:25:00,2022-12-26 11:10:00,2022-12-26 13:05:00,32,0.0020163531640231013,0.021555838114431028,0.47730209614588637,0.84375,0.05912408673429681,2.592654061072954,0.6363636363636364,0.036701979775045725,0.033889901178932647,0.8715633548660688
11400,11404,11405,11402,11406,2022,2022-12-26 13:05:00,2022-12-26 13:25:00,2022-12-26 13:30:00,5,0.001924617760432951,0.0005399939778947397,0.14792378277550403,0.8,-0.18529504389472704,1.1016621138207963,0.3333333333333333,0.0,0.0017354869009169605,0.43923811486588965
11405,11424,11428,11407,11429,2022,2022-12-26 13:30:00,2022-12-27 09:35:00,2022-12-27 09:55:00,23,0.001845295128082556,0.008029763486833898,0.26776567004564344,0.8260869565217391,-0.48901788333790136,2.2637878721014,0.125,0.010974335235161906,0.012780566843795249,0.21170227758414958
11428,11431,11434,11430,11435,2022,2022-12-27 09:55:00,2022-12-27 10:10:00,2022-12-27 10:25:00,6,0.001670952173286245,-0.001160374403648148,-0.13710037178918155,0.5,0.4883879139527429,1.4343570924167919,0.2857142857142857,0.0,0.004654354740386779,0.2493041436749533
11434,11467,11478,11436,11479,2022,2022-12-27 10:25:00,2022-12-27 14:40:00,2022-12-28 10:05:00,44,0.0016702249317883308,0.010836621412614586,0.2317139474694452,0.75,-0.5749055218280233,1.4880171827484143,0.4888888888888889,0.0082425103060843,0.017649637609405744,0.5474799799548152
11481,11492,11509,11483,11510,2022,2022-12-28 10:20:00,2022-12-28 11:15:00,2022-12-28 14:10:00,28,0.001259902262243464,-0.0013573375941376776,-0.06818748070624121,0.39285714285714285,0.48752405675903837,1.5750557846027968,0.3793103448275862,0.011378063316440125,0.006577976630727456,0.18578342744008666
11509,11514,11517,11511,11518,2022,2022-12-28 14:10:00,2022-12-28 14:35:00,2022-12-28 14:50:00,8,0.0011213022666793405,0.0005325119549471479,0.12791158367487532,0.625,-0.4105268406742501,1.3225163973077252,0.6666666666666666,0.0,0.0016588855886983112,-0.1825136702573223
11517,11522,11526,11519,11527,2022,2022-12-28 14:50:00,2022-12-29 09:45:00,2022-12-29 10:05:00,9,0.0011980721952004208,-0.012196314991017879,-0.6598606047442427,0.5555555555555556,0.6957407682720622,1.8784363458539626,0.2,0.0190852074515239,0.007679857926238931,0.009517186170172477
11526,11539,11555,11528,11556,2022,2022-12-29 10:05:00,2022-12-29 11:10:00,2022-12-29 14:00:00,29,0.0013691141373588808,-0.0024426349664333,-0.09669148631725866,0.4482758620689655,0.2862311985060805,1.6561522596455216,0.43333333333333335,0.0,0.011471408658123572,0.5661150888736097
11555,11558,11559,11557,11560,2022,2022-12-29 14:00:00,2022-12-29 14:15:00,2022-12-29 14:20:00,4,0.0013700922112658107,-0.0009022416649137132,-0.43736190876938297,0.75,-0.14206157146455536,1.3201734215095824,0.6,0.0,0.0013787314746549484,0.5039317295787745
11559,11562,11565,11561,11566,2022,2022-12-29 14:20:00,2022-12-29 14:35:00,2022-12-29 14:50:00,6,0.0013776665234072514,0.0015768619571300269,0.30792977511301606,0.5,0.024710657014054713,1.1774603926027334,0.2857142857142857,0.021722001897933278,0.0029859434120655948,-0.5489807901762642
