trade,first_interval_index,last_interval_index,first_booking,last_booking,direction,bars,pnl_log,mfe_log,mae_log,giveback_log,losing_never_favorable,losing_after_favorable,boundary_clipped
0,0,4,2023-01-03 09:35:00,2023-01-03 09:55:00,1.0,5,-0.0026993945363030913,0.005252788990484404,-0.0026993945363030913,0.007952183526787495,False,True,True
1,5,12,2023-01-03 10:00:00,2023-01-03 10:35:00,-1.0,8,-0.008449041942714515,0.0,-0.008449041942714515,0.008449041942714515,True,False,False
2,13,51,2023-01-03 10:40:00,2023-01-04 09:50:00,1.0,39,0.012045426018781356,0.01613716408130408,0.0,0.004091738062522724,False,False,False
3,52,84,2023-01-04 09:55:00,2023-01-04 14:05:00,-1.0,33,0.009626770190516852,0.011455727110223496,-0.0009402339013331021,0.0018289569197066438,False,False,False
4,85,169,2023-01-04 14:10:00,2023-01-06 13:10:00,1.0,85,0.03014046573030434,0.03480755727481443,0.0,0.0046670915445100915,False,False,False
5,170,190,2023-01-06 13:15:00,2023-01-06 14:55:00,-1.0,21,0.006603005885207259,0.008510604051422422,0.0,0.0019075981662151622,False,False,False
6,191,206,2023-01-06 15:00:00,2023-01-09 10:45:00,1.0,16,0.0016019912445097942,0.006502829574817793,-0.0004336841536246644,0.004900838330307999,False,False,False
7,207,231,2023-01-09 10:50:00,2023-01-09 14:20:00,-1.0,25,0.0030954626315107025,0.006798383668372339,-0.002061680144147795,0.0037029210368616366,False,False,False
8,232,241,2023-01-09 14:25:00,2023-01-10 09:40:00,1.0,10,-0.001485591553711401,0.0006763748585849782,-0.001485591553711401,0.0021619664122963793,False,True,False
9,242,243,2023-01-10 09:45:00,2023-01-10 09:50:00,-1.0,2,-0.0030193960925515508,0.0,-0.0035032670697342796,0.0030193960925515508,True,False,False
10,244,253,2023-01-10 09:55:00,2023-01-10 10:40:00,1.0,10,0.0009977274814693994,0.00499877831832511,-0.0008675214650377244,0.0040010508368557105,False,False,False
11,254,274,2023-01-10 10:45:00,2023-01-10 13:55:00,-1.0,21,0.0008263297324098025,0.003208364671500649,-0.0012382157184426333,0.0023820349390908466,False,False,False
12,275,292,2023-01-10 14:00:00,2023-01-11 09:55:00,1.0,18,-0.004739369310112132,0.0,-0.004739369310112132,0.004739369310112132,True,False,False
13,293,299,2023-01-11 10:00:00,2023-01-11 10:30:00,-1.0,7,-0.0015586889928109083,0.001703163428738081,-0.0015586889928109083,0.0032618524215489893,False,True,False
14,300,305,2023-01-11 10:35:00,2023-01-11 11:00:00,1.0,6,-0.0023389455037115476,0.00041456645537815934,-0.0023389455037115476,0.002753511959089707,False,True,False
15,306,339,2023-01-11 11:05:00,2023-01-12 09:50:00,-1.0,34,0.011172503294061172,0.012947509018420216,0.0,0.0017750057243590446,False,False,False
16,340,347,2023-01-12 09:55:00,2023-01-12 10:30:00,1.0,8,-0.001436177553202643,0.0029377314629498597,-0.001436177553202643,0.0043739090161525026,False,True,False
17,348,369,2023-01-12 10:35:00,2023-01-12 13:50:00,-1.0,22,0.00033882817115663227,0.0024153732186602828,-0.00046185347749880056,0.0020765450475036503,False,False,False
18,370,382,2023-01-12 13:55:00,2023-01-12 14:55:00,1.0,13,0.0005338589917770148,0.003976555889874053,0.0,0.003442696898097038,False,False,False
19,383,402,2023-01-12 15:00:00,2023-01-13 11:05:00,-1.0,20,0.003001523572452325,0.004742831641742237,-0.002337407772964207,0.001741308069289912,False,False,False
20,403,415,2023-01-13 11:10:00,2023-01-13 13:40:00,1.0,13,-0.001112438827589457,0.0010495015831249244,-0.001112438827589457,0.002161940410714381,False,True,False
21,416,426,2023-01-13 13:45:00,2023-01-13 14:35:00,-1.0,11,-0.0012359667862410638,0.0025488500123562953,-0.0012359667862410638,0.003784816798597359,False,True,False
22,427,463,2023-01-13 14:40:00,2023-01-16 13:40:00,1.0,37,0.024042161960874532,0.028563948900347007,0.0,0.004521786939472475,False,False,False
23,464,482,2023-01-16 13:45:00,2023-01-17 09:45:00,-1.0,19,-0.006101092373485011,0.0025858917368199114,-0.006101092373485011,0.008686984110304923,False,True,False
24,483,492,2023-01-17 09:50:00,2023-01-17 10:35:00,1.0,10,0.0012576609167743661,0.003887642209744407,0.0,0.0026299812929700406,False,False,False
25,493,500,2023-01-17 10:40:00,2023-01-17 11:15:00,-1.0,8,-0.002580235246526749,0.0012676486817624157,-0.002580235246526749,0.0038478839282891646,False,True,False
26,501,507,2023-01-17 11:20:00,2023-01-17 13:20:00,1.0,7,-0.0032088679910543165,0.0,-0.003278740473801864,0.0032088679910543165,True,False,False
27,508,517,2023-01-17 13:25:00,2023-01-17 14:10:00,-1.0,10,-0.0006485828692162147,0.0035096350911947597,-0.0006485828692162147,0.004158217960410974,False,True,False
28,518,542,2023-01-17 14:15:00,2023-01-18 10:45:00,1.0,25,0.003017855431519589,0.007037452631740565,-0.0010978483277607307,0.004019597200220976,False,False,False
29,543,554,2023-01-18 10:50:00,2023-01-18 13:15:00,-1.0,12,-0.003375564144019766,0.0009053961228787625,-0.003375564144019766,0.004280960266898529,False,True,False
30,555,574,2023-01-18 13:20:00,2023-01-18 14:55:00,1.0,20,-0.0019445222207136194,0.0007133657292513513,-0.0019445222207136194,0.0026578879499649707,False,True,False
31,575,583,2023-01-18 15:00:00,2023-01-19 10:10:00,-1.0,9,-0.0023012686966711244,0.002177188113031841,-0.0025291234452087027,0.004478456809702965,False,True,False
32,584,633,2023-01-19 10:15:00,2023-01-20 10:20:00,1.0,50,0.018630482224214023,0.024216438794862075,0.0,0.005585956570648053,False,False,False
33,634,657,2023-01-20 10:25:00,2023-01-20 13:50:00,-1.0,24,0.0006420545966951732,0.00364377211642602,-0.001525657081458859,0.0030017175197308466,False,False,False
34,658,691,2023-01-20 13:55:00,2023-01-30 11:10:00,1.0,34,0.007890007878059277,0.01814847839968975,-0.0008956735674132075,0.010258470521630472,False,False,False
35,692,770,2023-01-30 11:15:00,2023-02-01 09:45:00,-1.0,79,0.016343143589117475,0.02062129861023223,-0.004431350333759396,0.0042781550211147545,False,False,False
36,771,778,2023-02-01 09:50:00,2023-02-01 10:25:00,1.0,8,-0.002771337124958242,0.0032626776016940243,-0.002771337124958242,0.006034014726652267,False,True,False
37,779,788,2023-02-01 10:30:00,2023-02-01 11:15:00,-1.0,10,-0.00012792568519170923,0.005437182514534052,-0.00012792568519170923,0.005565108199725761,False,True,False
38,789,830,2023-02-01 11:20:00,2023-02-02 10:45:00,1.0,42,0.015601671573451676,0.022639025467889515,0.0,0.007037353894437839,False,False,False
39,831,839,2023-02-02 10:50:00,2023-02-02 11:30:00,-1.0,9,-0.002873050939031726,0.0012310676460857823,-0.002921348218455281,0.004104118585117509,False,True,False
40,840,851,2023-02-02 13:05:00,2023-02-02 14:00:00,1.0,12,-0.0022822890811912445,0.004741309270400795,-0.0022822890811912445,0.007023598351592039,False,True,False
41,852,894,2023-02-02 14:05:00,2023-02-03 13:35:00,-1.0,43,0.01078534395499941,0.014727375771439984,-0.0014125389345563766,0.0039420318164405735,False,False,False
42,895,914,2023-02-03 13:40:00,2023-02-06 09:45:00,1.0,20,0.0066037745781933445,0.011191895244139773,0.0,0.004588120665946428,False,False,False
43,915,918,2023-02-06 09:50:00,2023-02-06 10:05:00,-1.0,4,-0.008123946283390526,0.0013912605798146037,-0.008123946283390526,0.00951520686320513,False,True,False
44,919,922,2023-02-06 10:10:00,2023-02-06 10:25:00,1.0,4,-0.008668545044273293,0.0,-0.008668545044273293,0.008668545044273293,True,False,False
45,923,961,2023-02-06 10:30:00,2023-02-07 09:40:00,-1.0,39,0.0018694506145578832,0.007018737234323621,0.0,0.005149286619765738,False,False,False
46,962,966,2023-02-07 09:45:00,2023-02-07 10:05:00,1.0,5,-0.0049337947096733765,0.0,-0.0049337947096733765,0.0049337947096733765,True,False,False
47,967,982,2023-02-07 10:10:00,2023-02-07 11:25:00,-1.0,16,-0.0001958614482385323,0.0036402032004225165,-0.0024357450109482714,0.0038360646486610486,False,True,False
48,983,988,2023-02-07 11:30:00,2023-02-07 13:25:00,1.0,6,-0.0029124948878886205,0.001369957060618415,-0.0031973350110187323,0.0042824519485070356,False,True,False
49,989,1001,2023-02-07 13:30:00,2023-02-07 14:30:00,-1.0,13,0.00022590102684610913,0.0034628662247803412,0.0,0.003236965197934232,False,False,False
50,1002,1013,2023-02-07 14:35:00,2023-02-08 10:00:00,1.0,12,0.0005106600391833937,0.006979310727144479,-0.00012770576608910284,0.006468650687961085,False,False,False
51,1014,1061,2023-02-08 10:05:00,2023-02-09 10:00:00,-1.0,48,0.003274709505826363,0.012427797122097434,-0.00036319553570634687,0.00915308761627107,False,False,False
52,1062,1106,2023-02-09 10:05:00,2023-02-10 09:45:00,1.0,45,0.017158540311087,0.021351945234734403,-0.0005911796175803508,0.004193404923647403,False,False,False
53,1107,1140,2023-02-10 09:50:00,2023-02-10 14:05:00,-1.0,34,0.009123689395174182,0.01290252460806973,-0.0016446735644919178,0.003778835212895548,False,False,False
54,1141,1167,2023-02-10 14:10:00,2023-02-13 10:50:00,1.0,27,0.0006642246886460377,0.006467156061142705,-0.002798491033600873,0.005802931372496668,False,False,False
55,1168,1201,2023-02-13 10:55:00,2023-02-14 09:40:00,-1.0,34,-0.005579616307996842,0.0008498957679768404,-0.005579616307996842,0.006429512075973682,False,True,False
56,1202,1206,2023-02-14 09:45:00,2023-02-14 10:05:00,1.0,5,-0.004291497076459418,0.000873557472539041,-0.004291497076459418,0.005165054548998458,False,True,False
57,1207,1233,2023-02-14 10:10:00,2023-02-14 13:50:00,-1.0,27,0.005035035836719822,0.007979794335188813,-0.00044850045601825696,0.0029447584984689905,False,False,False
58,1234,1250,2023-02-14 13:55:00,2023-02-15 09:45:00,1.0,17,-0.0009610010839909355,0.0024766905296005615,-0.0013142539578436408,0.0034376916135914967,False,True,False
59,1251,1257,2023-02-15 09:50:00,2023-02-15 10:20:00,-1.0,7,-0.0003923568928584592,0.0022295458312162502,-0.002459495524674494,0.0026219027240747097,False,True,False
60,1258,1275,2023-02-15 10:25:00,2023-02-15 13:20:00,1.0,18,0.002585701734464131,0.005779204162870656,-0.0016096424966102188,0.0031935024284065246,False,False,False
61,1276,1282,2023-02-15 13:25:00,2023-02-15 13:55:00,-1.0,7,-0.002764389028607642,0.0022523193712251674,-0.002764389028607642,0.005016708399832809,False,True,False
62,1283,1298,2023-02-15 14:00:00,2023-02-16 09:45:00,1.0,16,-0.004379668945548821,1.9509149791820026e-05,-0.004379668945548821,0.004399178095340642,False,True,False
63,1299,1301,2023-02-16 09:50:00,2023-02-16 10:00:00,-1.0,3,-0.006610997121293129,0.00013717421146341126,-0.006610997121293129,0.00674817133275654,False,True,False
64,1302,1325,2023-02-16 10:05:00,2023-02-16 13:30:00,1.0,24,-0.0011978673552704292,0.0018475486347208794,-0.0040962079628418975,0.0030454159899913087,False,True,False
65,1326,1382,2023-02-16 13:35:00,2023-02-17 14:15:00,-1.0,57,0.030874895790183977,0.03404571485655378,0.0,0.0031708190663698003,False,False,False
66,1383,1386,2023-02-17 14:20:00,2023-02-17 14:35:00,1.0,4,-0.004361211330174529,0.0,-0.004361211330174529,0.004361211330174529,True,False,False
67,1387,1397,2023-02-17 14:40:00,2023-02-20 10:00:00,-1.0,11,0.003843124534315896,0.010879821524092965,-0.0016641372265253224,0.007036696989777069,False,False,False
68,1398,1452,2023-02-20 10:05:00,2023-02-21 10:35:00,1.0,55,0.011264943249940032,0.014995227346498339,-0.0014805052645952635,0.003730284096558307,False,False,False
69,1453,1458,2023-02-21 10:40:00,2023-02-21 11:05:00,-1.0,6,-0.0030312906186650557,0.001634503419814187,-0.0030312906186650557,0.004665794038479242,False,True,False
70,1459,1461,2023-02-21 11:10:00,2023-02-21 11:20:00,1.0,3,-0.007509974184246502,0.0,-0.007509974184246502,0.007509974184246502,True,False,False
71,1462,1486,2023-02-21 11:25:00,2023-02-21 14:55:00,-1.0,25,-0.0017496761530240762,0.003528763050745406,-0.0033859680590903477,0.005278439203769482,False,True,False
72,1487,1490,2023-02-21 15:00:00,2023-02-22 09:45:00,1.0,4,-0.004107526161684047,0.00025113891629938075,-0.006602413948560304,0.004358665077983427,False,True,False
73,1491,1502,2023-02-22 09:50:00,2023-02-22 10:45:00,-1.0,12,5.0442125238307215e-05,0.003111993781765827,0.0,0.00306155165652752,False,False,False
74,1503,1512,2023-02-22 10:50:00,2023-02-22 13:05:00,1.0,10,-0.002110760101565034,0.0015725968220423442,-0.002110760101565034,0.003683356923607378,False,True,False
75,1513,1515,2023-02-22 13:10:00,2023-02-22 13:20:00,-1.0,3,-0.004126463105139215,0.0,-0.004126463105139215,0.004126463105139215,True,False,False
76,1516,1523,2023-02-22 13:25:00,2023-02-22 14:00:00,1.0,8,-0.004621975692701853,0.0,-0.004621975692701853,0.004621975692701853,True,False,False
77,1524,1537,2023-02-22 14:05:00,2023-02-23 09:40:00,-1.0,14,-0.004299736124937155,0.001123396621447619,-0.004299736124937155,0.005423132746384774,False,True,False
78,1538,1561,2023-02-23 09:45:00,2023-02-23 13:10:00,1.0,24,0.0008859090710584603,0.0044517988718096296,-0.0034100113753727217,0.0035658898007511694,False,False,False
79,1562,1585,2023-02-23 13:15:00,2023-02-24 09:40:00,-1.0,24,-0.0016489210343844049,0.004103924649538867,-0.002371979603500707,0.005752845683923272,False,True,False
80,1586,1594,2023-02-24 09:45:00,2023-02-24 10:25:00,1.0,9,-0.0033812033460895227,0.0027288157627722524,-0.0033812033460895227,0.006110019108861775,False,True,False
81,1595,1612,2023-02-24 10:30:00,2023-02-24 13:25:00,-1.0,18,-0.001158544393532092,0.002806211842947482,-0.0014504872754712492,0.003964756236479574,False,True,False
82,1613,1622,2023-02-24 13:30:00,2023-02-24 14:15:00,1.0,10,-0.0023083407843752083,0.001167260491968047,-0.0023083407843752083,0.0034756012763432556,False,True,False
83,1623,1628,2023-02-24 14:20:00,2023-02-24 14:45:00,-1.0,6,-0.0016939757012731128,0.0007672660467467687,-0.002217720488387722,0.0024612417480198816,False,True,False
84,1629,1633,2023-02-24 14:50:00,2023-02-27 09:40:00,1.0,5,-0.005333615351152441,0.0007553136673057027,-0.005333615351152441,0.006088929018458144,False,True,False
85,1634,1637,2023-02-27 09:45:00,2023-02-27 10:00:00,-1.0,4,-0.0075475864071546436,0.0,-0.0075475864071546436,0.0075475864071546436,True,False,False
86,1638,1644,2023-02-27 10:05:00,2023-02-27 10:35:00,1.0,7,-0.005240943672657126,0.0,-0.005240943672657126,0.005240943672657126,True,False,False
87,1645,1650,2023-02-27 10:40:00,2023-02-27 11:05:00,-1.0,6,-0.003973541877511243,0.0006570534926282052,-0.003973541877511243,0.004630595370139448,False,True,False
88,1651,1656,2023-02-27 11:10:00,2023-02-27 13:05:00,1.0,6,-0.005409510088015991,0.0,-0.005409510088015991,0.005409510088015991,True,False,False
89,1657,1681,2023-02-27 13:10:00,2023-02-28 09:40:00,-1.0,25,-0.00380787386093273,0.004066262263691403,-0.00380787386093273,0.007874136124624133,False,True,False
90,1682,1688,2023-02-28 09:45:00,2023-02-28 10:15:00,1.0,7,-0.004769709319488972,0.001994098935585431,-0.004769709319488972,0.006763808255074403,False,True,False
91,1689,1719,2023-02-28 10:20:00,2023-02-28 14:20:00,-1.0,31,0.0033686463934732027,0.0069934619944057395,-0.0020642766174316066,0.003624815600932537,False,False,False
92,1720,1730,2023-02-28 14:25:00,2023-03-01 09:45:00,1.0,11,0.0010767653387397371,0.005382378903578501,0.0,0.004305613564838764,False,False,False
93,1731,1735,2023-03-01 09:50:00,2023-03-01 10:10:00,-1.0,5,-0.0041034115845926524,0.0,-0.0041034115845926524,0.0041034115845926524,True,False,False
94,1736,1744,2023-03-01 10:15:00,2023-03-01 10:55:00,1.0,9,0.0013438757169425505,0.004348425127409576,0.0,0.003004549410467026,False,False,False
95,1745,1750,2023-03-01 11:00:00,2023-03-01 11:25:00,-1.0,6,-0.002511132488340209,0.0,-0.002511132488340209,0.002511132488340209,True,False,False
96,1751,1760,2023-03-01 11:30:00,2023-03-01 13:45:00,1.0,10,0.0013487671898748184,0.005073577600701169,0.0,0.00372481041082635,False,False,False
97,1761,1776,2023-03-01 13:50:00,2023-03-02 09:35:00,-1.0,16,-0.000372100511657227,0.002205272398901275,-0.000372100511657227,0.0025773729105585024,False,True,False
98,1777,1779,2023-03-02 09:40:00,2023-03-02 09:50:00,1.0,3,-0.002013004685633787,0.0,-0.0025471308226424597,0.002013004685633787,True,False,False
99,1780,1782,2023-03-02 09:55:00,2023-03-02 10:05:00,-1.0,3,-0.0023749155790805526,0.0,-0.002796979477780043,0.0023749155790805526,True,False,False
100,1783,1787,2023-03-02 10:10:00,2023-03-02 10:30:00,1.0,5,-0.003060261302338136,0.0020884799847746007,-0.003060261302338136,0.0051487412871127364,False,True,False
101,1788,1800,2023-03-02 10:35:00,2023-03-02 13:05:00,-1.0,13,-0.0007760180586862973,0.0020285517954355004,-0.0007760180586862973,0.002804569854121798,False,True,False
102,1801,1806,2023-03-02 13:10:00,2023-03-02 13:35:00,1.0,6,-0.0025015395487728957,0.00047337755765065724,-0.0026934480796958864,0.002974917106423553,False,True,False
103,1807,1825,2023-03-02 13:40:00,2023-03-03 09:40:00,-1.0,19,-0.010328739755740952,0.0020624192200293877,-0.010328739755740952,0.01239115897577034,False,True,False
104,1826,1835,2023-03-03 09:45:00,2023-03-03 10:30:00,1.0,10,-0.0065787731633719804,0.0017676759669935185,-0.0065787731633719804,0.008346449130365498,False,True,False
105,1836,1848,2023-03-03 10:35:00,2023-03-03 13:05:00,-1.0,13,-0.000945350755280283,0.003315783228907251,-0.000945350755280283,0.004261133984187534,False,True,False
106,1849,1874,2023-03-03 13:10:00,2023-03-06 09:45:00,1.0,26,0.000984627829975639,0.004923475624278614,-9.047362951179114e-05,0.003938847794302975,False,False,False
107,1875,1888,2023-03-06 09:50:00,2023-03-06 10:55:00,-1.0,14,-0.0012244080212931159,0.003379910873708812,-0.0012244080212931159,0.004604318895001928,False,True,False
108,1889,1914,2023-03-06 11:00:00,2023-03-06 14:35:00,1.0,26,0.01013889674064863,0.013429840701856882,0.0,0.003290943961208251,False,False,False
109,1915,1944,2023-03-06 14:40:00,2023-03-07 13:05:00,-1.0,30,0.0035508822501898597,0.007324433962264232,-0.0009328729190678657,0.003773551712074372,False,False,False
110,1945,1950,2023-03-07 13:10:00,2023-03-07 13:35:00,1.0,6,-0.004173703775195664,0.0,-0.004173703775195664,0.004173703775195664,True,False,False
111,1951,1972,2023-03-07 13:40:00,2023-03-08 09:55:00,-1.0,22,0.005649193986275488,0.009763139793530643,0.0,0.004113945807255155,False,False,False
112,1973,1984,2023-03-08 10:00:00,2023-03-08 10:55:00,1.0,12,-0.002760929586791427,0.001950219766452303,-0.003689669091661763,0.004711149353243731,False,True,False
113,1985,1994,2023-03-08 11:00:00,2023-03-08 13:15:00,-1.0,10,0.00012109103033015314,0.0025763445333328253,-0.0011798697461554083,0.002455253503002672,False,False,False
114,1995,2005,2023-03-08 13:20:00,2023-03-08 14:10:00,1.0,11,-0.000918751168894924,0.0017241644344446728,-0.0010096625556087753,0.0026429156033395966,False,True,False
115,2006,2012,2023-03-08 14:15:00,2023-03-08 14:45:00,-1.0,7,-0.003710205292537987,0.00023234552915155592,-0.003710205292537987,0.003942550821689543,False,True,False
116,2013,2035,2023-03-08 14:50:00,2023-03-09 11:10:00,1.0,23,0.004047348389141586,0.008188182471501167,-0.0011075870839772862,0.0041408340823595804,False,False,False
117,2036,2040,2023-03-09 11:15:00,2023-03-09 13:05:00,-1.0,5,-0.0028923882350836414,0.0021371281330221778,-0.0028923882350836414,0.00502951636810582,False,True,False
118,2041,2061,2023-03-09 13:10:00,2023-03-09 14:50:00,1.0,21,-0.0014601608770985798,0.001877072319181204,-0.0020007609563375255,0.003337233196279784,False,True,False
119,2062,2074,2023-03-09 14:55:00,2023-03-10 10:25:00,-1.0,13,0.005851990863432413,0.010999461806516966,0.0,0.0051474709430845535,False,False,False
120,2075,2087,2023-03-10 10:30:00,2023-03-10 11:30:00,1.0,13,0.004870685648855564,0.009907170763067578,0.0,0.005036485114212013,False,False,False
121,2088,2116,2023-03-10 13:05:00,2023-03-13 09:55:00,-1.0,29,6.0111205748823856e-05,0.0052633815109605145,-0.0015716269570603771,0.00520327030521169,False,False,False
122,2117,2120,2023-03-13 10:00:00,2023-03-13 10:15:00,1.0,4,-0.004860911449374204,0.0,-0.004860911449374204,0.004860911449374204,True,False,False
123,2121,2128,2023-03-13 10:20:00,2023-03-13 10:55:00,-1.0,8,-0.0025137515373563207,0.0005639476483803242,-0.0043698679721390484,0.003077699185736645,False,True,False
124,2129,2132,2023-03-13 11:00:00,2023-03-13 11:15:00,1.0,4,-0.0013063621686409319,0.0,-0.002473481729639222,0.0013063621686409319,True,False,False
125,2133,2136,2023-03-13 11:20:00,2023-03-13 13:05:00,-1.0,4,-0.0028216128009934506,0.00037212296578950166,-0.0028216128009934506,0.0031937357667829523,False,True,False
126,2137,2144,2023-03-13 13:10:00,2023-03-13 13:45:00,1.0,8,-0.0033144540406583062,0.0,-0.0033144540406583062,0.0033144540406583062,True,False,False
127,2145,2151,2023-03-13 13:50:00,2023-03-13 14:20:00,-1.0,7,-0.0037655750840825545,0.001379234190080321,-0.0037655750840825545,0.005144809274162876,False,True,False
128,2152,2163,2023-03-13 14:25:00,2023-03-14 09:50:00,1.0,12,-0.0037555146713037927,0.0009116455833029176,-0.0037555146713037927,0.00466716025460671,False,True,False
129,2164,2166,2023-03-14 09:55:00,2023-03-14 10:05:00,-1.0,3,-0.004356692998896805,0.0,-0.005507942231329055,0.004356692998896805,True,False,False
130,2167,2174,2023-03-14 10:10:00,2023-03-14 10:45:00,1.0,8,-0.0040649850467806645,7.01139351733525e-05,-0.0040649850467806645,0.004135098981954017,False,True,False
131,2175,2183,2023-03-14 10:50:00,2023-03-14 11:30:00,-1.0,9,-0.004475582471794184,0.0038291444322046363,-0.004475582471794184,0.00830472690399882,False,True,False
132,2184,2217,2023-03-14 13:05:00,2023-03-15 10:20:00,1.0,34,0.02019029172104716,0.026655336123379114,-0.0002703744702860867,0.006465044402331956,False,False,False
133,2218,2267,2023-03-15 10:25:00,2023-03-16 10:30:00,-1.0,50,0.012321457517819163,0.017420663850124987,-0.0002747091044098806,0.005099206332305824,False,False,False
134,2268,2273,2023-03-16 10:35:00,2023-03-16 11:00:00,1.0,6,-0.0031341282190444682,0.0016080205956361233,-0.0031341282190444682,0.004742148814680592,False,True,False
135,2274,2306,2023-03-16 11:05:00,2023-03-17 09:45:00,-1.0,33,0.0042842442533002605,0.013049528952231906,-0.0002192108418502815,0.008765284698931645,False,False,False
136,2307,2343,2023-03-17 09:50:00,2023-03-17 14:20:00,1.0,37,0.01667366932705968,0.0208480154745476,0.0,0.00417434614748792,False,False,False
137,2344,2352,2023-03-17 14:25:00,2023-03-20 09:35:00,-1.0,9,-0.00022635233313361106,0.0045180651181557846,-0.00022635233313361106,0.0047444174512893955,False,True,False
138,2353,2378,2023-03-20 09:40:00,2023-03-20 13:15:00,1.0,26,0.010318251113793456,0.01737375856811529,-0.0007284468654364558,0.007055507454321834,False,False,False
139,2379,2408,2023-03-20 13:20:00,2023-03-21 10:15:00,-1.0,30,0.002057102356958913,0.0043336166596884395,-0.00407245439478202,0.0022765143027295267,False,False,False
140,2409,2415,2023-03-21 10:20:00,2023-03-21 10:50:00,1.0,7,-0.002198264745288602,0.002758084734538271,-0.002198264745288602,0.004956349479826873,False,True,False
141,2416,2425,2023-03-21 10:55:00,2023-03-21 13:10:00,-1.0,10,-0.004664333202711549,0.0013506637922264526,-0.004664333202711549,0.006014996994938002,False,True,False
142,2426,2435,2023-03-21 13:15:00,2023-03-21 14:00:00,1.0,10,-0.00396036258396558,0.0,-0.004556750057952152,0.00396036258396558,True,False,False
143,2436,2441,2023-03-21 14:05:00,2023-03-21 14:30:00,-1.0,6,-0.001582124282595642,0.0013497126574647203,-0.0021479558749965067,0.002931836940060362,False,True,False
144,2442,2474,2023-03-21 14:35:00,2023-03-22 13:15:00,1.0,33,0.007660265515309658,0.013097554671652712,0.0,0.005437289156343054,False,False,False
145,2475,2489,2023-03-22 13:20:00,2023-03-22 14:30:00,-1.0,15,-0.0015772492371770735,0.003890847843635437,-0.0015772492371770735,0.00546809708081251,False,True,False
146,2490,2504,2023-03-22 14:35:00,2023-03-23 10:15:00,1.0,15,0.005880611947217287,0.013617149961069424,-0.003671186311699071,0.007736538013852137,False,False,False
147,2505,2509,2023-03-23 10:20:00,2023-03-23 10:40:00,-1.0,5,-0.0053683168917321045,0.0,-0.005530833801018268,0.0053683168917321045,True,False,False
148,2510,2558,2023-03-23 10:45:00,2023-03-24 10:45:00,1.0,49,0.008662513355045075,0.013956231878863728,-0.0009086692447681337,0.005293718523818653,False,False,False
149,2559,2567,2023-03-24 10:50:00,2023-03-24 11:30:00,-1.0,9,-0.0016667617548856766,0.0028094705166864563,-0.0016667617548856766,0.004476232271572133,False,True,False
150,2568,2582,2023-03-24 13:05:00,2023-03-24 14:15:00,1.0,15,0.0035609579474590166,0.006573603915012698,0.0,0.0030126459675536817,False,False,False
151,2583,2595,2023-03-24 14:20:00,2023-03-27 09:50:00,-1.0,13,-0.006447269565059597,0.003229830550264382,-0.006447269565059597,0.009677100115323979,False,True,False
152,2596,2605,2023-03-27 09:55:00,2023-03-27 10:40:00,1.0,10,-0.0046291814475095654,0.0013481002256991851,-0.0046291814475095654,0.00597728167320875,False,True,False
153,2606,2620,2023-03-27 10:45:00,2023-03-27 13:25:00,-1.0,15,0.008240766375637911,0.01629168759818578,-0.0013167549540846163,0.00805092122254787,False,False,False
154,2621,2645,2023-03-27 13:30:00,2023-03-28 10:00:00,1.0,25,-0.0014434401959207788,0.010290390545375236,-0.0014434401959207788,0.011733830741296015,False,True,False
155,2646,2663,2023-03-28 10:05:00,2023-03-28 11:30:00,-1.0,18,0.0010173569565711243,0.004992103044991609,-0.0014813973423071438,0.003974746088420485,False,False,False
156,2664,2671,2023-03-28 13:05:00,2023-03-28 13:40:00,1.0,8,-0.0012755346599659996,0.003105872781516738,-0.0012755346599659996,0.004381407441482738,False,True,False
157,2672,2692,2023-03-28 13:45:00,2023-03-29 09:55:00,-1.0,21,0.004199801910322838,0.012103007673543767,0.0,0.007903205763220927,False,False,False
158,2693,2697,2023-03-29 10:00:00,2023-03-29 10:20:00,1.0,5,-0.006429224157150428,0.0,-0.006429224157150428,0.006429224157150428,True,False,False
159,2698,2701,2023-03-29 10:25:00,2023-03-29 10:40:00,-1.0,4,-0.010324179964760986,0.00042366761983681357,-0.010324179964760986,0.010747847584597799,False,True,False
160,2702,2726,2023-03-29 10:45:00,2023-03-29 14:15:00,1.0,25,0.01980169318859568,0.02468447899017854,-0.0008292704325620474,0.00488278580158286,False,False,False
161,2727,2742,2023-03-29 14:20:00,2023-03-30 10:05:00,-1.0,16,0.006607241367430385,0.012473079873282111,0.0,0.005865838505851726,False,False,False
162,2743,2750,2023-03-30 10:10:00,2023-03-30 10:45:00,1.0,8,-0.004844861115001264,0.004063234308768639,-0.004844861115001264,0.008908095423769902,False,True,False
163,2751,2759,2023-03-30 10:50:00,2023-03-30 11:30:00,-1.0,9,-0.0028965426875854016,0.004479237781207469,-0.0028965426875854016,0.007375780468792871,False,True,False
164,2760,2774,2023-03-30 13:05:00,2023-03-30 14:15:00,1.0,15,0.0015156867031201418,0.007677112533968693,0.0,0.006161425830848551,False,False,False
165,2775,2784,2023-03-30 14:20:00,2023-03-31 09:35:00,-1.0,10,-0.0002445539723991473,0.002241393238524998,-0.002067417311424401,0.002485947210924145,False,True,False
166,2785,2797,2023-03-31 09:40:00,2023-03-31 10:40:00,1.0,13,0.0013533709455679577,0.008391369467706333,-0.0007150182352026015,0.007037998522138375,False,False,False
167,2798,2807,2023-03-31 10:45:00,2023-03-31 11:30:00,-1.0,10,-0.0031320355685966403,0.0018143109891930302,-0.0031882100841063585,0.00494634655778967,False,True,False
168,2808,2847,2023-03-31 13:05:00,2023-04-03 10:50:00,1.0,40,0.026817053379997024,0.03820939236403212,0.0,0.011392338984035095,False,False,False
169,2848,2852,2023-04-03 10:55:00,2023-04-03 11:15:00,-1.0,5,-0.009651568907801993,0.0,-0.009651568907801993,0.009651568907801993,True,False,False
170,2853,2896,2023-04-03 11:20:00,2023-04-04 10:55:00,1.0,44,0.017095351398448137,0.03351058931188928,-0.0007856914262603437,0.01641523791344114,False,False,False
171,2897,2902,2023-04-04 11:00:00,2023-04-04 11:25:00,-1.0,6,-0.009784779315735565,0.0,-0.009784779315735565,0.009784779315735565,True,False,False
172,2903,2910,2023-04-04 11:30:00,2023-04-04 13:35:00,1.0,8,0.003973044689122894,0.007023226437687747,-0.0011342904207962065,0.0030501817485648524,False,False,False
173,2911,2923,2023-04-04 13:40:00,2023-04-04 14:40:00,-1.0,13,0.008482635195097916,0.022564369912461982,0.0,0.014081734717364066,False,False,False
174,2924,2950,2023-04-04 14:45:00,2023-04-06 11:25:00,1.0,27,0.013058782630877695,0.026155645459750486,-0.005106589910577907,0.01309686282887279,False,False,False
175,2951,2955,2023-04-06 11:30:00,2023-04-06 13:20:00,-1.0,5,-0.008951788103905053,0.0,-0.008951788103905053,0.008951788103905053,True,False,False
176,2956,2963,2023-04-06 13:25:00,2023-04-06 14:00:00,1.0,8,-0.0063586332718459666,0.004755473007294174,-0.0063586332718459666,0.01111410627914014,False,True,False
177,2964,2972,2023-04-06 14:05:00,2023-04-06 14:45:00,-1.0,9,-0.0013982068757839481,0.007650839694789527,-0.0013982068757839481,0.009049046570573475,False,True,False
178,2973,2977,2023-04-06 14:50:00,2023-04-07 09:40:00,1.0,5,-0.00723791945850575,0.0008327839754001453,-0.00723791945850575,0.008070703433905896,False,True,False
179,2978,2980,2023-04-07 09:45:00,2023-04-07 09:55:00,-1.0,3,-0.0074635336072051365,0.0,-0.013044267355162625,0.0074635336072051365,True,False,False
180,2981,2996,2023-04-07 10:00:00,2023-04-07 11:15:00,1.0,16,-0.0060047696289333785,0.0022533463046349434,-0.006607234514286508,0.008258115933568322,False,True,False
181,2997,3001,2023-04-07 11:20:00,2023-04-07 13:10:00,-1.0,5,-0.010195397081900714,0.0,-0.010195397081900714,0.010195397081900714,True,False,False
182,3002,3026,2023-04-07 13:15:00,2023-04-10 09:45:00,1.0,25,-0.007510550893721278,0.006545089590622779,-0.007510550893721278,0.014055640484344056,False,True,False
183,3027,3031,2023-04-10 09:50:00,2023-04-10 10:10:00,-1.0,5,-0.009314725153531276,0.0,-0.009314725153531276,0.009314725153531276,True,False,False
184,3032,3037,2023-04-10 10:15:00,2023-04-10 10:40:00,1.0,6,-0.003888634547063828,0.008399513466342757,-0.003888634547063828,0.012288148013406585,False,True,False
185,3038,3078,2023-04-10 10:45:00,2023-04-11 10:05:00,-1.0,41,0.014705377769231712,0.024701487319137513,0.0,0.009996109549905801,False,False,False
186,3079,3092,2023-04-11 10:10:00,2023-04-11 11:15:00,1.0,14,-0.010058234856669455,0.0,-0.010058234856669455,0.010058234856669455,True,False,False
187,3093,3113,2023-04-11 11:20:00,2023-04-11 14:30:00,-1.0,21,0.005419729821371547,0.015455373470029118,0.0,0.01003564364865757,False,False,False
188,3114,3118,2023-04-11 14:35:00,2023-04-11 14:55:00,1.0,5,-0.005099404490919182,0.0,-0.006840939636100458,0.005099404490919182,True,False,False
189,3119,3120,2023-04-11 15:00:00,2023-04-12 09:35:00,-1.0,2,-0.0028660243705276667,0.0,-0.0032684010810277372,0.0028660243705276667,True,False,False
190,3121,3150,2023-04-12 09:40:00,2023-04-12 13:35:00,1.0,30,0.00937344130805897,0.0176146886613508,-0.0013603374302149135,0.00824124735329183,False,False,False
191,3151,3187,2023-04-12 13:40:00,2023-04-13 11:10:00,-1.0,37,0.007523847557252397,0.014646097646833176,-0.004032049602825481,0.007122250089580779,False,False,False
192,3188,3191,2023-04-13 11:15:00,2023-04-13 11:30:00,1.0,4,-0.00561293788758155,0.0,-0.00561293788758155,0.00561293788758155,True,False,False
193,3192,3218,2023-04-13 13:05:00,2023-04-14 09:45:00,-1.0,27,0.002327808463273578,0.013757538557130312,-0.0017042197006473013,0.011429730093856734,False,False,False
194,3219,3222,2023-04-14 09:50:00,2023-04-14 10:05:00,1.0,4,-0.01048361319604775,0.0,-0.01048361319604775,0.01048361319604775,True,False,False
195,3223,3230,2023-04-14 10:10:00,2023-04-14 10:45:00,-1.0,8,-0.0031049722619456033,0.0011736823579954138,-0.003784600214469824,0.004278654619941017,False,True,False
196,3231,3279,2023-04-14 10:50:00,2023-04-17 10:50:00,1.0,49,0.030855985090268177,0.04032113032866331,0.0,0.009465145238395131,False,False,False
197,3280,3294,2023-04-17 10:55:00,2023-04-17 13:35:00,-1.0,15,-0.002054596783913351,0.002120481026131827,-0.002983924140581474,0.004175077810045178,False,True,False
198,3295,3297,2023-04-17 13:40:00,2023-04-17 13:50:00,1.0,3,-0.0036467367007426183,0.0,-0.0036467367007426183,0.0036467367007426183,True,False,False
199,3298,3304,2023-04-17 13:55:00,2023-04-17 14:25:00,-1.0,7,-0.0043832558046202124,0.0006957073378309571,-0.004593590237142148,0.0050789631424511695,False,True,False
200,3305,3314,2023-04-17 14:30:00,2023-04-18 09:45:00,1.0,10,-0.00952883010272933,0.0,-0.00952883010272933,0.00952883010272933,True,False,False
201,3315,3337,2023-04-18 09:50:00,2023-04-18 13:10:00,-1.0,23,0.006168886754926104,0.013182697365613866,0.0,0.007013810610687761,False,False,False
202,3338,3352,2023-04-18 13:15:00,2023-04-18 14:25:00,1.0,15,0.006204281226313345,0.01215043067242709,0.0,0.005946149446113745,False,False,False
203,3353,3362,2023-04-18 14:30:00,2023-04-19 09:45:00,-1.0,10,-0.009870253453148814,0.0017003493354382773,-0.009870253453148814,0.01157060278858709,False,True,False
204,3363,3368,2023-04-19 09:50:00,2023-04-19 10:15:00,1.0,6,-0.010613800561016873,0.0,-0.010613800561016873,0.010613800561016873,True,False,False
205,3369,3375,2023-04-19 10:20:00,2023-04-19 10:50:00,-1.0,7,-0.005765689465785927,0.0009124856119342225,-0.008034580266045525,0.0066781750777201495,False,True,False
206,3376,3391,2023-04-19 10:55:00,2023-04-19 13:40:00,1.0,16,0.007778932729020284,0.012137377564284143,0.0,0.004358444835263859,False,False,False
207,3392,3410,2023-04-19 13:45:00,2023-04-20 09:45:00,-1.0,19,-0.0019113372520483131,0.011059445737430373,-0.0019113372520483131,0.012970782989478687,False,True,False
208,3411,3422,2023-04-20 09:50:00,2023-04-20 10:45:00,1.0,12,0.005400036600591188,0.011253998678218077,0.0,0.005853962077626888,False,False,False
209,3423,3433,2023-04-20 10:50:00,2023-04-20 13:10:00,-1.0,11,-0.003955396649772816,0.0016751513071986885,-0.00465483324327643,0.005630547956971505,False,True,False
210,3434,3441,2023-04-20 13:15:00,2023-04-20 13:50:00,1.0,8,-0.0036865922640414426,0.0014328875995005923,-0.0036865922640414426,0.0051194798635420345,False,True,False
211,3442,3447,2023-04-20 13:55:00,2023-04-20 14:20:00,-1.0,6,-0.006429723221775695,0.00013872872487210797,-0.006429723221775695,0.006568451946647803,False,True,False
212,3448,3459,2023-04-20 14:25:00,2023-04-21 09:50:00,1.0,12,-0.007461979139392188,0.003774578982060016,-0.007461979139392188,0.011236558121452205,False,True,False
213,3460,3491,2023-04-21 09:55:00,2023-04-21 14:00:00,-1.0,32,0.017209959158943345,0.024547685494087975,-0.0040967158029327514,0.00733772633514463,False,False,False
214,3492,3497,2023-04-21 14:05:00,2023-04-21 14:30:00,1.0,6,-0.0031482719365797844,0.0018613026549272858,-0.004380208492561156,0.00500957459150707,False,True,False
215,3498,3525,2023-04-21 14:35:00,2023-04-24 11:20:00,-1.0,28,0.01813510783955975,0.03065098392875657,0.0,0.012515876089196822,False,False,False
216,3526,3531,2023-04-24 11:25:00,2023-04-24 13:20:00,1.0,6,-0.007069150233744509,0.0,-0.009060412979081925,0.007069150233744509,True,False,False
217,3532,3561,2023-04-24 13:25:00,2023-04-25 10:20:00,-1.0,30,-0.0010894236211386457,0.012504047529302413,-0.0010894236211386457,0.013593471150441058,False,True,False
218,3562,3565,2023-04-25 10:25:00,2023-04-25 10:40:00,1.0,4,-0.008163161891847459,0.0,-0.010773734814802694,0.008163161891847459,True,False,False
219,3566,3570,2023-04-25 10:45:00,2023-04-25 11:05:00,-1.0,5,-0.00810871888912087,0.0012723754399784125,-0.00810871888912087,0.009381094329099282,False,True,False
220,3571,3575,2023-04-25 11:10:00,2023-04-25 11:30:00,1.0,5,-0.013502237742648436,0.0,-0.013502237742648436,0.013502237742648436,True,False,False
221,3576,3589,2023-04-25 13:05:00,2023-04-25 14:10:00,-1.0,14,0.007005331081021813,0.01548823486693536,0.0,0.008482903785913548,False,False,False
222,3590,3609,2023-04-25 14:15:00,2023-04-26 10:20:00,1.0,20,-0.0047627758643963335,0.0036241637996572004,-0.006476604267715871,0.008386939664053534,False,True,False
223,3610,3617,2023-04-26 10:25:00,2023-04-26 11:00:00,-1.0,8,-0.0010324669899905814,0.012548861107853469,-0.0010324669899905814,0.01358132809784405,False,True,False
224,3618,3640,2023-04-26 11:05:00,2023-04-26 14:25:00,1.0,23,-0.000781228242071701,0.007059114411575546,-0.009875216303444637,0.007840342653647248,False,True,False
225,3641,3652,2023-04-26 14:30:00,2023-04-27 09:55:00,-1.0,12,-0.005557605891367086,0.010550337767478565,-0.005557605891367086,0.01610794365884565,False,True,False
226,3653,3662,2023-04-27 10:00:00,2023-04-27 10:45:00,1.0,10,-0.006954176142377774,0.0,-0.007047350210238543,0.006954176142377774,True,False,False
227,3663,3693,2023-04-27 10:50:00,2023-04-27 14:50:00,-1.0,31,0.004154671572342236,0.012233170455591962,0.0,0.008078498883249727,False,False,False
228,3694,3732,2023-04-27 14:55:00,2023-04-28 14:05:00,1.0,39,0.005290696724314467,0.009803406804206816,-0.0076541647278848,0.004512710079892349,False,False,False
229,3733,3737,2023-04-28 14:10:00,2023-04-28 14:30:00,-1.0,5,-0.007352872037183297,0.0005026716170857334,-0.007352872037183297,0.007855543654269031,False,True,False
230,3738,3746,2023-04-28 14:35:00,2023-05-04 09:45:00,1.0,9,-0.0038319542627525747,0.0065652499804835195,-0.004267912473324092,0.010397204243236095,False,True,False
231,3747,3782,2023-05-04 09:50:00,2023-05-04 14:15:00,-1.0,36,0.013622675129284759,0.016258392487326072,0.0,0.002635717358041313,False,False,False
232,3783,3794,2023-05-04 14:20:00,2023-05-05 09:45:00,1.0,12,-0.000517182214818029,0.002956901821645256,-0.0010064006041334654,0.0034740840364632848,False,True,False
233,3795,3799,2023-05-05 09:50:00,2023-05-05 10:10:00,-1.0,5,-0.001090471642991681,0.0023636331836657644,-0.0013722967442005387,0.003454104826657445,False,True,False
234,3800,3803,2023-05-05 10:15:00,2023-05-05 10:30:00,1.0,4,-0.0038690230277159594,0.0016241008822423593,-0.0038690230277159594,0.005493123909958319,False,True,False
235,3804,3830,2023-05-05 10:35:00,2023-05-05 14:15:00,-1.0,27,0.006595749465105726,0.011411458333120964,0.0,0.004815708868015238,False,False,False
236,3831,3834,2023-05-05 14:20:00,2023-05-05 14:35:00,1.0,4,-0.005502836700822405,0.0,-0.005502836700822405,0.005502836700822405,True,False,False
237,3835,3842,2023-05-05 14:40:00,2023-05-08 09:45:00,-1.0,8,-0.003154982672031078,0.00010501945256339472,-0.0037828843594543845,0.003260002124594473,False,True,False
238,3843,3852,2023-05-08 09:50:00,2023-05-08 10:35:00,1.0,10,0.004216490420937132,0.01238973989121556,-0.00330774188561816,0.008173249470278428,False,False,False
239,3853,3865,2023-05-08 10:40:00,2023-05-08 13:10:00,-1.0,13,-0.0004737181276297489,0.002932567337000048,-0.0015056464575875612,0.003406285464629797,False,True,False
240,3866,3897,2023-05-08 13:15:00,2023-05-09 10:20:00,1.0,32,0.001041390634501779,0.004432585288393874,-0.002266402749113029,0.003391194653892095,False,False,False
241,3898,3903,2023-05-09 10:25:00,2023-05-09 10:50:00,-1.0,6,-0.0016828654276039553,0.0030514987382957203,-0.0023344512120919013,0.0047343641658996755,False,True,False
242,3904,3906,2023-05-09 10:55:00,2023-05-09 11:05:00,1.0,3,-0.004354789095628295,0.0,-0.004354789095628295,0.004354789095628295,True,False,False
243,3907,3958,2023-05-09 11:10:00,2023-05-10 11:25:00,-1.0,52,0.030595857477582495,0.03347600994172056,0.0,0.0028801524641380617,False,False,False
244,3959,3969,2023-05-10 11:30:00,2023-05-10 13:50:00,1.0,11,0.0019545571822286965,0.008387325057178806,-0.0009493377370045797,0.00643276787495011,False,False,False
245,3970,3981,2023-05-10 13:55:00,2023-05-10 14:50:00,-1.0,12,-0.0016778691101621223,0.004344302009718899,-0.0016778691101621223,0.0060221711198810216,False,True,False
246,3982,3998,2023-05-10 14:55:00,2023-05-11 10:45:00,1.0,17,0.006296111975340508,0.011377855724197923,-0.0007215288924568931,0.005081743748857415,False,False,False
247,3999,4034,2023-05-11 10:50:00,2023-05-12 09:45:00,-1.0,36,-0.0028918386216998885,0.006169410644319513,-0.0028918386216998885,0.009061249266019401,False,True,False
248,4035,4042,2023-05-12 09:50:00,2023-05-12 10:25:00,1.0,8,-0.008749437441927181,0.0,-0.008749437441927181,0.008749437441927181,True,False,False
249,4043,4085,2023-05-12 10:30:00,2023-05-15 10:00:00,-1.0,43,0.005460997818836254,0.013595242208062503,-0.0024812821978424443,0.008134244389226249,False,False,False
250,4086,4090,2023-05-15 10:05:00,2023-05-15 10:25:00,1.0,5,-0.006722978703858768,0.0,-0.006722978703858768,0.006722978703858768,True,False,False
251,4091,4106,2023-05-15 10:30:00,2023-05-15 13:15:00,-1.0,16,0.002883867168111,0.0071160589083994995,-0.0011433416386898954,0.0042321917402884995,False,False,False
252,4107,4138,2023-05-15 13:20:00,2023-05-16 10:25:00,1.0,32,0.014336881565953878,0.01825832166125577,-0.00016815284143744313,0.003921440095301891,False,False,False
253,4139,4141,2023-05-16 10:30:00,2023-05-16 10:40:00,-1.0,3,-0.002609518428065301,7.800083854868208e-05,-0.004261287167391855,0.0026875192666139833,False,True,False
254,4142,4154,2023-05-16 10:45:00,2023-05-16 13:15:00,1.0,13,0.00026252206065302205,0.004385759157331312,-2.9173372492343055e-05,0.0041232370966782905,False,False,False
255,4155,4177,2023-05-16 13:20:00,2023-05-17 09:40:00,-1.0,23,-0.0018648386297519608,0.005068138175284557,-0.0018648386297519608,0.006932976805036517,False,True,False
256,4178,4190,2023-05-17 09:45:00,2023-05-17 10:45:00,1.0,13,-0.0014274549546848896,0.0024616947719903704,-0.00286668191049634,0.00388914972667526,False,True,False
257,4191,4222,2023-05-17 10:50:00,2023-05-17 14:55:00,-1.0,32,0.0008944109636603719,0.004372709229209715,-0.0025427525880297,0.0034782982655493433,False,False,False
258,4223,4254,2023-05-17 15:00:00,2023-05-18 13:35:00,1.0,32,0.00665967941673955,0.009814058367696036,0.0,0.0031543789509564856,False,False,False
259,4255,4267,2023-05-18 13:40:00,2023-05-18 14:40:00,-1.0,13,0.0003962060903285902,0.003784858327027933,0.0,0.0033886522366993427,False,False,False
260,4268,4280,2023-05-18 14:45:00,2023-05-19 10:15:00,1.0,13,0.005061544595400367,0.009906213194139906,-9.665524523924064e-06,0.004844668598739539,False,False,False
261,4281,4290,2023-05-19 10:20:00,2023-05-19 11:05:00,-1.0,10,-0.004595812378921265,0.001983000755699551,-0.004595812378921265,0.006578813134620816,False,True,False
262,4291,4302,2023-05-19 11:10:00,2023-05-19 13:35:00,1.0,12,-0.0002489181646517996,0.0038312575825615505,-0.0011397868204536964,0.00408017574721335,False,True,False
263,4303,4335,2023-05-19 13:40:00,2023-05-22 10:50:00,-1.0,33,0.005520817851609596,0.010114267728645371,-0.0009953011128750304,0.004593449877035775,False,False,False
264,4336,4338,2023-05-22 10:55:00,2023-05-22 11:05:00,1.0,3,-0.004554761415864681,0.0,-0.004554761415864681,0.004554761415864681,True,False,False
265,4339,4359,2023-05-22 11:10:00,2023-05-22 14:20:00,-1.0,21,0.0012678259453990978,0.0058103323246968515,-0.00015473887845169097,0.004542506379297754,False,False,False
266,4360,4369,2023-05-22 14:25:00,2023-05-23 09:40:00,1.0,10,-0.006460818074782994,0.001267825945399099,-0.006460818074782994,0.007728644020182094,False,True,False
267,4370,4385,2023-05-23 09:45:00,2023-05-23 11:00:00,-1.0,16,3.898863481814445e-05,0.005375253606571231,-1.949374738102853e-05,0.005336264971753086,False,False,False
268,4386,4394,2023-05-23 11:05:00,2023-05-23 13:15:00,1.0,9,-0.0021760245899816355,0.0007405242470335191,-0.0022053307662605573,0.002916548837015155,False,True,False
269,4395,4427,2023-05-23 13:20:00,2023-05-24 10:30:00,-1.0,33,0.013314911731600385,0.01612040758154949,0.0,0.002805495849949104,False,False,False
270,4428,4445,2023-05-24 10:35:00,2023-05-24 13:30:00,1.0,18,0.007397212939336673,0.012728624961955818,-0.0009408968926487417,0.005331412022619145,False,False,False
271,4446,4466,2023-05-24 13:35:00,2023-05-25 09:45:00,-1.0,21,-6.878356272047243e-05,0.00631874702662605,-0.002953429250658177,0.006387530589346522,False,True,False
272,4467,4478,2023-05-25 09:50:00,2023-05-25 10:45:00,1.0,12,-0.0031788080167705233,0.0033450260486025856,-0.0031788080167705233,0.006523834065373109,False,True,False
273,4479,4504,2023-05-25 10:50:00,2023-05-25 14:25:00,-1.0,26,-0.0021957364289764,0.006824682288875668,-0.0021957364289764,0.009020418717852068,False,True,False
274,4505,4532,2023-05-25 14:30:00,2023-05-26 11:15:00,1.0,28,0.011013951999121429,0.017404121861481145,-0.002166165357367824,0.006390169862359716,False,False,False
275,4533,4536,2023-05-26 11:20:00,2023-05-26 13:05:00,-1.0,4,-0.0060228000328254525,0.00032106945591841115,-0.0060228000328254525,0.006343869488743863,False,True,False
276,4537,4564,2023-05-26 13:10:00,2023-05-29 09:55:00,1.0,28,0.0008312231056006041,0.006822610373898604,-0.002808065830313619,0.005991387268297999,False,False,False
277,4565,4567,2023-05-29 10:00:00,2023-05-29 10:10:00,-1.0,3,-0.005789690130272875,0.0,-0.005789690130272875,0.005789690130272875,True,False,False
278,4568,4573,2023-05-29 10:15:00,2023-05-29 10:40:00,1.0,6,-0.00510396809124357,0.0,-0.00510396809124357,0.00510396809124357,True,False,False
279,4574,4599,2023-05-29 10:45:00,2023-05-29 14:20:00,-1.0,26,0.003985687776038449,0.007568929050449261,-0.0007817288185272965,0.0035832412744108127,False,False,False
280,4600,4604,2023-05-29 14:25:00,2023-05-29 14:45:00,1.0,5,-0.0031747445367042004,0.0,-0.0031747445367042004,0.0031747445367042004,True,False,False
281,4605,4613,2023-05-29 14:50:00,2023-05-30 10:00:00,-1.0,9,0.00022367992468675675,0.005665737535677276,-0.0008845042250412914,0.005442057610990519,False,False,False
282,4614,4629,2023-05-30 10:05:00,2023-05-30 11:20:00,1.0,16,0.0026517613802196555,0.007422730476828983,0.0,0.004770969096609328,False,False,False
283,4630,4641,2023-05-30 11:25:00,2023-05-30 13:50:00,-1.0,12,-0.00083389901079835,0.004345571591754904,-0.00083389901079835,0.005179470602553254,False,True,False
284,4642,4672,2023-05-30 13:55:00,2023-05-31 10:55:00,1.0,31,0.01197572950097587,0.018467027257272662,0.0,0.006491297756296793,False,False,False
285,4673,4692,2023-05-31 11:00:00,2023-05-31 14:05:00,-1.0,20,-0.003842592452896716,0.0036459273208039947,-0.003842592452896716,0.00748851977370071,False,True,False
286,4693,4737,2023-05-31 14:10:00,2023-06-01 13:50:00,1.0,45,0.013362214677552421,0.017776901125771957,-0.0024453159572468118,0.004414686448219535,False,False,False
287,4738,4765,2023-06-01 13:55:00,2023-06-02 10:40:00,-1.0,28,0.00838502046111553,0.013887071427568445,-0.0011384111457759497,0.005502050966452916,False,False,False
288,4766,4780,2023-06-02 10:45:00,2023-06-02 13:25:00,1.0,15,0.00045555925430732695,0.00452738034164051,-0.0018243152002472205,0.004071821087333183,False,False,False
289,4781,4802,2023-06-02 13:30:00,2023-06-05 09:45:00,-1.0,22,-0.009190103925151571,0.0008543439158780052,-0.009190103925151571,0.010044447841029577,False,True,False
290,4803,4815,2023-06-05 09:50:00,2023-06-05 10:50:00,1.0,13,-0.004513659339224151,0.001878605125014123,-0.004513659339224151,0.0063922644642382745,False,True,False
291,4816,4902,2023-06-05 10:55:00,2023-06-07 10:05:00,-1.0,87,0.0326865695255615,0.03585323232267342,0.0,0.0031666627971119188,False,False,False
292,4903,4905,2023-06-07 10:10:00,2023-06-07 10:20:00,1.0,3,-0.004342050320525209,0.0,-0.004342050320525209,0.004342050320525209,True,False,False
293,4906,4922,2023-06-07 10:25:00,2023-06-07 13:15:00,-1.0,17,0.00032347391660990594,0.0023254569403384035,-0.002339617428869526,0.0020019830237284976,False,False,False
294,4923,4936,2023-06-07 13:20:00,2023-06-07 14:25:00,1.0,14,-0.0017171429005983859,0.0016359000361792402,-0.0017171429005983859,0.003353042936777626,False,True,False
295,4937,4944,2023-06-07 14:30:00,2023-06-08 09:35:00,-1.0,8,0.005514756063763029,0.005514756063763029,0.0,0.0,False,False,False
296,4945,4946,2023-06-08 09:40:00,2023-06-08 09:45:00,1.0,2,-0.003600969424752274,0.0,-0.003600969424752274,0.003600969424752274,True,False,False
297,4947,4968,2023-06-08 09:50:00,2023-06-08 13:05:00,-1.0,22,-0.0008618512502807838,0.0028881531442597986,-0.004726084275535343,0.0037500043945405824,False,True,False
298,4969,4970,2023-06-08 13:10:00,2023-06-08 13:15:00,1.0,2,-0.00565020941238915,0.0,-0.00565020941238915,0.00565020941238915,True,False,False
299,4971,4975,2023-06-08 13:20:00,2023-06-08 13:40:00,-1.0,5,-0.005976924297158119,0.0003984063797718741,-0.005976924297158119,0.006375330676929993,False,True,False
300,4976,4986,2023-06-08 13:45:00,2023-06-08 14:35:00,1.0,11,-0.0033315516566380025,7.918753592319594e-05,-0.0033812122266521985,0.0034107391925611986,False,True,False
301,4987,4997,2023-06-08 14:40:00,2023-06-09 10:00:00,-1.0,11,-0.0030444442616501992,0.0020281562666835838,-0.0030444442616501992,0.005072600528333783,False,True,False
302,4998,5003,2023-06-09 10:05:00,2023-06-09 10:30:00,1.0,6,-0.001714458854245236,0.00014851411653990173,-0.003879069325004209,0.0018629729707851377,False,True,False
303,5004,5012,2023-06-09 10:35:00,2023-06-09 11:15:00,-1.0,9,-0.001229158973968944,0.002582184372492776,-0.002486491515919131,0.0038113433464617204,False,True,False
304,5013,5021,2023-06-09 11:20:00,2023-06-09 13:30:00,1.0,9,-0.0013283505626034027,0.00241426511899562,-0.0013283505626034027,0.0037426156815990224,False,True,False
305,5022,5025,2023-06-09 13:35:00,2023-06-09 13:50:00,-1.0,4,-0.003792027434688616,0.0,-0.003792027434688616,0.003792027434688616,True,False,False
306,5026,5050,2023-06-09 13:55:00,2023-06-12 10:25:00,1.0,25,0.013252638302407598,0.018873471523249356,0.0,0.0056208332208417585,False,False,False
307,5051,5063,2023-06-12 10:30:00,2023-06-12 11:30:00,-1.0,13,-0.0036600482789011487,0.001200216768541979,-0.0036600482789011487,0.0048602650474431274,False,True,False
308,5064,5088,2023-06-12 13:05:00,2023-06-13 09:35:00,1.0,25,-0.003874615439244942,0.001107054183915707,-0.003874615439244942,0.004981669623160649,False,True,False
309,5089,5094,2023-06-13 09:40:00,2023-06-13 10:05:00,-1.0,6,-0.0022506622645014048,0.0033610521239861232,-0.0022506622645014048,0.005611714388487528,False,True,False
310,5095,5135,2023-06-13 10:10:00,2023-06-13 15:00:00,1.0,41,0.012130271877824476,0.015489812765221883,-0.000428307219630569,0.0033595408873974067,False,False,False
311,5136,5160,2023-06-14 09:35:00,2023-06-14 13:05:00,-1.0,25,0.003988483018388559,0.008196490233807656,0.0,0.004208007215419097,False,False,False
312,5161,5167,2023-06-14 13:10:00,2023-06-14 13:40:00,1.0,7,-0.0022614167646593814,0.0015529675888694867,-0.0022614167646593814,0.003814384353528868,False,True,False
313,5168,5177,2023-06-14 13:45:00,2023-06-14 14:30:00,-1.0,10,-0.004758489546870148,0.0004161162863118045,-0.004758489546870148,0.005174605833181953,False,True,False
314,5178,5182,2023-06-14 14:35:00,2023-06-14 14:55:00,1.0,5,-0.003327597509087944,0.0,-0.003327597509087944,0.003327597509087944,True,False,False
315,5183,5197,2023-06-14 15:00:00,2023-06-15 10:40:00,-1.0,15,0.0009665945695357229,0.003018870217251865,-0.001206930825239037,0.002052275647716142,False,False,False
316,5198,5204,2023-06-15 10:45:00,2023-06-15 11:15:00,1.0,7,-0.0015000704458619472,0.0018357315712592937,-0.0015000704458619472,0.0033358020171212407,False,True,False
317,5205,5214,2023-06-15 11:20:00,2023-06-15 13:35:00,-1.0,10,-0.0016644574519225647,0.0019971310007929617,-0.0016644574519225647,0.0036615884527155264,False,True,False
318,5215,5243,2023-06-15 13:40:00,2023-06-16 10:30:00,1.0,29,0.004245348560371948,0.007628698417447087,-0.0024395686707396084,0.003383349857075139,False,False,False
319,5244,5247,2023-06-16 10:35:00,2023-06-16 10:50:00,-1.0,4,-0.003978096915260271,0.0,-0.003978096915260271,0.003978096915260271,True,False,False
320,5248,5281,2023-06-16 10:55:00,2023-06-19 09:40:00,1.0,34,0.00536548163313737,0.011451580413043165,-0.0008058713920082563,0.006086098779905795,False,False,False
321,5282,5287,2023-06-19 09:45:00,2023-06-19 10:10:00,-1.0,6,-0.003570565228484003,0.00161331159966729,-0.00418816885111957,0.005183876828151293,False,True,False
322,5288,5316,2023-06-19 10:15:00,2023-06-19 14:05:00,1.0,29,0.0029136415956183053,0.007018170845601249,0.0,0.004104529249982944,False,False,False
323,5317,5345,2023-06-19 14:10:00,2023-06-20 11:00:00,-1.0,29,0.006942160922208975,0.01048885718195263,-0.0013353476018392364,0.0035466962597436556,False,False,False
324,5346,5368,2023-06-20 11:05:00,2023-06-20 14:25:00,1.0,23,0.0012684003169217608,0.00892086915932454,0.0,0.0076524688424027786,False,False,False
325,5369,5373,2023-06-20 14:30:00,2023-06-20 14:50:00,-1.0,5,-0.006014869972046593,0.0,-0.008115810489503224,0.006014869972046593,True,False,False
326,5374,5378,2023-06-20 14:55:00,2023-06-21 09:45:00,1.0,5,-0.009662278820321793,0.0,-0.009662278820321793,0.009662278820321793,True,False,False
327,5379,5389,2023-06-21 09:50:00,2023-06-21 10:40:00,-1.0,11,0.004611683093339676,0.013143071093406865,0.0,0.008531388000067188,False,False,False
328,5390,5394,2023-06-21 10:45:00,2023-06-21 11:05:00,1.0,5,-0.004690977764102707,0.0008549102624828639,-0.004826157263372066,0.005545888026585571,False,True,False
329,5395,5442,2023-06-21 11:10:00,2023-06-26 11:05:00,-1.0,48,0.019400479788346033,0.028607655370133853,-0.0008106934768186761,0.00920717558178782,False,False,False
330,5443,5450,2023-06-26 11:10:00,2023-06-26 13:15:00,1.0,8,0.004812045267778162,0.013503214262369603,0.0,0.008691168994591441,False,False,False
331,5451,5475,2023-06-26 13:20:00,2023-06-27 09:50:00,-1.0,25,0.003385658849094401,0.012004401824190509,0.0,0.008618742975096108,False,False,False
332,5476,5482,2023-06-27 09:55:00,2023-06-27 10:25:00,1.0,7,-0.009045188557681598,0.0,-0.009045188557681598,0.009045188557681598,True,False,False
333,5483,5495,2023-06-27 10:30:00,2023-06-27 11:30:00,-1.0,13,-0.003969810930592633,0.0009427924222992283,-0.003969810930592633,0.004912603352891861,False,True,False
334,5496,5503,2023-06-27 13:05:00,2023-06-27 13:40:00,1.0,8,-0.0012061058089740228,0.003688367100521478,-0.0012061058089740228,0.004894472909495501,False,True,False
335,5504,5513,2023-06-27 13:45:00,2023-06-27 14:30:00,-1.0,10,-0.0030125413549168113,0.0,-0.0034168148267720994,0.0030125413549168113,True,False,False
336,5514,5523,2023-06-27 14:35:00,2023-06-28 09:50:00,1.0,10,-0.006768684183286532,0.003072320047048955,-0.006768684183286532,0.009841004230335487,False,True,False
337,5524,5533,2023-06-28 09:55:00,2023-06-28 10:40:00,-1.0,10,0.0007549119296870995,0.00849575339149495,-0.0006551193841926945,0.00774084146180785,False,False,False
338,5534,5545,2023-06-28 10:45:00,2023-06-28 13:10:00,1.0,12,-0.0011632821773649453,0.006842864250634755,-0.0011632821773649453,0.0080061464279997,False,True,False
339,5546,5554,2023-06-28 13:15:00,2023-06-28 13:55:00,-1.0,9,-0.005387425534662377,0.0013638560408975172,-0.005387425534662377,0.0067512815755598945,False,True,False
340,5555,5563,2023-06-28 14:00:00,2023-06-28 14:40:00,1.0,9,-0.003449373018069405,0.003112051079362983,-0.003449373018069405,0.006561424097432388,False,True,False
341,5564,5572,2023-06-28 14:45:00,2023-06-29 09:55:00,-1.0,9,-0.0026376605572707725,0.0025849055990112457,-0.0035878922477281775,0.005222566156282018,False,True,False
342,5573,5576,2023-06-29 10:00:00,2023-06-29 10:15:00,1.0,4,-0.005720430329307619,0.0021960420731629397,-0.005720430329307619,0.007916472402470558,False,True,False
343,5577,5599,2023-06-29 10:20:00,2023-06-29 13:40:00,-1.0,23,-0.0013237718476776857,0.0017145481582105872,-0.0017116135136949766,0.003038320005888273,False,True,False
344,5600,5612,2023-06-29 13:45:00,2023-06-29 14:45:00,1.0,13,-0.0020012651484749185,0.0018284992523586588,-0.0020012651484749185,0.0038297644008335775,False,True,False
345,5613,5620,2023-06-29 14:50:00,2023-06-30 09:55:00,-1.0,8,-0.002230010481326942,0.004224746482217999,-0.002230010481326942,0.006454756963544941,False,True,False
346,5621,5650,2023-06-30 10:00:00,2023-06-30 13:55:00,1.0,30,-0.0018912064562832571,0.0029193621973198735,-0.004325171427738136,0.004810568653603131,False,True,False
347,5651,5656,2023-06-30 14:00:00,2023-06-30 14:25:00,-1.0,6,-0.003381741834344321,0.0,-0.003381741834344321,0.003381741834344321,True,False,False
348,5657,5669,2023-06-30 14:30:00,2023-07-03 10:00:00,1.0,13,-0.002425737857850594,0.005327853045080745,-0.002425737857850594,0.0077535909029313385,False,True,False
349,5670,5681,2023-07-03 10:05:00,2023-07-03 11:00:00,-1.0,12,-4.9766842353966226e-05,0.004969227025036681,-4.9766842353966226e-05,0.0050189938673906465,False,True,False
350,5682,5694,2023-07-03 11:05:00,2023-07-03 13:35:00,1.0,13,0.0033089087450629464,0.008098815573395358,0.0,0.004789906828332411,False,False,False
351,5695,5722,2023-07-03 13:40:00,2023-07-04 10:25:00,-1.0,28,-0.0014671189609901268,0.002980509687502959,-0.0018038559824644545,0.004447628648493086,False,True,False
352,5723,5741,2023-07-04 10:30:00,2023-07-04 13:30:00,1.0,19,0.007716407450058968,0.012374580164018708,0.0,0.00465817271395974,False,False,False
353,5742,5753,2023-07-04 13:35:00,2023-07-04 14:30:00,-1.0,12,0.001889057804134544,0.0040185221023295485,0.0,0.0021294642981950045,False,False,False
354,5754,5761,2023-07-04 14:35:00,2023-07-05 09:40:00,1.0,8,-0.0021886808630593273,0.001584295147981099,-0.0021886808630593273,0.0037729760110404263,False,True,False
355,5762,5810,2023-07-05 09:45:00,2023-07-06 09:45:00,-1.0,49,0.007280683952939575,0.008454509764660324,-0.0024840814776714137,0.0011738258117207486,False,False,False
356,5811,5823,2023-07-06 09:50:00,2023-07-06 10:50:00,1.0,13,0.002492293553546179,0.006648822309611927,0.0,0.004156528756065748,False,False,False
357,5824,5869,2023-07-06 10:55:00,2023-07-07 10:40:00,-1.0,46,0.012604391230879645,0.017517367114905806,-0.0015458710492728775,0.004912975884026161,False,False,False
358,5870,5879,2023-07-07 10:45:00,2023-07-07 11:30:00,1.0,10,-0.0018294771995196685,0.0008031080712344703,-0.0018294771995196685,0.002632585270754139,False,True,False
359,5880,5884,2023-07-07 13:05:00,2023-07-07 13:25:00,-1.0,5,-0.00277306289490658,0.001379345281494855,-0.00277306289490658,0.004152408176401435,False,True,False
360,5885,5893,2023-07-07 13:30:00,2023-07-07 14:10:00,1.0,9,-0.0006624244977962571,0.003955364668907775,-0.0006624244977962571,0.004617789166704032,False,True,False
361,5894,5907,2023-07-07 14:15:00,2023-07-10 09:50:00,-1.0,14,0.0005021290376251066,0.0035504364700311673,-0.0005018770305894619,0.0030483074324060607,False,False,False
362,5908,5918,2023-07-10 09:55:00,2023-07-10 10:45:00,1.0,11,8.035759132438033e-05,0.004220071117604568,0.0,0.0041397135262801876,False,False,False
363,5919,5943,2023-07-10 10:50:00,2023-07-10 14:20:00,-1.0,25,0.002020944096387826,0.005004516514242506,-0.0016559369108677135,0.00298357241785468,False,False,False
364,5944,5965,2023-07-10 14:25:00,2023-07-11 10:40:00,1.0,22,0.0047292331111092965,0.008378817460245798,-0.0004630794868076339,0.003649584349136502,False,False,False
365,5966,5972,2023-07-11 10:45:00,2023-07-11 11:15:00,-1.0,7,-0.0024811674209673927,0.00033061991534718703,-0.0025511111163211827,0.00281178733631458,False,True,False
366,5973,5979,2023-07-11 11:20:00,2023-07-11 13:20:00,1.0,7,-0.002190712857536861,0.001796999495223992,-0.002190712857536861,0.003987712352760853,False,True,False
367,5980,5994,2023-07-11 13:25:00,2023-07-11 14:35:00,-1.0,15,-0.002710177820318314,8.011697082013433e-05,-0.002710177820318314,0.002790294791138448,False,True,False
368,5995,6002,2023-07-11 14:40:00,2023-07-12 09:45:00,1.0,8,-0.005337351511440571,0.00028958444834327663,-0.006070581421901824,0.0056269359597838475,False,True,False
369,6003,6011,2023-07-12 09:50:00,2023-07-12 10:30:00,-1.0,9,-0.002967599226324611,0.0026340939173527807,-0.002967599226324611,0.005601693143677392,False,True,False
370,6012,6016,2023-07-12 10:35:00,2023-07-12 10:55:00,1.0,5,-0.003690781258646542,0.0,-0.003841510032552276,0.003690781258646542,True,False,False
371,6017,6050,2023-07-12 11:00:00,2023-07-13 09:45:00,-1.0,34,0.005834680908333344,0.010758603239416416,0.0,0.004923922331083071,False,False,False
372,6051,6068,2023-07-13 09:50:00,2023-07-13 11:15:00,1.0,18,0.0016561143676348704,0.0054025309556266915,0.0,0.003746416587991821,False,False,False
373,6069,6075,2023-07-13 11:20:00,2023-07-13 13:20:00,-1.0,7,-0.0033643611249785195,0.0,-0.0033643611249785195,0.0033643611249785195,True,False,False
374,6076,6105,2023-07-13 13:25:00,2023-07-14 10:20:00,1.0,30,0.0010251875382801495,0.005375548241524113,0.0,0.004350360703243964,False,False,False
375,6106,6108,2023-07-14 10:25:00,2023-07-14 10:35:00,-1.0,3,-0.0038801514514674733,0.0,-0.0038801514514674733,0.0038801514514674733,True,False,False
376,6109,6112,2023-07-14 10:40:00,2023-07-14 10:55:00,1.0,4,-0.0025449640508306576,0.0,-0.0025449640508306576,0.0025449640508306576,True,False,False
377,6113,6193,2023-07-14 11:00:00,2023-07-18 09:40:00,-1.0,81,0.011046157681877125,0.014633322945618702,-0.001052837494037399,0.003587165263741577,False,False,False
378,6194,6201,2023-07-18 09:45:00,2023-07-18 10:20:00,1.0,8,-0.0018885171619527318,0.00019271242801211907,-0.0021019610803736633,0.002081229589964851,False,True,False
379,6202,6219,2023-07-18 10:25:00,2023-07-18 13:20:00,-1.0,18,-0.0005283318046554785,0.0031860613980132352,-0.0005283318046554785,0.0037143932026687137,False,True,False
380,6220,6224,2023-07-18 13:25:00,2023-07-18 13:45:00,1.0,5,-0.003062104052384876,0.0,-0.003062104052384876,0.003062104052384876,True,False,False
381,6225,6241,2023-07-18 13:50:00,2023-07-19 09:40:00,-1.0,17,-0.007086539905501557,0.0009377995019731786,-0.007086539905501557,0.008024339407474735,False,True,False
382,6242,6244,2023-07-19 09:45:00,2023-07-19 09:55:00,1.0,3,-0.007555329723003757,0.0,-0.007596104442683275,0.007555329723003757,True,False,False
383,6245,6278,2023-07-19 10:00:00,2023-07-19 14:15:00,-1.0,34,0.004720508198575685,0.0071096770741062125,0.0,0.002389168875530527,False,False,False
384,6279,6292,2023-07-19 14:20:00,2023-07-20 09:55:00,1.0,14,-0.004074245051294564,0.0020258041080230913,-0.004074245051294564,0.006100049159317655,False,True,False
385,6293,6316,2023-07-20 10:00:00,2023-07-20 13:25:00,-1.0,24,0.0031929822776686906,0.006634259254992386,0.0,0.003441276977323695,False,False,False
386,6317,6322,2023-07-20 13:30:00,2023-07-20 13:55:00,1.0,6,-0.002954852857655923,0.0,-0.002954852857655923,0.002954852857655923,True,False,False
387,6323,6343,2023-07-20 14:00:00,2023-07-21 10:10:00,-1.0,21,0.00340994811280761,0.009627455215054051,-0.00012415548421079774,0.006217507102246441,False,False,False
388,6344,6352,2023-07-21 10:15:00,2023-07-21 10:55:00,1.0,9,-0.003494543337818678,0.0,-0.003494543337818678,0.003494543337818678,True,False,False
389,6353,6374,2023-07-21 11:00:00,2023-07-21 14:15:00,-1.0,22,0.0031827386918052126,0.005673373939836589,-0.0008747813604589368,0.002490635248031377,False,False,False
390,6375,6380,2023-07-21 14:20:00,2023-07-21 14:45:00,1.0,6,-0.0015480688844182592,0.0,-0.002186822394410884,0.0015480688844182592,True,False,False
391,6381,6391,2023-07-21 14:50:00,2023-07-24 10:10:00,-1.0,11,-0.003865687995059818,0.0013932174572563942,-0.003865687995059818,0.005258905452316212,False,True,False
392,6392,6401,2023-07-24 10:15:00,2023-07-24 11:00:00,1.0,10,-0.002025010608276753,0.0017607197451666623,-0.002202655559186248,0.0037857303534434153,False,True,False
393,6402,6433,2023-07-24 11:05:00,2023-07-25 09:40:00,-1.0,32,-0.002348215131783046,0.007109481951377179,-0.004659728952414568,0.009457697083160226,False,True,False
394,6434,6482,2023-07-25 09:45:00,2023-07-26 09:45:00,1.0,49,0.0014479244609013073,0.006514748711241903,-0.0016275094357366224,0.005066824250340596,False,False,False
395,6483,6484,2023-07-26 09:50:00,2023-07-26 09:55:00,-1.0,2,-0.006184709493707767,0.0,-0.006184709493707767,0.006184709493707767,True,False,False
396,6485,6502,2023-07-26 10:00:00,2023-07-26 11:25:00,1.0,18,-0.0023718168974119075,0.0010236314993565972,-0.0025481151530343115,0.003395448396768505,False,True,False
397,6503,6528,2023-07-26 11:30:00,2023-07-27 09:35:00,-1.0,26,0.0018163235349883797,0.005167003048611983,0.0,0.0033506795136236034,False,False,False
398,6529,6534,2023-07-27 09:40:00,2023-07-27 10:05:00,1.0,6,-0.002652562837272141,0.0,-0.002652562837272141,0.002652562837272141,True,False,False
399,6535,6588,2023-07-27 10:10:00,2023-07-28 10:35:00,-1.0,54,0.009976058742821899,0.012135079281225753,-0.0011763176372680765,0.002159020538403854,False,False,False
400,6589,6639,2023-07-28 10:40:00,2023-07-31 10:50:00,1.0,51,0.020719548472524142,0.02408352421869367,-0.0006103721354675768,0.003363975746169527,False,False,False
401,6640,6669,2023-07-31 10:55:00,2023-07-31 14:50:00,-1.0,30,-9.273809223774888e-05,0.004596142174100036,-0.0012358013168703027,0.004688880266337785,False,True,False
402,6670,6674,2023-07-31 14:55:00,2023-08-01 09:45:00,1.0,5,-0.0030752426122174874,6.182061719553432e-05,-0.0030752426122174874,0.003137063229413022,False,True,False
403,6675,6679,2023-08-01 09:50:00,2023-08-01 10:10:00,-1.0,5,-0.001146581814393482,2.0671193658779733e-05,-0.002126847596488602,0.0011672530080522616,False,True,False
404,6680,6689,2023-08-01 10:15:00,2023-08-01 11:00:00,1.0,10,-0.0013739884494449702,0.00034062230992578594,-0.0013739884494449702,0.001714610759370756,False,True,False
405,6690,6715,2023-08-01 11:05:00,2023-08-01 14:40:00,-1.0,26,-0.0007130567182193415,0.00040325708185115115,-0.0018281257512110178,0.0011163138000704928,False,True,False
406,6716,6730,2023-08-01 14:45:00,2023-08-02 10:25:00,1.0,15,0.002960458918383613,0.004730480167956309,-0.00033062974935666486,0.001770021249572696,False,False,False
407,6731,6732,2023-08-02 10:30:00,2023-08-02 10:35:00,-1.0,2,-0.0006486854051879814,0.0,-0.0016774814959708147,0.0006486854051879814,True,False,False
408,6733,6741,2023-08-02 10:40:00,2023-08-02 11:20:00,1.0,9,-0.0017720089116248887,0.0003807779235982311,-0.0017720089116248887,0.0021527868352231197,False,True,False
409,6742,6767,2023-08-02 11:25:00,2023-08-02 15:00:00,-1.0,26,0.0013826979254269798,0.003636254949283487,0.0,0.0022535570238565073,False,False,False
410,6768,6777,2023-08-03 09:35:00,2023-08-03 10:20:00,1.0,10,-0.0006197386966937133,0.0026914030610758195,-0.0061108424236142695,0.003311141757769533,False,True,False
411,6778,6780,2023-08-03 10:25:00,2023-08-03 10:35:00,-1.0,3,-0.001858065050695049,0.0,-0.0023426585944631754,0.001858065050695049,True,False,False
412,6781,6784,2023-08-03 10:40:00,2023-08-03 10:55:00,1.0,4,-0.0017547485922912794,0.0,-0.0017547485922912794,0.0017547485922912794,True,False,False
413,6785,6796,2023-08-03 11:00:00,2023-08-03 13:25:00,-1.0,12,-0.0006093499251282075,0.0022443680460990114,-0.0006093499251282075,0.002853717971227219,False,True,False
414,6797,6825,2023-08-03 13:30:00,2023-08-04 10:20:00,1.0,29,0.003133829338347746,0.006914319140191376,-0.0009089970670318854,0.0037804898018436303,False,False,False
415,6826,6839,2023-08-04 10:25:00,2023-08-04 11:30:00,-1.0,14,-0.0018817583021037308,0.0024216704865106476,-0.0018817583021037308,0.004303428788614378,False,True,False
416,6840,6856,2023-08-04 13:05:00,2023-08-04 14:25:00,1.0,17,0.0008420447808128055,0.0023395423938814153,-0.0010895486646471137,0.0014974976130686097,False,False,False
417,6857,6860,2023-08-04 14:30:00,2023-08-04 14:45:00,-1.0,4,-0.002450215235110769,0.0,-0.002450215235110769,0.002450215235110769,True,False,False
418,6861,6867,2023-08-04 14:50:00,2023-08-07 09:50:00,1.0,7,-0.004309820733378464,2.047858452098694e-05,-0.004309820733378464,0.004330299317899451,False,True,False
419,6868,6883,2023-08-07 09:55:00,2023-08-07 11:10:00,-1.0,16,-0.000863451391994715,0.0014819391412341388,-0.000863451391994715,0.0023453905332288536,False,True,False
420,6884,6888,2023-08-07 11:15:00,2023-08-07 13:05:00,1.0,5,-0.0016967719136675898,0.0009037691895845901,-0.0016967719136675898,0.00260054110325218,False,True,False
421,6889,6913,2023-08-07 13:10:00,2023-08-08 09:40:00,-1.0,25,0.0028962971375279456,0.004311418511152617,0.0,0.0014151213736246712,False,False,False
422,6914,6920,2023-08-08 09:45:00,2023-08-08 10:15:00,1.0,7,-0.0014047847618624955,0.00027865646482689004,-0.0014047847618624955,0.0016834412266893855,False,True,False
423,6921,6933,2023-08-08 10:20:00,2023-08-08 11:20:00,-1.0,13,-0.0012189706373897204,0.0019348069418769248,-0.0012189706373897204,0.003153777579266645,False,True,False
424,6934,6947,2023-08-08 11:25:00,2023-08-08 14:00:00,1.0,14,-0.0018600426972302465,0.00010323433170101936,-0.0018600426972302465,0.001963277028931266,False,True,False
425,6948,6976,2023-08-08 14:05:00,2023-08-09 10:55:00,-1.0,29,0.005133029018183527,0.006662471070081548,0.0,0.0015294420518980213,False,False,False
426,6977,6982,2023-08-09 11:00:00,2023-08-09 11:25:00,1.0,6,-0.0004471458133782169,0.0018177196265353089,-0.0004471458133782169,0.0022648654399135258,False,True,False
427,6983,7010,2023-08-09 11:30:00,2023-08-10 09:45:00,-1.0,28,0.003031299685180373,0.005088644974292852,0.0,0.002057345289112479,False,False,False
428,7011,7016,2023-08-10 09:50:00,2023-08-10 10:15:00,1.0,6,-0.0012109192982356146,0.0020947654176209775,-0.0012109192982356146,0.003305684715856592,False,True,False
429,7017,7039,2023-08-10 10:20:00,2023-08-10 13:40:00,-1.0,23,0.0006269134124473098,0.00284516044272802,-0.0025558252793580908,0.00221824703028071,False,False,False
430,7040,7058,2023-08-10 13:45:00,2023-08-11 09:45:00,1.0,19,-5.226052920190489e-05,0.003474417513824152,-0.0010561926807856612,0.0035266780430260568,False,True,False
431,7059,7128,2023-08-11 09:50:00,2023-08-14 13:05:00,-1.0,70,0.034182003096159964,0.03880019785282595,0.0,0.004618194756665986,False,False,False
432,7129,7154,2023-08-14 13:10:00,2023-08-15 09:45:00,1.0,26,0.003164029917198549,0.009140742896909478,-0.001764537591601238,0.005976712979710929,False,False,False
433,7155,7186,2023-08-15 09:50:00,2023-08-15 13:55:00,-1.0,32,0.009914212907045871,0.01699535842724919,-0.0010452756114792661,0.007081145520203318,False,False,False
434,7187,7207,2023-08-15 14:00:00,2023-08-16 10:10:00,1.0,21,-0.0038621881345501053,0.0011427017975833681,-0.0038621881345501053,0.005004889932133473,False,True,False
435,7208,7222,2023-08-16 10:15:00,2023-08-16 11:25:00,-1.0,15,0.00015304895410017672,0.0023529808882879677,-0.001540117069305341,0.002199931934187791,False,False,False
436,7223,7225,2023-08-16 11:30:00,2023-08-16 13:10:00,1.0,3,-0.002956249689448821,0.0,-0.002956249689448821,0.002956249689448821,True,False,False
437,7226,7253,2023-08-16 13:15:00,2023-08-17 10:00:00,-1.0,28,0.01027221341377856,0.015125271086104838,0.0,0.004853057672326277,False,False,False
438,7254,7275,2023-08-17 10:05:00,2023-08-17 13:20:00,1.0,22,0.006526047200723731,0.01170763346574986,-0.0030290108980966512,0.00518158626502613,False,False,False
439,7276,7288,2023-08-17 13:25:00,2023-08-17 14:25:00,-1.0,13,-0.003921595192179009,0.003528273925704627,-0.003921595192179009,0.007449869117883636,False,True,False
440,7289,7309,2023-08-17 14:30:00,2023-08-18 10:40:00,1.0,21,0.0033710233636955137,0.013254170495162022,-0.0022390280561643237,0.009883147131466508,False,False,False
441,7310,7334,2023-08-18 10:45:00,2023-08-18 14:15:00,-1.0,25,0.004566743049592879,0.00703950275404473,-0.0011357060615957183,0.0024727597044518507,False,False,False
442,7335,7337,2023-08-18 14:20:00,2023-08-18 14:30:00,1.0,3,-0.002241709912193821,0.0,-0.002241709912193821,0.002241709912193821,True,False,False
443,7338,7353,2023-08-18 14:35:00,2023-08-21 10:20:00,-1.0,16,0.003107132371173813,0.009905887396348826,0.0,0.006798755025175013,False,False,False
444,7354,7360,2023-08-21 10:25:00,2023-08-21 10:55:00,1.0,7,-0.005377606320384539,0.0,-0.005377606320384539,0.005377606320384539,True,False,False
445,7361,7370,2023-08-21 11:00:00,2023-08-21 13:15:00,-1.0,10,-0.003720934525689911,0.001510037593738044,-0.003720934525689911,0.005230972119427955,False,True,False
446,7371,7374,2023-08-21 13:20:00,2023-08-21 13:35:00,1.0,4,-0.005119862242756764,0.0,-0.005119862242756764,0.005119862242756764,True,False,False
447,7375,7403,2023-08-21 13:40:00,2023-08-22 10:30:00,-1.0,29,0.009309245811475826,0.012634194956616772,0.0,0.003324949145140945,False,False,False
448,7404,7407,2023-08-22 10:35:00,2023-08-22 10:50:00,1.0,4,-0.0030549464434737007,0.0,-0.0030549464434737007,0.0030549464434737007,True,False,False
449,7408,7429,2023-08-22 10:55:00,2023-08-22 14:10:00,-1.0,22,0.0038431459628144385,0.012416473897599674,0.0,0.008573327934785236,False,False,False
450,7430,7442,2023-08-22 14:15:00,2023-08-23 09:45:00,1.0,13,0.008645992010959919,0.020210159948427963,0.0,0.011564167937468044,False,False,False
451,7443,7491,2023-08-23 09:50:00,2023-08-24 09:50:00,-1.0,49,0.009267239835395062,0.014898631798824592,0.0,0.00563139196342953,False,False,False
452,7492,7502,2023-08-24 09:55:00,2023-08-24 10:45:00,1.0,11,0.0006664144327687708,0.007115544545849908,-0.0041212893187688535,0.006449130113081137,False,False,False
453,7503,7512,2023-08-24 10:50:00,2023-08-24 13:05:00,-1.0,10,-0.0051131995623930095,0.0005873250900164149,-0.0051131995623930095,0.0057005246524094244,False,True,False
454,7513,7522,2023-08-24 13:10:00,2023-08-24 13:55:00,1.0,10,0.000471708717387878,0.005958598770758073,0.0,0.005486890053370195,False,False,False
455,7523,7572,2023-08-24 14:00:00,2023-08-25 14:05:00,-1.0,50,0.01784315194485318,0.025300821406133395,-0.000269447970104827,0.0074576694612802155,False,False,False
456,7573,7575,2023-08-25 14:10:00,2023-08-25 14:20:00,1.0,3,-0.007100730154443172,0.0,-0.007100730154443172,0.007100730154443172,True,False,False
457,7576,7583,2023-08-25 14:25:00,2023-08-25 15:00:00,-1.0,8,-0.002506497506526338,0.003794677017874247,-0.002506497506526338,0.006301174524400585,False,True,False
458,7584,7610,2023-08-28 09:35:00,2023-08-28 13:15:00,1.0,27,0.024613346687818366,0.06142745479974455,0.0,0.03681410811192618,False,False,False
459,7611,7634,2023-08-28 13:20:00,2023-08-29 09:45:00,-1.0,24,0.007207744919778495,0.015958055778987054,0.0,0.00875031085920856,False,False,False
460,7635,7672,2023-08-29 09:50:00,2023-08-29 14:25:00,1.0,38,0.03068274138507421,0.03726038483101005,-0.00041763786889324143,0.006577643445935841,False,False,False
461,7673,7679,2023-08-29 14:30:00,2023-08-29 15:00:00,-1.0,7,-0.004313622973463521,0.0024106166413148927,-0.004313622973463521,0.006724239614778414,False,True,False
462,7680,7692,2023-08-30 09:35:00,2023-08-30 10:35:00,1.0,13,0.022796324680328897,0.032948696144346694,0.0,0.010152371464017797,False,False,False
463,7693,7704,2023-08-30 10:40:00,2023-08-30 13:05:00,-1.0,12,-0.0015007266971043777,0.007204965586229886,-0.0015007266971043777,0.008705692283334263,False,True,False
464,7705,7729,2023-08-30 13:10:00,2023-08-31 09:40:00,1.0,25,-0.0007128304456997508,0.0031643579826724213,-0.005545793555716778,0.003877188428372172,False,True,False
465,7730,7735,2023-08-31 09:45:00,2023-08-31 10:10:00,-1.0,6,-0.0023281165005691233,0.002312213668474609,-0.003389383540650314,0.004640330169043732,False,True,False
466,7736,7746,2023-08-31 10:15:00,2023-08-31 11:05:00,1.0,11,-0.00010618867613923846,0.007384245304524978,-0.0015302059199655202,0.007490433980664217,False,True,False
467,7747,7763,2023-08-31 11:10:00,2023-08-31 14:00:00,-1.0,17,-0.0008385833740726354,0.003734384576366183,-0.0009128543251460555,0.004572967950438819,False,True,False
468,7764,7779,2023-08-31 14:05:00,2023-09-01 09:50:00,1.0,16,-0.008321350444907115,0.0018974834893185327,-0.008321350444907115,0.010218833934225647,False,True,False
469,7780,7806,2023-09-01 09:55:00,2023-09-01 13:35:00,-1.0,27,0.0008241773411040427,0.007366713583736127,-0.0037803594710478965,0.006542536242632084,False,False,False
470,7807,7827,2023-09-01 13:40:00,2023-09-04 09:50:00,1.0,21,-0.006025311572416479,0.00207519997455167,-0.006025311572416479,0.008100511546968149,False,True,False
471,7828,7831,2023-09-04 09:55:00,2023-09-04 10:10:00,-1.0,4,-0.00849580858578555,0.0,-0.00849580858578555,0.00849580858578555,True,False,False
472,7832,7842,2023-09-04 10:15:00,2023-09-04 11:05:00,1.0,11,-0.00457147323908466,0.0003417525531206416,-0.00457147323908466,0.004913225792205302,False,True,False
473,7843,7852,2023-09-04 11:10:00,2023-09-04 13:25:00,-1.0,10,-0.002486390443705906,0.0020623879442200135,-0.002486390443705906,0.0045487783879259195,False,True,False
474,7853,7855,2023-09-04 13:30:00,2023-09-04 13:40:00,1.0,3,-0.0033666816407434278,0.0,-0.0040542770179703164,0.0033666816407434278,True,False,False
475,7856,7862,2023-09-04 13:45:00,2023-09-04 14:15:00,-1.0,7,-0.0018562934195738077,0.0,-0.0034737147890115385,0.0018562934195738077,True,False,False
476,7863,7878,2023-09-04 14:20:00,2023-09-05 10:05:00,1.0,16,0.01133099225932626,0.014093585771938342,0.0,0.002762593512612082,False,False,False
477,7879,7880,2023-09-05 10:10:00,2023-09-05 10:15:00,-1.0,2,0.0008058701712796777,0.0008058701712796777,-0.0030690777707035382,0.0,False,False,False
478,7881,7883,2023-09-05 10:20:00,2023-09-05 10:30:00,1.0,3,-0.00531802997652513,0.0,-0.00531802997652513,0.00531802997652513,True,False,False
479,7884,7931,2023-09-05 10:35:00,2023-09-06 10:30:00,-1.0,48,0.011142146680996983,0.017405587807328485,-0.003130426228365403,0.006263441126331502,False,False,False
480,7932,7941,2023-09-06 10:35:00,2023-09-06 11:20:00,1.0,10,-0.0021158774208252717,0.003777996345709463,-0.0021158774208252717,0.005893873766534734,False,True,False
481,7942,7949,2023-09-06 11:25:00,2023-09-06 13:30:00,-1.0,8,-0.0037213860599241864,0.0014058615919921766,-0.0037213860599241864,0.005127247651916363,False,True,False
482,7950,7969,2023-09-06 13:35:00,2023-09-07 09:40:00,1.0,20,-0.0029652015148712014,0.008063868008023039,-0.0029652015148712014,0.01102906952289424,False,True,False
483,7970,8026,2023-09-07 09:45:00,2023-09-08 10:25:00,-1.0,57,0.02423162065064601,0.03456271611273164,0.0,0.010331095462085625,False,False,False
484,8027,8033,2023-09-08 10:30:00,2023-09-08 11:00:00,1.0,7,-0.006437457024275441,0.0,-0.006437457024275441,0.006437457024275441,True,False,False
485,8034,8044,2023-09-08 11:05:00,2023-09-08 13:25:00,-1.0,11,-0.00472115561913982,0.00038979625286819826,-0.00472115561913982,0.005110951872008018,False,True,False
486,8045,8060,2023-09-08 13:30:00,2023-09-08 14:45:00,1.0,16,-0.0007760704617989812,0.0029546368868969912,-0.0011310462273376822,0.0037307073486959725,False,True,False
487,8061,8068,2023-09-08 14:50:00,2023-09-11 09:55:00,-1.0,8,-0.003133844178434129,0.002487480599894464,-0.003133844178434129,0.005621324778328593,False,True,False
488,8069,8081,2023-09-11 10:00:00,2023-09-11 11:00:00,1.0,13,-0.0005087201374879406,0.0025066405938424796,-0.00269030159661964,0.00301536073133042,False,True,False
489,8082,8090,2023-09-11 11:05:00,2023-09-11 13:15:00,-1.0,9,-0.006494352691370343,0.0013947775598784715,-0.006494352691370343,0.007889130251248815,False,True,False
490,8091,8099,2023-09-11 13:20:00,2023-09-11 14:00:00,1.0,9,0.0007800098171347823,0.005786127284440121,0.0,0.0050061174673053386,False,False,False
491,8100,8127,2023-09-11 14:05:00,2023-09-12 10:50:00,-1.0,28,0.004799551275436149,0.009200996036599497,0.0,0.0044014447611633485,False,False,False
492,8128,8139,2023-09-12 10:55:00,2023-09-12 13:20:00,1.0,12,-0.001700774593549446,0.0036897769072004676,-0.0023199559671275537,0.005390551500749914,False,True,False
493,8140,8202,2023-09-12 13:25:00,2023-09-13 14:35:00,-1.0,63,0.020841300718835797,0.023825297869270286,-0.0002210433253914553,0.00298399715043449,False,False,False
494,8203,8211,2023-09-13 14:40:00,2023-09-14 09:50:00,1.0,9,0.0011618005829939718,0.004818852352309411,-0.0010727615602539407,0.003657051769315439,False,False,False
495,8212,8233,2023-09-14 09:55:00,2023-09-14 13:10:00,-1.0,22,0.004927176056530445,0.008206555800422411,0.0,0.003279379743891966,False,False,False
496,8234,8241,2023-09-14 13:15:00,2023-09-14 13:50:00,1.0,8,-0.0018028953251529045,0.0,-0.0018028953251529045,0.0018028953251529045,True,False,False
497,8242,8251,2023-09-14 13:55:00,2023-09-14 14:40:00,-1.0,10,-0.0010889293272019812,0.003068986347797814,-0.0010889293272019812,0.0041579156749997955,False,True,False
498,8252,8258,2023-09-14 14:45:00,2023-09-15 09:45:00,1.0,7,-0.005057662326057625,0.0011217178186621643,-0.005057662326057625,0.006179380144719789,False,True,False
499,8259,8263,2023-09-15 09:50:00,2023-09-15 10:10:00,-1.0,5,-0.009446710343758527,0.0006610892255266875,-0.009446710343758527,0.010107799569285215,False,True,False
500,8264,8282,2023-09-15 10:15:00,2023-09-15 13:15:00,1.0,19,0.00022571834960294617,0.0070521440176053145,-0.00525101926308644,0.006826425668002368,False,False,False
501,8283,8304,2023-09-15 13:20:00,2023-09-18 09:35:00,-1.0,22,0.005408660231373316,0.00593070529798723,0.0,0.0005220450666139137,False,False,False
502,8305,8308,2023-09-18 09:40:00,2023-09-18 09:55:00,1.0,4,-0.00017020214382318637,0.0018703141344531449,-0.0021125568649541754,0.0020405162782763313,False,True,False
503,8309,8312,2023-09-18 10:00:00,2023-09-18 10:15:00,-1.0,4,-0.006582691673176292,0.0016354162030532012,-0.006582691673176292,0.008218107876229494,False,True,False
504,8313,8322,2023-09-18 10:20:00,2023-09-18 11:05:00,1.0,10,-0.003534789701737915,0.0007324975676161166,-0.003534789701737915,0.004267287269354032,False,True,False
505,8323,8339,2023-09-18 11:10:00,2023-09-18 14:00:00,-1.0,17,0.0034451529995832776,0.006776916399579696,-0.00012443790847257,0.003331763399996418,False,False,False
506,8340,8354,2023-09-18 14:05:00,2023-09-19 09:45:00,1.0,15,-0.006491828318289396,0.000941795949539386,-0.006491828318289396,0.007433624267828782,False,True,False
507,8355,8364,2023-09-19 09:50:00,2023-09-19 10:35:00,-1.0,10,-0.0017466854528433592,0.0047301990008779375,-0.0017466854528433592,0.006476884453721297,False,True,False
508,8365,8377,2023-09-19 10:40:00,2023-09-19 13:10:00,1.0,13,-0.0029128396774,0.003631999711625087,-0.0029128396774,0.006544839389025087,False,True,False
509,8378,8396,2023-09-19 13:15:00,2023-09-19 14:45:00,-1.0,19,-0.0006632740822956008,0.0024510658367148633,-0.0008233088330400432,0.003114339919010464,False,True,False
510,8397,8403,2023-09-19 14:50:00,2023-09-20 09:50:00,1.0,7,-0.004250279916663591,0.0005714351176651059,-0.005399005532052078,0.004821715034328697,False,True,False
511,8404,8428,2023-09-20 09:55:00,2023-09-20 13:25:00,-1.0,25,0.0005397366905066184,0.0025864907712478905,-0.001330870654556245,0.002046754080741272,False,False,False
512,8429,8436,2023-09-20 13:30:00,2023-09-20 14:05:00,1.0,8,-0.002012223495271534,0.00011486199344149298,-0.002012223495271534,0.002127085488713027,False,True,False
513,8437,8451,2023-09-20 14:10:00,2023-09-21 09:50:00,-1.0,15,0.001589642319725921,0.007127004668526319,-0.0007248669956396081,0.005537362348800398,False,False,False
514,8452,8453,2023-09-21 09:55:00,2023-09-21 10:00:00,1.0,2,-0.0013150914384090148,0.0,-0.002042595151317773,0.0013150914384090148,True,False,False
515,8454,8459,2023-09-21 10:05:00,2023-09-21 10:30:00,-1.0,6,0.0006928486749292835,0.0032837334535292017,0.0,0.002590884778599918,False,False,False
516,8460,8462,2023-09-21 10:35:00,2023-09-21 10:45:00,1.0,3,-0.0017457963702655055,0.0,-0.0017457963702655055,0.0017457963702655055,True,False,False
517,8463,8487,2023-09-21 10:50:00,2023-09-21 14:20:00,-1.0,25,-0.0005784158508383187,0.0039885960630632634,-0.0018844045137157135,0.004567011913901582,False,True,False
518,8488,8492,2023-09-21 14:25:00,2023-09-21 14:45:00,1.0,5,-0.004567011913901759,0.0,-0.004567011913901759,0.004567011913901759,True,False,False
519,8493,8500,2023-09-21 14:50:00,2023-09-22 09:55:00,-1.0,8,-0.0041621559503380945,0.00030211129545032196,-0.0041621559503380945,0.004464267245788417,False,True,False
520,8501,8511,2023-09-22 10:00:00,2023-09-22 10:50:00,1.0,11,0.006032696262689822,0.011411735617196763,0.0,0.0053790393545069416,False,False,False
521,8512,8516,2023-09-22 10:55:00,2023-09-22 11:15:00,-1.0,5,-0.0034670038286957047,0.0,-0.004429203215646255,0.0034670038286957047,True,False,False
522,8517,8546,2023-09-22 11:20:00,2023-09-25 09:45:00,1.0,30,0.0058960818003757865,0.011395095839247436,-0.00025215766864842117,0.00549901403887165,False,False,False
523,8547,8573,2023-09-25 09:50:00,2023-09-25 13:30:00,-1.0,27,-0.0002961714170668843,0.003869669058381248,-0.0002961714170668843,0.004165840475448132,False,True,False
524,8574,8581,2023-09-25 13:35:00,2023-09-25 14:10:00,1.0,8,-0.0033655660529504257,0.0001138887308331397,-0.0033655660529504257,0.0034794547837835653,False,True,False
525,8582,8594,2023-09-25 14:15:00,2023-09-26 09:45:00,-1.0,13,-0.00221456221645582,0.0001600036575677388,-0.0034225120396972797,0.0023745658740235587,False,True,False
526,8595,8597,2023-09-26 09:50:00,2023-09-26 10:00:00,1.0,3,-0.003106337365304514,0.0,-0.003106337365304514,0.003106337365304514,True,False,False
527,8598,8599,2023-09-26 10:05:00,2023-09-26 10:10:00,-1.0,2,-0.005566279157230123,0.0,-0.005566279157230123,0.005566279157230123,True,False,False
528,8600,8606,2023-09-26 10:15:00,2023-09-26 10:45:00,1.0,7,0.000511727090058443,0.004437616874779321,-7.962553253762603e-05,0.003925889784720878,False,False,False
529,8607,8624,2023-09-26 10:50:00,2023-09-26 13:45:00,-1.0,18,-0.002429969288171365,0.0015473538790269042,-0.002429969288171365,0.003977323167198269,False,True,False
530,8625,8629,2023-09-26 13:50:00,2023-09-26 14:10:00,1.0,5,-0.003351266676456355,0.0,-0.003351266676456355,0.003351266676456355,True,False,False
531,8630,8643,2023-09-26 14:15:00,2023-09-27 09:50:00,-1.0,14,-0.0016372756667700004,0.003830767074752597,-0.0016372756667700004,0.005468042741522598,False,True,False
532,8644,8654,2023-09-27 09:55:00,2023-09-27 10:45:00,1.0,11,-0.00027269318776907553,0.004285137831764525,-0.00027269318776907553,0.0045578310195336005,False,True,False
533,8655,8667,2023-09-27 10:50:00,2023-09-27 13:20:00,-1.0,13,-0.0013400260925461468,0.0013873413037360943,-0.0013400260925461468,0.002727367396282241,False,True,False
534,8668,8686,2023-09-27 13:25:00,2023-09-27 14:55:00,1.0,19,0.00010213171595866219,0.0025048892415045422,-0.002147179103223022,0.00240275752554588,False,False,False
535,8687,8692,2023-09-27 15:00:00,2023-09-28 09:55:00,-1.0,6,-0.0027536208226197354,0.000987710465448836,-0.0027536208226197354,0.0037413312880685713,False,True,False
536,8693,8698,2023-09-28 10:00:00,2023-09-28 10:25:00,1.0,6,-0.0032757369939760065,0.0,-0.0032757369939760065,0.0032757369939760065,True,False,False
537,8699,8712,2023-09-28 10:30:00,2023-09-28 13:05:00,-1.0,14,-0.0022227775714892335,0.002068441110704394,-0.0022227775714892335,0.004291218682193627,False,True,False
538,8713,8731,2023-09-28 13:10:00,2023-09-28 14:40:00,1.0,19,0.004509730673772065,0.00772980146037341,0.0,0.003220070786601345,False,False,False
539,8732,8743,2023-09-28 14:45:00,2023-10-09 10:10:00,-1.0,12,0.0004173410921594579,0.006880112235378372,-0.001588813288119882,0.006462771143218914,False,False,False
540,8744,8752,2023-10-09 10:15:00,2023-10-09 10:55:00,1.0,9,-0.0007674597460344036,0.0035587226169940226,-0.0007674597460344036,0.004326182363028426,False,True,False
541,8753,8769,2023-10-09 11:00:00,2023-10-09 13:50:00,-1.0,17,-0.003291404747862251,0.003143696542526324,-0.003291404747862251,0.006435101290388575,False,True,False
542,8770,8791,2023-10-09 13:55:00,2023-10-10 10:10:00,1.0,22,-0.0013287841329955442,0.003000153943407182,-0.002918887486410462,0.004328938076402726,False,True,False
543,8792,8810,2023-10-10 10:15:00,2023-10-10 13:15:00,-1.0,19,0.0017819888547970012,0.0059561322321336424,-0.0009123214707321749,0.004174143377336641,False,False,False
544,8811,8825,2023-10-10 13:20:00,2023-10-10 14:30:00,1.0,15,-0.0026110413215431985,0.0,-0.0026110413215431985,0.0026110413215431985,True,False,False
545,8826,8834,2023-10-10 14:35:00,2023-10-11 09:45:00,-1.0,9,-0.0011876821801621016,0.0013817475639392102,-0.002780353969038055,0.0025694297441013116,False,True,False
546,8835,8850,2023-10-11 09:50:00,2023-10-11 11:05:00,1.0,16,0.00675982745337555,0.011084618795284093,0.0,0.004324791341908543,False,False,False
547,8851,8877,2023-10-11 11:10:00,2023-10-11 14:50:00,-1.0,27,-0.0009651752093217379,0.004851182068235344,-0.002635195379906812,0.005816357277557083,False,True,False
548,8878,8888,2023-10-11 14:55:00,2023-10-12 10:15:00,1.0,11,0.0009642445443198405,0.009100767978032547,0.0,0.008136523433712706,False,False,False
549,8889,8905,2023-10-12 10:20:00,2023-10-12 13:10:00,-1.0,17,-0.0024065514555620276,0.0010203338834335655,-0.0027418893675372476,0.003426885338995593,False,True,False
550,8906,8929,2023-10-12 13:15:00,2023-10-13 09:40:00,1.0,24,-0.0018463712869757152,0.00746255495912521,-0.0018463712869757152,0.009308926246100926,False,True,False
551,8930,8939,2023-10-13 09:45:00,2023-10-13 10:30:00,-1.0,10,-0.0036000620257804847,0.0,-0.003957125185119792,0.0036000620257804847,True,False,False
552,8940,8943,2023-10-13 10:35:00,2023-10-13 10:50:00,1.0,4,-0.0036448648931718085,0.0,-0.0036448648931718085,0.0036448648931718085,True,False,False
553,8944,8967,2023-10-13 10:55:00,2023-10-13 14:20:00,-1.0,24,0.00043693318418387396,0.004321697686183725,-0.0013432136161794185,0.0038847645019998507,False,False,False
554,8968,8978,2023-10-13 14:25:00,2023-10-16 09:45:00,1.0,11,-0.008428612484950759,0.0003137149477287687,-0.008428612484950759,0.008742327432679527,False,True,False
555,8979,9021,2023-10-16 09:50:00,2023-10-16 14:50:00,-1.0,43,0.012714686078684737,0.01527025384836709,-0.0010617031165483775,0.0025555677696823525,False,False,False
556,9022,9032,2023-10-16 14:55:00,2023-10-17 10:15:00,1.0,11,-0.0009504125849241849,0.003496147519996018,-0.0009504125849241849,0.004446560104920203,False,True,False
557,9033,9042,2023-10-17 10:20:00,2023-10-17 11:05:00,-1.0,10,-0.0028028367021635976,0.0010659943124812286,-0.0028028367021635976,0.0038688310146448262,False,True,False
558,9043,9052,2023-10-17 11:10:00,2023-10-17 13:25:00,1.0,10,0.004445515648013597,0.010353600577657355,0.0,0.005908084929643758,False,False,False
559,9053,9060,2023-10-17 13:30:00,2023-10-17 14:05:00,-1.0,8,-0.0024196171090496983,0.00040952836556253493,-0.0024196171090496983,0.002829145474612233,False,True,False
560,9061,9063,2023-10-17 14:10:00,2023-10-17 14:20:00,1.0,3,-0.0022831449150473924,0.0,-0.0027039940127366975,0.0022831449150473924,True,False,False
561,9064,9068,2023-10-17 14:25:00,2023-10-17 14:45:00,-1.0,5,-0.00418745398850484,0.0,-0.00418745398850484,0.00418745398850484,True,False,False
562,9069,9074,2023-10-17 14:50:00,2023-10-18 09:45:00,1.0,6,-0.007319628511125628,0.001878083549722891,-0.007319628511125628,0.00919771206084852,False,True,False
563,9075,9084,2023-10-18 09:50:00,2023-10-18 10:35:00,-1.0,10,0.0016897488807102383,0.00439013383878425,0.0,0.0027003849580740113,False,False,False
564,9085,9089,2023-10-18 10:40:00,2023-10-18 11:00:00,1.0,5,-0.0026545549187665927,0.0,-0.0026545549187665927,0.0026545549187665927,True,False,False
565,9090,9101,2023-10-18 11:05:00,2023-10-18 13:30:00,-1.0,12,-0.0005612475879099824,0.001662682346382515,-0.002837368186949003,0.0022239299342924975,False,True,False
566,9102,9107,2023-10-18 13:35:00,2023-10-18 14:00:00,1.0,6,-0.0023616551726599435,0.0001717475315515243,-0.0023616551726599435,0.002533402704211468,False,True,False
567,9108,9122,2023-10-18 14:05:00,2023-10-19 09:45:00,-1.0,15,-0.0029225879383996665,0.007812449714102941,-0.0036090161363646674,0.010735037652502607,False,True,False
568,9123,9135,2023-10-19 09:50:00,2023-10-19 10:50:00,1.0,13,0.0005606182965599592,0.005284766980946925,0.0,0.0047241486843869656,False,False,False
569,9136,9160,2023-10-19 10:55:00,2023-10-19 14:25:00,-1.0,25,-0.00012580990140537043,0.004608672905582617,-0.0006288912854279824,0.004734482806987988,False,True,False
570,9161,9165,2023-10-19 14:30:00,2023-10-19 14:50:00,1.0,5,-0.0027256086502597276,0.0017254287856515063,-0.0027256086502597276,0.004451037435911234,False,True,False
571,9166,9182,2023-10-19 14:55:00,2023-10-20 10:45:00,-1.0,17,0.001859504668041025,0.007805524191559526,0.0,0.005946019523518501,False,False,False
572,9183,9190,2023-10-20 10:50:00,2023-10-20 11:25:00,1.0,8,-0.00555313761414333,0.0,-0.00555313761414333,0.00555313761414333,True,False,False
573,9191,9242,2023-10-20 11:30:00,2023-10-23 13:15:00,-1.0,52,0.020000666706669994,0.023046210529647324,-0.0009238195975566006,0.00304554382297733,False,False,False
574,9243,9248,2023-10-23 13:20:00,2023-10-23 13:45:00,1.0,6,-0.002241941751818381,0.0,-0.002856402876945178,0.002241941751818381,True,False,False
575,9249,9265,2023-10-23 13:50:00,2023-10-24 09:40:00,-1.0,17,0.004415959062426095,0.011046817331142057,0.0,0.006630858268715962,False,False,False
576,9266,9282,2023-10-24 09:45:00,2023-10-24 11:05:00,1.0,17,0.009459154970604323,0.01797930716171668,-0.003089723194752198,0.008520152191112358,False,False,False
577,9283,9301,2023-10-24 11:10:00,2023-10-24 14:10:00,-1.0,19,0.0006348907965987366,0.007740177634961301,-0.00010577595487347277,0.007105286838362565,False,False,False
578,9302,9323,2023-10-24 14:15:00,2023-10-25 10:30:00,1.0,22,0.005769720367242034,0.01144820815173914,-0.0017067964051416793,0.005678487784497106,False,False,False
579,9324,9394,2023-10-25 10:35:00,2023-10-26 13:55:00,-1.0,71,0.015804969029549237,0.020484579624548836,-0.0005260604623226598,0.004679610594999599,False,False,False
580,9395,9410,2023-10-26 14:00:00,2023-10-27 09:45:00,1.0,16,0.002230872389046699,0.010211647653762028,-0.0023906526208548754,0.007980775264715328,False,False,False
581,9411,9413,2023-10-27 09:50:00,2023-10-27 10:00:00,-1.0,3,-0.008862303774601014,0.0,-0.008862303774601014,0.008862303774601014,True,False,False
582,9414,9455,2023-10-27 10:05:00,2023-10-27 15:00:00,1.0,42,0.01263179606294663,0.017273034957054297,-0.003731237813477536,0.004641238894107667,False,False,False
583,9456,9461,2023-10-30 09:35:00,2023-10-30 10:00:00,-1.0,6,-0.006406423687303142,0.0,-0.006406423687303142,0.006406423687303142,True,False,False
584,9462,9485,2023-10-30 10:05:00,2023-10-30 13:30:00,1.0,24,0.00755613250400548,0.01200788973626594,-0.00222718526341376,0.00445175723226046,False,False,False
585,9486,9489,2023-10-30 13:35:00,2023-10-30 13:50:00,-1.0,4,-0.0026962508765334134,0.0,-0.0029700390802537818,0.0026962508765334134,True,False,False
586,9490,9503,2023-10-30 13:55:00,2023-10-30 15:00:00,1.0,14,0.001698557774585439,0.005926701647116771,-0.0011530142321835406,0.004228143872531332,False,False,False
587,9504,9531,2023-10-31 09:35:00,2023-10-31 13:20:00,-1.0,28,0.006364462880797842,0.009521701601564736,-0.005078431037375651,0.003157238720766894,False,False,False
588,9532,9543,2023-10-31 13:25:00,2023-10-31 14:20:00,1.0,12,-0.0013650000112065792,0.00156916677388619,-0.0015831137871042387,0.002934166785092769,False,True,False
589,9544,9547,2023-10-31 14:25:00,2023-10-31 14:40:00,-1.0,4,-0.004318028436809315,0.0,-0.004318028436809315,0.004318028436809315,True,False,False
590,9548,9556,2023-10-31 14:45:00,2023-11-01 09:55:00,1.0,9,-0.0048232065228248746,0.002340197073695989,-0.0048232065228248746,0.0071634035965208636,False,True,False
591,9557,9567,2023-11-01 10:00:00,2023-11-01 10:50:00,-1.0,11,-0.0032447645059422224,0.0009651401351249182,-0.0033935646618846686,0.004209904641067141,False,True,False
592,9568,9578,2023-11-01 10:55:00,2023-11-01 13:15:00,1.0,11,-0.0017643963240000706,0.0035080738733703205,-0.0017643963240000706,0.005272470197370391,False,True,False
593,9579,9602,2023-11-01 13:20:00,2023-11-02 09:45:00,-1.0,24,-0.0007909261698771454,0.0018134660526210045,-0.0012147884782536984,0.0026043922224981498,False,True,False
594,9603,9607,2023-11-02 09:50:00,2023-11-02 10:10:00,1.0,5,-0.0039954128924947555,0.0,-0.0039954128924947555,0.0039954128924947555,True,False,False
595,9608,9615,2023-11-02 10:15:00,2023-11-02 10:50:00,-1.0,8,-0.001080795294519805,0.0026609700013782035,-0.001080795294519805,0.0037417652958980085,False,True,False
596,9616,9625,2023-11-02 10:55:00,2023-11-02 13:10:00,1.0,10,-0.0030038174491563326,0.0007122261963777691,-0.0030038174491563326,0.0037160436455341015,False,True,False
597,9626,9650,2023-11-02 13:15:00,2023-11-03 09:45:00,-1.0,25,0.0015918794456327354,0.008426463425532778,-0.00025354385291978646,0.006834583979900042,False,False,False
598,9651,9676,2023-11-03 09:50:00,2023-11-03 13:25:00,1.0,26,0.006753789428313061,0.0103250582759264,0.0,0.0035712688476133387,False,False,False
599,9677,9680,2023-11-03 13:30:00,2023-11-03 13:45:00,-1.0,4,-0.004907213370542139,0.0,-0.004907213370542139,0.004907213370542139,True,False,False
600,9681,9751,2023-11-03 13:50:00,2023-11-07 10:10:00,1.0,71,0.011312247980648919,0.017532005857957864,-0.0022961860288437616,0.006219757877308945,False,False,False
601,9752,9762,2023-11-07 10:15:00,2023-11-07 11:05:00,-1.0,11,-0.0001579404567762637,0.0018068076374571315,-0.0012966295091632765,0.001964748094233395,False,True,False
602,9763,9767,2023-11-07 11:10:00,2023-11-07 11:30:00,1.0,5,-0.002066478069058185,7.896087492752996e-05,-0.002066478069058185,0.002145438943985715,False,True,False
603,9768,9771,2023-11-07 13:05:00,2023-11-07 13:20:00,-1.0,4,-0.0030023273641577235,0.0005653550580254682,-0.0030023273641577235,0.0035676824221831916,False,True,False
604,9772,9821,2023-11-07 13:25:00,2023-11-08 13:30:00,1.0,50,0.015277546793430106,0.020502670213164275,-0.00023669839662826493,0.005225123419734169,False,False,False
605,9822,9834,2023-11-08 13:35:00,2023-11-08 14:35:00,-1.0,13,0.0034355316332547623,0.007922797358648216,0.0,0.0044872657253934535,False,False,False
606,9835,9846,2023-11-08 14:40:00,2023-11-09 10:05:00,1.0,12,-0.0010809065065465768,0.006461017824565372,-0.0010809065065465768,0.007541924331111949,False,True,False
607,9847,9861,2023-11-09 10:10:00,2023-11-09 11:20:00,-1.0,15,0.0008253954558771009,0.005904274255639654,-0.0011031809499648744,0.005078878799762553,False,False,False
608,9862,9868,2023-11-09 11:25:00,2023-11-09 13:25:00,1.0,7,-0.0024131663276393345,0.0021512935559832203,-0.0024131663276393345,0.004564459883622555,False,True,False
609,9869,9906,2023-11-09 13:30:00,2023-11-10 11:05:00,-1.0,38,0.0030134507745144005,0.00945157939885458,-0.0025805312784620543,0.006438128624340179,False,False,False
610,9907,9917,2023-11-10 11:10:00,2023-11-10 13:30:00,1.0,11,-0.0020552452470111453,0.0034831338589015343,-0.0020552452470111453,0.005538379105912679,False,True,False
611,9918,9930,2023-11-10 13:35:00,2023-11-10 14:35:00,-1.0,13,-0.0021001215007490845,0.0018905086371048387,-0.0021001215007490845,0.003990630137853923,False,True,False
612,9931,9959,2023-11-10 14:40:00,2023-11-13 11:30:00,1.0,29,0.0007737985482073169,0.005872598632231472,-0.001998945043299942,0.0050988000840241545,False,False,False
613,9960,9968,2023-11-13 13:05:00,2023-11-13 13:45:00,-1.0,9,-0.002284256426742344,0.0003363605817113335,-0.002284256426742344,0.0026206170084536774,False,True,False
614,9969,9979,2023-11-13 13:50:00,2023-11-13 14:40:00,1.0,11,-1.1184618912329285e-05,0.0017767650796340524,-0.0009735301304337132,0.0017879496985463818,False,True,False
615,9980,9983,2023-11-13 14:45:00,2023-11-13 15:00:00,-1.0,4,-0.00274765338002211,0.0,-0.00274765338002211,0.00274765338002211,True,False,False
616,9984,9996,2023-11-14 09:35:00,2023-11-14 10:35:00,1.0,13,0.0037740725131203295,0.00841918493682324,-0.0008145730916000801,0.004645112423702911,False,False,False
617,9997,10002,2023-11-14 10:40:00,2023-11-14 11:05:00,-1.0,6,-0.001376936534246199,0.0017906302574013607,-0.001376936534246199,0.0031675667916475597,False,True,False
618,10003,10007,2023-11-14 11:10:00,2023-11-14 11:30:00,1.0,5,-0.003390229391930656,0.0,-0.003390229391930656,0.003390229391930656,True,False,False
619,10008,10016,2023-11-14 13:05:00,2023-11-14 13:45:00,-1.0,9,-0.0015464809521730778,0.002742812989574608,-0.0015464809521730778,0.0042892939417476855,False,True,False
620,10017,10042,2023-11-14 13:50:00,2023-11-15 10:25:00,1.0,26,0.008314329972498338,0.014480370446616696,0.0,0.0061660404741183585,False,False,False
621,10043,10049,2023-11-15 10:30:00,2023-11-15 11:00:00,-1.0,7,-0.0023785937874544645,0.001312850120993122,-0.0023785937874544645,0.0036914439084475862,False,True,False
622,10050,10057,2023-11-15 11:05:00,2023-11-15 13:10:00,1.0,8,-0.0015300200566452844,0.0016265169754321488,-0.0015300200566452844,0.003156537032077433,False,True,False
623,10058,10116,2023-11-15 13:15:00,2023-11-16 14:05:00,-1.0,59,0.019319812795493545,0.023044086170194177,0.0,0.003724273374700632,False,False,False
624,10117,10124,2023-11-16 14:10:00,2023-11-16 14:45:00,1.0,8,-0.0018660287117494131,0.0013019081524655045,-0.0018660287117494131,0.0031679368642149176,False,True,False
625,10125,10131,2023-11-16 14:50:00,2023-11-17 09:50:00,-1.0,7,-0.0008660005377326266,0.002354360313172461,-0.0014054658058815753,0.0032203608509050875,False,True,False
626,10132,10133,2023-11-17 09:55:00,2023-11-17 10:00:00,1.0,2,-0.00262279731381263,0.0,-0.002836977146782002,0.00262279731381263,True,False,False
627,10134,10146,2023-11-17 10:05:00,2023-11-17 11:05:00,-1.0,13,-0.0020717928412337288,0.0017937629258973516,-0.0020717928412337288,0.0038655557671310806,False,True,False
628,10147,10151,2023-11-17 11:10:00,2023-11-17 11:30:00,1.0,5,-0.002782144269537532,7.873351521108822e-05,-0.002782144269537532,0.00286087778474862,False,True,False
629,10152,10165,2023-11-17 13:05:00,2023-11-17 14:10:00,-1.0,14,-0.0017017444165383286,0.0008237372180004824,-0.0025234047793858973,0.002525481634538811,False,True,False
630,10166,10179,2023-11-17 14:15:00,2023-11-20 09:50:00,1.0,14,-0.0034628846452721225,0.003652900246612697,-0.0034628846452721225,0.0071157848918848195,False,True,False
631,10180,10186,2023-11-20 09:55:00,2023-11-20 10:25:00,-1.0,7,-0.00176114022873386,0.0018321651811489845,-0.00176114022873386,0.0035933054098828444,False,True,False
632,10187,10220,2023-11-20 10:30:00,2023-11-20 14:45:00,1.0,34,0.006666429045940763,0.009776433901918485,-0.0007672952093272213,0.0031100048559777223,False,False,False
633,10221,10228,2023-11-20 14:50:00,2023-11-21 09:55:00,-1.0,8,-0.0037576371128333927,0.00016808135176983003,-0.0037576371128333927,0.003925718464603223,False,True,False
634,10229,10234,2023-11-21 10:00:00,2023-11-21 10:25:00,1.0,6,-0.004497406473044007,0.0,-0.004497406473044007,0.004497406473044007,True,False,False
635,10235,10250,2023-11-21 10:30:00,2023-11-21 13:15:00,-1.0,16,0.0002691427818697305,0.002593510943613541,-0.0003923700884966798,0.0023243681617438105,False,False,False
636,10251,10257,2023-11-21 13:20:00,2023-11-21 13:50:00,1.0,7,-0.0008752146517544231,0.002408492496503555,-0.0008752146517544231,0.0032837071482579782,False,True,False
637,10258,10328,2023-11-21 13:55:00,2023-11-23 10:15:00,-1.0,71,0.02076827153100546,0.02713801275420715,0.0,0.0063697412232016914,False,False,False
638,10329,10341,2023-11-23 10:20:00,2023-11-23 11:20:00,1.0,13,-0.0023178438374688785,0.001282829731400898,-0.0023178438374688785,0.0036006735688697764,False,True,False
639,10342,10353,2023-11-23 11:25:00,2023-11-23 13:50:00,-1.0,12,-0.004275788735971101,0.0006665134698594197,-0.004275788735971101,0.00494230220583052,False,True,False
640,10354,10370,2023-11-23 13:55:00,2023-11-24 09:45:00,1.0,17,-0.00254263631847618,0.004610617133190522,-0.00254263631847618,0.007153253451666702,False,True,False
641,10371,10427,2023-11-24 09:50:00,2023-11-27 10:30:00,-1.0,57,0.007308754083894865,0.01223045128896991,0.0,0.0049216972050750455,False,False,False
642,10428,10439,2023-11-27 10:35:00,2023-11-27 11:30:00,1.0,12,-0.0017343049785831053,0.0014891004084899532,-0.0017343049785831053,0.0032234053870730584,False,True,False
643,10440,10444,2023-11-27 13:05:00,2023-11-27 13:25:00,-1.0,5,-0.0040535680082538755,0.0005787707072083615,-0.0040535680082538755,0.004632338715462237,False,True,False
644,10445,10466,2023-11-27 13:30:00,2023-11-28 09:45:00,1.0,22,-0.0027698930527214755,0.002451870346854433,-0.0027698930527214755,0.005221763399575908,False,True,False
645,10467,10469,2023-11-28 09:50:00,2023-11-28 10:00:00,-1.0,3,-0.004807784713565637,0.0,-0.004807784713565637,0.004807784713565637,True,False,False
646,10470,10486,2023-11-28 10:05:00,2023-11-28 11:25:00,1.0,17,0.00048295847495977953,0.0038113214695458305,0.0,0.003328362994586051,False,False,False
647,10487,10502,2023-11-28 11:30:00,2023-11-28 14:15:00,-1.0,16,0.0006209894631354817,0.0042511339879163735,0.0,0.0036301445247808916,False,False,False
648,10503,10514,2023-11-28 14:20:00,2023-11-29 09:45:00,1.0,12,-0.0015887272803600102,0.0032387018386610643,-0.0015887272803600102,0.0048274291190210745,False,True,False
649,10515,10521,2023-11-29 09:50:00,2023-11-29 10:20:00,-1.0,7,-0.003565353181057903,0.0,-0.003668673790741475,0.003565353181057903,True,False,False
650,10522,10528,2023-11-29 10:25:00,2023-11-29 10:55:00,1.0,7,-0.003081560234998656,0.00021810876826311497,-0.003081560234998656,0.003299669003261771,False,True,False
651,10529,10567,2023-11-29 11:00:00,2023-11-30 10:10:00,-1.0,39,0.005821020559913564,0.012153943182030958,-0.001311973672514307,0.0063329226221173944,False,False,False
652,10568,10574,2023-11-30 10:15:00,2023-11-30 10:45:00,1.0,7,-0.0030975401082775733,0.0007757817547749267,-0.0030975401082775733,0.0038733218630525,False,True,False
653,10575,10599,2023-11-30 10:50:00,2023-11-30 14:20:00,-1.0,25,-0.001462956128421363,0.002862430830068467,-0.003085956716544493,0.00432538695848983,False,True,False
654,10600,10610,2023-11-30 14:25:00,2023-12-01 09:45:00,1.0,11,-0.0020092105222087884,0.002688111367709727,-0.0020092105222087884,0.004697321889918515,False,True,False
655,10611,10640,2023-12-01 09:50:00,2023-12-01 13:45:00,-1.0,30,-0.0029021868017073344,0.004182327342921533,-0.0029021868017073344,0.007084514144628867,False,True,False
656,10641,10650,2023-12-01 13:50:00,2023-12-01 14:35:00,1.0,10,0.003737197520904068,0.00709222830949187,-0.00033622214165609116,0.0033550307885878024,False,False,False
657,10651,10654,2023-12-01 14:40:00,2023-12-01 14:55:00,-1.0,4,-0.0034010697145079286,0.0,-0.0034010697145079286,0.0034010697145079286,True,False,False
658,10655,10671,2023-12-01 15:00:00,2023-12-04 10:50:00,1.0,17,-0.00013812313699563617,0.004765057671338928,-0.0028122605351640047,0.004903180808334564,False,True,False
659,10672,10689,2023-12-04 10:55:00,2023-12-04 13:50:00,-1.0,18,-5.755362560650129e-05,0.0028472805822421067,-0.0008859587630703575,0.002904834207848608,False,True,False
660,10690,10693,2023-12-04 13:55:00,2023-12-04 14:10:00,1.0,4,-0.002893290396197181,0.0,-0.002893290396197181,0.002893290396197181,True,False,False
661,10694,10735,2023-12-04 14:15:00,2023-12-05 13:40:00,-1.0,42,0.015108891408384529,0.018231142903081313,0.0,0.0031222514946967848,False,False,False
662,10736,10741,2023-12-05 13:45:00,2023-12-05 14:10:00,1.0,6,-0.0022174388877999095,0.0010307830177549247,-0.0022174388877999095,0.003248221905554834,False,True,False
663,10742,10761,2023-12-05 14:15:00,2023-12-06 10:20:00,-1.0,20,0.0005639429157271343,0.008931106256025672,-0.0014553822359762545,0.008367163340298538,False,False,False
664,10762,10766,2023-12-06 10:25:00,2023-12-06 10:45:00,1.0,5,-0.0026477300899214106,0.0003407535386151367,-0.004027325273802646,0.0029884836285365476,False,True,False
665,10767,10782,2023-12-06 10:50:00,2023-12-06 13:35:00,-1.0,16,-0.002506694654534427,0.003068355881649988,-0.002506694654534427,0.005575050536184414,False,True,False
666,10783,10790,2023-12-06 13:40:00,2023-12-06 14:15:00,1.0,8,-0.0035559570251054414,0.00030555164060404826,-0.0035559570251054414,0.0038615086657094897,False,True,False
667,10791,10795,2023-12-06 14:20:00,2023-12-06 14:40:00,-1.0,5,-0.002438723883485518,0.0,-0.0032738264673192264,0.002438723883485518,True,False,False
668,10796,10802,2023-12-06 14:45:00,2023-12-07 09:45:00,1.0,7,-0.003890642618636963,0.0,-0.003890642618636963,0.003890642618636963,True,False,False
669,10803,10825,2023-12-07 09:50:00,2023-12-07 13:10:00,-1.0,23,0.0028390962359445345,0.008493929780256,0.0,0.005654833544311465,False,False,False
670,10826,10898,2023-12-07 13:15:00,2023-12-11 09:45:00,1.0,73,0.017566972026834778,0.022559725504200906,-9.477550060412016e-05,0.004992753477366128,False,False,False
671,10899,10910,2023-12-11 09:50:00,2023-12-11 10:45:00,-1.0,12,-0.0036483245411758837,0.001269575212312695,-0.0036483245411758837,0.004917899753488579,False,True,False
672,10911,10946,2023-12-11 10:50:00,2023-12-12 09:45:00,1.0,36,0.0165513563487635,0.020240515101590195,-0.0015901483813322117,0.0036891587528266948,False,False,False
673,10947,10983,2023-12-12 09:50:00,2023-12-12 14:20:00,-1.0,37,0.00681049498731384,0.010619365850235327,-0.000433384281776831,0.0038088708629214867,False,False,False
674,10984,10989,2023-12-12 14:25:00,2023-12-12 14:50:00,1.0,6,-0.0020809987102320187,0.001446098655560209,-0.0020809987102320187,0.003527097365792228,False,True,False
675,10990,10995,2023-12-12 14:55:00,2023-12-13 09:50:00,-1.0,6,-0.0058639752621101725,2.7538735181131813e-17,-0.0058639752621101725,0.0058639752621102,True,False,False
676,10996,11000,2023-12-13 09:55:00,2023-12-13 10:15:00,1.0,5,-0.004966660244352024,0.0,-0.004966660244352024,0.004966660244352024,True,False,False
677,11001,11015,2023-12-13 10:20:00,2023-12-13 11:30:00,-1.0,15,0.0011045021084414345,0.0035017832657503857,0.0,0.0023972811573089513,False,False,False
678,11016,11019,2023-12-13 13:05:00,2023-12-13 13:20:00,1.0,4,-0.0017512937546698578,0.0,-0.0018435521242990932,0.0017512937546698578,True,False,False
679,11020,11042,2023-12-13 13:25:00,2023-12-14 09:45:00,-1.0,23,0.002181882016561139,0.006931494179707057,-0.000772329880870381,0.004749612163145918,False,False,False
680,11043,11046,2023-12-14 09:50:00,2023-12-14 10:05:00,1.0,4,-0.0037514806751188425,0.0,-0.003774681723807162,0.0037514806751188425,True,False,False
681,11047,11058,2023-12-14 10:10:00,2023-12-14 11:05:00,-1.0,12,-0.00033635472982510565,0.0044178926461119665,-0.00033635472982510565,0.004754247375937072,False,True,False
682,11059,11066,2023-12-14 11:10:00,2023-12-14 13:15:00,1.0,8,-0.0014506127029503227,0.0032648742734611626,-0.0015202950675334672,0.004715486976411485,False,True,False
683,11067,11080,2023-12-14 13:20:00,2023-12-14 14:25:00,-1.0,14,-0.0008590168268666036,0.004411164237736978,-0.0008590168268666036,0.005270181064603582,False,True,False
684,11081,11085,2023-12-14 14:30:00,2023-12-14 14:50:00,1.0,5,-0.005876927638180811,0.0,-0.005876927638180811,0.005876927638180811,True,False,False
685,11086,11098,2023-12-14 14:55:00,2023-12-15 10:25:00,-1.0,13,-0.000466760805235159,0.005970376658571393,-0.000466760805235159,0.006437137463806552,False,True,False
686,11099,11106,2023-12-15 10:30:00,2023-12-15 11:05:00,1.0,8,-0.004103277268679157,0.0004315598623004126,-0.004103277268679157,0.004534837130979569,False,True,False
687,11107,11150,2023-12-15 11:10:00,2023-12-18 10:45:00,-1.0,44,0.009072731846682596,0.012815171403046978,-0.0015099996431143143,0.003742439556364382,False,False,False
688,11151,11155,2023-12-18 10:50:00,2023-12-18 11:10:00,1.0,5,-0.00342212635850158,0.0,-0.00342212635850158,0.00342212635850158,True,False,False
689,11156,11185,2023-12-18 11:15:00,2023-12-19 09:40:00,-1.0,30,0.001994728879689821,0.004648655092115947,-0.0019315662945189487,0.0026539262124261258,False,False,False
690,11186,11204,2023-12-19 09:45:00,2023-12-19 11:15:00,1.0,19,0.004849284779185319,0.009498589859501428,-0.0009155822017852945,0.004649305080316109,False,False,False
691,11205,11230,2023-12-19 11:20:00,2023-12-19 14:55:00,-1.0,26,0.002083852090234463,0.006621754864404524,-0.001040299889306384,0.004537902774170061,False,False,False
692,11231,11237,2023-12-19 15:00:00,2023-12-20 10:00:00,1.0,7,-0.0013164841106491946,0.004210582336400044,-0.0022901362138325323,0.0055270664470492385,False,True,False
693,11238,11263,2023-12-20 10:05:00,2023-12-20 13:40:00,-1.0,26,0.004138625891567693,0.00496125417556679,-0.0013401886571824083,0.0008226282839990974,False,False,False
694,11264,11266,2023-12-20 13:45:00,2023-12-20 13:55:00,1.0,3,-0.0012401623340013326,0.00016682753646342623,-0.0016698078830379947,0.0014069898704647588,False,True,False
695,11267,11293,2023-12-20 14:00:00,2023-12-21 10:40:00,-1.0,27,-0.0035613294347702903,0.0068365078145459016,-0.0035613294347702903,0.010397837249316193,False,True,False
696,11294,11322,2023-12-21 10:45:00,2023-12-21 14:35:00,1.0,29,0.007108445111157363,0.011137763223140312,-0.0017373924450279066,0.004029318111982949,False,False,False
697,11323,11345,2023-12-21 14:40:00,2023-12-22 11:00:00,-1.0,23,0.0004841385675499444,0.006728049733129263,-0.0026173704489212022,0.006243911165579319,False,False,False
698,11346,11354,2023-12-22 11:05:00,2023-12-22 13:15:00,1.0,9,-0.00030713619368963937,0.005007167751040391,-0.0015366251649490837,0.005314303944730031,False,True,False
699,11355,11377,2023-12-22 13:20:00,2023-12-25 09:40:00,-1.0,23,0.0016199314184960727,0.007244990752396151,-0.002100816313964034,0.0056250593339000786,False,False,False
700,11378,11380,2023-12-25 09:45:00,2023-12-25 09:55:00,1.0,3,-0.007745622434952117,0.0,-0.009165814459219173,0.007745622434952117,True,False,False
701,11381,11409,2023-12-25 10:00:00,2023-12-25 13:50:00,-1.0,29,-0.0004411615736360176,0.004362461127681943,-0.001787289277816502,0.004803622701317961,False,True,False
702,11410,11426,2023-12-25 13:55:00,2023-12-26 09:45:00,1.0,17,-0.005186993977128698,0.0,-0.005186993977128698,0.005186993977128698,True,False,False
703,11427,11457,2023-12-26 09:50:00,2023-12-26 13:50:00,-1.0,31,0.01029800793693072,0.014070292820487577,-0.0012693548353169448,0.003772284883556857,False,False,False
704,11458,11465,2023-12-26 13:55:00,2023-12-26 14:30:00,1.0,8,0.0008833976287113859,0.005926783760772554,-0.000193725709218132,0.005043386132061168,False,False,False
705,11466,11474,2023-12-26 14:35:00,2023-12-27 09:45:00,-1.0,9,-0.0020179934466327872,0.002967918398548649,-0.003103848483106689,0.004985911845181436,False,True,False
706,11475,11503,2023-12-27 09:50:00,2023-12-27 13:40:00,1.0,29,0.0021223493682883793,0.0052854436570417725,-0.00219944981594661,0.003163094288753393,False,False,False
707,11504,11514,2023-12-27 13:45:00,2023-12-27 14:35:00,-1.0,11,-0.0007947211669600369,0.0020378516768355627,-0.001300124176442578,0.0028325728437955996,False,True,False
708,11515,11563,2023-12-27 14:40:00,2023-12-28 14:40:00,1.0,49,0.021245723086785,0.026885829689586593,-0.0029049989993261863,0.005640106602801592,False,False,False
709,11564,11571,2023-12-28 14:45:00,2023-12-29 09:50:00,-1.0,8,-0.005476053074110731,0.0,-0.006132105769298827,0.005476053074110731,True,False,False
710,11572,11595,2023-12-29 09:55:00,2023-12-29 13:20:00,1.0,24,-0.004380794960700771,7.0311950716902e-05,-0.004380794960700771,0.004451106911417673,False,True,False
711,11596,11605,2023-12-29 13:25:00,2023-12-29 14:10:00,-1.0,10,-0.003290327065412907,0.0,-0.003290327065412907,0.003290327065412907,True,False,False
712,11606,11615,2023-12-29 14:15:00,2023-12-29 15:00:00,1.0,10,-0.0007393802452872996,0.0004457112099779353,-0.0028313820425001353,0.001185091455265235,False,True,True
