a,b,c,pnl_first_index,pnl_last_index,year,start,peak,end,bars,sigma,net_log,capture,peak_fraction,time_mass_skew,motion_concentration,half_height_width,negative_area_share,amplitude,net_trend_normalized
53,61,64,55,65,2025,2025-01-03 10:00:00,2025-01-03 10:40:00,2025-01-03 10:55:00,11,0.002518872078018975,-0.017382565177292062,-0.7488563935261922,0.7272727272727273,0.5635457788912788,1.8643524467073467,0.25,0.24256062030788045,0.012222112988524714,0.4631182760266251
64,68,86,66,87,2025,2025-01-03 10:55:00,2025-01-03 11:15:00,2025-01-03 14:15:00,22,0.0025673684681567165,0.007541712666132894,0.24741532625780377,0.18181818181818182,0.37438533025995857,1.3102356277664096,0.2608695652173913,0.00043815078694875746,0.018959057491662712,-0.7978791525515937
86,88,100,88,101,2025,2025-01-03 14:15:00,2025-01-03 14:25:00,2025-01-06 09:55:00,14,0.0025345167489833962,0.007586902825224168,0.16426139518880925,0.14285714285714285,0.21105279168892796,1.4352058756722896,0.26666666666666666,0.035462660182678254,0.015296260274474172,-0.4544468266808004
100,106,112,102,113,2025,2025-01-06 09:55:00,2025-01-06 10:25:00,2025-01-06 10:55:00,12,0.0027476067190296254,-0.014701539861907639,-0.5462813619726731,0.5,0.16760614312930291,1.4649307789538824,0.46153846153846156,0.0,0.009321156717455814,0.09035980899785939
112,117,128,114,129,2025,2025-01-06 10:55:00,2025-01-06 11:20:00,2025-01-06 13:45:00,16,0.0028470088797125856,0.004775369497032028,0.17673239240335795,0.3125,0.1975246737353187,1.4007572654613227,0.35294117647058826,0.0,0.009463793030950463,-0.504561268872675
128,132,137,130,138,2025,2025-01-06 13:45:00,2025-01-06 14:05:00,2025-01-06 14:30:00,9,0.0028399642393782476,-0.0006637192069202546,-0.060921259739048196,0.4444444444444444,-0.35064468097257573,1.6803177351113487,0.2,0.011745696627877318,0.005094722453134359,0.1302674649082941
137,151,161,139,162,2025,2025-01-06 14:30:00,2025-01-07 10:10:00,2025-01-07 11:00:00,24,0.0022935627258468586,-9.307286547443824e-06,-0.000200683153732664,0.5833333333333334,0.1078353383619574,1.411634658268173,0.48,0.03344551324901837,0.017209417670982496,0.39968675563276906
161,166,168,163,169,2025,2025-01-07 11:00:00,2025-01-07 11:25:00,2025-01-07 13:05:00,7,0.002006489827406803,-0.006626201331312604,-0.7294251457814399,0.7142857142857143,-0.05509942744331053,1.2469414072415066,0.5,0.029755464470696803,0.004475181915751136,0.3986067310241355
168,190,217,170,218,2025,2025-01-07 13:05:00,2025-01-07 14:55:00,2025-01-08 13:10:00,49,0.002129471177602737,0.03556741567263096,0.3400665089728786,0.4489795918367347,0.12331968801570829,1.5670238288142113,0.46,0.000315734037294986,0.02833627941949768,-0.14706406816345555
217,230,238,219,239,2025,2025-01-08 13:10:00,2025-01-08 14:15:00,2025-01-08 14:55:00,21,0.002745461715446584,0.010533015991360134,0.18559255426216248,0.6190476190476191,-0.006500012321437893,1.3578420125368085,0.36363636363636365,0.0021117977369403355,0.03689444433238798,0.7865546057028479
238,242,250,240,251,2025,2025-01-08 14:55:00,2025-01-09 09:45:00,2025-01-09 10:25:00,12,0.0027603670006704395,-0.011222406224997173,-0.3816187641505774,0.3333333333333333,0.2749448247958622,1.4747406539909311,0.46153846153846156,0.05732919961320286,0.006958581774969552,-0.38120682654185384
250,258,261,252,262,2025,2025-01-09 10:25:00,2025-01-09 11:05:00,2025-01-09 11:20:00,11,0.0026415882153459063,-0.005484756548987963,-0.3484480605803825,0.7272727272727273,0.07166345052905777,1.3445253323702069,0.3333333333333333,0.0,0.006886452890927153,0.5023622927154823
261,267,276,263,277,2025,2025-01-09 11:20:00,2025-01-09 13:20:00,2025-01-09 14:05:00,15,0.002426861310296169,0.002436395907246199,0.1296325712007055,0.4,0.03842407825841345,1.6939345020143468,0.75,0.0,0.011086897931456008,-0.6054330632655488
276,282,285,278,286,2025,2025-01-09 14:05:00,2025-01-09 14:35:00,2025-01-09 14:50:00,9,0.0019665262896307032,-0.006766591217509325,-0.4879511457002689,0.6666666666666666,0.12046843613164737,1.5843237274235058,0.7,0.0,0.007187895591338034,0.44100129089862994
285,292,294,287,295,2025,2025-01-09 14:50:00,2025-01-10 09:55:00,2025-01-10 10:05:00,9,0.0022054846106929664,-0.015869858497580876,-0.6574908371644944,0.7777777777777778,-0.10479691481521826,1.7944241431196364,0.4,0.1593067129067821,0.01630011123897912,0.3852011855056481
294,300,314,296,315,2025,2025-01-10 10:05:00,2025-01-10 10:35:00,2025-01-10 13:15:00,20,0.002555448442444652,0.005604429036660612,0.13845441069802442,0.3,0.18192742759892264,1.54930161361241,0.6190476190476191,0.0,0.018977233064332744,-0.5401497179091195
314,317,337,316,338,2025,2025-01-10 13:15:00,2025-01-10 13:30:00,2025-01-13 09:40:00,23,0.0026827846792792237,0.020296666487015176,0.41694032207846726,0.13043478260869565,-0.14009463432739405,2.4291820690451527,0.8333333333333334,0.01861437551681949,0.030578157932607652,-0.6611149245582407
337,341,344,339,345,2025,2025-01-13 09:40:00,2025-01-13 10:00:00,2025-01-13 10:15:00,7,0.0032308369180719283,-0.02369703900465499,-0.833337735802861,0.5714285714285714,0.33493979826484543,1.4356382148102858,0.5,0.018014585659613967,0.013175393316725348,0.1088470894117635
344,352,362,346,363,2025,2025-01-13 10:15:00,2025-01-13 10:55:00,2025-01-13 13:15:00,18,0.003250181733526369,0.0003609288871420874,0.011099761438265425,0.4444444444444444,-0.166897963882047,1.8651144170757197,0.5263157894736842,0.0037828188045508125,0.01156326408750008,-0.017444246844494807
362,371,375,364,376,2025,2025-01-13 13:15:00,2025-01-13 14:00:00,2025-01-13 14:20:00,13,0.003249371406196257,-0.008218354316961144,-0.36808623403257196,0.6923076923076923,-0.7075791514093369,1.3754864344361377,0.21428571428571427,0.007610112969412575,0.007215053780167402,0.13384894942569459
375,404,407,377,408,2025,2025-01-13 14:20:00,2025-01-14 11:15:00,2025-01-14 11:30:00,32,0.0022468409887028183,0.02956776211690537,0.36571421918248986,0.90625,-0.9328003717349018,1.4472850817044214,0.15151515151515152,0.041701650793140206,0.04056611453039238,0.7237700809278848
407,422,427,409,428,2025,2025-01-14 11:30:00,2025-01-14 14:15:00,2025-01-14 14:40:00,20,0.0023155902110684563,-0.008400077346241496,-0.2349384893377757,0.75,-0.28105849165520497,1.379848138452758,0.5714285714285714,0.003169667375891066,0.012783094694443164,0.5019981897382529
427,430,435,429,436,2025,2025-01-14 14:40:00,2025-01-14 14:55:00,2025-01-15 09:50:00,8,0.002383510327441837,0.0011988901892029634,0.07949904037734627,0.375,0.38010817159614574,1.8349305366771795,0.3333333333333333,0.0,0.007883436107598563,-0.3822534486099414
435,446,463,437,464,2025,2025-01-15 09:50:00,2025-01-15 10:45:00,2025-01-15 13:40:00,28,0.0024307376089245606,0.0036251598170158033,0.09837843582820466,0.39285714285714285,0.21728287546675917,1.573710731078595,0.5172413793103449,0.0,0.014238851970486799,0.24972171834337117
463,466,473,465,474,2025,2025-01-15 13:40:00,2025-01-15 13:55:00,2025-01-15 14:30:00,10,0.001867182226725637,0.0019451673857800297,0.25514609095901236,0.3,0.31241386546724537,1.5769803928674198,0.5454545454545454,0.0,0.004825001182784838,-0.36920580355719396
473,481,489,475,490,2025,2025-01-15 14:30:00,2025-01-16 09:40:00,2025-01-16 10:20:00,16,0.0019275011207831234,-0.012566170500681696,-0.2459594954788022,0.5,-0.08485114496064927,1.7981582143881778,0.23529411764705882,0.0,0.02313062332675031,-0.3531909207328719
489,490,506,491,507,2025,2025-01-16 10:20:00,2025-01-16 10:25:00,2025-01-16 13:15:00,17,0.0028618610665094597,0.012862615793341723,0.33075349590326664,0.058823529411764705,0.24473958750105163,1.4944119257534527,0.5,0.017623959638671482,0.021544967768950762,-0.5911593527651698
506,511,513,508,514,2025,2025-01-16 13:15:00,2025-01-16 13:40:00,2025-01-16 13:50:00,7,0.0030470808808617817,-0.011139691066275787,-0.7542667575290992,0.7142857142857143,-0.38725014949608755,1.39761870850703,0.375,0.013028283258035777,0.00730824410111186,0.463105335423523
513,518,531,515,532,2025,2025-01-16 13:50:00,2025-01-16 14:15:00,2025-01-17 09:50:00,18,0.003152234331748191,0.00695989256329202,0.18167839878491893,0.2777777777777778,0.06656827319123952,1.5148453640515074,0.631578947368421,0.0012393034166686468,0.016787441245228685,-0.6414090635499824
531,537,543,533,544,2025,2025-01-17 09:50:00,2025-01-17 10:20:00,2025-01-17 10:50:00,12,0.002577900326957515,-0.007938632967460058,-0.23589970561310242,0.5,-0.06406986471509185,1.2101429984056653,0.3076923076923077,0.01985062198094881,0.010913602370221653,0.22284610286110004
543,557,572,545,573,2025,2025-01-17 10:50:00,2025-01-17 13:30:00,2025-01-17 14:45:00,29,0.0033820926544459963,0.013752117839824985,0.19590546617163063,0.4827586206896552,0.2966627286383757,2.503562833559503,0.3333333333333333,0.02582778044269734,0.02814776000761121,0.5037400853061093
572,588,596,574,597,2025,2025-01-17 14:45:00,2025-01-20 10:35:00,2025-01-20 11:15:00,24,0.0032909047679534073,-0.009946056317961503,-0.1943465486285646,0.6666666666666666,-0.36694025564640265,1.6195472217157798,0.48,0.011854416959685348,0.012487154972563808,0.4437850227610309
596,599,600,598,601,2025,2025-01-20 11:15:00,2025-01-20 11:30:00,2025-01-20 13:05:00,4,0.003244525407283003,-0.0007524338496687497,-0.1055250122711573,0.75,-0.5811894348007968,1.3714551807544324,0.4,0.0,0.0031807984983869275,0.24624980843144917
600,603,605,602,606,2025,2025-01-20 13:05:00,2025-01-20 13:20:00,2025-01-20 13:30:00,5,0.00223551067765756,-0.0006900920568238801,-0.12355839565835203,0.6,0.13083096165922647,1.3776276793716775,0.16666666666666666,0.05144832302230645,0.00327120400331804,0.17631267880467844
605,606,619,607,620,2025,2025-01-20 13:30:00,2025-01-20 13:35:00,2025-01-20 14:40:00,14,0.0020404710126678428,0.005440940135361194,0.38561451667727376,0.07142857142857142,0.17378586927807943,1.6232903058349961,0.6666666666666666,0.015485474604224995,0.007796425928185968,-0.7058362786595962
619,625,631,621,632,2025,2025-01-20 14:40:00,2025-01-21 09:40:00,2025-01-21 10:10:00,12,0.002033719642253795,-0.009740218719781778,-0.3900709257763345,0.5,0.23631576577894037,1.8101955471730686,0.3076923076923077,0.0,0.006789200543177998,0.15089050810800544
631,647,652,633,653,2025,2025-01-21 10:10:00,2025-01-21 11:30:00,2025-01-21 13:25:00,21,0.0018481253803379748,-0.004704765899330931,-0.1246401935969031,0.7619047619047619,-1.1743111969516151,1.3246575909153033,0.22727272727272727,0.04620430547624512,0.012671601281221356,0.43789324151781384
652,655,657,654,658,2025,2025-01-21 13:25:00,2025-01-21 13:40:00,2025-01-21 13:50:00,5,0.0018809736149291265,-0.0014491787955002115,-0.3215092709766501,0.6,0.43666308292644546,1.4204538149163355,0.16666666666666666,0.0,0.0030295429052680234,0.4851241146120857
657,663,664,659,665,2025,2025-01-21 13:50:00,2025-01-21 14:20:00,2025-01-21 14:25:00,7,0.001873449117454581,-0.00463315146422658,-0.7146967025920264,0.8571428571428571,-0.304407801576967,1.3278899090015743,0.5,0.1614812202500659,0.004185093656824179,0.47314788010723563
664,671,678,666,679,2025,2025-01-21 14:25:00,2025-01-21 15:00:00,2025-01-22 10:05:00,14,0.0018225128376313483,-0.002455424406783327,-0.09339825970926213,0.5,-0.3049219835788636,2.170222218581899,0.4666666666666667,0.0,0.011135423440629566,-0.6995106554557322
678,680,683,680,684,2025,2025-01-22 10:05:00,2025-01-22 10:15:00,2025-01-22 10:30:00,5,0.0017875524326310035,-0.0005060859524571152,-0.04562289238604199,0.4,-0.018241879756616237,1.6824544822643037,0.3333333333333333,0.0,0.005685930318392707,0.061758800668373394
683,692,701,685,702,2025,2025-01-22 10:30:00,2025-01-22 11:15:00,2025-01-22 13:30:00,18,0.0017877580826906251,0.000302885809706385,0.01342868881741316,0.5,-0.016216499562917465,1.4705561968478174,0.5263157894736842,0.0,0.009046114319682275,0.1619769717413092
701,708,712,703,713,2025,2025-01-22 13:30:00,2025-01-22 14:05:00,2025-01-22 14:25:00,11,0.0017602213992464581,-0.007164897731772487,-0.5495821994640706,0.6363636363636364,-0.21253694900666598,1.4120878740863616,0.5833333333333334,0.0,0.006423817885286454,0.4679996326850573
712,723,730,714,731,2025,2025-01-22 14:25:00,2025-01-23 09:50:00,2025-01-23 10:25:00,18,0.00219721116253038,0.013552349803494613,0.27297636884149556,0.6111111111111112,-0.8782184345321326,2.171108581475574,0.2631578947368421,0.03046897857944509,0.020573549581834882,0.5183944294018489
730,733,742,732,743,2025,2025-01-23 10:25:00,2025-01-23 10:40:00,2025-01-23 11:25:00,12,0.0022040402504742308,0.005630254974283678,0.35281993334353917,0.25,0.14298914167800564,1.3704223488939122,0.38461538461538464,0.05715652945490978,0.010032524068179782,-0.5459139686743674
742,744,759,744,760,2025,2025-01-23 11:25:00,2025-01-23 13:05:00,2025-01-23 14:20:00,17,0.0023288183098074495,-0.0007711399426495026,-0.02695224411293728,0.11764705882352941,2.0272160321323733,1.2220428604033216,0.16666666666666666,0.0708427703298533,0.016873625629711952,-0.6410679907172473
759,762,766,761,767,2025,2025-01-23 14:20:00,2025-01-23 14:35:00,2025-01-23 14:55:00,7,0.002321079305916814,0.00021710924298668605,0.035229496694270585,0.42857142857142855,0.3509293390281356,1.2795329555288126,0.375,0.0,0.0032313875066058984,-0.07039321879496757
766,774,777,768,778,2025,2025-01-23 14:55:00,2025-01-24 10:05:00,2025-01-24 10:20:00,11,0.0018240244663688125,0.0012802575069374772,0.05811391461320478,0.7272727272727273,-0.3501837605318919,1.412298778775543,0.25,0.138246697758084,0.009713464470272548,0.619836609438499
777,789,807,779,808,2025,2025-01-24 10:20:00,2025-01-24 11:20:00,2025-01-24 14:20:00,30,0.0018267530239511377,0.006140783397578583,0.1904830256385735,0.4,0.1679269767070301,1.5874205751734423,0.3548387096774194,0.03205673284442909,0.008517676823769804,-0.13402366270855426
807,812,826,809,827,2025,2025-01-24 14:20:00,2025-01-24 14:45:00,2025-01-27 10:25:00,19,0.0016268114989952257,0.0008806494160966429,0.033356068918460824,0.2631578947368421,0.35804326003167175,2.002750163984764,0.45,0.009927311570276053,0.011533629684143065,-0.7194119287966404
826,830,846,828,847,2025,2025-01-27 10:25:00,2025-01-27 10:45:00,2025-01-27 13:35:00,20,0.0015559887573913084,0.0008828884060724945,0.03622387722675289,0.2,0.3483530733627667,1.2911412568091598,0.3333333333333333,0.016389756051603154,0.009005985274976425,-0.44098655823445676
846,853,860,848,861,2025,2025-01-27 13:35:00,2025-01-27 14:10:00,2025-01-27 14:45:00,14,0.001670175954458016,-0.008180931068577275,-0.45152740012815057,0.5,-0.4781901536678888,1.7170700405959467,0.4,0.0,0.007992799115647209,-0.379847352691711
860,884,899,862,900,2025,2025-01-27 14:45:00,2025-02-05 11:15:00,2025-02-05 14:00:00,39,0.003701755113120181,-0.009326823209897953,-0.08640256789052286,0.6153846153846154,0.21336978391915323,3.797345333925445,0.625,0.01340122875701047,0.03347218059298651,0.6722839320718751
899,908,911,901,912,2025,2025-02-05 14:00:00,2025-02-05 14:45:00,2025-02-05 15:00:00,12,0.0037637423788889146,-0.009915776070358118,-0.4729527280579938,0.75,-0.18959827432916398,1.5579990720203796,0.3076923076923077,0.15208030186678945,0.008341284456835574,0.49136522376213165
911,930,935,913,936,2025,2025-02-05 15:00:00,2025-02-06 11:05:00,2025-02-06 11:30:00,24,0.0020641427216187168,0.01812945475872827,0.33124314666929394,0.7916666666666666,-0.8586128703409156,1.3994277162063726,0.32,0.08918321591726008,0.03260699888440399,0.6508262125852693
935,939,941,937,942,2025,2025-02-06 11:30:00,2025-02-06 13:20:00,2025-02-06 13:30:00,6,0.002249123038111529,-0.0023423407910973765,-0.23449686408920858,0.6666666666666666,-0.31150704127090345,1.1974209850357993,0.42857142857142855,0.16133598055550422,0.005265470757116475,0.8267923359934828
941,948,952,943,953,2025,2025-02-06 13:30:00,2025-02-06 14:05:00,2025-02-06 14:25:00,11,0.0021587026878400525,-0.004632473108293539,-0.364116832983473,0.6363636363636364,-0.10526472865992058,1.4991685215519583,0.3333333333333333,0.14620612107525283,0.005204601701099598,-0.41777574800693873
952,970,971,954,972,2025,2025-02-06 14:25:00,2025-02-07 10:25:00,2025-02-07 10:30:00,19,0.0020854638976564336,0.010118088709389964,0.3086251510041723,0.9473684210526315,-1.2092775745618942,1.5614082472542463,0.1,0.30371365133052086,0.020170900828198057,0.8592712958519609
971,982,1000,973,1001,2025,2025-02-07 10:30:00,2025-02-07 11:25:00,2025-02-07 14:25:00,29,0.0021211147122713234,0.028104802634842028,0.44810271731948315,0.3793103448275862,-0.019939535296075502,1.5141908698933113,0.5333333333333333,0.012377220489430461,0.029043250061772774,-0.6303292159773266
1000,1015,1020,1002,1021,2025,2025-02-07 14:25:00,2025-02-10 10:10:00,2025-02-10 10:35:00,20,0.00259060201421385,-0.004533374085378294,-0.11140433642780523,0.75,-0.024078801661618642,1.7252371977847725,0.5714285714285714,0.0,0.02132075446713433,0.7182272252618828
1020,1025,1026,1022,1027,2025,2025-02-10 10:35:00,2025-02-10 11:00:00,2025-02-10 11:05:00,6,0.0024147403517318735,0.002759578077861007,0.36299724155784313,0.8333333333333334,-0.12119967888992922,1.5164733124151228,0.7142857142857143,0.0,0.004730960390398664,0.3972605243149677
1026,1051,1066,1028,1067,2025,2025-02-10 11:05:00,2025-02-10 14:40:00,2025-02-11 10:25:00,40,0.0022982158883972682,-0.007210256084547237,-0.11341226949338161,0.625,-0.2396290234365364,2.1371252002861203,0.4878048780487805,0.01776632230396471,0.0164650370770838,-0.03327052920516592
1069,1084,1101,1071,1102,2025,2025-02-11 10:40:00,2025-02-11 13:25:00,2025-02-11 14:50:00,32,0.0024217678303352546,0.007978924350910965,0.13904683344557262,0.46875,0.25318318348021235,1.4592147691127964,0.24242424242424243,0.015753698174203544,0.016062378010128775,0.1734500876722421
1101,1104,1107,1103,1108,2025,2025-02-11 14:50:00,2025-02-12 09:35:00,2025-02-12 09:50:00,6,0.002267445616108691,-0.007929991109321868,-0.606289625880685,0.5,-1.3091476945426144,1.80538409884943,0.2857142857142857,0.003388866608994619,0.006771310178671719,0.007208109360769498
1107,1111,1113,1109,1114,2025,2025-02-12 09:50:00,2025-02-12 10:10:00,2025-02-12 10:20:00,6,0.00230698525932441,-0.0091446433496759,-0.8395432493769209,0.6666666666666666,0.21301529412513573,1.8659802468053286,0.5714285714285714,0.059839701017516574,0.0064161763105685665,0.3115708894751276
1113,1118,1122,1115,1123,2025,2025-02-12 10:20:00,2025-02-12 10:45:00,2025-02-12 11:05:00,9,0.0023384454153859745,0.002179837375420602,0.23675363885096398,0.5555555555555556,-0.02898562843573757,2.460272650385436,0.6,0.01091240008884794,0.005217834053370396,0.3842260615513089
1122,1123,1130,1124,1131,2025,2025-02-12 11:05:00,2025-02-12 11:10:00,2025-02-12 13:15:00,8,0.002360691258489171,0.0017608527192238305,0.1182862811744122,0.125,0.7029894353966958,1.319129555017441,0.5555555555555556,0.0,0.00859284874216737,-0.6080457830391469
1130,1150,1154,1132,1155,2025,2025-02-12 13:15:00,2025-02-12 14:55:00,2025-02-13 09:45:00,24,0.0021407668572928614,-0.0036290823255169836,-0.08771069103432991,0.8333333333333334,-0.33385677718963996,1.41413098572976,0.44,0.0,0.0180823793243281,0.5453595934518682
1154,1158,1175,1156,1176,2025,2025-02-13 09:45:00,2025-02-13 10:05:00,2025-02-13 11:30:00,21,0.002066211702816877,-0.0026377343861224783,-0.08627500310533896,0.19047619047619047,1.9506754627934764,1.920433216520288,0.18181818181818182,0.28224338761394185,0.014937506509443033,-0.5483880559835788
1175,1183,1204,1177,1205,2025,2025-02-13 11:30:00,2025-02-13 13:40:00,2025-02-14 09:55:00,29,0.002001711302473396,0.013807537316902575,0.2539350558078348,0.27586206896551724,0.32791126996365993,2.010025473118254,0.5666666666666667,0.004343659294976818,0.021711044243576616,-0.6453514238441495
1204,1220,1222,1206,1223,2025,2025-02-14 09:55:00,2025-02-14 11:15:00,2025-02-14 11:25:00,18,0.002019764780305058,-0.005762890604254804,-0.16514431791739245,0.8888888888888888,-0.6238115908187657,1.292138707679511,0.3157894736842105,0.008831900416301091,0.013288970871911054,0.6058773160190051
1222,1224,1227,1224,1228,2025,2025-02-14 11:25:00,2025-02-14 13:05:00,2025-02-14 13:20:00,5,0.0021276126759977474,0.0009516662234142879,0.1201354472025025,0.4,0.5271153044713989,1.2145739318903175,0.16666666666666666,0.0,0.004407191823937673,0.10242468897411615
1227,1228,1236,1229,1237,2025,2025-02-14 13:20:00,2025-02-14 13:25:00,2025-02-14 14:05:00,9,0.0023117150317823695,-0.00549674987540523,-0.31318859525884657,0.1111111111111111,1.6564971873904835,1.7303376356076308,0.2,0.12514784960083944,0.009880911871950282,-0.45777640541244746
1236,1251,1256,1238,1257,2025,2025-02-14 14:05:00,2025-02-17 09:50:00,2025-02-17 10:15:00,20,0.0023362205190307346,-0.0025973629051900936,-0.05030289981287848,0.75,-1.3856581427117873,2.44691123997674,0.23809523809523808,0.06190521873744506,0.024304520519675243,0.570614734240749
1256,1266,1272,1258,1273,2025,2025-02-17 10:15:00,2025-02-17 11:05:00,2025-02-17 13:05:00,16,0.003141489130033124,-0.008308462834405,-0.3531516958185655,0.625,0.021814345371255213,1.3868467424946802,0.5882352941176471,0.057249784945124296,0.007639574910271563,0.6611855871093864
1272,1275,1281,1274,1282,2025,2025-02-17 13:05:00,2025-02-17 13:20:00,2025-02-17 13:50:00,9,0.003126613016575838,-0.004895161921074002,-0.2620108264478498,0.3333333333333333,0.23980464234953244,1.402643114868827,0.3,0.2084939008531803,0.008194744943009091,-0.521542069006955
1281,1293,1305,1283,1306,2025,2025-02-17 13:50:00,2025-02-17 14:50:00,2025-02-18 10:20:00,24,0.002978362885529428,-0.007674177588291744,-0.22873973349670632,0.5,0.041381855820666585,1.865499226579911,0.48,0.009551599143494216,0.01272210237429583,-0.30135901598346054
1305,1310,1339,1307,1340,2025,2025-02-18 10:20:00,2025-02-18 10:45:00,2025-02-18 14:40:00,34,0.001923876702356361,0.008851985546856293,0.1731075777853837,0.14705882352941177,0.0007034514435440172,1.6375759456565075,0.6285714285714286,0.004536962991036349,0.02421653545688507,-0.6729551560766656
1339,1356,1363,1341,1364,2025,2025-02-18 14:40:00,2025-02-19 10:35:00,2025-02-19 11:10:00,24,0.001983854851548253,0.0019229185290645058,0.05020670388033906,0.7083333333333334,-0.46052581509280566,1.6058010697753278,0.44,0.01996886460147689,0.021780263652779297,0.718228978809749
1363,1371,1376,1365,1377,2025,2025-02-19 11:10:00,2025-02-19 13:20:00,2025-02-19 13:45:00,13,0.0018736888817305073,-0.007793262337711117,-0.6495998527715285,0.6153846153846154,-0.5959578085419611,1.2255241172054605,0.21428571428571427,0.0,0.004535905612188529,0.3674798432042569
1376,1396,1412,1378,1413,2025,2025-02-19 13:45:00,2025-02-20 09:55:00,2025-02-20 11:15:00,36,0.0016454435043032356,0.010799731967348757,0.22430302923537226,0.5555555555555556,0.10118126021821573,1.8823192623057639,0.32432432432432434,0.007122453913834058,0.014032565643095296,0.026369729684499913
1412,1423,1429,1414,1430,2025,2025-02-20 11:15:00,2025-02-20 13:40:00,2025-02-20 14:10:00,17,0.0017140326414702427,-0.005234566702001554,-0.21728580003661283,0.6470588235294118,-0.07839766183465248,1.4902440934719543,0.3333333333333333,0.016123371455537883,0.011726733233452968,0.5181505941951244
1429,1433,1436,1431,1437,2025,2025-02-20 14:10:00,2025-02-20 14:30:00,2025-02-20 14:45:00,7,0.001803332677777472,-6.774313740407758e-05,-0.007468556266502581,0.5714285714285714,-0.08202232409030323,1.2748127256135917,0.75,0.0,0.003198271216532156,-0.030258379995702123
1436,1471,1474,1438,1475,2025,2025-02-20 14:45:00,2025-02-21 13:40:00,2025-02-21 13:55:00,38,0.0022578843450964015,0.0373959539117455,0.3371553613210229,0.9210526315789473,-0.14824252392765921,1.482629578206791,0.38461538461538464,0.051949220750261656,0.061327794063102736,0.8727209884140116
1474,1481,1485,1476,1486,2025,2025-02-21 13:55:00,2025-02-21 14:30:00,2025-02-21 14:50:00,11,0.0028263218621832143,-0.009085436139365839,-0.6304239669346254,0.6363636363636364,-0.0015477309816058036,1.9777843065631242,0.5833333333333334,0.09178629084188654,0.008908704146861623,0.561853479803293
1485,1491,1496,1487,1497,2025,2025-02-21 14:50:00,2025-02-24 09:50:00,2025-02-24 10:15:00,11,0.003418618641177455,-0.007140474450277656,-0.17286260677686913,0.5454545454545454,0.22669446366050425,1.9101646877613714,0.25,0.35425841657577134,0.017193967116162945,0.12091246307307485
1496,1506,1516,1498,1517,2025,2025-02-24 10:15:00,2025-02-24 11:05:00,2025-02-24 13:25:00,20,0.0033213451859638397,-0.008876265056214992,-0.2388922421779561,0.5,0.14102462539785457,1.4061262724447685,0.38095238095238093,0.06423364237723869,0.012209343079923052,-0.2607866164822071
1516,1521,1524,1518,1525,2025,2025-02-24 13:25:00,2025-02-24 13:50:00,2025-02-24 14:05:00,8,0.003039191172329309,0.0024061675340421,0.2586571213617147,0.625,-0.46025325344198337,2.142346546818691,0.5555555555555556,0.0,0.0056713257668628,-0.39842509959435335
1524,1531,1542,1526,1543,2025,2025-02-24 14:05:00,2025-02-24 14:40:00,2025-02-25 10:05:00,18,0.003002384520758323,-0.016604930033736306,-0.3945757959437882,0.3888888888888889,0.327316968945958,2.499821198551159,0.47368421052631576,0.0,0.017252944135232262,-0.525783690108045
1542,1561,1563,1544,1564,2025,2025-02-25 10:05:00,2025-02-25 13:10:00,2025-02-25 13:20:00,21,0.0026647896387852876,0.007681233568639269,0.13264778082802686,0.9047619047619048,-0.8007420451448433,1.301804175306687,0.22727272727272727,0.09390489585157008,0.031825808056654914,0.7818023544268979
1563,1566,1572,1565,1573,2025,2025-02-25 13:20:00,2025-02-25 13:35:00,2025-02-25 14:05:00,9,0.0029503415103510977,-0.00240063650904046,-0.15352604085502045,0.3333333333333333,0.3098890647876205,1.1984423314207553,0.5,0.0,0.007695565122102899,-0.29553751056182054
1572,1574,1585,1574,1586,2025,2025-02-25 14:05:00,2025-02-25 14:15:00,2025-02-26 09:40:00,13,0.002988938478420318,0.008648398422297865,0.21994021443276793,0.15384615384615385,0.7646475097731142,1.444052301329564,0.42857142857142855,0.006509513532593594,0.014468549273314757,-0.6008602653501898
1585,1590,1591,1587,1592,2025,2025-02-26 09:40:00,2025-02-26 10:05:00,2025-02-26 10:10:00,6,0.0028730669114172434,-0.013772567574124109,-0.6673873568168371,0.8333333333333334,-0.1515240537950778,1.69599973312215,0.5714285714285714,0.03454219092878793,0.013120137497836915,0.46540002688851184
1591,1604,1607,1593,1608,2025,2025-02-26 10:10:00,2025-02-26 11:15:00,2025-02-26 11:30:00,16,0.0029387655961498394,0.011553326800056711,0.3377830359779538,0.8125,-0.9461593275895047,1.3212744529455507,0.35294117647058826,0.0,0.019022556552720005,0.6229903892412196
1607,1613,1616,1609,1617,2025,2025-02-26 11:30:00,2025-02-26 13:30:00,2025-02-26 13:45:00,9,0.002675810919815529,0.0047161050995660455,0.3716979072150585,0.6666666666666666,-0.004434468490164954,1.8494793223204473,0.6,0.0,0.008015699751672933,0.5905132983584591
1616,1626,1627,1618,1628,2025,2025-02-26 13:45:00,2025-02-26 14:35:00,2025-02-26 14:40:00,11,0.0027238421956835785,0.003193938685212245,0.11649144245624668,0.9090909090909091,-0.07661344809508443,1.2054365854178521,0.3333333333333333,0.1737972050818946,0.008189587878115745,0.384525402436926
1627,1634,1663,1629,1664,2025,2025-02-26 14:40:00,2025-02-27 09:45:00,2025-02-27 13:40:00,36,0.0024313741882612742,0.013069897743613597,0.17505454405617413,0.19444444444444445,0.5729497989332702,1.4953262226578852,0.1891891891891892,0.010927150470348918,0.03029316212672395,-0.7022883009358103
1663,1675,1686,1665,1687,2025,2025-02-27 13:40:00,2025-02-27 14:40:00,2025-02-28 10:05:00,23,0.0029060827991517313,-0.006470820737679887,-0.07315947481662534,0.5217391304347826,-0.09014094483310181,1.4501917544438336,0.4583333333333333,0.0,0.036352250810750775,-0.29457754783238754
1686,1693,1729,1688,1730,2025,2025-02-28 10:05:00,2025-02-28 10:40:00,2025-03-03 09:40:00,43,0.0036086969421049446,0.011686868984700512,0.11274249371324913,0.16279069767441862,0.1536554829932824,2.1761558176986497,0.9090909090909091,0.003847822653040548,0.04122859959938463,-0.5980854131451925
1729,1739,1753,1731,1754,2025,2025-03-03 09:40:00,2025-03-03 10:30:00,2025-03-03 13:10:00,24,0.003647281055505239,0.001680487416473423,0.028119476764353696,0.4166666666666667,0.26924975181824434,1.5809990051293359,0.52,0.0,0.021148964991914987,0.22081315847390498
1753,1756,1771,1755,1772,2025,2025-03-03 13:10:00,2025-03-03 13:25:00,2025-03-03 14:40:00,18,0.0035802250658920325,0.011213453089303814,0.38336361753115483,0.16666666666666666,0.3673702791463662,1.3067139052452272,0.42105263157894735,0.0,0.016534265512466284,-0.6828364829407098
1771,1773,1777,1773,1778,2025,2025-03-03 14:40:00,2025-03-03 14:50:00,2025-03-04 09:40:00,6,0.0034140273110000977,0.0039147154956676615,0.19788826252990852,0.3333333333333333,-0.11991876634504965,1.7271869730803395,0.5714285714285714,0.0,0.009987563238352593,-0.36444850120887495
1777,1784,1786,1779,1787,2025,2025-03-04 09:40:00,2025-03-04 10:15:00,2025-03-04 10:25:00,9,0.0024831240293429232,-0.012569489293930198,-0.6179087522560756,0.7777777777777778,0.09410269134399901,1.37291285078699,0.4,0.0,0.010739435906549133,0.6388823898014365
1786,1791,1795,1788,1796,2025,2025-03-04 10:25:00,2025-03-04 10:50:00,2025-03-04 11:10:00,9,0.002359012459731609,0.004047254806904561,0.33337099323458746,0.5555555555555556,0.14651785519776575,1.5891413780092334,0.2,0.026197391732938544,0.006289772389376225,0.6374982744409716
1795,1810,1816,1797,1817,2025,2025-03-04 11:10:00,2025-03-04 13:55:00,2025-03-04 14:25:00,21,0.0030111452922451775,-0.01864684516108937,-0.3731544535100948,0.7142857142857143,0.0986707181940188,2.169311067094667,0.5909090909090909,0.12853897864454808,0.023889409028279296,0.6391789361022303
1819,1825,1831,1821,1832,2025,2025-03-04 14:40:00,2025-03-05 09:40:00,2025-03-05 10:10:00,12,0.0028343350631594433,-0.006257503600435136,-0.3091113455806969,0.5,-0.6680194943936872,1.6572829236159032,0.38461538461538464,0.06370410717414769,0.008085238897979963,-0.13739921802647168
1831,1833,1850,1833,1851,2025,2025-03-05 10:10:00,2025-03-05 10:20:00,2025-03-05 13:15:00,19,0.002732347231146854,0.006327811823367368,0.2265190938652922,0.10526315789473684,0.04414647760788168,1.6375106359272882,0.55,0.0006719575738566171,0.00928192895204738,-0.7239281666975466
1850,1879,1888,1852,1889,2025,2025-03-05 13:15:00,2025-03-06 10:10:00,2025-03-06 10:55:00,38,0.0020060669112384245,0.024930716730083385,0.3401209531486997,0.7631578947368421,-1.9361493809321342,3.99831014364757,0.2564102564102564,0.30857530934554117,0.0448048392158471,0.8460345017371272
1888,1898,1904,1890,1905,2025,2025-03-06 10:55:00,2025-03-06 13:15:00,2025-03-06 13:45:00,16,0.0034770790909786306,-0.010619726026981325,-0.4979503983519645,0.625,-0.265538148232551,1.582889354297531,0.35294117647058826,0.030470628894620617,0.009888765816538303,0.41136082011322994
1904,1912,1925,1906,1926,2025,2025-03-06 13:45:00,2025-03-06 14:25:00,2025-03-07 10:00:00,21,0.003431349313362064,-0.0010826911481922534,-0.036095423212165294,0.38095238095238093,0.015566740997622569,2.303502860212778,0.5454545454545454,0.014411507401093149,0.012346664856926814,-0.5661492369194627
1925,1939,1942,1927,1943,2025,2025-03-07 10:00:00,2025-03-07 11:10:00,2025-03-07 11:25:00,17,0.001847591035178752,-0.0029776933534005597,-0.16769761971996114,0.8235294117647058,0.10036127086541026,1.4377269467324383,0.3888888888888889,0.05960881851020779,0.007812364551033291,0.7137720758961597
1942,1947,1963,1944,1964,2025,2025-03-07 11:25:00,2025-03-07 13:20:00,2025-03-07 14:40:00,21,0.0018311047530659961,0.0007549658816077102,0.024634499880962456,0.23809523809523808,0.42362572944899624,1.3682166163465401,0.4090909090909091,0.030381919627554432,0.014745907152087234,-0.7995876764993263
1963,1967,1978,1965,1979,2025,2025-03-07 14:40:00,2025-03-07 15:00:00,2025-03-10 10:25:00,15,0.0016588357463078957,-0.006150704392676202,-0.29714697288895625,0.26666666666666666,0.5810894881037805,1.5613050506036679,0.3125,0.11468862195914241,0.011039202832944461,-0.5326027735589821
1978,1979,1992,1980,1993,2025,2025-03-10 10:25:00,2025-03-10 10:30:00,2025-03-10 13:05:00,14,0.0016450961185224234,0.006905631042757789,0.4401090334016514,0.07142857142857142,0.7104485060376297,1.2956384447452922,0.4,0.030786664113318925,0.008719550721343339,-0.8255759914607843
1992,2002,2004,1994,2005,2025,2025-03-10 13:05:00,2025-03-10 13:55:00,2025-03-10 14:05:00,12,0.0016557176314660473,0.0027182066107394897,0.1338561531731547,0.8333333333333334,-1.2794463519562176,2.112708187159714,0.23076923076923078,0.06027013174524151,0.015680628883744774,0.7125738820430371
2004,2011,2019,2006,2020,2025,2025-03-10 14:05:00,2025-03-10 14:40:00,2025-03-11 09:50:00,15,0.0019261378217722523,-0.007269502834420802,-0.16721572313091132,0.4666666666666667,-0.33539737994919905,2.3339814296766814,0.375,0.04094543927197138,0.015960950549100517,-0.46411678166866993
2019,2025,2040,2021,2041,2025,2025-03-11 09:50:00,2025-03-11 10:20:00,2025-03-11 13:05:00,21,0.0024429054077154374,-0.011322486715875118,-0.33104015487504657,0.2857142857142857,0.7483157034464273,1.295559479700929,0.22727272727272727,0.014828512635048976,0.011636594663930744,-0.4594180521411397
2040,2046,2048,2042,2049,2025,2025-03-11 13:05:00,2025-03-11 13:35:00,2025-03-11 13:45:00,8,0.0024707558959289953,-0.005870454647084823,-0.8535212382659914,0.75,-0.09931355277070927,1.6276190269307935,0.5555555555555556,0.0,0.004385328128795329,0.5570264359762143
2048,2069,2071,2050,2072,2025,2025-03-11 13:45:00,2025-03-12 10:00:00,2025-03-12 10:10:00,23,0.0022065233839927067,0.01226998073766225,0.27953864995249217,0.9130434782608695,-0.6398360763345424,1.6981758272348262,0.25,0.040199911294733576,0.018508946258863013,0.6614530960636669
2071,2072,2086,2073,2087,2025,2025-03-12 10:10:00,2025-03-12 10:15:00,2025-03-12 11:25:00,15,0.0021289390302549295,0.0020147243781189917,0.07387817240062776,0.06666666666666667,0.10412701197974182,1.8862229949423417,0.375,0.0,0.010009532418409961,-0.2973412303552581
2086,2094,2118,2088,2119,2025,2025-03-12 11:25:00,2025-03-12 13:35:00,2025-03-13 10:05:00,32,0.0021766453242929294,0.006780672065700701,0.11879685466029472,0.25,0.16416377279210986,1.263530332876663,0.5454545454545454,0.01808989879316458,0.026932158338486722,-0.5660972855417186
2118,2119,2148,2120,2149,2025,2025-03-13 10:05:00,2025-03-13 10:10:00,2025-03-13 14:05:00,30,0.001932442303960623,0.017301743385184386,0.4134504723058781,0.03333333333333333,0.9602102671695405,1.616543491066146,0.1935483870967742,0.18206513574078328,0.02091943826697662,-0.8221368375007791
2148,2156,2157,2150,2158,2025,2025-03-13 14:05:00,2025-03-13 14:45:00,2025-03-13 14:50:00,9,0.001900594947060207,-0.01178199625383715,-0.5945441731955164,0.8888888888888888,-0.859218628515803,1.4709934945488077,0.1,0.1953854264360619,0.008079189651146734,0.5599236247370072
2157,2172,2175,2159,2176,2025,2025-03-13 14:50:00,2025-03-14 10:35:00,2025-03-14 10:50:00,18,0.0020768515244391755,0.009589566899661547,0.2588003432221971,0.8333333333333334,-0.6485899021680445,1.2917453777276557,0.3684210526315789,0.17014458124924217,0.015476549120430505,0.6063803298422233
2175,2181,2182,2177,2183,2025,2025-03-14 10:50:00,2025-03-14 11:20:00,2025-03-14 11:25:00,7,0.0020605340971726403,0.0014984740571016156,0.1424568459268453,0.8571428571428571,-0.6100355882025728,1.9505948052119448,0.5,0.0,0.0057968501276661755,0.25692251454966575
2182,2184,2189,2184,2190,2025,2025-03-14 11:25:00,2025-03-14 13:05:00,2025-03-14 13:30:00,7,0.0021265633244827217,-0.0008137073137075674,-0.09127279234108848,0.2857142857142857,0.22625819425600674,1.6711062111959416,0.625,0.001436152455773418,0.004154018287760408,-0.1736312149614293
2189,2205,2214,2191,2215,2025,2025-03-14 13:30:00,2025-03-14 14:50:00,2025-03-17 10:05:00,25,0.0019390776874320741,0.007258827313480681,0.2745530886017598,0.64,-0.23060998785712197,1.7488295647314995,0.6538461538461539,0.0,0.00956176700494904,-0.26444275691932917
2214,2220,2231,2216,2232,2025,2025-03-17 10:05:00,2025-03-17 10:35:00,2025-03-17 11:30:00,17,0.0015904817040786254,-0.009020461435861396,-0.4974153016356403,0.35294117647058826,0.24757443845394445,1.7935723241293828,0.5,0.0,0.006802307211490444,0.43018140232902324
2234,2245,2246,2236,2247,2025,2025-03-17 13:15:00,2025-03-17 14:10:00,2025-03-17 14:15:00,12,0.0012982779055249701,-0.0041644785498629175,-0.5130109282918244,0.9166666666666666,-0.2366565660123686,1.6815032519462902,0.38461538461538464,0.06812556975426384,0.00302949367649763,0.6375452002033232
2246,2260,2276,2248,2277,2025,2025-03-17 14:15:00,2025-03-18 09:55:00,2025-03-18 11:15:00,30,0.0017770468327829262,0.01270378124880018,0.3110661664847636,0.4666666666666667,0.49453362086188823,2.367801376462373,0.22580645161290322,0.055806211841769864,0.0178852417477815,0.4134945106538429
2276,2277,2283,2278,2284,2025,2025-03-18 11:15:00,2025-03-18 11:20:00,2025-03-18 13:20:00,7,0.0018136237957707719,0.0008525423235251823,0.11336972683086247,0.14285714285714285,0.8168912480382184,1.176712610425937,0.25,0.033267062555996596,0.0031135271166444767,-0.2561789211214271
2283,2288,2311,2285,2312,2025,2025-03-18 13:20:00,2025-03-18 13:45:00,2025-03-19 10:10:00,28,0.0018116174276806428,0.010269074958240747,0.3008014993774297,0.17857142857142858,-0.2581253092997888,1.8054058919495133,0.6206896551724138,0.0389208433370628,0.01583910385647247,-0.6437046006301584
2311,2321,2323,2313,2324,2025,2025-03-19 10:10:00,2025-03-19 11:00:00,2025-03-19 11:10:00,12,0.0012764780354343485,-0.0026837246765916384,-0.23147364836873413,0.8333333333333334,-0.08361091420499525,1.3192493064444781,0.23076923076923078,0.2958210439777178,0.006102202777668708,0.6304475755723862
2323,2324,2328,2325,2329,2025,2025-03-19 11:10:00,2025-03-19 11:15:00,2025-03-19 13:05:00,5,0.0012466900955989328,-0.002051415456334934,-0.5876373471276829,0.2,0.060332980090914895,1.2270915456186744,0.5,0.0,0.002567561489584591,-0.741253470050197
2328,2330,2355,2330,2356,2025,2025-03-19 13:05:00,2025-03-19 13:15:00,2025-03-20 09:50:00,27,0.0012339932906693311,0.009090143500179459,0.3632216213902521,0.07407407407407407,0.05051727718119546,2.3149562186235317,0.35714285714285715,0.024234067705879537,0.012740089642490737,-0.7490351781737121
2355,2360,2362,2357,2363,2025,2025-03-20 09:50:00,2025-03-20 10:15:00,2025-03-20 10:25:00,7,0.0013379656186909717,-0.005824149759251719,-0.6092991501826667,0.7142857142857143,-0.6891967566257271,1.4482339043997845,0.5,0.09494787241171711,0.004251635729566772,0.23484914403902846
2362,2368,2372,2364,2373,2025,2025-03-20 10:25:00,2025-03-20 10:55:00,2025-03-20 11:15:00,10,0.0013014506062207537,0.0012117033368979474,0.14271138188570667,0.6,-0.27509602290235435,1.3666416010185598,0.45454545454545453,0.06677202546096558,0.003482247797326643,0.35066376249395503
2372,2374,2377,2374,2378,2025,2025-03-20 11:15:00,2025-03-20 11:25:00,2025-03-20 13:10:00,5,0.0013339310155430942,-0.0010345165955977886,-0.16911339881764015,0.4,-0.36769005433435126,1.1946554208438158,0.3333333333333333,0.0,0.002663514244959586,-0.39192574540816794
2377,2378,2436,2379,2437,2025,2025-03-20 13:10:00,2025-03-20 13:15:00,2025-03-21 14:05:00,59,0.0015309886311923291,0.03350902283496197,0.4937727729324344,0.01694915254237288,0.09242689814862251,1.8629472199915567,0.36666666666666664,0.11740968261439837,0.03554759977502009,-0.9321370035142043
2436,2443,2445,2438,2446,2025,2025-03-21 14:05:00,2025-03-21 14:40:00,2025-03-21 14:50:00,9,0.0016674815500761484,-0.004896800106650863,-0.36108022063762185,0.7777777777777778,-0.6460981524550279,1.384588429018924,0.5,0.043588690835262046,0.006410370772616858,0.4534718710839605
2445,2449,2453,2447,2454,2025,2025-03-21 14:50:00,2025-03-24 09:40:00,2025-03-24 10:00:00,8,0.0015472478833434401,-0.00024975770028056767,-0.02074781971051175,0.5,-0.0858814822188303,1.6788830244917508,0.3333333333333333,0.024160870724260722,0.005884173837238826,0.11920117367333152
2453,2459,2486,2455,2487,2025,2025-03-24 10:00:00,2025-03-24 10:30:00,2025-03-24 14:15:00,33,0.001495850359691148,0.0009410315162476508,0.02835256137158249,0.18181818181818182,0.2832766133787685,1.4400233798463795,0.6470588235294118,0.0,0.015259539676517164,-0.6134118551056646
2486,2496,2512,2488,2513,2025,2025-03-24 14:15:00,2025-03-25 09:35:00,2025-03-25 10:55:00,26,0.0016514305404766137,0.006128682410908348,0.14963678988508042,0.38461538461538464,0.4366158679484291,1.543287214764007,0.37037037037037035,0.00713634266862086,0.0173052476739457,0.01904520090317681
2512,2516,2518,2514,2519,2025,2025-03-25 10:55:00,2025-03-25 11:15:00,2025-03-25 11:25:00,6,0.0016889209616642244,-0.012906511642310197,-0.9110373418809614,0.6666666666666666,-0.4755744180994341,1.422978548333249,0.14285714285714285,0.03405144191190621,0.00692846765729449,-0.013989324602845778
2518,2525,2540,2520,2541,2025,2025-03-25 11:25:00,2025-03-25 13:30:00,2025-03-25 14:45:00,22,0.0020779222308299075,-0.005513892582244839,-0.2324010655616727,0.3181818181818182,0.5787658282186984,2.4326107349229527,0.391304347826087,0.0,0.010314347906408727,-0.1467122458926616
2540,2547,2558,2542,2559,2025,2025-03-25 14:45:00,2025-03-26 09:50:00,2025-03-26 10:45:00,18,0.0017995809353583607,-0.009705618629808711,-0.44507800453825846,0.3888888888888889,0.6648470270404624,1.716952601927649,0.3157894736842105,0.005045979938038704,0.008489048155933432,0.16455546240305818
2558,2566,2576,2560,2577,2025,2025-03-26 10:45:00,2025-03-26 11:25:00,2025-03-26 13:45:00,18,0.0014992232441225224,-0.0029794141270021103,-0.22707256639709153,0.4444444444444444,0.18199508190190833,1.4963687741733698,0.631578947368421,0.0,0.0037462472482374665,-0.1190594168230158
2576,2581,2591,2578,2592,2025,2025-03-26 13:45:00,2025-03-26 14:10:00,2025-03-26 15:00:00,15,0.0011631349023539742,-0.0038779525241711427,-0.29834591139015215,0.3333333333333333,0.9125023384533574,1.3533352863318198,0.3125,0.001855489403216459,0.005369166432998007,-0.37066219314739796
2591,2608,2615,2593,2616,2025,2025-03-26 15:00:00,2025-03-27 10:55:00,2025-03-27 11:30:00,24,0.0011717803241413428,0.004971103350527832,0.12667786155291283,0.7083333333333334,-0.800115855250843,1.820600441253268,0.12,0.09219031860167845,0.022027534207904154,0.6765285363989331
2615,2616,2647,2617,2648,2025,2025-03-27 11:30:00,2025-03-27 13:05:00,2025-03-28 10:10:00,32,0.0016913140401138434,0.005693763512420621,0.170679842407965,0.03125,-0.4130754453187208,1.918404378792781,0.2727272727272727,0.014069220286303178,0.009717072550674999,-0.9015199416205814
2647,2649,2669,2649,2670,2025,2025-03-28 10:10:00,2025-03-28 10:20:00,2025-03-28 13:30:00,22,0.001289901955794146,0.0047237932322562815,0.21484246753172073,0.09090909090909091,0.1785035040287342,1.5017522140679354,0.34782608695652173,0.03027521794276147,0.007154420315090171,-0.6440635841722612
2669,2674,2678,2671,2679,2025,2025-03-28 13:30:00,2025-03-28 13:55:00,2025-03-28 14:15:00,9,0.001304572991755194,-0.0066998095827966835,-0.6110698439678864,0.5555555555555556,0.4009843650383499,1.4988881913554175,0.4,0.11389511372907898,0.0045336614252819984,0.2673590658634759
2678,2679,2691,2680,2692,2025,2025-03-28 14:15:00,2025-03-28 14:20:00,2025-03-31 09:50:00,13,0.0013370617593993466,0.01022171530733992,0.4699321103091325,0.07692307692307693,-0.303929242998679,1.7377070190280373,0.6428571428571429,0.0,0.01305094686020336,-0.8827659982467643
2691,2694,2711,2693,2712,2025,2025-03-31 09:50:00,2025-03-31 10:05:00,2025-03-31 11:30:00,20,0.001555458407593884,-0.0064690959513898135,-0.21749147484198744,0.15,0.8540417278038842,1.651957839344333,0.23809523809523808,0.0,0.015827485334519054,-0.4419263857080841
2711,2713,2720,2713,2721,2025,2025-03-31 11:30:00,2025-03-31 13:10:00,2025-03-31 13:45:00,9,0.0016931576079223017,-0.0005823106051308887,-0.05274344352229317,0.2222222222222222,0.6508272245895215,1.6045794142767598,0.5,0.0,0.00453091146959661,0.12851445478192458
2720,2747,2755,2722,2756,2025,2025-03-31 13:45:00,2025-04-01 10:30:00,2025-04-01 11:10:00,35,0.0018718329972061006,0.0005028640415189231,0.010696711758320234,0.7714285714285715,-0.2601383315610645,2.060233091508841,0.5277777777777778,0.02494917171175321,0.021743276764869535,0.7355440235113596
2755,2758,2776,2757,2777,2025,2025-04-01 11:10:00,2025-04-01 11:25:00,2025-04-01 14:25:00,21,0.001749243371578091,0.005960398642775121,0.3895426618791642,0.14285714285714285,1.4730762677841203,1.787205846811622,0.18181818181818182,0.07473661324566602,0.009345816973203469,-0.6450526698979714
2776,2781,2785,2778,2786,2025,2025-04-01 14:25:00,2025-04-01 14:50:00,2025-04-02 09:40:00,9,0.0014931096699172777,0.00117288308073892,0.12825989538997007,0.5555555555555556,-0.29213851172949024,1.7483006945912276,0.5,0.0,0.002529359975418366,-0.3902623023421537
2785,2794,2815,2787,2816,2025,2025-04-02 09:40:00,2025-04-02 10:25:00,2025-04-02 13:40:00,30,0.00113066071666405,0.0014800365387857642,0.04541756982302171,0.3,0.34043017551814037,1.399846447238007,0.45161290322580644,0.009170419654569465,0.008546810405338334,-0.24165012697565694
2815,2817,2819,2817,2820,2025,2025-04-02 13:40:00,2025-04-02 13:50:00,2025-04-02 14:00:00,4,0.0011138021030195717,-0.0004212444406593937,-0.1374834873574144,0.5,0.39169075698370115,1.5857998214208124,0.6,0.0,0.0018404132418172736,0.22888579102109916
2819,2823,2826,2821,2827,2025,2025-04-02 14:00:00,2025-04-02 14:20:00,2025-04-02 14:35:00,7,0.0011064059683954302,-0.0003329514215468442,-0.1417482170568072,0.5714285714285714,-0.13334377649657392,1.080569359354256,0.5,0.0,0.001331141062583363,0.3089656205745115
2826,2835,2841,2828,2842,2025,2025-04-02 14:35:00,2025-04-03 09:50:00,2025-04-03 10:20:00,15,0.0013983348104452823,0.02040849126759791,0.43651478580486497,0.6,-0.795245684683421,1.7576991270898077,0.125,0.1174519939348165,0.011253675154506482,-0.08790983190105091
2841,2844,2860,2843,2861,2025,2025-04-03 10:20:00,2025-04-03 10:35:00,2025-04-03 13:25:00,19,0.0017894584579805205,0.006598282431627104,0.2941769645830177,0.15789473684210525,1.0202212956826808,1.7286212752395003,0.25,0.030128040174216688,0.010089793702658945,-0.651923576941847
2860,2869,2884,2862,2885,2025,2025-04-03 13:25:00,2025-04-03 14:10:00,2025-04-07 09:55:00,24,0.0019134914524157854,-0.012490767585619116,-0.08515108870435292,0.375,-0.45160688978555236,4.8548129811174485,0.44,0.01596202741599538,0.0813843350021175,-0.8239811225388735
2884,2895,2919,2886,2920,2025,2025-04-07 09:55:00,2025-04-07 10:50:00,2025-04-07 14:20:00,35,0.007111131241335925,0.04497878556597102,0.2938483168325157,0.3142857142857143,-0.10876411351013367,1.660463506813143,0.7777777777777778,0.0,0.09697531952935634,-0.7940846558756057
2919,2933,2943,2921,2944,2025,2025-04-07 14:20:00,2025-04-08 10:00:00,2025-04-08 10:50:00,24,0.0085116474355909,-0.04739122785426512,-0.29706855653352393,0.5833333333333334,0.16462721720128223,2.1267455732042073,0.52,0.0,0.0779344820522141,0.7359012264738961
2943,2949,2962,2945,2963,2025,2025-04-08 10:50:00,2025-04-08 11:20:00,2025-04-08 13:55:00,19,0.008323956986342841,0.005924808102365895,0.11367150218011013,0.3157894736842105,0.061101786865556874,1.5496527995817784,0.65,0.0030464361375133987,0.015690344602017348,-0.38926989935145395
2962,2964,2967,2964,2968,2025,2025-04-08 13:55:00,2025-04-08 14:05:00,2025-04-08 14:20:00,5,0.008010045757179129,-0.001978838970312137,-0.11310308103336496,0.4,0.514597632944314,1.4310394657543108,0.5,0.0,0.009844655836754868,0.20539777911090987
2967,2986,2996,2969,2997,2025,2025-04-08 14:20:00,2025-04-09 10:25:00,2025-04-09 11:15:00,29,0.005009932339126895,0.0340580772653646,0.23666706437420879,0.6551724137931034,-0.5433911874992682,1.628391433394773,0.26666666666666666,0.10010712911409164,0.06902959858410007,0.7122170795670628
2996,2999,3001,2998,3002,2025,2025-04-09 11:15:00,2025-04-09 11:30:00,2025-04-09 13:10:00,5,0.005096116080805353,0.00070988022466788,0.04966699139522341,0.6,-0.6285465538299073,1.379515332631183,0.3333333333333333,0.26906110986161863,0.006233813095982477,-0.10066449015398982
3001,3010,3012,3003,3013,2025,2025-04-09 13:10:00,2025-04-09 13:55:00,2025-04-09 14:05:00,11,0.005008967619169191,-0.016129802741240377,-0.76725009175646,0.8181818181818182,-1.179629528953341,1.348546371566388,0.25,0.1566726273563104,0.012044208240753917,0.5925389017229298
3012,3016,3020,3014,3021,2025,2025-04-09 14:05:00,2025-04-09 14:25:00,2025-04-09 14:45:00,8,0.0047563411095177385,-0.002885620977835932,-0.18113844079567304,0.5,-0.2066059646792107,1.281354382762284,0.6666666666666666,0.0,0.007575561768693007,-0.40117926917017366
3020,3029,3049,3022,3050,2025,2025-04-09 14:45:00,2025-04-10 10:00:00,2025-04-10 13:10:00,29,0.0032652884996360477,-0.014000295083182538,-0.1538791401626297,0.3103448275862069,0.6275746626182511,2.1622154970470686,0.36666666666666664,0.004136012076518124,0.029842403291653774,0.3933005158879965
3049,3057,3058,3051,3059,2025,2025-04-10 13:10:00,2025-04-10 13:50:00,2025-04-10 13:55:00,9,0.002676823677832197,-0.003599172920122601,-0.28510007349035654,0.8888888888888888,0.5394839884729253,1.4353548099065516,0.3,0.04754414214095952,0.004850062049588821,0.7046715056270343
3058,3062,3068,3060,3069,2025,2025-04-10 13:55:00,2025-04-10 14:15:00,2025-04-10 14:45:00,10,0.002607361868642782,-0.0026480978492255027,-0.20823065051624218,0.4,0.41699980310633356,1.4699921140343555,0.45454545454545453,0.07047797938483956,0.004976565949235123,-0.503664637136474
3068,3077,3083,3070,3084,2025,2025-04-10 14:45:00,2025-04-11 10:00:00,2025-04-11 10:30:00,15,0.002030263299441325,-0.004944409718494948,-0.16991824287026047,0.6,-0.3757966167012282,1.6576837185164928,0.25,0.024598710567579164,0.014852330637421751,0.19186665115167137
3083,3104,3116,3085,3117,2025,2025-04-11 10:30:00,2025-04-11 13:45:00,2025-04-11 14:45:00,33,0.003003448872523374,0.009457592859066201,0.13765933812090025,0.6363636363636364,0.22503301247315505,2.4026551301587755,0.3235294117647059,0.03718324629304842,0.03488119635512632,0.5262781443217324
3116,3119,3121,3118,3122,2025,2025-04-11 14:45:00,2025-04-11 15:00:00,2025-04-14 09:40:00,5,0.0030242361114457827,0.0004954714016180244,0.027535869457468845,0.6,-0.3843144454137735,1.3683712145680949,0.3333333333333333,0.0,0.005692502474840211,-0.0661478970877294
3121,3128,3130,3123,3131,2025,2025-04-14 09:40:00,2025-04-14 10:15:00,2025-04-14 10:25:00,9,0.003057178690721911,-0.007112852410986305,-0.49145046402694814,0.7777777777777778,-0.049043572784429355,1.6986055005962997,0.5,0.06754074976292906,0.008703223541223437,0.5022385636191528
3130,3138,3152,3132,3153,2025,2025-04-14 10:25:00,2025-04-14 11:05:00,2025-04-14 13:45:00,22,0.002950905281582401,0.0038744690315661314,0.14832403476064493,0.36363636363636365,0.5039001237963664,1.9718812884531016,0.34782608695652173,0.0,0.010465542855151888,-0.013201259727952464
3152,3155,3158,3154,3159,2025,2025-04-14 13:45:00,2025-04-14 14:00:00,2025-04-14 14:15:00,6,0.0018547990558888685,-0.0010456227833067532,-0.22659850968744763,0.5,0.09573026145881035,1.1339108429998492,0.14285714285714285,0.21929692850423002,0.0018733798283188108,0.5160234079916362
3158,3163,3177,3160,3178,2025,2025-04-14 14:15:00,2025-04-14 14:40:00,2025-04-15 10:20:00,19,0.00182503811087531,0.015369709785491271,0.5442863992964808,0.2631578947368421,1.2546343422868937,2.3106067286537857,0.3,0.2276621874958296,0.017263801918756982,-0.8978606952284025
3177,3181,3183,3179,3184,2025,2025-04-15 10:20:00,2025-04-15 10:40:00,2025-04-15 10:50:00,6,0.0017810110274220513,-0.0003003123270749295,-0.05667857775560162,0.6666666666666666,-0.3538541863465209,1.3176155525660196,0.5714285714285714,0.0,0.0029296944777890133,0.1742721599039288
3183,3186,3196,3185,3197,2025,2025-04-15 10:50:00,2025-04-15 11:05:00,2025-04-15 13:25:00,13,0.001807409259163289,-0.010783532057609443,-0.5286393907606982,0.23076923076923078,0.389320830575534,1.973726016094531,0.14285714285714285,0.0,0.010130361570214852,-0.3226052482192216
3196,3207,3209,3198,3210,2025,2025-04-15 13:25:00,2025-04-15 14:20:00,2025-04-15 14:30:00,13,0.0019053595159611342,-0.001751928897222798,-0.09021557284693055,0.8461538461538461,-0.3835208227600865,1.3606986706518875,0.21428571428571427,0.009397777874676745,0.009573563146682673,0.7076714929597425
3209,3215,3216,3211,3217,2025,2025-04-15 14:30:00,2025-04-15 15:00:00,2025-04-16 09:35:00,7,0.002001736338240593,0.0031371559299254673,0.12512893974806674,0.8571428571428571,-0.06592920197043,2.00445936797369,0.25,0.3361000417184702,0.003852303451616912,0.8477938800971516
3216,3218,3224,3218,3225,2025,2025-04-16 09:35:00,2025-04-16 09:45:00,2025-04-16 10:15:00,8,0.0018032615843362988,-0.0029570790466053208,-0.2009683197420556,0.25,0.6834900590086491,1.600469926432849,0.3333333333333333,0.21176045831082718,0.007165421818552176,-0.6549765946644452
3224,3227,3231,3226,3232,2025,2025-04-16 10:15:00,2025-04-16 10:30:00,2025-04-16 10:50:00,7,0.001812058713413616,0.0005095083354893408,0.0601702692196719,0.42857142857142855,0.04865876964200722,1.7194656583239087,0.5,0.03141260573415651,0.004318928678613609,-0.10408789889309374
3231,3235,3238,3233,3239,2025,2025-04-16 10:50:00,2025-04-16 11:10:00,2025-04-16 11:25:00,7,0.001659738806943358,-0.0006193682641907269,-0.09977936671399996,0.5714285714285714,-0.04264830815605652,1.3146123138993984,0.5,0.0,0.0021958726434370135,0.24110994875715802
3238,3242,3248,3240,3249,2025,2025-04-16 11:25:00,2025-04-16 13:15:00,2025-04-16 13:45:00,10,0.0019046979320832649,-0.013124478622541999,-0.57320354107113,0.4,0.4529411347585287,1.4543764694929875,0.36363636363636365,0.14480724002269574,0.009482713634130668,-0.0726938348892591
3248,3273,3277,3250,3278,2025,2025-04-16 13:45:00,2025-04-17 10:20:00,2025-04-17 10:40:00,29,0.0019074882576197486,0.013140112544661804,0.24633798427938064,0.8620689655172413,-1.389511142237191,1.4185772995758215,0.3,0.15280598296192757,0.021102544192909356,0.8825400158885094
3277,3282,3283,3279,3284,2025,2025-04-17 10:40:00,2025-04-17 11:05:00,2025-04-17 11:10:00,6,0.0019028413752815482,-0.0010796911169488406,-0.2017240389755149,0.8333333333333334,-1.0538416834166,2.675854594570356,0.2857142857142857,0.0,0.00322607811555109,-0.3833599900402277
3283,3286,3294,3285,3295,2025,2025-04-17 11:10:00,2025-04-17 11:25:00,2025-04-17 13:35:00,11,0.0018431527796764424,0.0016710427939634412,0.14417717474500288,0.2727272727272727,0.5053797243719078,1.5528505899410023,0.3333333333333333,0.0,0.00555262674108814,-0.2938621038942127
3294,3297,3300,3296,3301,2025,2025-04-17 13:35:00,2025-04-17 13:50:00,2025-04-17 14:05:00,6,0.0016265216275339316,8.854476681632319e-05,0.02191896190234604,0.5,-0.24031018080014072,1.213555179857268,0.5714285714285714,0.0,0.0019363944892027973,-0.0711299413880226
3300,3302,3316,3302,3317,2025,2025-04-17 14:05:00,2025-04-17 14:15:00,2025-04-18 09:55:00,16,0.0016007275825737446,0.008298884804223475,0.36022778238047437,0.125,-0.22473263892047748,2.5439782583299144,0.23529411764705882,0.18324230583761492,0.01217161691168478,-0.6867268499843076
3316,3318,3334,3318,3335,2025,2025-04-18 09:55:00,2025-04-18 10:05:00,2025-04-18 11:25:00,18,0.0017357382180675535,0.003936347663834052,0.32750656446148196,0.1111111111111111,-0.042582707524496576,1.711615211233514,0.3684210526315789,0.01995066105504864,0.004641255803432998,-0.8675045728391488
3334,3349,3354,3336,3355,2025,2025-04-18 11:25:00,2025-04-18 14:10:00,2025-04-18 14:35:00,20,0.0016506784943099138,-0.01032060039462199,-0.5185803936908033,0.75,-1.0108908747498062,2.0332944451949753,0.23809523809523808,0.046356893912110696,0.008332885548311353,0.6794792776486519
3354,3373,3380,3356,3381,2025,2025-04-18 14:35:00,2025-04-21 10:40:00,2025-04-21 11:15:00,26,0.0016318018087563893,0.007863374393499116,0.30745278231686435,0.7307692307692307,0.15687133413157323,2.5450811525725583,0.5925925925925926,0.03935126441783247,0.011798064081381732,0.668176130715854
3383,3396,3404,3385,3405,2025,2025-04-21 11:30:00,2025-04-21 14:05:00,2025-04-21 14:45:00,21,0.0015225412356019248,-0.00328831542158326,-0.29174172111052965,0.6190476190476191,-0.503515078261058,1.3976162075348337,0.45454545454545453,0.010682990220674496,0.00292360576736872,0.14780316013286432
3404,3406,3412,3406,3413,2025,2025-04-21 14:45:00,2025-04-21 14:55:00,2025-04-22 09:55:00,8,0.001313672855238345,0.002250866082762496,0.12563239251827238,0.25,0.21905922582287676,1.644964593205935,0.2222222222222222,0.0,0.008728786511551512,-0.6282719191190403
3412,3421,3429,3414,3430,2025,2025-04-22 09:55:00,2025-04-22 10:40:00,2025-04-22 11:20:00,17,0.0015100975372210636,-0.014171136045954769,-0.6405289321733016,0.5294117647058824,0.20333172470347705,1.6071075680113043,0.3888888888888889,0.0,0.009041919507563279,0.42936831752861815
3429,3439,3443,3431,3444,2025,2025-04-22 11:20:00,2025-04-22 13:40:00,2025-04-22 14:00:00,14,0.00167859958506467,-0.0023183589125208297,-0.1588547562398968,0.7142857142857143,-0.07016907081535925,2.0994397023048315,0.3333333333333333,0.029361395185067904,0.005209699250797506,0.5861868611635613
3443,3445,3468,3445,3469,2025,2025-04-22 14:00:00,2025-04-22 14:10:00,2025-04-23 10:35:00,25,0.001677947908297416,0.006887297163691717,0.28829652984181664,0.08,0.4947265992394434,1.7015098310860455,0.3076923076923077,0.015241027834097259,0.011366722292823539,-0.8302392549798479
3468,3484,3495,3470,3496,2025,2025-04-23 10:35:00,2025-04-23 13:25:00,2025-04-23 14:20:00,27,0.0011703587068122817,0.0011192285055856965,0.04940192018486858,0.5925925925925926,-0.4411527076079714,1.320709264730232,0.42857142857142855,0.004361621736693054,0.007464450496478925,0.29271416879894246
3495,3498,3508,3497,3509,2025,2025-04-23 14:20:00,2025-04-23 14:35:00,2025-04-24 09:55:00,13,0.0011385590971224526,0.004265707166562596,0.49886130645771853,0.23076923076923078,-0.0006675184354354338,1.3655487922377894,0.5,0.0,0.005083985550323966,-0.801960345850934
3508,3511,3525,3510,3526,2025,2025-04-24 09:55:00,2025-04-24 10:10:00,2025-04-24 11:20:00,17,0.0009307831606305893,0.005968800984134838,0.3769681875514678,0.17647058823529413,0.1896048965590867,1.924984274662079,0.5555555555555556,0.07044199392021169,0.009435017074888918,-0.6494017558475195
3525,3526,3529,3527,3530,2025,2025-04-24 11:20:00,2025-04-24 11:25:00,2025-04-24 13:10:00,4,0.0010219386163156446,0.00026943553418921966,0.08114797825732474,0.25,0.57186064504311,1.3507951961587101,0.4,0.0,0.0019742752449207757,-0.19207234543815338
3529,3537,3542,3531,3543,2025,2025-04-24 13:10:00,2025-04-24 13:50:00,2025-04-24 14:15:00,13,0.000981295315114411,-0.003876548213012418,-0.5551184203624403,0.6153846153846154,-0.11455099454021894,1.4017921078870796,0.42857142857142855,0.0,0.0033479838764023384,0.4140965820952434
3542,3547,3555,3544,3556,2025,2025-04-24 14:15:00,2025-04-24 14:40:00,2025-04-25 09:50:00,13,0.0009633652097580001,2.5032323111233434e-05,0.0021013372733669424,0.38461538461538464,-0.09442961104481358,1.7705219036731046,0.5714285714285714,0.0,0.0059400678814727215,-0.773629657804232
3555,3560,3561,3557,3562,2025,2025-04-25 09:50:00,2025-04-25 10:15:00,2025-04-25 10:20:00,6,0.0011147503566071553,-0.006169936497002208,-0.9450711884013503,0.8333333333333334,-0.07735764035997877,1.5235818075751988,0.7142857142857143,0.0,0.005472133801858625,0.7450455028009394
3561,3572,3577,3563,3578,2025,2025-04-25 10:20:00,2025-04-25 11:15:00,2025-04-25 13:10:00,16,0.0011520608735261194,0.004487961448175605,0.25992983461314423,0.6875,-0.05536295779966732,1.5514077766560428,0.29411764705882354,0.06655050204293374,0.008452631346361983,0.4521717468632481
3577,3578,3590,3579,3591,2025,2025-04-25 13:10:00,2025-04-25 13:15:00,2025-04-25 14:15:00,13,0.0011422555918372452,0.0032933878500956667,0.3334720429108177,0.07692307692307693,0.0018997981178526778,1.4209910685614722,0.5,0.10351400511288733,0.005631183298161702,-0.5548079420086771
3590,3593,3596,3592,3597,2025,2025-04-25 14:15:00,2025-04-25 14:30:00,2025-04-25 14:45:00,6,0.0011930560042905038,-0.0005479916244599844,-0.226429025733123,0.5,0.088182950765463,1.4032857785642507,0.5714285714285714,0.06786071876799202,0.0011553095721614781,0.4139332335253832
3596,3597,3606,3598,3607,2025,2025-04-25 14:45:00,2025-04-25 14:50:00,2025-04-28 10:05:00,10,0.001183321375408521,0.005433384653872145,0.49006867896805556,0.1,-0.27613755859331357,1.929419020713519,0.18181818181818182,0.002121341630287817,0.00736405335519752,-0.7432504826305103
3606,3615,3617,3608,3618,2025,2025-04-28 10:05:00,2025-04-28 10:50:00,2025-04-28 11:00:00,11,0.0012377142304566377,-0.0015079547209936835,-0.09928881454300248,0.8181818181818182,-0.832181067717566,1.3264001107921153,0.3333333333333333,0.0,0.009707556175437837,0.692000247781567
3617,3622,3652,3619,3653,2025,2025-04-28 11:00:00,2025-04-28 11:25:00,2025-04-29 09:55:00,35,0.0012351578708947788,0.006782239326686468,0.21163723165941303,0.14285714285714285,-0.15878435794990922,2.64704714885322,0.6111111111111112,0.03297072604304685,0.011706194783071666,-0.6388991643283352
3652,3657,3665,3654,3666,2025,2025-04-29 09:55:00,2025-04-29 10:20:00,2025-04-29 11:00:00,13,0.0014863119559023002,-0.0058546204806614295,-0.5274419316385024,0.38461538461538464,0.5676279329094945,1.6135612829924797,0.2857142857142857,0.019138755568240025,0.00559021021485151,0.0
3665,3673,3675,3667,3676,2025,2025-04-29 11:00:00,2025-04-29 13:10:00,2025-04-29 13:20:00,10,0.0013627563802605584,-0.004731303463545854,-0.8841924024869603,0.8,-0.14481129978557308,1.365192146210701,0.6363636363636364,0.0,0.0035418100237141203,0.6642368427200136
3675,3709,3712,3677,3713,2025,2025-04-29 13:20:00,2025-04-30 10:40:00,2025-04-30 10:55:00,37,0.0013375094847420954,0.010138028500529802,0.2710130750552296,0.918918918918919,-1.187176246029052,1.9004491973286364,0.23684210526315788,0.13521471289822962,0.012797631068973025,0.7890625468954666
3712,3718,3727,3714,3728,2025,2025-04-30 10:55:00,2025-04-30 11:25:00,2025-04-30 13:40:00,15,0.001071598352773315,0.0019580315189489717,0.1963183076354329,0.4,0.41795661874662166,1.2962565974424611,0.5,0.0,0.0036361520607703923,0.5249099261866441
3727,3730,3734,3729,3735,2025,2025-04-30 13:40:00,2025-04-30 13:55:00,2025-04-30 14:15:00,7,0.001088307647009827,-0.0003952530164797194,-0.13897703059615044,0.42857142857142855,-0.14942579288442784,1.417648453243881,0.75,0.0,0.0015605866230741228,-0.31662451483120474
3734,3755,3757,3736,3758,2025,2025-04-30 14:15:00,2025-05-06 10:30:00,2025-05-06 10:40:00,23,0.0012389600189069818,0.011731549982122731,0.43653527273661724,0.9130434782608695,-2.8278837755539086,1.9761244443057693,0.08333333333333333,0.6982261059969755,0.013929127925656815,0.8521824765386291
3757,3775,3777,3759,3778,2025,2025-05-06 10:40:00,2025-05-06 13:40:00,2025-05-06 13:50:00,20,0.0012800089012068566,0.002351323824316216,0.2101364688213914,0.9,-0.3485950586407626,2.1531267852829306,0.23809523809523808,0.49094502895681735,0.0032191381006940745,0.6941049719857542
3777,3780,3785,3779,3786,2025,2025-05-06 13:50:00,2025-05-06 14:05:00,2025-05-06 14:30:00,8,0.001279969698877429,-0.001218876152209465,-0.43574590839979327,0.375,0.2837637167986881,1.6444662562813437,0.5555555555555556,0.0,0.0018034269991504814,-0.6056207881496154
3785,3793,3802,3787,3803,2025,2025-05-06 14:30:00,2025-05-07 09:40:00,2025-05-07 10:25:00,17,0.002231536033658975,-0.019194499115210314,-0.49261385105981265,0.47058823529411764,0.7472121772143466,3.6149935606353405,0.16666666666666666,0.04069263829816791,0.015598765154512861,0.33875068763132454
3802,3803,3807,3804,3808,2025,2025-05-07 10:25:00,2025-05-07 10:30:00,2025-05-07 10:50:00,5,0.0022818802239521546,0.0030036620573229466,0.5780700796290467,0.2,-0.0036410164518893575,1.5508148922335496,0.5,0.0,0.004041547893725017,-0.7455757601658307
3807,3811,3831,3809,3832,2025,2025-05-07 10:50:00,2025-05-07 11:10:00,2025-05-07 14:20:00,24,0.002338292679326308,0.003940776476655682,0.18923018493479887,0.16666666666666666,0.507292149638931,1.475654675376274,0.36,0.007755999050228765,0.007828743282540351,-0.5308256968314327
3831,3838,3841,3833,3842,2025,2025-05-07 14:20:00,2025-05-07 14:55:00,2025-05-08 09:40:00,10,0.002383070711404211,-0.0065412444358421825,-0.4490296172514684,0.7,-0.6462594378653466,2.146533158567006,0.36363636363636365,0.04425804701337948,0.007033090222906324,0.33180427652402805
3841,3844,3854,3843,3855,2025,2025-05-08 09:40:00,2025-05-08 09:55:00,2025-05-08 10:45:00,13,0.001435060314819293,0.0019521914661686183,0.14998880275672374,0.23076923076923078,0.39164693970480624,1.3443858361986118,0.35714285714285715,0.0,0.0051940069116129806,-0.34580310544545523
3854,3859,3870,3856,3871,2025,2025-05-08 10:45:00,2025-05-08 11:10:00,2025-05-08 13:35:00,16,0.0014499898625825619,-0.0072765143271725004,-0.5819246453357745,0.3125,0.48016702496348784,2.7386309919538547,0.47058823529411764,0.003341321495732735,0.005497036288315549,-0.058662291532973004
3870,3883,3906,3872,3907,2025,2025-05-08 13:35:00,2025-05-08 14:40:00,2025-05-09 11:05:00,36,0.0014724077830892272,-0.0002906715123049216,-0.008873194963387487,0.3611111111111111,0.3091878100999461,3.2239490717919113,0.2702702702702703,0.03037595726849149,0.018938675675110872,-0.7740485031173974
3906,3918,3934,3908,3935,2025,2025-05-09 11:05:00,2025-05-09 13:35:00,2025-05-09 14:55:00,28,0.0014103074458725105,-0.0033938188124017095,-0.20981313033048762,0.42857142857142855,0.13874623996762867,1.6063895539026374,0.3793103448275862,0.009937314018667301,0.005310781652045904,-0.24666648656540952
3934,3936,3938,3936,3939,2025,2025-05-09 14:55:00,2025-05-12 09:35:00,2025-05-12 09:45:00,4,0.0010284871178156403,0.00025824650765798136,0.04489198702234853,0.5,1.3468077987632971,1.3572720581631426,0.2,0.14007610748153784,0.0031352342380053244,-0.12355430521867057
3938,3945,3961,3940,3962,2025,2025-05-12 09:45:00,2025-05-12 10:20:00,2025-05-12 13:10:00,23,0.0012825307139538822,-0.0032663437902932134,-0.12390999245473149,0.30434782608695654,0.6063971300790184,1.8665127472530874,0.2916666666666667,0.02555027622570024,0.010517030984201092,-0.0935627731447397
3961,3965,3970,3963,3971,2025,2025-05-12 13:10:00,2025-05-12 13:30:00,2025-05-12 13:55:00,9,0.001305658477054672,-0.0005567984235324401,-0.11680226482337322,0.4444444444444444,0.16579791704651964,1.4399697297733007,0.6,0.0,0.002631776477439729,0.16244313156181103
3970,3988,4006,3972,4007,2025,2025-05-12 13:55:00,2025-05-13 09:55:00,2025-05-13 11:25:00,36,0.0014272029227252012,0.007883243324688616,0.1688567123295217,0.5,-0.07547611173299677,2.2802976791898346,0.24324324324324326,0.0,0.015084015988266586,0.2637256368579554
4006,4018,4029,4008,4030,2025,2025-05-13 11:25:00,2025-05-13 13:55:00,2025-05-13 14:50:00,23,0.0014220230852718093,-0.0050595169185515595,-0.4044046455457579,0.5217391304347826,-0.07968115850930538,1.5637790069501991,0.4166666666666667,0.00014665212984277948,0.0036568532548031385,-0.024367768099136267
4029,4033,4050,4031,4051,2025,2025-05-13 14:50:00,2025-05-14 09:40:00,2025-05-14 11:05:00,21,0.0010480385344219787,-0.003365903760834421,-0.20349437515052812,0.19047619047619047,0.40525427714928675,2.442666423132779,0.13636363636363635,0.0,0.006769488055246242,-0.4321170104687092
4050,4064,4073,4052,4074,2025,2025-05-14 11:05:00,2025-05-14 13:45:00,2025-05-14 14:30:00,23,0.0011456283511871977,-0.005249348716121149,-0.17495784143193233,0.6086956521739131,-0.8862377917070589,1.7436924686227795,0.16666666666666666,0.0325895042880191,0.0129152449613672,0.37584560197436184
4073,4076,4087,4075,4088,2025,2025-05-14 14:30:00,2025-05-14 14:45:00,2025-05-15 10:10:00,14,0.001504147269517366,0.00769799250127934,0.49626641158902673,0.21428571428571427,0.45133891169897666,2.282834920128566,0.3333333333333333,0.06612415034918584,0.010261889883051545,-0.7598883567329072
4087,4090,4102,4089,4103,2025,2025-05-15 10:10:00,2025-05-15 10:25:00,2025-05-15 11:25:00,15,0.0015554626280135906,0.0017841395763123237,0.20680461930820107,0.2,0.730760967077318,1.8214313376867757,0.25,0.0,0.004499400371762441,-0.3810614785408482
4102,4103,4116,4104,4117,2025,2025-05-15 11:25:00,2025-05-15 11:30:00,2025-05-15 14:05:00,14,0.0014290483436455866,0.002557162944136125,0.341645846874704,0.07142857142857142,0.38046219767954764,1.4572053259910096,0.2,0.0025670269098446654,0.004052306174101794,-0.6039329953726084
4116,4121,4139,4118,4140,2025,2025-05-15 14:05:00,2025-05-15 14:30:00,2025-05-16 10:30:00,23,0.0009839143876109696,-0.00030547822445982386,-0.012730044198279906,0.21739130434782608,0.33052188172991454,1.3452012675616662,0.5416666666666666,0.009433343772763081,0.010483368875786603,-0.6759243382098022
4139,4142,4147,4141,4148,2025,2025-05-16 10:30:00,2025-05-16 10:45:00,2025-05-16 11:10:00,8,0.0008224300779684483,-0.0011877681423789266,-0.23902533772058446,0.375,0.40761206115281956,2.150689194043441,0.5555555555555556,0.031712774590818636,0.0023340755287000192,0.5477029075687488
4147,4156,4165,4149,4166,2025,2025-05-16 11:10:00,2025-05-16 13:25:00,2025-05-16 14:10:00,18,0.0008481232495765617,-0.001545206907880163,-0.15021209530350163,0.5,-0.07053518703357059,1.5340552673966137,0.42105263157894735,0.0,0.004140168505696096,-0.2455289680069767
4165,4168,4169,4167,4170,2025,2025-05-16 14:10:00,2025-05-16 14:25:00,2025-05-16 14:30:00,4,0.0008531062731581391,-0.0008757581655424484,-0.2873295387530479,0.75,-0.35008334270587105,1.286370153697764,0.4,0.0,0.0018812788180415652,0.4387342940556076
4169,4172,4185,4171,4186,2025,2025-05-16 14:30:00,2025-05-16 14:45:00,2025-05-19 10:20:00,16,0.0008808480946666709,-4.80888381483623e-06,-0.0002667669710829006,0.1875,1.3034138969119218,1.5032552692206054,0.29411764705882354,0.28307251595567345,0.008192218860870959,-0.7379024658880964
4185,4195,4200,4187,4201,2025,2025-05-19 10:20:00,2025-05-19 11:10:00,2025-05-19 13:05:00,15,0.0010852420569654373,-0.0013277535317473312,-0.09548508177015802,0.6666666666666666,-0.17611450571120074,1.6704101779029379,0.3125,0.058635689948728795,0.007094482862763485,0.6320844709999636
4200,4217,4222,4202,4223,2025,2025-05-19 13:05:00,2025-05-19 14:30:00,2025-05-19 14:55:00,22,0.0011031593805134745,0.0032499412324302123,0.27960109060461247,0.7727272727272727,-0.8106787376068546,1.4594254604631354,0.30434782608695654,0.0,0.005216433001982601,0.6094841063397691
4222,4226,4228,4224,4229,2025,2025-05-19 14:55:00,2025-05-20 09:45:00,2025-05-20 09:55:00,6,0.0011841881334051997,-0.009298612588299351,-0.9448858009652875,0.6666666666666666,0.4250378320300698,2.0594381534000696,0.2857142857142857,0.16437048172023205,0.004825232942481605,0.11238709570390008
4228,4230,4233,4230,4234,2025,2025-05-20 09:55:00,2025-05-20 10:05:00,2025-05-20 10:20:00,5,0.0011559167719932704,0.00015055630583337548,0.03122261850312555,0.4,-0.035273299065312694,1.5033552208738254,0.3333333333333333,0.0,0.002657002761284666,0.18888272361741668
4233,4250,4262,4235,4263,2025,2025-05-20 10:20:00,2025-05-20 13:15:00,2025-05-20 14:15:00,29,0.0010387715947094815,0.0016446679812005612,0.10154148487959287,0.5862068965517241,-0.28143389902359706,1.3428205046483057,0.4,0.01727117268615972,0.004914949408279412,0.38551076405748663
4262,4263,4280,4264,4281,2025,2025-05-20 14:15:00,2025-05-20 14:20:00,2025-05-21 10:15:00,18,0.0010022647680827206,0.002798046203090488,0.17962410203903736,0.05555555555555555,-0.5487887553823668,1.669223747873681,0.05263157894736842,0.30734136728114386,0.004605875354983802,-0.5857444465584488
4280,4284,4286,4282,4287,2025,2025-05-21 10:15:00,2025-05-21 10:35:00,2025-05-21 10:45:00,6,0.0007537704117605985,3.012900234175657e-05,0.006803606711358993,0.6666666666666666,-0.36927806959388154,1.4558864817098032,0.14285714285714285,0.49811265490432566,0.0021488325251288742,-0.06076075773844703
4286,4294,4312,4288,4313,2025,2025-05-21 10:45:00,2025-05-21 11:25:00,2025-05-21 14:25:00,26,0.000798389232422036,0.0027705264696991807,0.19368047435442257,0.3076923076923077,0.47715118950683083,1.5202153681891706,0.18518518518518517,0.042413931442777095,0.004663415747407029,-0.056006273438712735
4312,4313,4316,4314,4317,2025,2025-05-21 14:25:00,2025-05-21 14:30:00,2025-05-21 14:45:00,4,0.0007979424645512052,0.00012056666346360567,0.1111371564865554,0.25,-1.370129839206031,1.7045305338163101,0.2,0.0559821690033517,0.0005625257554084939,-0.1964709982310052
4316,4325,4338,4318,4339,2025,2025-05-21 14:45:00,2025-05-22 10:00:00,2025-05-22 11:05:00,22,0.0007814172529608024,-0.0003481006920736287,-0.022785186838108436,0.4090909090909091,0.09186264323708462,1.7251824843045567,0.5652173913043478,0.010937747523179856,0.007399892195766533,-0.40251783436454736
4338,4343,4353,4340,4354,2025,2025-05-22 11:05:00,2025-05-22 11:30:00,2025-05-22 13:50:00,15,0.0007945672873067752,-0.00506939764286864,-0.5405928141665415,0.3333333333333333,0.40755400631131883,1.719848282659822,0.25,0.0,0.003290022737968634,0.049006290906650735
4353,4354,4375,4355,4376,2025,2025-05-22 13:50:00,2025-05-22 13:55:00,2025-05-23 10:10:00,22,0.0008029277013742384,0.0056478202998540275,0.35846570576463177,0.045454545454545456,-0.04541863480289882,1.3767383618738445,0.4782608695652174,0.0,0.006815764176194783,-0.809414966127027
4375,4388,4394,4377,4395,2025,2025-05-23 10:10:00,2025-05-23 11:15:00,2025-05-23 13:15:00,19,0.0009027340004916177,-9.895549645185404e-05,-0.006338452355102481,0.6842105263157895,-0.30259723252173654,1.9747068732319601,0.5,0.0,0.008665661652417889,0.6668536141618865
4394,4396,4415,4396,4416,2025,2025-05-23 13:15:00,2025-05-23 13:25:00,2025-05-23 15:00:00,21,0.0010002399781267228,0.010765914686006434,0.6202138482689,0.09523809523809523,1.7007491827667165,1.5368561761926776,0.36363636363636365,0.21949675439184463,0.013975194030485305,-0.8790053458905451
4415,4417,4421,4417,4422,2025,2025-05-23 15:00:00,2025-05-26 09:40:00,2025-05-26 10:00:00,6,0.0010373748256700197,0.0008760849751496555,0.3806432893305215,0.3333333333333333,0.30650417339573377,1.809964575998221,0.42857142857142855,0.0,0.002139299737075717,0.2573472528565394
4421,4428,4439,4423,4440,2025,2025-05-26 10:00:00,2025-05-26 10:35:00,2025-05-26 11:30:00,18,0.0008793471465416995,-0.0018439768987209301,-0.16607620077134197,0.3888888888888889,-0.020268042815586324,1.741337592412836,0.5789473684210527,0.020860171187259545,0.006164399592673675,-0.3243973663360401
4439,4441,4444,4441,4445,2025,2025-05-26 11:30:00,2025-05-26 13:10:00,2025-05-26 13:25:00,5,0.0008908888674729483,-0.00042883398655945706,-0.12432144144637515,0.4,-0.2632018124638527,1.5194615898361126,0.5,0.07102287611632986,0.0016327200655501528,0.23764787993762962
4444,4453,4456,4446,4457,2025,2025-05-26 13:25:00,2025-05-26 14:10:00,2025-05-26 14:25:00,12,0.0008866387860816424,-0.0051769052226538145,-0.6646036607898312,0.75,-1.0887790075233403,1.791351013337285,0.23076923076923078,0.04839754964001285,0.0034151471886074702,0.3047491843934046
4456,4461,4497,4458,4498,2025,2025-05-26 14:25:00,2025-05-26 14:50:00,2025-05-27 13:50:00,41,0.0008291931313848333,0.0070374058840998845,0.29022097219709053,0.12195121951219512,1.7502670588494322,1.9491762531085182,0.19047619047619047,0.17389327151132505,0.008771896390498135,-0.7383148806424655
4500,4503,4509,4502,4510,2025,2025-05-27 14:05:00,2025-05-27 14:20:00,2025-05-27 14:50:00,9,0.0007979120699158128,0.0014581303605211522,0.24333861714158558,0.3333333333333333,-0.0101143167491724,1.6122330888418623,0.1,0.2982839907526934,0.002749847823488416,-0.4966123707942528
4509,4512,4522,4511,4523,2025,2025-05-27 14:50:00,2025-05-28 09:35:00,2025-05-28 10:25:00,13,0.0007940742718040179,-0.0016602996837568702,-0.16065588593582517,0.23076923076923078,0.30763961578156385,1.6947387866665327,0.21428571428571427,0.0005938161619373221,0.004100324829753532,-0.5418623601834872
4522,4530,4538,4524,4539,2025,2025-05-28 10:25:00,2025-05-28 11:05:00,2025-05-28 13:15:00,16,0.0008209670096742513,-0.0045543607415315865,-0.6079329082961387,0.5,0.12265870452400529,1.5716099121930243,0.47058823529411764,0.01761455793158158,0.0037208006664339877,0.5253257997208433
4538,4539,4550,4540,4551,2025,2025-05-28 13:15:00,2025-05-28 13:20:00,2025-05-28 14:15:00,12,0.0008046938008284504,0.002675641949028586,0.459664265274943,0.08333333333333333,2.395014374557284,1.5657695141160568,0.15384615384615385,0.2973764839897723,0.0036616514210621176,-0.7138572173775547
4550,4554,4556,4552,4557,2025,2025-05-28 14:15:00,2025-05-28 14:35:00,2025-05-28 14:45:00,6,0.0007433426262126039,-0.0020599455193506993,-0.6494328909114747,0.6666666666666666,-0.06631320425906026,1.4089050686176425,0.42857142857142855,0.06258999054269838,0.0016478031308597707,0.025013132172027743
4556,4576,4581,4558,4582,2025,2025-05-28 14:45:00,2025-05-29 10:55:00,2025-05-29 11:20:00,25,0.0008700652320311941,0.0037006767393424293,0.13019807811628442,0.8,-0.288406826260302,1.6147533834515178,0.4230769230769231,0.05735652147089149,0.01557155844119329,0.7748098901818168
4581,4588,4589,4583,4590,2025,2025-05-29 11:20:00,2025-05-29 13:25:00,2025-05-29 13:30:00,8,0.0010010909492546662,-0.0048577710454637225,-1.0000000000000733,0.875,-0.7992908538018217,1.5327902467122487,0.2222222222222222,0.0,0.0030494646412897453,0.42370561225678915
4589,4594,4599,4591,4600,2025,2025-05-29 13:30:00,2025-05-29 13:55:00,2025-05-29 14:20:00,10,0.0010022111648165604,0.0011482282475826602,0.20977847395211383,0.5,0.5420200273736799,1.2444867953254157,0.2727272727272727,0.06011384462746359,0.0028033129932145684,0.3951099140980502
4599,4602,4619,4601,4620,2025,2025-05-29 14:20:00,2025-05-29 14:35:00,2025-05-30 10:30:00,20,0.00147616636655682,-0.004573901886608516,-0.2557921668001005,0.15,1.5249620326131403,5.272417334463801,0.19047619047619047,0.418241297270634,0.011430793529885186,-0.8526370175556063
4619,4628,4635,4621,4636,2025,2025-05-30 10:30:00,2025-05-30 11:15:00,2025-05-30 13:20:00,16,0.001437824561682355,-0.0038809404399855335,-0.3554015564028593,0.5625,0.04591116291818972,1.999416071497795,0.17647058823529413,0.01455587437401511,0.004380316081692648,0.2527162703836287
4635,4640,4647,4637,4648,2025,2025-05-30 13:20:00,2025-05-30 13:45:00,2025-05-30 14:20:00,12,0.0014671794321660546,-0.00014342645832943668,-0.018598420046624993,0.4166666666666667,0.05515083802815297,1.971368884481074,0.15384615384615385,0.01697479608458573,0.0034368161481888038,-0.005961460734130198
4647,4662,4672,4649,4673,2025,2025-05-30 14:20:00,2025-06-03 10:05:00,2025-06-03 10:55:00,25,0.0011370862552643043,-0.0013900564830287192,-0.05746638039129371,0.6,0.41705873432521123,1.962048566528647,0.34615384615384615,0.09620296269991863,0.011212479606564685,0.6191307604020392
4672,4676,4689,4674,4690,2025,2025-06-03 10:55:00,2025-06-03 11:15:00,2025-06-03 13:50:00,17,0.0011641014715200937,-0.004516986886395349,-0.4236460582046773,0.23529411764705882,0.7116708105131755,2.0710382780159065,0.2777777777777778,0.027698111958500554,0.004636322028875206,-0.3469775245391706
4689,4693,4695,4691,4696,2025,2025-06-03 13:50:00,2025-06-03 14:10:00,2025-06-03 14:20:00,6,0.001104263287350162,-0.00011208077979187378,-0.05025625477177892,0.6666666666666666,-1.1835223866819857,1.666535928252879,0.2857142857142857,0.0,0.0012118559680187602,0.08408026858963903
4695,4714,4719,4697,4720,2025,2025-06-03 14:20:00,2025-06-04 10:25:00,2025-06-04 10:50:00,24,0.0008991649426660782,-0.0014069473520139715,-0.12306168528294098,0.7916666666666666,-0.49262318327148963,2.3318696434756836,0.4,0.13354932923047907,0.006236435188313294,0.6814588936316798
4719,4727,4734,4721,4735,2025,2025-06-04 10:50:00,2025-06-04 11:30:00,2025-06-04 13:35:00,15,0.0006737475389742199,-0.0032432184478768493,-0.5111649711276464,0.5333333333333333,-0.46442173062901443,2.003139942785677,0.375,0.013787642754128035,0.0023613719084929485,0.15035013729576838
4734,4736,4738,4736,4739,2025,2025-06-04 13:35:00,2025-06-04 13:45:00,2025-06-04 13:55:00,4,0.0006419386740713278,-2.028438710778536e-05,-0.015156402997378532,0.5,0.14790679696316045,1.6741702048730391,0.6,0.0,0.0005779262747225289,0.03509750435146142
4738,4742,4749,4740,4750,2025,2025-06-04 13:55:00,2025-06-04 14:15:00,2025-06-04 14:50:00,11,0.0006394640715110937,0.0003956197841205076,0.09630662159811096,0.36363636363636365,-0.39240556808464433,1.3271563724213864,0.3333333333333333,0.17067506874854912,0.0020084401785096517,-0.2778044621022673
4752,4760,4767,4754,4768,2025,2025-06-05 09:35:00,2025-06-05 10:15:00,2025-06-05 10:50:00,15,0.0007008615946466648,-0.004989374928486839,-0.5076104251068783,0.5333333333333333,0.1989410413132945,1.5046591884476392,0.5,0.0,0.004765776613035122,0.5325081278635908
4767,4795,4805,4769,4806,2025,2025-06-05 10:50:00,2025-06-05 14:40:00,2025-06-06 10:00:00,38,0.0008109265597684552,0.004470299656822958,0.16264481139104853,0.7368421052631579,-0.3219120625927366,2.4629510155608765,0.5128205128205128,0.0,0.010970174242864061,0.3330190570551
4805,4816,4838,4807,4839,2025,2025-06-06 10:00:00,2025-06-06 10:55:00,2025-06-06 14:15:00,33,0.0010668308816479091,-0.001954097880875414,-0.12457459219665042,0.3333333333333333,0.349014786221429,1.8551952562170315,0.4117647058823529,0.003851238021384557,0.005071776864666866,-0.0896465239590553
4838,4857,4863,4840,4864,2025,2025-06-06 14:15:00,2025-06-09 10:20:00,2025-06-09 10:50:00,25,0.0009223197502525738,0.005652683707499807,0.24151347608678098,0.76,-0.9596320548200169,1.883166204486883,0.15384615384615385,0.13028496992190014,0.01166478114430003,0.755600091352139
4863,4866,4881,4865,4882,2025,2025-06-09 10:50:00,2025-06-09 11:05:00,2025-06-09 13:50:00,18,0.0010081885687143377,0.0033813137051903774,0.38719126582424074,0.16666666666666666,0.9329728152280317,1.579571407557159,0.15789473684210525,0.07925836914689584,0.004522648489952985,-0.7365808268571284
4881,4887,4889,4883,4890,2025,2025-06-09 13:50:00,2025-06-09 14:20:00,2025-06-09 14:30:00,8,0.0009954922273833946,-0.0008840578829970896,-0.4192023690691201,0.75,-0.06953282462543357,1.6880333733485409,0.5555555555555556,0.0,0.0012756320878839489,0.7245367583638941
4889,4894,4926,4891,4927,2025,2025-06-09 14:30:00,2025-06-09 14:55:00,2025-06-10 13:35:00,37,0.0007766756033817368,0.01315808944264577,0.28138381997778306,0.13513513513513514,-0.43079658146168964,2.249291440058634,0.5526315789473685,0.00821458278211007,0.017871073072798893,-0.8566546706966662
4926,4929,4934,4928,4935,2025,2025-06-10 13:35:00,2025-06-10 13:50:00,2025-06-10 14:15:00,8,0.0011911737734595915,-6.115771557459355e-05,-0.010324558605565668,0.375,0.28347313690779175,1.684143876427167,0.4444444444444444,0.0,0.0032778570601781354,0.11196412878480419
4934,4949,4963,4936,4964,2025,2025-06-10 14:15:00,2025-06-11 10:00:00,2025-06-11 11:10:00,29,0.001228499430532297,0.004059038343528819,0.19918982199021343,0.5172413793103449,-0.33335449897857106,1.6406397351015067,0.23333333333333334,9.408745901355208e-05,0.008262580376912965,0.33261197671052983
4963,4968,4973,4965,4974,2025,2025-06-11 11:10:00,2025-06-11 13:05:00,2025-06-11 13:30:00,10,0.001235499505631953,-0.003973065425125261,-0.42213329506752273,0.5,-0.3013378378370037,1.5461695223275758,0.18181818181818182,0.10895592398705246,0.003929158459452964,-0.09056052816647761
4973,4977,4980,4975,4981,2025,2025-06-11 13:30:00,2025-06-11 13:50:00,2025-06-11 14:05:00,7,0.0009115546250459535,-0.0002643297223663488,-0.08025498385815862,0.5714285714285714,-0.4266928028207257,1.268094362306821,0.375,0.22944080642561968,0.0009453766199891689,0.2903668360062243
4980,4981,4996,4982,4997,2025,2025-06-11 14:05:00,2025-06-11 14:10:00,2025-06-12 09:55:00,16,0.0008954809466457022,0.00658836471176073,0.5020404014510335,0.0625,-0.06504433881459575,3.0378125588678793,0.5294117647058824,0.23328712338552782,0.008385921702950938,-0.7612679481019294
4996,5001,5003,4998,5004,2025,2025-06-12 09:55:00,2025-06-12 10:20:00,2025-06-12 10:30:00,7,0.0010804464534755836,-0.006676225135739272,-0.9159091631045834,0.7142857142857143,-0.08463260364873786,1.2772544348026131,0.25,0.06718519607467285,0.00455465340799055,0.28732369201206936
5003,5010,5025,5005,5026,2025,2025-06-12 10:30:00,2025-06-12 11:05:00,2025-06-12 13:50:00,22,0.0011112201862236578,0.001706923504046909,0.12206304143170109,0.3181818181818182,0.04689274261025493,1.5245692279226977,0.6086956521739131,0.05549659603153403,0.005068838584223911,-0.2420314595472041
5025,5031,5062,5027,5063,2025,2025-06-12 13:50:00,2025-06-12 14:20:00,2025-06-13 11:25:00,37,0.0010658470967418788,0.0059502852753714275,0.137283017234477,0.16216216216216217,0.9289692677199511,2.1286171961569003,0.34210526315789475,0.09510246548086596,0.011217835878224669,-0.8742438887757233
5062,5076,5085,5064,5086,2025,2025-06-13 11:25:00,2025-06-13 14:05:00,2025-06-13 14:50:00,23,0.0013455353590457594,-0.0003853981268761236,-0.017984410678740622,0.6086956521739131,-0.2861092884533834,1.765460651070733,0.375,0.015272590595411244,0.008132804405866167,0.428591837245201
5085,5087,5090,5087,5091,2025,2025-06-13 14:50:00,2025-06-13 15:00:00,2025-06-16 09:45:00,5,0.0013943252866685427,-0.00032939432916092323,-0.03444302266346133,0.4,0.4404948423385361,1.4866863512431987,0.3333333333333333,0.24296340068846548,0.002016544574043877,0.15312891884299673
5090,5098,5115,5092,5116,2025,2025-06-16 09:45:00,2025-06-16 10:25:00,2025-06-16 13:20:00,25,0.001206159702787377,-0.0031944185099319843,-0.23394657260958346,0.32,0.5554859427782012,2.9679009379216073,0.38461538461538464,0.13141140902339798,0.004559802452445361,-0.49710198923890775
5115,5116,5121,5117,5122,2025,2025-06-16 13:20:00,2025-06-16 13:25:00,2025-06-16 13:50:00,6,0.0010402025685221346,-0.0001237891871728312,-0.06384704276764976,0.16666666666666666,0.002659047516299955,1.6915785192855457,0.14285714285714285,0.17747514052515626,0.0009384394750764358,-0.17587766871347302
5121,5131,5153,5123,5154,2025,2025-06-16 13:50:00,2025-06-16 14:40:00,2025-06-17 11:00:00,32,0.0008006091843972606,0.0012963393319444906,0.06499060316124793,0.3125,0.1286265820816048,1.9724557242555885,0.5454545454545454,0.01104106878381434,0.009856576242875725,-0.7532464501870497
5153,5157,5161,5155,5162,2025,2025-06-17 11:00:00,2025-06-17 11:20:00,2025-06-17 13:10:00,8,0.0006945496957971895,0.0001039447015122848,0.03450538253033627,0.5,-0.21407580348587482,1.407092504660032,0.5555555555555556,0.02689155325298996,0.0013816533209816129,-0.05265892261493195
5161,5167,5176,5163,5177,2025,2025-06-17 13:10:00,2025-06-17 13:40:00,2025-06-17 14:25:00,15,0.0007962005277318496,-0.004980643484768722,-0.5764580457832724,0.4,0.4819381112766684,1.7269388078509775,0.3125,0.010309758301316032,0.0038944701083227784,-0.2803927867099954
5176,5185,5200,5178,5201,2025,2025-06-17 14:25:00,2025-06-18 09:40:00,2025-06-18 10:55:00,24,0.0009640605937807753,0.001684129273911615,0.07953352299783445,0.375,0.5522782536583668,1.991682989568627,0.2,0.0025500825876168037,0.0069312139362569525,-0.09160547979115874
5200,5215,5218,5202,5219,2025,2025-06-18 10:55:00,2025-06-18 13:40:00,2025-06-18 13:55:00,18,0.0010399240675235434,0.0004899091749925043,0.02641025382431724,0.8333333333333334,-0.8091505260480619,1.5642151327827838,0.21052631578947367,0.10045854851830995,0.011645551855670178,0.7264913432773791
5218,5222,5227,5220,5228,2025,2025-06-18 13:55:00,2025-06-18 14:15:00,2025-06-18 14:40:00,9,0.0011471258386255801,0.0005264000038981236,0.1478594466167364,0.4444444444444444,0.2611978640103981,1.4704551829369157,0.3,0.13756533390744977,0.0014756190215301501,0.3497423233465091
5227,5239,5257,5229,5258,2025,2025-06-18 14:40:00,2025-06-19 10:10:00,2025-06-19 13:10:00,30,0.0010169976762233921,0.0038380753773828236,0.1523311947309437,0.4,0.08758396442235225,1.7914889137842256,0.4838709677419355,0.0015448358992857223,0.011232129318323736,-0.5399981777253977
5257,5262,5274,5259,5275,2025,2025-06-19 13:10:00,2025-06-19 13:35:00,2025-06-19 14:35:00,17,0.0009029087605649559,-0.0021113307506581635,-0.18235948086175477,0.29411764705882354,0.3420155103272155,1.3769065578058182,0.5555555555555556,0.0,0.00446294942059744,-0.43775847517466177
5274,5281,5289,5276,5290,2025,2025-06-19 14:35:00,2025-06-20 09:40:00,2025-06-20 10:20:00,15,0.0010906856255036236,-0.003905670530545839,-0.22842053540760832,0.4666666666666667,0.41998335453401625,1.982610090062023,0.0625,0.00850536485250767,0.00653312428227526,0.00477657438473414
5289,5293,5304,5291,5305,2025,2025-06-20 10:20:00,2025-06-20 10:40:00,2025-06-20 13:05:00,15,0.0011652502121321032,-0.005931363238951937,-0.5543261480613559,0.26666666666666666,1.154812183671463,1.436300174432475,0.4375,0.008719272469540929,0.004709364519977832,-0.38024574654585935
5304,5305,5325,5306,5326,2025,2025-06-20 13:05:00,2025-06-20 13:10:00,2025-06-20 14:50:00,21,0.0011226213740256096,0.002671454608766963,0.20631350849665228,0.047619047619047616,0.03071729693603466,1.7624935194747124,0.3181818181818182,0.0,0.004025451259118462,-0.694727490821978
5325,5335,5345,5327,5346,2025,2025-06-20 14:50:00,2025-06-23 10:10:00,2025-06-23 11:00:00,20,0.0010894643041657395,-0.0038791047938442503,-0.11358981758398082,0.5,0.36634479927510066,1.3661071881657791,0.23809523809523808,0.015430275442566869,0.009985624741290167,0.3238811346145316
5345,5348,5355,5347,5356,2025,2025-06-23 11:00:00,2025-06-23 11:15:00,2025-06-23 13:20:00,10,0.0012270791226927677,0.0006459746627488743,0.0913005433101152,0.3,0.4818423443661211,1.8763259472424874,0.09090909090909091,0.045406224610185196,0.003756683971218422,-0.16086132777868703
5355,5366,5368,5357,5369,2025,2025-06-23 13:20:00,2025-06-23 14:15:00,2025-06-23 14:25:00,13,0.0012178741328015305,-0.005043254250623479,-0.6839417469466209,0.8461538461538461,-1.857280713728048,1.4726876743044521,0.2857142857142857,0.1262696787859612,0.0043785138307343985,0.6489008736767778
5368,5386,5394,5370,5395,2025,2025-06-23 14:25:00,2025-06-24 10:25:00,2025-06-24 11:05:00,26,0.0016379026873933886,0.012403916308161914,0.39221234726091553,0.6923076923076923,-0.31648665924701597,2.7005253384204955,0.2962962962962963,0.11418586208498432,0.018629535305538347,0.6652895992860075
5394,5402,5405,5396,5406,2025,2025-06-24 11:05:00,2025-06-24 13:15:00,2025-06-24 13:30:00,11,0.0016259690474733526,-0.005344592805533342,-0.5748633508021769,0.7272727272727273,-0.37537938673069743,1.4889275764744734,0.3333333333333333,0.11598582249658496,0.004557356227968157,0.7442541089428645
5412,5429,5439,5414,5440,2025,2025-06-24 14:05:00,2025-06-25 10:00:00,2025-06-25 10:50:00,27,0.0011820862772565176,0.009777420320211134,0.3713332514559006,0.6296296296296297,-0.6874609854368701,2.145665476399705,0.2857142857142857,0.000735481930329398,0.009776664019566006,0.06913584123569817
5439,5469,5470,5441,5471,2025,2025-06-25 10:50:00,2025-06-25 14:50:00,2025-06-25 14:55:00,31,0.0012248941180136677,0.015290091294565959,0.5092489798441078,0.967741935483871,-1.3432486036275064,1.5509784683201644,0.125,0.49849977200824913,0.0200579354798327,0.9459413558816065
5472,5479,5487,5474,5488,2025,2025-06-26 09:35:00,2025-06-26 10:10:00,2025-06-26 10:50:00,15,0.001466868562246722,0.006033803836397087,0.2678640574136846,0.4666666666666667,0.687173981033249,1.7942856453814904,0.25,0.13119633378833714,0.010803981658134454,0.10126087484837044
5487,5494,5509,5489,5510,2025,2025-06-26 10:50:00,2025-06-26 11:25:00,2025-06-26 14:10:00,22,0.0014605544206580591,0.0001844551271888836,0.009931369711285247,0.3181818181818182,0.21709458846174917,1.4076521839040614,0.43478260869565216,0.004040578621599675,0.008880830242709692,-0.5389565977180345
5509,5510,5520,5511,5521,2025,2025-06-26 14:10:00,2025-06-26 14:15:00,2025-06-27 09:35:00,11,0.0013892542350293058,0.001260697181139885,0.06906785063472728,0.09090909090909091,0.9484995679636761,1.4339804869826795,0.3333333333333333,0.14454441095542916,0.003972019658541548,-0.35806072915192233
5520,5529,5532,5522,5533,2025,2025-06-27 09:35:00,2025-06-27 10:20:00,2025-06-27 10:35:00,12,0.0010703261774307454,0.0006928020143556896,0.05097681362000203,0.75,-1.258654245748521,1.4517558024368795,0.15384615384615385,0.17240345621384232,0.00785983224372977,0.4448509971716712
5532,5540,5562,5534,5563,2025,2025-06-27 10:35:00,2025-06-27 11:15:00,2025-06-27 14:35:00,30,0.0011818017677382453,0.0035252343286603293,0.12425886214824257,0.26666666666666666,0.6019210163191365,1.5370339193456368,0.3870967741935484,0.01810273025785041,0.009733979931129788,-0.5771963120021009
5562,5573,5575,5564,5576,2025,2025-06-27 14:35:00,2025-06-30 10:00:00,2025-06-30 10:10:00,13,0.0015568869982140459,-0.010685243064183628,-0.4467600026656236,0.8461538461538461,-0.22483467526966697,2.2847983263054528,0.2857142857142857,0.33155599481021797,0.01327904596607521,0.7511358105753071
5575,5581,5587,5577,5588,2025,2025-06-30 10:10:00,2025-06-30 10:40:00,2025-06-30 11:10:00,12,0.0017599242601695102,0.00043060069461307664,0.055862931862156226,0.5,-0.18537221166943418,1.612607075729421,0.3076923076923077,0.0,0.003239581688000648,0.092728805936338
5587,5597,5601,5589,5602,2025,2025-06-30 11:10:00,2025-06-30 13:30:00,2025-06-30 13:50:00,14,0.0016507975196693742,-0.004447071318989003,-0.5447250252197136,0.7142857142857143,-0.5631465216900047,1.8603559524399809,0.3333333333333333,0.048118209396827004,0.0037977638865926977,0.479363725575071
5601,5611,5619,5603,5620,2025,2025-06-30 13:50:00,2025-06-30 14:40:00,2025-07-01 09:50:00,18,0.0015992361721387733,-0.0034724625774451567,-0.22784398153769414,0.5555555555555556,-0.3676814712400934,2.8454578960389036,0.47368421052631576,0.004927578400666544,0.009255202666025752,-0.6270160272783237
5619,5625,5637,5621,5638,2025,2025-07-01 09:50:00,2025-07-01 10:20:00,2025-07-01 11:20:00,18,0.001197145817268832,-0.001759199561367848,-0.11059880363657404,0.3333333333333333,0.21461330916145105,1.8079274417760285,0.47368421052631576,0.0,0.006875293687379269,-0.2839102236715422
5637,5651,5677,5639,5678,2025,2025-07-01 11:20:00,2025-07-01 14:00:00,2025-07-02 10:40:00,40,0.001194019964876869,0.0026004964191842063,0.0967252587716748,0.35,0.22175724180085732,2.186569888369703,0.4878048780487805,0.0024496635688935585,0.01310624171474295,-0.6366207905319675
5677,5681,5682,5679,5683,2025,2025-07-02 10:40:00,2025-07-02 11:00:00,2025-07-02 11:05:00,5,0.0009611177459806449,-0.0008830829301485133,-0.23345265147394018,0.8,-0.15904761889702593,1.1456712679512742,0.3333333333333333,0.0,0.002373659591691002,0.40626916531138596
5682,5684,5701,5684,5702,2025,2025-07-02 11:05:00,2025-07-02 11:15:00,2025-07-02 14:10:00,19,0.000894397654372386,0.0035675664067751777,0.3968847688033154,0.10526315789473684,0.19635561687451053,2.119003549774519,0.3,0.024708205310192202,0.004226703575628932,-0.8320262663353144
5701,5707,5708,5703,5709,2025,2025-07-02 14:10:00,2025-07-02 14:40:00,2025-07-02 14:45:00,7,0.0008903477902335319,-0.0019025547711991977,-0.5899273300893255,0.8571428571428571,-0.388788340535148,1.3717166434423536,0.375,0.08667663077177616,0.0017194984116502,0.44985280767036123
5708,5713,5722,5710,5723,2025,2025-07-02 14:45:00,2025-07-03 09:40:00,2025-07-03 10:25:00,14,0.0009486760675566244,0.0013856275870922567,0.093634817790713,0.35714285714285715,0.19380911929794079,1.9180190560964046,0.26666666666666666,0.013137249743491324,0.005976538600708459,-0.3391048683103282
5722,5725,5729,5724,5730,2025,2025-07-03 10:25:00,2025-07-03 10:40:00,2025-07-03 11:00:00,7,0.0010071375341213639,-0.004988071038073434,-0.8421228051900065,0.42857142857142855,0.24547448886743325,1.523560667801494,0.625,0.0,0.0031959965320069728,0.1275663107079405
5729,5733,5738,5731,5739,2025,2025-07-03 11:00:00,2025-07-03 11:20:00,2025-07-03 13:15:00,9,0.001039807024422515,0.0005806579934855579,0.09790103378578494,0.4444444444444444,0.14343520392157416,1.3891355121838718,0.6,0.0,0.002910232633812626,0.24852343877297234
5738,5747,5751,5740,5752,2025,2025-07-03 13:15:00,2025-07-03 14:00:00,2025-07-03 14:20:00,13,0.0010424126111499095,0.0021058743342713114,0.3183338770387225,0.6923076923076923,-0.3805621508351146,1.5329723321389237,0.42857142857142855,0.0,0.003791098011889815,0.5366643902962733
5751,5753,5769,5753,5770,2025,2025-07-03 14:20:00,2025-07-03 14:30:00,2025-07-04 10:20:00,18,0.0009089581482747539,0.0017331976757712416,0.14172623969834336,0.1111111111111111,0.17397636341403117,1.8479945956576207,0.42105263157894735,0.0,0.007673414701676151,-0.8596929605552378
5769,5789,5814,5771,5815,2025,2025-07-04 10:20:00,2025-07-04 13:30:00,2025-07-07 10:05:00,45,0.0013824076709250811,0.016664992063460206,0.3657243677636093,0.4444444444444444,0.10315658308126746,2.3369041703082503,0.21739130434782608,0.0,0.01809522497795424,0.16595567413103585
5814,5817,5835,5816,5836,2025,2025-07-07 10:05:00,2025-07-07 10:20:00,2025-07-07 13:20:00,21,0.0013920213078019836,0.0033507371296396062,0.3561970513132615,0.14285714285714285,0.34009128625248314,1.5220993444323168,0.5,0.0,0.004777664361720113,-0.6992205060510249
5835,5841,5849,5837,5850,2025,2025-07-07 13:20:00,2025-07-07 13:50:00,2025-07-07 14:30:00,14,0.0007391653561737528,-0.003566289112296728,-0.654741646065908,0.42857142857142855,0.39025870637520177,1.2909554813451802,0.4,0.0,0.0025652176871027166,0.31501775539616944
5849,5861,5863,5851,5864,2025,2025-07-07 14:30:00,2025-07-08 10:00:00,2025-07-08 10:10:00,14,0.000805520265716684,-0.003918889657369206,-0.2883567087707965,0.8571428571428571,0.04682756066886585,2.4273528054578057,0.3333333333333333,0.28624786849960354,0.005963958772123412,0.7099869571464007
5863,5883,5886,5865,5887,2025,2025-07-08 10:10:00,2025-07-08 13:20:00,2025-07-08 13:35:00,23,0.0009779814318886333,0.008627079108834774,0.4527660649616994,0.8695652173913043,-0.26256559522587036,1.5168872632910637,0.375,0.06470058921511783,0.010321639765682455,0.8289954383024821
5886,5890,5893,5888,5894,2025,2025-07-08 13:35:00,2025-07-08 13:55:00,2025-07-08 14:10:00,7,0.001058793389059102,0.0008071921252732899,0.2549020001149349,0.5714285714285714,-0.04745442789477877,1.799055661000807,0.5,0.03653135447381872,0.0018859652501204138,0.4761710355487743
5893,5898,5912,5895,5913,2025,2025-07-08 14:10:00,2025-07-08 14:35:00,2025-07-09 10:15:00,19,0.0010555560589121573,-0.0036975892087546445,-0.3282858068927866,0.2631578947368421,-0.10343831492367161,1.5272678165175517,0.35,0.20619495763779497,0.004229445828314304,-0.49892195629051894
5912,5915,5924,5914,5925,2025,2025-07-09 10:15:00,2025-07-09 10:30:00,2025-07-09 11:15:00,12,0.0008813470488633399,0.00275284313632915,0.31939054711010306,0.25,-0.06759676253092199,1.5600875430605239,0.3076923076923077,0.0711643537067612,0.003015525144393294,-0.8961135739442888
5924,5929,5957,5926,5958,2025,2025-07-09 11:15:00,2025-07-09 13:10:00,2025-07-10 10:00:00,33,0.0007555612814673643,0.0018625553559465215,0.08561755196386213,0.15151515151515152,0.724185257856392,1.7191514331834057,0.47058823529411764,0.03254438784112176,0.008040407569043673,-0.6926485547786515
5957,5959,5972,5959,5973,2025,2025-07-10 10:00:00,2025-07-10 10:10:00,2025-07-10 11:15:00,15,0.0007801363779468004,0.0022131913142584368,0.2318158462338682,0.13333333333333333,0.42453304289883176,1.3053330745245808,0.3125,0.033646570356560955,0.0035980978094141136,-0.5102917053574303
5972,5978,5980,5974,5981,2025,2025-07-10 11:15:00,2025-07-10 13:15:00,2025-07-10 13:25:00,8,0.0007552813643592511,-0.006235391190043291,-0.9591734664480436,0.75,-1.0791554067239788,1.7641145181415085,0.2222222222222222,0.0692013418246125,0.003556891015007224,0.3614419192659266
5980,5990,5996,5982,5997,2025,2025-07-10 13:25:00,2025-07-10 14:15:00,2025-07-10 14:45:00,16,0.0008300035229092921,0.00017335518794932758,0.013343664856699433,0.625,-0.7855688926891571,1.6942554262866647,0.17647058823529413,0.0,0.005329819869170471,-0.03443968957585046
5996,6013,6018,5998,6019,2025,2025-07-10 14:45:00,2025-07-11 10:40:00,2025-07-11 11:05:00,22,0.0012746591535756893,-0.004085014298148383,-0.18873688036917008,0.7727272727272727,-0.05549822662467556,2.922212872782173,0.6521739130434783,0.05378772314141707,0.012513345724773473,0.5846669153276021
6018,6033,6036,6020,6037,2025,2025-07-11 11:05:00,2025-07-11 13:50:00,2025-07-11 14:05:00,18,0.0015332576517098659,-0.0019864964191249174,-0.08050331876680994,0.8333333333333334,0.36180204388895326,1.5038406597793246,0.2631578947368421,0.019285726747329413,0.011875787449482367,0.814457750089671
6036,6039,6048,6038,6049,2025,2025-07-11 14:05:00,2025-07-11 14:20:00,2025-07-14 09:35:00,12,0.0015921107267404583,-0.003042687216940518,-0.42409628164437185,0.25,0.7040745351946182,1.7685417747757917,0.38461538461538464,0.2770710460045139,0.004124420676477669,-0.5817239632029649
6048,6053,6056,6050,6057,2025,2025-07-14 09:35:00,2025-07-14 10:00:00,2025-07-14 10:15:00,8,0.0013764615966841095,-0.0032431132586260483,-0.504023880907469,0.625,-0.04531895295760992,2.0713067477478355,0.3333333333333333,0.06757447171971884,0.0029110640915019914,0.12772394524969055
6056,6058,6074,6058,6075,2025,2025-07-14 10:15:00,2025-07-14 10:25:00,2025-07-14 13:15:00,18,0.001283057811020253,-0.00035106736061211725,-0.05554163208545274,0.1111111111111111,1.1814190784548002,1.8932085466353858,0.3684210526315789,0.024357753064520843,0.0029548057157002816,-0.6091953099137877
6074,6078,6082,6076,6083,2025,2025-07-14 13:15:00,2025-07-14 13:35:00,2025-07-14 13:55:00,8,0.0009194962296047639,-0.0018005936373774022,-0.35875712495770906,0.5,0.4384104878550437,1.2562749755717273,0.2222222222222222,0.13325371389532967,0.002675519600462195,0.15420892514914442
6082,6088,6094,6084,6095,2025,2025-07-14 13:55:00,2025-07-14 14:25:00,2025-07-14 14:55:00,12,0.0007634996256934758,-0.0002917456172888879,-0.05885217057908133,0.5,-0.09571011466590025,1.8566223823521741,0.23076923076923078,0.0,0.002504036425230005,-0.313522437095887
6094,6098,6105,6096,6106,2025,2025-07-14 14:55:00,2025-07-15 09:45:00,2025-07-15 10:20:00,11,0.0007682349967948157,-0.00937006227589068,-0.4628751574870903,0.36363636363636365,-0.2010330714682315,1.807889231245568,0.5,0.025509707944495877,0.006053086057748125,-0.5448437948610154
6105,6109,6119,6107,6120,2025,2025-07-15 10:20:00,2025-07-15 10:40:00,2025-07-15 11:30:00,14,0.0011169101283129384,-0.005662077318360522,-0.43555221521427545,0.2857142857142857,0.20764543864134843,1.6048077136796133,0.4,0.013150274828101768,0.007006378797190571,-0.40718549251162184
6119,6150,6178,6121,6179,2025,2025-07-15 11:30:00,2025-07-16 10:05:00,2025-07-16 13:55:00,59,0.0011790648359462045,0.01575665331969015,0.34518621656327136,0.5254237288135594,-0.08560482930859299,1.7352426228200875,0.23333333333333334,0.0006288620151828826,0.019314626424943526,0.4938424191111021
6178,6183,6202,6180,6203,2025,2025-07-16 13:55:00,2025-07-16 14:20:00,2025-07-17 10:25:00,24,0.0010060410553687663,-0.005314890964241524,-0.24384999129991097,0.20833333333333334,0.6460556715434705,1.4598003848194465,0.4,0.003527816319582765,0.006816234711660485,-0.5545974965836588
6202,6242,6247,6204,6248,2025,2025-07-17 10:25:00,2025-07-18 09:45:00,2025-07-18 10:10:00,45,0.001044812891376006,0.002034132962080401,0.051024403049927,0.8888888888888888,-0.19627657738262833,1.7726009287780164,0.10869565217391304,0.0,0.01850296791803352,0.6896845700937043
6250,6257,6274,6252,6275,2025,2025-07-18 10:25:00,2025-07-18 11:00:00,2025-07-18 13:55:00,24,0.001135115564668789,0.001934480822542911,0.13985363087756147,0.2916666666666667,0.6090432410970152,1.689011785719263,0.32,0.0035410094554991422,0.005754882422560392,-0.6241639337895977
6274,6292,6294,6276,6295,2025,2025-07-18 13:55:00,2025-07-21 09:55:00,2025-07-21 10:05:00,20,0.001035091264893341,-5.322845633206404e-06,-0.00038967141276986637,0.9,-0.21900938002020212,1.7763846894216258,0.47619047619047616,0.0,0.006686064199060482,0.6901653896576061
6294,6297,6312,6296,6313,2025,2025-07-21 10:05:00,2025-07-21 10:20:00,2025-07-21 13:05:00,18,0.0008672213590174646,0.002949560184133296,0.24375351002890266,0.16666666666666666,0.5442488730191143,1.4829596136627545,0.47368421052631576,0.018743087529402163,0.004009970732764323,-0.5846337362782269
6312,6320,6322,6314,6323,2025,2025-07-21 13:05:00,2025-07-21 13:45:00,2025-07-21 13:55:00,10,0.0008762089642813151,-0.002056622499411907,-0.4634391063482025,0.8,-0.16942050597215177,1.376331820254071,0.45454545454545453,0.0,0.0030188402386537305,0.6680979179362605
6322,6344,6347,6324,6348,2025,2025-07-21 13:55:00,2025-07-22 10:15:00,2025-07-22 10:30:00,25,0.0008611281606011104,0.005443887107043833,0.3090650255813164,0.88,-4.40477485886212,2.2976962708026307,0.07692307692307693,0.6872262400454364,0.008914688122513503,0.6129037075476806
6347,6365,6374,6349,6375,2025,2025-07-22 10:30:00,2025-07-22 13:30:00,2025-07-22 14:15:00,27,0.0009166688902883008,0.004473787281507546,0.21767979051534136,0.6666666666666666,-0.2029841959973133,1.6234781733623753,0.5714285714285714,0.026909009139591412,0.006350477934961241,0.21281099627827818
6374,6391,6398,6376,6399,2025,2025-07-22 14:15:00,2025-07-23 10:10:00,2025-07-23 10:45:00,24,0.0010641218405660546,0.0015651299215250643,0.08661703523769004,0.7083333333333334,-1.129211044218688,2.5697677779922823,0.2,0.20626154956087253,0.008356334742282812,0.7092516416823715
6398,6411,6428,6400,6429,2025,2025-07-23 10:45:00,2025-07-23 13:20:00,2025-07-23 14:45:00,30,0.001171529457761943,0.007415278660576511,0.2296239092253027,0.43333333333333335,0.19081575333003706,1.5810356896385531,0.25806451612903225,0.017735190869318344,0.010763337172895682,-0.009105144894707016
6428,6461,6467,6430,6468,2025,2025-07-23 14:45:00,2025-07-24 13:30:00,2025-07-24 14:00:00,39,0.001276296130941071,0.007082407421383591,0.19229054861485076,0.8461538461538461,-0.32074551987401145,1.5866630612732378,0.55,0.005416588176185848,0.011139868917205753,0.6382071330224641
6467,6481,6483,6469,6484,2025,2025-07-24 14:00:00,2025-07-25 09:40:00,2025-07-25 09:50:00,16,0.001133796849930269,-0.00493153794135596,-0.3443098983225601,0.875,-0.4385233544335701,1.7109632549950269,0.29411764705882354,0.0,0.007300894862387608,0.5015766158961403
6483,6485,6491,6485,6492,2025,2025-07-25 09:50:00,2025-07-25 10:00:00,2025-07-25 10:30:00,8,0.0012367036289615506,0.00021331264927931456,0.01981776763918983,0.25,0.20443856427378357,1.4764048108515697,0.4444444444444444,0.0,0.0031365589423417717,-0.009273660685052932
6491,6493,6499,6493,6500,2025,2025-07-25 10:30:00,2025-07-25 10:40:00,2025-07-25 11:10:00,8,0.0012378216567273768,0.0016592199652671635,0.34299920966750536,0.25,0.48742913698826107,1.383158723054327,0.4444444444444444,0.016597461492308375,0.003218959721092318,-0.49136610159608884
6499,6526,6529,6501,6530,2025,2025-07-25 11:10:00,2025-07-25 14:55:00,2025-07-28 09:40:00,30,0.0011683248618862454,0.014488172686872356,0.3486981201611835,0.9,-4.311818062993645,2.3120301624102244,0.16129032258064516,0.48431628549488576,0.0255513370833933,0.7576977254710727
6529,6535,6540,6531,6541,2025,2025-07-28 09:40:00,2025-07-28 10:10:00,2025-07-28 10:35:00,11,0.001748673579006477,-0.00752010452178305,-0.8167941930013555,0.5454545454545454,0.1452875843168476,1.8476604375845205,0.6666666666666666,0.0,0.005859772025028853,0.48857648073164284
6540,6548,6552,6542,6553,2025,2025-07-28 10:35:00,2025-07-28 11:15:00,2025-07-28 13:05:00,12,0.001685917407560766,-0.004360886729421356,-0.2897898693010046,0.6666666666666666,-0.5788019910749005,1.9141288440030055,0.38461538461538464,0.16477941073324864,0.0063051612370532695,0.2152634658242454
6552,6559,6568,6554,6569,2025,2025-07-28 13:05:00,2025-07-28 13:40:00,2025-07-28 14:25:00,16,0.0018513870998876068,-0.007397205155476078,-0.5866909748673056,0.4375,0.32017156012056985,1.325235206469927,0.35294117647058826,0.038502961792559576,0.004196492666783236,-0.19671968820472635
6568,6573,6578,6570,6579,2025,2025-07-28 14:25:00,2025-07-28 14:50:00,2025-07-29 09:45:00,10,0.0013569997587181018,5.6956798283983555e-05,0.005099036052241013,0.5,-0.04391132004039032,1.5461432470619063,0.6363636363636364,0.0,0.002522284667386465,-0.06022172398324088
6578,6585,6586,6580,6587,2025,2025-07-29 09:45:00,2025-07-29 10:20:00,2025-07-29 10:25:00,8,0.001617073367092634,-0.010739291396328971,-0.5250324695069005,0.875,-0.7447374823252279,1.4576009768029534,0.3333333333333333,0.2004464013527688,0.01068032798233709,0.6714085043165617
6586,6615,6625,6588,6626,2025,2025-07-29 10:25:00,2025-07-29 14:20:00,2025-07-30 09:40:00,39,0.0016397872079898317,0.0033503706391837633,0.09629279445803905,0.7435897435897436,-0.36989741684633504,2.4519693429957714,0.6,0.00920431094004001,0.01017629389548702,0.3107483256095023
6625,6631,6633,6627,6634,2025,2025-07-30 09:40:00,2025-07-30 10:10:00,2025-07-30 10:20:00,8,0.001760618464596703,-0.009261160882207109,-0.6475520034709354,0.75,-0.2017854347353634,1.2128265736063606,0.3333333333333333,0.0,0.005837039035466951,0.40198556703497434
6633,6640,6660,6635,6661,2025,2025-07-30 10:20:00,2025-07-30 10:55:00,2025-07-30 14:05:00,27,0.0015547281368146,0.01570148419712485,0.484507632335337,0.25925925925925924,-0.04513087368071166,1.9039356424775593,0.6785714285714286,0.0,0.01980896646048791,-0.7173154227900879
6660,6666,6669,6662,6670,2025,2025-07-30 14:05:00,2025-07-30 14:35:00,2025-07-30 14:50:00,9,0.0019461443807708713,-0.011269109896439526,-0.9417150446619714,0.6666666666666666,0.012419299882125968,2.472935933285134,0.7,0.0,0.0089833575387539,0.7227131604769732
6669,6673,6679,6671,6680,2025,2025-07-30 14:50:00,2025-07-31 09:40:00,2025-07-31 10:10:00,10,0.0017854661029803832,0.000623523874712267,0.044976645958772266,0.4,0.3477740388408173,1.753240335686268,0.36363636363636365,0.18095378669884707,0.005335108615474482,0.04249362500015048
6679,6680,6686,6681,6687,2025,2025-07-31 10:10:00,2025-07-31 10:15:00,2025-07-31 10:45:00,7,0.0017094579507216608,0.0024112232796160244,0.3415136581062669,0.14285714285714285,1.122644479296894,1.5510333191449939,0.125,0.32064085689538063,0.004036818951870913,-0.5762453598175434
6686,6699,6716,6688,6717,2025,2025-07-31 10:45:00,2025-07-31 13:20:00,2025-07-31 14:45:00,30,0.001776161509544579,0.009336906621300585,0.18872520842026297,0.43333333333333335,-0.028451402253593633,1.3645540671827197,0.3225806451612903,0.010326059030436128,0.021060178738959046,-0.39089405512787495
6716,6722,6751,6718,6752,2025,2025-07-31 14:45:00,2025-08-01 09:45:00,2025-08-01 13:40:00,35,0.0018143121443054194,0.004272113964996067,0.09104537991731072,0.17142857142857143,0.5035240230307944,1.4445667083670122,0.4722222222222222,0.002844576836255649,0.022176877863072875,-0.7210918469048626
6751,6760,6764,6753,6765,2025,2025-08-01 13:40:00,2025-08-01 14:25:00,2025-08-01 14:45:00,13,0.001583819429354986,-0.0005683465184498407,-0.033157790228033564,0.6923076923076923,-0.3597499633175399,1.641857500359988,0.42857142857142855,0.009425013324420592,0.008758728962944495,0.63277106593475
6764,6773,6774,6766,6775,2025,2025-08-01 14:45:00,2025-08-04 10:00:00,2025-08-04 10:05:00,10,0.0015936618876865644,0.003908962845383417,0.17137712003731873,0.9,-0.9358981201279167,1.902580608055642,0.36363636363636365,0.1897200605358233,0.006048764217160496,0.6382183836903121
6774,6782,6792,6776,6793,2025,2025-08-04 10:05:00,2025-08-04 10:45:00,2025-08-04 13:05:00,18,0.0017178978932882597,0.002054256102828654,0.13361032069045978,0.4444444444444444,0.6640522184148286,1.4996081470625895,0.3157894736842105,0.052300491193365786,0.004363364310547624,0.4707602237345312
6792,6796,6800,6794,6801,2025,2025-08-04 13:05:00,2025-08-04 13:25:00,2025-08-04 13:45:00,8,0.0015843540311263284,-0.0010937980826463672,-0.22191189891689647,0.5,0.7120828670479198,1.4587035506860744,0.4444444444444444,0.07118996406437718,0.0022536031210798058,-0.5492151516261865
6800,6819,6820,6802,6821,2025,2025-08-04 13:45:00,2025-08-05 09:50:00,2025-08-05 09:55:00,20,0.0014035188873735612,0.0008823514494540198,0.055275430680475746,0.95,0.45500414997945576,1.679007944986686,0.42857142857142855,0.0693518678853195,0.010021722591406323,0.8214308094089057
6820,6823,6827,6822,6828,2025,2025-08-05 09:55:00,2025-08-05 10:10:00,2025-08-05 10:30:00,7,0.0010640279638478483,-0.0012481957571648572,-0.13252709031378201,0.42857142857142855,0.29263371711743247,1.2838128979013457,0.375,0.1439095858459278,0.0023522140217195897,-0.5549463588917021
6827,6828,6837,6829,6838,2025,2025-08-05 10:30:00,2025-08-05 10:35:00,2025-08-05 11:20:00,10,0.0010746147876992758,0.00028615204585208766,0.046781482396642475,0.1,0.868839820917296,2.083941424000459,0.18181818181818182,0.04080285514823239,0.002563041225486451,-0.14138308327217491
6837,6856,6867,6839,6868,2025,2025-08-05 11:20:00,2025-08-05 14:25:00,2025-08-06 09:50:00,30,0.0010317289285610395,-0.0031241527636406336,-0.16539532777033622,0.6333333333333333,-0.23588037591026684,1.7478874021956605,0.5483870967741935,0.02869425004603716,0.005660939989045488,0.4694470204181421
6867,6870,6875,6869,6876,2025,2025-08-06 09:50:00,2025-08-06 10:05:00,2025-08-06 10:30:00,8,0.000958613795649058,0.000437665915666398,0.07597628741537264,0.375,0.5914410028969359,1.3507722367294366,0.2222222222222222,0.07258477280487569,0.0025191204960295366,-0.16996149110281866
6875,6888,6893,6877,6894,2025,2025-08-06 10:30:00,2025-08-06 13:05:00,2025-08-06 13:30:00,18,0.0008770011815167922,-0.001940016285185147,-0.12305199768637155,0.7222222222222222,-0.2671102678059653,1.561268654076568,0.42105263157894735,0.0033899284934019495,0.007659966921861994,0.44401466195863326
6893,6915,6923,6895,6924,2025,2025-08-06 13:30:00,2025-08-07 09:50:00,2025-08-07 10:30:00,30,0.0010577679405169601,-0.004944371896542671,-0.15715313305795456,0.7333333333333333,-0.36848358071777676,1.5093449166306898,0.5483870967741935,0.0,0.007850512906152574,0.04952269154870674
6923,6936,6942,6925,6943,2025,2025-08-07 10:30:00,2025-08-07 13:05:00,2025-08-07 13:35:00,19,0.0013204109506815232,-0.003113027754997904,-0.15458884004410153,0.6842105263157895,-0.27460390331343876,1.8166262353997227,0.4,0.005371903034798915,0.011274948104149196,0.6359212666502059
6942,6943,6964,6944,6965,2025,2025-08-07 13:35:00,2025-08-07 13:40:00,2025-08-08 09:55:00,22,0.0013203678703627997,0.016169022610839696,0.5906116379380862,0.045454545454545456,-0.4501441868377581,3.870735654478355,0.5217391304347826,0.06372335022659512,0.018205174914086797,-0.880824503845007
6964,6975,6981,6966,6982,2025,2025-08-08 09:55:00,2025-08-08 10:50:00,2025-08-08 11:20:00,17,0.0019083319283242923,-0.005393135196926433,-0.33949222126852074,0.6470588235294118,-0.29121894947654287,1.6067270488443828,0.3888888888888889,0.016712698834292345,0.006694793167740798,0.36673046088191724
6981,6983,6990,6983,6991,2025,2025-08-08 11:20:00,2025-08-08 11:30:00,2025-08-08 13:35:00,9,0.0018394994655276803,-4.770605438461032e-05,-0.0047118781511174155,0.2222222222222222,0.6144534202810451,1.4665108196239487,0.1,0.3276236874773434,0.004056219920377302,0.014113519359342599
6990,6991,6995,6992,6996,2025,2025-08-08 13:35:00,2025-08-08 13:40:00,2025-08-08 14:00:00,5,0.0018825718445890254,0.0014035090023200177,0.3666810049510789,0.2,-0.08711239849794765,1.153973533002984,0.5,0.12895188931302906,0.001985567111537634,-0.7646017952376492
6995,6996,7006,6997,7007,2025,2025-08-08 14:00:00,2025-08-08 14:05:00,2025-08-08 14:55:00,11,0.001873546859407567,0.002947088536249624,0.4247800953265792,0.09090909090909091,0.8989452694172676,1.245367711377259,0.16666666666666666,0.0,0.004808505868998836,-0.5910384777644224
7006,7015,7020,7008,7021,2025,2025-08-08 14:55:00,2025-08-11 10:10:00,2025-08-11 10:35:00,14,0.0011606675677291452,-0.001293820362095037,-0.07896697760531023,0.6428571428571429,-0.11359631514654368,1.5019667486829473,0.3333333333333333,0.007787717717192326,0.007598936825433,0.4418874453378791
7020,7031,7047,7022,7048,2025,2025-08-11 10:35:00,2025-08-11 11:30:00,2025-08-11 14:20:00,27,0.0011419351754577275,-0.0024022602306609103,-0.09979381956494271,0.4074074074074074,0.0631089702358181,1.66033784373945,0.39285714285714285,0.0016020056594833714,0.005438548905485341,0.21411758354516502
7047,7049,7058,7049,7059,2025,2025-08-11 14:20:00,2025-08-11 14:30:00,2025-08-12 09:45:00,11,0.0011275680241883683,0.002693462821509871,0.4226115404979055,0.18181818181818182,-0.29823365432782545,1.6381623244338686,0.6666666666666666,0.0,0.003980361196337157,-0.6527293904041152
7058,7084,7088,7060,7089,2025,2025-08-12 09:45:00,2025-08-12 13:25:00,2025-08-12 13:45:00,30,0.0012570828883290384,0.01229231688739623,0.2369327706057003,0.8666666666666667,-1.1775040917542388,1.4539982019167086,0.22580645161290322,0.20848285250909743,0.027823846926514406,0.8599858022628132
7088,7092,7094,7090,7095,2025,2025-08-12 13:45:00,2025-08-12 14:05:00,2025-08-12 14:15:00,6,0.0017544795052884517,-0.00048568173857440635,-0.12694869567171696,0.6666666666666666,0.24134556859765904,1.5455001716599845,0.2857142857142857,0.05670014057002037,0.0017822239588358713,0.07858827556299801
7094,7097,7100,7096,7101,2025,2025-08-12 14:15:00,2025-08-12 14:30:00,2025-08-12 14:45:00,6,0.0016918598821125252,-7.469933521047023e-05,-0.028793698629864802,0.5,0.9425962316811277,1.8440566777289102,0.2857142857142857,0.08875707347464834,0.0013905417419932675,0.026857539031868376
7100,7106,7113,7102,7114,2025,2025-08-12 14:45:00,2025-08-13 09:45:00,2025-08-13 10:20:00,13,0.001745584497212907,-0.011961841770313685,-0.6791099421853166,0.46153846153846156,-0.017325199480776772,1.8046823292409377,0.42857142857142855,0.10392672169556233,0.007110759511221865,-0.2602154484855385
7113,7128,7133,7115,7134,2025,2025-08-13 10:20:00,2025-08-13 13:05:00,2025-08-13 13:30:00,20,0.0017626916673605733,-0.002487033622592408,-0.08976334260692587,0.75,-0.22431081877382353,1.6257562653443212,0.5238095238095238,0.045355435395541426,0.008759805895478756,0.5517864055363998
7133,7141,7145,7135,7146,2025,2025-08-13 13:30:00,2025-08-13 14:10:00,2025-08-13 14:30:00,12,0.0014982594148023976,-0.0010150536102739726,-0.07541708015295708,0.6666666666666666,-0.3058729856305035,1.3287166680329394,0.38461538461538464,0.0,0.005417649841934491,-0.1839398262380192
7145,7159,7161,7147,7162,2025,2025-08-13 14:30:00,2025-08-14 10:10:00,2025-08-14 10:20:00,16,0.0018498829310102012,0.013207152914486618,0.3150528794124475,0.875,-0.6423113437365603,1.919974903911423,0.29411764705882354,0.2514805556989189,0.032462138779624894,0.7564579629753011
7161,7163,7168,7163,7169,2025,2025-08-14 10:20:00,2025-08-14 10:30:00,2025-08-14 10:55:00,7,0.002440280766146063,-0.005931893472639912,-0.41855347946333593,0.2857142857142857,0.26307533188330473,1.3695329559784486,0.375,0.16481556692602348,0.007481751058469044,-0.1446883113666363
7168,7172,7180,7170,7181,2025,2025-08-14 10:55:00,2025-08-14 11:15:00,2025-08-14 13:25:00,12,0.0025740454954260405,-0.005581522323658288,-0.21537029505747313,0.3333333333333333,0.4246750266069869,1.7253563091750326,0.46153846153846156,0.0,0.019058985534381456,-0.7014230273929498
7180,7189,7190,7182,7191,2025,2025-08-14 13:25:00,2025-08-14 14:10:00,2025-08-14 14:15:00,10,0.0029013097652571323,-0.009209218912070338,-0.42813969113989775,0.9,0.16613102706840788,1.4393516173584842,0.7272727272727273,0.0,0.01202044446330941,0.6672392366824329
7190,7192,7201,7192,7202,2025,2025-08-14 14:15:00,2025-08-14 14:25:00,2025-08-15 09:40:00,11,0.0030182235821517535,-0.002851969901691462,-0.12116563143597038,0.18181818181818182,0.3799576381505569,1.2973884305782815,0.4166666666666667,0.04618314825598964,0.011963445438291309,-0.6750445939165469
7201,7204,7205,7203,7206,2025,2025-08-15 09:40:00,2025-08-15 09:55:00,2025-08-15 10:00:00,4,0.0026043911052328426,-0.0021936099195047154,-0.2928844196660886,0.75,0.12612387618071533,1.4293344062787912,0.2,0.0,0.0046660462450001106,0.38714121361796594
7205,7214,7219,7207,7220,2025,2025-08-15 10:00:00,2025-08-15 10:45:00,2025-08-15 11:10:00,14,0.0024416371173330547,-0.011297452252937976,-0.47958822268746965,0.6428571428571429,-0.03775685035503657,1.5906316895641301,0.6,0.054478020128936946,0.009521301884573674,0.09569982803231018
7219,7236,7241,7221,7242,2025,2025-08-15 11:10:00,2025-08-15 14:05:00,2025-08-15 14:30:00,22,0.0020705511989859045,-0.004120954182666669,-0.14564787903454438,0.7727272727272727,-0.07056195466204605,1.7832287700229572,0.6521739130434783,0.0,0.014367446452632215,0.6754477024196002
7241,7271,7287,7243,7288,2025,2025-08-15 14:30:00,2025-08-18 11:30:00,2025-08-18 14:20:00,46,0.002490921659432223,0.03236618992631774,0.3995038666406459,0.6521739130434783,0.009522196401837728,2.268252273755384,0.6382978723404256,0.0,0.034061890135937745,0.6538742866067591
7287,7299,7306,7289,7307,2025,2025-08-18 14:20:00,2025-08-19 09:50:00,2025-08-19 10:25:00,19,0.002093327922374841,0.004733435279686289,0.10318979077153027,0.631578947368421,-0.40414985777679296,1.6392612870357572,0.35,0.015287579640844878,0.009909899094951768,0.044946017452219766
7306,7309,7318,7308,7319,2025,2025-08-19 10:25:00,2025-08-19 10:40:00,2025-08-19 11:25:00,12,0.0021015064220598866,-0.011790835533200036,-0.6779960284976068,0.25,1.4852205349644374,1.360116429689435,0.3076923076923077,0.07190059572719734,0.006338912186082624,0.350861696233812
7343,7347,7352,7345,7353,2025,2025-08-19 15:00:00,2025-08-20 09:50:00,2025-08-20 10:15:00,9,0.002161061205037989,-0.010253245266671776,-0.6767383032313914,0.4444444444444444,0.219643967299992,1.5755521203823757,0.5,0.10963709852843662,0.00743638075961961,-0.23111848357337503
7352,7358,7365,7354,7366,2025,2025-08-20 10:15:00,2025-08-20 10:45:00,2025-08-20 11:20:00,13,0.001809528921115048,-0.010186700156664086,-0.450727264188486,0.46153846153846156,0.586468806289834,1.6977417021702275,0.35714285714285715,0.015185636897635062,0.008709551636106205,0.05479142989622377
7365,7394,7397,7367,7398,2025,2025-08-20 11:20:00,2025-08-21 09:45:00,2025-08-21 10:00:00,32,0.0025375630084870033,0.027050326461245645,0.28608997620670956,0.90625,-0.19797245631991517,1.856620992212573,0.09090909090909091,0.11082285396557019,0.05354896998654013,0.7362154512545748
7397,7404,7406,7399,7407,2025,2025-08-21 10:00:00,2025-08-21 10:35:00,2025-08-21 10:45:00,9,0.0035553244197931606,0.002687047205810195,0.11025595275432849,0.7777777777777778,-0.6162675766932595,1.601102428450119,0.4,0.10428014910886166,0.00894926136939489,0.32057913931680254
7406,7408,7413,7408,7414,2025,2025-08-21 10:45:00,2025-08-21 10:55:00,2025-08-21 11:20:00,7,0.003622984627661638,-0.001908702446287069,-0.18886560559243978,0.2857142857142857,0.06430871675041824,1.8671306751913295,0.375,0.0,0.006222709626027445,-0.30814227158722496
7413,7419,7434,7415,7435,2025,2025-08-21 11:20:00,2025-08-21 13:20:00,2025-08-21 14:35:00,21,0.003370460556509198,0.015225498202163887,0.4656830705567004,0.2857142857142857,0.15775682600000457,1.6630478700869464,0.5454545454545454,0.0,0.017850499104299367,-0.6282995663585843
7434,7452,7454,7436,7455,2025,2025-08-21 14:35:00,2025-08-22 10:35:00,2025-08-22 10:45:00,20,0.004188993365940194,0.002606208923388925,0.031470244072226886,0.9,0.09776214426743063,2.349385065189555,0.47619047619047616,0.12335608194046348,0.05906404841116242,0.9072330087511723
7454,7467,7468,7456,7469,2025,2025-08-22 10:45:00,2025-08-22 13:20:00,2025-08-22 13:25:00,14,0.004248400212324538,0.01549615236241695,0.2944820960687807,0.9285714285714286,-1.2760918864039965,1.4698036540597372,0.13333333333333333,0.4221713137102554,0.02484782882630121,0.6106640099897565
7468,7498,7503,7470,7504,2025,2025-08-22 13:25:00,2025-08-25 10:25:00,2025-08-25 10:50:00,35,0.004661578826309645,0.05221106805557908,0.3163655420132285,0.8571428571428571,-0.04015340896888205,5.132928141807966,0.027777777777777776,0.3066960330958909,0.07354404301656192,0.7104898091727796
7503,7504,7519,7505,7520,2025,2025-08-25 10:50:00,2025-08-25 10:55:00,2025-08-25 13:40:00,16,0.009401230446919434,0.006637381875244864,0.14172179932383078,0.0625,1.2177700204080302,1.4594782397369257,0.35294117647058826,0.13461378009177263,0.03217904441630459,-0.8697952668675046
7519,7534,7537,7521,7538,2025,2025-08-25 13:40:00,2025-08-25 14:55:00,2025-08-26 09:40:00,18,0.00943136635484234,-0.01958838605606846,-0.3409246061602122,0.8333333333333334,-0.6310745929750278,2.101298881843826,0.15789473684210525,0.005127744592626701,0.0257613421763061,0.27302558374915464
7537,7540,7548,7539,7549,2025,2025-08-26 09:40:00,2025-08-26 09:55:00,2025-08-26 10:35:00,11,0.00436449774144855,-0.003907102864808974,-0.14116735875673922,0.2727272727272727,0.3899128933851649,1.6890834985814815,0.5,0.010168326802187936,0.013577002295462215,0.29713403364709046
7548,7552,7553,7550,7554,2025,2025-08-26 10:35:00,2025-08-26 10:55:00,2025-08-26 11:00:00,5,0.003979487650001582,0.00010241583200142849,0.011041651786050473,0.8,-0.4975487406272437,1.385412083973324,0.3333333333333333,0.08355375111763931,0.004688381266321429,0.0
7553,7559,7565,7555,7566,2025,2025-08-26 11:00:00,2025-08-26 11:30:00,2025-08-26 13:30:00,12,0.003922747757444523,-0.015485890139713115,-0.8469463247477461,0.5,0.5559957901167869,1.9588588918280536,0.3076923076923077,0.02088500096403104,0.009820996235883506,0.30839477178177016
7565,7572,7580,7567,7581,2025,2025-08-26 13:30:00,2025-08-26 14:05:00,2025-08-26 14:45:00,15,0.0035387958587019827,-0.004244854043814266,-0.17088166980199557,0.4666666666666667,0.32433934307827544,1.3083831605784708,0.5625,0.018828991789316834,0.010488291047026976,-0.3037989838386606
7580,7586,7588,7582,7589,2025,2025-08-26 14:45:00,2025-08-27 09:45:00,2025-08-27 09:55:00,8,0.0033251393848552826,-0.023043328499836528,-0.5649319541551034,0.75,0.12182413094555128,1.7980462562590873,0.3333333333333333,0.19978077877119382,0.026673031116797752,0.4948165222388278
7588,7594,7598,7590,7599,2025,2025-08-27 09:55:00,2025-08-27 10:25:00,2025-08-27 10:45:00,10,0.0034314644450294546,0.005513672098124966,0.19408783605308963,0.6,0.10297868983178267,1.4188949860692344,0.2727272727272727,0.018529163588155487,0.014786715303252151,0.39225273173802905
7598,7608,7611,7600,7612,2025,2025-08-27 10:45:00,2025-08-27 13:05:00,2025-08-27 13:20:00,13,0.003553734643618116,0.019225027824715538,0.4496003580378384,0.7692307692307693,-0.6910959857355125,1.8268836721552955,0.14285714285714285,0.04031678839747476,0.029895714207548885,0.6241477973095776
7611,7612,7630,7613,7631,2025,2025-08-27 13:20:00,2025-08-27 13:25:00,2025-08-27 14:55:00,19,0.004423634262329203,0.021155753176815936,0.24658533377112657,0.05263157894736842,0.05795388298689248,1.4446383059651362,0.4,0.019280505494344062,0.03902252509746873,-0.8029807721915568
7630,7647,7650,7632,7651,2025,2025-08-27 14:55:00,2025-08-28 10:50:00,2025-08-28 11:05:00,20,0.005314581735309951,-0.019914112388159495,-0.22859396164329285,0.85,-0.1897953763691066,1.5115476967463044,0.5714285714285714,0.02490899028185964,0.04725626990509468,0.6207956427374082
7650,7651,7655,7652,7656,2025,2025-08-28 11:05:00,2025-08-28 11:10:00,2025-08-28 11:30:00,5,0.005606790882533216,0.0036057959474924623,0.10029539617335165,0.2,0.1836396084893537,1.025763047147787,0.3333333333333333,0.23416332515307908,0.016112040121372573,0.19695984175124168
7655,7657,7662,7657,7663,2025,2025-08-28 11:30:00,2025-08-28 13:10:00,2025-08-28 13:35:00,7,0.005810833889838102,0.019063641490980065,0.4559026804882722,0.2857142857142857,0.5415837192037108,1.2288609225328764,0.375,0.030442304030940965,0.02630787572493709,-0.7289807947712353
7662,7678,7687,7664,7688,2025,2025-08-28 13:35:00,2025-08-28 14:55:00,2025-08-29 10:10:00,25,0.006091701627531457,-0.010576330051379871,-0.08918758030506478,0.64,-0.3405776954516471,2.1591820665456294,0.2692307692307692,0.0,0.052953148315516785,0.4494266993521716
7687,7695,7712,7689,7713,2025,2025-08-29 10:10:00,2025-08-29 10:50:00,2025-08-29 13:45:00,25,0.006465212976842494,-0.011814469340090523,-0.21077021836529056,0.32,0.39951166572934727,1.6365470833279192,0.3076923076923077,0.01472198525806053,0.02180927322572046,-0.27272729894471065
7712,7728,7734,7714,7735,2025,2025-08-29 13:45:00,2025-09-01 09:35:00,2025-09-01 10:05:00,22,0.005293498906859044,-0.0014055177105195393,-0.018652974577277028,0.7272727272727273,-0.4603300361498078,2.0811520087843944,0.17391304347826086,0.0,0.03486071547376124,0.1803591571510853
7734,7737,7740,7736,7741,2025,2025-09-01 10:05:00,2025-09-01 10:20:00,2025-09-01 10:35:00,6,0.004118447124996747,-0.0008669333343575922,-0.0449648476901571,0.5,0.16202757425099099,1.219253814381987,0.5714285714285714,0.0,0.00896530283949204,0.10258975980916545
7740,7750,7754,7742,7755,2025,2025-09-01 10:35:00,2025-09-01 11:25:00,2025-09-01 13:15:00,14,0.004140141932878619,-0.0008188520377410432,-0.020033475578554876,0.7142857142857143,-0.48377094977743734,1.4273223923866325,0.3333333333333333,0.0,0.02332684416471764,0.6438015143802944
7754,7765,7773,7756,7774,2025,2025-09-01 13:15:00,2025-09-01 14:10:00,2025-09-01 14:50:00,19,0.004129720027058519,0.006304640571123752,0.2096464694606172,0.5789473684210527,-0.17013485024937805,1.6086429556092938,0.25,0.031100877169902296,0.011300722937165553,0.5507124961395182
7773,7775,7783,7775,7784,2025,2025-09-01 14:50:00,2025-09-01 15:00:00,2025-09-02 10:10:00,10,0.003123117700788551,-0.0008459962170268426,-0.021148244379838383,0.2,0.2968955328480408,1.4090347535992578,0.18181818181818182,0.15257616094616486,0.016027573104450354,-0.45595265639555116
7783,7787,7803,7785,7804,2025,2025-09-02 10:10:00,2025-09-02 10:30:00,2025-09-02 13:20:00,20,0.0034202587362751257,0.006888242424931922,0.09971835619019746,0.2,0.33924030530487875,1.5593501768594589,0.3333333333333333,0.048006693892947004,0.03054357576925515,-0.7105423713709991
7803,7809,7820,7805,7821,2025,2025-09-02 13:20:00,2025-09-02 13:50:00,2025-09-02 14:45:00,17,0.003775907002178865,-0.015346639437642261,-0.4138981312035556,0.35294117647058826,0.6488676798952688,1.9549902748798458,0.3888888888888889,0.0,0.015231341375653074,0.050836699832134034
7820,7822,7832,7822,7833,2025,2025-09-02 14:45:00,2025-09-02 14:55:00,2025-09-03 10:15:00,12,0.003932663987165552,0.00801999767022046,0.23684688987405536,0.16666666666666666,0.12261207205520545,1.702012902137605,0.3076923076923077,0.015272806788839157,0.01559206249469458,-0.49245942720017816
7832,7839,7848,7834,7849,2025,2025-09-03 10:15:00,2025-09-03 10:50:00,2025-09-03 13:05:00,16,0.0038025087185289247,-0.014636826401779882,-0.2984245611004369,0.4375,-0.18758444324061985,1.562065540172485,0.29411764705882354,0.03229920775820097,0.018423456889354206,-0.1658620640953121
7848,7851,7856,7850,7857,2025,2025-09-03 13:05:00,2025-09-03 13:20:00,2025-09-03 13:45:00,8,0.0035813437619327043,-0.000214770043472692,-0.012840897562082565,0.375,-0.11817701930195774,1.097744356293918,0.4444444444444444,0.17311720995663488,0.00666546551637115,0.012657644332513653
7856,7863,7888,7858,7889,2025,2025-09-03 13:45:00,2025-09-03 14:20:00,2025-09-04 10:55:00,32,0.003628379810035902,0.02239534652647654,0.18934688075108308,0.21875,0.4661989488772389,1.3633889640184984,0.42424242424242425,0.013090412262844959,0.061546315022482645,-0.8478123679732456
7888,7890,7895,7890,7896,2025,2025-09-04 10:55:00,2025-09-04 11:05:00,2025-09-04 11:30:00,7,0.003968735950371902,0.001382639606081931,0.054187616039746755,0.2857142857142857,0.6921113671232327,1.2319130467909778,0.375,0.05702970484102969,0.012303189885461308,-0.0867404470282458
7895,7897,7905,7897,7906,2025,2025-09-04 11:30:00,2025-09-04 13:10:00,2025-09-04 13:50:00,10,0.004182465549216803,0.006811667017511729,0.2711812287929197,0.2,1.1884936614990553,1.730578353663259,0.18181818181818182,0.0763102129741185,0.01381095500411611,-0.516077370727625
7905,7906,7913,7907,7914,2025,2025-09-04 13:50:00,2025-09-04 13:55:00,2025-09-04 14:30:00,8,0.004072521145068473,0.00584178237882237,0.26138281639935773,0.125,0.5473277918515946,1.3015109197999308,0.2222222222222222,0.25079259836061046,0.01416218543778136,-0.36392376827882994
7913,7925,7928,7915,7929,2025,2025-09-04 14:30:00,2025-09-05 10:00:00,2025-09-05 10:15:00,15,0.004272493542885732,-0.012145355229518987,-0.21313304912604653,0.8,-0.31674277609114926,1.7309691839807917,0.4375,0.15695020642383511,0.019773986234458363,0.2573471260331194
7928,7963,7966,7930,7967,2025,2025-09-05 10:15:00,2025-09-05 14:40:00,2025-09-05 14:55:00,38,0.003362370776863999,0.03196353760085682,0.4543612594932613,0.9210526315789473,0.18835500348840184,1.57711487897601,0.3333333333333333,0.00960881025182809,0.035873729397366105,0.8944077522093108
7966,7969,7971,7968,7972,2025,2025-09-05 14:55:00,2025-09-08 09:40:00,2025-09-08 09:50:00,5,0.0022914196521579685,-0.0037865508225163906,-0.3025320287404234,0.6,-0.46060548412595864,1.86266185188934,0.5,0.0,0.00799300432958372,-0.504454140688626
7971,7973,7983,7973,7984,2025,2025-09-08 09:50:00,2025-09-08 10:00:00,2025-09-08 10:50:00,12,0.002731425322845928,0.00464564651972111,0.1435783009294933,0.16666666666666666,0.5257158416554747,1.6238952550931134,0.46153846153846156,0.0,0.01584736507511586,-0.38760824634126156
7983,7995,7997,7985,7998,2025,2025-09-08 10:50:00,2025-09-08 13:20:00,2025-09-08 13:30:00,14,0.0029464995675502863,-0.013453729507566035,-0.36434462672025897,0.8571428571428571,0.054184220179438795,1.5074656502365524,0.4666666666666667,0.02349511871614778,0.01565053940255634,0.7699908876961187
7997,8010,8018,7999,8019,2025,2025-09-08 13:30:00,2025-09-08 14:35:00,2025-09-09 09:45:00,21,0.0029158849254998656,-0.018505270596150473,-0.38258381588135226,0.6190476190476191,-0.36146370738761535,4.046952646516547,0.5909090909090909,0.0840305687821762,0.02015296831971103,-0.31007389579713235
8018,8021,8050,8020,8051,2025,2025-09-09 09:45:00,2025-09-09 10:00:00,2025-09-09 13:55:00,32,0.0033823971308189595,0.012774070934642343,0.19140217878690818,0.09375,0.5260962778343146,1.402642149026653,0.3333333333333333,0.1592238156193427,0.022397343896171762,-0.5693818087311943
8050,8055,8057,8052,8058,2025,2025-09-09 13:55:00,2025-09-09 14:20:00,2025-09-09 14:30:00,7,0.003352996811737077,0.0024747515783987767,0.16325301535006073,0.7142857142857143,0.6432620520872755,1.3611406013717762,0.25,0.3140134156018099,0.006598458619018643,-0.3617061563013862
8057,8067,8078,8059,8079,2025,2025-09-09 14:30:00,2025-09-10 09:50:00,2025-09-10 10:45:00,21,0.0027867167005411354,-0.0037509965714981287,-0.07603522078123544,0.47619047619047616,-0.06454397417543947,1.8374140459136523,0.3181818181818182,0.0,0.018959689070913832,0.1419676181044999
8078,8097,8112,8080,8113,2025,2025-09-10 10:45:00,2025-09-10 13:50:00,2025-09-11 09:35:00,34,0.0028770883521940477,0.012912424507404227,0.20740492315294748,0.5588235294117647,-0.03332895876978141,2.085828797623944,0.7714285714285715,0.0,0.020372641363780808,0.021263937717965427
8112,8136,8143,8114,8144,2025,2025-09-11 09:35:00,2025-09-11 13:05:00,2025-09-11 13:40:00,31,0.003156341420897654,0.03224916116077859,0.28336955780432915,0.7741935483870968,-0.7061593259858494,1.4889431637742891,0.34375,0.0,0.06649161741504095,0.8470831746697213
8143,8163,8164,8145,8165,2025,2025-09-11 13:40:00,2025-09-12 09:50:00,2025-09-12 09:55:00,21,0.00382058613363178,0.005558515735225073,0.10672639217623539,0.9523809523809523,-1.6862684572051212,2.3569310535876724,0.09090909090909091,0.5348388610099772,0.026956295245805784,0.5147432250425605
8164,8166,8168,8166,8169,2025,2025-09-12 09:55:00,2025-09-12 10:05:00,2025-09-12 10:15:00,4,0.003895638130307188,8.969146143318184e-05,0.005291858447406175,0.5,-0.5058894666768678,1.44830795315985,0.4,0.024706055213013497,0.008591348388014453,0.050464789237789034
8168,8170,8178,8170,8179,2025,2025-09-12 10:15:00,2025-09-12 10:25:00,2025-09-12 11:05:00,10,0.004156642103649899,0.005363716671744008,0.19369202029826163,0.2,0.7518461991901444,1.4662707737790146,0.2727272727272727,0.0,0.015098462330956686,-0.5088174886907225
8178,8193,8210,8180,8211,2025,2025-09-12 11:05:00,2025-09-12 13:50:00,2025-09-15 09:45:00,32,0.00360439452401802,-0.002365068418344082,-0.02403028035421861,0.46875,0.04638309011349312,1.5818308772375014,0.42424242424242425,0.0,0.02097872202877138,0.2531341821048905
8210,8212,8214,8212,8215,2025,2025-09-15 09:45:00,2025-09-15 09:55:00,2025-09-15 10:05:00,4,0.0031711129678511176,-0.0037397201400846307,-0.3238076439726259,0.5,0.038845865038387974,1.2720749916098946,0.2,0.0,0.007180796555154245,0.5102527525613139
8214,8222,8229,8216,8230,2025,2025-09-15 10:05:00,2025-09-15 10:45:00,2025-09-15 11:20:00,15,0.002897921415662589,-0.011836611674202595,-0.3295372482113783,0.5333333333333333,0.5341144654504217,1.6676904867295446,0.25,0.06404220878898406,0.016567302928208072,0.24099731223906465
8229,8231,8236,8231,8237,2025,2025-09-15 11:20:00,2025-09-15 11:30:00,2025-09-15 13:25:00,7,0.002892089778092303,-0.0002750878253811881,-0.0241798084101895,0.2857142857142857,-0.01503159889376275,1.3716145431245645,0.5,0.010361531593551325,0.003480742559023753,0.02562845845651602
8239,8243,8252,8241,8253,2025,2025-09-15 13:40:00,2025-09-15 14:00:00,2025-09-15 14:45:00,13,0.002717087005134464,-0.0005202875077420942,-0.02603076220241436,0.3076923076923077,0.5625242464879905,1.7782460985009132,0.07142857142857142,0.06715521489176714,0.006297189308614115,0.09441692782823101
8252,8259,8262,8254,8263,2025,2025-09-15 14:45:00,2025-09-16 09:50:00,2025-09-16 10:05:00,10,0.0033543490101678964,-0.025047471293388916,-0.4768797796628433,0.7,0.044990249519239585,1.5474633457137286,0.2727272727272727,0.2757677788259539,0.020432910600864496,0.39655254276206253
8262,8266,8270,8264,8271,2025,2025-09-16 10:05:00,2025-09-16 10:25:00,2025-09-16 10:45:00,8,0.003649285781940081,-0.002951465330427663,-0.11790910536795486,0.5,-0.6604737117260832,1.658320571451943,0.2222222222222222,0.008074171839201644,0.012594578673726708,-0.21915214913727635
8273,8282,8285,8275,8286,2025,2025-09-16 11:00:00,2025-09-16 13:15:00,2025-09-16 13:30:00,12,0.0037997421740788447,-0.014429765888963789,-0.6280930539466139,0.75,-0.37120270670047856,1.4423047834159275,0.38461538461538464,0.027523818036575214,0.008142055769678969,0.08514950992850165
8285,8290,8298,8287,8299,2025,2025-09-16 13:30:00,2025-09-16 13:55:00,2025-09-16 14:35:00,13,0.003806430853703279,-0.004388276266745016,-0.21302136165190397,0.38461538461538464,0.18165327170207363,1.2458123638692218,0.35714285714285715,0.04083988313460089,0.009589170020341875,-0.13848975927819202
8298,8308,8316,8300,8317,2025,2025-09-16 14:35:00,2025-09-17 09:55:00,2025-09-17 10:35:00,18,0.0032553956422418442,-0.015336383208893276,-0.26782569337006484,0.5555555555555556,-0.6183483989456293,1.5549963014645112,0.21052631578947367,0.03896620493151597,0.022646795777274242,-0.12208988320268425
8316,8331,8335,8318,8336,2025,2025-09-17 10:35:00,2025-09-17 13:20:00,2025-09-17 13:40:00,19,0.0031014622597225925,-0.0028440057920888313,-0.06251135711051033,0.7894736842105263,0.0015447373090577317,1.5084438401740967,0.55,0.0,0.01725503074175716,0.7578594891432143
8335,8342,8346,8337,8347,2025,2025-09-17 13:40:00,2025-09-17 14:15:00,2025-09-17 14:35:00,11,0.003189318557046674,0.0002703265488089896,0.026570760625731948,0.6363636363636364,-0.10360456613208938,1.6959366162726424,0.5,0.0,0.0034575103921996586,0.0739580036650913
8346,8363,8365,8348,8366,2025,2025-09-17 14:35:00,2025-09-18 10:30:00,2025-09-18 10:40:00,19,0.0037759873489643728,0.030787154288687484,0.40440364304394305,0.8947368421052632,-0.609392184957242,1.8676089692271323,0.25,0.1753177890193231,0.044198896395013065,0.6963940661498426
8365,8366,8372,8367,8373,2025,2025-09-18 10:40:00,2025-09-18 10:45:00,2025-09-18 11:15:00,7,0.004169952713948866,-0.007464632773522902,-0.22934348925892753,0.14285714285714285,0.19248852088553584,1.1914277986236248,0.25,0.11056142789280421,0.013830169312170959,-0.12251686572568844
8372,8375,8395,8374,8396,2025,2025-09-18 11:15:00,2025-09-18 11:30:00,2025-09-18 14:40:00,23,0.004254735542458404,0.03837946081522791,0.5593758785952739,0.13043478260869565,0.10052350834861429,1.5906680004474931,0.5833333333333334,0.0,0.04346237357403826,-0.873657689018016
8395,8409,8418,8397,8419,2025,2025-09-18 14:40:00,2025-09-19 10:20:00,2025-09-19 11:05:00,23,0.004788914216683332,-0.032074881946949095,-0.35545259389397815,0.6086956521739131,0.1660840450988365,1.695443802720772,0.5416666666666666,0.0,0.028990484982114317,0.5758306398223176
8420,8424,8434,8422,8435,2025,2025-09-19 11:15:00,2025-09-19 13:05:00,2025-09-19 13:55:00,14,0.004391836456564116,0.015671567609359317,0.40853296555812463,0.2857142857142857,0.8527898216399268,1.3201309801521501,0.26666666666666666,0.0,0.02154783723993603,-0.7322744494224998
8434,8440,8447,8436,8448,2025,2025-09-19 13:55:00,2025-09-19 14:25:00,2025-09-19 15:00:00,13,0.0041913297132915184,-0.017021990408995633,-0.678410683666911,0.46153846153846156,0.19207089529033547,1.5384953680966154,0.5714285714285714,0.0,0.012333515262174188,0.19361125012371763
8447,8465,8468,8449,8469,2025,2025-09-19 15:00:00,2025-09-22 11:00:00,2025-09-22 11:15:00,21,0.0031547635410783224,-0.005790916317058711,-0.09820735819012748,0.8571428571428571,-0.16337902422594658,1.6446736908561501,0.6818181818181818,0.01357425063391913,0.021328382720350092,0.5435777771584653
8468,8477,8486,8470,8487,2025,2025-09-22 11:15:00,2025-09-22 13:30:00,2025-09-22 14:15:00,18,0.0035317182789854893,-0.016688615163512558,-0.304246003617709,0.5,0.33879182190015866,1.6742559206645544,0.3684210526315789,0.008776703221737922,0.03162756606818906,0.472598600823744
8486,8497,8508,8488,8509,2025,2025-09-22 14:15:00,2025-09-23 09:40:00,2025-09-23 10:35:00,22,0.0034794473996179903,0.0050657735930182465,0.09121379459064824,0.5,-0.23067894350975654,1.5511881270647772,0.391304347826087,0.00868940720934123,0.028417087445609113,-0.5482069617734615
8508,8511,8521,8510,8522,2025,2025-09-23 10:35:00,2025-09-23 10:50:00,2025-09-23 13:10:00,13,0.0036051720769587465,-0.009862705124556937,-0.27458045739004283,0.23076923076923078,0.45219678112028416,1.6780090977327438,0.35714285714285715,0.04180371292741372,0.01745646835638137,-0.2742606563339393
8521,8524,8532,8523,8533,2025,2025-09-23 13:10:00,2025-09-23 13:25:00,2025-09-23 14:05:00,11,0.0031183228003503084,0.002834249543325977,0.13457278601550324,0.2727272727272727,0.5802016578758963,1.288577103861149,0.4166666666666667,0.003797617157017424,0.007934381140505486,-0.37007051140799857
8532,8567,8572,8534,8573,2025,2025-09-23 14:05:00,2025-09-24 11:30:00,2025-09-24 13:25:00,40,0.0036510281765134477,0.0341593382352601,0.22563835489078998,0.875,0.14923543925202173,1.7514227764620414,0.4146341463414634,0.008540805718199379,0.07720104989245247,0.767507041189162
8572,8577,8581,8574,8582,2025,2025-09-24 13:25:00,2025-09-24 13:50:00,2025-09-24 14:10:00,9,0.004100575665892317,-0.0010126304110202565,-0.05773250194888358,0.5555555555555556,-0.25638309650588026,1.6771469789013618,0.4,0.0,0.00662390592379225,0.2121715138069178
8581,8583,8585,8583,8586,2025,2025-09-24 14:10:00,2025-09-24 14:20:00,2025-09-24 14:30:00,4,0.004036374879256464,0.000743873410522639,0.12906106889353697,0.5,-0.262482650152418,1.3028594987979252,0.4,0.0,0.003309085798217204,-0.28932140792247096
8585,8606,8610,8587,8611,2025,2025-09-24 14:30:00,2025-09-25 10:45:00,2025-09-25 11:05:00,25,0.0038467079779902413,-0.004869959464849562,-0.0624036223713895,0.84,-0.13738457806192686,1.9780169925664943,0.2692307692307692,0.045519097436458905,0.020644460099402018,0.8329558755128635
8610,8615,8622,8612,8623,2025,2025-09-25 11:05:00,2025-09-25 11:30:00,2025-09-25 13:35:00,12,0.0032925814587760082,-0.003941895901519128,-0.15699791611628394,0.4166666666666667,0.2703822108446129,1.635089221452192,0.46153846153846156,0.010547346512790134,0.011236225561717994,-0.5460249506519467
8622,8633,8638,8624,8639,2025,2025-09-25 13:35:00,2025-09-25 14:30:00,2025-09-25 14:55:00,16,0.00322257823539431,-0.011280678617508755,-0.4553795479535413,0.6875,0.02114819243044223,1.648483038834931,0.6470588235294118,0.0,0.01008993133759084,0.4400869650756895
8638,8640,8650,8640,8651,2025,2025-09-25 14:55:00,2025-09-26 09:35:00,2025-09-26 10:25:00,12,0.002888045710934075,-0.006029051414008609,-0.11064593514072872,0.16666666666666666,0.1254914291197034,1.4405144510433445,0.46153846153846156,0.0806366204950486,0.012316078795961083,-0.5522283956078679
8650,8658,8664,8652,8665,2025,2025-09-26 10:25:00,2025-09-26 11:05:00,2025-09-26 13:05:00,14,0.0030053781816695535,-0.011934206527341278,-0.3201660765812217,0.5714285714285714,-0.11026292415000799,1.4529726960125806,0.3333333333333333,0.0,0.013293763763547517,0.02106582686710062
8664,8668,8671,8666,8672,2025,2025-09-26 13:05:00,2025-09-26 13:25:00,2025-09-26 13:40:00,7,0.003054522518137968,-0.00045066576385794884,-0.03877867594239324,0.5714285714285714,-0.24941158177793563,1.5173568649148501,0.5,0.04573846090690233,0.005790561921938497,0.07428621475005111
8671,8673,8694,8673,8695,2025,2025-09-26 13:40:00,2025-09-26 13:50:00,2025-09-29 10:05:00,23,0.003225895799401874,0.023715161272098516,0.37391777884616434,0.08695652173913043,-0.22152511319202803,1.9048092801727825,0.625,0.023031399743077774,0.032362520260985406,-0.7511321005544344
8694,8704,8710,8696,8711,2025,2025-09-29 10:05:00,2025-09-29 10:55:00,2025-09-29 11:25:00,16,0.0033663454805646894,-0.012783011864084058,-0.3894934113330322,0.625,0.3103288485402418,2.102148197260584,0.5294117647058824,0.014893838556551166,0.013422553802057813,0.7574561603369261
8710,8724,8727,8712,8728,2025,2025-09-29 11:25:00,2025-09-29 14:05:00,2025-09-29 14:20:00,17,0.0031655990922120902,0.009837771204832872,0.2714177396771425,0.8235294117647058,-2.62014358005048,1.8043724444940443,0.2777777777777778,0.3864603125749302,0.01620498097056622,0.6020479112616571
8727,8745,8748,8729,8749,2025,2025-09-29 14:20:00,2025-09-30 10:20:00,2025-09-30 10:35:00,21,0.0031660354644520803,0.026331553242841373,0.4298932571834112,0.8571428571428571,0.10229367847792553,1.8644270923086828,0.3181818181818182,0.18660281965235573,0.030267894138579443,0.87868322510963
8751,8757,8760,8753,8761,2025,2025-09-30 10:50:00,2025-09-30 11:20:00,2025-09-30 13:05:00,9,0.0032264218066180095,0.005060086664427912,0.3686438417656183,0.6666666666666666,-0.49238270052326294,2.060967805874629,0.2,0.0,0.008973217459192107,0.5616995699550023
8760,8763,8771,8762,8772,2025,2025-09-30 13:05:00,2025-09-30 13:20:00,2025-09-30 14:00:00,11,0.003238118676434847,-0.0008003213813547444,-0.04125510024623519,0.2727272727272727,1.2051754469375022,2.019616334634119,0.25,0.17975069567018684,0.008890788092165813,-0.6672026353921897
8771,8799,8801,8773,8802,2025,2025-09-30 14:00:00,2025-10-09 10:50:00,2025-10-09 11:00:00,30,0.004420637553249768,-0.001217993237592573,-0.011993245189196273,0.9333333333333333,-1.1496150396058542,2.879877228593695,0.22580645161290322,0.6147008228389925,0.06304665855858982,0.90069921981565
8801,8805,8841,8803,8842,2025,2025-10-09 11:00:00,2025-10-09 11:20:00,2025-10-10 10:20:00,40,0.004966110694210949,0.05620719927752427,0.40543447185772896,0.1,-0.19728046628063572,2.3878774670468066,0.5365853658536586,0.0612451397060716,0.07066354321095503,-0.9261157799257914
8841,8843,8865,8843,8866,2025,2025-10-10 10:20:00,2025-10-10 10:30:00,2025-10-10 13:50:00,24,0.004895025344410634,0.011486713938823084,0.2629807104374703,0.08333333333333333,1.1402604997523298,1.5038141168226424,0.04,0.0820630720243866,0.018981047077434532,-0.602631267776267
8865,8866,8877,8867,8878,2025,2025-10-10 13:50:00,2025-10-10 13:55:00,2025-10-10 14:50:00,12,0.004588050080306265,0.010969534617649572,0.5626067710032884,0.08333333333333333,-0.006274507466933118,1.3731432526402607,0.6153846153846154,0.0,0.014849071954807336,-0.7414803888856882
8877,8883,8886,8879,8887,2025,2025-10-10 14:50:00,2025-10-13 09:50:00,2025-10-13 10:05:00,9,0.0038273485051711275,0.001985977902149038,0.016831390416860808,0.6666666666666666,-0.25717713660137687,1.3838909032481852,0.3,0.011799194761940551,0.019406375937362164,0.3886031442014881
8886,8891,8904,8888,8905,2025,2025-10-13 10:05:00,2025-10-13 10:30:00,2025-10-13 13:05:00,18,0.004071785779430883,-0.014713572907299582,-0.310194689754216,0.2777777777777778,0.24709102216322834,1.6450592984585684,0.5263157894736842,0.009308551458795698,0.01978865579817146,-0.3695583343058835
8904,8916,8917,8906,8918,2025,2025-10-13 13:05:00,2025-10-13 14:05:00,2025-10-13 14:10:00,13,0.004119216943691045,-0.011382490666755668,-0.5636054173723232,0.9230769230769231,-0.8400794943170332,1.3997603128374982,0.42857142857142855,0.0,0.013877375554162796,0.8011071094793787
8917,8930,8953,8919,8954,2025,2025-10-13 14:10:00,2025-10-14 09:45:00,2025-10-14 13:10:00,36,0.003106284887591334,0.043052754345221524,0.3610167033073177,0.3611111111111111,0.26621023656091225,1.4852475339506945,0.4864864864864865,0.0,0.04679361160711348,-0.639162727988688
8953,8957,8977,8955,8978,2025,2025-10-14 13:10:00,2025-10-14 13:30:00,2025-10-15 09:40:00,24,0.0035562863527358757,0.00202735951133468,0.029840437718186764,0.16666666666666666,0.2911634907036307,1.6069088814605479,0.56,0.009388145661152859,0.02817426478646823,-0.624447268012174
8979,8985,8995,8981,8996,2025,2025-10-15 09:50:00,2025-10-15 10:20:00,2025-10-15 11:10:00,16,0.004247404347997999,-0.018901684967898166,-0.5160360188942342,0.375,0.2279583221874081,1.5626711305042513,0.29411764705882354,0.0,0.014918708165922112,0.045540060029238064
8995,9008,9009,8997,9010,2025,2025-10-15 11:10:00,2025-10-15 13:45:00,2025-10-15 13:50:00,14,0.0040484865636432315,1.5144990274511185e-05,0.00039247787498114696,0.9285714285714286,-0.6429788002739854,1.4852275388842093,0.13333333333333333,0.18675377015683708,0.022507224443752527,0.6185612222363952
9009,9022,9026,9011,9027,2025,2025-10-15 13:50:00,2025-10-15 14:55:00,2025-10-16 09:45:00,17,0.0038267697245352715,0.0037363755633726924,0.1259940424207577,0.7647058823529411,-0.29279523625890913,1.8063062676280852,0.5555555555555556,0.0,0.008159068988176976,0.4579833045897819
9026,9033,9036,9028,9037,2025,2025-10-16 09:45:00,2025-10-16 10:20:00,2025-10-16 10:35:00,10,0.002653407848132164,0.003155527943234293,0.20713259012995114,0.7,-0.20779959938680834,1.5054273473424207,0.45454545454545453,0.0,0.009166325904577555,0.34351972267117364
9036,9042,9060,9038,9061,2025,2025-10-16 10:35:00,2025-10-16 11:05:00,2025-10-16 14:05:00,24,0.002354436828923545,0.015233873026301383,0.34776828710590696,0.25,0.9290928363199353,1.397151405341157,0.36,0.03154782517892496,0.02086543046657141,-0.44197058730139116
9060,9062,9079,9062,9080,2025,2025-10-16 14:05:00,2025-10-16 14:15:00,2025-10-17 10:10:00,19,0.002042824505521782,0.02713303101614901,0.6311844160689447,0.10526315789473684,-0.5182748965916463,1.8583944504080825,0.3,0.04867119911098937,0.031098079243399468,-0.8631852778542137
9079,9088,9098,9081,9099,2025,2025-10-17 10:10:00,2025-10-17 10:55:00,2025-10-17 13:15:00,19,0.0026880016898302916,-0.016556260975389703,-0.4131966912362574,0.47368421052631576,0.07128750160638461,1.891623240527636,0.3,0.016600179978549057,0.013339876512303839,0.14895230485208294
9098,9100,9116,9100,9117,2025,2025-10-17 13:15:00,2025-10-17 13:25:00,2025-10-17 14:45:00,18,0.002800073503879775,0.01011120655624629,0.4021370176669465,0.1111111111111111,0.3560293290052702,1.5503044752614707,0.15789473684210525,0.24626270055442667,0.01446839011628498,-0.677785329685875
9116,9127,9129,9118,9130,2025,2025-10-17 14:45:00,2025-10-20 10:10:00,2025-10-20 10:20:00,13,0.003117628942934238,0.003795042726387704,0.06500130105071589,0.8461538461538461,-0.7873818351564951,1.8673092424074096,0.2857142857142857,0.27703427342905973,0.024975834352575,0.6243094900470111
9129,9132,9159,9131,9160,2025,2025-10-20 10:20:00,2025-10-20 10:35:00,2025-10-20 14:20:00,30,0.0028216947215883503,0.013264102773274037,0.3131334379044725,0.1,0.5638171188082144,1.3609898254317687,0.41935483870967744,0.0006531532188953003,0.025503431131753906,-0.8430031252210802
9159,9198,9201,9161,9202,2025,2025-10-20 14:20:00,2025-10-21 13:35:00,2025-10-21 13:50:00,42,0.0021647366099942773,0.01817392544287809,0.2007896670262939,0.9285714285714286,-0.2496332967927663,1.4816272327015914,0.4186046511627907,0.002442557341151738,0.035702976390889596,0.8558260466251042
9201,9209,9219,9203,9220,2025,2025-10-21 13:50:00,2025-10-21 14:30:00,2025-10-22 09:50:00,18,0.0023128512543639135,-0.012796081850611023,-0.3703182865768649,0.4444444444444444,-0.3313646016848096,2.382339396222705,0.5263157894736842,0.0031967820929602406,0.015937419882206427,-0.719811270427104
9219,9231,9239,9221,9240,2025,2025-10-22 09:50:00,2025-10-22 10:50:00,2025-10-22 11:30:00,20,0.0024997474452929757,-0.009270688477837451,-0.26392184233008686,0.6,0.046735787519976764,1.4770871101678027,0.5714285714285714,0.0,0.014721536457207307,0.26775114555700325
9239,9247,9271,9241,9272,2025,2025-10-22 11:30:00,2025-10-22 13:40:00,2025-10-23 10:10:00,32,0.00283649452615812,0.005349990084588006,0.07659697552355406,0.25,0.11625046186738265,2.0370144772452674,0.6060606060606061,0.0,0.033633182819003515,-0.30217873702026676
9271,9277,9282,9273,9283,2025,2025-10-23 10:10:00,2025-10-23 10:40:00,2025-10-23 11:05:00,11,0.002900940782859804,-0.017235074501213924,-0.7593148336212036,0.5454545454545454,-0.19131160784328521,1.5611435508856026,0.3333333333333333,0.0,0.010076926607200498,0.319602873533022
9282,9286,9295,9284,9296,2025,2025-10-23 11:05:00,2025-10-23 11:25:00,2025-10-23 13:40:00,13,0.002910209152433815,0.0017830743177690573,0.1087132888571824,0.3076923076923077,0.11963053224967554,2.1541421325454,0.5714285714285714,0.0,0.007466524027955224,-0.24172935111520572
9295,9320,9326,9297,9327,2025,2025-10-23 13:40:00,2025-10-24 10:15:00,2025-10-24 10:45:00,31,0.0023934799449614923,0.022937381872931442,0.33178377643709905,0.8064516129032258,-1.0101031522572739,2.486886058937352,0.34375,0.022359287693802677,0.04673764349211673,0.7673431251205654
9326,9339,9343,9328,9344,2025,2025-10-24 10:45:00,2025-10-24 13:20:00,2025-10-24 13:40:00,17,0.0030925826044067625,-0.006694229722035262,-0.20005730195561014,0.7647058823529411,-0.17764251301979958,1.3228904683368454,0.5555555555555556,0.0,0.016115214906218256,0.6983815581982211
9343,9361,9375,9345,9376,2025,2025-10-24 13:40:00,2025-10-27 09:40:00,2025-10-27 10:50:00,32,0.0032232086784569824,0.028184240158388052,0.2688160177691707,0.5625,-0.21268642656771866,1.87782993666659,0.12121212121212122,0.009275880404005316,0.032612697723901185,0.32236260442877945
9375,9392,9394,9377,9395,2025,2025-10-27 10:50:00,2025-10-27 13:45:00,2025-10-27 13:55:00,19,0.0034827660386911813,-0.0048775559649829525,-0.1912898271111168,0.8947368421052632,-0.2013699881537562,1.7510149378081075,0.55,0.027982354172634234,0.01653356867009581,0.764380443577483
9394,9402,9410,9396,9411,2025,2025-10-27 13:55:00,2025-10-27 14:35:00,2025-10-28 09:45:00,16,0.0034569546690957887,-0.003405117043237779,-0.11123203104419252,0.5,-0.05718089730609955,2.1250561409557687,0.7058823529411765,0.050732461850081366,0.007565593565546536,-0.04470162363576579
9410,9416,9420,9412,9421,2025,2025-10-28 09:45:00,2025-10-28 10:15:00,2025-10-28 10:35:00,10,0.002279001192311538,-0.007400994084405619,-0.27944654707322664,0.6,0.2813528578532258,1.551742421121777,0.2727272727272727,0.15619209620511357,0.01428431930273355,0.3679643938273694
9420,9421,9424,9422,9425,2025,2025-10-28 10:35:00,2025-10-28 10:40:00,2025-10-28 10:55:00,4,0.0021745870088803153,-0.0012929294730416548,-0.1990680391927133,0.25,-0.7907059830335534,1.6047796464076325,0.2,0.02211157857912815,0.003671777201574855,-0.3099163562888419
9424,9428,9440,9426,9441,2025,2025-10-28 10:55:00,2025-10-28 11:15:00,2025-10-28 13:45:00,16,0.002216717295851029,0.013189198405974368,0.42049252930326975,0.25,0.3652339603085096,1.6968872231866932,0.47058823529411764,0.005362389341520665,0.018644349974439756,-0.7019889110724032
9440,9446,9452,9442,9453,2025,2025-10-28 13:45:00,2025-10-28 14:15:00,2025-10-28 14:45:00,12,0.0024473052482752453,-0.007766834041888394,-0.4930352768795692,0.5,0.3973561059544628,1.8672854669553507,0.5384615384615384,0.0,0.008042710962813615,0.6188693594824706
9452,9460,9468,9454,9469,2025,2025-10-28 14:45:00,2025-10-29 09:55:00,2025-10-29 10:35:00,16,0.0026962198408485593,0.006642567893678715,0.10748434235253054,0.5,0.33060966607864917,1.778932959196359,0.23529411764705882,0.016435062144633743,0.019503517296749706,-0.20098523458078008
9468,9472,9479,9470,9480,2025,2025-10-29 10:35:00,2025-10-29 10:55:00,2025-10-29 11:30:00,11,0.0031767266275231658,-0.0016150523632284582,-0.10020398858431184,0.36363636363636365,0.1856876561172636,1.4154662241711566,0.3333333333333333,0.0,0.006971699876261894,0.2052465860338028
9479,9501,9508,9481,9509,2025,2025-10-29 11:30:00,2025-10-29 14:50:00,2025-10-30 09:55:00,29,0.0029639543777725103,-0.01125806015058423,-0.20667621849363974,0.7586206896551724,-0.324946807024152,1.7667562525880964,0.6333333333333333,0.00016610587228884675,0.013848538966620083,0.03391780821631763
9508,9517,9518,9510,9519,2025,2025-10-30 09:55:00,2025-10-30 10:40:00,2025-10-30 10:45:00,10,0.003048370832363619,-0.019504405780873306,-0.5539290616465349,0.9,-0.1134818321082747,1.5432307869009911,0.18181818181818182,0.0,0.013741391421691063,0.5299950459131086
9518,9519,9529,9520,9530,2025,2025-10-30 10:45:00,2025-10-30 10:50:00,2025-10-30 13:10:00,11,0.00299766408809071,-0.002644958366935972,-0.11507068689011085,0.09090909090909091,-0.1582917434029785,1.994642307909865,0.6666666666666666,0.10017743272252076,0.00976943302425859,-0.23818368662618075
9529,9532,9533,9531,9534,2025,2025-10-30 13:10:00,2025-10-30 13:25:00,2025-10-30 13:30:00,4,0.0035651843043215128,-0.0021246371075074647,-0.10678785377508579,0.75,1.7591126720534647,1.5472380521986373,0.2,0.34936132926599495,0.011234174510371453,0.17223957242333113
9533,9536,9556,9535,9557,2025,2025-10-30 13:30:00,2025-10-30 13:45:00,2025-10-31 09:55:00,23,0.003636126434654472,0.03130683297299092,0.6278291806216678,0.13043478260869565,-0.3354152714614373,3.508428237827673,0.5416666666666666,0.07984550359983648,0.03786691393903041,-0.826564031772111
9556,9559,9567,9558,9568,2025,2025-10-31 09:55:00,2025-10-31 10:10:00,2025-10-31 10:50:00,11,0.003835796715606377,0.0057492324877979565,0.2154382063894677,0.2727272727272727,0.8807113533884153,1.6850672087279026,0.16666666666666666,0.08772502223103353,0.013008381527265911,-0.4408760266645602
9567,9568,9571,9569,9572,2025,2025-10-31 10:50:00,2025-10-31 10:55:00,2025-10-31 11:10:00,4,0.0037689732469013367,0.0013195669805060992,0.19254653886455395,0.25,0.10041672714414293,1.176881510843921,0.2,0.0,0.0046410952704141195,-0.3963254981936656
9571,9572,9579,9573,9580,2025,2025-10-31 11:10:00,2025-10-31 11:15:00,2025-10-31 13:20:00,8,0.0037854009326929055,0.0011314404583066485,0.07608516182852185,0.125,1.1108051663636849,1.45704809688028,0.3333333333333333,0.011892167750640892,0.0055888984890080096,-0.12829222077436891
9579,9581,9586,9581,9587,2025,2025-10-31 13:20:00,2025-10-31 13:30:00,2025-10-31 13:55:00,7,0.0032205470024264907,0.0019707768421533124,0.22583038287816945,0.2857142857142857,-0.2074729675577397,1.262644133762814,0.25,0.04387262217031685,0.005074476207712841,-0.3467471458597647
9586,9588,9613,9588,9614,2025,2025-10-31 13:55:00,2025-10-31 14:05:00,2025-11-03 10:40:00,27,0.003136317634958473,0.032225173715095416,0.4781988260543477,0.07407407407407407,0.8618083475537212,2.1325246611020074,0.39285714285714285,0.0746365431519988,0.036537593802266954,-0.888019982426477
9613,9618,9620,9615,9621,2025,2025-11-03 10:40:00,2025-11-03 11:05:00,2025-11-03 11:15:00,7,0.0029344044303348266,-0.010740222195104312,-0.8877364558421881,0.7142857142857143,-0.05357499880837731,1.3097822160546082,0.625,0.0,0.007539327018605491,0.472093259272131
9620,9636,9641,9622,9642,2025,2025-11-03 11:15:00,2025-11-03 14:05:00,2025-11-03 14:30:00,21,0.0029912925750420075,0.01185485368080268,0.37183953252192625,0.7619047619047619,0.183387333681285,1.761786481651605,0.5909090909090909,0.007630538236244008,0.01558005788497141,0.7348262549430796
9641,9651,9653,9643,9654,2025,2025-11-03 14:30:00,2025-11-04 09:50:00,2025-11-04 10:00:00,12,0.0029767127232771164,0.006865219864225707,0.34392440566042937,0.8333333333333334,-0.26547333690932207,1.6501268025146913,0.3076923076923077,0.10436790161270179,0.012905426677866316,0.5032687556139392
9653,9655,9663,9655,9664,2025,2025-11-04 10:00:00,2025-11-04 10:10:00,2025-11-04 10:50:00,10,0.002032985441767298,0.005302282631385125,0.33643986409119453,0.2,0.3925554830788812,1.7287492103232172,0.36363636363636365,0.012765336843655346,0.010879313913294553,-0.5350796497658272
9663,9667,9689,9665,9690,2025,2025-11-04 10:50:00,2025-11-04 11:10:00,2025-11-04 14:30:00,26,0.0017509560199282757,0.0033087412807849704,0.13748603413687932,0.15384615384615385,0.2233017417948109,1.4310254959740432,0.6666666666666666,0.0,0.015196680973726728,-0.7304476655278735
9689,9692,9702,9691,9703,2025,2025-11-04 14:30:00,2025-11-04 14:45:00,2025-11-05 10:05:00,13,0.0021809812944711534,-0.017045802758338908,-0.3316880555169955,0.23076923076923078,1.021042475139171,2.800838211269118,0.2857142857142857,0.03962696784494728,0.020867198127046294,-0.6979155132226162
9702,9705,9711,9704,9712,2025,2025-11-05 10:05:00,2025-11-05 10:20:00,2025-11-05 10:50:00,9,0.002665588170592758,-0.002371052264592385,-0.11740589946174097,0.3333333333333333,0.24854256594144505,1.2373350788018942,0.6,0.0,0.007512556201031195,0.311721712848406
9711,9737,9740,9713,9741,2025,2025-11-05 10:50:00,2025-11-05 14:30:00,2025-11-05 14:45:00,29,0.0029456779079869303,0.0023930751510657655,0.048697765680084854,0.896551724137931,0.21088985066780297,1.5033278420549219,0.4666666666666667,0.03517129701980624,0.025420826169295196,0.832527793079417
9740,9760,9769,9742,9770,2025,2025-11-05 14:45:00,2025-11-06 10:55:00,2025-11-06 13:10:00,29,0.0032248010144934765,0.024521529891257065,0.27749597692492073,0.6896551724137931,-0.3934018008461017,1.7810629777998166,0.3333333333333333,0.049250928823821025,0.03545104498511886,0.6824222945423926
9769,9774,9776,9771,9777,2025,2025-11-06 13:10:00,2025-11-06 13:35:00,2025-11-06 13:45:00,7,0.00334728011240835,-0.0012950875994165434,-0.1717690901225687,0.7142857142857143,-0.4528503869669181,1.4230101913510589,0.5,0.0,0.004725827424547191,0.36149202353419685
9776,9784,9801,9778,9802,2025,2025-11-06 13:45:00,2025-11-06 14:25:00,2025-11-07 10:20:00,25,0.0032368137413682683,-0.011291702262293417,-0.27307686119807106,0.32,0.41981430989115504,3.0180267379190893,0.46153846153846156,0.03373619884240327,0.012683028555162679,-0.48687305697358313
9801,9811,9814,9803,9815,2025,2025-11-07 10:20:00,2025-11-07 11:10:00,2025-11-07 11:25:00,13,0.0024526739367860444,-0.010635272168543724,-0.6067856361183378,0.7692307692307693,-0.2665785960115005,1.257934466959417,0.5,0.0,0.006965198798664751,0.4197806076732262
9814,9819,9830,9816,9831,2025,2025-11-07 11:25:00,2025-11-07 13:20:00,2025-11-07 14:15:00,16,0.0023852002046509634,0.0009216390800281331,0.03717290834660653,0.3125,0.2107421774754437,1.445856965351303,0.47058823529411764,0.0,0.011596427275379462,-0.4654472739571472
9830,9832,9848,9832,9849,2025,2025-11-07 14:15:00,2025-11-07 14:25:00,2025-11-10 10:15:00,18,0.0024006765972396657,0.01146754358286814,0.211876376182457,0.1111111111111111,-0.24951289618308067,2.1093086110543853,0.15789473684210525,0.0881167353684496,0.023290398248087207,-0.49669777080548655
9848,9851,9863,9850,9864,2025,2025-11-10 10:15:00,2025-11-10 10:30:00,2025-11-10 11:30:00,15,0.003165470655883181,0.007227385095442882,0.2436607175724321,0.2,0.3225031814517913,1.5265282852291588,0.3125,0.04934715917147148,0.011302705765885435,-0.6338233568985507
9863,9869,9872,9865,9873,2025,2025-11-10 11:30:00,2025-11-10 13:30:00,2025-11-10 13:45:00,9,0.0031996401222983803,-0.0027782282447517443,-0.22520452436625865,0.6666666666666666,-0.08352530255666007,1.640311045392511,0.6,0.03428762636592931,0.005299079864435896,0.5649273387149646
9872,9889,9906,9874,9907,2025,2025-11-10 13:45:00,2025-11-11 09:40:00,2025-11-11 11:05:00,34,0.002821265890690324,0.009585453577989962,0.18358107612138552,0.5,0.10806710839094265,2.1530407304763837,0.17142857142857143,0.0,0.018427118810423693,-0.031907383904688905
9906,9908,9920,9908,9921,2025,2025-11-11 11:05:00,2025-11-11 11:15:00,2025-11-11 13:45:00,14,0.0021197877878927616,0.0039598888933254925,0.19341510883736493,0.14285714285714285,1.302938327590805,1.542571900291398,0.26666666666666666,0.026856134876656022,0.009396403059932723,-0.4260150793401354
9923,9928,9938,9925,9939,2025,2025-11-11 14:00:00,2025-11-11 14:25:00,2025-11-12 09:45:00,15,0.002214550905808846,-0.0030059220803074775,-0.08518843610568934,0.3333333333333333,0.0006052590703266987,2.482585008803656,0.5625,0.12919003868354537,0.020132674089721192,-0.3848939888707962
9938,9944,9959,9940,9960,2025,2025-11-12 09:45:00,2025-11-12 10:15:00,2025-11-12 11:30:00,21,0.002619912408416472,-0.00615981060204952,-0.19647470346731966,0.2857142857142857,1.3111273622870645,1.7497745638664257,0.2727272727272727,0.04664057336701147,0.016083291635823116,-0.4923975678061953
9959,9962,9963,9961,9964,2025,2025-11-12 11:30:00,2025-11-12 13:15:00,2025-11-12 13:20:00,4,0.002617310924172195,0.001151140452589283,0.13321307144152592,0.75,-0.3016749791611856,1.7890408350118407,0.4,0.0,0.004691459697722777,-0.23911615451864313
9963,10007,10021,9965,10022,2025,2025-11-12 13:20:00,2025-11-13 11:30:00,2025-11-13 14:10:00,58,0.002238763748940514,0.006686933599707957,0.06707221671404678,0.7586206896551724,-0.27336915577122833,1.5772464431290987,0.4576271186440678,0.0,0.029613430250634565,0.6110406036991236
10021,10029,10034,10023,10035,2025,2025-11-13 14:10:00,2025-11-13 14:50:00,2025-11-14 09:45:00,13,0.0019412203653702419,-0.01895229686019246,-0.5200640732872776,0.6153846153846154,-0.6978784089168759,3.6678365032254874,0.35714285714285715,0.007765183508566152,0.019363609050448538,-0.5521156122263781
10034,10044,10063,10036,10064,2025,2025-11-14 09:45:00,2025-11-14 10:35:00,2025-11-14 13:40:00,29,0.003236941696055616,-0.012826387936755198,-0.31647859753800855,0.3448275862068966,0.4321906288114007,1.9684098334531848,0.36666666666666664,0.002068422327226802,0.011310355536900296,0.1261024786565399
10063,10067,10079,10065,10080,2025,2025-11-14 13:40:00,2025-11-14 14:00:00,2025-11-14 15:00:00,16,0.0031021789651966246,0.008406203302367372,0.6250005078813574,0.25,0.07189223963802341,1.5130445315415773,0.6470588235294118,0.0,0.012012222235735948,-0.8500069435408562
10079,10082,10092,10081,10093,2025,2025-11-14 15:00:00,2025-11-17 09:45:00,2025-11-17 10:35:00,13,0.001957726130588275,-0.01824211428872736,-0.5975731566070511,0.23076923076923078,0.8507278529461859,1.642803732429361,0.14285714285714285,0.0007841276451974697,0.014148503713312444,-0.24185427421456232
10092,10095,10114,10094,10115,2025,2025-11-17 10:35:00,2025-11-17 10:50:00,2025-11-17 13:55:00,22,0.002157731028877449,0.006790268260718898,0.2065603099888112,0.13636363636363635,1.043488837120764,1.740929266506999,0.21739130434782608,0.09219154485705693,0.010652888518016823,-0.6401741997850686
10114,10143,10158,10116,10159,2025,2025-11-17 13:55:00,2025-11-18 10:50:00,2025-11-18 13:35:00,44,0.00202629556581806,0.00808914939681531,0.11397869588798008,0.6590909090909091,-0.48569477215317164,1.6532839125961207,0.26666666666666666,0.008653299802935414,0.01826101568299965,0.5833677985356686
10158,10160,10169,10160,10170,2025,2025-11-18 13:35:00,2025-11-18 13:45:00,2025-11-18 14:30:00,11,0.0018360796809427289,0.006409758851412751,0.4855614589807207,0.18181818181818182,1.0087809130277268,1.4213860730650056,0.3333333333333333,0.09390062948470801,0.00801750614517971,-0.822440822654941
10169,10176,10186,10171,10187,2025,2025-11-18 14:30:00,2025-11-19 09:35:00,2025-11-19 10:25:00,17,0.0018304751049305413,0.0042378026611264875,0.11659589145757811,0.4117647058823529,0.13319556527144844,1.7086778138401968,0.2777777777777778,0.04219008375933181,0.008065927401315065,0.05588962510744155
10186,10190,10207,10188,10208,2025,2025-11-19 10:25:00,2025-11-19 10:45:00,2025-11-19 13:40:00,21,0.0018739845977106913,0.00961549439755021,0.39937642576197685,0.19047619047619047,2.004885039964344,1.8181519513824995,0.13636363636363635,0.15386078965289238,0.013141358481595589,-0.7412502930908069
10207,10217,10222,10209,10223,2025,2025-11-19 13:40:00,2025-11-19 14:30:00,2025-11-19 14:55:00,15,0.001899141940967563,-0.006523785281754464,-0.34655401095221455,0.6666666666666666,-0.18517909231007046,1.6009563455276978,0.3125,0.05484788885741334,0.008535050511353504,0.4501914394484711
10222,10224,10241,10224,10242,2025,2025-11-19 14:55:00,2025-11-20 09:35:00,2025-11-20 11:00:00,19,0.0018108162167811232,0.019591225320971257,0.4413871906860715,0.10526315789473684,1.5437696560789131,1.7926909411776357,0.1,0.10835680998891171,0.014359068379540041,-0.6087611252346651
10244,10249,10255,10246,10256,2025,2025-11-20 11:15:00,2025-11-20 13:10:00,2025-11-20 13:40:00,11,0.0018812661230615166,-0.0057437340806068765,-0.3694646985858988,0.45454545454545453,0.27343443442561105,1.569466706643703,0.16666666666666666,0.012644496434167233,0.0066706299506469335,-0.18548111809026133
10255,10257,10277,10257,10278,2025,2025-11-20 13:40:00,2025-11-20 13:50:00,2025-11-21 10:00:00,22,0.0019188971305344395,0.02730726816421516,0.42233682292290303,0.09090909090909091,-0.40082741433918545,2.75585880501098,0.43478260869565216,0.025007488956508103,0.03275623954298368,-0.8359733245761551
10277,10278,10290,10279,10291,2025,2025-11-21 10:00:00,2025-11-21 10:05:00,2025-11-21 11:05:00,13,0.0031022094402917435,0.007275010802950586,0.3171944948470661,0.07692307692307693,1.1578437268122679,1.6168191760811406,0.35714285714285715,0.059264604194093636,0.01348435638472445,-0.5331992816169867
10290,10301,10326,10292,10327,2025,2025-11-21 11:05:00,2025-11-21 13:30:00,2025-11-24 10:05:00,36,0.0034538967141259347,0.009858648275599452,0.10112416325476006,0.3055555555555556,0.18723843253406677,1.4623336219527756,0.6216216216216216,0.009270200426892135,0.023817848779676964,-0.4251091950654951
10326,10333,10342,10328,10343,2025,2025-11-24 10:05:00,2025-11-24 10:40:00,2025-11-24 11:25:00,16,0.002746993908103081,-0.010450278184967252,-0.3999892924836715,0.4375,0.2724578035109171,1.672851722382363,0.4117647058823529,0.0,0.01356016382791747,0.2973924087831249
10342,10361,10365,10344,10366,2025,2025-11-24 11:25:00,2025-11-24 14:30:00,2025-11-24 14:50:00,23,0.0022708034050852224,-0.0011873664592695157,-0.03176031619281473,0.8260869565217391,-0.19916224649129663,1.2192193078326048,0.5833333333333334,0.009113155842985131,0.018573892537373737,0.6182834309273842
10365,10381,10387,10367,10388,2025,2025-11-24 14:50:00,2025-11-25 10:40:00,2025-11-25 11:10:00,22,0.002028522670827812,-0.010797178953776727,-0.23398457671415854,0.7272727272727273,-0.07039000536105552,1.7331557776085116,0.6521739130434783,0.007296904737962428,0.022003777633686994,0.5392336474251982
10387,10389,10398,10389,10399,2025,2025-11-25 11:10:00,2025-11-25 11:20:00,2025-11-25 13:35:00,11,0.002058092308707132,0.0056721562686624614,0.3310162842278543,0.18181818181818182,-0.17083340238283146,1.595203854441784,0.25,0.2088300356639844,0.009841221824150814,-0.5694429130008082
10398,10402,10408,10400,10409,2025,2025-11-25 13:35:00,2025-11-25 13:55:00,2025-11-25 14:25:00,10,0.0020496457704824527,0.002090186111240146,0.18486827129428327,0.4,0.09840536828203852,1.5472660887998593,0.45454545454545453,0.03557196901043197,0.005364865027055465,-0.3724379690977665
10408,10412,10414,10410,10415,2025,2025-11-25 14:25:00,2025-11-25 14:45:00,2025-11-25 14:55:00,6,0.001985552737030004,-0.0018675433406442963,-0.4444718041412517,0.6666666666666666,-0.720957380308615,1.4470367220138658,0.2857142857142857,0.08865543896054262,0.0024048908453062623,0.7574094817260701
10414,10425,10429,10416,10430,2025,2025-11-25 14:55:00,2025-11-26 10:20:00,2025-11-26 10:40:00,15,0.0020852351995550933,-5.941829261072915e-05,-0.0016245362936569317,0.7333333333333333,0.2527367140223913,1.4634577236374664,0.25,0.18892042729835629,0.019214244651364787,0.4864678571764849
10429,10441,10443,10431,10444,2025,2025-11-26 10:40:00,2025-11-26 13:10:00,2025-11-26 13:20:00,14,0.0021285185768148236,-0.006797839276250205,-0.2846085898232469,0.8571428571428571,0.1871891361595141,1.863409877776311,0.4,0.15445622379513063,0.0111895530721835,0.48815304393789044
10443,10444,10452,10445,10453,2025,2025-11-26 13:20:00,2025-11-26 13:25:00,2025-11-26 14:05:00,9,0.0021908063487031722,9.4957190832468e-05,0.007946771089997036,0.1111111111111111,0.43675141533297784,1.424828966333969,0.5,0.0,0.009121681026171835,-0.742352606037135
10452,10455,10459,10454,10460,2025,2025-11-26 14:05:00,2025-11-26 14:20:00,2025-11-26 14:40:00,7,0.002226178760826012,-0.002298081885565469,-0.29200765436364895,0.42857142857142855,0.38374774274959816,1.416826711450977,0.375,0.0,0.004552284950031904,0.47135178371124387
10459,10470,10489,10461,10490,2025,2025-11-26 14:40:00,2025-11-27 10:05:00,2025-11-27 13:10:00,30,0.0025891393059881743,-0.003143639139625529,-0.046342191973842574,0.36666666666666664,0.4375293151675179,1.9717634773641195,0.4838709677419355,0.01869522613728372,0.027156088374127307,0.19596271583567926
10489,10493,10513,10491,10514,2025,2025-11-27 13:10:00,2025-11-27 13:30:00,2025-11-28 09:40:00,24,0.0026449619731848087,0.010504090682431848,0.28512347852360953,0.16666666666666666,0.47778900076877734,1.634463298087394,0.44,0.06783531188313036,0.020137660560537896,-0.5363854313449417
10513,10522,10527,10515,10528,2025,2025-11-28 09:40:00,2025-11-28 10:25:00,2025-11-28 10:50:00,14,0.0023712819343877246,-0.011958804067357625,-0.41550333723229066,0.6428571428571429,0.39681537536158856,1.8154578787686741,0.26666666666666666,0.23770452964301547,0.016540112358414127,0.48689669929701185
10527,10536,10542,10529,10543,2025,2025-11-28 10:50:00,2025-11-28 13:05:00,2025-11-28 13:35:00,15,0.002254776183683487,0.001637232014400229,0.09725645540034564,0.6,-0.5456007675083997,1.8071244248430223,0.25,0.00470340446473879,0.006554971246765184,-0.058996383726712356
10542,10547,10549,10544,10550,2025,2025-11-28 13:35:00,2025-11-28 14:00:00,2025-11-28 14:10:00,7,0.002262991879705603,-0.0063231310164992005,-0.48401486490260515,0.7142857142857143,-0.9093430881473785,1.7519060129618291,0.125,0.001918434914285312,0.007743748348775448,0.4077640732543807
10549,10555,10561,10551,10562,2025,2025-11-28 14:10:00,2025-11-28 14:40:00,2025-12-01 09:40:00,12,0.002303927430993284,-0.0048655258207584,-0.24354863968751628,0.5,-0.32165647875922726,4.062677382970049,0.6153846153846154,0.019871036730350844,0.008573740454630219,-0.5479991049997022
10561,10563,10569,10563,10570,2025,2025-12-01 09:40:00,2025-12-01 09:50:00,2025-12-01 10:20:00,8,0.0024047603898877646,-0.0007670197105198277,-0.0841418035553048,0.25,0.41566359550277326,1.91928133666599,0.5555555555555556,0.0,0.004743762826859843,0.09445193999686717
10569,10584,10591,10571,10592,2025,2025-12-01 10:20:00,2025-12-01 13:05:00,2025-12-01 13:40:00,22,0.0021753638022950585,0.0027708323220169513,0.07815789712611954,0.6818181818181818,-0.30527153934971607,1.5351603794358326,0.391304347826087,0.04583908195567253,0.017347797119129815,0.6562466673909463
10591,10603,10621,10593,10622,2025,2025-12-01 13:40:00,2025-12-01 14:40:00,2025-12-02 10:40:00,30,0.001970512807729901,0.0003974293854287547,0.01616469128717393,0.4,0.4617623376989244,1.856668883073307,0.3548387096774194,0.004363993922672905,0.008285524528274912,-0.5848682801861594
10621,10622,10638,10623,10639,2025,2025-12-02 10:40:00,2025-12-02 10:45:00,2025-12-02 13:35:00,17,0.0011198016442233879,0.006174727530813039,0.38775963868910857,0.058823529411764705,0.9269674249399263,1.3912622246202149,0.16666666666666666,0.15240627205244792,0.00872502964365296,-0.7198121135665841
10638,10648,10657,10640,10658,2025,2025-12-02 13:35:00,2025-12-02 14:25:00,2025-12-03 09:40:00,19,0.0011546667286863304,-0.005092331266516198,-0.2702299997759047,0.5263157894736842,-0.13712304303798212,1.5582448869642254,0.7,0.013882382612532596,0.004643548360263594,-0.4139618740282051
10657,10663,10670,10659,10671,2025,2025-12-03 09:40:00,2025-12-03 10:10:00,2025-12-03 10:45:00,13,0.001362167531517482,-0.014078119629179455,-0.5865364169377928,0.46153846153846156,-0.1036239259564024,1.4377111736544246,0.35714285714285715,0.03166840195028477,0.009478024655573236,-0.144530456260002
10670,10671,10674,10672,10675,2025,2025-12-03 10:45:00,2025-12-03 10:50:00,2025-12-03 11:05:00,4,0.0014713000128890117,-3.046667327007927e-05,-0.006904165229009926,0.25,0.5388983588913464,1.3038666736691173,0.4,0.0,0.0020924091254359567,-0.07279786875476262
10674,10676,10680,10676,10681,2025,2025-12-03 11:05:00,2025-12-03 11:15:00,2025-12-03 13:05:00,6,0.0015182725863870847,-9.139445089710271e-05,-0.010613148342910578,0.3333333333333333,1.0014399834431065,1.041077725941598,0.14285714285714285,0.04057450487124995,0.003369503505536997,-0.002260497822878105
10680,10682,10695,10682,10696,2025,2025-12-03 13:05:00,2025-12-03 13:15:00,2025-12-03 14:20:00,15,0.0014991511260067163,0.0071386291932417495,0.5640246694870137,0.13333333333333333,0.32727620018071335,1.5598477486814744,0.5,0.0,0.008667451483859168,-0.7989346473807338
10695,10700,10709,10697,10710,2025,2025-12-03 14:20:00,2025-12-03 14:45:00,2025-12-04 10:00:00,14,0.0015271911028998458,-0.0024355164619280687,-0.09705011408949508,0.35714285714285715,-0.05757061346682164,1.7630049276128767,0.6,0.0,0.009987454866550394,-0.5922900478138939
10709,10728,10732,10711,10733,2025,2025-12-04 10:00:00,2025-12-04 13:05:00,2025-12-04 13:25:00,23,0.0018043132623327181,0.003900527078161435,0.07760757440901701,0.8260869565217391,-0.13498140017959834,1.4573907750036306,0.5416666666666666,0.004010036435778411,0.02192372463002812,0.7479803017649426
10734,10737,10738,10736,10739,2025,2025-12-04 13:35:00,2025-12-04 13:50:00,2025-12-04 13:55:00,4,0.002182887780207766,0.0002579176953423145,0.0554106795247752,0.75,0.3563657241455149,1.3695916204471799,0.4,0.12453633459672164,0.0021150231326192426,-0.0681463104169136
10738,10743,10744,10740,10745,2025,2025-12-04 13:55:00,2025-12-04 14:20:00,2025-12-04 14:25:00,6,0.002178533965666097,-0.0006067593172018055,-0.09990072564577651,0.8333333333333334,-0.6511609269443829,1.466178157768853,0.2857142857142857,0.008231263395790073,0.0033324528132094855,0.21846621854789838
10744,10749,10755,10746,10756,2025,2025-12-04 14:25:00,2025-12-04 14:50:00,2025-12-05 09:50:00,11,0.002173569394901595,-0.011756955134713388,-0.5420319838412697,0.45454545454545453,-0.5434480096315174,2.278652058370318,0.25,0.07161265291863286,0.015196013298702127,-0.4836837729517723
10755,10773,10781,10757,10782,2025,2025-12-05 09:50:00,2025-12-05 11:20:00,2025-12-05 13:30:00,26,0.002398287172659293,0.0008312051855074751,0.02054475389101194,0.6923076923076923,-0.3430249533956762,1.3264616827633475,0.48148148148148145,0.01299082560358469,0.01576723737664487,0.4007382446267452
10781,10792,10796,10783,10797,2025,2025-12-05 13:30:00,2025-12-05 14:25:00,2025-12-05 14:45:00,15,0.002188232022444035,-0.0044826221263196955,-0.2688631282702443,0.7333333333333333,0.014068172155941455,1.6369375672454025,0.625,0.007361348351569801,0.008659044039122321,0.7146704927431361
10796,10810,10812,10798,10813,2025,2025-12-05 14:45:00,2025-12-08 10:25:00,2025-12-08 10:35:00,16,0.0017532560655463601,0.013335029231754947,0.46025710256532276,0.875,-1.2115287706140618,1.9462474853955647,0.23529411764705882,0.12344365402044538,0.017160518464285346,0.7649437957605738
10812,10815,10817,10814,10818,2025,2025-12-08 10:35:00,2025-12-08 10:50:00,2025-12-08 11:00:00,5,0.0018375330792312372,0.0012791814983802617,0.20554591146647416,0.6,0.5283735837268047,1.3502410743891535,0.16666666666666666,0.0,0.003885404181446006,0.3790422665640171
10817,10830,10840,10819,10841,2025,2025-12-08 11:00:00,2025-12-08 13:35:00,2025-12-08 14:25:00,23,0.0018406640971468584,0.005669748466762792,0.17194380686086477,0.5652173913043478,0.06410035668182511,1.3353678756674552,0.3333333333333333,0.028061266667914406,0.011201407413946818,0.4428074377775249
10840,10842,10848,10842,10849,2025,2025-12-08 14:25:00,2025-12-08 14:35:00,2025-12-09 09:35:00,8,0.0019100810866360392,0.007273622995083058,0.46448350070073413,0.25,-0.28526100799558807,3.2439113877335966,0.5555555555555556,0.0,0.008262058063581712,-0.8398738579631139
10848,10855,10864,10850,10865,2025,2025-12-09 09:35:00,2025-12-09 10:10:00,2025-12-09 10:55:00,16,0.0020240554442523036,-0.009498043425551012,-0.26766463228055265,0.4375,0.3176054272113649,1.302859114434877,0.5882352941176471,0.0,0.010895395254471474,0.0457848563565469
10864,10869,10883,10866,10884,2025,2025-12-09 10:55:00,2025-12-09 11:20:00,2025-12-09 14:00:00,19,0.002137454655091297,-0.01620142352954807,-0.6066605733095344,0.2631578947368421,0.9286401223780033,1.3817130160977371,0.3,0.012151979222055713,0.010320499078697587,-0.14363356996106796
10883,10891,10903,10885,10904,2025,2025-12-09 14:00:00,2025-12-09 14:40:00,2025-12-10 10:10:00,20,0.0020962224048447493,-0.01166109649695149,-0.28289079857956545,0.4,-0.5904967319050457,3.0411231962767764,0.3333333333333333,0.15977949857093868,0.020439761560909098,-0.6657312524969476
10903,10913,10919,10905,10920,2025,2025-12-10 10:10:00,2025-12-10 11:00:00,2025-12-10 11:30:00,16,0.0026769314717746697,-0.0016794118482632266,-0.078963015536097,0.625,-0.05307127258830119,1.717079299876136,0.4117647058823529,0.0822803716227841,0.011315719027327198,0.4562700070905135
10922,10939,10973,10924,10974,2025,2025-12-10 13:15:00,2025-12-10 14:40:00,2025-12-11 13:30:00,51,0.0016025379334564755,0.019547191094957245,0.3006914485034653,0.3333333333333333,0.20645058890910492,1.4134031803943274,0.5192307692307693,0.0011463506135015041,0.015340106636211992,0.011279703668597547
10973,10981,10999,10975,11000,2025,2025-12-11 13:30:00,2025-12-11 14:10:00,2025-12-12 10:10:00,26,0.0014005986866822463,0.005032165287269371,0.1103704514868399,0.3076923076923077,0.3058263735854891,1.7909022057464377,0.5555555555555556,0.007919173077215041,0.015983934495133134,-0.6428739756145978
10999,11033,11050,11001,11051,2025,2025-12-12 10:10:00,2025-12-12 14:30:00,2025-12-15 10:25:00,51,0.0021908971272442124,0.006612529690389527,0.08356054471343403,0.6666666666666666,-0.02078975687315946,2.126855606793186,0.6538461538461539,0.0,0.026326981214538137,0.44998010781866
11050,11055,11071,11052,11072,2025,2025-12-15 10:25:00,2025-12-15 10:50:00,2025-12-15 13:40:00,21,0.0019154252610993022,-0.004224096959061768,-0.14977444838716877,0.23809523809523808,0.26195739780471816,1.37394791269861,0.4090909090909091,0.00973130942990652,0.010695931346466736,-0.4018174795908216
11071,11073,11096,11073,11097,2025,2025-12-15 13:40:00,2025-12-15 13:50:00,2025-12-16 10:15:00,25,0.001604801602973277,0.017575947179348603,0.5386178968665675,0.08,0.0683178234433695,2.5405094451258314,0.46153846153846156,0.17327809132702235,0.02049161628861551,-0.8514436565246399
11096,11098,11111,11098,11112,2025,2025-12-16 10:15:00,2025-12-16 10:25:00,2025-12-16 11:30:00,15,0.00193904710206163,0.004597040789730482,0.1631908047478618,0.13333333333333333,1.4147170046343909,1.5001641271241668,0.125,0.16693471885376782,0.013376686056961518,-0.604949375089881
11111,11112,11116,11113,11117,2025,2025-12-16 11:30:00,2025-12-16 13:05:00,2025-12-16 13:25:00,5,0.0019610847223452983,0.003518674285934439,0.46395546695469014,0.2,-0.06921481008208125,1.850351287830112,0.5,0.0,0.005543139865919144,-0.5858680937850923
11116,11122,11123,11118,11124,2025,2025-12-16 13:25:00,2025-12-16 13:55:00,2025-12-16 14:00:00,7,0.0021118000990036374,-0.010356328282492475,-0.8248824753607917,0.8571428571428571,-0.16354709166580153,1.3797217148054455,0.25,0.09571081756015992,0.008847904152449182,0.5854737142851667
11123,11126,11133,11125,11134,2025,2025-12-16 14:00:00,2025-12-16 14:15:00,2025-12-16 14:50:00,10,0.002197653447926907,-0.001205461814612511,-0.11903054589466318,0.3,0.5203016060202864,1.5881763949975758,0.36363636363636365,0.0548720355989586,0.003913355540102081,-0.3495572224973278
11133,11138,11143,11135,11144,2025,2025-12-16 14:50:00,2025-12-17 09:45:00,2025-12-17 10:10:00,10,0.0022022460653621867,-0.014763498086267422,-0.7471365348020694,0.5,-0.009969453229543568,1.6914185494126321,0.18181818181818182,0.0,0.010996107699945412,-0.17036269597710532
11143,11154,11157,11145,11158,2025,2025-12-17 10:10:00,2025-12-17 11:05:00,2025-12-17 11:20:00,14,0.002037829592980813,-0.007734629989129816,-0.4184586560351087,0.7857142857142857,-0.005563149749897035,1.3201200348199713,0.7333333333333333,0.0,0.00804896981436265,0.5005267337886884
11157,11161,11162,11159,11163,2025,2025-12-17 11:20:00,2025-12-17 13:10:00,2025-12-17 13:15:00,5,0.0019993264624403257,0.0015188490508865203,0.19981022435444934,0.8,-0.03885322880432466,1.2100630441032463,0.5,0.0,0.0034666886275180886,0.5026555472985142
11162,11179,11193,11164,11194,2025,2025-12-17 13:15:00,2025-12-17 14:40:00,2025-12-18 10:20:00,31,0.001974298501846084,0.016879655464440906,0.31855105285298335,0.5483870967741935,0.3324473667911447,1.8280001107287163,0.40625,0.014434298120410966,0.023409458508949932,0.5389171735222172
11193,11195,11202,11195,11203,2025,2025-12-18 10:20:00,2025-12-18 10:30:00,2025-12-18 11:05:00,9,0.002048901048969154,0.002140064561728293,0.13755483505535854,0.2222222222222222,0.2019778496782431,1.1660909254301244,0.4,0.0,0.005451759468280137,-0.4148875619897103
11202,11211,11229,11204,11230,2025,2025-12-18 11:05:00,2025-12-18 13:20:00,2025-12-18 14:50:00,27,0.001989727994609835,-0.004898130654276375,-0.1920162527238438,0.3333333333333333,0.744123092988469,1.8644585069489374,0.21428571428571427,0.011033580224616254,0.008540646403770502,-0.414952587050593
11229,11242,11254,11231,11255,2025,2025-12-18 14:50:00,2025-12-19 10:25:00,2025-12-19 11:25:00,25,0.001682255935440307,-0.0035296494513783424,-0.08029511052115136,0.52,0.020877061737204404,1.7752448714374665,0.19230769230769232,0.018793006672227257,0.01300873409915937,0.3485839440452069
11254,11256,11268,11256,11269,2025,2025-12-19 11:25:00,2025-12-19 13:05:00,2025-12-19 14:05:00,14,0.0016362084651842885,0.003807784222711683,0.3641107400645325,0.14285714285714285,0.30392912935105204,1.6228111092431208,0.3333333333333333,0.0,0.006629555413320887,-0.5674803875064118
11268,11272,11274,11270,11275,2025,2025-12-19 14:05:00,2025-12-19 14:25:00,2025-12-19 14:35:00,6,0.0015472353520668233,-0.0007184073066823799,-0.180913242199196,0.6666666666666666,-0.05608425625889256,1.410648360467392,0.42857142857142855,0.0,0.0021003035975644124,0.39661493158229105
11274,11287,11294,11276,11295,2025,2025-12-19 14:35:00,2025-12-22 10:10:00,2025-12-22 10:45:00,20,0.0018850239549743936,-0.009399248759699531,-0.3719920876068557,0.65,0.30171991731793923,3.847065738688094,0.42857142857142855,0.10900720521140568,0.015419283805397477,0.7109894316095824
11294,11302,11306,11296,11307,2025,2025-12-22 10:45:00,2025-12-22 11:25:00,2025-12-22 13:15:00,12,0.001824484749834846,-0.004089883825891341,-0.294704178528909,0.6666666666666666,-0.20651532647262458,1.6123965722084157,0.3076923076923077,0.06292692837540251,0.009306661915130299,0.5191550919646047
11306,11320,11324,11308,11325,2025,2025-12-22 13:15:00,2025-12-22 14:25:00,2025-12-22 14:45:00,18,0.0018355149737055909,0.003392989082637898,0.2503919283665812,0.7777777777777778,-0.15017564899741934,1.250338696820939,0.631578947368421,0.0007403576129837683,0.005586334417667871,0.6046946513679936
11324,11333,11342,11326,11343,2025,2025-12-22 14:45:00,2025-12-23 10:00:00,2025-12-23 10:45:00,18,0.0013147463009355364,-0.009307174156598765,-0.4553177337013211,0.5,0.3950846028018995,1.9463666198333818,0.3684210526315789,0.01372135167292563,0.009608859106637446,0.2601650210247301
11342,11353,11355,11344,11356,2025,2025-12-23 10:45:00,2025-12-23 13:10:00,2025-12-23 13:20:00,13,0.0012504122677973423,-0.004319000520071351,-0.4190550007749159,0.8461538461538461,-0.14486500291377918,1.2988029342881446,0.42857142857142855,0.0,0.00470585594187245,0.7247168065934011
11355,11360,11371,11357,11372,2025,2025-12-23 13:20:00,2025-12-23 13:45:00,2025-12-23 14:40:00,16,0.001214681355005467,0.0034400833815190564,0.254792324996686,0.3125,0.08567172846459353,1.4082132239798062,0.5882352941176471,0.0,0.008636430877115409,-0.6270896223373307
11371,11378,11384,11373,11385,2025,2025-12-23 14:40:00,2025-12-24 09:45:00,2025-12-24 10:15:00,13,0.0012409147234944753,-0.007153238838624419,-0.3134265024049299,0.5384615384615384,0.05318702366649131,1.4120782976407642,0.35714285714285715,0.0,0.0063192543549144276,-0.06046301141477327
11384,11409,11410,11386,11411,2025,2025-12-24 10:15:00,2025-12-24 13:50:00,2025-12-24 13:55:00,26,0.001310563714816903,0.0016590936430713205,0.058607425991804754,0.9615384615384616,-0.42063873783726,1.6003061016920523,0.2962962962962963,0.05870223553999425,0.013185466106173216,0.7785309300829772
11410,11416,11418,11412,11419,2025,2025-12-24 13:55:00,2025-12-24 14:25:00,2025-12-24 14:35:00,8,0.001428200427951705,0.0016526050812259367,0.3652538650251808,0.75,0.092959602845206,1.3699477106438813,0.6666666666666666,0.0,0.0025776837353364,0.6209930293758354
11418,11423,11433,11420,11434,2025,2025-12-24 14:35:00,2025-12-24 15:00:00,2025-12-25 10:20:00,15,0.0013562510980616657,-0.0013874605153623766,-0.055868555243529454,0.3333333333333333,-0.1889977313193205,1.8644638987430617,0.1875,0.06490957999832597,0.009581657678348954,-0.6387485713630698
11433,11441,11446,11435,11447,2025,2025-12-25 10:20:00,2025-12-25 11:00:00,2025-12-25 11:25:00,13,0.0013830602601727258,-0.003749138812924936,-0.3354513371962847,0.6153846153846154,0.12498655084602389,1.4264879555773693,0.5,0.0,0.003881507505541393,0.3778507953387003
11446,11460,11471,11448,11472,2025,2025-12-25 11:25:00,2025-12-25 14:05:00,2025-12-25 15:00:00,25,0.001263983426523414,-0.0011229427044015129,-0.05701496841000268,0.56,0.18001610062960113,1.4935885214942615,0.5769230769230769,0.0031179379340552224,0.007005607168161454,0.5151606401600117
11471,11477,11482,11473,11483,2025,2025-12-25 15:00:00,2025-12-26 10:00:00,2025-12-26 10:25:00,11,0.0013813819347014006,-0.006535409934243799,-0.31864073504060314,0.5454545454545454,0.056032780401442765,1.2677968460810767,0.4166666666666667,0.08423214984072354,0.007566259055334257,-0.003918807744647184
11482,11487,11496,11484,11497,2025,2025-12-26 10:25:00,2025-12-26 10:50:00,2025-12-26 13:05:00,14,0.0014055248032159057,0.004755014717300202,0.24216885280899242,0.35714285714285715,-0.347455567461985,2.0123166872604448,0.4666666666666667,0.06082512308399904,0.00930273798691772,-0.509589531757628
11496,11501,11502,11498,11503,2025,2025-12-26 13:05:00,2025-12-26 13:30:00,2025-12-26 13:35:00,6,0.0016664823962975856,-0.0016668282784935828,-0.34392560336790606,0.8333333333333334,-0.33698489966130396,1.0288834185880835,0.42857142857142855,0.0,0.0033534247851445542,0.5436532536997319
11502,11508,11513,11504,11514,2025,2025-12-26 13:35:00,2025-12-26 14:05:00,2025-12-26 14:30:00,11,0.0016612014639602272,-0.00251846874995021,-0.24104448171554585,0.5454545454545454,0.10735277442234076,1.8113110856565637,0.08333333333333333,0.10523601846141484,0.0038236137742178045,0.0660995758728659
11513,11537,11562,11515,11563,2025,2025-12-26 14:30:00,2025-12-29 11:00:00,2025-12-29 14:35:00,49,0.0018887069165698042,0.012288154571064585,0.2250554649298079,0.4897959183673469,0.32959216056706053,2.6086890812981967,0.46,6.125136741291662e-05,0.014873760901041422,-0.10402012046129966
11562,11574,11583,11564,11584,2025,2025-12-29 14:35:00,2025-12-30 10:05:00,2025-12-30 10:50:00,21,0.0018015835095867658,-0.011126379956579377,-0.3614721592482948,0.5714285714285714,0.0008099727063759492,2.4959287675336954,0.5,0.0,0.015181748789285798,0.5031142107867007
11583,11586,11590,11585,11591,2025,2025-12-30 10:50:00,2025-12-30 11:05:00,2025-12-30 11:25:00,7,0.0017946412999991974,0.0005911563189418433,0.06848734696732252,0.42857142857142855,0.5593539228787943,1.1078715485952333,0.375,0.0,0.004094511336483642,-0.17146187937569338
11590,11601,11603,11592,11604,2025,2025-12-30 11:25:00,2025-12-30 13:50:00,2025-12-30 14:00:00,13,0.0019006211290557803,-0.00482260932179121,-0.26897741622791704,0.8461538461538461,0.355209683063864,2.00155389426568,0.35714285714285715,0.04717187001470778,0.009582480554643169,0.6046226293881819
