trade,first_interval_index,last_interval_index,first_booking,last_booking,direction,bars,pnl_log,mfe_log,mae_log,giveback_log,losing_never_favorable,losing_after_favorable,boundary_clipped
0,0,1,2022-01-04 09:35:00,2022-01-04 09:40:00,1.0,2,-0.005401056757618912,0.0038910138227745052,-0.005401056757618912,0.009292070580393417,False,True,True
1,2,24,2022-01-04 09:45:00,2022-01-04 13:05:00,-1.0,23,0.016219609139074033,0.02033613744293695,0.0,0.004116528303862919,False,False,False
2,25,39,2022-01-04 13:10:00,2022-01-04 14:20:00,1.0,15,-0.0015801489798067138,0.002387428808439836,-0.0016533645337518186,0.0039675777882465495,False,True,False
3,40,88,2022-01-04 14:25:00,2022-01-05 14:25:00,-1.0,49,0.0240668383573371,0.027740896083345703,0.0,0.003674057726008602,False,False,False
4,89,97,2022-01-05 14:30:00,2022-01-06 09:40:00,1.0,9,-0.004261354071533564,0.0010419049061308932,-0.004283949282103138,0.005303258977664457,False,True,False
5,98,110,2022-01-06 09:45:00,2022-01-06 10:45:00,-1.0,13,0.006862231147128345,0.011872295946737017,-0.0004141550731069955,0.005010064799608672,False,False,False
6,111,138,2022-01-06 10:50:00,2022-01-06 14:35:00,1.0,28,0.0034747885932897857,0.0076527420465258835,-0.0024600818766775797,0.004177953453236098,False,False,False
7,139,147,2022-01-06 14:40:00,2022-01-07 09:50:00,-1.0,9,-0.001442386001414278,0.0006123212836885909,-0.005967467979981181,0.0020547072851028686,False,True,False
8,148,152,2022-01-07 09:55:00,2022-01-07 10:15:00,1.0,5,-0.004788263175628198,0.0,-0.004788263175628198,0.004788263175628198,True,False,False
9,153,172,2022-01-07 10:20:00,2022-01-07 13:25:00,-1.0,20,-5.3076342749097324e-05,0.0065041745560501804,-5.3076342749097324e-05,0.006557250898799278,False,True,False
10,173,180,2022-01-07 13:30:00,2022-01-07 14:05:00,1.0,8,-0.003524313027565516,0.0004320882436887677,-0.003524313027565516,0.003956401271254284,False,True,False
11,181,199,2022-01-07 14:10:00,2022-01-10 10:10:00,-1.0,19,0.000829714481205601,0.01741537063535032,0.0,0.01658565615414472,False,False,False
12,200,221,2022-01-10 10:15:00,2022-01-10 13:30:00,1.0,22,0.0029427553087708644,0.0071328061050157125,0.0,0.0041900507962448486,False,False,False
13,222,264,2022-01-10 13:35:00,2022-01-11 13:05:00,-1.0,43,0.01304570678164585,0.016575113144056706,-0.001130693903544619,0.003529406362410857,False,False,False
14,265,270,2022-01-11 13:10:00,2022-01-11 13:35:00,1.0,6,-0.002804013731150745,0.0,-0.002804013731150745,0.002804013731150745,True,False,False
15,271,289,2022-01-11 13:40:00,2022-01-12 09:40:00,-1.0,19,-0.006696547983983345,0.0029434167177643184,-0.006696547983983345,0.009639964701747664,False,True,False
16,290,303,2022-01-12 09:45:00,2022-01-12 10:50:00,1.0,14,0.0005285837526116711,0.00671289536139622,-0.002470425217994487,0.006184311608784549,False,False,False
17,304,316,2022-01-12 10:55:00,2022-01-12 13:25:00,-1.0,13,-0.0023484334815747215,0.0026073234506667734,-0.0023484334815747215,0.0049557569322414945,False,True,False
18,317,338,2022-01-12 13:30:00,2022-01-13 09:45:00,1.0,22,-0.007700782819059032,0.0079148656324337,-0.007700782819059032,0.015615648451492731,False,True,False
19,339,349,2022-01-13 09:50:00,2022-01-13 10:40:00,-1.0,11,-0.0060031193744997475,0.0007548565360823748,-0.0060031193744997475,0.006757975910582122,False,True,False
20,350,364,2022-01-13 10:45:00,2022-01-13 13:25:00,1.0,15,-0.0034884781542982206,0.0035526187285269766,-0.0034884781542982206,0.007041096882825197,False,True,False
21,365,387,2022-01-13 13:30:00,2022-01-14 09:50:00,-1.0,23,0.0037319362024078456,0.009755421967846699,-0.00019199090790026965,0.006023485765438853,False,False,False
22,388,404,2022-01-14 09:55:00,2022-01-14 11:15:00,1.0,17,0.009216018574371935,0.012814845216545778,0.0,0.003598826642173843,False,False,False
23,405,412,2022-01-14 11:20:00,2022-01-14 13:25:00,-1.0,8,-0.003568382461576457,0.0004660490963929258,-0.003568382461576457,0.004034431557969382,False,True,False
24,413,424,2022-01-14 13:30:00,2022-01-14 14:25:00,1.0,12,-0.0006852392133574233,0.0014754761847186727,-0.0009823220902383317,0.002160715398076096,False,True,False
25,425,434,2022-01-14 14:30:00,2022-01-17 09:45:00,-1.0,10,-0.010003417862789476,0.0,-0.010003417862789476,0.010003417862789476,True,False,False
26,435,449,2022-01-17 09:50:00,2022-01-17 11:00:00,1.0,15,0.00464924666689912,0.0073625864120056995,-0.0020909218615936154,0.0027133397451065792,False,False,False
27,450,453,2022-01-17 11:05:00,2022-01-17 11:20:00,-1.0,4,-0.0032296889433288413,0.0,-0.0032296889433288413,0.0032296889433288413,True,False,False
28,454,482,2022-01-17 11:25:00,2022-01-18 09:45:00,1.0,29,0.001510100013357371,0.0028090535680521185,-0.0009131463764358275,0.0012989535546947474,False,False,False
29,483,483,2022-01-18 09:50:00,2022-01-18 09:50:00,-1.0,1,-0.007345941987723551,0.0,-0.007345941987723551,0.007345941987723551,True,False,False
30,484,496,2022-01-18 09:55:00,2022-01-18 10:55:00,1.0,13,0.002207359251267145,0.009784828320946832,0.0,0.007577469069679687,False,False,False
31,497,528,2022-01-18 11:00:00,2022-01-19 09:35:00,-1.0,32,0.008030560609303038,0.008590122226040282,-0.0011461997343003901,0.0005595616167372447,False,False,False
32,529,530,2022-01-19 09:40:00,2022-01-19 09:45:00,1.0,2,-0.004710077788684502,0.0,-0.005272281943563981,0.004710077788684502,True,False,False
33,531,537,2022-01-19 09:50:00,2022-01-19 10:20:00,-1.0,7,-0.0007566025164005657,0.004348437023648786,-0.001280644841066721,0.005105039540049352,False,True,False
34,538,543,2022-01-19 10:25:00,2022-01-19 10:50:00,1.0,6,-0.004352661991616913,0.0,-0.00466859161716004,0.004352661991616913,True,False,False
35,544,572,2022-01-19 10:55:00,2022-01-19 14:45:00,-1.0,29,0.003593941641287632,0.008224034873386011,0.0,0.004630093232098379,False,False,False
36,573,579,2022-01-19 14:50:00,2022-01-20 09:50:00,1.0,7,-0.0020400460418602768,0.0013501844411486189,-0.0027436933090774613,0.0033902304830088956,False,True,False
37,580,600,2022-01-20 09:55:00,2022-01-20 13:05:00,-1.0,21,0.006168058793960091,0.008507134211762092,-0.004482620401525836,0.002339075417802001,False,False,False
38,601,607,2022-01-20 13:10:00,2022-01-20 13:40:00,1.0,7,-0.0013326786143228564,0.0010116492645999432,-0.0014317485005876862,0.0023443278789227993,False,True,False
39,608,658,2022-01-20 13:45:00,2022-01-21 13:55:00,-1.0,51,0.012938934265735145,0.017426369262188098,0.0,0.004487434996452953,False,False,False
40,659,669,2022-01-21 14:00:00,2022-01-21 14:50:00,1.0,11,-0.004456418107754441,0.0,-0.004456418107754441,0.004456418107754441,True,False,False
41,670,674,2022-01-21 14:55:00,2022-01-24 09:45:00,-1.0,5,-0.013325417272951827,0.0027176250720944897,-0.013325417272951827,0.01604304234504632,False,True,False
42,675,680,2022-01-24 09:50:00,2022-01-24 10:15:00,1.0,6,-0.006124582635155082,0.0005354588627811793,-0.006124582635155082,0.006660041497936262,False,True,False
43,681,688,2022-01-24 10:20:00,2022-01-24 10:55:00,-1.0,8,-0.0021609325792921736,0.0028679381310393708,-0.0021609325792921736,0.005028870710331545,False,True,False
44,689,708,2022-01-24 11:00:00,2022-01-24 14:05:00,1.0,20,0.003343689606319549,0.00734751539431245,-0.0006377967796150243,0.004003825787992901,False,False,False
45,709,724,2022-01-24 14:10:00,2022-01-25 09:55:00,-1.0,16,-0.002683723803464098,0.0016857854003433843,-0.002683723803464098,0.004369509203807482,False,True,False
46,725,727,2022-01-25 10:00:00,2022-01-25 10:10:00,1.0,3,-0.006657523469360887,0.0,-0.006657523469360887,0.006657523469360887,True,False,False
47,728,739,2022-01-25 10:15:00,2022-01-25 11:10:00,-1.0,12,0.003943350329770097,0.007646671698378149,0.0,0.003703321368608053,False,False,False
48,740,744,2022-01-25 11:15:00,2022-01-25 13:05:00,1.0,5,-0.003215461707635401,0.00031634948394081955,-0.003215461707635401,0.0035318111915762203,False,True,False
49,745,770,2022-01-25 13:10:00,2022-01-26 09:45:00,-1.0,26,0.005667629028185907,0.011422377728629562,0.0,0.005754748700443655,False,False,False
50,771,772,2022-01-26 09:50:00,2022-01-26 09:55:00,1.0,2,-0.00845219717125155,0.0,-0.00845219717125155,0.00845219717125155,True,False,False
51,773,777,2022-01-26 10:00:00,2022-01-26 10:20:00,-1.0,5,-0.004606353620883915,0.006103895109529818,-0.004606353620883915,0.010710248730413733,False,True,False
52,778,781,2022-01-26 10:25:00,2022-01-26 10:40:00,1.0,4,-0.008012064816269784,0.0,-0.008012064816269784,0.008012064816269784,True,False,False
53,782,801,2022-01-26 10:45:00,2022-01-26 13:50:00,-1.0,20,-0.0022036321612625394,0.005514574627320568,-0.002973757619751459,0.007718206788583108,False,True,False
54,802,820,2022-01-26 13:55:00,2022-01-27 09:55:00,1.0,19,-0.0007785865509100761,0.005589562959769064,-0.0011090792240630266,0.00636814951067914,False,True,False
55,821,851,2022-01-27 10:00:00,2022-01-27 14:00:00,-1.0,31,0.012723795078998682,0.019640253772525616,0.0,0.006916458693526934,False,False,False
56,852,856,2022-01-27 14:05:00,2022-01-27 14:25:00,1.0,5,-0.005946071464984599,0.0,-0.005946071464984599,0.005946071464984599,True,False,False
57,857,866,2022-01-27 14:30:00,2022-01-28 09:45:00,-1.0,10,-0.002881546501719036,0.006191323006448159,-0.005124997725499516,0.009072869508167195,False,True,False
58,867,870,2022-01-28 09:50:00,2022-01-28 10:05:00,1.0,4,-0.0089196344331653,0.0,-0.0089196344331653,0.0089196344331653,True,False,False
59,871,881,2022-01-28 10:10:00,2022-01-28 11:00:00,-1.0,11,-0.005813619239877748,0.008145859988806507,-0.005813619239877748,0.013959479228684256,False,True,False
60,882,901,2022-01-28 11:05:00,2022-01-28 14:10:00,1.0,20,-0.0023760416389661857,0.003944904553037011,-0.0038800371611581734,0.006320946192003197,False,True,False
61,902,914,2022-01-28 14:15:00,2022-02-07 09:45:00,-1.0,13,-0.013530277891986194,0.011575307277066824,-0.013530277891986194,0.025105585169053018,False,True,False
62,915,920,2022-02-07 09:50:00,2022-02-07 10:15:00,1.0,6,-0.01505842012962259,0.0,-0.01505842012962259,0.01505842012962259,True,False,False
63,921,989,2022-02-07 10:20:00,2022-02-08 13:30:00,-1.0,69,0.03439043988951216,0.0407669945168874,0.0,0.006376554627375242,False,False,False
64,990,1014,2022-02-08 13:35:00,2022-02-09 10:05:00,1.0,25,-0.0025106674794625793,0.0072297772051693136,-0.0025106674794625793,0.009740444684631894,False,True,False
65,1015,1022,2022-02-09 10:10:00,2022-02-09 10:45:00,-1.0,8,-0.0063852233442770225,0.0010277707889786664,-0.0063852233442770225,0.007412994133255689,False,True,False
66,1023,1027,2022-02-09 10:50:00,2022-02-09 11:10:00,1.0,5,-0.005016503384311543,0.0,-0.005266739024176947,0.005016503384311543,True,False,False
67,1028,1034,2022-02-09 11:15:00,2022-02-09 13:15:00,-1.0,7,-0.004559986599391506,0.0,-0.004559986599391506,0.004559986599391506,True,False,False
68,1035,1041,2022-02-09 13:20:00,2022-02-09 13:50:00,1.0,7,-0.0010964913379284916,0.0013025966655128831,-0.0021026656739011823,0.0023990880034413745,False,True,False
69,1042,1047,2022-02-09 13:55:00,2022-02-09 14:20:00,-1.0,6,-0.004238085191643197,0.0006318590166990506,-0.004238085191643197,0.004869944208342247,False,True,False
70,1048,1060,2022-02-09 14:25:00,2022-02-10 09:55:00,1.0,13,-0.005768536474352618,0.005521478825176277,-0.005768536474352618,0.011290015299528895,False,True,False
71,1061,1094,2022-02-10 10:00:00,2022-02-10 14:15:00,-1.0,34,0.011385258682851493,0.015603819830893454,0.0,0.0042185611480419615,False,False,False
72,1095,1106,2022-02-10 14:20:00,2022-02-11 09:45:00,1.0,12,-0.005783950297592785,0.0006817349998288434,-0.005783950297592785,0.006465685297421629,False,True,False
73,1107,1124,2022-02-11 09:50:00,2022-02-11 11:15:00,-1.0,18,0.0012201633482089884,0.0028918298455242472,-0.003972149504499296,0.0016716664973152589,False,False,False
74,1125,1129,2022-02-11 11:20:00,2022-02-11 13:10:00,1.0,5,-0.002257835475178376,0.00029670446333996433,-0.002257835475178376,0.00255453993851834,False,True,False
75,1130,1158,2022-02-11 13:15:00,2022-02-14 10:05:00,-1.0,29,-0.001460536072477897,0.012785437330908096,-0.001460536072477897,0.014245973403385993,False,True,False
76,1159,1169,2022-02-14 10:10:00,2022-02-14 11:00:00,1.0,11,-0.0055819005920715245,0.0,-0.0055819005920715245,0.0055819005920715245,True,False,False
77,1170,1200,2022-02-14 11:05:00,2022-02-15 09:35:00,-1.0,31,-0.0006994438853507477,0.008354267469857967,-0.0012450115876367974,0.009053711355208716,False,True,False
78,1201,1226,2022-02-15 09:40:00,2022-02-15 13:15:00,1.0,26,0.01716972669081046,0.02431049641304524,0.0,0.007140769722234781,False,False,False
79,1227,1235,2022-02-15 13:20:00,2022-02-15 14:00:00,-1.0,9,-0.005700021283318622,0.0,-0.005700021283318622,0.005700021283318622,True,False,False
80,1236,1252,2022-02-15 14:05:00,2022-02-16 09:55:00,1.0,17,0.0030289940943181927,0.008729186830610306,-0.0033893526732242324,0.005700192736292114,False,False,False
81,1253,1256,2022-02-16 10:00:00,2022-02-16 10:15:00,-1.0,4,-0.0012372488157473907,0.0005319060646342441,-0.0012372488157473907,0.0017691548803816348,False,True,False
82,1257,1259,2022-02-16 10:20:00,2022-02-16 10:30:00,1.0,3,-0.003558101335474853,0.0,-0.003932937349109664,0.003558101335474853,True,False,False
83,1260,1263,2022-02-16 10:35:00,2022-02-16 10:50:00,-1.0,4,-0.004395903688021645,0.0,-0.004395903688021645,0.004395903688021645,True,False,False
84,1264,1278,2022-02-16 10:55:00,2022-02-16 13:35:00,1.0,15,-0.003879692995993611,0.0,-0.003879692995993611,0.003879692995993611,True,False,False
85,1279,1299,2022-02-16 13:40:00,2022-02-17 09:50:00,-1.0,21,0.0014994130109336552,0.00397837028103073,-0.000931834700059919,0.002478957270097075,False,False,False
86,1300,1322,2022-02-17 09:55:00,2022-02-17 13:15:00,1.0,23,0.0063984529673297074,0.014072264471122945,-0.0019191941939946133,0.007673811503793238,False,False,False
87,1323,1353,2022-02-17 13:20:00,2022-02-18 10:20:00,-1.0,31,0.0031691803255832337,0.00814226350913634,-0.004825697893039483,0.0049730831835531055,False,False,False
88,1354,1367,2022-02-18 10:25:00,2022-02-18 11:30:00,1.0,14,-0.002554258553322664,0.0020586216170446754,-0.0032792918157736285,0.00461288017036734,False,True,False
89,1368,1389,2022-02-18 13:05:00,2022-02-18 14:50:00,-1.0,22,-0.001989056686409436,0.0016007740491206898,-0.0026872008150324533,0.003589830735530126,False,True,False
90,1390,1399,2022-02-18 14:55:00,2022-02-21 10:10:00,1.0,10,-0.0012312506235043102,0.007091699494696605,-0.0012312506235043102,0.008322950118200915,False,True,False
91,1400,1419,2022-02-21 10:15:00,2022-02-21 13:20:00,-1.0,20,0.0019247840561042813,0.006765586596556239,-0.00029963295187844443,0.0048408025404519574,False,False,False
92,1420,1427,2022-02-21 13:25:00,2022-02-21 14:00:00,1.0,8,-0.003601198719862499,0.0,-0.003601198719862499,0.003601198719862499,True,False,False
93,1428,1453,2022-02-21 14:05:00,2022-02-22 10:40:00,-1.0,26,0.01241488193519968,0.021789751030525745,0.0,0.009374869095326064,False,False,False
94,1454,1467,2022-02-22 10:45:00,2022-02-22 13:20:00,1.0,14,-0.0015012152482840628,0.004431109529262997,-0.002138003817796874,0.00593232477754706,False,True,False
95,1468,1485,2022-02-22 13:25:00,2022-02-22 14:50:00,-1.0,18,-0.003913700388034064,0.002149725314771664,-0.003913700388034064,0.006063425702805728,False,True,False
96,1486,1539,2022-02-22 14:55:00,2022-02-24 09:50:00,1.0,54,0.03413402773697799,0.04143662830003777,-0.0003044140053947001,0.007302600563059779,False,False,False
97,1540,1543,2022-02-24 09:55:00,2022-02-24 10:10:00,-1.0,4,-0.007440486288455704,0.0,-0.007440486288455704,0.007440486288455704,True,False,False
98,1544,1550,2022-02-24 10:15:00,2022-02-24 10:45:00,1.0,7,0.00137781257613258,0.004741416093461156,0.0,0.0033636035173285764,False,False,False
99,1551,1581,2022-02-24 10:50:00,2022-02-24 14:50:00,-1.0,31,0.015129795225871802,0.02779028704773529,-0.0024348921384695493,0.012660491821863486,False,False,False
100,1582,1606,2022-02-24 14:55:00,2022-02-25 11:25:00,1.0,25,0.022022700414724563,0.029826601889896838,-1.6445475027795876e-05,0.007803901475172275,False,False,False
101,1607,1633,2022-02-25 11:30:00,2022-02-28 09:40:00,-1.0,27,0.00016892911050740028,0.005840563226339576,-0.0006030854031078303,0.005671634115832176,False,False,False
102,1634,1636,2022-02-28 09:45:00,2022-02-28 09:55:00,1.0,3,-0.0036994541376041573,0.0,-0.007274873325639647,0.0036994541376041573,True,False,False
103,1637,1642,2022-02-28 10:00:00,2022-02-28 10:25:00,-1.0,6,-0.005379431061281081,0.0023201397640619705,-0.005379431061281081,0.007699570825343052,False,True,False
104,1643,1650,2022-02-28 10:30:00,2022-02-28 11:05:00,1.0,8,-0.00424960598326234,0.0013002441795909368,-0.00424960598326234,0.005549850162853276,False,True,False
105,1651,1663,2022-02-28 11:10:00,2022-02-28 13:40:00,-1.0,13,-0.0027144271871157727,0.0017679330691549387,-0.0027144271871157727,0.004482360256270712,False,True,False
106,1664,1684,2022-02-28 13:45:00,2022-03-01 09:55:00,1.0,21,0.0004181879654975122,0.009701819530286244,0.0,0.009283631564788732,False,False,False
107,1685,1713,2022-03-01 10:00:00,2022-03-01 13:50:00,-1.0,29,0.0037215789564333307,0.007643390439908563,-0.001662978238326511,0.003921811483475232,False,False,False
108,1714,1729,2022-03-01 13:55:00,2022-03-02 09:40:00,1.0,16,-0.011730220753436422,0.0017739078994552086,-0.011730220753436422,0.01350412865289163,False,True,False
109,1730,1745,2022-03-02 09:45:00,2022-03-02 11:00:00,-1.0,16,-0.0007019950005853497,0.005371030703404022,-0.0007019950005853497,0.006073025703989372,False,True,False
110,1746,1762,2022-03-02 11:05:00,2022-03-02 13:55:00,1.0,17,0.0006199577648420654,0.006782278291497201,-0.0007101606322580957,0.006162320526655135,False,False,False
111,1763,1772,2022-03-02 14:00:00,2022-03-02 14:45:00,-1.0,10,-0.003679197983562965,0.0,-0.003679197983562965,0.003679197983562965,True,False,False
112,1773,1779,2022-03-02 14:50:00,2022-03-03 09:50:00,1.0,7,-0.00869063337608519,0.00419175641641311,-0.00869063337608519,0.0128823897924983,False,True,False
113,1780,1785,2022-03-03 09:55:00,2022-03-03 10:20:00,-1.0,6,-0.0030196792955125397,0.0015255783341224963,-0.005378334568669296,0.0045452576296350355,False,True,False
114,1786,1789,2022-03-03 10:25:00,2022-03-03 10:40:00,1.0,4,-0.003979045695336531,0.0,-0.003979045695336531,0.003979045695336531,True,False,False
115,1790,1828,2022-03-03 10:45:00,2022-03-04 09:55:00,-1.0,39,0.003007051578223538,0.014751785017398624,-0.002007876464919017,0.011744733439175085,False,False,False
116,1829,1841,2022-03-04 10:00:00,2022-03-04 11:00:00,1.0,13,0.004638246277455782,0.009556677395698593,0.0,0.004918431118242811,False,False,False
117,1842,1884,2022-03-04 11:05:00,2022-03-07 10:35:00,-1.0,43,0.03099230858147532,0.038828967067861334,0.0,0.007836658486386015,False,False,False
118,1885,1893,2022-03-07 10:40:00,2022-03-07 11:20:00,1.0,9,-0.004835529748693763,8.447729677663186e-05,-0.004835529748693763,0.004920007045470395,False,True,False
119,1894,1921,2022-03-07 11:25:00,2022-03-08 09:40:00,-1.0,28,0.006344415433929458,0.011105676740689008,-0.0007806865346227483,0.00476126130675955,False,False,False
120,1922,1927,2022-03-08 09:45:00,2022-03-08 10:10:00,1.0,6,-0.006797703136335652,0.005648072057568666,-0.008037063303237368,0.012445775193904319,False,True,False
121,1928,1948,2022-03-08 10:15:00,2022-03-08 13:25:00,-1.0,21,0.00898564033149323,0.019963829337308555,0.0,0.010978189005815325,False,False,False
122,1949,1958,2022-03-08 13:30:00,2022-03-08 14:15:00,1.0,10,0.0011709755563284812,0.010275009235193516,-0.0005469248635545841,0.009104033678865035,False,False,False
123,1959,1971,2022-03-08 14:20:00,2022-03-09 09:50:00,-1.0,13,-0.0017236082236546661,0.01619373058147225,-0.0017236082236546661,0.017917338805126914,False,True,False
124,1972,1975,2022-03-09 09:55:00,2022-03-09 10:10:00,1.0,4,-0.013828899859336295,0.00011249421315670528,-0.013828899859336295,0.013941394072493,False,True,False
125,1976,2008,2022-03-09 10:15:00,2022-03-09 14:25:00,-1.0,33,0.01623204046133784,0.03514647465851759,-0.004036836088386327,0.018914434197179752,False,False,False
126,2009,2026,2022-03-09 14:30:00,2022-03-10 10:25:00,1.0,18,0.027869106403685062,0.040400620316785374,-0.001552933928638712,0.012531513913100312,False,False,False
127,2027,2037,2022-03-10 10:30:00,2022-03-10 11:20:00,-1.0,11,-0.009494944101965554,0.0,-0.009494944101965554,0.009494944101965554,True,False,False
128,2038,2047,2022-03-10 11:25:00,2022-03-10 13:40:00,1.0,10,-0.008602036588597064,0.0011161961199067888,-0.008602036588597064,0.009718232708503853,False,True,False
129,2048,2092,2022-03-10 13:45:00,2022-03-11 13:25:00,-1.0,45,0.012810793451945014,0.023824742688659094,-0.00265666463794304,0.011013949236714081,False,False,False
130,2093,2114,2022-03-11 13:30:00,2022-03-14 09:45:00,1.0,22,0.004501159158806641,0.01952103984334299,-0.004450980668817681,0.015019880684536349,False,False,False
131,2115,2140,2022-03-14 09:50:00,2022-03-14 13:25:00,-1.0,26,-9.610722078446472e-05,0.004957659912937429,-0.0066532222570909,0.005053767133721894,False,True,False
132,2141,2147,2022-03-14 13:30:00,2022-03-14 14:00:00,1.0,7,-0.0060025504781978205,0.0,-0.0060025504781978205,0.0060025504781978205,True,False,False
133,2148,2169,2022-03-14 14:05:00,2022-03-15 10:20:00,-1.0,22,0.009253765748358457,0.032579197183506124,-0.002414113634968989,0.02332543143514767,False,False,False
134,2170,2182,2022-03-15 10:25:00,2022-03-15 11:25:00,1.0,13,0.003029258554350271,0.010729262239481584,0.0,0.007700003685131313,False,False,False
135,2183,2232,2022-03-15 11:30:00,2022-03-16 13:05:00,-1.0,50,0.03779747597166166,0.05114900666827959,-0.0003979043755664288,0.01335153069661793,False,False,False
136,2233,2288,2022-03-16 13:10:00,2022-03-17 13:45:00,1.0,56,0.05775269533924551,0.06627293593220902,0.0,0.00852024059296351,False,False,False
137,2289,2334,2022-03-17 13:50:00,2022-03-18 13:35:00,-1.0,46,0.01840870203661386,0.023960754480975073,0.0,0.005552052444361213,False,False,False
138,2335,2371,2022-03-18 13:40:00,2022-03-21 11:10:00,1.0,37,0.015700202468626374,0.02419173820404058,0.0,0.008491535735414207,False,False,False
139,2372,2386,2022-03-21 11:15:00,2022-03-21 13:55:00,-1.0,15,0.0021233093301276785,0.00748642335023281,-0.004181202850603274,0.0053631140201051315,False,False,False
140,2387,2402,2022-03-21 14:00:00,2022-03-22 09:45:00,1.0,16,-0.0037529063580052455,0.005239185011573841,-0.0037529063580052455,0.008992091369579087,False,True,False
141,2403,2427,2022-03-22 09:50:00,2022-03-22 13:20:00,-1.0,25,0.004618783928774493,0.009391390178900297,-0.003090625823144807,0.004772606250125804,False,False,False
142,2428,2438,2022-03-22 13:25:00,2022-03-22 14:15:00,1.0,11,-0.00438431156488445,0.0026932321447912877,-0.00438431156488445,0.007077543709675738,False,True,False
143,2439,2454,2022-03-22 14:20:00,2022-03-23 10:05:00,-1.0,16,-0.002625852927897894,0.0005030469748963822,-0.004709287743477685,0.003128899902794276,False,True,False
144,2455,2472,2022-03-23 10:10:00,2022-03-23 13:05:00,1.0,18,0.00537991950792268,0.011557787904002912,0.0,0.006177868396080232,False,False,False
145,2473,2476,2022-03-23 13:10:00,2022-03-23 13:25:00,-1.0,4,-0.0054643036750722665,0.0,-0.005516532996625288,0.0054643036750722665,True,False,False
146,2477,2482,2022-03-23 13:30:00,2022-03-23 13:55:00,1.0,6,-0.005481809451978957,0.0,-0.005481809451978957,0.005481809451978957,True,False,False
147,2483,2490,2022-03-23 14:00:00,2022-03-23 14:35:00,-1.0,8,-0.002316849772369786,0.0014452831547598782,-0.002316849772369786,0.0037621329271296643,False,True,False
148,2491,2497,2022-03-23 14:40:00,2022-03-24 09:40:00,1.0,7,-0.01602118738576453,0.00013971358737377329,-0.01602118738576453,0.016160900973138305,False,True,False
149,2498,2513,2022-03-24 09:45:00,2022-03-24 11:00:00,-1.0,16,-0.0027647827054496713,0.0032619786542532384,-0.0032159923530660313,0.00602676135970291,False,True,False
150,2514,2543,2022-03-24 11:05:00,2022-03-24 15:00:00,1.0,30,0.004009508069472127,0.008740143743682354,-0.001186502348391536,0.004730635674210227,False,False,False
151,2544,2585,2022-03-25 09:35:00,2022-03-25 14:30:00,-1.0,42,0.01920346610389883,0.021794420808216333,-0.003642286171517106,0.002590954704317503,False,False,False
152,2586,2588,2022-03-25 14:35:00,2022-03-25 14:45:00,1.0,3,-0.002455843304762883,0.0,-0.002473857103333124,0.002455843304762883,True,False,False
153,2589,2610,2022-03-25 14:50:00,2022-03-28 11:05:00,-1.0,22,0.012562022824897509,0.016097968398974535,0.0,0.003535945574077026,False,False,False
154,2611,2616,2022-03-28 11:10:00,2022-03-28 13:05:00,1.0,6,-0.003984542343464089,0.002823419850773517,-0.003984542343464089,0.006807962194237606,False,True,False
155,2617,2640,2022-03-28 13:10:00,2022-03-29 09:35:00,-1.0,24,-0.004850631367731039,0.005896200175745402,-0.004850631367731039,0.010746831543476441,False,True,False
156,2641,2649,2022-03-29 09:40:00,2022-03-29 10:20:00,1.0,9,-0.005968420826636652,0.00011845912035185347,-0.005968420826636652,0.006086879946988505,False,True,False
157,2650,2671,2022-03-29 10:25:00,2022-03-29 13:40:00,-1.0,22,0.0027172183606813238,0.008238605817712559,-0.0026367122309871194,0.005521387457031235,False,False,False
158,2672,2680,2022-03-29 13:45:00,2022-03-29 14:25:00,1.0,9,-0.00563231164046606,0.0004962596826534309,-0.00563231164046606,0.0061285713231194906,False,True,False
159,2681,2690,2022-03-29 14:30:00,2022-03-30 09:45:00,-1.0,10,-0.0060366899602701035,0.002156220325594995,-0.007542479269056223,0.008192910285865098,False,True,False
160,2691,2707,2022-03-30 09:50:00,2022-03-30 11:10:00,1.0,17,0.009465221079039516,0.014974926900980253,0.0,0.005509705821940738,False,False,False
161,2708,2713,2022-03-30 11:15:00,2022-03-30 13:10:00,-1.0,6,-0.005989346010503288,0.0,-0.005989346010503288,0.005989346010503288,True,False,False
162,2714,2738,2022-03-30 13:15:00,2022-03-31 09:45:00,1.0,25,-0.0031172434035908296,0.0060616086450931955,-0.0031172434035908296,0.009178852048684025,False,True,False
163,2739,2774,2022-03-31 09:50:00,2022-03-31 14:15:00,-1.0,36,0.008046297984737157,0.012530302031623385,-0.0010431833456146702,0.004484004046886227,False,False,False
164,2775,2785,2022-03-31 14:20:00,2022-04-01 09:40:00,1.0,11,-0.009911813401761378,0.0,-0.009911813401761378,0.009911813401761378,True,False,False
165,2786,2792,2022-04-01 09:45:00,2022-04-01 10:15:00,-1.0,7,-0.002740625230326591,0.005764078603845153,-0.002740625230326591,0.008504703834171744,False,True,False
166,2793,2805,2022-04-01 10:20:00,2022-04-01 11:20:00,1.0,13,0.0026779937505464067,0.007665123750326265,0.0,0.004987129999779858,False,False,False
167,2806,2898,2022-04-01 11:25:00,2022-04-07 11:05:00,-1.0,93,0.03707283172090211,0.04450147560340911,-0.0004869734695699828,0.007428643882507004,False,False,False
168,2899,2903,2022-04-07 11:10:00,2022-04-07 11:30:00,1.0,5,-0.005844473728199658,0.0,-0.006641045632139147,0.005844473728199658,True,False,False
169,2904,2942,2022-04-07 13:05:00,2022-04-08 10:45:00,-1.0,39,0.006303522443201786,0.02363717290948033,-0.000604203548655746,0.017333650466278543,False,False,False
170,2943,2949,2022-04-08 10:50:00,2022-04-08 11:20:00,1.0,7,-0.003859421428594349,0.0022179800409765004,-0.004276239561370687,0.006077401469570849,False,True,False
171,2950,2999,2022-04-08 11:25:00,2022-04-11 11:30:00,-1.0,50,0.03361619663560809,0.03798562566847444,-0.0023135722081661864,0.00436942903286635,False,False,False
172,3000,3006,2022-04-11 13:05:00,2022-04-11 13:35:00,1.0,7,-0.0037656128966556098,0.0,-0.003946719458238924,0.0037656128966556098,True,False,False
173,3007,3052,2022-04-11 13:40:00,2022-04-12 13:25:00,-1.0,46,0.006469705390876136,0.023122888090653715,0.0,0.01665318269977758,False,False,False
174,3053,3074,2022-04-12 13:30:00,2022-04-13 09:45:00,1.0,22,-0.004994376492932356,0.006459644775669493,-0.004994376492932356,0.011454021268601849,False,True,False
175,3075,3085,2022-04-13 09:50:00,2022-04-13 10:40:00,-1.0,11,0.004385524621887415,0.012276751352982175,0.0,0.00789122673109476,False,False,False
176,3086,3101,2022-04-13 10:45:00,2022-04-13 13:30:00,1.0,16,-0.0018108070198480102,0.0031534017017791323,-0.002773813312832293,0.004964208721627143,False,True,False
177,3102,3122,2022-04-13 13:35:00,2022-04-14 09:45:00,-1.0,21,0.002902075019301682,0.009527311120749709,-0.00476040575762639,0.006625236101448027,False,False,False
178,3123,3127,2022-04-14 09:50:00,2022-04-14 10:10:00,1.0,5,-0.00681133454806333,0.0,-0.008508495316388918,0.00681133454806333,True,False,False
179,3128,3129,2022-04-14 10:15:00,2022-04-14 10:20:00,-1.0,2,-0.004683269512370471,0.0,-0.007868541874545132,0.004683269512370471,True,False,False
180,3130,3132,2022-04-14 10:25:00,2022-04-14 10:35:00,1.0,3,-0.006981335801207219,0.0,-0.006981335801207219,0.006981335801207219,True,False,False
181,3133,3149,2022-04-14 10:40:00,2022-04-14 13:30:00,-1.0,17,-0.008359440611280192,0.002677377770716332,-0.008359440611280192,0.011036818381996525,False,True,False
182,3150,3166,2022-04-14 13:35:00,2022-04-14 14:55:00,1.0,17,0.0022071778141091254,0.007872162185155138,0.0,0.005664984371046013,False,False,False
183,3167,3196,2022-04-14 15:00:00,2022-04-15 13:25:00,-1.0,30,0.006914959485198665,0.01851588513172515,0.0,0.011600925646526487,False,False,False
184,3197,3211,2022-04-15 13:30:00,2022-04-15 14:40:00,1.0,15,0.0030620632522976527,0.010139959592866609,0.0,0.007077896340568956,False,False,False
185,3212,3221,2022-04-15 14:45:00,2022-04-18 10:00:00,-1.0,10,-0.005256793558850637,0.005388066420239149,-0.005256793558850637,0.010644859979089786,False,True,False
186,3222,3270,2022-04-18 10:05:00,2022-04-19 10:05:00,1.0,49,0.023179410024178,0.03281823081594526,0.0,0.009638820791767259,False,False,False
187,3271,3292,2022-04-19 10:10:00,2022-04-19 13:25:00,-1.0,22,0.004181064991654812,0.008177909084722441,-0.0024583541416433497,0.003996844093067629,False,False,False
188,3293,3297,2022-04-19 13:30:00,2022-04-19 13:50:00,1.0,5,-0.00512731234838808,0.0,-0.00512731234838808,0.00512731234838808,True,False,False
189,3298,3330,2022-04-19 13:55:00,2022-04-20 11:05:00,-1.0,33,0.0032977623331533466,0.009039093729021544,-0.0007975166361682397,0.005741331395868198,False,False,False
190,3331,3336,2022-04-20 11:10:00,2022-04-20 13:05:00,1.0,6,-0.0023128903167010614,0.0016097764470092818,-0.0023128903167010614,0.003922666763710343,False,True,False
191,3337,3363,2022-04-20 13:10:00,2022-04-21 09:50:00,-1.0,27,0.0010262820534266224,0.01654825999029999,0.0,0.015521977936873368,False,False,False
192,3364,3369,2022-04-21 09:55:00,2022-04-21 10:20:00,1.0,6,-0.005453882452540511,0.002852692448099797,-0.005453882452540511,0.008306574900640308,False,True,False
193,3370,3387,2022-04-21 10:25:00,2022-04-21 13:20:00,-1.0,18,0.004343557066625243,0.013139468484968069,0.0,0.008795911418342826,False,False,False
194,3388,3392,2022-04-21 13:25:00,2022-04-21 13:45:00,1.0,5,-0.005487081068577332,0.005201838512998399,-0.005487081068577332,0.01068891958157573,False,True,False
195,3393,3435,2022-04-21 13:50:00,2022-04-22 13:20:00,-1.0,43,0.02257116386333766,0.029606805375693754,-0.00017547572028783922,0.007035641512356094,False,False,False
196,3436,3449,2022-04-22 13:25:00,2022-04-22 14:30:00,1.0,14,-0.002283274953121111,0.005580489138410508,-0.002283274953121111,0.00786376409153162,False,True,False
197,3450,3478,2022-04-22 14:35:00,2022-04-25 11:25:00,-1.0,29,0.026498078785305492,0.03434211191335853,-0.0008568391623675528,0.007844033128053037,False,False,False
198,3479,3483,2022-04-25 11:30:00,2022-04-25 13:20:00,1.0,5,-0.008698696574186503,0.0,-0.008698696574186503,0.008698696574186503,True,False,False
199,3484,3499,2022-04-25 13:25:00,2022-04-25 14:40:00,-1.0,16,0.01483128336154194,0.022212544435933138,0.0,0.007381261074391198,False,False,False
200,3500,3502,2022-04-25 14:45:00,2022-04-25 14:55:00,1.0,3,-0.011863331899502765,0.0,-0.011863331899502765,0.011863331899502765,True,False,False
201,3503,3515,2022-04-25 15:00:00,2022-04-26 10:30:00,-1.0,13,-0.005400714881559769,0.009490753063453093,-0.005400714881559769,0.014891467945012862,False,True,False
202,3516,3523,2022-04-26 10:35:00,2022-04-26 11:10:00,1.0,8,0.0004701983875978074,0.008196721498740265,0.0,0.007726523111142457,False,False,False
203,3524,3570,2022-04-26 11:15:00,2022-04-27 11:05:00,-1.0,47,0.025953690587055364,0.04556909960742795,-0.003129018589159858,0.019615409020372586,False,False,False
204,3571,3602,2022-04-27 11:10:00,2022-04-28 09:45:00,1.0,32,0.028066851666117526,0.04434088326284655,-0.00587552524942715,0.01627403159672902,False,False,False
205,3603,3610,2022-04-28 09:50:00,2022-04-28 10:25:00,-1.0,8,-0.008806906694755244,0.00898658069784617,-0.008806906694755244,0.017793487392601413,False,True,False
206,3611,3623,2022-04-28 10:30:00,2022-04-28 11:30:00,1.0,13,-0.0030047533154220637,0.004870435320543017,-0.00331572276517964,0.007875188635965081,False,True,False
207,3624,3635,2022-04-28 13:05:00,2022-04-28 14:00:00,-1.0,12,-0.0008546677028543571,0.01214384027247996,-0.0008546677028543571,0.012998507975334316,False,True,False
208,3636,3733,2022-04-28 14:05:00,2022-05-05 14:10:00,1.0,98,0.06274996016048125,0.06980024972538777,-0.0020880080444166216,0.007050289564906526,False,False,False
209,3734,3755,2022-05-05 14:15:00,2022-05-06 10:30:00,-1.0,22,0.009822068491759468,0.028194396742884473,-0.0011039137985515337,0.018372328251125003,False,False,False
210,3756,3767,2022-05-06 10:35:00,2022-05-06 11:30:00,1.0,12,0.0010937813317677123,0.00971786274784478,0.0,0.008624081416077067,False,False,False
211,3768,3796,2022-05-06 13:05:00,2022-05-09 09:55:00,-1.0,29,0.002452155282957575,0.013716387640412213,0.0,0.011264232357454638,False,False,False
212,3797,3805,2022-05-09 10:00:00,2022-05-09 10:40:00,1.0,9,-0.0036102265516186503,0.004321432480203687,-0.0036102265516186503,0.007931659031822337,False,True,False
213,3806,3813,2022-05-09 10:45:00,2022-05-09 11:20:00,-1.0,8,-0.004368616273868416,0.0,-0.006230549750636199,0.004368616273868416,True,False,False
214,3814,3821,2022-05-09 11:25:00,2022-05-09 13:30:00,1.0,8,-0.005405532704556166,0.0,-0.005405532704556166,0.005405532704556166,True,False,False
215,3822,3833,2022-05-09 13:35:00,2022-05-09 14:30:00,-1.0,12,-0.000846542980863626,0.0029260866473600398,-0.001047491670878449,0.003772629628223666,False,True,False
216,3834,3863,2022-05-09 14:35:00,2022-05-10 11:30:00,1.0,30,0.028374469449284692,0.03877636744501487,-0.0110185748492059,0.010401897995730179,False,False,False
217,3864,3868,2022-05-10 13:05:00,2022-05-10 13:25:00,-1.0,5,-0.004656896301971645,0.002800458963675462,-0.004656896301971645,0.007457355265647107,False,True,False
218,3869,3876,2022-05-10 13:30:00,2022-05-10 14:05:00,1.0,8,-0.005479746908452489,0.0,-0.005479746908452489,0.005479746908452489,True,False,False
219,3877,3890,2022-05-10 14:10:00,2022-05-11 09:45:00,-1.0,14,-0.015347293356229946,0.0022663366143537067,-0.015347293356229946,0.017613629970583654,False,True,False
220,3891,3923,2022-05-11 09:50:00,2022-05-11 14:00:00,1.0,33,0.03223528775176716,0.0392748850625873,0.0,0.007039597310820142,False,False,False
221,3924,3941,2022-05-11 14:05:00,2022-05-12 10:00:00,-1.0,18,0.010970582488205595,0.01946830000312967,0.0,0.008497717514924076,False,False,False
222,3942,3964,2022-05-12 10:05:00,2022-05-12 13:25:00,1.0,23,0.004365155034575725,0.0123138845654305,-0.004513827508851084,0.007948729530854775,False,False,False
223,3965,3978,2022-05-12 13:30:00,2022-05-12 14:35:00,-1.0,14,0.0026306695683397966,0.007365475199774639,-0.00015801532781546361,0.004734805631434843,False,False,False
224,3979,3987,2022-05-12 14:40:00,2022-05-13 09:50:00,1.0,9,-0.005212507892685944,0.010412810010394834,-0.005212507892685944,0.015625317903080777,False,True,False
225,3988,3990,2022-05-13 09:55:00,2022-05-13 10:05:00,-1.0,3,-0.010693488831783839,0.0,-0.010693488831783839,0.010693488831783839,True,False,False
226,3991,3994,2022-05-13 10:10:00,2022-05-13 10:25:00,1.0,4,-0.00715594850034594,0.0023608813114217976,-0.00715594850034594,0.009516829811767737,False,True,False
227,3995,4010,2022-05-13 10:30:00,2022-05-13 13:15:00,-1.0,16,-0.0012886855210353897,0.0038063481702986166,-0.0016947728750144149,0.005095033691334006,False,True,False
228,4011,4039,2022-05-13 13:20:00,2022-05-16 10:10:00,1.0,29,-2.9720184465753877e-05,0.0156286968862201,-0.003443505652861175,0.015658417070685854,False,True,False
229,4040,4085,2022-05-16 10:15:00,2022-05-17 10:00:00,-1.0,46,0.0024698595610724884,0.014428940073316139,-0.002078282701638149,0.01195908051224365,False,False,False
230,4086,4091,2022-05-17 10:05:00,2022-05-17 10:30:00,1.0,6,-0.010472658898373054,0.000635406035893337,-0.010472658898373054,0.01110806493426639,False,True,False
231,4092,4097,2022-05-17 10:35:00,2022-05-17 11:00:00,-1.0,6,-0.006432369985338926,0.0013356701173765034,-0.006432369985338926,0.007768040102715429,False,True,False
232,4098,4141,2022-05-17 11:05:00,2022-05-18 10:40:00,1.0,44,0.009724710723933551,0.019737125550339442,0.0,0.01001241482640589,False,False,False
233,4142,4149,2022-05-18 10:45:00,2022-05-18 11:20:00,-1.0,8,-0.004492928252028166,0.0006717310167531237,-0.004492928252028166,0.005164659268781289,False,True,False
234,4150,4156,2022-05-18 11:25:00,2022-05-18 13:25:00,1.0,7,-0.004305319327217799,0.0,-0.004818859009443439,0.004305319327217799,True,False,False
235,4157,4163,2022-05-18 13:30:00,2022-05-18 14:00:00,-1.0,7,-0.0026523776007695817,0.00027648859660683194,-0.004423282110096824,0.0029288661973764134,False,True,False
236,4164,4174,2022-05-18 14:05:00,2022-05-18 14:55:00,1.0,11,-0.0013795416198104768,0.004715460684157749,-0.0013795416198104768,0.006095002303968226,False,True,False
237,4175,4179,2022-05-18 15:00:00,2022-05-19 09:50:00,-1.0,5,-0.00575191718118475,0.01137463361841216,-0.00575191718118475,0.01712655079959691,False,True,False
238,4180,4182,2022-05-19 09:55:00,2022-05-19 10:05:00,1.0,3,-0.008516722986912808,0.0,-0.008516722986912808,0.008516722986912808,True,False,False
239,4183,4192,2022-05-19 10:10:00,2022-05-19 10:55:00,-1.0,10,-0.004203428129798003,0.0021777227655620816,-0.004203428129798003,0.006381150895360084,False,True,False
240,4193,4231,2022-05-19 11:00:00,2022-05-20 10:10:00,1.0,39,0.020891134029875146,0.03152835875689167,0.0,0.01063722472701652,False,False,False
241,4232,4249,2022-05-20 10:15:00,2022-05-20 13:10:00,-1.0,18,0.0002411021272062175,0.00695740806432427,0.0,0.006716305937118052,False,False,False
242,4250,4274,2022-05-20 13:15:00,2022-05-23 09:45:00,1.0,25,0.003668103681055286,0.009599029338586234,0.0,0.005930925657530948,False,False,False
243,4275,4294,2022-05-23 09:50:00,2022-05-23 11:25:00,-1.0,20,0.0025691495048063896,0.006159679007430518,-0.005166385013627214,0.003590529502624129,False,False,False
244,4295,4321,2022-05-23 11:30:00,2022-05-24 09:40:00,1.0,27,-0.003116845537635946,0.011095149795942295,-0.003116845537635946,0.014211995333578241,False,True,False
245,4322,4370,2022-05-24 09:45:00,2022-05-25 09:45:00,-1.0,49,0.03195417288751293,0.03735715766564457,-0.004811108553626496,0.005402984778131642,False,False,False
246,4371,4378,2022-05-25 09:50:00,2022-05-25 10:25:00,1.0,8,-0.004771130264172916,0.004221978450218579,-0.004771130264172916,0.008993108714391495,False,True,False
247,4379,4389,2022-05-25 10:30:00,2022-05-25 11:20:00,-1.0,11,-0.006535775026629318,0.0043407555949190576,-0.006535775026629318,0.010876530621548376,False,True,False
248,4390,4399,2022-05-25 11:25:00,2022-05-25 13:40:00,1.0,10,-0.0030327237929077787,0.0020896153757188726,-0.00371235681724902,0.005122339168626651,False,True,False
249,4400,4405,2022-05-25 13:45:00,2022-05-25 14:10:00,-1.0,6,-0.005609288441116996,0.0,-0.005609288441116996,0.005609288441116996,True,False,False
250,4406,4419,2022-05-25 14:15:00,2022-05-26 09:50:00,1.0,14,-0.009212607389721374,0.0,-0.009613778815649569,0.009212607389721374,True,False,False
251,4420,4426,2022-05-26 09:55:00,2022-05-26 10:25:00,-1.0,7,-0.0007818216842550218,0.010533787570326874,-0.0007818216842550218,0.011315609254581895,False,True,False
252,4427,4450,2022-05-26 10:30:00,2022-05-26 13:55:00,1.0,24,0.009642160863529379,0.01565739512328255,0.0,0.00601523425975317,False,False,False
253,4451,4465,2022-05-26 14:00:00,2022-05-27 09:40:00,-1.0,15,-0.003635233037557914,0.006061619957679287,-0.003635233037557914,0.0096968529952372,False,True,False
254,4466,4471,2022-05-27 09:45:00,2022-05-27 10:10:00,1.0,6,-0.007801760715606915,0.0024983595917499987,-0.007801760715606915,0.010300120307356914,False,True,False
255,4472,4490,2022-05-27 10:15:00,2022-05-27 13:15:00,-1.0,19,0.0041639474815269705,0.009582002815679065,-0.000567828072936408,0.005418055334152095,False,False,False
256,4491,4495,2022-05-27 13:20:00,2022-05-27 13:40:00,1.0,5,-0.00539793420495353,0.0015098115603958526,-0.00539793420495353,0.006907745765349383,False,True,False
257,4496,4511,2022-05-27 13:45:00,2022-05-27 15:00:00,-1.0,16,-0.000935185672332433,0.005305854926561795,-0.000935185672332433,0.006241040598894227,False,True,False
258,4512,4514,2022-05-30 09:35:00,2022-05-30 09:45:00,1.0,3,-0.00269731840905339,0.0010447642194402395,-0.0098684180741508,0.0037420826284936294,False,True,False
259,4515,4521,2022-05-30 09:50:00,2022-05-30 10:20:00,-1.0,7,-0.0006347255528924391,0.006957956873845238,-0.0018627323102637372,0.007592682426737677,False,True,False
260,4522,4548,2022-05-30 10:25:00,2022-05-30 14:05:00,1.0,27,0.005303826558696631,0.012620579353229104,0.0,0.007316752794532473,False,False,False
261,4549,4556,2022-05-30 14:10:00,2022-05-30 14:45:00,-1.0,8,-0.003869675906788017,0.0005110758257140435,-0.003989426825021528,0.00438075173250206,False,True,False
262,4557,4563,2022-05-30 14:50:00,2022-05-31 09:50:00,1.0,7,-0.0042404303964126595,0.002053736826740029,-0.004892088890281965,0.006294167223152689,False,True,False
263,4564,4571,2022-05-31 09:55:00,2022-05-31 10:30:00,-1.0,8,-0.00617464769152686,0.0043490775299399285,-0.00617464769152686,0.010523725221466789,False,True,False
264,4572,4616,2022-05-31 10:35:00,2022-06-01 10:15:00,1.0,45,0.022163809514343522,0.0287086024011202,-0.0033223782051184543,0.006544792886776677,False,False,False
265,4617,4619,2022-06-01 10:20:00,2022-06-01 10:30:00,-1.0,3,-0.007396153179676379,0.0,-0.007396153179676379,0.007396153179676379,True,False,False
266,4620,4628,2022-06-01 10:35:00,2022-06-01 11:15:00,1.0,9,-0.00530376626885957,0.002732994134688812,-0.00530376626885957,0.008036760403548383,False,True,False
267,4629,4632,2022-06-01 11:20:00,2022-06-01 13:05:00,-1.0,4,-0.00858631956488797,0.0,-0.00858631956488797,0.00858631956488797,True,False,False
268,4633,4639,2022-06-01 13:10:00,2022-06-01 13:40:00,1.0,7,-0.008702988662293066,0.0,-0.008702988662293066,0.008702988662293066,True,False,False
269,4640,4653,2022-06-01 13:45:00,2022-06-01 14:50:00,-1.0,14,-0.0017680206664994307,0.0035161746001423533,-0.0017680206664994307,0.0052841952666417835,False,True,False
270,4654,4675,2022-06-01 14:55:00,2022-06-02 11:10:00,1.0,22,0.01678527999036118,0.021802498491111048,-0.0015735797321812736,0.005017218500749869,False,False,False
271,4676,4681,2022-06-02 11:15:00,2022-06-02 13:10:00,-1.0,6,-0.00697158561396984,0.0022167237886981895,-0.00697158561396984,0.00918830940266803,False,True,False
272,4682,4734,2022-06-02 13:15:00,2022-06-06 13:35:00,1.0,53,0.05997991314552681,0.06744993454242984,0.0,0.007470021396903032,False,False,False
273,4735,4752,2022-06-06 13:40:00,2022-06-07 09:35:00,-1.0,18,-0.003439583512784922,0.003514156352428567,-0.003439583512784922,0.006953739865213489,False,True,False
274,4753,4758,2022-06-07 09:40:00,2022-06-07 10:05:00,1.0,6,-0.010696054323998533,0.00032018784627033543,-0.010696054323998533,0.011016242170268867,False,True,False
275,4759,4773,2022-06-07 10:10:00,2022-06-07 11:20:00,-1.0,15,-0.003966229479492201,0.006187055821488388,-0.003966229479492201,0.01015328530098059,False,True,False
276,4774,4779,2022-06-07 11:25:00,2022-06-07 13:20:00,1.0,6,-0.006874608646140428,0.002138100589529708,-0.006874608646140428,0.009012709235670137,False,True,False
277,4780,4794,2022-06-07 13:25:00,2022-06-07 14:35:00,-1.0,15,-0.003456691322802522,0.003957431211585867,-0.003456691322802522,0.007414122534388389,False,True,False
278,4795,4812,2022-06-07 14:40:00,2022-06-08 10:35:00,1.0,18,0.005895546150582442,0.011667722194086273,-0.0056322438547474415,0.005772176043503831,False,False,False
279,4813,4832,2022-06-08 10:40:00,2022-06-08 13:45:00,-1.0,20,0.015430348822154069,0.023592395281916374,-0.0008215386451257624,0.008162046459762306,False,False,False
280,4833,4850,2022-06-08 13:50:00,2022-06-09 09:45:00,1.0,18,-0.0006806579956496949,0.00908538869981593,-0.0006806579956496949,0.009766046695465627,False,True,False
281,4851,4887,2022-06-09 09:50:00,2022-06-09 14:20:00,-1.0,37,0.017021025187685473,0.024724387947676833,-0.0019409204602088594,0.00770336275999136,False,False,False
282,4888,4898,2022-06-09 14:25:00,2022-06-10 09:45:00,1.0,11,-0.0067081388222372616,0.0006277406160442624,-0.008196691201072347,0.007335879438281524,False,True,False
283,4899,4902,2022-06-10 09:50:00,2022-06-10 10:05:00,-1.0,4,-0.00491506294023119,0.0,-0.00552543935796068,0.00491506294023119,True,False,False
284,4903,4912,2022-06-10 10:10:00,2022-06-10 10:55:00,1.0,10,0.008071172944161785,0.012840781056072417,0.0,0.004769608111910632,False,False,False
285,4913,4916,2022-06-10 11:00:00,2022-06-10 11:15:00,-1.0,4,-0.005070949081495652,0.0,-0.005070949081495652,0.005070949081495652,True,False,False
286,4917,4922,2022-06-10 11:20:00,2022-06-10 13:15:00,1.0,6,-0.004896609164094583,0.0006297832932245339,-0.004896609164094583,0.005526392457319117,False,True,False
287,4923,4928,2022-06-10 13:20:00,2022-06-10 13:45:00,-1.0,6,-0.004896609164094453,0.0001835165445315425,-0.004896609164094453,0.005080125708625995,False,True,False
288,4929,4946,2022-06-10 13:50:00,2022-06-13 09:45:00,1.0,18,-0.008619399210438715,0.006869627441526346,-0.008619399210438715,0.015489026651965061,False,True,False
289,4947,4959,2022-06-13 09:50:00,2022-06-13 10:50:00,-1.0,13,-0.003245576961649553,0.002175737704770231,-0.00789785562393407,0.005421314666419784,False,True,False
290,4960,4967,2022-06-13 10:55:00,2022-06-13 11:30:00,1.0,8,-0.002343481830699824,0.00350953109882474,-0.002343481830699824,0.005853012929524564,False,True,False
291,4968,4988,2022-06-13 13:05:00,2022-06-13 14:45:00,-1.0,21,-0.0029216146613464445,0.004555606469633624,-0.003856931178263713,0.007477221130980068,False,True,False
292,4989,4993,2022-06-13 14:50:00,2022-06-14 09:40:00,1.0,5,-0.016959046061268822,0.0009353165169176752,-0.016959046061268822,0.017894362578186496,False,True,False
293,4994,5019,2022-06-14 09:45:00,2022-06-14 13:20:00,-1.0,26,0.019418451777540584,0.03097783602696462,0.0,0.011559384249424036,False,False,False
294,5020,5046,2022-06-14 13:25:00,2022-06-15 10:05:00,1.0,27,0.012921700693835992,0.030054973912897267,-0.0031254492067632846,0.017133273219061274,False,False,False
295,5047,5061,2022-06-15 10:10:00,2022-06-15 11:20:00,-1.0,15,-0.008044493646969632,0.0027650047240980785,-0.008044493646969632,0.01080949837106771,False,True,False
296,5062,5078,2022-06-15 11:25:00,2022-06-15 14:15:00,1.0,17,0.0005681474355678324,0.011596802868826235,-0.0018650458612151065,0.011028655433258403,False,False,False
297,5079,5090,2022-06-15 14:20:00,2022-06-16 09:45:00,-1.0,12,-0.007144080411647082,0.009072944609168293,-0.007144080411647082,0.016217025020815373,False,True,False
298,5091,5100,2022-06-16 09:50:00,2022-06-16 10:35:00,1.0,10,-0.002907140275406279,0.005163824212471175,-0.003268808963013667,0.008070964487877454,False,True,False
299,5101,5105,2022-06-16 10:40:00,2022-06-16 11:00:00,-1.0,5,-0.00932102209815338,0.0014474602388014858,-0.00932102209815338,0.010768482336954866,False,True,False
300,5106,5118,2022-06-16 11:05:00,2022-06-16 13:35:00,1.0,13,-0.0011764815371816306,0.004134263853470758,-0.0025937727240108893,0.0053107453906523884,False,True,False
301,5119,5139,2022-06-16 13:40:00,2022-06-17 09:50:00,-1.0,21,0.0005703562121060542,0.01550562351681133,0.0,0.014935267304705275,False,False,False
302,5140,5146,2022-06-17 09:55:00,2022-06-17 10:25:00,1.0,7,-0.0003497340216404806,0.004049834037314721,-0.0016392842394910498,0.004399568058955201,False,True,False
303,5147,5159,2022-06-17 10:30:00,2022-06-17 11:30:00,-1.0,13,0.005158955842636096,0.01568830621427584,0.0,0.010529350371639743,False,False,False
304,5160,5191,2022-06-17 13:05:00,2022-06-20 10:10:00,1.0,32,0.0056743106666277835,0.024485871288455956,-0.002798241344071029,0.018811560621828174,False,False,False
305,5192,5199,2022-06-20 10:15:00,2022-06-20 10:50:00,-1.0,8,-0.014722130427797239,0.0,-0.014722130427797239,0.014722130427797239,True,False,False
306,5200,5209,2022-06-20 10:55:00,2022-06-20 13:10:00,1.0,10,-0.0021872810662551976,0.004441496783388789,-0.0034419065251659756,0.006628777849643987,False,True,False
307,5210,5239,2022-06-20 13:15:00,2022-06-21 10:10:00,-1.0,30,0.0032397829655547742,0.014653182013391969,-0.0005722408836050439,0.011413399047837194,False,False,False
308,5240,5243,2022-06-21 10:15:00,2022-06-21 10:30:00,1.0,4,-0.011330423355057588,0.0,-0.011330423355057588,0.011330423355057588,True,False,False
309,5244,5253,2022-06-21 10:35:00,2022-06-21 11:20:00,-1.0,10,-0.0014831809113207937,0.004444266967010313,-0.0014831809113207937,0.005927447878331106,False,True,False
310,5254,5261,2022-06-21 11:25:00,2022-06-21 13:30:00,1.0,8,-0.00040512296956801436,0.010394009243098825,-0.00040512296956801436,0.010799132212666838,False,True,False
311,5262,5276,2022-06-21 13:35:00,2022-06-21 14:45:00,-1.0,15,0.001391557801401609,0.01087047741366694,-0.00035909453319172305,0.009478919612265331,False,False,False
312,5277,5285,2022-06-21 14:50:00,2022-06-22 10:00:00,1.0,9,-0.005659868988616246,0.001732240366813854,-0.005659868988616246,0.0073921093554301,False,True,False
313,5286,5288,2022-06-22 10:05:00,2022-06-22 10:15:00,-1.0,3,-0.005254017340268996,0.0,-0.007060635953135579,0.005254017340268996,True,False,False
314,5289,5297,2022-06-22 10:20:00,2022-06-22 11:00:00,1.0,9,-0.0041602397129866684,0.004611463173602952,-0.0041602397129866684,0.00877170288658962,False,True,False
315,5298,5310,2022-06-22 11:05:00,2022-06-22 13:35:00,-1.0,13,-0.0010740741773315817,0.004624264227277522,-0.0010740741773315817,0.005698338404609104,False,True,False
316,5311,5317,2022-06-22 13:40:00,2022-06-22 14:10:00,1.0,7,-0.004228885092939068,9.253861180199356e-05,-0.004228885092939068,0.004321423704741061,False,True,False
317,5318,5331,2022-06-22 14:15:00,2022-06-23 09:50:00,-1.0,14,0.005264665834208204,0.011308848804673683,0.0,0.006044182970465479,False,False,False
318,5332,5335,2022-06-23 09:55:00,2022-06-23 10:10:00,1.0,4,-0.006862248150998583,0.0009244863456277524,-0.006862248150998583,0.0077867344966263356,False,True,False
319,5336,5343,2022-06-23 10:15:00,2022-06-23 10:50:00,-1.0,8,-0.0008556612855808638,0.006606602294223732,-0.0008556612855808638,0.007462263579804595,False,True,False
320,5344,5396,2022-06-23 10:55:00,2022-06-24 11:15:00,1.0,53,0.03656164446080529,0.03974618765546532,-0.0008368476720499284,0.003184543194660036,False,False,False
321,5397,5411,2022-06-24 11:20:00,2022-06-24 14:00:00,-1.0,15,0.003603869204944374,0.010026721527072884,-0.00013591203793840437,0.00642285232212851,False,False,False
322,5412,5431,2022-06-24 14:05:00,2022-06-27 10:10:00,1.0,20,0.006047464132686404,0.017658572885454492,-0.0012284622564354055,0.011611108752768088,False,False,False
323,5432,5437,2022-06-27 10:15:00,2022-06-27 10:40:00,-1.0,6,-0.007671981009289819,0.0011305516939193172,-0.007671981009289819,0.008802532703209137,False,True,False
324,5438,5449,2022-06-27 10:45:00,2022-06-27 13:10:00,1.0,12,-0.0032345041676589627,0.0,-0.0064072786780776944,0.0032345041676589627,True,False,False
325,5450,5486,2022-06-27 13:15:00,2022-06-28 10:45:00,-1.0,37,0.015892355816396912,0.022939290946253132,0.0,0.00704693512985622,False,False,False
326,5487,5524,2022-06-28 10:50:00,2022-06-29 09:55:00,1.0,38,0.015478303225803229,0.023137464801293268,0.0,0.007659161575490039,False,False,False
327,5525,5534,2022-06-29 10:00:00,2022-06-29 10:45:00,-1.0,10,-0.004204555732320077,0.007582195206550346,-0.006926279259668854,0.011786750938870424,False,True,False
328,5535,5540,2022-06-29 10:50:00,2022-06-29 11:15:00,1.0,6,-0.005420700882728698,0.004347638462487295,-0.005420700882728698,0.009768339345215992,False,True,False
329,5541,5570,2022-06-29 11:20:00,2022-06-30 09:45:00,-1.0,30,0.01021979449818981,0.0181189752603417,-0.0014231928756488045,0.007899180762151889,False,False,False
330,5571,5576,2022-06-30 09:50:00,2022-06-30 10:15:00,1.0,6,-0.005451445985461408,0.0031186804992272216,-0.005451445985461408,0.00857012648468863,False,True,False
331,5577,5581,2022-06-30 10:20:00,2022-06-30 10:40:00,-1.0,5,-0.009296118857356338,0.0,-0.009296118857356338,0.009296118857356338,True,False,False
332,5582,5599,2022-06-30 10:45:00,2022-06-30 13:40:00,1.0,18,0.005816099719717937,0.012539660117871951,-0.0013162495148896789,0.006723560398154014,False,False,False
333,5600,5625,2022-06-30 13:45:00,2022-07-01 10:20:00,-1.0,26,0.005126894817219283,0.0122960364803072,-0.003367430971486636,0.0071691416630879174,False,False,False
334,5626,5629,2022-07-01 10:25:00,2022-07-01 10:40:00,1.0,4,-0.006375096050452909,0.0,-0.006375096050452909,0.006375096050452909,True,False,False
335,5630,5655,2022-07-01 10:45:00,2022-07-01 14:20:00,-1.0,26,0.0029877906652880253,0.008189708843815122,-0.0029970825952558484,0.0052019181785270974,False,False,False
336,5656,5660,2022-07-01 14:25:00,2022-07-01 14:45:00,1.0,5,-0.005238712306188505,0.0,-0.005238712306188505,0.005238712306188505,True,False,False
337,5661,5672,2022-07-01 14:50:00,2022-07-04 10:15:00,-1.0,12,9.1991242498726e-05,0.012710250767344587,-0.003709386971602578,0.012618259524845861,False,False,False
338,5673,5717,2022-07-04 10:20:00,2022-07-05 10:00:00,1.0,45,0.005440505173861911,0.015472907585684599,-0.00394517827141722,0.010032402411822688,False,False,False
339,5718,5736,2022-07-05 10:05:00,2022-07-05 13:05:00,-1.0,19,0.0014925034245877084,0.011142048407128324,-0.0015999052612089134,0.009649544982540616,False,False,False
340,5737,5742,2022-07-05 13:10:00,2022-07-05 13:35:00,1.0,6,-0.007329947977289304,0.0,-0.007329947977289304,0.007329947977289304,True,False,False
341,5743,5755,2022-07-05 13:40:00,2022-07-05 14:40:00,-1.0,13,-0.0016417184543813493,0.004848628937820379,-0.0016417184543813493,0.006490347392201728,False,True,False
342,5756,5778,2022-07-05 14:45:00,2022-07-06 11:05:00,1.0,23,0.020369495236010463,0.026724266481863757,0.0,0.006354771245853295,False,False,False
343,5779,5806,2022-07-06 11:10:00,2022-07-06 14:55:00,-1.0,28,0.006949915389488965,0.012877723140815835,-0.00033404506307644895,0.005927807751326871,False,False,False
344,5807,5811,2022-07-06 15:00:00,2022-07-07 09:50:00,1.0,5,-0.00369847836754574,0.0036304928329538412,-0.0037076048283499106,0.0073289712004995814,False,True,False
345,5812,5816,2022-07-07 09:55:00,2022-07-07 10:15:00,-1.0,5,-0.003089079970413958,0.005344082996719612,-0.003089079970413958,0.00843316296713357,False,True,False
346,5817,5863,2022-07-07 10:20:00,2022-07-08 10:10:00,1.0,47,0.006737268473638698,0.016306891626516752,0.0,0.009569623152878053,False,False,False
347,5864,5867,2022-07-08 10:15:00,2022-07-08 10:30:00,-1.0,4,-0.008441146923678046,0.0042202179986666425,-0.008441146923678046,0.012661364922344688,False,True,False
348,5868,5871,2022-07-08 10:35:00,2022-07-08 10:50:00,1.0,4,-0.006942099350730496,0.0005106588954418195,-0.006942099350730496,0.0074527582461723155,False,True,False
349,5872,5878,2022-07-08 10:55:00,2022-07-08 11:25:00,-1.0,7,-0.004160256696000829,0.0019510086396761557,-0.004205186582919863,0.006111265335676985,False,True,False
350,5879,5884,2022-07-08 11:30:00,2022-07-08 13:25:00,1.0,6,-0.004584457827849424,0.0,-0.004602512932027739,0.004584457827849424,True,False,False
351,5885,5894,2022-07-08 13:30:00,2022-07-08 14:15:00,-1.0,10,-0.001263047902093304,0.004805112971452119,-0.001263047902093304,0.006068160873545423,False,True,False
352,5895,5900,2022-07-08 14:20:00,2022-07-08 14:45:00,1.0,6,-0.004826211851380969,0.0,-0.004826211851380969,0.004826211851380969,True,False,False
353,5901,5944,2022-07-08 14:50:00,2022-07-11 14:25:00,-1.0,44,0.025350562800209298,0.030418392993709492,-1.8119224497565395e-05,0.005067830193500194,False,False,False
354,5945,5954,2022-07-11 14:30:00,2022-07-12 09:45:00,1.0,10,-0.00524529662712438,0.006437383004989742,-0.00524529662712438,0.011682679632114123,False,True,False
355,5955,5960,2022-07-12 09:50:00,2022-07-12 10:15:00,-1.0,6,-0.0018571667221674733,0.007500996230699249,-0.0018571667221674733,0.009358162952866723,False,True,False
356,5961,5963,2022-07-12 10:20:00,2022-07-12 10:30:00,1.0,3,-0.006679476632347528,0.0,-0.00910408476128947,0.006679476632347528,True,False,False
357,5964,5982,2022-07-12 10:35:00,2022-07-12 13:35:00,-1.0,19,0.00456275986683627,0.011631331446946445,0.0,0.007068571580110175,False,False,False
358,5983,5988,2022-07-12 13:40:00,2022-07-12 14:05:00,1.0,6,-0.005465011143315877,0.0,-0.0055977528281923985,0.005465011143315877,True,False,False
359,5989,6014,2022-07-12 14:10:00,2022-07-13 10:45:00,-1.0,26,-0.0017051110084880684,0.011787618486182757,-0.002045784599170426,0.013492729494670825,False,True,False
360,6015,6030,2022-07-13 10:50:00,2022-07-13 13:35:00,1.0,16,-0.001297514542299227,0.004429152717813154,-0.001496552526038069,0.005726667260112381,False,True,False
361,6031,6049,2022-07-13 13:40:00,2022-07-14 09:40:00,-1.0,19,-0.0026878683606188333,0.004854539874525386,-0.0026878683606188333,0.007542408235144219,False,True,False
362,6050,6079,2022-07-14 09:45:00,2022-07-14 13:40:00,1.0,30,0.02053402612342187,0.025180750143303628,0.0,0.004646724019881757,False,False,False
363,6080,6097,2022-07-14 13:45:00,2022-07-15 09:40:00,-1.0,18,-0.002940199610622472,0.006484119031899958,-0.002940199610622472,0.00942431864252243,False,True,False
364,6098,6101,2022-07-15 09:45:00,2022-07-15 10:00:00,1.0,4,-0.004970092556501275,0.0,-0.007255170881172096,0.004970092556501275,True,False,False
365,6102,6103,2022-07-15 10:05:00,2022-07-15 10:10:00,-1.0,2,-0.004046432951739183,0.0,-0.004046432951739183,0.004046432951739183,True,False,False
366,6104,6118,2022-07-15 10:15:00,2022-07-15 11:25:00,1.0,15,0.004057736005206816,0.010470337276926185,-0.002201747485067763,0.006412601271719369,False,False,False
367,6119,6158,2022-07-15 11:30:00,2022-07-18 10:45:00,-1.0,40,0.02094395297291913,0.030310729983639515,-0.003445348746590633,0.009366777010720386,False,False,False
368,6159,6176,2022-07-18 10:50:00,2022-07-18 13:45:00,1.0,18,0.003995653248724782,0.009959356836508514,0.0,0.005963703587783732,False,False,False
369,6177,6201,2022-07-18 13:50:00,2022-07-19 10:20:00,-1.0,25,-0.00418484912909526,0.00106769575197419,-0.00418484912909526,0.00525254488106945,False,True,False
370,6202,6204,2022-07-19 10:25:00,2022-07-19 10:35:00,1.0,3,-0.006096268564757603,0.0,-0.006096268564757603,0.006096268564757603,True,False,False
371,6205,6224,2022-07-19 10:40:00,2022-07-19 13:45:00,-1.0,20,0.0074461769544479145,0.012438112148249844,0.0,0.00499193519380193,False,False,False
372,6225,6259,2022-07-19 13:50:00,2022-07-20 11:10:00,1.0,35,0.01533060503007215,0.021453129930032386,-0.0010777391213064953,0.0061225248999602355,False,False,False
373,6260,6267,2022-07-20 11:15:00,2022-07-20 13:20:00,-1.0,8,-0.004576879470514469,0.0,-0.005539717695508581,0.004576879470514469,True,False,False
374,6268,6300,2022-07-20 13:25:00,2022-07-21 10:35:00,1.0,33,0.02098027122262399,0.026371558738654825,-0.0019284620933269461,0.005391287516030834,False,False,False
375,6301,6348,2022-07-21 10:40:00,2022-07-22 10:35:00,-1.0,48,0.007401405727152352,0.01380906915304646,-0.0014320676788040457,0.006407663425894107,False,False,False
376,6349,6353,2022-07-22 10:40:00,2022-07-22 11:00:00,1.0,5,-0.004698606849946207,0.0,-0.004698606849946207,0.004698606849946207,True,False,False
377,6354,6379,2022-07-22 11:05:00,2022-07-22 14:40:00,-1.0,26,0.003430251159854043,0.011170721773114988,-0.0008075691690534761,0.007740470613260946,False,False,False
378,6380,6389,2022-07-22 14:45:00,2022-07-25 10:00:00,1.0,10,-0.004811097869644018,0.00798264581909847,-0.005616746715165489,0.012793743688742486,False,True,False
379,6390,6396,2022-07-25 10:05:00,2022-07-25 10:35:00,-1.0,7,-0.006302357708017704,0.0009168237793943048,-0.006302357708017704,0.007219181487412009,False,True,False
380,6397,6405,2022-07-25 10:40:00,2022-07-25 11:20:00,1.0,9,-0.006154263038229552,0.0,-0.006154263038229552,0.006154263038229552,True,False,False
381,6406,6439,2022-07-25 11:25:00,2022-07-26 10:10:00,-1.0,34,0.005670996203776768,0.01301387272643623,0.0,0.007342876522659462,False,False,False
382,6440,6465,2022-07-26 10:15:00,2022-07-26 13:50:00,1.0,26,0.006910428813375333,0.010941818181842687,0.0,0.0040313893684673545,False,False,False
383,6466,6477,2022-07-26 13:55:00,2022-07-26 14:50:00,-1.0,12,-0.0023451648669754006,0.0015171281090135096,-0.0023451648669754006,0.00386229297598891,False,True,False
384,6478,6495,2022-07-26 14:55:00,2022-07-27 10:50:00,1.0,18,0.0052153155642930505,0.01001104887345081,-0.0006273005067283128,0.004795733309157759,False,False,False
385,6496,6512,2022-07-27 10:55:00,2022-07-27 13:45:00,-1.0,17,-0.004631375263917785,0.0018548962628207157,-0.004631375263917785,0.006486271526738501,False,True,False
386,6513,6525,2022-07-27 13:50:00,2022-07-27 14:50:00,1.0,13,6.39202275780942e-05,0.0025718442980602555,-0.0007308072090522343,0.0025079240704821613,False,False,False
387,6526,6530,2022-07-27 14:55:00,2022-07-28 09:45:00,-1.0,5,-0.001988616286960766,0.0,-0.0066345649011709295,0.001988616286960766,True,False,False
388,6531,6565,2022-07-28 09:50:00,2022-07-28 14:10:00,1.0,35,0.011948417620588033,0.01690674913567795,0.0,0.004958331515089917,False,False,False
389,6566,6608,2022-07-28 14:15:00,2022-07-29 13:45:00,-1.0,43,0.014064878448761451,0.018788302003232386,-0.0023025734224318226,0.004723423554470935,False,False,False
390,6609,6614,2022-07-29 13:50:00,2022-07-29 14:15:00,1.0,6,-0.0052557485422605,0.0009493122763442258,-0.0052557485422605,0.006205060818604726,False,True,False
391,6615,6630,2022-07-29 14:20:00,2022-08-01 10:05:00,-1.0,16,-0.0019718535845415362,0.016102960466339106,-0.0019718535845415362,0.01807481405088064,False,True,False
392,6631,6674,2022-08-01 10:10:00,2022-08-02 09:45:00,1.0,44,-0.009565310335741317,0.008493995369589509,-0.009565310335741317,0.018059305705330826,False,True,False
393,6675,6678,2022-08-02 09:50:00,2022-08-02 10:05:00,-1.0,4,-0.022175358660616595,0.0,-0.022175358660616595,0.022175358660616595,True,False,False
394,6679,6685,2022-08-02 10:10:00,2022-08-02 10:40:00,1.0,7,-0.011227485786337612,0.0,-0.011227485786337612,0.011227485786337612,True,False,False
395,6686,6698,2022-08-02 10:45:00,2022-08-02 13:15:00,-1.0,13,0.0021616678900716335,0.011317958830965412,0.0,0.009156290940893779,False,False,False
396,6699,6719,2022-08-02 13:20:00,2022-08-02 15:00:00,1.0,21,0.005559583087694724,0.014284461509565197,-0.0017896562672060673,0.008724878421870474,False,False,False
397,6720,6730,2022-08-03 09:35:00,2022-08-03 10:25:00,-1.0,11,-0.0034136716429851166,0.0054312180908190144,-0.005673928858393019,0.00884488973380413,False,True,False
398,6731,6736,2022-08-03 10:30:00,2022-08-03 10:55:00,1.0,6,-0.006015878137747255,0.0,-0.006015878137747255,0.006015878137747255,True,False,False
399,6737,6744,2022-08-03 11:00:00,2022-08-03 13:05:00,-1.0,8,-0.011706670449944612,0.001729415586755109,-0.011706670449944612,0.013436086036699721,False,True,False
400,6745,6756,2022-08-03 13:10:00,2022-08-03 14:05:00,1.0,12,0.009237213947316008,0.018097083654459056,0.0,0.008859869707143048,False,False,False
401,6757,6770,2022-08-03 14:10:00,2022-08-04 09:45:00,-1.0,14,0.007179117140258285,0.015964530178724515,-0.00037595331460742274,0.00878541303846623,False,False,False
402,6771,6791,2022-08-04 09:50:00,2022-08-04 11:30:00,1.0,21,-0.0018954613901273991,0.007456620152051267,-0.005216656271187048,0.009352081542178666,False,True,False
403,6792,6800,2022-08-04 13:05:00,2022-08-04 13:45:00,-1.0,9,-0.0012008759710464703,0.006335186795288942,-0.0012008759710464703,0.007536062766335412,False,True,False
404,6801,6866,2022-08-04 13:50:00,2022-08-08 09:45:00,1.0,66,0.0336193701155463,0.046588101411512615,-0.0038968074735278,0.012968731295966318,False,False,False
405,6867,6905,2022-08-08 09:50:00,2022-08-08 14:30:00,-1.0,39,-0.006063181597109685,0.0001570694337384615,-0.006782752659789053,0.0062202510308481465,False,True,False
406,6906,6914,2022-08-08 14:35:00,2022-08-09 09:45:00,1.0,9,-0.0032401423431423016,0.0006849048120040727,-0.004537402172894786,0.003925047155146374,False,True,False
407,6915,6919,2022-08-09 09:50:00,2022-08-09 10:10:00,-1.0,5,-0.00434962594038389,0.005321620905907597,-0.00434962594038389,0.009671246846291486,False,True,False
408,6920,6926,2022-08-09 10:15:00,2022-08-09 10:45:00,1.0,7,-0.00407993760276982,0.0008313056306106176,-0.00407993760276982,0.004911243233380437,False,True,False
409,6927,6931,2022-08-09 10:50:00,2022-08-09 11:10:00,-1.0,5,-0.003204588165470621,0.0,-0.004279167536426802,0.003204588165470621,True,False,False
410,6932,6941,2022-08-09 11:15:00,2022-08-09 13:30:00,1.0,10,0.0004247701753845749,0.00414462636277464,-0.0003555586427366833,0.0037198561873900654,False,False,False
411,6942,6953,2022-08-09 13:35:00,2022-08-09 14:30:00,-1.0,12,-0.0014896033655027003,0.003264090125564757,-0.0014896033655027003,0.004753693491067457,False,True,False
412,6954,6969,2022-08-09 14:35:00,2022-08-10 10:20:00,1.0,16,0.0049895650899088855,0.01265828801609916,-0.0011776422541243158,0.007668722926190275,False,False,False
413,6970,6974,2022-08-10 10:25:00,2022-08-10 10:45:00,-1.0,5,-0.0031380733924112813,0.0001550093869897229,-0.004030409656447981,0.0032930827794010044,False,True,False
414,6975,6987,2022-08-10 10:50:00,2022-08-10 13:20:00,1.0,13,-0.0035773290764231584,0.0009180649210450409,-0.0035773290764231584,0.0044953939974681995,False,True,False
415,6988,6993,2022-08-10 13:25:00,2022-08-10 13:50:00,-1.0,6,-0.00149784390172158,0.0013275520686308285,-0.0038004878032845005,0.0028253959703524083,False,True,False
416,6994,6998,2022-08-10 13:55:00,2022-08-10 14:15:00,1.0,5,-0.005260945820503191,0.0,-0.005260945820503191,0.005260945820503191,True,False,False
417,6999,7010,2022-08-10 14:20:00,2022-08-11 09:45:00,-1.0,12,-0.007246002694113938,0.0016703091358223703,-0.007246002694113938,0.008916311829936309,False,True,False
418,7011,7015,2022-08-11 09:50:00,2022-08-11 10:10:00,1.0,5,-0.008985607697331737,0.0,-0.008985607697331737,0.008985607697331737,True,False,False
419,7016,7021,2022-08-11 10:15:00,2022-08-11 10:40:00,-1.0,6,-0.004735700235569669,0.002306826103189115,-0.004735700235569669,0.0070425263387587835,False,True,False
420,7022,7038,2022-08-11 10:45:00,2022-08-11 13:35:00,1.0,17,0.009097135368462114,0.011903933240685541,0.0,0.002806797872223427,False,False,False
421,7039,7047,2022-08-11 13:40:00,2022-08-11 14:20:00,-1.0,9,-0.0022358392000845894,0.001795701062280619,-0.0022358392000845894,0.004031540262365209,False,True,False
422,7048,7058,2022-08-11 14:25:00,2022-08-12 09:45:00,1.0,11,-0.004793549434785649,0.0005539198491799873,-0.005856194148716109,0.005347469283965636,False,True,False
423,7059,7108,2022-08-12 09:50:00,2022-08-15 09:55:00,-1.0,50,0.011483041787680379,0.024783835745184234,0.0,0.013300793957503856,False,False,False
424,7109,7114,2022-08-15 10:00:00,2022-08-15 10:25:00,1.0,6,-0.0024288911046699683,0.0007015447262643309,-0.005212009818116009,0.0031304358309342992,False,True,False
425,7115,7156,2022-08-15 10:30:00,2022-08-16 09:55:00,-1.0,42,0.00013028580380885536,0.012137036299854149,-0.002134268825628404,0.012006750496045293,False,False,False
426,7157,7165,2022-08-16 10:00:00,2022-08-16 10:40:00,1.0,9,-0.002748640458474226,0.002689129735785437,-0.0035938864361499427,0.005437770194259664,False,True,False
427,7166,7216,2022-08-16 10:45:00,2022-08-17 10:55:00,-1.0,51,0.012101709677056845,0.017378906718276202,0.0,0.005277197041219357,False,False,False
428,7217,7229,2022-08-17 11:00:00,2022-08-17 13:30:00,1.0,13,-0.0040194577942750135,0.0019200964185487114,-0.0040194577942750135,0.005939554212823725,False,True,False
429,7230,7236,2022-08-17 13:35:00,2022-08-17 14:05:00,-1.0,7,-0.003772572515319598,0.0008855670864423142,-0.003772572515319598,0.004658139601761912,False,True,False
430,7237,7291,2022-08-17 14:10:00,2022-08-18 14:40:00,1.0,55,0.008517490290651122,0.01200883966366896,-0.0025075725898980644,0.0034913493730178383,False,False,False
431,7292,7297,2022-08-18 14:45:00,2022-08-19 09:40:00,-1.0,6,-0.0064581297237009515,0.0,-0.0064581297237009515,0.0064581297237009515,True,False,False
432,7298,7301,2022-08-19 09:45:00,2022-08-19 10:00:00,1.0,4,-0.009365235787625036,6.949632541000656e-05,-0.009365235787625036,0.009434732113035043,False,True,False
433,7302,7352,2022-08-19 10:05:00,2022-08-22 10:15:00,-1.0,51,0.03047629378348999,0.034552792557542754,0.0,0.004076498774052764,False,False,False
434,7353,7360,2022-08-22 10:20:00,2022-08-22 10:55:00,1.0,8,-0.003677173990643982,0.002555179236915234,-0.003677173990643982,0.006232353227559216,False,True,False
435,7361,7368,2022-08-22 11:00:00,2022-08-22 13:05:00,-1.0,8,-0.0020395128556589,0.0010894434022301776,-0.002989863878216017,0.0031289562578890777,False,True,False
436,7369,7402,2022-08-22 13:10:00,2022-08-23 10:25:00,1.0,34,0.006390663251034878,0.0114614177205325,-0.0015043047694054392,0.005070754469497622,False,False,False
437,7403,7471,2022-08-23 10:30:00,2022-08-24 13:40:00,-1.0,69,0.03180297550997267,0.035562518371037466,-0.0017260448202276585,0.0037595428610647935,False,False,False
438,7472,7479,2022-08-24 13:45:00,2022-08-24 14:20:00,1.0,8,-0.0030512219247992257,0.0026066200607943583,-0.0030512219247992257,0.0056578419855935844,False,True,False
439,7480,7501,2022-08-24 14:25:00,2022-08-25 10:40:00,-1.0,22,0.015756934295630506,0.024683994668611143,-0.0008940046413175001,0.008927060372980637,False,False,False
440,7502,7516,2022-08-25 10:45:00,2022-08-25 13:25:00,1.0,15,-0.005066953311002345,0.0,-0.005066953311002345,0.005066953311002345,True,False,False
441,7517,7530,2022-08-25 13:30:00,2022-08-25 14:35:00,-1.0,14,-0.0004374910907190186,0.005637902300056456,-0.0005230647911209408,0.006075393390775475,False,True,False
442,7531,7546,2022-08-25 14:40:00,2022-08-26 10:25:00,1.0,16,0.007625273163834455,0.01444334246835798,-0.00016165919424332415,0.006818069304523526,False,False,False
443,7547,7587,2022-08-26 10:30:00,2022-08-29 09:50:00,-1.0,41,0.007758402365921873,0.02647673269880777,-0.0035323909545520076,0.018718330332885898,False,False,False
444,7588,7593,2022-08-29 09:55:00,2022-08-29 10:20:00,1.0,6,-0.001160876687324097,0.0063324949971492505,-0.001160876687324097,0.007493371684473347,False,True,False
445,7594,7604,2022-08-29 10:25:00,2022-08-29 11:15:00,-1.0,11,-0.006737099314760589,0.0020872556363847592,-0.006737099314760589,0.008824354951145348,False,True,False
446,7605,7610,2022-08-29 11:20:00,2022-08-29 13:15:00,1.0,6,-0.005167382159846624,0.0007562723697130905,-0.005167382159846624,0.005923654529559714,False,True,False
447,7611,7635,2022-08-29 13:20:00,2022-08-30 09:50:00,-1.0,25,-0.008754592893988937,0.001998249818040811,-0.008754592893988937,0.010752842712029748,False,True,False
448,7636,7640,2022-08-30 09:55:00,2022-08-30 10:15:00,1.0,5,-0.007253775711940972,0.0010548325489735703,-0.007253775711940972,0.008308608260914542,False,True,False
449,7641,7670,2022-08-30 10:20:00,2022-08-30 14:15:00,-1.0,30,-0.0005883134551859645,0.004900221513565558,-0.0034017344677764096,0.005488534968751522,False,True,False
450,7671,7677,2022-08-30 14:20:00,2022-08-30 14:50:00,1.0,7,-0.0036017239762613177,0.00023712528388293398,-0.0042874252278671575,0.0038388492601442517,False,True,False
451,7678,7708,2022-08-30 14:55:00,2022-08-31 13:25:00,-1.0,31,0.01678162342915364,0.024439878864471385,-0.0003521914434848441,0.007658255435317746,False,False,False
452,7709,7717,2022-08-31 13:30:00,2022-08-31 14:10:00,1.0,9,-0.00037764899427720827,0.006071183510743683,-0.00037764899427720827,0.006448832505020891,False,True,False
453,7718,7729,2022-08-31 14:15:00,2022-09-01 09:40:00,-1.0,12,-0.005938689798382774,0.005954682487400465,-0.005938689798382774,0.01189337228578324,False,True,False
454,7730,7742,2022-09-01 09:45:00,2022-09-01 10:45:00,1.0,13,-0.003269158572554737,0.0028073702243869465,-0.003269158572554737,0.006076528796941684,False,True,False
455,7743,7748,2022-09-01 10:50:00,2022-09-01 11:15:00,-1.0,6,-0.0022577293369433807,0.0028245054132500537,-0.0034135649902270514,0.005082234750193435,False,True,False
456,7749,7754,2022-09-01 11:20:00,2022-09-01 13:15:00,1.0,6,-0.005867160343696046,0.0,-0.005867160343696046,0.005867160343696046,True,False,False
457,7755,7782,2022-09-01 13:20:00,2022-09-02 10:05:00,-1.0,28,-0.001356273942693283,0.006691981008991277,-0.003020039077886939,0.00804825495168456,False,True,False
458,7783,7805,2022-09-02 10:10:00,2022-09-02 13:30:00,1.0,23,-0.0010654889180124409,0.005993966085003033,-0.0010654889180124409,0.007059455003015474,False,True,False
459,7806,7822,2022-09-02 13:35:00,2022-09-02 14:55:00,-1.0,17,0.0016780236241801675,0.005627137775293662,-1.9382662209306144e-05,0.003949114151113494,False,False,False
460,7823,7826,2022-09-02 15:00:00,2022-09-05 09:45:00,1.0,4,-0.006603577059049112,0.0004755642562368693,-0.006603577059049112,0.007079141315285981,False,True,False
461,7827,7830,2022-09-05 09:50:00,2022-09-05 10:05:00,-1.0,4,-0.009705226326181912,0.0,-0.009705226326181912,0.009705226326181912,True,False,False
462,7831,7837,2022-09-05 10:10:00,2022-09-05 10:40:00,1.0,7,-0.0043061293008518735,0.0007932515990778725,-0.005161802563682333,0.005099380899929746,False,True,False
463,7838,7870,2022-09-05 10:45:00,2022-09-05 14:55:00,-1.0,33,0.005780278398973304,0.009364616931042553,0.0,0.003584338532069249,False,False,False
464,7871,7875,2022-09-05 15:00:00,2022-09-06 09:50:00,1.0,5,-0.005243747711648081,0.00285045097335037,-0.005243747711648081,0.00809419868499845,False,True,False
465,7876,7884,2022-09-06 09:55:00,2022-09-06 10:35:00,-1.0,9,-0.006093876014955225,0.0003735010855294121,-0.006953041310666297,0.006467377100484637,False,True,False
466,7885,7905,2022-09-06 10:40:00,2022-09-06 13:50:00,1.0,21,0.005367427516283798,0.013273371995683217,-0.004277505604478257,0.00790594447939942,False,False,False
467,7906,7916,2022-09-06 13:55:00,2022-09-06 14:45:00,-1.0,11,-0.0038107843670559757,8.744018853790137e-05,-0.0038107843670559757,0.003898224555593877,False,True,False
468,7917,7939,2022-09-06 14:50:00,2022-09-07 11:10:00,1.0,23,0.020575635593529863,0.02991814654774884,-0.0011911276931592498,0.009342510954218976,False,False,False
469,7940,7970,2022-09-07 11:15:00,2022-09-08 09:45:00,-1.0,31,0.0022780566646496687,0.0065157344772405305,-0.0005687042227908552,0.004237677812590861,False,False,False
470,7971,7974,2022-09-08 09:50:00,2022-09-08 10:05:00,1.0,4,-0.005201993438099651,0.0006079893789149364,-0.006062068795489135,0.005809982817014588,False,True,False
471,7975,7979,2022-09-08 10:10:00,2022-09-08 10:30:00,-1.0,5,-0.003394844246482031,0.002524988190544709,-0.003394844246482031,0.00591983243702674,False,True,False
472,7980,7985,2022-09-08 10:35:00,2022-09-08 11:00:00,1.0,6,-0.005316698997014231,0.0,-0.005316698997014231,0.005316698997014231,True,False,False
473,7986,7998,2022-09-08 11:05:00,2022-09-08 13:35:00,-1.0,13,-0.0010139757323294582,0.0030097119403731344,-0.0010139757323294582,0.004023687672702593,False,True,False
474,7999,8005,2022-09-08 13:40:00,2022-09-08 14:10:00,1.0,7,-0.002441021845890256,0.0014617580957344124,-0.002441021845890256,0.0039027799416246683,False,True,False
475,8006,8029,2022-09-08 14:15:00,2022-09-09 10:40:00,-1.0,24,0.009833792219137267,0.01818284666100155,0.0,0.008349054441864285,False,False,False
476,8030,8035,2022-09-09 10:45:00,2022-09-09 11:10:00,1.0,6,-0.0050166274580546125,0.0004548115755367954,-0.0050166274580546125,0.005471439033591408,False,True,False
477,8036,8052,2022-09-09 11:15:00,2022-09-09 14:05:00,-1.0,17,-0.0032050064341106847,0.0,-0.00327288028573526,0.0032050064341106847,True,False,False
478,8053,8070,2022-09-09 14:10:00,2022-09-13 10:05:00,1.0,18,0.001288816066687925,0.012134094532001248,-0.0015138138377231063,0.010845278465313322,False,False,False
479,8071,8085,2022-09-13 10:10:00,2022-09-13 11:20:00,-1.0,15,0.00010653082382585603,0.0025113338290226883,-0.000677657653937539,0.002404803005196832,False,False,False
480,8086,8098,2022-09-13 11:25:00,2022-09-13 13:55:00,1.0,13,-0.0026572547008769463,0.0,-0.0026572547008769463,0.0026572547008769463,True,False,False
481,8099,8120,2022-09-13 14:00:00,2022-09-14 10:15:00,-1.0,22,0.005111266111113817,0.011426798292003711,-0.001426485314744769,0.006315532180889895,False,False,False
482,8121,8133,2022-09-14 10:20:00,2022-09-14 11:20:00,1.0,13,0.0028557941795598436,0.0074876124104984055,0.0,0.004631818230938562,False,False,False
483,8134,8147,2022-09-14 11:25:00,2022-09-14 14:00:00,-1.0,14,-0.001303349988026856,0.005142402885841351,-0.001303349988026856,0.006445752873868207,False,True,False
484,8148,8163,2022-09-14 14:05:00,2022-09-15 09:50:00,1.0,16,-0.0059665001077694735,0.006752102376485337,-0.0059665001077694735,0.01271860248425481,False,True,False
485,8164,8201,2022-09-15 09:55:00,2022-09-15 14:30:00,-1.0,38,0.024248530779636922,0.030650659211103624,-0.0020415845483738168,0.006402128431466703,False,False,False
486,8202,8236,2022-09-15 14:35:00,2022-09-16 13:25:00,1.0,35,0.013088084751336526,0.018403600489335203,-0.0013734544533114592,0.005315515737998678,False,False,False
487,8237,8262,2022-09-16 13:30:00,2022-09-19 10:05:00,-1.0,26,0.015977535258235854,0.020266880913981634,0.0,0.0042893456557457806,False,False,False
488,8263,8264,2022-09-19 10:10:00,2022-09-19 10:15:00,1.0,2,-0.006016313540205067,0.0,-0.00607696309697661,0.006016313540205067,True,False,False
489,8265,8274,2022-09-19 10:20:00,2022-09-19 11:05:00,-1.0,10,0.004376197267306932,0.010700723514813971,0.0,0.00632452624750704,False,False,False
490,8275,8279,2022-09-19 11:10:00,2022-09-19 11:30:00,1.0,5,-0.006007858812063183,0.0,-0.006007858812063183,0.006007858812063183,True,False,False
491,8280,8298,2022-09-19 13:05:00,2022-09-19 14:35:00,-1.0,19,0.0014615925781469238,0.006989953538964059,-0.0001940369391143907,0.0055283609608171354,False,False,False
492,8299,8323,2022-09-19 14:40:00,2022-09-20 11:10:00,1.0,25,0.01117830113682014,0.019799217823642645,-0.0031040177357268316,0.008620916686822504,False,False,False
493,8324,8352,2022-09-20 11:15:00,2022-09-21 09:35:00,-1.0,29,0.008165466233438279,0.008165466233438279,0.0,0.0,False,False,False
494,8353,8354,2022-09-21 09:40:00,2022-09-21 09:45:00,1.0,2,-0.009559939810258768,0.0,-0.009559939810258768,0.009559939810258768,True,False,False
495,8355,8360,2022-09-21 09:50:00,2022-09-21 10:15:00,-1.0,6,-0.009763871616169874,4.1183193144678265e-05,-0.009763871616169874,0.009805054809314552,False,True,False
496,8361,8364,2022-09-21 10:20:00,2022-09-21 10:35:00,1.0,4,-0.0061976696403091315,0.0,-0.006946852501617069,0.0061976696403091315,True,False,False
497,8365,8392,2022-09-21 10:40:00,2022-09-21 14:25:00,-1.0,28,-0.0021315851481522492,0.003555906442577975,-0.0021315851481522492,0.0056874915907302245,False,True,False
498,8393,8398,2022-09-21 14:30:00,2022-09-21 14:55:00,1.0,6,-0.005234593032264075,0.0,-0.005234593032264075,0.005234593032264075,True,False,False
499,8399,8404,2022-09-21 15:00:00,2022-09-22 09:55:00,-1.0,6,-0.008096878270676003,0.007001629264074285,-0.008096878270676003,0.015098507534750286,False,True,False
500,8405,8411,2022-09-22 10:00:00,2022-09-22 10:30:00,1.0,7,-0.0017777419191977225,0.005243263235200685,-0.0017777419191977225,0.0070210051543984076,False,True,False
501,8412,8416,2022-09-22 10:35:00,2022-09-22 10:55:00,-1.0,5,-0.004051501380790979,0.0009617057717163026,-0.004051501380790979,0.0050132071525072815,False,True,False
502,8417,8422,2022-09-22 11:00:00,2022-09-22 11:25:00,1.0,6,-0.006918886857947044,0.0,-0.006918886857947044,0.006918886857947044,True,False,False
503,8423,8441,2022-09-22 11:30:00,2022-09-22 14:30:00,-1.0,19,-0.00041013022209248533,0.0037193479570525423,-0.001619035285877057,0.004129478179145028,False,True,False
504,8442,8451,2022-09-22 14:35:00,2022-09-23 09:50:00,1.0,10,-0.004438333050697386,0.0055203575071040255,-0.004438333050697386,0.009958690557801412,False,True,False
505,8452,8475,2022-09-23 09:55:00,2022-09-23 13:20:00,-1.0,24,0.00698494263761758,0.014729334419482194,-0.0028892096369095305,0.007744391781864614,False,False,False
506,8476,8481,2022-09-23 13:25:00,2022-09-23 13:50:00,1.0,6,-0.0012139008685838697,0.006840777712694155,-0.0012139008685838697,0.008054678581278025,False,True,False
507,8482,8489,2022-09-23 13:55:00,2022-09-23 14:30:00,-1.0,8,-0.003906194256414868,0.001225770415044789,-0.0046091383806300045,0.005131964671459657,False,True,False
508,8490,8495,2022-09-23 14:35:00,2022-09-23 15:00:00,1.0,6,-0.0057142123719146716,0.0,-0.0057142123719146716,0.0057142123719146716,True,False,False
509,8496,8500,2022-09-26 09:35:00,2022-09-26 09:55:00,-1.0,5,-0.00706797288041848,0.009719366690115087,-0.00706797288041848,0.016787339570533567,False,True,False
510,8501,8518,2022-09-26 10:00:00,2022-09-26 11:25:00,1.0,18,0.0019086830211248666,0.009865154559918397,-0.00468913406495298,0.00795647153879353,False,False,False
511,8519,8546,2022-09-26 11:30:00,2022-09-27 09:45:00,-1.0,28,0.0016505398948164496,0.010537920218014035,-0.0018638950493632712,0.008887380323197585,False,False,False
512,8547,8557,2022-09-27 09:50:00,2022-09-27 10:40:00,1.0,11,-0.004916150885898877,0.0035658744795892447,-0.004916150885898877,0.008482025365488121,False,True,False
513,8558,8569,2022-09-27 10:45:00,2022-09-27 13:10:00,-1.0,12,-0.001586158253751008,0.0038045783937818906,-0.001586158253751008,0.005390736647532899,False,True,False
514,8570,8596,2022-09-27 13:15:00,2022-09-28 09:55:00,1.0,27,0.0037428830775352866,0.011156150832734203,-0.0014616627198673782,0.007413267755198917,False,False,False
515,8597,8626,2022-09-28 10:00:00,2022-09-28 13:55:00,-1.0,30,0.007853416383020307,0.011813817599116984,-0.0005983884957818215,0.0039604012160966776,False,False,False
516,8627,8634,2022-09-28 14:00:00,2022-09-28 14:35:00,1.0,8,-0.0032922869437079245,0.0020988983297879895,-0.0032922869437079245,0.005391185273495914,False,True,False
517,8635,8643,2022-09-28 14:40:00,2022-09-29 09:50:00,-1.0,9,-0.005712903876276256,0.00212071431566763,-0.005712903876276256,0.007833618191943885,False,True,False
518,8644,8654,2022-09-29 09:55:00,2022-09-29 10:45:00,1.0,11,0.0002490014019192195,0.0064024214770096455,-0.0024622237893840745,0.006153420075090426,False,False,False
519,8655,8667,2022-09-29 10:50:00,2022-09-29 13:20:00,-1.0,13,-0.0017412759242605718,0.002243247832866611,-0.003820612113707095,0.003984523757127182,False,True,False
520,8668,8674,2022-09-29 13:25:00,2022-09-29 13:55:00,1.0,7,-0.0029453574905511128,0.0,-0.003329723162079619,0.0029453574905511128,True,False,False
521,8675,8684,2022-09-29 14:00:00,2022-09-29 14:45:00,-1.0,10,0.0004363183115135892,0.0067948778968050395,0.0,0.0063585595852914505,False,False,False
522,8685,8690,2022-09-29 14:50:00,2022-09-30 09:45:00,1.0,6,-0.005250723097329589,0.0009762583082255853,-0.007342008431059222,0.006226981405555175,False,True,False
523,8691,8706,2022-09-30 09:50:00,2022-09-30 11:05:00,-1.0,16,0.0044597130091570064,0.012381130558981969,-0.003087098182968875,0.007921417549824963,False,False,False
524,8707,8713,2022-09-30 11:10:00,2022-09-30 13:10:00,1.0,7,-0.006927801976132101,0.0,-0.006927801976132101,0.006927801976132101,True,False,False
525,8714,8799,2022-09-30 13:15:00,2022-10-11 10:50:00,-1.0,86,0.051687618242662985,0.06158254527034972,-0.0014780252054611867,0.009894927027686733,False,False,False
526,8800,8811,2022-10-11 10:55:00,2022-10-11 13:20:00,1.0,12,-0.005086174591803137,0.0012897345602081792,-0.005086174591803137,0.006375909152011316,False,True,False
527,8812,8840,2022-10-11 13:25:00,2022-10-12 10:15:00,-1.0,29,0.009324653012789633,0.0243700551149049,-0.0013856453847973635,0.015045402102115267,False,False,False
528,8841,8850,2022-10-12 10:20:00,2022-10-12 11:05:00,1.0,10,-0.005795739613520518,0.0015113239364992815,-0.005977398844012051,0.0073070635500198,False,True,False
529,8851,8863,2022-10-12 11:10:00,2022-10-12 13:40:00,-1.0,13,-0.005908603883070041,0.0013518811949211396,-0.005908603883070041,0.00726048507799118,False,True,False
530,8864,8893,2022-10-12 13:45:00,2022-10-13 10:40:00,1.0,30,0.054595138074774396,0.060540306771560436,0.0,0.005945168696786039,False,False,False
531,8894,8905,2022-10-13 10:45:00,2022-10-13 13:10:00,-1.0,12,0.0019039475213506504,0.004648580595275575,-0.0014736035470306302,0.002744633073924924,False,False,False
532,8906,8917,2022-10-13 13:15:00,2022-10-13 14:10:00,1.0,12,-0.0019826710385727644,0.004134864242892511,-0.0019826710385727644,0.006117535281465275,False,True,False
533,8918,8930,2022-10-13 14:15:00,2022-10-14 09:45:00,-1.0,13,0.0026102523561724548,0.0057019444218288735,-0.00455962001144736,0.0030916920656564187,False,False,False
534,8931,8982,2022-10-14 09:50:00,2022-10-17 10:05:00,1.0,52,0.020820115339629908,0.03403706570965746,-0.0005486968587593627,0.013216950370027555,False,False,False
535,8983,9004,2022-10-17 10:10:00,2022-10-17 13:25:00,-1.0,22,-0.004477525296000542,0.0012543548306138753,-0.006928506915140242,0.005731880126614418,False,True,False
536,9005,9026,2022-10-17 13:30:00,2022-10-18 09:45:00,1.0,22,0.0020324358502832414,0.011905150722313,0.0,0.009872714872029759,False,False,False
537,9027,9038,2022-10-18 09:50:00,2022-10-18 10:45:00,-1.0,12,-0.003989978136454227,0.001801745666175629,-0.0046985698401512035,0.005791723802629856,False,True,False
538,9039,9055,2022-10-18 10:50:00,2022-10-18 13:40:00,1.0,17,0.001739321061935741,0.008676844025688973,-0.001836337024696229,0.0069375229637532315,False,False,False
539,9056,9084,2022-10-18 13:45:00,2022-10-19 10:35:00,-1.0,29,0.0018331428943451325,0.009252017008720245,-0.001892108809716395,0.0074188741143751125,False,False,False
540,9085,9093,2022-10-19 10:40:00,2022-10-19 11:20:00,1.0,9,-0.00225436879244403,0.0018851717599710702,-0.0023588609086088188,0.0041395405524151,False,True,False
541,9094,9111,2022-10-19 11:25:00,2022-10-19 14:20:00,-1.0,18,0.0022280460474620855,0.007383048407849763,-0.0008877424250227947,0.005155002360387678,False,False,False
542,9112,9116,2022-10-19 14:25:00,2022-10-19 14:45:00,1.0,5,-0.004628836100760991,0.00012565576619433616,-0.004628836100760991,0.0047544918669553266,False,True,False
543,9117,9131,2022-10-19 14:50:00,2022-10-20 10:30:00,-1.0,15,0.0032561476647357947,0.01281159327906373,-0.0005889777200131623,0.009555445614327935,False,False,False
544,9132,9155,2022-10-20 10:35:00,2022-10-20 14:00:00,1.0,24,0.01881018421367582,0.029811984581466895,-0.00045396241337457613,0.011001800367791074,False,False,False
545,9156,9181,2022-10-20 14:05:00,2022-10-21 10:40:00,-1.0,26,0.004411947424154511,0.0140927473058699,-0.0029374064395805734,0.009680799881715389,False,False,False
546,9182,9207,2022-10-21 10:45:00,2022-10-21 14:20:00,1.0,26,0.0028881336565041134,0.010339940906636983,-0.00233321287036222,0.00745180725013287,False,False,False
547,9208,9213,2022-10-21 14:25:00,2022-10-21 14:50:00,-1.0,6,-0.005183905323496936,0.0005395926206737203,-0.005183905323496936,0.005723497944170656,False,True,False
548,9214,9225,2022-10-21 14:55:00,2022-10-24 10:20:00,1.0,12,-0.003245849922781412,0.016519827492658835,-0.003245849922781412,0.019765677415440247,False,True,False
549,9226,9229,2022-10-24 10:25:00,2022-10-24 10:40:00,-1.0,4,-0.01242993387203616,0.0,-0.01242993387203616,0.01242993387203616,True,False,False
550,9230,9245,2022-10-24 10:45:00,2022-10-24 13:30:00,1.0,16,-0.007616620855565553,0.002114543632925902,-0.007616620855565553,0.009731164488491454,False,True,False
551,9246,9259,2022-10-24 13:35:00,2022-10-24 14:40:00,-1.0,14,-0.0003708816723948116,0.009046650596819266,-0.005200369372854778,0.009417532269214077,False,True,False
552,9260,9265,2022-10-24 14:45:00,2022-10-25 09:40:00,1.0,6,-0.011551360488656903,0.0028080515877538068,-0.011551360488656903,0.01435941207641071,False,True,False
553,9266,9268,2022-10-25 09:45:00,2022-10-25 09:55:00,-1.0,3,-0.016780546883119116,0.003319072037681807,-0.016780546883119116,0.020099618920800925,False,True,False
554,9269,9273,2022-10-25 10:00:00,2022-10-25 10:20:00,1.0,5,-0.01706192731652985,0.0,-0.01706192731652985,0.01706192731652985,True,False,False
555,9274,9285,2022-10-25 10:25:00,2022-10-25 11:20:00,-1.0,12,-0.006638192283429132,0.002797263013017404,-0.007652370161933545,0.009435455296446536,False,True,False
556,9286,9299,2022-10-25 11:25:00,2022-10-25 14:00:00,1.0,14,0.006357812290178932,0.01634919396911356,0.0,0.00999138167893463,False,False,False
557,9300,9316,2022-10-25 14:05:00,2022-10-26 09:55:00,-1.0,17,-0.008686710158926515,0.0014723221587757433,-0.008686710158926515,0.010159032317702259,False,True,False
558,9317,9344,2022-10-26 10:00:00,2022-10-26 13:45:00,1.0,28,0.022549688367072745,0.028743012833412056,0.0,0.006193324466339311,False,False,False
559,9345,9359,2022-10-26 13:50:00,2022-10-26 15:00:00,-1.0,15,-0.0005383419199285235,0.002176257697151524,-0.003960992439958326,0.0027145996170800475,False,True,False
560,9360,9373,2022-10-27 09:35:00,2022-10-27 10:40:00,1.0,14,0.0061999065925310145,0.013483216855869336,0.0,0.007283310263338322,False,False,False
561,9374,9391,2022-10-27 10:45:00,2022-10-27 13:40:00,-1.0,18,0.005641932025680102,0.013391699571814636,-0.000732702318018549,0.007749767546134534,False,False,False
562,9392,9401,2022-10-27 13:45:00,2022-10-27 14:30:00,1.0,10,0.005542877010443485,0.01722290579770723,0.0,0.011680028787263746,False,False,False
563,9402,9412,2022-10-27 14:35:00,2022-10-28 09:55:00,-1.0,11,-0.004506960790319415,0.012841011896864457,-0.004506960790319415,0.017347972687183872,False,True,False
564,9413,9416,2022-10-28 10:00:00,2022-10-28 10:15:00,1.0,4,-0.008825378326207141,0.0,-0.008825378326207141,0.008825378326207141,True,False,False
565,9417,9430,2022-10-28 10:20:00,2022-10-28 11:25:00,-1.0,14,-0.0038229952277874,0.0019917547963244843,-0.005585581337848613,0.005814750024111885,False,True,False
566,9431,9436,2022-10-28 11:30:00,2022-10-28 13:25:00,1.0,6,-0.00430065470547339,0.0013172818361930686,-0.00430065470547339,0.005617936541666459,False,True,False
567,9437,9457,2022-10-28 13:30:00,2022-10-31 09:40:00,-1.0,21,-0.01025914091900729,0.013225850564970458,-0.01025914091900729,0.02348499148397775,False,True,False
568,9458,9466,2022-10-31 09:45:00,2022-10-31 10:25:00,1.0,9,-0.008657891403605397,0.0016832783598013414,-0.008657891403605397,0.010341169763406738,False,True,False
569,9467,9470,2022-10-31 10:30:00,2022-10-31 10:45:00,-1.0,4,-0.010429684921685334,0.0,-0.010429684921685334,0.010429684921685334,True,False,False
570,9471,9487,2022-10-31 10:50:00,2022-10-31 13:40:00,1.0,17,-0.003033648217347594,0.004082840100880562,-0.004721895556532672,0.0071164883182281554,False,True,False
571,9488,9505,2022-10-31 13:45:00,2022-11-01 09:40:00,-1.0,18,-0.0005325391394184905,0.006839680820929558,-0.0005325391394184905,0.007372219960348049,False,True,False
572,9506,9509,2022-11-01 09:45:00,2022-11-01 10:00:00,1.0,4,-0.009251162936972885,0.0002760197963148168,-0.009649275886873563,0.009527182733287702,False,True,False
573,9510,9514,2022-11-01 10:05:00,2022-11-01 10:25:00,-1.0,5,-0.007346522639091306,0.0005574025187618097,-0.007346522639091306,0.007903925157853115,False,True,False
574,9515,9523,2022-11-01 10:30:00,2022-11-01 11:10:00,1.0,9,0.006625898625092243,0.014844574105407229,0.0,0.008218675480314987,False,False,False
575,9524,9542,2022-11-01 11:15:00,2022-11-01 14:15:00,-1.0,19,0.0025250677842977402,0.010337028839992534,-0.00012755790410218397,0.0078119610556947935,False,False,False
576,9543,9595,2022-11-01 14:20:00,2022-11-02 14:40:00,1.0,53,0.02068935242063369,0.028607734110295824,-0.0013880619079342294,0.007918381689662135,False,False,False
577,9596,9602,2022-11-02 14:45:00,2022-11-03 09:45:00,-1.0,7,-0.013657086882363192,0.009031176624111186,-0.013657086882363192,0.022688263506474377,False,True,False
578,9603,9621,2022-11-03 09:50:00,2022-11-03 11:20:00,1.0,19,-0.0036567638428487968,0.0009595881158359573,-0.008898537765519498,0.004616351958684754,False,True,False
579,9622,9634,2022-11-03 11:25:00,2022-11-03 13:55:00,-1.0,13,0.0006966812488020269,0.004724026686805389,-0.0036187413905865084,0.004027345438003362,False,False,False
580,9635,9702,2022-11-03 14:00:00,2022-11-07 10:05:00,1.0,68,0.023185861404133874,0.030240941442361682,-0.0008882564493121303,0.007055080038227808,False,False,False
581,9703,9711,2022-11-07 10:10:00,2022-11-07 10:50:00,-1.0,9,0.0031765930685336086,0.010266789976791701,0.0,0.007090196908258093,False,False,False
582,9712,9722,2022-11-07 10:55:00,2022-11-07 13:15:00,1.0,11,-0.004981365398054952,0.0035216731165383748,-0.004981365398054952,0.008503038514593327,False,True,False
583,9723,9737,2022-11-07 13:20:00,2022-11-07 14:30:00,-1.0,15,0.0014305076976404653,0.004581067310841748,-0.00045131446100600103,0.003150559613201282,False,False,False
584,9738,9745,2022-11-07 14:35:00,2022-11-08 09:40:00,1.0,8,-0.006396378624742395,0.002370516414937348,-0.006396378624742395,0.008766895039679742,False,True,False
585,9746,9759,2022-11-08 09:45:00,2022-11-08 10:50:00,-1.0,14,0.006017900684468998,0.01040435464796494,0.0,0.004386453963495942,False,False,False
586,9760,9762,2022-11-08 10:55:00,2022-11-08 11:05:00,1.0,3,-0.005095442821830062,0.0,-0.005095442821830062,0.005095442821830062,True,False,False
587,9763,9775,2022-11-08 11:10:00,2022-11-08 13:40:00,-1.0,13,-0.004179604479591959,0.001832284200020781,-0.004179604479591959,0.00601188867961274,False,True,False
588,9776,9794,2022-11-08 13:45:00,2022-11-09 09:45:00,1.0,19,-0.006348011838301823,0.003743913376167007,-0.006348011838301823,0.01009192521446883,False,True,False
589,9795,9803,2022-11-09 09:50:00,2022-11-09 10:30:00,-1.0,9,-0.00876934360918028,0.0004034969792470791,-0.00876934360918028,0.009172840588427359,False,True,False
590,9804,9808,2022-11-09 10:35:00,2022-11-09 10:55:00,1.0,5,-0.005508919359377697,0.002282498042720102,-0.005508919359377697,0.0077914174020978,False,True,False
591,9809,9843,2022-11-09 11:00:00,2022-11-10 09:50:00,-1.0,35,0.004356009344107804,0.010954846660623884,-0.0013872480662613623,0.0065988373165160805,False,False,False
592,9844,9848,2022-11-10 09:55:00,2022-11-10 10:15:00,1.0,5,-0.004655183313141309,0.0020652332648245686,-0.004655183313141309,0.006720416577965878,False,True,False
593,9849,9877,2022-11-10 10:20:00,2022-11-10 14:10:00,-1.0,29,0.007018797233495943,0.012618647969304501,-0.0008015026188209576,0.005599850735808558,False,False,False
594,9878,9885,2022-11-10 14:15:00,2022-11-10 14:50:00,1.0,8,-0.004025994022887035,0.002788209726967821,-0.004025994022887035,0.006814203749854856,False,True,False
595,9886,9889,2022-11-10 14:55:00,2022-11-11 09:40:00,-1.0,4,-0.025431596600814003,0.001026147298189159,-0.02896772195850938,0.026457743899003162,False,True,False
596,9890,9902,2022-11-11 09:45:00,2022-11-11 10:45:00,1.0,13,-0.0076951766525247345,0.0,-0.010866914346651633,0.0076951766525247345,True,False,False
597,9903,9942,2022-11-11 10:50:00,2022-11-14 10:05:00,-1.0,40,0.01087370994839515,0.02004428629501241,-0.003802413412161255,0.009170576346617259,False,False,False
598,9943,9947,2022-11-14 10:10:00,2022-11-14 10:30:00,1.0,5,-0.00783996925657765,0.0,-0.00783996925657765,0.00783996925657765,True,False,False
599,9948,9976,2022-11-14 10:35:00,2022-11-14 14:25:00,-1.0,29,0.0037125057945732163,0.007990618741070953,0.0,0.004278112946497737,False,False,False
600,9977,10016,2022-11-14 14:30:00,2022-11-15 13:45:00,1.0,40,0.02824365952148606,0.033372778691512575,-0.0030665825765377433,0.005129119170026515,False,False,False
601,10017,10031,2022-11-15 13:50:00,2022-11-15 15:00:00,-1.0,15,-0.0030292661482240963,0.0012314743447905312,-0.0030292661482240963,0.004260740493014627,False,True,False
602,10032,10037,2022-11-16 09:35:00,2022-11-16 10:00:00,1.0,6,-0.003878725742599894,0.0022137460763476903,-0.003878725742599894,0.006092471818947584,False,True,False
603,10038,10044,2022-11-16 10:05:00,2022-11-16 10:35:00,-1.0,7,-0.004382712478447459,0.0012707635367142072,-0.004382712478447459,0.005653476015161666,False,True,False
604,10045,10047,2022-11-16 10:40:00,2022-11-16 10:50:00,1.0,3,-0.005051334092192786,0.0,-0.005395370792833802,0.005051334092192786,True,False,False
605,10048,10097,2022-11-16 10:55:00,2022-11-17 11:00:00,-1.0,50,0.021899073146252883,0.029428003786537857,0.0,0.007528930640284974,False,False,False
606,10098,10143,2022-11-17 11:05:00,2022-11-18 10:50:00,1.0,46,0.014649329080269528,0.021182196404009403,-0.0036887593501603354,0.006532867323739875,False,False,False
607,10144,10149,2022-11-18 10:55:00,2022-11-18 11:20:00,-1.0,6,-0.0024992323067274855,0.0012230532589664004,-0.00393826092310208,0.003722285565693886,False,True,False
608,10150,10159,2022-11-18 11:25:00,2022-11-18 13:40:00,1.0,10,-0.003703013286938961,0.0019086629332302398,-0.003703013286938961,0.005611676220169201,False,True,False
609,10160,10187,2022-11-18 13:45:00,2022-11-21 10:30:00,-1.0,28,0.00880747452145667,0.015655212856465792,-0.00290585994638472,0.006847738335009122,False,False,False
610,10188,10201,2022-11-21 10:35:00,2022-11-21 13:10:00,1.0,14,-0.004765045923217951,0.002320693559481572,-0.004765045923217951,0.007085739482699523,False,True,False
611,10202,10207,2022-11-21 13:15:00,2022-11-21 13:40:00,-1.0,6,-0.003987040107281543,0.0005569152899938217,-0.003987040107281543,0.004543955397275364,False,True,False
612,10208,10226,2022-11-21 13:45:00,2022-11-22 09:45:00,1.0,19,-0.003371862784992961,0.00400027719757043,-0.003371862784992961,0.007372139982563391,False,True,False
613,10227,10231,2022-11-22 09:50:00,2022-11-22 10:10:00,-1.0,5,-0.001804288844019764,0.0025021271349712267,-0.003965147019576742,0.004306415978990991,False,True,False
614,10232,10238,2022-11-22 10:15:00,2022-11-22 10:45:00,1.0,7,-0.0022436625970423804,0.00395801332627241,-0.0022436625970423804,0.00620167592331479,False,True,False
615,10239,10290,2022-11-22 10:50:00,2022-11-23 11:05:00,-1.0,52,0.018699872141577898,0.028519165500472943,-0.0048030878805360114,0.009819293358895045,False,False,False
616,10291,10327,2022-11-23 11:10:00,2022-11-24 10:10:00,1.0,37,0.008816826809367535,0.018807292443141548,-0.0038582179448625265,0.009990465633774013,False,False,False
617,10328,10337,2022-11-24 10:15:00,2022-11-24 11:00:00,-1.0,10,-0.006321885562677851,0.0,-0.006321885562677851,0.006321885562677851,True,False,False
618,10338,10343,2022-11-24 11:05:00,2022-11-24 11:30:00,1.0,6,-0.0035640510773077287,0.0,-0.004429979790702874,0.0035640510773077287,True,False,False
619,10344,10355,2022-11-24 13:05:00,2022-11-24 14:00:00,-1.0,12,-0.002485376369620817,0.0025605938807801757,-0.002485376369620817,0.005045970250400993,False,True,False
620,10356,10364,2022-11-24 14:05:00,2022-11-24 14:45:00,1.0,9,-0.0033709939981576126,0.0,-0.003883041905517933,0.0033709939981576126,True,False,False
621,10365,10459,2022-11-24 14:50:00,2022-11-28 14:40:00,-1.0,95,0.022681179373196594,0.03221277030520606,0.0,0.009531590932009462,False,False,False
622,10460,10470,2022-11-28 14:45:00,2022-11-29 10:05:00,1.0,11,-0.0031267045826750303,0.002343652844319123,-0.0031267045826750303,0.005470357426994154,False,True,False
623,10471,10474,2022-11-29 10:10:00,2022-11-29 10:25:00,-1.0,4,-0.0070264029767029435,0.0,-0.0070264029767029435,0.0070264029767029435,True,False,False
624,10475,10502,2022-11-29 10:30:00,2022-11-29 14:15:00,1.0,28,0.0031948429003598937,0.006289800593832926,-0.003758722842982935,0.0030949576934730326,False,False,False
625,10503,10526,2022-11-29 14:20:00,2022-11-30 10:45:00,-1.0,24,-0.0032544377887017873,0.0034958241013399536,-0.0032544377887017873,0.00675026189004174,False,True,False
626,10527,10532,2022-11-30 10:50:00,2022-11-30 11:15:00,1.0,6,-0.003764527065383287,0.0,-0.004525143201094028,0.003764527065383287,True,False,False
627,10533,10560,2022-11-30 11:20:00,2022-12-01 09:35:00,-1.0,28,-0.00910237925639381,0.008025555971151196,-0.00910237925639381,0.017127935227545008,False,True,False
628,10561,10591,2022-12-01 09:40:00,2022-12-01 13:40:00,1.0,31,0.0023269986784846377,0.007909472811794004,-0.0028592154655920606,0.005582474133309367,False,False,False
629,10592,10609,2022-12-01 13:45:00,2022-12-02 09:40:00,-1.0,18,-0.0027951325637774775,0.0053850746739004555,-0.0027951325637774775,0.008180207237677933,False,True,False
630,10610,10621,2022-12-02 09:45:00,2022-12-02 10:40:00,1.0,12,0.0014094157201264361,0.006253277281631653,0.0,0.004843861561505217,False,False,False
631,10622,10667,2022-12-02 10:45:00,2022-12-05 10:30:00,-1.0,46,0.007811226522774066,0.012318001763815221,-0.001033622347388442,0.004506775241041155,False,False,False
632,10668,10673,2022-12-05 10:35:00,2022-12-05 11:00:00,1.0,6,-0.003988408085935858,0.0,-0.003988408085935858,0.003988408085935858,True,False,False
633,10674,10699,2022-12-05 11:05:00,2022-12-05 14:40:00,-1.0,26,0.0006978645628469028,0.0036142211866499263,0.0,0.0029163566238030233,False,False,False
634,10700,10710,2022-12-05 14:45:00,2022-12-06 10:05:00,1.0,11,-0.0014870781659861,0.004160037846561838,-0.0014870781659861,0.005647116012547938,False,True,False
635,10711,10714,2022-12-06 10:10:00,2022-12-06 10:25:00,-1.0,4,-0.0035095451683569466,0.0,-0.0035095451683569466,0.0035095451683569466,True,False,False
636,10715,10728,2022-12-06 10:30:00,2022-12-06 13:05:00,1.0,14,0.0031599998471512894,0.008365097938071815,-0.0010157036612036248,0.0052050980909205255,False,False,False
637,10729,10758,2022-12-06 13:10:00,2022-12-07 10:05:00,-1.0,30,0.0019266106560195373,0.009690423366865418,0.0,0.0077638127108458806,False,False,False
638,10759,10775,2022-12-07 10:10:00,2022-12-07 11:30:00,1.0,17,-0.0010244017345936865,0.0017083155400022267,-0.0020498539443020735,0.0027327172745959132,False,True,False
639,10776,10798,2022-12-07 13:05:00,2022-12-07 14:55:00,-1.0,23,0.004817796229047972,0.006819558447642204,-0.0005570864523370778,0.002001762218594233,False,False,False
640,10799,10810,2022-12-07 15:00:00,2022-12-08 10:25:00,1.0,12,-0.0005700940809611946,0.0032044750274439118,-0.0022121798984637217,0.0037745691084051063,False,True,False
641,10811,10841,2022-12-08 10:30:00,2022-12-08 14:30:00,-1.0,31,0.0002501438340078142,0.0035378399974753012,0.0,0.003287696163467487,False,False,False
642,10842,10849,2022-12-08 14:35:00,2022-12-09 09:40:00,1.0,8,-0.0011214130978761813,0.00032017289609747256,-0.0016024039482819916,0.0014415859939736538,False,True,False
643,10850,10858,2022-12-09 09:45:00,2022-12-09 10:25:00,-1.0,9,-0.0053155474665257715,0.0034723302488399253,-0.0053155474665257715,0.008787877715365697,False,True,False
644,10859,10863,2022-12-09 10:30:00,2022-12-09 10:50:00,1.0,5,-0.005525952496983671,0.0,-0.0060471460419729475,0.005525952496983671,True,False,False
645,10864,10869,2022-12-09 10:55:00,2022-12-09 11:20:00,-1.0,6,-0.0017220151827953252,0.00081197720900718,-0.0020820619927694947,0.002533992391802505,False,True,False
646,10870,10875,2022-12-09 11:25:00,2022-12-09 13:20:00,1.0,6,-0.000590357183231538,0.0017090689736399562,-0.0024938792728015627,0.0022994261568714943,False,True,False
647,10876,10890,2022-12-09 13:25:00,2022-12-09 14:35:00,-1.0,15,-0.0002702067097756376,0.0027964196011257573,-0.0002702067097756376,0.003066626310901395,False,True,False
648,10891,10904,2022-12-09 14:40:00,2022-12-12 10:15:00,1.0,14,-0.0017827101909016303,0.003526001645413998,-0.0017827101909016303,0.0053087118363156285,False,True,False
649,10905,10911,2022-12-12 10:20:00,2022-12-12 10:50:00,-1.0,7,-0.003781971130527771,0.000561510477899326,-0.003781971130527771,0.0043434816084270975,False,True,False
650,10912,10936,2022-12-12 10:55:00,2022-12-12 14:25:00,1.0,25,0.0048714251832158665,0.009452176225345128,-0.00013981823652061984,0.004580751042129261,False,False,False
651,10937,10993,2022-12-12 14:30:00,2022-12-14 09:40:00,-1.0,57,0.0078017056564085255,0.016280722483869456,0.0,0.00847901682746093,False,False,False
652,10994,10999,2022-12-14 09:45:00,2022-12-14 10:10:00,1.0,6,-0.006047656136562176,0.0,-0.006269361048234092,0.006047656136562176,True,False,False
653,11000,11006,2022-12-14 10:15:00,2022-12-14 10:45:00,-1.0,7,-0.0036108929162184285,0.001088841499678984,-0.005326271045964639,0.0046997344158974125,False,True,False
654,11007,11011,2022-12-14 10:50:00,2022-12-14 11:10:00,1.0,5,-0.004014029322879433,0.0,-0.004014029322879433,0.004014029322879433,True,False,False
655,11012,11042,2022-12-14 11:15:00,2022-12-15 09:45:00,-1.0,31,0.002280778875254289,0.008737482247937765,0.0,0.006456703372683476,False,False,False
656,11043,11052,2022-12-15 09:50:00,2022-12-15 10:35:00,1.0,10,-0.0022049833445482534,0.0029760875850522606,-0.0022049833445482534,0.005181070929600514,False,True,False
657,11053,11068,2022-12-15 10:40:00,2022-12-15 13:25:00,-1.0,16,-0.0007793798757816659,0.0015301601546627403,-0.001214353809493617,0.0023095400304444062,False,True,False
658,11069,11088,2022-12-15 13:30:00,2022-12-16 09:35:00,1.0,20,-0.004156956204091673,0.0035954913346475407,-0.004156956204091673,0.007752447538739214,False,True,False
659,11089,11134,2022-12-16 09:40:00,2022-12-16 14:55:00,-1.0,46,0.006789570591403558,0.010376227986090687,0.0,0.0035866573946871285,False,False,False
660,11135,11141,2022-12-16 15:00:00,2022-12-19 10:00:00,1.0,7,-0.005199718398610823,0.001012182054241086,-0.005199718398610823,0.006211900452851909,False,True,False
661,11142,11186,2022-12-19 10:05:00,2022-12-20 09:45:00,-1.0,45,0.015711144568571856,0.019038307937953313,0.0,0.003327163369381457,False,False,False
662,11187,11189,2022-12-20 09:50:00,2022-12-20 10:00:00,1.0,3,-0.005582949365365348,0.0,-0.005582949365365348,0.005582949365365348,True,False,False
663,11190,11198,2022-12-20 10:05:00,2022-12-20 10:45:00,-1.0,9,-0.0036800788032109065,0.0009668233253088074,-0.0036800788032109065,0.004646902128519714,False,True,False
664,11199,11217,2022-12-20 10:50:00,2022-12-20 13:50:00,1.0,19,-0.0034070154508171577,0.0,-0.003701086765229474,0.0034070154508171577,True,False,False
665,11218,11226,2022-12-20 13:55:00,2022-12-20 14:35:00,-1.0,9,-0.001469060799990497,0.001145264875717506,-0.001469060799990497,0.002614325675708003,False,True,False
666,11227,11233,2022-12-20 14:40:00,2022-12-21 09:40:00,1.0,7,-0.003729328894300112,0.0005346220297265208,-0.003729328894300112,0.004263950924026633,False,True,False
667,11234,11273,2022-12-21 09:45:00,2022-12-21 14:30:00,-1.0,40,0.010410368874948842,0.01304064625088017,-0.003026547634878136,0.002630277375931328,False,False,False
668,11274,11292,2022-12-21 14:35:00,2022-12-22 10:35:00,1.0,19,0.0014028228792624738,0.00466844349205791,-0.0016604227248066248,0.003265620612795436,False,False,False
669,11293,11301,2022-12-22 10:40:00,2022-12-22 11:20:00,-1.0,9,-0.0005627014062064618,0.0011582500033014184,-0.0013478306745647983,0.0017209514095078802,False,True,False
670,11302,11304,2022-12-22 11:25:00,2022-12-22 13:05:00,1.0,3,-0.002401650428569386,0.0,-0.0024548495582441283,0.002401650428569386,True,False,False
671,11305,11374,2022-12-22 13:10:00,2022-12-23 14:55:00,-1.0,70,0.02098708403405259,0.02629248302536479,-0.002104413666686323,0.005305398991312198,False,False,False
672,11375,11428,2022-12-23 15:00:00,2022-12-27 09:55:00,1.0,54,0.03154937001970923,0.03854684403228595,0.0,0.006997474012576721,False,False,False
673,11429,11442,2022-12-27 10:00:00,2022-12-27 11:05:00,-1.0,14,-0.0009260136827809928,0.0025826324513275314,-0.0022293974089269333,0.0035086461341085244,False,True,False
674,11443,11474,2022-12-27 11:10:00,2022-12-28 09:45:00,1.0,32,0.01020283540024184,0.015374240190029533,-0.001220834318148872,0.005171404789787693,False,False,False
675,11475,11486,2022-12-28 09:50:00,2022-12-28 10:45:00,-1.0,12,0.00022907360651636143,0.004591472117210964,0.0,0.004362398510694603,False,False,False
676,11487,11499,2022-12-28 10:50:00,2022-12-28 13:20:00,1.0,13,-8.331250525513788e-05,0.002257208158549411,-0.0011044543972395053,0.002340520663804549,False,True,False
677,11500,11522,2022-12-28 13:25:00,2022-12-29 09:45:00,-1.0,23,-0.004706673346739294,0.0042790860054393465,-0.004706673346739294,0.00898575935217864,False,True,False
678,11523,11526,2022-12-29 09:50:00,2022-12-29 10:05:00,1.0,4,-0.0059676221431834335,0.0,-0.0059676221431834335,0.0059676221431834335,True,False,False
679,11527,11533,2022-12-29 10:10:00,2022-12-29 10:40:00,-1.0,7,-0.005335120890793267,0.0013251876244775934,-0.005335120890793267,0.00666030851527086,False,True,False
680,11534,11547,2022-12-29 10:45:00,2022-12-29 13:20:00,1.0,14,0.001958417934621503,0.004842424047693443,0.0,0.0028840061130719396,False,False,False
681,11548,11570,2022-12-29 13:25:00,2022-12-30 09:45:00,-1.0,23,-0.00017596613214945853,0.0034531244616068306,-0.004719644822164434,0.003629090593756289,False,True,False
682,11571,11580,2022-12-30 09:50:00,2022-12-30 10:35:00,1.0,10,0.00022767492259081004,0.003842821141537535,0.0,0.003615146218946725,False,False,False
683,11581,11611,2022-12-30 10:40:00,2022-12-30 14:40:00,-1.0,31,0.00404376101861121,0.007217623564799089,0.0,0.003173862546187879,False,False,False
684,11612,11615,2022-12-30 14:45:00,2022-12-30 15:00:00,1.0,4,-0.0017990198636608544,0.0,-0.0017990198636608544,0.0017990198636608544,True,False,True
