year,feature,high_a,low_a,year_cycles,high_feature,low_feature,high_bars_x,low_bars_x,high_amplitude_x,low_amplitude_x,delta_net_log,delta_capture,high_b,high_c,high_pnl_first_index,high_pnl_last_index,high_year,high_start,high_peak,high_end,high_bars_y,high_sigma,high_net_log,high_capture,high_peak_fraction,high_time_mass_skew,high_motion_concentration,high_half_height_width,high_negative_area_share,high_amplitude_y,high_net_trend_normalized,low_b,low_c,low_pnl_first_index,low_pnl_last_index,low_year,low_start,low_peak,low_end,low_bars_y,low_sigma,low_net_log,low_capture,low_peak_fraction,low_time_mass_skew,low_motion_concentration,low_half_height_width,low_negative_area_share,low_amplitude_y,low_net_trend_normalized
2021,peak_fraction,1497,8260,639,0.6923076923076923,0.25,13,16,0.0066303512038903,0.0068024525740613,0.0123188318616735,0.9861815742393008,1506,1510,1499,1511,2021,2021-02-23 10:20:00,2021-02-23 11:05:00,2021-02-23 11:25:00,13,0.0024788692786616,0.0027931772533253,0.2407255980866233,0.6923076923076923,-0.1818894739922586,1.685459205842709,0.5,0.0437714376414619,0.0066303512038903,0.4147568735368664,8264,8276,8262,8277,2021,2021-09-15 09:55:00,2021-09-15 10:15:00,2021-09-15 11:15:00,16,0.0017790541312761,-0.0095256546083482,-0.7454559761526774,0.25,0.8874583210854453,2.6967831584712223,0.4117647058823529,0.0,0.0068024525740613,0.2936988497851096
2021,peak_fraction,3253,7980,639,0.8,0.1666666666666666,5,6,0.0022575608138604,0.0027017633592221,0.0012789912179254,0.2580335351355243,3257,3258,3255,3259,2021,2021-04-15 14:10:00,2021-04-15 14:30:00,2021-04-15 14:35:00,5,0.0015581570418739,0.0007769761748209,0.1703274321701176,0.8,-0.5196451210077235,1.193602702226651,0.3333333333333333,0.0,0.0022575608138604,0.3019922894372339,7981,7986,7982,7987,2021,2021-09-07 10:35:00,2021-09-07 10:40:00,2021-09-07 11:05:00,6,0.0019915457086769,-0.0005020150431045,-0.0877061029654066,0.1666666666666666,0.8270638589347118,2.1734296113348863,0.2857142857142857,0.0,0.0027017633592221,0.1909302700464386
2021,peak_fraction,4073,9581,639,0.8,0.25,10,8,0.0092775057830021,0.0089455916997209,0.0023115088853358,0.0213330649727567,4081,4083,4075,4084,2021,2021-05-13 14:30:00,2021-05-14 09:40:00,2021-05-14 09:50:00,10,0.0020076025816652,-0.0136538541566837,-0.8268877139376412,0.8,-1.554718091249249,1.8122174146313457,0.2727272727272727,0.0613966616431511,0.0092775057830021,0.3339081907731987,9583,9589,9583,9590,2021,2021-11-02 13:30:00,2021-11-02 13:40:00,2021-11-02 14:10:00,8,0.0021438034236098,-0.0159653630420195,-0.8482207789103979,0.25,0.2548052077159588,1.3686092487591313,0.4444444444444444,0.0331284524505367,0.0089455916997209,0.1239841567818804
2021,peak_fraction,8100,2473,639,0.7058823529411765,0.1764705882352941,17,17,0.0087388554562863,0.0086655444959404,-0.0041763846155476,-0.208046389887435,8112,8117,8102,8118,2021,2021-09-09 14:05:00,2021-09-10 09:35:00,2021-09-10 10:00:00,17,0.0018249247470042,-0.0008364032649654,-0.0383364536925921,0.7058823529411765,-0.7718443987713163,2.108540684711101,0.2777777777777778,0.0,0.0087388554562863,-0.3122122676893204,2476,2490,2475,2491,2021,2021-03-23 13:10:00,2021-03-23 13:25:00,2021-03-23 14:35:00,17,0.0018462548577173,0.0033399813505821,0.1697099361948429,0.1764705882352941,0.4693221164505717,1.5768350922203858,0.5555555555555556,0.031996107177372,0.0086655444959404,-0.4125584076051319
2021,peak_fraction,9691,9676,639,0.7142857142857143,0.1428571428571428,7,7,0.0035863925774259,0.0037341633915852,-0.0037166132168472,-0.5011117198185457,9696,9698,9693,9699,2021,2021-11-04 14:40:00,2021-11-05 09:35:00,2021-11-05 09:45:00,7,0.0018052467850774,-0.0019932024235789,-0.1935156946166989,0.7142857142857143,-0.6473177916390426,1.3201362904370515,0.25,0.0,0.0035863925774259,-0.2770389024137922,9677,9683,9678,9684,2021,2021-11-04 13:25:00,2021-11-04 13:30:00,2021-11-04 14:00:00,7,0.0018905343257852,0.0017234107932682,0.3075960252018468,0.1428571428571428,0.1463686671098793,1.771442276189387,0.5,0.0132300735048619,0.0037341633915852,-0.4596667457470616
2021,time_mass_skew,114,3177,639,0.98281242356334,-0.2061844370519306,9,10,0.0068511839931151,0.0055518810157995,0.0089322006580759,0.8077699442049238,115,123,116,124,2021,2021-01-06 11:05:00,2021-01-06 11:10:00,2021-01-06 13:20:00,9,0.001801963800494,0.0034414910257633,0.2704064380441748,0.1111111111111111,0.98281242356334,1.5728101135507868,0.2,0.2010789045427366,0.0068511839931151,-0.4320951056100975,3182,3187,3179,3188,2021,2021-04-14 10:20:00,2021-04-14 10:45:00,2021-04-14 11:10:00,10,0.0015429885294079,-0.0054907096323125,-0.537363506160749,0.5,-0.2061844370519306,1.685873651525014,0.5454545454545454,0.0,0.0055518810157995,-0.4343995351057329
2021,time_mass_skew,156,2248,639,0.4995767226464935,-0.4923721373005013,6,6,0.0028459975330994,0.0032874945064014,-0.0013811408323243,-0.2596198842311636,159,162,158,163,2021,2021-01-07 10:35:00,2021-01-07 10:50:00,2021-01-07 11:05:00,6,0.0015883834937803,-0.0011752534816815,-0.2207870675789234,0.5,0.4995767226464935,1.3807440374303224,0.2857142857142857,0.0,0.0028459975330994,0.4661768951656873,2253,2254,2250,2255,2021,2021-03-16 14:25:00,2021-03-16 14:50:00,2021-03-16 14:55:00,6,0.0019746743402816,0.0002058873506427,0.0388328166522401,0.8333333333333334,-0.4923721373005013,1.173156340901119,0.4285714285714285,0.0,0.0032874945064014,0.5814474498706742
2021,time_mass_skew,525,752,639,0.8757774665914823,-0.2085749419242105,9,9,0.0113680238259687,0.0120465723963567,-0.0018835771124773,-0.0618982533557009,527,534,527,535,2021,2021-01-18 14:50:00,2021-01-18 15:00:00,2021-01-19 10:05:00,9,0.0024428287152687,0.0068986354398334,0.420641086260322,0.2222222222222222,0.8757774665914823,1.5913359181738072,0.2,0.0649355689014372,0.0113680238259687,-0.6134840104470116,755,761,754,762,2021,2021-01-25 13:45:00,2021-01-25 14:00:00,2021-01-25 14:30:00,9,0.0018861432451749,0.0087822125523107,0.482539339616023,0.3333333333333333,-0.2085749419242105,1.6494006308284213,0.4,0.0642850209037507,0.0120465723963567,-0.5858437258590756
2021,time_mass_skew,534,86,639,0.6963680540677022,-0.3234015594874898,14,17,0.0118842966018668,0.0110078658176586,0.0078528929990077,0.3435168211949581,536,548,536,549,2021,2021-01-19 10:05:00,2021-01-19 10:15:00,2021-01-19 11:15:00,14,0.0020793345909621,0.0071109105661953,0.3172158160774441,0.1428571428571428,0.6963680540677022,1.5469011068210845,0.4,0.0341426988102238,0.0118842966018668,-0.6024818994628148,95,103,88,104,2021,2021-01-05 14:15:00,2021-01-05 15:00:00,2021-01-06 10:10:00,17,0.0017640665133847,-0.0007419824328124,-0.026301005117514,0.5294117647058824,-0.3234015594874898,1.9380421989209216,0.3333333333333333,0.0033849095912821,0.0110078658176586,-0.4217892118949064
2021,time_mass_skew,768,802,639,0.4441266182110832,-0.2087361216921806,18,22,0.024023044547687,0.0267774292178488,-0.0153048736706654,-0.3024973423044098,772,786,770,787,2021,2021-01-26 09:35:00,2021-01-26 09:55:00,2021-01-26 11:05:00,18,0.0020341298667044,-0.0057440372231165,-0.1281772153977686,0.2222222222222222,0.4441266182110832,1.1870640525261098,0.4210526315789473,0.0150845626474552,0.024023044547687,-0.699069130949849,810,824,804,825,2021,2021-01-26 13:55:00,2021-01-26 14:35:00,2021-01-27 10:15:00,22,0.0022149399789397,0.0095608364475488,0.1743201269066412,0.3636363636363636,-0.2087361216921806,2.0273545071134778,0.5217391304347826,0.0018711591790693,0.0267774292178488,-0.7929137195686702
2021,time_mass_skew,786,11275,639,0.4614281895472032,-1.7286765299245723,6,7,0.0057733012245577,0.0049863107069221,-0.0008077348464315,-0.065175813414836,788,792,788,793,2021,2021-01-26 11:05:00,2021-01-26 11:15:00,2021-01-26 13:05:00,6,0.0022981069472772,-0.0004003732346298,-0.0259823048902315,0.3333333333333333,0.4614281895472032,1.2109580737357868,0.5714285714285714,0.0,0.0057733012245577,0.0799307580107206,11281,11282,11277,11283,2021,2021-12-21 14:40:00,2021-12-22 09:40:00,2021-12-22 09:45:00,7,0.0015827534104653,0.0004073616118016,0.0391935085246045,0.8571428571428571,-1.7286765299245723,1.9691755179368124,0.25,0.0328510092883837,0.0049863107069221,0.1094067188126113
2021,time_mass_skew,792,2231,639,0.5984319933536266,-0.480125205615082,10,12,0.0043601079208412,0.0035148845101096,-0.0015770204723565,-0.1612405970168032,796,802,794,803,2021,2021-01-26 13:05:00,2021-01-26 13:25:00,2021-01-26 13:55:00,10,0.002303815130212,-0.0007731487204299,-0.0837397585626163,0.4,0.5984319933536266,2.4343523757529346,0.4545454545454545,0.005666746727373,0.0043601079208412,0.115120990042317,2238,2243,2233,2244,2021,2021-03-16 11:30:00,2021-03-16 13:35:00,2021-03-16 14:00:00,12,0.002065928365379,0.0008038717519265,0.0775008384541869,0.5833333333333334,-0.480125205615082,1.583198754001559,0.5384615384615384,0.0398025803808651,0.0035148845101096,0.182027540739541
2021,time_mass_skew,864,7862,639,0.807845656490808,-0.2826127656829666,24,28,0.0155760267223694,0.0183334184874146,-0.0027152566725863,-0.0697325720524125,869,888,866,889,2021,2021-01-28 09:35:00,2021-01-28 10:00:00,2021-01-28 13:05:00,24,0.0024754694000672,-0.0104191543848586,-0.2063045642012116,0.2083333333333333,0.807845656490808,1.594476815856162,0.44,0.0,0.0155760267223694,-0.1986704039357172,7875,7890,7864,7891,2021,2021-09-02 14:15:00,2021-09-03 09:50:00,2021-09-03 11:05:00,28,0.0019757908525479,-0.0077038977122722,-0.136571992148799,0.4642857142857143,-0.2826127656829666,1.8560422429902248,0.3103448275862069,0.0005062890365182,0.0183334184874146,-0.3338121253335538
2021,time_mass_skew,981,1663,639,0.4206331426019741,-0.2656583718615174,15,12,0.0059342330008123,0.0057584116907065,-0.0001631255468252,0.0622824524706782,986,996,983,997,2021,2021-02-01 11:20:00,2021-02-01 13:15:00,2021-02-01 14:05:00,15,0.0022638002245045,-0.0107351570114249,-0.7253061697816691,0.3333333333333333,0.4206331426019741,1.476142622933861,0.375,0.0,0.0059342330008123,0.0321970081943118,1670,1675,1665,1676,2021,2021-02-26 13:40:00,2021-02-26 14:15:00,2021-02-26 14:40:00,12,0.0024157857164555,-0.0105720314645996,-0.7875886222523473,0.5833333333333334,-0.2656583718615174,1.9036615957026093,0.3846153846153846,0.0206293778490765,0.0057584116907065,0.1650589167702899
2021,time_mass_skew,1119,7957,639,1.0201629697849788,-0.4551564181806339,12,11,0.0102216036123552,0.0082979926523423,-0.0002553519454886,0.1457148374750083,1123,1131,1121,1132,2021,2021-02-04 10:50:00,2021-02-04 11:10:00,2021-02-04 13:20:00,12,0.0026560264840944,-0.0072355009026816,-0.3189991129454492,0.3333333333333333,1.0201629697849788,1.5621580163195024,0.3076923076923077,0.0788214382640126,0.0102216036123552,-0.6723875771757214,7963,7968,7959,7969,2021,2021-09-06 14:10:00,2021-09-06 14:40:00,2021-09-07 09:35:00,11,0.0022643031100865,-0.006980148957193,-0.4647139504204575,0.5454545454545454,-0.4551564181806339,3.174875944222741,0.5,0.0281820573370375,0.0082979926523423,-0.8157501961852911
2021,time_mass_skew,1163,5563,639,0.3752862135947175,-0.7888657415151499,15,15,0.0139656861317076,0.0167133026614916,0.0065875198284128,0.2897264419916798,1165,1178,1165,1179,2021,2021-02-05 10:30:00,2021-02-05 10:40:00,2021-02-05 13:15:00,15,0.0021192128915228,0.0087419882165458,0.3486787373949637,0.1333333333333333,0.3752862135947175,1.4006911508145594,0.5625,0.0373733058611036,0.0139656861317076,-0.5792350667943239,5571,5578,5565,5579,2021,2021-06-28 14:40:00,2021-06-29 09:50:00,2021-06-29 10:25:00,15,0.0018210236470169,0.002154468388133,0.0589522954032839,0.5333333333333333,-0.7888657415151499,1.4347667284267778,0.3125,0.0311201763325831,0.0167133026614916,-0.390929585725265
2021,time_mass_skew,1777,3367,639,2.047075806278948,-0.3275702846116083,9,11,0.0069315878738382,0.0056910002697492,-0.0040475893474905,-0.2700626175883368,1779,1786,1779,1787,2021,2021-03-03 09:40:00,2021-03-03 09:50:00,2021-03-03 10:25:00,9,0.0019212513220312,-0.005950853024997,-0.4369943141232395,0.2222222222222222,2.047075806278948,1.6249991319878023,0.3,0.0948188125674823,0.0069315878738382,-0.3154201001126302,3371,3378,3369,3379,2021,2021-04-20 10:10:00,2021-04-20 10:30:00,2021-04-20 11:05:00,11,0.0014319972915382,-0.0019032636775065,-0.1669316965349026,0.3636363636363636,-0.3275702846116083,1.7401312743505042,0.4166666666666667,0.0325797634394391,0.0056910002697492,-0.5121340083318218
2021,time_mass_skew,1846,10837,639,0.7353760939908903,-0.2229225260376195,12,15,0.0051337863288356,0.0042930814466197,0.00164412954239,0.1429922214868581,1848,1858,1848,1859,2021,2021-03-04 11:25:00,2021-03-04 13:05:00,2021-03-04 13:55:00,12,0.0015212792482365,0.0020553134811435,0.1836705924460837,0.1666666666666666,0.7353760939908903,1.2581881258149925,0.3076923076923077,0.0032173831866482,0.0051337863288356,-0.3915338113576367,10844,10852,10839,10853,2021,2021-12-08 14:10:00,2021-12-08 14:45:00,2021-12-09 09:55:00,15,0.0021562187341358,0.0004111839387534,0.0406783709592255,0.4666666666666667,-0.2229225260376195,2.0057425573794347,0.5625,0.0,0.0042930814466197,-0.3068814953240202
2021,time_mass_skew,2353,9691,639,0.4442106873936123,-0.6473177916390426,6,7,0.0043990237843161,0.0035863925774259,0.0040576545187273,0.4496516958774185,2355,2359,2355,2360,2021,2021-03-19 09:40:00,2021-03-19 09:50:00,2021-03-19 10:10:00,6,0.0017304445065442,0.0020644520951484,0.2561360012607196,0.3333333333333333,0.4442106873936123,1.4745335016372154,0.4285714285714285,0.1321523603710988,0.0043990237843161,-0.4913585300667702,9696,9698,9693,9699,2021,2021-11-04 14:40:00,2021-11-05 09:35:00,2021-11-05 09:45:00,7,0.0018052467850774,-0.0019932024235789,-0.1935156946166989,0.7142857142857143,-0.6473177916390426,1.3201362904370515,0.25,0.0,0.0035863925774259,-0.2770389024137922
2021,time_mass_skew,2359,344,639,0.5816052528812476,-0.2268371005088373,31,25,0.0143184660820159,0.0154482916294433,0.0018490310976668,0.0471893559809122,2368,2390,2361,2391,2021,2021-03-19 10:10:00,2021-03-19 10:55:00,2021-03-19 14:15:00,31,0.0018633630761439,0.0003616105244043,0.0090978898635637,0.2903225806451613,0.5816052528812476,1.525500973511548,0.46875,0.0,0.0143184660820159,-0.5711592438655108,356,369,346,370,2021,2021-01-13 10:15:00,2021-01-13 11:15:00,2021-01-13 13:50:00,25,0.0018217605591322,-0.0014874205732624,-0.0380914661173485,0.48,-0.2268371005088373,1.6510888457011357,0.3846153846153846,0.0,0.0154482916294433,-0.652860977709097
2021,time_mass_skew,2473,8100,639,0.4693221164505717,-0.7718443987713163,17,17,0.0086655444959404,0.0087388554562863,0.0041763846155476,0.208046389887435,2476,2490,2475,2491,2021,2021-03-23 13:10:00,2021-03-23 13:25:00,2021-03-23 14:35:00,17,0.0018462548577173,0.0033399813505821,0.1697099361948429,0.1764705882352941,0.4693221164505717,1.5768350922203858,0.5555555555555556,0.031996107177372,0.0086655444959404,-0.4125584076051319,8112,8117,8102,8118,2021,2021-09-09 14:05:00,2021-09-10 09:35:00,2021-09-10 10:00:00,17,0.0018249247470042,-0.0008364032649654,-0.0383364536925921,0.7058823529411765,-0.7718443987713163,2.108540684711101,0.2777777777777778,0.0,0.0087388554562863,-0.3122122676893204
2021,time_mass_skew,2508,4740,639,0.9142076806408737,-0.2097729967195708,17,14,0.0081338661526011,0.0086824714193465,-0.0008404037184724,-0.0332868279350982,2510,2525,2510,2526,2021,2021-03-24 10:35:00,2021-03-24 10:45:00,2021-03-24 13:30:00,17,0.0018482113285493,0.0045181413868193,0.3066557666431079,0.1176470588235294,0.9142076806408737,1.3279404032200617,0.1666666666666666,0.0479962573974852,0.0081338661526011,-0.5765686701739359,4742,4754,4742,4755,2021,2021-06-02 14:05:00,2021-06-02 14:15:00,2021-06-03 09:45:00,14,0.0017922505166421,0.0053585451052917,0.3399425945782062,0.1428571428571428,-0.2097729967195708,2.04654231602317,0.6,0.0080837370502128,0.0086824714193465,-0.5921126556850496
2021,time_mass_skew,2525,518,639,0.6072923593227636,-1.239309865759243,7,7,0.0048636041514305,0.0053283458499091,0.0006522245720622,0.1312844411824506,2526,2532,2527,2533,2021,2021-03-24 13:30:00,2021-03-24 13:35:00,2021-03-24 14:05:00,7,0.0017953663914725,0.0024469999647781,0.2898598427163462,0.1428571428571428,0.6072923593227636,1.5946823881750207,0.125,0.0,0.0048636041514305,-0.4728750418972614,521,525,520,526,2021,2021-01-18 14:15:00,2021-01-18 14:30:00,2021-01-18 14:50:00,7,0.0025206695713098,0.0017947753927158,0.1585754015338955,0.4285714285714285,-1.239309865759243,1.7286153018902806,0.125,0.4210670051195326,0.0053283458499091,-0.2976393538775126
2021,time_mass_skew,2532,7554,639,0.4389088605017747,-0.5051228922232435,15,15,0.0065376844742477,0.0066972792884971,0.0003003187298672,0.3299779547368243,2537,2547,2534,2548,2021,2021-03-24 14:05:00,2021-03-24 14:30:00,2021-03-25 09:50:00,15,0.0017147544664968,-0.0080282493593661,-0.2634613012006984,0.3333333333333333,0.4389088605017747,2.1283308268469967,0.5,0.0285093256630121,0.0065376844742477,-0.3978302109055674,7562,7569,7556,7570,2021,2021-08-25 11:05:00,2021-08-25 13:15:00,2021-08-25 13:50:00,15,0.001790087424175,-0.0083285680892334,-0.5934392559375228,0.5333333333333333,-0.5051228922232435,1.1464784184661885,0.375,0.005322953665897,0.0066972792884971,-0.3107803481712273
2021,time_mass_skew,2566,2724,639,0.4795219997757077,-0.498049010054543,19,18,0.0084740394785516,0.008472210996997,-0.0030220097389032,-0.1984594717287868,2573,2585,2568,2586,2021,2021-03-25 11:25:00,2021-03-25 13:30:00,2021-03-25 14:30:00,19,0.0016226953621458,-0.0046475628573789,-0.2889846526707267,0.3684210526315789,0.4795219997757077,1.3446846402391412,0.4,0.0,0.0084740394785516,-0.2809323841698812,2734,2742,2726,2743,2021,2021-03-30 14:05:00,2021-03-30 14:55:00,2021-03-31 10:05:00,18,0.0013043907061323,-0.0016255531184756,-0.0905251809419399,0.5555555555555556,-0.498049010054543,2.5222260521532585,0.3157894736842105,0.0273083228905286,0.008472210996997,-0.5080042486301466
2021,time_mass_skew,2692,10495,639,0.5170390949271977,-0.3202333608715115,19,19,0.0071827922540661,0.0062881103977714,-0.0008786890412182,-0.0618825367281786,2700,2711,2694,2712,2021,2021-03-30 09:55:00,2021-03-30 10:35:00,2021-03-30 11:30:00,19,0.0014068472466069,-0.0046575135876037,-0.2782552675364745,0.4210526315789473,0.5170390949271977,1.6165213526347104,0.45,0.0,0.0071827922540661,0.3875188468874699,10512,10514,10497,10515,2021,2021-11-29 13:40:00,2021-11-30 09:35:00,2021-11-30 09:45:00,19,0.0013654014077267,-0.0037788245463855,-0.2163727308082959,0.8947368421052632,-0.3202333608715115,2.307523557502101,0.2,0.0,0.0062881103977714,0.1918384794967263
2021,time_mass_skew,2711,7083,639,0.6276138924725161,-0.2717109017195352,13,11,0.0069541142506421,0.0066630423715903,-0.000883480798684,-0.1328164117773795,2712,2724,2713,2725,2021,2021-03-30 11:30:00,2021-03-30 13:05:00,2021-03-30 14:05:00,13,0.0014011506565266,0.0050286771995091,0.4657052559917202,0.0769230769230769,0.6276138924725161,1.6121865847679642,0.2142857142857142,0.0679417153776806,0.0069541142506421,-0.7196595373806294,7084,7094,7085,7095,2021,2021-08-11 13:20:00,2021-08-11 13:25:00,2021-08-11 14:15:00,11,0.0020361175882642,0.0059121579981931,0.5985216677690998,0.0909090909090909,-0.2717109017195352,1.4972511461310558,0.5,0.0,0.0066630423715903,-0.9024777103460812
2021,time_mass_skew,2742,4462,639,0.5727330858601426,-0.4354310559059116,9,8,0.0047891730657134,0.0047478961093077,0.0054837521211852,0.4813954341440039,2743,2751,2744,2752,2021,2021-03-31 10:05:00,2021-03-31 10:10:00,2021-03-31 10:50:00,9,0.0012096741868728,0.0027125228547499,0.2595725167981788,0.1111111111111111,0.5727330858601426,1.3805067294618083,0.6,0.0009748937883635,0.0047891730657134,-0.5140661994597635,4463,4470,4464,4471,2021,2021-05-25 14:55:00,2021-05-25 15:00:00,2021-05-26 10:05:00,8,0.0010476343713308,-0.0027712292664353,-0.2218229173458251,0.125,-0.4354310559059116,1.675654515925459,0.3333333333333333,0.0,0.0047478961093077,-0.6482337581213395
2021,time_mass_skew,2875,3258,639,1.6824377885873645,-0.3236277598259398,16,13,0.0072246969568832,0.0076129732154095,0.0019482767424313,0.1347654654479121,2880,2891,2877,2892,2021,2021-04-02 14:40:00,2021-04-06 09:35:00,2021-04-06 10:30:00,16,0.0013663985126337,-0.0015767394119089,-0.075873002950486,0.3125,1.6824377885873645,1.7651128362614543,0.1176470588235294,0.2779493888490902,0.0072246969568832,-0.5398681001346587,3265,3271,3260,3272,2021,2021-04-15 14:35:00,2021-04-16 09:40:00,2021-04-16 10:10:00,13,0.0014826993298648,-0.0035250161543402,-0.2106384683983982,0.5384615384615384,-0.3236277598259398,2.056576457429968,0.4285714285714285,0.0,0.0076129732154095,-0.4525558420047161
2021,time_mass_skew,3164,5999,639,0.4238341191000799,-1.270716778066125,13,15,0.0135583624116026,0.0137522092642363,-0.0054725179803574,-0.2727377032916156,3172,3177,3166,3178,2021,2021-04-13 14:45:00,2021-04-14 09:55:00,2021-04-14 10:20:00,13,0.0017918709487129,-0.0071091609923544,-0.3100371297135624,0.6153846153846154,0.4238341191000799,2.0313456001417327,0.2857142857142857,0.0494476423209013,0.0135583624116026,0.5462233604370439,6010,6014,6001,6015,2021,2021-07-09 15:00:00,2021-07-12 10:25:00,2021-07-12 10:45:00,15,0.0021376864470373,-0.0016366430119969,-0.0372994264219468,0.7333333333333333,-1.270716778066125,1.62610537783827,0.4375,0.3025095991502971,0.0137522092642363,0.5889896613675106
2021,time_mass_skew,3222,2903,639,0.5322730960395804,-0.3408251899491773,7,8,0.003363097216356,0.0035037929249943,0.0032127878421108,0.5953019458601372,3225,3229,3224,3230,2021,2021-04-15 10:05:00,2021-04-15 10:20:00,2021-04-15 10:40:00,7,0.0014821144472493,-0.0018114640135919,-0.3523776060645739,0.4285714285714285,0.5322730960395804,2.615252997517226,0.25,0.0331769572580594,0.003363097216356,0.4980394272844848,2910,2911,2905,2912,2021,2021-04-06 11:30:00,2021-04-06 13:35:00,2021-04-06 13:40:00,8,0.0010722720977987,-0.0050242518557028,-0.9476795519247112,0.875,-0.3408251899491773,1.5291305461098874,0.4444444444444444,0.0497368228215181,0.0035037929249943,0.5135503776632035
2021,time_mass_skew,3271,9420,639,0.4581376233818364,-0.319013365146084,9,10,0.0056064315344857,0.0058078014002163,0.0027370274807006,0.2686780294378151,3274,3280,3273,3281,2021,2021-04-16 10:10:00,2021-04-16 10:25:00,2021-04-16 10:55:00,9,0.0014988562073282,-0.0069211774103796,-0.5565915732574455,0.3333333333333333,0.4581376233818364,1.1392541502727105,0.4,0.0,0.0056064315344857,0.1035131229049041,9425,9430,9422,9431,2021,2021-10-28 10:35:00,2021-10-28 11:00:00,2021-10-28 11:25:00,10,0.0018791439516611,-0.0096582048910802,-0.8252696026952606,0.5,-0.319013365146084,1.6376817953879206,0.1818181818181818,0.0416699000038515,0.0058078014002163,0.2001352886555789
2021,time_mass_skew,3331,2891,639,0.5018233495577935,-0.2886227425521375,11,12,0.0030165469936296,0.0035962101096673,0.0042970168559903,0.5537499308312093,3335,3342,3333,3343,2021,2021-04-19 11:10:00,2021-04-19 11:30:00,2021-04-19 13:35:00,11,0.0011537390726937,-0.0022858992200799,-0.2753644246693837,0.3636363636363636,0.5018233495577935,1.5299147457713635,0.3333333333333333,0.0891444879578427,0.0030165469936296,-0.3275740026527783,2898,2903,2893,2904,2021,2021-04-06 10:30:00,2021-04-06 11:05:00,2021-04-06 11:30:00,12,0.0011774174233105,-0.0065829160760702,-0.829114355500593,0.5833333333333334,-0.2886227425521375,1.5401895575404605,0.4615384615384615,0.0252769734950447,0.0035962101096673,-0.2255923736579516
2021,time_mass_skew,3433,11546,639,0.589500788131972,-0.3371929268761692,13,12,0.0039283324848398,0.0036603856226813,-0.0058074139461627,-0.5899360095066292,3438,3446,3435,3447,2021,2021-04-21 13:10:00,2021-04-21 13:35:00,2021-04-21 14:15:00,13,0.0012677403348195,-0.0063025425309989,-0.6610898822208944,0.3846153846153846,0.589500788131972,1.7916212705803969,0.4285714285714285,0.0012270260875089,0.0039283324848398,0.2177257198333308,11557,11558,11548,11559,2021,2021-12-29 13:15:00,2021-12-29 14:10:00,2021-12-29 14:15:00,12,0.001064002064108,-0.0004951285848361,-0.0711538727142652,0.9166666666666666,-0.3371929268761692,1.6617467786263591,0.3076923076923077,0.3180054392920349,0.0036603856226813,0.4516058363007814
2021,time_mass_skew,3521,10022,639,1.1864476072220345,-0.4614800862820707,12,12,0.0057435961577514,0.0054314484833044,-0.0032864256653928,-0.3087458691094715,3523,3533,3523,3534,2021,2021-04-23 11:00:00,2021-04-23 11:10:00,2021-04-23 13:30:00,12,0.001216472953278,0.0006210055167271,0.0488960162669651,0.1666666666666666,1.1864476072220345,1.642064417882404,0.2307692307692307,0.0834231842615464,0.0057435961577514,-0.570995347015815,10025,10034,10024,10035,2021,2021-11-15 14:15:00,2021-11-15 14:30:00,2021-11-16 09:45:00,12,0.0012029081661184,0.00390743118212,0.3576418853764366,0.25,-0.4614800862820707,2.257883152281463,0.3076923076923077,0.0230574554213795,0.0054314484833044,-0.7297790230766941
2021,time_mass_skew,3917,10828,639,0.6902838289205587,-0.4884065521904162,9,9,0.0033121730580587,0.0035667313086911,-0.002651948447387,-0.3814250247086789,3921,3926,3919,3927,2021,2021-05-10 13:30:00,2021-05-10 13:50:00,2021-05-10 14:15:00,9,0.0019276017778918,-0.0012705517421297,-0.1514690154022315,0.4444444444444444,0.6902838289205587,1.5028464387588858,0.3,0.0,0.0033121730580587,0.3063759555836128,10835,10837,10830,10838,2021,2021-12-08 13:25:00,2021-12-08 14:00:00,2021-12-08 14:10:00,9,0.0022047979379095,0.0013813967052572,0.2299560093064473,0.7777777777777778,-0.4884065521904162,1.3066390607195932,0.3,0.0,0.0035667313086911,0.4349620734168882
2021,time_mass_skew,3926,11308,639,0.6232059886704917,-0.36277286888019,20,20,0.010110807343528,0.0097186032088236,-0.0003466624096406,-0.38526134600938,3927,3946,3928,3947,2021,2021-05-10 14:15:00,2021-05-10 14:20:00,2021-05-11 10:25:00,20,0.0017672023662529,0.0084365676503388,0.2285349707207991,0.05,0.6232059886704917,2.1553675791003086,0.1428571428571428,0.1796096049922866,0.010110807343528,-0.8153419783750546,11311,11328,11310,11329,2021,2021-12-22 13:25:00,2021-12-22 13:40:00,2021-12-23 09:35:00,20,0.0012051800459647,0.0087832300599794,0.6137963167301792,0.15,-0.36277286888019,4.420595479829405,0.6666666666666666,0.0,0.0097186032088236,-0.8926012568946632
2021,time_mass_skew,4193,4244,639,0.8117973164777292,-0.3160852748818941,22,20,0.0036199819908864,0.0044205374362249,0.00749875204765,0.5109911693035598,4197,4215,4195,4216,2021,2021-05-18 11:00:00,2021-05-18 11:20:00,2021-05-18 14:20:00,22,0.0012500213337624,0.0014101808277871,0.1311253460099723,0.1818181818181818,0.8117973164777292,1.7282839536093004,0.217391304347826,0.0200682729153286,0.0036199819908864,-0.3539703126085845,4254,4264,4246,4265,2021,2021-05-19 11:15:00,2021-05-19 13:35:00,2021-05-19 14:25:00,20,0.0012368983774166,-0.0060885712198629,-0.3798658232935875,0.5,-0.3160852748818941,1.3761435177431478,0.4285714285714285,0.054074580540205,0.0044205374362249,-0.3188446586444947
2021,time_mass_skew,4822,6014,639,0.3748985564259706,-0.8448282728112448,19,18,0.0126271082679778,0.0103035826162427,-0.0125811724899389,-0.463848631217808,4829,4841,4824,4842,2021,2021-06-04 11:25:00,2021-06-04 13:30:00,2021-06-04 14:30:00,19,0.0021828059864042,-0.0098234423246321,-0.3535452779312793,0.3684210526315789,0.3748985564259706,1.6307694728621962,0.35,0.00141935810299,0.0126271082679778,0.141017617765025,6026,6032,6016,6033,2021,2021-07-12 10:45:00,2021-07-12 13:15:00,2021-07-12 13:45:00,18,0.0020991190460469,0.0027577301653068,0.1103033532865287,0.6666666666666666,-0.8448282728112448,1.589887947275384,0.2631578947368421,0.0360929340257113,0.0103035826162427,0.1451748495165387
2021,time_mass_skew,4914,9919,639,1.0326556207681514,-0.4420606903370301,15,17,0.0109231476327265,0.0090531809043143,0.0012715600976102,0.0004554101912965,4916,4929,4916,4930,2021,2021-06-08 11:05:00,2021-06-08 11:15:00,2021-06-08 13:50:00,15,0.0017356511069428,0.0087392813542785,0.5153991940368586,0.1333333333333333,1.0326556207681514,1.8217295222696823,0.4375,0.0576289685449927,0.0109231476327265,-0.7568051159858382,9921,9936,9921,9937,2021,2021-11-11 13:40:00,2021-11-11 13:50:00,2021-11-12 09:35:00,17,0.0011774850959067,0.0074677212566683,0.514943783845562,0.1176470588235294,-0.4420606903370301,3.989758948729132,0.5,0.0,0.0090531809043143,-0.8526494414546625
2021,time_mass_skew,5237,7812,639,0.56280816840298,-0.2176206579717814,13,14,0.0129398647102831,0.0109105301474432,0.0074037898193141,0.3589625615487976,5243,5250,5239,5251,2021,2021-06-18 10:00:00,2021-06-18 10:30:00,2021-06-18 11:05:00,13,0.002533905610649,-0.0007655188759423,-0.0256466207534402,0.4615384615384615,0.56280816840298,1.4907098983006508,0.3571428571428571,0.0194500776243167,0.0129398647102831,-0.2689055420547389,7819,7826,7814,7827,2021,2021-09-01 14:05:00,2021-09-01 14:40:00,2021-09-02 09:45:00,14,0.0032407925454069,-0.0081693086952564,-0.3846091823022378,0.5,-0.2176206579717814,2.9556132629170366,0.4666666666666667,0.0534140692827078,0.0109105301474432,-0.4404522313017939
2021,time_mass_skew,5431,8922,639,0.7021447202619335,-0.3431575648687705,22,19,0.0105405968707703,0.0110853960450141,-0.0118455563059185,-0.4080190302265767,5434,5453,5433,5454,2021,2021-06-24 10:10:00,2021-06-24 10:25:00,2021-06-24 13:30:00,22,0.0019706628031394,-0.0086075898231335,-0.3219920641279776,0.1363636363636363,0.7021447202619335,1.7223782675446413,0.2608695652173913,0.0,0.0105405968707703,-0.3853788102340152,8932,8941,8924,8942,2021,2021-10-13 14:35:00,2021-10-14 09:55:00,2021-10-14 10:40:00,19,0.001737251643491,0.0032379664827849,0.086026966098599,0.5263157894736842,-0.3431575648687705,1.6991372044518338,0.45,0.0116706488353603,0.0110853960450141,-0.3544448176165389
2021,time_mass_skew,5481,180,639,0.4009214285849861,-1.2994497835964878,8,8,0.0074495151743585,0.0069559556675988,-0.0056241971766736,-0.3961486430870798,5485,5489,5483,5490,2021,2021-06-25 10:20:00,2021-06-25 10:40:00,2021-06-25 11:00:00,8,0.0019373547738688,-0.0106382614401899,-0.7976334205455307,0.5,0.4009214285849861,1.5902593514413774,0.4444444444444444,0.0,0.0074495151743585,0.459999869878737,187,188,182,189,2021,2021-01-07 14:05:00,2021-01-07 14:40:00,2021-01-07 14:45:00,8,0.0015235705751789,-0.0050140642635163,-0.4014847774584508,0.875,-1.2994497835964878,1.178133693035083,0.3333333333333333,0.2142545681718707,0.0069559556675988,0.4276369068039554
2021,time_mass_skew,6212,5314,639,0.5907992170559941,-0.3089646659644144,17,17,0.0096812965799122,0.0100686988528773,0.0006049279295981,-0.0022996298972354,6216,6229,6214,6230,2021,2021-07-16 11:15:00,2021-07-16 13:05:00,2021-07-16 14:10:00,17,0.0017853534100955,-0.0032153900588176,-0.161905939680523,0.2352941176470588,0.5907992170559941,1.3551192427121437,0.2777777777777778,0.068146046193079,0.0096812965799122,-0.5204684486083196,5322,5331,5316,5332,2021,2021-06-21 13:55:00,2021-06-21 14:35:00,2021-06-22 09:50:00,17,0.0024100294515835,-0.0038203179884158,-0.1596063097832876,0.4705882352941176,-0.3089646659644144,2.500072781999492,0.4444444444444444,0.0,0.0100686988528773,-0.4549035099561473
2021,time_mass_skew,7016,2341,639,0.4094087358045297,-0.4626003444672584,14,12,0.009650789853457,0.0096222229714433,0.0054837281599668,0.179656114505955,7021,7030,7018,7031,2021,2021-08-10 10:15:00,2021-08-10 10:40:00,2021-08-10 11:25:00,14,0.0018269491639982,-0.0093318647962648,-0.421918576855653,0.3571428571428571,0.4094087358045297,1.603020118102517,0.5333333333333333,0.0,0.009650789853457,-0.1631745691170753,2347,2353,2343,2354,2021,2021-03-18 14:10:00,2021-03-18 14:40:00,2021-03-19 09:40:00,12,0.001411559109968,-0.0148155929562316,-0.601574691361608,0.5,-0.4626003444672584,3.787384792596766,0.5384615384615384,0.1714612019842496,0.0096222229714433,-0.2836760656727696
2021,time_mass_skew,7239,8047,639,0.4788511411365148,-0.2544833186460088,6,6,0.0024415146928165,0.002653919979779,-3.938462220222654e-05,-0.0123079765529917,7242,7245,7241,7246,2021,2021-08-16 14:20:00,2021-08-16 14:35:00,2021-08-16 14:50:00,6,0.0024065829147194,-0.0003297374737719,-0.0670991128579407,0.5,0.4788511411365148,1.2483964226206818,0.1428571428571428,0.1673407656702462,0.0024415146928165,-0.1376460859471765,8051,8053,8049,8054,2021,2021-09-08 13:40:00,2021-09-08 14:00:00,2021-09-08 14:10:00,6,0.0018657030996707,-0.0002903528515696,-0.0547911363049489,0.6666666666666666,-0.2544833186460088,1.040367059839846,0.4285714285714285,0.1156917891106528,0.002653919979779,0.1013982178954817
2021,time_mass_skew,7257,1605,639,0.6760459803171397,-0.3681413357233586,36,29,0.0264492169175536,0.0263957364379434,-0.0085686604752512,-0.1799124305703456,7261,7293,7259,7294,2021,2021-08-17 10:20:00,2021-08-17 10:40:00,2021-08-17 14:50:00,36,0.0015647877186695,0.0150420804481234,0.2564281847954779,0.1111111111111111,0.6760459803171397,1.5986608740245178,0.3513513513513513,0.0285233841119458,0.0264492169175536,-0.7327150581594327,1608,1634,1607,1635,2021,2021-02-25 11:20:00,2021-02-25 13:05:00,2021-02-26 09:45:00,29,0.0015955551139349,0.0236107409233746,0.4363406153658235,0.1034482758620689,-0.3681413357233586,4.655201179542208,0.6333333333333333,0.0022795551346698,0.0263957364379434,-0.8755977425254832
2021,time_mass_skew,7335,7066,639,0.4193850424069276,-0.2271827000886216,18,17,0.016759542179165,0.0158634475931576,-0.0122974631394726,-0.3339919392792669,7347,7353,7337,7354,2021,2021-08-18 14:20:00,2021-08-19 09:50:00,2021-08-19 10:20:00,18,0.0024722088288008,-0.0130727604828347,-0.3624512472178347,0.6666666666666666,0.4193850424069276,2.393946784441757,0.2105263157894736,0.1909567143965137,0.016759542179165,0.5168682090111254,7077,7083,7068,7084,2021,2021-08-11 10:25:00,2021-08-11 11:20:00,2021-08-11 13:20:00,17,0.0020773328050541,-0.000775297343362,-0.0284593079385678,0.6470588235294118,-0.2271827000886216,1.3230790545412772,0.3888888888888889,0.0804707208469478,0.0158634475931576,0.6473776994863941
2021,time_mass_skew,7721,7529,639,2.136254989607032,-0.3978838808850728,29,25,0.0304147190811994,0.025018388227644,-0.0146593190985972,-0.4771218290218968,7724,7750,7723,7751,2021,2021-08-30 14:30:00,2021-08-30 14:45:00,2021-08-31 11:25:00,29,0.0022273492280097,0.0083857207189945,0.1862780094482649,0.1034482758620689,2.136254989607032,2.6878722669574437,0.1333333333333333,0.4001516618711681,0.0304147190811994,-0.8284066158234396,7530,7554,7531,7555,2021,2021-08-24 14:30:00,2021-08-24 14:35:00,2021-08-25 11:05:00,25,0.0018505006451633,0.0230450398175917,0.6633998384701618,0.04,-0.3978838808850728,2.674913064386275,0.1538461538461538,0.6871601242251224,0.025018388227644,-0.9170868276213776
2021,time_mass_skew,7968,3810,639,0.5538441612461262,-0.2216633714972671,12,12,0.010586973945716,0.0095744313095682,0.0055882026379083,0.2917078265923081,7972,7980,7970,7981,2021,2021-09-07 09:35:00,2021-09-07 09:55:00,2021-09-07 10:35:00,12,0.0020276223833188,0.0018067814944606,0.0783362961757129,0.3333333333333333,0.5538441612461262,1.6505495033530129,0.4615384615384615,0.0,0.010586973945716,0.3973197306865201,3817,3822,3812,3823,2021,2021-05-06 11:05:00,2021-05-06 13:10:00,2021-05-06 13:35:00,12,0.0020065353194219,-0.0037814211434477,-0.2133715304165951,0.5833333333333334,-0.2216633714972671,1.8898448928150895,0.2307692307692307,0.1304964128200266,0.0095744313095682,0.365389229458647
2021,time_mass_skew,7980,3253,639,0.8270638589347118,-0.5196451210077235,6,5,0.0027017633592221,0.0022575608138604,-0.0012789912179254,-0.2580335351355243,7981,7986,7982,7987,2021,2021-09-07 10:35:00,2021-09-07 10:40:00,2021-09-07 11:05:00,6,0.0019915457086769,-0.0005020150431045,-0.0877061029654066,0.1666666666666666,0.8270638589347118,2.1734296113348863,0.2857142857142857,0.0,0.0027017633592221,0.1909302700464386,3257,3258,3255,3259,2021,2021-04-15 14:10:00,2021-04-15 14:30:00,2021-04-15 14:35:00,5,0.0015581570418739,0.0007769761748209,0.1703274321701176,0.8,-0.5196451210077235,1.193602702226651,0.3333333333333333,0.0,0.0022575608138604,0.3019922894372339
2021,time_mass_skew,8260,3193,639,0.8874583210854453,-1.140293408168576,16,17,0.0068024525740613,0.0055855814170131,-0.0060115838047261,-0.3884540559822559,8264,8276,8262,8277,2021,2021-09-15 09:55:00,2021-09-15 10:15:00,2021-09-15 11:15:00,16,0.0017790541312761,-0.0095256546083482,-0.7454559761526774,0.25,0.8874583210854453,2.6967831584712223,0.4117647058823529,0.0,0.0068024525740613,0.2936988497851096,3205,3210,3195,3211,2021,2021-04-14 13:10:00,2021-04-14 14:10:00,2021-04-14 14:35:00,17,0.0015743637300121,-0.003514070803622,-0.3570019201704215,0.7058823529411765,-1.140293408168576,1.3362840678592167,0.3333333333333333,0.0283024976680733,0.0055855814170131,0.4549781925811001
2021,time_mass_skew,8593,5180,639,0.5485410062083435,-0.2193579582403542,16,19,0.0196387301021783,0.0195499662445177,-0.0139382284460917,-0.3849404795023614,8599,8609,8595,8610,2021,2021-09-28 09:40:00,2021-09-28 10:10:00,2021-09-28 11:00:00,16,0.0026895791042719,-0.0123270830026245,-0.3423700676025225,0.375,0.5485410062083435,2.067998464722595,0.4117647058823529,0.0,0.0196387301021783,0.4948023637563916,5194,5199,5182,5200,2021,2021-06-16 14:45:00,2021-06-17 10:25:00,2021-06-17 10:50:00,19,0.0023207728831344,0.0016111454434671,0.0425704118998388,0.7368421052631579,-0.2193579582403542,1.6880127814281074,0.45,0.0262699067370519,0.0195499662445177,0.6788901559211875
2021,time_mass_skew,8684,6395,639,0.6950618576955985,-0.4761475625668464,35,34,0.0183114440927454,0.0183924222040232,-0.0200076438644742,-0.5238914735235335,8717,8719,8686,8720,2021,2021-09-29 14:45:00,2021-09-30 13:30:00,2021-09-30 13:40:00,35,0.0021879482758524,-0.0108027124490443,-0.2830049088897794,0.9428571428571428,0.6950618576955985,2.861549953754716,0.1944444444444444,0.0331887018120618,0.0183114440927454,0.8605917877100526,6424,6429,6397,6430,2021,2021-07-22 10:30:00,2021-07-22 14:25:00,2021-07-22 14:50:00,34,0.0018237253726596,0.0092049314154298,0.240886564633754,0.8529411764705882,-0.4761475625668464,1.5858203045464996,0.4857142857142857,0.0283936709352639,0.0183924222040232,0.8964881229036374
2021,time_mass_skew,8941,1698,639,0.3786379792502659,-0.4295341372746312,12,11,0.0057619477869961,0.0068630884576297,-0.0049483439959895,-0.6152589059070961,8947,8953,8943,8954,2021,2021-10-14 10:40:00,2021-10-14 11:10:00,2021-10-14 13:10:00,12,0.0017839765802538,-0.0077206426828256,-0.7903060989758698,0.5,0.3786379792502659,1.5107360561790886,0.6153846153846154,0.0,0.0057619477869961,0.6458204580464992,1706,1709,1700,1710,2021,2021-03-01 11:05:00,2021-03-01 13:15:00,2021-03-01 13:30:00,11,0.0020155220762112,-0.002772298686836,-0.1750471930687736,0.7272727272727273,-0.4295341372746312,1.5407956187769989,0.5,0.1092419115862534,0.0068630884576297,0.6404190353089781
2021,time_mass_skew,9115,3775,639,0.5310030277665074,-0.3964558930532916,17,18,0.009988490659623,0.0114949895211058,0.0167484471338084,0.5930377881835661,9122,9132,9117,9133,2021,2021-10-19 14:40:00,2021-10-20 09:45:00,2021-10-20 10:35:00,17,0.0014789453119553,0.0075697431891448,0.2399221030405664,0.4117647058823529,0.5310030277665074,1.7884405370146317,0.3333333333333333,0.0387105406351477,0.009988490659623,-0.2103177150447902,3787,3793,3777,3794,2021,2021-04-30 13:40:00,2021-04-30 14:40:00,2021-05-06 09:40:00,18,0.0014212643550429,-0.0091787039446635,-0.3531156851429997,0.6666666666666666,-0.3964558930532916,1.6872992062574623,0.5263157894736842,0.0,0.0114949895211058,-0.1789436618612975
2021,time_mass_skew,9171,1046,639,0.4006331489433425,-0.2083761809196384,20,20,0.0137801195662197,0.012114251130499,-0.0078275881540334,-0.3179576578589633,9174,9191,9173,9192,2021,2021-10-21 09:50:00,2021-10-21 10:05:00,2021-10-21 11:30:00,20,0.0013478769140526,-0.0067187244900368,-0.2761489415827823,0.15,0.4006331489433425,1.878733314608248,0.2857142857142857,0.0,0.0137801195662197,-0.5160368756306977,1057,1066,1048,1067,2021,2021-02-02 14:15:00,2021-02-03 09:40:00,2021-02-03 10:25:00,20,0.001547811117171,0.0011088636639966,0.041808716276181,0.55,-0.2083761809196384,1.5384019736957757,0.3333333333333333,0.047587595403585,0.012114251130499,-0.3120233237183611
2021,time_mass_skew,9542,9099,639,0.5285941416206861,-0.2279233042744626,7,8,0.0022521651965448,0.0026484848890362,-0.0006998955218004,-0.150899653257492,9544,9549,9544,9550,2021,2021-11-01 14:15:00,2021-11-01 14:25:00,2021-11-01 14:50:00,7,0.0016645383975378,0.0001422282908689,0.0286810183291369,0.2857142857142857,0.5285941416206861,1.6618029262629253,0.375,0.0,0.0022521651965448,0.1326216146291366,9103,9107,9101,9108,2021,2021-10-19 13:20:00,2021-10-19 13:40:00,2021-10-19 14:00:00,8,0.0013883355136094,0.0008421238126694,0.179580671586629,0.5,-0.2279233042744626,1.3728539246749296,0.4444444444444444,0.013178113388795,0.0026484848890362,0.2930919979795007
2021,time_mass_skew,9698,10339,639,0.40648160121138,-0.311240119786667,6,6,0.0033175049920437,0.0035316756102137,0.0061726680223884,0.9988063310137312,9700,9704,9700,9705,2021,2021-11-05 09:45:00,2021-11-05 09:55:00,2021-11-05 10:15:00,6,0.001157983777508,-7.099020690105222e-06,-0.001193668986303,0.3333333333333333,0.40648160121138,1.9384286751872264,0.5714285714285714,0.0,0.0033175049920437,0.0684818331343241,10342,10345,10341,10346,2021,2021-11-24 11:10:00,2021-11-24 11:25:00,2021-11-24 13:10:00,6,0.0011255248673471,-0.0061797670430785,-1.0000000000000344,0.5,-0.311240119786667,1.2836832889637029,0.4285714285714285,0.0,0.0035316756102137,0.0134076661701296
2021,time_mass_skew,9958,2800,639,0.4272621629956548,-0.3875594463414052,4,4,0.0023864782262847,0.0027184666897026,0.0026155400580298,0.6484812232716666,9960,9962,9960,9963,2021,2021-11-12 11:25:00,2021-11-12 13:05:00,2021-11-12 13:15:00,4,0.0016231486382774,0.0037783814770478,0.8917298492981844,0.5,0.4272621629956548,1.4798790278165512,0.4,0.0,0.0023864782262847,0.2276149814157454,2803,2804,2802,2805,2021,2021-04-01 10:55:00,2021-04-01 11:10:00,2021-04-01 11:15:00,4,0.0014876348108018,0.0011628414190179,0.2432486260265178,0.75,-0.3875594463414052,1.5347797604347906,0.4,0.0,0.0027184666897026,0.3375131794373326
2021,time_mass_skew,10589,10332,639,0.576839640740369,-0.2452165285248878,6,7,0.0024467366158082,0.00276292721606,-0.0004263097551981,0.0103701683116422,10591,10595,10591,10596,2021,2021-12-01 13:30:00,2021-12-01 13:40:00,2021-12-01 14:00:00,6,0.0011318803208215,0.0007703842672358,0.2115046867903685,0.3333333333333333,0.576839640740369,1.1718344190392886,0.2857142857142857,0.0,0.0024467366158082,-0.2811460786055988,10334,10339,10334,10340,2021,2021-11-24 10:35:00,2021-11-24 10:45:00,2021-11-24 11:10:00,7,0.0010781074754142,0.0011966940224339,0.2011345184787263,0.2857142857142857,-0.2452165285248878,1.3880445443786853,0.5,0.0,0.00276292721606,-0.4893427605688795
2021,time_mass_skew,10629,9373,639,0.5820890394482299,-0.9979510174229176,5,5,0.0019454105965053,0.0020497456015622,-0.0001261427768017,-0.0313469166223282,10632,10634,10631,10635,2021,2021-12-02 11:20:00,2021-12-02 13:05:00,2021-12-02 13:15:00,5,0.0013154963197302,0.0002928809041668,0.0648382509652491,0.6,0.5820890394482299,1.470212528693612,0.3333333333333333,0.2896235618002942,0.0019454105965053,-0.1971655518141933,9376,9378,9375,9379,2021,2021-10-27 10:40:00,2021-10-27 10:55:00,2021-10-27 11:05:00,5,0.0015072066056901,0.0004190236809686,0.0961851675875773,0.6,-0.9979510174229176,1.2728980586931864,0.1666666666666666,0.0393332661646946,0.0020497456015622,-0.2367442973246431
2021,time_mass_skew,10792,5378,639,0.6631398423839971,-0.5150038089911176,14,15,0.0192179207410925,0.0216274675804983,0.0138531642705843,0.4966220248925236,10804,10806,10794,10807,2021,2021-12-07 14:25:00,2021-12-08 09:55:00,2021-12-08 10:05:00,14,0.0015077054952535,0.0133415820627866,0.4811914167399625,0.8571428571428571,0.6631398423839971,3.771721201763304,0.2,0.1076189100145895,0.0192179207410925,0.6924628396092185,5390,5393,5380,5394,2021,2021-06-23 09:45:00,2021-06-23 10:45:00,2021-06-23 11:00:00,15,0.0017356050253698,-0.0005115822077977,-0.0154306081525611,0.8,-0.5150038089911176,1.6971474527151793,0.375,0.1010408397536228,0.0216274675804983,0.7172209907984181
2021,time_mass_skew,11282,6315,639,0.408155534588461,-1.0464602235374698,14,16,0.0073826738219331,0.0071030966796756,0.000421634327405,0.0797505562083493,11290,11296,11284,11297,2021,2021-12-22 09:45:00,2021-12-22 10:25:00,2021-12-22 10:55:00,14,0.0013509099249202,0.0053095929299716,0.4048742309540639,0.5714285714285714,0.408155534588461,1.8838014085835555,0.4,0.0146165752172133,0.0073826738219331,0.7112589726450121,6330,6331,6317,6332,2021,2021-07-20 13:20:00,2021-07-20 14:35:00,2021-07-20 14:40:00,16,0.0018753752572015,0.0048879586025666,0.3251236747457145,0.9375,-1.0464602235374698,1.3778649068136215,0.2352941176470588,0.2850484833876378,0.0071030966796756,0.7253157829498738
2021,time_mass_skew,11328,4754,639,0.393740644283826,-0.5622468460452943,10,10,0.0084137256821419,0.0095076520357073,-0.0012178956002933,-0.2441380963841153,11332,11338,11330,11339,2021,2021-12-23 09:35:00,2021-12-23 09:55:00,2021-12-23 10:25:00,10,0.0015545431548789,-0.0132792834521463,-0.821164063763247,0.4,0.393740644283826,2.6959232353249845,0.6363636363636364,0.0,0.0084137256821419,0.3984106078815644,4760,4764,4756,4765,2021,2021-06-03 09:45:00,2021-06-03 10:15:00,2021-06-03 10:35:00,10,0.001743279913685,-0.012061387851853,-0.5770259673791317,0.6,-0.5622468460452943,1.1969560843147966,0.3636363636363636,0.0225422254552299,0.0095076520357073,0.420226645363873
2021,time_mass_skew,11393,3342,639,0.4557324527242125,-0.2322240693564578,20,20,0.0045606836808449,0.0039313377851559,0.0026146006143543,0.1601458620359953,11399,11413,11395,11414,2021,2021-12-24 11:00:00,2021-12-24 11:30:00,2021-12-24 14:10:00,20,0.0014163086443104,-0.0026906789464214,-0.1391587676957732,0.3,0.4557324527242125,1.5937430612571095,0.3809523809523809,0.0021049309191171,0.0045606836808449,0.0841765615616431,3357,3362,3344,3363,2021,2021-04-19 13:35:00,2021-04-19 14:50:00,2021-04-20 09:45:00,20,0.0011643255298932,-0.0053052795607757,-0.2993046297317686,0.75,-0.2322240693564578,1.8892608670589723,0.7619047619047619,0.0,0.0039313377851559,0.1237424446174664
2021,motion_concentration,86,6212,639,1.9380421989209216,1.3551192427121437,17,17,0.0110078658176586,0.0096812965799122,0.0024734076260052,0.135604934563009,95,103,88,104,2021,2021-01-05 14:15:00,2021-01-05 15:00:00,2021-01-06 10:10:00,17,0.0017640665133847,-0.0007419824328124,-0.026301005117514,0.5294117647058824,-0.3234015594874898,1.9380421989209216,0.3333333333333333,0.0033849095912821,0.0110078658176586,-0.4217892118949064,6216,6229,6214,6230,2021,2021-07-16 11:15:00,2021-07-16 13:05:00,2021-07-16 14:10:00,17,0.0017853534100955,-0.0032153900588176,-0.161905939680523,0.2352941176470588,0.5907992170559941,1.3551192427121437,0.2777777777777778,0.068146046193079,0.0096812965799122,-0.5204684486083196
2021,motion_concentration,289,5262,639,2.322524203152028,1.294863464602745,19,17,0.0126442260367829,0.0139057204394372,0.0046151993960161,0.1058738220638562,300,308,291,309,2021,2021-01-12 09:40:00,2021-01-12 10:35:00,2021-01-12 11:15:00,19,0.0022190585213483,-0.0059581000513628,-0.2632256952968717,0.5789473684210527,0.2599458749787801,2.322524203152028,0.6,0.0,0.0126442260367829,0.704495484892409,5273,5279,5264,5280,2021,2021-06-18 13:35:00,2021-06-18 14:30:00,2021-06-18 15:00:00,17,0.0025515525630804,-0.010573299447379,-0.369099517360728,0.6470588235294118,-0.0070025928324407,1.294863464602745,0.3888888888888889,0.0033509154652195,0.0139057204394372,0.7948550899786052
2021,motion_concentration,429,5959,639,1.943646829758696,1.2676216522583126,16,15,0.0118544646201659,0.0126351507650053,0.0018118459696867,0.0871016713700035,441,445,431,446,2021,2021-01-14 14:50:00,2021-01-15 10:20:00,2021-01-15 10:40:00,16,0.0029561420033149,-0.008191745768149,-0.2660421591853688,0.75,-0.3201919144686751,1.943646829758696,0.4705882352941176,0.0766522738528553,0.0118544646201659,0.6875656364235538,5970,5974,5961,5975,2021,2021-07-09 10:10:00,2021-07-09 11:05:00,2021-07-09 11:25:00,15,0.0028140159319774,-0.0100035917378357,-0.3531438305553724,0.7333333333333333,-0.0647086292486587,1.2676216522583126,0.75,0.0,0.0126351507650053,0.5008237222790904
2021,motion_concentration,802,768,639,2.0273545071134778,1.1870640525261098,22,18,0.0267774292178488,0.024023044547687,0.0153048736706654,0.3024973423044098,810,824,804,825,2021,2021-01-26 13:55:00,2021-01-26 14:35:00,2021-01-27 10:15:00,22,0.0022149399789397,0.0095608364475488,0.1743201269066412,0.3636363636363636,-0.2087361216921806,2.0273545071134778,0.5217391304347826,0.0018711591790693,0.0267774292178488,-0.7929137195686702,772,786,770,787,2021,2021-01-26 09:35:00,2021-01-26 09:55:00,2021-01-26 11:05:00,18,0.0020341298667044,-0.0057440372231165,-0.1281772153977686,0.2222222222222222,0.4441266182110832,1.1870640525261098,0.4210526315789473,0.0150845626474552,0.024023044547687,-0.699069130949849
2021,motion_concentration,1008,9549,639,1.9889433521416675,1.3023897972724112,18,15,0.0122133350339463,0.0122026103101218,0.0024544375046725,0.1067440449177092,1020,1026,1010,1027,2021,2021-02-02 09:35:00,2021-02-02 10:35:00,2021-02-02 11:05:00,18,0.0016649712828921,-0.000918474785728,-0.03841661839429,0.6666666666666666,0.1459351027050802,1.9889433521416675,0.4736842105263157,0.002276888953339,0.0122133350339463,0.4779603407548989,9560,9564,9551,9565,2021,2021-11-01 14:50:00,2021-11-02 10:15:00,2021-11-02 10:35:00,15,0.0016661715502449,-0.0033729122904006,-0.1451606633119992,0.7333333333333333,-0.0554093932304002,1.3023897972724112,0.5,0.0535526262395662,0.0122026103101218,0.369183915981519
2021,motion_concentration,1368,2169,639,2.559549010824392,1.4472809173161103,34,30,0.0236358789929491,0.0250806022665193,-0.0004708135246205,-0.0699453085924919,1371,1402,1370,1403,2021,2021-02-18 13:05:00,2021-02-18 13:20:00,2021-02-19 10:25:00,34,0.0021962534340366,0.0200148935826611,0.4578633687404752,0.088235294117647,-0.1653444227314242,2.559549010824392,0.4285714285714285,0.0050936938094555,0.0236358789929491,-0.8574863257687921,2171,2199,2171,2200,2021,2021-03-15 10:20:00,2021-03-15 10:30:00,2021-03-15 14:20:00,30,0.0028148712261271,0.0204857071072817,0.5278086773329671,0.0666666666666666,-0.0657064106833863,1.4472809173161103,0.3548387096774194,0.0,0.0250806022665193,-0.8408528144351779
2021,motion_concentration,1595,9751,639,1.964439240739717,1.3839781571409144,10,10,0.0068572538132922,0.0069253200973102,-0.0033789414876318,-0.37617653301662,1601,1605,1597,1606,2021,2021-02-25 10:30:00,2021-02-25 11:00:00,2021-02-25 11:20:00,10,0.0017354423336586,-0.0105374762046528,-0.8788424832378596,0.6,0.1244107202171969,1.964439240739717,0.4545454545454545,0.0,0.0068572538132922,0.4890541485556774,9758,9761,9753,9762,2021,2021-11-08 10:10:00,2021-11-08 10:45:00,2021-11-08 11:00:00,10,0.0014843133918064,-0.007158534717021,-0.5026659502212396,0.7,-0.207579623893281,1.3839781571409144,0.4545454545454545,0.0062862139606237,0.0069253200973102,0.6238657294659985
2021,motion_concentration,1605,8837,639,4.655201179542208,1.39646389617824,29,34,0.0263957364379434,0.0267275485113431,0.0007219340984781,-0.0738423755948647,1608,1634,1607,1635,2021,2021-02-25 11:20:00,2021-02-25 13:05:00,2021-02-26 09:45:00,29,0.0015955551139349,0.0236107409233746,0.4363406153658235,0.1034482758620689,-0.3681413357233586,4.655201179542208,0.6333333333333333,0.0022795551346698,0.0263957364379434,-0.8755977425254832,8839,8871,8839,8872,2021,2021-10-12 10:00:00,2021-10-12 10:10:00,2021-10-12 14:20:00,34,0.0012308680857194,0.0228888068248964,0.5101829909606883,0.0588235294117647,0.7966455162737438,1.39646389617824,0.1714285714285714,0.2514091596406423,0.0267275485113431,-0.8716517825841769
2021,motion_concentration,1675,1259,639,2.740089196893744,1.382695420986107,23,22,0.0181136068793357,0.0145019149819107,-0.0183838771370291,-0.6581844682784042,1691,1698,1677,1699,2021,2021-02-26 14:40:00,2021-03-01 10:30:00,2021-03-01 11:05:00,23,0.0020134076534196,-0.0075436625841643,-0.2355385679901099,0.6956521739130435,0.0034737537511146,2.740089196893744,0.5833333333333334,0.0462253673250736,0.0181136068793357,0.7306666339989906,1276,1281,1261,1282,2021,2021-02-09 10:30:00,2021-02-09 13:25:00,2021-02-09 13:50:00,22,0.0014195747528311,0.0108402145528647,0.4226459002882942,0.7727272727272727,-0.6966826660659546,1.382695420986107,0.3043478260869565,0.0842482430167901,0.0145019149819107,0.7597565990679715
2021,motion_concentration,1858,5563,639,2.9073598742850604,1.4347667284267778,15,15,0.0158874666556361,0.0167133026614916,-0.0034779923861887,-0.0955794275746358,1862,1873,1860,1874,2021,2021-03-04 13:55:00,2021-03-04 14:15:00,2021-03-05 09:40:00,15,0.0015599234837646,-0.0013235239980557,-0.0366271321713519,0.2666666666666666,0.4344634556975741,2.9073598742850604,0.375,0.2046135828891115,0.0158874666556361,-0.3486453809370283,5571,5578,5565,5579,2021,2021-06-28 14:40:00,2021-06-29 09:50:00,2021-06-29 10:25:00,15,0.0018210236470169,0.002154468388133,0.0589522954032839,0.5333333333333333,-0.7888657415151499,1.4347667284267778,0.3125,0.0311201763325831,0.0167133026614916,-0.390929585725265
2021,motion_concentration,2084,1489,639,2.655893658971414,1.4348212377566898,8,8,0.0168923069426867,0.0141218887314158,0.0006024809518181,0.2677425296330533,2090,2092,2086,2093,2021,2021-03-11 11:15:00,2021-03-11 13:15:00,2021-03-11 13:25:00,8,0.0027163523148582,-0.018552759191967,-0.7322574703669363,0.75,0.4990790027201742,2.655893658971414,0.2222222222222222,0.1811056678320114,0.0168923069426867,0.4706502353457221,1494,1497,1491,1498,2021,2021-02-23 09:40:00,2021-02-23 10:05:00,2021-02-23 10:20:00,8,0.0024853935228976,-0.0191552401437851,-0.9999999999999896,0.625,0.1553295981122342,1.4348212377566898,0.3333333333333333,0.0,0.0141218887314158,0.571989824226664
2021,motion_concentration,2143,1178,639,4.106018019625859,1.415726046533294,21,21,0.0196424385678479,0.016009386419781,0.0001386096443765,-0.1145787265729472,2149,2164,2145,2165,2021,2021-03-12 13:40:00,2021-03-12 14:10:00,2021-03-15 09:55:00,21,0.0015703334085,0.0105165025614431,0.2792848976320705,0.2857142857142857,-0.1989765491633142,4.106018019625859,0.5454545454545454,0.0112120332199417,0.0196424385678479,-0.7618663357721968,1180,1199,1180,1200,2021,2021-02-05 13:15:00,2021-02-05 13:25:00,2021-02-05 15:00:00,21,0.0019888457910887,0.0103778929170666,0.3938636242050177,0.0952380952380952,0.3741811531048223,1.415726046533294,0.5,0.0,0.016009386419781,-0.7944283697401108
2021,motion_concentration,2164,786,639,1.9188179960867853,1.2109580737357868,5,6,0.0066439541026781,0.0057733012245577,-0.002006114133856,-0.1812504147070506,2167,2169,2166,2170,2021,2021-03-15 09:55:00,2021-03-15 10:10:00,2021-03-15 10:20:00,5,0.0028048651961618,-0.0024064873684859,-0.2072327195972822,0.6,0.4398171798525273,1.9188179960867853,0.3333333333333333,0.0,0.0066439541026781,0.3098009287903552,788,792,788,793,2021,2021-01-26 11:05:00,2021-01-26 11:15:00,2021-01-26 13:05:00,6,0.0022981069472772,-0.0004003732346298,-0.0259823048902315,0.3333333333333333,0.4614281895472032,1.2109580737357868,0.5714285714285714,0.0,0.0057733012245577,0.0799307580107206
2021,motion_concentration,2283,630,639,2.351507989554071,1.4399516905858845,34,33,0.0163308105518416,0.0149022180284825,0.002162235944286,0.0747869560768765,2309,2317,2285,2318,2021,2021-03-17 13:20:00,2021-03-18 10:00:00,2021-03-18 10:40:00,34,0.0017489898837062,0.0050387672512238,0.1437564550900197,0.7647058823529411,-1.0800960971372375,2.351507989554071,0.2285714285714285,0.0057916520787039,0.0163308105518416,0.5762876183155967,649,663,632,664,2021,2021-01-21 10:05:00,2021-01-21 13:10:00,2021-01-21 14:20:00,33,0.0016818577479417,0.0028765313069377,0.0689694990131431,0.5757575757575758,-0.219271883266359,1.4399516905858845,0.3823529411764705,0.0056570251722022,0.0149022180284825,0.5651555756844545
2021,motion_concentration,2341,5393,639,3.787384792596766,1.3503557226619778,12,14,0.0096222229714433,0.008269835205505,-0.0157861834963526,-0.6588361422441315,2347,2353,2343,2354,2021,2021-03-18 14:10:00,2021-03-18 14:40:00,2021-03-19 09:40:00,12,0.001411559109968,-0.0148155929562316,-0.601574691361608,0.5,-0.4626003444672584,3.787384792596766,0.5384615384615384,0.1714612019842496,0.0096222229714433,-0.2836760656727696,5400,5407,5395,5408,2021,2021-06-23 11:00:00,2021-06-23 13:05:00,2021-06-23 13:40:00,14,0.0018563674645291,0.0009705905401209,0.0572614508825234,0.5,-0.1507098757762703,1.3503557226619778,0.4,0.0,0.008269835205505,-0.5116048564303224
2021,motion_concentration,2440,4764,639,2.162246897453372,1.455741829625918,33,34,0.0142825775220654,0.0169060397369529,0.012230608938099,0.2784597512452844,2453,2473,2442,2474,2021,2021-03-22 14:25:00,2021-03-23 10:00:00,2021-03-23 13:10:00,33,0.0017621778537258,0.0124781572361715,0.2851980504656897,0.3939393939393939,0.1706643196556426,2.162246897453372,0.4411764705882353,0.0035032675223013,0.0142825775220654,-0.1733313225819686,4779,4798,4766,4799,2021,2021-06-03 10:35:00,2021-06-03 13:20:00,2021-06-03 14:55:00,34,0.0017093850827848,0.0002475482980725,0.0067382992204052,0.4411764705882353,0.2111379304225044,1.455741829625918,0.4857142857142857,0.0,0.0169060397369529,-0.3533822180463393
2021,motion_concentration,2490,1533,639,2.106517009095244,1.455192268087576,18,19,0.0119627262224302,0.0126116169688259,0.0040902768846814,0.1345641510583398,2497,2508,2492,2509,2021,2021-03-23 14:35:00,2021-03-24 09:40:00,2021-03-24 10:35:00,18,0.0018723674014151,-0.0007412862143296,-0.0192963660958219,0.3888888888888889,0.2276002195534357,2.106517009095244,0.1578947368421052,0.0,0.0119627262224302,-0.3515994506225794,1538,1552,1535,1553,2021,2021-02-23 14:50:00,2021-02-24 09:45:00,2021-02-24 10:55:00,19,0.0016325384167367,-0.004831563099011,-0.1538605171541617,0.2631578947368421,0.2152569499819014,1.455192268087576,0.6,0.0,0.0126116169688259,-0.389148348303526
2021,motion_concentration,2532,7554,639,2.1283308268469967,1.1464784184661885,15,15,0.0065376844742477,0.0066972792884971,0.0003003187298672,0.3299779547368243,2537,2547,2534,2548,2021,2021-03-24 14:05:00,2021-03-24 14:30:00,2021-03-25 09:50:00,15,0.0017147544664968,-0.0080282493593661,-0.2634613012006984,0.3333333333333333,0.4389088605017747,2.1283308268469967,0.5,0.0285093256630121,0.0065376844742477,-0.3978302109055674,7562,7569,7556,7570,2021,2021-08-25 11:05:00,2021-08-25 13:15:00,2021-08-25 13:50:00,15,0.001790087424175,-0.0083285680892334,-0.5934392559375228,0.5333333333333333,-0.5051228922232435,1.1464784184661885,0.375,0.005322953665897,0.0066972792884971,-0.3107803481712273
2021,motion_concentration,2724,2508,639,2.5222260521532585,1.3279404032200617,18,17,0.008472210996997,0.0081338661526011,-0.006143694505295,-0.3971809475850479,2734,2742,2726,2743,2021,2021-03-30 14:05:00,2021-03-30 14:55:00,2021-03-31 10:05:00,18,0.0013043907061323,-0.0016255531184756,-0.0905251809419399,0.5555555555555556,-0.498049010054543,2.5222260521532585,0.3157894736842105,0.0273083228905286,0.008472210996997,-0.5080042486301466,2510,2525,2510,2526,2021,2021-03-24 10:35:00,2021-03-24 10:45:00,2021-03-24 13:30:00,17,0.0018482113285493,0.0045181413868193,0.3066557666431079,0.1176470588235294,0.9142076806408737,1.3279404032200617,0.1666666666666666,0.0479962573974852,0.0081338661526011,-0.5765686701739359
2021,motion_concentration,2769,723,639,1.9724266002114128,1.388564373793174,31,29,0.0216483168230379,0.0253585196237526,0.0174737118565479,0.4521125482161903,2796,2800,2771,2801,2021,2021-03-31 13:50:00,2021-04-01 10:35:00,2021-04-01 10:55:00,31,0.0014074540606451,0.0169545644496724,0.4409628680858609,0.8709677419354839,-0.6875590486369524,1.9724266002114128,0.21875,0.4712205119633139,0.0216483168230379,0.7711047563468687,748,752,725,753,2021,2021-01-25 09:50:00,2021-01-25 13:25:00,2021-01-25 13:45:00,29,0.0018795911136288,-0.0005191474068755,-0.0111496801303293,0.8620689655172413,0.1689627292388776,1.388564373793174,0.5,0.0028451491636346,0.0253585196237526,0.8125046870398037
2021,motion_concentration,2916,11208,639,2.7916257602729293,1.4502003538047137,17,20,0.010196636671008,0.0103865967564216,0.0091840483846941,0.6474134427860321,2921,2933,2918,2934,2021,2021-04-06 14:05:00,2021-04-06 14:30:00,2021-04-07 10:00:00,17,0.0010726237075521,0.0075855281966908,0.5728614500439485,0.2941176470588235,-0.1623332367795509,2.7916257602729293,0.5555555555555556,0.051524108391717,0.010196636671008,-0.6938445227821487,11210,11228,11210,11229,2021,2021-12-20 13:05:00,2021-12-20 13:15:00,2021-12-20 14:45:00,20,0.0013167126897989,-0.0015985201880033,-0.0745519927420835,0.1,0.7805139462501468,1.4502003538047137,0.1428571428571428,0.0668423726866965,0.0103865967564216,-0.6267067660328259
2021,motion_concentration,3003,4710,639,2.0141716373836567,1.4619658804706777,37,30,0.0189295291823903,0.020764781957907,0.0089199694387537,0.2228108807908896,3013,3040,3005,3041,2021,2021-04-08 13:20:00,2021-04-08 14:10:00,2021-04-09 10:55:00,37,0.0014270866951915,0.008464401053379,0.2119753403219365,0.2702702702702703,0.2568165920703552,2.0141716373836567,0.4473684210526316,0.0041071695937119,0.0189295291823903,-0.791062507436552,4715,4740,4712,4741,2021,2021-06-02 10:05:00,2021-06-02 10:30:00,2021-06-02 14:05:00,30,0.001737483107978,-0.0004555683853747,-0.0108355404689531,0.1666666666666666,0.4156169983647179,1.4619658804706777,0.4838709677419355,0.0,0.020764781957907,-0.5807014490598036
2021,motion_concentration,3061,123,639,2.3806488700144373,1.342693918366454,10,9,0.0020742331205703,0.0022885494002302,0.0020423696601927,0.2986537365459087,3065,3071,3063,3072,2021,2021-04-09 14:10:00,2021-04-09 14:30:00,2021-04-09 15:00:00,10,0.0013628114093458,0.0022197217933168,0.3306231999332371,0.4,0.8889350978547611,2.3806488700144373,0.3636363636363636,0.0235180017789254,0.0020742331205703,-0.1251134934601342,127,132,125,133,2021,2021-01-06 13:20:00,2021-01-06 13:40:00,2021-01-06 14:05:00,9,0.0018454353366358,0.0001773521331241,0.0319694633873283,0.4444444444444444,0.009556311625539,1.342693918366454,0.6,0.0,0.0022885494002302,-0.0433911336526824
2021,motion_concentration,3071,253,639,2.05528110376679,1.3430794720756225,27,25,0.0196969296032269,0.0204019097395402,-0.0151036714861138,-0.3422693483350595,3074,3098,3073,3099,2021,2021-04-09 15:00:00,2021-04-12 09:45:00,2021-04-12 13:15:00,27,0.0019379851633208,-0.0044661582869127,-0.0989465405420915,0.1111111111111111,2.421660395496809,2.05528110376679,0.1428571428571428,0.5841320467969728,0.0196969296032269,-0.7182164332877763,257,278,255,279,2021,2021-01-11 10:40:00,2021-01-11 11:00:00,2021-01-11 14:15:00,25,0.002233423487628,0.0106375131992011,0.243322807792968,0.16,0.3359845573686347,1.3430794720756225,0.4615384615384615,0.0,0.0204019097395402,-0.7376338285858839
2021,motion_concentration,3117,601,639,2.4148487759506225,1.3986782527891757,33,29,0.0130149513918373,0.0137324607831779,-0.0004463670162656,-0.0021127274904304,3134,3150,3119,3151,2021,2021-04-12 14:50:00,2021-04-13 10:45:00,2021-04-13 13:35:00,33,0.0020168676570326,-0.006063957737361,-0.1268906465336241,0.5151515151515151,-0.127279084109644,2.4148487759506225,0.5294117647058824,0.0083734070562137,0.0130149513918373,0.3409446200170594,622,630,603,631,2021,2021-01-20 13:10:00,2021-01-20 14:55:00,2021-01-21 10:05:00,29,0.0020920205330156,-0.0056175907210954,-0.1247779190431936,0.7241379310344828,-0.1851641951115832,1.3986782527891757,0.5,0.0258976013344889,0.0137324607831779,0.2991502414100109
2021,motion_concentration,3222,156,639,2.615252997517226,1.3807440374303224,7,6,0.003363097216356,0.0028459975330994,-0.0006362105319103,-0.1315905384856505,3225,3229,3224,3230,2021,2021-04-15 10:05:00,2021-04-15 10:20:00,2021-04-15 10:40:00,7,0.0014821144472493,-0.0018114640135919,-0.3523776060645739,0.4285714285714285,0.5322730960395804,2.615252997517226,0.25,0.0331769572580594,0.003363097216356,0.4980394272844848,159,162,158,163,2021,2021-01-07 10:35:00,2021-01-07 10:50:00,2021-01-07 11:05:00,6,0.0015883834937803,-0.0011752534816815,-0.2207870675789234,0.5,0.4995767226464935,1.3807440374303224,0.2857142857142857,0.0,0.0028459975330994,0.4661768951656873
2021,motion_concentration,3258,9714,639,2.056576457429968,1.257201830843606,13,12,0.0076129732154095,0.0076965823659467,-0.0064554420248173,-0.3934070672048104,3265,3271,3260,3272,2021,2021-04-15 14:35:00,2021-04-16 09:40:00,2021-04-16 10:10:00,13,0.0014826993298648,-0.0035250161543402,-0.2106384683983982,0.5384615384615384,-0.3236277598259398,2.056576457429968,0.4285714285714285,0.0,0.0076129732154095,-0.4525558420047161,9717,9726,9716,9727,2021,2021-11-05 11:05:00,2021-11-05 11:20:00,2021-11-05 13:35:00,12,0.0013228742231386,0.002930425870477,0.1827685988064122,0.25,0.0045317971625677,1.257201830843606,0.6153846153846154,0.0650698638458304,0.0076965823659467,-0.4020575520342746
2021,motion_concentration,3362,8644,639,2.001715479155344,1.1433746079999931,5,5,0.006555836377883,0.0058295796629135,-0.0031001679743724,-0.180247562181578,3365,3367,3364,3368,2021,2021-04-20 09:45:00,2021-04-20 10:00:00,2021-04-20 10:10:00,5,0.0014713581721082,-0.0084065122155879,-0.762647180486966,0.6,0.2629023522081732,2.0017154791553438,0.3333333333333333,0.0120613186018947,0.006555836377883,0.409243026265373,8648,8649,8646,8650,2021,2021-09-29 09:55:00,2021-09-29 10:15:00,2021-09-29 10:20:00,5,0.001398106927907,-0.0053063442412155,-0.582399618305388,0.8,-0.4957322992001892,1.1433746079999931,0.1666666666666666,0.0,0.0058295796629135,0.414193123063697
2021,motion_concentration,3450,4754,639,1.957518875800203,1.1969560843147966,12,10,0.0100761389636474,0.0095076520357073,0.0007298295099554,-0.0493843134496887,3459,3462,3452,3463,2021,2021-04-21 14:35:00,2021-04-22 09:50:00,2021-04-22 10:05:00,12,0.0013346617742042,-0.0113315583418975,-0.6264102808288204,0.75,0.0340303960930858,1.957518875800203,0.3846153846153846,0.1758666236158128,0.0100761389636474,0.4959979220721324,4760,4764,4756,4765,2021,2021-06-03 09:45:00,2021-06-03 10:15:00,2021-06-03 10:35:00,10,0.001743279913685,-0.012061387851853,-0.5770259673791317,0.6,-0.5622468460452943,1.1969560843147966,0.3636363636363636,0.0225422254552299,0.0095076520357073,0.420226645363873
2021,motion_concentration,3612,6304,639,2.0521334071353654,1.2989346493051812,11,11,0.0051682876575904,0.0063143782169019,-0.0022867285823822,-0.178448479035585,3621,3623,3614,3624,2021,2021-04-27 10:35:00,2021-04-27 11:20:00,2021-04-27 11:30:00,11,0.0016830065554963,-0.0035589645886545,-0.2785133062051979,0.8181818181818182,0.3195589410830359,2.0521334071353654,0.25,0.0,0.0051682876575904,0.6395260354366268,6314,6315,6306,6316,2021,2021-07-20 10:55:00,2021-07-20 13:15:00,2021-07-20 13:20:00,11,0.001896678376771,-0.0012722360062723,-0.1000648271696127,0.9090909090909092,0.0697467545824883,1.2989346493051812,0.25,0.0834700096739855,0.0063143782169019,0.5819346099499791
2021,motion_concentration,3637,1846,639,2.0703356300401947,1.2581881258149925,11,12,0.0043692332622162,0.0051337863288356,-0.0042909572740833,-0.3001109864395546,3639,3648,3639,3649,2021,2021-04-27 14:10:00,2021-04-27 14:20:00,2021-04-28 09:35:00,11,0.0015805011159067,-0.0022356437929397,-0.1164403939934709,0.1818181818181818,-0.0248612824910077,2.0703356300401947,0.8333333333333334,0.0,0.0043692332622162,-0.5537685016715707,1848,1858,1848,1859,2021,2021-03-04 11:25:00,2021-03-04 13:05:00,2021-03-04 13:55:00,12,0.0015212792482365,0.0020553134811435,0.1836705924460837,0.1666666666666666,0.7353760939908903,1.2581881258149925,0.3076923076923077,0.0032173831866482,0.0051337863288356,-0.3915338113576367
2021,motion_concentration,3926,8026,639,2.1553675791003086,1.2088401162453764,20,16,0.010110807343528,0.0117560415715169,0.0080455271541293,0.2101704218209643,3927,3946,3928,3947,2021,2021-05-10 14:15:00,2021-05-10 14:20:00,2021-05-11 10:25:00,20,0.0017672023662529,0.0084365676503388,0.2285349707207991,0.05,0.6232059886704917,2.1553675791003086,0.1428571428571428,0.1796096049922866,0.010110807343528,-0.8153419783750546,8029,8042,8028,8043,2021,2021-09-08 10:25:00,2021-09-08 10:40:00,2021-09-08 13:15:00,16,0.0016579993546187,0.0003910404962094,0.0183645488998348,0.1875,0.5467135526971091,1.2088401162453764,0.1764705882352941,0.0,0.0117560415715169,-0.6172356892064998
2021,motion_concentration,3977,4302,639,2.093714589444006,1.3957499526302883,12,15,0.0045488843670051,0.004614059660728,0.0094023342064598,0.8817086151558815,3981,3989,3979,3990,2021,2021-05-11 14:30:00,2021-05-11 14:50:00,2021-05-12 10:00:00,12,0.0016046342700113,0.0021123592016529,0.1762746309505389,0.3333333333333333,-0.1904506771697959,2.093714589444006,0.5384615384615384,0.052017968400471,0.0045488843670051,-0.4835063279062547,4310,4317,4304,4318,2021,2021-05-20 13:35:00,2021-05-20 14:15:00,2021-05-20 14:50:00,15,0.0018451483128521,-0.0072899750048068,-0.7054339842053425,0.5333333333333333,-0.1290826163014805,1.3957499526302883,0.5,0.0204771994319044,0.004614059660728,-0.4639779117625222
2021,motion_concentration,4165,7221,639,2.448799802481399,1.260569333254665,15,18,0.0092622911859425,0.00840676458394,0.0017487364485177,0.0286866018892488,4168,4180,4167,4181,2021,2021-05-17 14:10:00,2021-05-17 14:25:00,2021-05-18 09:55:00,15,0.0020564888741991,0.0070372630244683,0.4181515376741244,0.2,-0.1793320857312307,2.448799802481399,0.6875,0.0059485769347793,0.0092622911859425,-0.7989544958810075,7224,7239,7223,7240,2021,2021-08-16 11:20:00,2021-08-16 13:05:00,2021-08-16 14:20:00,18,0.0024868561101946,0.0052885265759505,0.3894649357848755,0.1666666666666666,0.9198267797175383,1.260569333254665,0.2105263157894736,0.0409165149681751,0.00840676458394,-0.5628416010034772
2021,motion_concentration,4695,1163,639,2.572663547018689,1.4006911508145594,15,15,0.0142708461944023,0.0139656861317076,0.0026863132471651,0.1592759781627245,4700,4710,4697,4711,2021,2021-06-01 14:20:00,2021-06-01 14:45:00,2021-06-02 10:05:00,15,0.0021085545262423,0.011428301463711,0.5079547155576882,0.3333333333333333,0.1015106265082159,2.572663547018689,0.4375,0.0,0.0142708461944023,-0.8002729790975011,1165,1178,1165,1179,2021,2021-02-05 10:30:00,2021-02-05 10:40:00,2021-02-05 13:15:00,15,0.0021192128915228,0.0087419882165458,0.3486787373949637,0.1333333333333333,0.3752862135947175,1.4006911508145594,0.5625,0.0373733058611036,0.0139656861317076,-0.5792350667943239
2021,motion_concentration,4841,7066,639,2.228538237846991,1.3230790545412772,15,17,0.0139929571081252,0.0158634475931576,-0.0174840097423324,-0.5330404028245591,4852,4856,4843,4857,2021,2021-06-04 14:30:00,2021-06-07 09:55:00,2021-06-07 10:15:00,15,0.0023617913655454,-0.0182593070856945,-0.5614997107631269,0.7333333333333333,0.0495769179691918,2.228538237846991,0.4375,0.0507047896027671,0.0139929571081252,0.432166929967773,7077,7083,7068,7084,2021,2021-08-11 10:25:00,2021-08-11 11:20:00,2021-08-11 13:20:00,17,0.0020773328050541,-0.000775297343362,-0.0284593079385678,0.6470588235294118,-0.2271827000886216,1.3230790545412772,0.3888888888888889,0.0804707208469478,0.0158634475931576,0.6473776994863941
2021,motion_concentration,4929,6848,639,1.998515007320704,1.3742844195350947,8,7,0.0047700742355711,0.0051796955014316,-0.0083498591882362,-0.9773167325311264,4934,4937,4931,4938,2021,2021-06-08 13:50:00,2021-06-08 14:15:00,2021-06-08 14:30:00,8,0.0018527706344859,-0.0059036037950397,-0.7407353266753014,0.625,0.4280420422729566,1.998515007320704,0.3333333333333333,0.1230709124842788,0.0047700742355711,0.3720431716606596,6852,6855,6850,6856,2021,2021-08-04 13:45:00,2021-08-04 14:05:00,2021-08-04 14:20:00,7,0.0020699893837808,0.0024462553931964,0.236581405855825,0.5714285714285714,0.262308206779379,1.3742844195350947,0.625,0.0,0.0051796955014316,0.4880116969095977
2021,motion_concentration,4981,3280,639,2.328847715621748,1.4321304693217616,30,29,0.016875236687345,0.0158326719114478,0.0036142273656812,0.0780084572127488,5010,5011,4983,5012,2021,2021-06-09 14:10:00,2021-06-10 11:05:00,2021-06-10 11:10:00,30,0.0015850801374477,0.0046974441207691,0.1266570072829,0.9666666666666668,0.1277759378507852,2.328847715621748,0.032258064516129,0.0163121415885895,0.016875236687345,0.8931465740893213,3299,3309,3282,3310,2021,2021-04-16 10:55:00,2021-04-16 14:00:00,2021-04-16 14:50:00,29,0.0014588468841959,0.0010832167550879,0.0486485500701511,0.6551724137931034,-0.3050236675334193,1.4321304693217616,0.5,0.0,0.0158326719114478,0.7757813936582046
2021,motion_concentration,5314,5740,639,2.500072781999492,1.3404341946191465,17,15,0.0100686988528773,0.0088254271407972,-0.0085570920047507,-0.3396959425668002,5322,5331,5316,5332,2021,2021-06-21 13:55:00,2021-06-21 14:35:00,2021-06-22 09:50:00,17,0.0024100294515835,-0.0038203179884158,-0.1596063097832876,0.4705882352941176,-0.3089646659644144,2.500072781999492,0.4444444444444444,0.0,0.0100686988528773,-0.4549035099561473,5741,5755,5742,5756,2021,2021-07-02 13:25:00,2021-07-02 13:30:00,2021-07-02 14:40:00,15,0.0032350822739651,0.0047367740163348,0.1800896327835126,0.0666666666666666,0.0325725114498505,1.3404341946191465,0.4375,0.0,0.0088254271407972,-0.5323257089571
2021,motion_concentration,5331,1878,639,1.9826048649495656,1.4182276331691548,23,22,0.0133752022694491,0.0122091860437159,0.0040391242174434,0.1387678521369964,5347,5354,5333,5355,2021,2021-06-22 09:50:00,2021-06-22 11:10:00,2021-06-22 13:15:00,23,0.0018046456746688,0.0015821975170237,0.0541924589499621,0.6956521739130435,-0.5929989456116461,1.9826048649495656,0.5416666666666666,0.0417705564703563,0.0133752022694491,0.6010723376183864,1891,1900,1880,1901,2021,2021-03-05 10:05:00,2021-03-05 11:10:00,2021-03-05 13:25:00,22,0.0023009036452557,-0.0024569267004196,-0.0845753931870342,0.5909090909090909,-0.3235710840709036,1.4182276331691548,0.3043478260869565,0.0042244120471304,0.0122091860437159,0.4637352309571
2021,motion_concentration,6044,5830,639,1.9481574171722165,1.2089336538511848,12,15,0.0171812259867945,0.0167824659477933,-0.0080922943775164,-0.1561826590800296,6049,6056,6046,6057,2021,2021-07-12 14:45:00,2021-07-13 09:40:00,2021-07-13 10:15:00,12,0.0023449432378624,-0.0209050226079604,-0.6146762270229491,0.4166666666666667,0.385765254201096,1.9481574171722165,0.3076923076923077,0.1633329978936276,0.0171812259867945,-0.2791903305469607,5834,5845,5832,5846,2021,2021-07-06 11:25:00,2021-07-06 13:15:00,2021-07-06 14:10:00,15,0.0027942892729915,-0.012812728230444,-0.4584935679429194,0.2666666666666666,0.5437370926608378,1.2089336538511848,0.375,0.0005282700596645,0.0167824659477933,-0.4620930994956705
2021,motion_concentration,6165,761,639,2.022602129890433,1.3652875460638385,7,7,0.004699798260753,0.0047215733658596,-0.0018090360435509,-0.3355440687596565,6170,6172,6167,6173,2021,2021-07-15 11:20:00,2021-07-15 13:15:00,2021-07-15 13:25:00,7,0.0025470217191381,-0.0041351781047068,-0.6772339899421081,0.7142857142857143,0.6732289317731464,2.022602129890433,0.25,0.1773990716005572,0.004699798260753,0.4877573400954795,765,768,763,769,2021,2021-01-25 14:30:00,2021-01-25 14:50:00,2021-01-26 09:35:00,7,0.002120894895799,-0.0023261420611558,-0.3416899211824517,0.5714285714285714,-0.0103080949433753,1.3652875460638385,0.375,0.0,0.0047215733658596,0.6130071063372183
2021,motion_concentration,6241,2104,639,1.9375585271025249,1.31918155067617,15,15,0.0118482535418831,0.0121623549964624,0.0018708498726377,0.1738314869381231,6245,6256,6243,6257,2021,2021-07-19 09:40:00,2021-07-19 10:00:00,2021-07-19 10:55:00,15,0.0023618347839288,-0.0077864980905133,-0.2430585174743616,0.2666666666666666,0.8857830572773628,1.9375585271025249,0.375,0.030911712674773,0.0118482535418831,-0.2663037248278301,2110,2119,2106,2120,2021,2021-03-11 14:25:00,2021-03-11 14:55:00,2021-03-12 10:10:00,15,0.0028602446954371,-0.009657347963151,-0.4168900044124847,0.4,0.0325339146724803,1.31918155067617,0.5625,0.0,0.0121623549964624,-0.3041580940056543
2021,motion_concentration,6855,188,639,3.3143650676183616,1.32229312083898,10,9,0.013030173369219,0.0107161420515815,-0.0101496401540987,-0.3972483863225224,6857,6865,6857,6866,2021,2021-08-04 14:20:00,2021-08-04 14:30:00,2021-08-05 09:40:00,10,0.0018640225381866,-0.0208387145154638,-0.7489041304189261,0.2,-0.083226508877268,3.3143650676183616,0.6363636363636364,0.2740270903981689,0.013030173369219,-0.2496458560120439,189,197,190,198,2021,2021-01-07 14:45:00,2021-01-07 14:50:00,2021-01-08 10:00:00,9,0.0018121051886866,-0.010689074361365,-0.3516557440964037,0.1111111111111111,1.0778882655872446,1.32229312083898,0.3,0.5228367968988283,0.0107161420515815,-0.2728256523741951
2021,motion_concentration,7003,1355,639,1.9144816186640208,1.3426296267021762,13,13,0.0091710107203164,0.011403534875904,0.0161452833033827,0.5855159176514338,7012,7016,7005,7017,2021,2021-08-09 14:40:00,2021-08-10 09:55:00,2021-08-10 10:15:00,13,0.0017870548629519,0.0010599440554924,0.049083219517144,0.6923076923076923,-1.601309785662303,1.9144816186640212,0.2857142857142857,0.0565688894477631,0.0091710107203164,0.1079802080056377,1360,1368,1357,1369,2021,2021-02-18 10:30:00,2021-02-18 10:55:00,2021-02-18 13:05:00,13,0.002098368110704,-0.0150853392478903,-0.5364326981342898,0.3846153846153846,0.1014275760805732,1.3426296267021762,0.5,0.0230321759185642,0.011403534875904,0.1676643636451019
2021,motion_concentration,7139,8556,639,2.830415983213617,1.379164385821857,15,12,0.0172327329037607,0.0173743484431527,-0.001198720778,-0.0492012585653534,7140,7154,7141,7155,2021,2021-08-12 14:00:00,2021-08-12 14:05:00,2021-08-13 09:45:00,15,0.0023010535395025,0.0115339696232479,0.5084457287583378,0.0666666666666666,-0.3648164006576598,2.830415983213617,0.5,0.0,0.0172327329037607,-0.8981410514515702,8557,8568,8558,8569,2021,2021-09-27 10:35:00,2021-09-27 10:40:00,2021-09-27 13:05:00,12,0.0027195015740189,0.0127326904012479,0.5576469873236912,0.0833333333333333,0.162018425280281,1.379164385821857,0.6153846153846154,0.0621931255804111,0.0173743484431527,-0.7599402900001269
2021,motion_concentration,7185,888,639,2.244524317414141,1.348368626517207,19,21,0.0147576497525916,0.0178905887537927,-0.00197871145773,-0.20395513219346,7191,7204,7187,7205,2021,2021-08-13 13:50:00,2021-08-13 14:20:00,2021-08-16 09:55:00,19,0.0021948457071259,0.0112713337325356,0.2744203795354425,0.3157894736842105,-0.0060937654258908,2.244524317414141,0.65,0.0181787942674425,0.0147576497525916,-0.7845240595013592,891,909,890,910,2021,2021-01-28 13:05:00,2021-01-28 13:20:00,2021-01-28 14:50:00,21,0.0024794232166271,0.0132500451902656,0.4783755117289026,0.1428571428571428,0.1687396166316737,1.348368626517207,0.7272727272727273,0.0,0.0178905887537927,-0.7515751309394542
2021,motion_concentration,7478,9948,639,2.150436876910223,1.3478775788820545,10,10,0.0039005881114837,0.004080687769151,-0.004636030978556,-0.3239878022949092,7483,7488,7480,7489,2021,2021-08-23 14:15:00,2021-08-23 14:40:00,2021-08-24 09:35:00,10,0.0016593297979997,-0.0054508027656747,-0.4002606998665846,0.5,-0.0833966616848613,2.150436876910223,0.6363636363636364,0.0,0.0039005881114837,-0.1726923123575891,9953,9958,9950,9959,2021,2021-11-12 10:35:00,2021-11-12 11:00:00,2021-11-12 11:25:00,10,0.0016456226059943,-0.0008147717871187,-0.0762728975716753,0.5,-0.0972729330652656,1.3478775788820545,0.2727272727272727,0.0,0.004080687769151,-0.2047614057423067
2021,motion_concentration,7615,162,639,2.071052913135627,1.3624507133369033,18,18,0.0142873383117567,0.0139201634206722,0.0092077336853784,0.2868108455783032,7620,7633,7617,7634,2021,2021-08-26 13:40:00,2021-08-26 14:05:00,2021-08-27 09:40:00,18,0.0016694677511839,0.0111826195174511,0.3856114176772156,0.2777777777777778,0.3072325942714896,2.071052913135627,0.4736842105263157,0.0,0.0142873383117567,-0.8097814203354378,167,180,164,181,2021,2021-01-07 11:05:00,2021-01-07 11:30:00,2021-01-07 14:05:00,18,0.0014173595165881,0.0019748858320727,0.0988005720989124,0.2777777777777778,0.0155439473638481,1.3624507133369033,0.3684210526315789,0.1035546060726524,0.0139201634206722,-0.7733737914532358
2021,motion_concentration,7770,6435,639,2.110714359028309,1.4383906469285035,20,24,0.027027816918971,0.0238976918491777,-0.003124634744584,-0.0514123522677602,7773,7790,7772,7791,2021,2021-08-31 14:35:00,2021-08-31 14:50:00,2021-09-01 10:45:00,20,0.0028152937410267,-0.0034888800173717,-0.058185615808733,0.15,-0.1592851683089718,2.110714359028309,0.238095238095238,0.0750394576328769,0.027027816918971,-0.7328102633152984,6439,6459,6437,6460,2021,2021-07-23 09:50:00,2021-07-23 10:10:00,2021-07-23 13:20:00,24,0.0020673158450178,-0.0003642452727877,-0.0067732635409727,0.1666666666666666,0.1629725581547438,1.4383906469285035,0.52,0.006495371722574,0.0238976918491777,-0.5232561369753415
2021,motion_concentration,7957,7037,639,3.174875944222741,1.408446284180943,11,10,0.0082979926523423,0.0095333833659649,-0.0099338864481492,-0.6770201319418865,7963,7968,7959,7969,2021,2021-09-06 14:10:00,2021-09-06 14:40:00,2021-09-07 09:35:00,11,0.0022643031100865,-0.006980148957193,-0.4647139504204575,0.5454545454545454,-0.4551564181806339,3.174875944222741,0.5,0.0281820573370375,0.0082979926523423,-0.8157501961852911,7039,7047,7039,7048,2021,2021-08-10 13:30:00,2021-08-10 13:40:00,2021-08-10 14:20:00,10,0.0019195381495753,0.0029537374909561,0.212306181521429,0.2,0.0243912713844217,1.408446284180943,0.6363636363636364,0.0,0.0095333833659649,-0.6389738481739724
2021,motion_concentration,7980,8047,639,2.1734296113348863,1.040367059839846,6,6,0.0027017633592221,0.002653919979779,-0.0002116621915348,-0.0329149666604576,7981,7986,7982,7987,2021,2021-09-07 10:35:00,2021-09-07 10:40:00,2021-09-07 11:05:00,6,0.0019915457086769,-0.0005020150431045,-0.0877061029654066,0.1666666666666666,0.8270638589347118,2.1734296113348863,0.2857142857142857,0.0,0.0027017633592221,0.1909302700464386,8051,8053,8049,8054,2021,2021-09-08 13:40:00,2021-09-08 14:00:00,2021-09-08 14:10:00,6,0.0018657030996707,-0.0002903528515696,-0.0547911363049489,0.6666666666666666,-0.2544833186460088,1.040367059839846,0.4285714285714285,0.1156917891106528,0.002653919979779,0.1013982178954817
2021,motion_concentration,8000,548,639,2.2726726970440736,1.429496485151919,26,24,0.0143077969964444,0.0157580933364931,0.0012221636734069,0.0357856277592754,8010,8026,8002,8027,2021,2021-09-07 13:45:00,2021-09-07 14:35:00,2021-09-08 10:25:00,26,0.0017786180065823,0.0002119640392501,0.006204013288747,0.3846153846153846,0.0630128525704604,2.2726726970440736,0.4074074074074074,0.0121396651258105,0.0143077969964444,-0.7309926568454694,556,572,550,573,2021,2021-01-19 11:15:00,2021-01-19 13:25:00,2021-01-19 14:45:00,24,0.0019074279946173,-0.0010101996341567,-0.0295816144705284,0.3333333333333333,0.1993980893191037,1.429496485151919,0.4,0.004004461383465,0.0157580933364931,-0.6778337828577938
2021,motion_concentration,8100,2566,639,2.108540684711101,1.3446846402391412,17,19,0.0087388554562863,0.0084740394785516,0.0038111595924135,0.2506481989781346,8112,8117,8102,8118,2021,2021-09-09 14:05:00,2021-09-10 09:35:00,2021-09-10 10:00:00,17,0.0018249247470042,-0.0008364032649654,-0.0383364536925921,0.7058823529411765,-0.7718443987713163,2.108540684711101,0.2777777777777778,0.0,0.0087388554562863,-0.3122122676893204,2573,2585,2568,2586,2021,2021-03-25 11:25:00,2021-03-25 13:30:00,2021-03-25 14:30:00,19,0.0016226953621458,-0.0046475628573789,-0.2889846526707267,0.3684210526315789,0.4795219997757077,1.3446846402391412,0.4,0.0,0.0084740394785516,-0.2809323841698812
2021,motion_concentration,8201,10086,639,3.077646473202261,1.3600067061702148,28,26,0.019938159134579,0.0162373680096834,-0.0049400626367114,-0.1765427792997763,8218,8229,8203,8230,2021,2021-09-13 14:30:00,2021-09-14 10:25:00,2021-09-14 11:20:00,28,0.0017212702937044,-0.0020530224038369,-0.0607070382275618,0.6071428571428571,0.1847323908670314,3.077646473202261,0.4137931034482758,0.0614307155315261,0.019938159134579,0.7144765450396553,10110,10112,10088,10113,2021,2021-11-17 10:05:00,2021-11-17 13:35:00,2021-11-17 13:45:00,26,0.001249571469422,0.0028870402328745,0.1158357410722145,0.9230769230769232,0.1184568298331269,1.3600067061702148,0.7407407407407407,0.0,0.0162373680096834,0.8833437441789431
2021,motion_concentration,8260,3193,639,2.6967831584712223,1.3362840678592167,16,17,0.0068024525740613,0.0055855814170131,-0.0060115838047261,-0.3884540559822559,8264,8276,8262,8277,2021,2021-09-15 09:55:00,2021-09-15 10:15:00,2021-09-15 11:15:00,16,0.0017790541312761,-0.0095256546083482,-0.7454559761526774,0.25,0.8874583210854453,2.6967831584712223,0.4117647058823529,0.0,0.0068024525740613,0.2936988497851096,3205,3210,3195,3211,2021,2021-04-14 13:10:00,2021-04-14 14:10:00,2021-04-14 14:35:00,17,0.0015743637300121,-0.003514070803622,-0.3570019201704215,0.7058823529411765,-1.140293408168576,1.3362840678592167,0.3333333333333333,0.0283024976680733,0.0055855814170131,0.4549781925811001
2021,motion_concentration,8475,9037,639,2.002610581969396,1.2650736588603,15,14,0.0038508045681835,0.003866113789126,0.0005280562662464,0.0938046167821383,8480,8490,8477,8491,2021,2021-09-23 13:20:00,2021-09-23 13:45:00,2021-09-23 14:35:00,15,0.0014675316207823,0.0009306177554944,0.1252645873098304,0.3333333333333333,-0.0382016202934889,2.002610581969396,0.3125,0.0997806197520378,0.0038508045681835,-0.2587935551921377,9041,9051,9039,9052,2021,2021-10-18 10:40:00,2021-10-18 11:00:00,2021-10-18 13:20:00,14,0.0014697729920931,0.000402561489248,0.031459970527692,0.2857142857142857,0.6836280424714286,1.2650736588603,0.2666666666666666,0.2000768546792473,0.003866113789126,-0.1445968184090589
2021,motion_concentration,8539,7047,639,2.503403633834905,1.4015528821394134,17,19,0.0157122590320435,0.0141917410399639,-0.0212174214051176,-0.4489175340974945,8549,8556,8541,8557,2021,2021-09-24 14:40:00,2021-09-27 10:00:00,2021-09-27 10:35:00,17,0.0025685773993208,-0.0261736110865907,-0.5718442222541805,0.5882352941176471,0.1113980580149175,2.503403633834905,0.3333333333333333,0.0255808018738723,0.0157122590320435,0.086545616253254,7054,7066,7049,7067,2021,2021-08-10 14:20:00,2021-08-10 14:55:00,2021-08-11 10:25:00,19,0.0020763631960502,-0.004956189681473,-0.122926688156686,0.3684210526315789,0.2921515780204608,1.4015528821394134,0.45,0.0194330143699243,0.0141917410399639,-0.1229918130537581
2021,motion_concentration,8871,3234,639,2.535726121271459,1.3010477087381167,20,19,0.0177853226267616,0.01508516337217,0.0046717722414043,0.1400287854124516,8888,8891,8873,8892,2021,2021-10-12 14:20:00,2021-10-13 10:15:00,2021-10-13 10:30:00,20,0.0018560745942454,0.0067968978674727,0.223285716339547,0.85,0.145788619268314,2.535726121271459,0.3809523809523809,0.1823144738675642,0.0177853226267616,0.8720171221067129,3251,3253,3236,3254,2021,2021-04-15 11:05:00,2021-04-15 14:00:00,2021-04-15 14:10:00,19,0.0014219389072292,0.0021251256260684,0.0832569309270954,0.8947368421052632,-0.9226176065610684,1.3010477087381167,0.15,0.2149965392462062,0.01508516337217,0.7299911802111253
2021,motion_concentration,9001,8053,639,2.144138626184246,1.3789967747914074,7,6,0.0015620133343698,0.001945298827664,0.0002634886921064,0.0655974662777526,9007,9008,9003,9009,2021,2021-10-15 13:10:00,2021-10-15 13:40:00,2021-10-15 13:45:00,7,0.0015469860399585,4.400956475249663e-05,0.0134561118054729,0.8571428571428571,0.0048024148969914,2.144138626184246,0.5,0.176266913155531,0.0015620133343698,0.1126954550645821,8055,8059,8055,8060,2021,2021-09-08 14:10:00,2021-09-08 14:20:00,2021-09-08 14:40:00,6,0.0018808616066641,-0.0002194791273539,-0.0521413544722796,0.3333333333333333,0.6245479158294382,1.3789967747914074,0.2857142857142857,0.0,0.001945298827664,0.09098951781764
2021,motion_concentration,9015,4579,639,2.096073356603984,1.44573457373878,22,20,0.0177874542846092,0.0142930373130134,0.0038534049582606,-0.0141937241669195,9018,9037,9017,9038,2021,2021-10-15 14:20:00,2021-10-15 14:35:00,2021-10-18 10:40:00,22,0.0015531994681269,0.0154720793161951,0.4771744790838969,0.1363636363636363,0.8895391911316402,2.096073356603984,0.2608695652173913,0.0823240243060943,0.0177874542846092,-0.8663315649631599,4584,4599,4581,4600,2021,2021-05-28 11:10:00,2021-05-28 13:05:00,2021-05-28 14:20:00,20,0.0014390108941756,0.0116186743579344,0.4913682032508164,0.25,0.1680911991306986,1.44573457373878,0.4761904761904761,0.0117152060844633,0.0142930373130134,-0.818026751881876
2021,motion_concentration,9205,8898,639,2.203369157608538,1.3183781123438678,26,24,0.0121927278557283,0.0133546439826712,-0.0026516222691349,-0.0720912606238887,9228,9231,9207,9232,2021,2021-10-21 14:10:00,2021-10-22 10:35:00,2021-10-22 10:50:00,26,0.0016014165133919,-0.0036378789623766,-0.1080282695982846,0.8846153846153846,-0.4330516216443424,2.203369157608538,0.2222222222222222,0.3119120639601235,0.0121927278557283,0.8607664185869971,8920,8922,8900,8923,2021,2021-10-13 11:05:00,2021-10-13 14:25:00,2021-10-13 14:35:00,24,0.0018475595166038,-0.0009862566932417,-0.0359370089743958,0.9166666666666666,0.0377453865857753,1.3183781123438678,0.56,0.0,0.0133546439826712,0.9232925930711948
2021,motion_concentration,9285,180,639,1.964869428995456,1.178133693035083,9,8,0.0066230474121971,0.0069559556675988,0.0082198957887354,0.6750868105816267,9293,9294,9287,9295,2021,2021-10-25 11:20:00,2021-10-25 13:30:00,2021-10-25 13:35:00,9,0.001677103731783,0.003205831525219,0.2736020331231758,0.8888888888888888,0.1926381721478457,1.964869428995456,0.3,0.4127533066210384,0.0066230474121971,0.5137163060988111,187,188,182,189,2021,2021-01-07 14:05:00,2021-01-07 14:40:00,2021-01-07 14:45:00,8,0.0015235705751789,-0.0050140642635163,-0.4014847774584508,0.875,-1.2994497835964878,1.178133693035083,0.3333333333333333,0.2142545681718707,0.0069559556675988,0.4276369068039554
2021,motion_concentration,9698,10339,639,1.9384286751872264,1.2836832889637029,6,6,0.0033175049920437,0.0035316756102137,0.0061726680223884,0.9988063310137312,9700,9704,9700,9705,2021,2021-11-05 09:45:00,2021-11-05 09:55:00,2021-11-05 10:15:00,6,0.001157983777508,-7.099020690105222e-06,-0.001193668986303,0.3333333333333333,0.40648160121138,1.9384286751872264,0.5714285714285714,0.0,0.0033175049920437,0.0684818331343241,10342,10345,10341,10346,2021,2021-11-24 11:10:00,2021-11-24 11:25:00,2021-11-24 13:10:00,6,0.0011255248673471,-0.0061797670430785,-1.0000000000000344,0.5,-0.311240119786667,1.2836832889637029,0.4285714285714285,0.0,0.0035316756102137,0.0134076661701296
2021,motion_concentration,9936,2415,639,1.9310297062494224,1.4029144858053688,12,14,0.009532149672907,0.0081755649815962,-0.0085504100911176,-0.4881268779386214,9942,9948,9938,9949,2021,2021-11-12 09:35:00,2021-11-12 10:05:00,2021-11-12 10:35:00,12,0.0016730957292799,-0.0122488068502767,-0.8127471193101272,0.5,0.2029622409304614,1.9310297062494224,0.4615384615384615,0.0032344234407971,0.009532149672907,0.6945012307653329,2426,2429,2417,2430,2021,2021-03-22 10:50:00,2021-03-22 13:15:00,2021-03-22 13:30:00,14,0.0019949589169329,-0.003698396759159,-0.3246202413715058,0.7857142857142857,-0.0943812855976411,1.4029144858053688,0.6666666666666666,0.0,0.0081755649815962,0.82093706336562
2021,motion_concentration,10046,11053,639,1.9319796112815824,1.4383439955695014,31,33,0.0100172931771211,0.0108032203856831,-0.0126829738980478,-0.5562944789374582,10053,10077,10048,10078,2021,2021-11-16 10:45:00,2021-11-16 11:20:00,2021-11-16 14:50:00,31,0.0011864923987587,-0.0021863879860245,-0.0935979509895185,0.2258064516129032,0.6074376440988317,1.9319796112815824,0.3125,0.0507585576663334,0.0100172931771211,-0.7534388040017279,11055,11086,11055,11087,2021,2021-12-15 10:40:00,2021-12-15 10:50:00,2021-12-15 14:55:00,33,0.0008433188118529,0.0104965859120233,0.4626965279479396,0.0606060606060606,-0.121907713968296,1.4383439955695014,0.4411764705882353,0.0056661371773667,0.0108032203856831,-0.9742957133690088
2021,motion_concentration,10718,8432,639,1.9263173891338248,1.3441729017539032,6,6,0.002131994432692,0.0017709959837404,-0.0007018883667343,-0.1928869054090332,10723,10724,10720,10725,2021,2021-12-06 10:45:00,2021-12-06 11:10:00,2021-12-06 11:15:00,6,0.001760838789983,-0.001203848235249,-0.3664275330769173,0.8333333333333334,0.4282918778142482,1.9263173891338248,0.2857142857142857,0.0151477349145902,0.002131994432692,0.567918360239835,8435,8438,8434,8439,2021,2021-09-22 13:45:00,2021-09-22 14:00:00,2021-09-22 14:15:00,6,0.0019235145570809,-0.0005019598685146,-0.173540627667884,0.5,0.4515511851013465,1.3441729017539032,0.4285714285714285,0.0,0.0017709959837404,0.43771793157452
2021,motion_concentration,10837,9439,639,2.0057425573794347,1.3756755660570958,15,13,0.0042930814466197,0.0048076838698225,-8.998423576581365e-05,0.0005310496798789,10844,10852,10839,10853,2021,2021-12-08 14:10:00,2021-12-08 14:45:00,2021-12-09 09:55:00,15,0.0021562187341358,0.0004111839387534,0.0406783709592255,0.4666666666666667,-0.2229225260376195,2.0057425573794347,0.5625,0.0,0.0042930814466197,-0.3068814953240202,9444,9452,9441,9453,2021,2021-10-28 13:40:00,2021-10-28 14:05:00,2021-10-28 14:45:00,13,0.0018928827132647,0.0005011681745193,0.0401473212793465,0.3846153846153846,-0.1219854728217348,1.3756755660570958,0.2857142857142857,0.0561018484655179,0.0048076838698225,-0.1210966575672923
2021,motion_concentration,10934,10271,639,1.9252484036111,1.319771900525865,11,11,0.0047251842486062,0.0045253530336726,-0.0032031115143494,-0.1156590399152636,10939,10945,10936,10946,2021,2021-12-10 14:15:00,2021-12-10 14:40:00,2021-12-13 09:40:00,11,0.0009584087649458,0.0021896800785679,0.2512745016666435,0.4545454545454545,-0.0173532301740818,1.9252484036111,0.5,0.0880181590882128,0.0047251842486062,-0.4075349649944308,10273,10282,10273,10283,2021,2021-11-22 15:00:00,2021-11-23 09:40:00,2021-11-23 10:25:00,11,0.0010151436719559,0.0053927915929174,0.3669335415819071,0.1818181818181818,0.0222686191574295,1.319771900525865,0.4166666666666667,0.0431202757822493,0.0045253530336726,-0.2988218561339657
2021,motion_concentration,10971,4244,639,2.262417219407192,1.3761435177431478,22,20,0.0046933353128464,0.0044205374362249,0.0045963436577844,0.2580592546214442,10977,10993,10973,10994,2021,2021-12-13 13:20:00,2021-12-13 13:50:00,2021-12-14 09:40:00,22,0.0012244335727645,-0.0014922275620784,-0.1218065686721433,0.2727272727272727,0.4866224105612048,2.262417219407192,0.3478260869565217,0.0183813301067046,0.0046933353128464,-0.3862520870094819,4254,4264,4246,4265,2021,2021-05-19 11:15:00,2021-05-19 13:35:00,2021-05-19 14:25:00,20,0.0012368983774166,-0.0060885712198629,-0.3798658232935875,0.5,-0.3160852748818941,1.3761435177431478,0.4285714285714285,0.054074580540205,0.0044205374362249,-0.3188446586444947
2021,motion_concentration,11086,9264,639,1.971354448705435,1.3607727600238977,7,8,0.0087877411895531,0.0094586353472623,-0.0080111125447128,-0.4627757591555503,11088,11093,11088,11094,2021,2021-12-15 14:55:00,2021-12-16 09:35:00,2021-12-16 10:00:00,7,0.0015120986167069,-0.0045758534815891,-0.3023435949934104,0.2857142857142857,0.710111677396677,1.971354448705435,0.125,0.0329810822075587,0.0087877411895531,-0.2493925232795564,9266,9272,9266,9273,2021,2021-10-25 09:35:00,2021-10-25 09:45:00,2021-10-25 10:15:00,8,0.0015490783814996,0.0034352590631237,0.1604321641621398,0.25,0.576910200874063,1.3607727600238977,0.2222222222222222,0.2354955335475127,0.0094586353472623,-0.3818932126388967
2021,motion_concentration,11275,6297,639,1.9691755179368124,1.2681477752424617,7,7,0.0049863107069221,0.0044883883137272,0.0011823166932573,0.1089198043917651,11281,11282,11277,11283,2021,2021-12-21 14:40:00,2021-12-22 09:40:00,2021-12-22 09:45:00,7,0.0015827534104653,0.0004073616118016,0.0391935085246045,0.8571428571428571,-1.7286765299245723,1.9691755179368124,0.25,0.0328510092883837,0.0049863107069221,0.1094067188126113,6299,6304,6299,6305,2021,2021-07-20 10:20:00,2021-07-20 10:30:00,2021-07-20 10:55:00,7,0.0019298790307797,-0.0007749550814556,-0.0697262958671606,0.2857142857142857,0.4102315942805292,1.2681477752424617,0.375,0.0375440377206858,0.0044883883137272,0.1283754842232601
2021,motion_concentration,11413,10316,639,2.706908464412619,1.460449383710095,19,16,0.009769289255388,0.008082405829243,-0.0053432031601083,-0.2467445828132394,11425,11432,11415,11433,2021,2021-12-24 14:10:00,2021-12-27 09:40:00,2021-12-27 10:15:00,19,0.0014336981367765,-0.0025650136834052,-0.0963801540493171,0.631578947368421,-0.3863188984965231,2.706908464412619,0.15,0.0007438860027139,0.009769289255388,0.1894711889886521,10325,10332,10318,10333,2021,2021-11-23 14:45:00,2021-11-24 10:00:00,2021-11-24 10:35:00,16,0.0009858240564125,0.002778189476703,0.1503644287639223,0.5625,0.2066159714760908,1.460449383710095,0.2352941176470588,0.0601322061632315,0.008082405829243,0.2392788574744512
2021,half_height_width,68,5011,639,0.5789473684210527,0.2941176470588235,18,16,0.0091696881975842,0.00987210311155,-0.0059090497770516,-0.3129552506572025,83,86,70,87,2021,2021-01-05 11:15:00,2021-01-05 14:00:00,2021-01-05 14:15:00,18,0.0017512649144616,-0.0039253888441203,-0.211148402959376,0.8333333333333334,-0.0385810736793756,1.2120604725724815,0.5789473684210527,0.0327981840698273,0.0091696881975842,0.5109700202634411,5020,5027,5013,5028,2021,2021-06-10 11:10:00,2021-06-10 13:25:00,2021-06-10 14:00:00,16,0.0015794358119346,0.0019836609329312,0.1018068476978265,0.5625,-0.0669798587164459,1.7631976228019417,0.2941176470588235,0.0158219304950598,0.00987210311155,0.3026044583183235
2021,half_height_width,278,3810,639,0.6666666666666666,0.2307692307692307,11,12,0.0117849517246337,0.0095744313095682,-0.0090687749804272,-0.5019125658350789,284,289,280,290,2021,2021-01-11 14:15:00,2021-01-11 14:45:00,2021-01-12 09:40:00,11,0.0025200500508015,-0.012850196123875,-0.715284096251674,0.5454545454545454,0.0619568529510496,1.5003159302700757,0.6666666666666666,0.0,0.0117849517246337,0.3912437009817159,3817,3822,3812,3823,2021,2021-05-06 11:05:00,2021-05-06 13:10:00,2021-05-06 13:35:00,12,0.0020065353194219,-0.0037814211434477,-0.2133715304165951,0.5833333333333334,-0.2216633714972671,1.8898448928150895,0.2307692307692307,0.1304964128200266,0.0095744313095682,0.365389229458647
2021,half_height_width,289,6832,639,0.6,0.2941176470588235,19,16,0.0126442260367829,0.0142432368329696,-0.0092753847098087,-0.4118874995923016,300,308,291,309,2021,2021-01-12 09:40:00,2021-01-12 10:35:00,2021-01-12 11:15:00,19,0.0022190585213483,-0.0059581000513628,-0.2632256952968717,0.5789473684210527,0.2599458749787801,2.322524203152028,0.6,0.0,0.0126442260367829,0.704495484892409,6846,6848,6834,6849,2021,2021-08-04 10:55:00,2021-08-04 13:35:00,2021-08-04 13:45:00,16,0.0022474556802278,0.0033172846584459,0.1486618042954299,0.875,-0.9720108703896666,1.4905680652284865,0.2941176470588235,0.0044710732492068,0.0142432368329696,0.7223804261210777
2021,half_height_width,459,7335,639,0.5454545454545454,0.2105263157894736,21,18,0.0155219136845294,0.016759542179165,-0.0011861482299586,-0.0415255482200875,473,480,461,481,2021,2021-01-15 13:20:00,2021-01-15 14:30:00,2021-01-18 09:35:00,21,0.0025724820431853,-0.0142589087127934,-0.4039767954379222,0.6666666666666666,-0.4563065780103812,1.8149691275417272,0.5454545454545454,0.0,0.0155219136845294,0.2805826682856815,7347,7353,7337,7354,2021,2021-08-18 14:20:00,2021-08-19 09:50:00,2021-08-19 10:20:00,18,0.0024722088288008,-0.0130727604828347,-0.3624512472178347,0.6666666666666666,0.4193850424069276,2.393946784441757,0.2105263157894736,0.1909567143965137,0.016759542179165,0.5168682090111254
2021,half_height_width,572,5606,639,0.5333333333333333,0.2580645161290322,29,30,0.0241353154904695,0.0278583655928059,-0.009201392000408,-0.1879245255272102,591,601,574,602,2021,2021-01-19 14:45:00,2021-01-20 10:50:00,2021-01-20 13:10:00,29,0.0020102491121036,0.0038985049406009,0.0772046472595077,0.6551724137931034,-0.1838253900506794,1.8511247777356457,0.5333333333333333,0.0183518172848386,0.0241353154904695,0.5842298692133011,5627,5636,5608,5637,2021,2021-06-29 14:15:00,2021-06-30 10:30:00,2021-06-30 11:15:00,30,0.0017901860993934,0.0130998969410089,0.265129172786718,0.7,0.2106501168923548,1.8087446246506131,0.2580645161290322,0.1673863076643568,0.0278583655928059,0.6755688525132794
2021,half_height_width,786,11275,639,0.5714285714285714,0.25,6,7,0.0057733012245577,0.0049863107069221,-0.0008077348464315,-0.065175813414836,788,792,788,793,2021,2021-01-26 11:05:00,2021-01-26 11:15:00,2021-01-26 13:05:00,6,0.0022981069472772,-0.0004003732346298,-0.0259823048902315,0.3333333333333333,0.4614281895472032,1.2109580737357868,0.5714285714285714,0.0,0.0057733012245577,0.0799307580107206,11281,11282,11277,11283,2021,2021-12-21 14:40:00,2021-12-22 09:40:00,2021-12-22 09:45:00,7,0.0015827534104653,0.0004073616118016,0.0391935085246045,0.8571428571428571,-1.7286765299245723,1.9691755179368124,0.25,0.0328510092883837,0.0049863107069221,0.1094067188126113
2021,half_height_width,802,7770,639,0.5217391304347826,0.238095238095238,22,20,0.0267774292178488,0.027027816918971,0.0130497164649206,0.2325057427153742,810,824,804,825,2021,2021-01-26 13:55:00,2021-01-26 14:35:00,2021-01-27 10:15:00,22,0.0022149399789397,0.0095608364475488,0.1743201269066412,0.3636363636363636,-0.2087361216921806,2.0273545071134778,0.5217391304347826,0.0018711591790693,0.0267774292178488,-0.7929137195686702,7773,7790,7772,7791,2021,2021-08-31 14:35:00,2021-08-31 14:50:00,2021-09-01 10:45:00,20,0.0028152937410267,-0.0034888800173717,-0.058185615808733,0.15,-0.1592851683089718,2.110714359028309,0.238095238095238,0.0750394576328769,0.027027816918971,-0.7328102633152984
2021,half_height_width,824,4937,639,0.6,0.2142857142857142,14,13,0.0140385763575947,0.0169194548853379,-0.0218785675604222,-0.8938867397769947,834,838,826,839,2021,2021-01-27 10:15:00,2021-01-27 11:05:00,2021-01-27 11:25:00,14,0.0027958258736342,-0.0102718805760219,-0.4261136562619081,0.7142857142857143,0.1720497504771146,1.6951362757318131,0.6,0.0034738078428035,0.0140385763575947,0.7001521174440943,4947,4950,4939,4951,2021,2021-06-08 14:30:00,2021-06-09 09:50:00,2021-06-09 10:05:00,13,0.0019110871408239,0.0116066869844003,0.4677730835150865,0.7692307692307693,-0.1870165770192111,2.263452557494058,0.2142857142857142,0.2859262742888876,0.0169194548853379,0.6758371787253784
2021,half_height_width,888,1552,639,0.7272727272727273,0.125,21,23,0.0178905887537927,0.018034123375588,0.0150673156380868,0.5298974874247657,891,909,890,910,2021,2021-01-28 13:05:00,2021-01-28 13:20:00,2021-01-28 14:50:00,21,0.0024794232166271,0.0132500451902656,0.4783755117289026,0.1428571428571428,0.1687396166316737,1.348368626517207,0.7272727272727273,0.0,0.0178905887537927,-0.7515751309394542,1553,1575,1554,1576,2021,2021-02-24 10:55:00,2021-02-24 11:00:00,2021-02-24 14:20:00,23,0.0017193138999039,-0.0018172704478211,-0.0515219756958631,0.0434782608695652,0.1431334197251181,1.616752737301164,0.125,0.1136395727152865,0.018034123375588,-0.6137822914946736
2021,half_height_width,1163,8026,639,0.5625,0.1764705882352941,15,16,0.0139656861317076,0.0117560415715169,0.0083509477203363,0.3303141884951288,1165,1178,1165,1179,2021,2021-02-05 10:30:00,2021-02-05 10:40:00,2021-02-05 13:15:00,15,0.0021192128915228,0.0087419882165458,0.3486787373949637,0.1333333333333333,0.3752862135947175,1.4006911508145594,0.5625,0.0373733058611036,0.0139656861317076,-0.5792350667943239,8029,8042,8028,8043,2021,2021-09-08 10:25:00,2021-09-08 10:40:00,2021-09-08 13:15:00,16,0.0016579993546187,0.0003910404962094,0.0183645488998348,0.1875,0.5467135526971091,1.2088401162453764,0.1764705882352941,0.0,0.0117560415715169,-0.6172356892064998
2021,half_height_width,1299,2283,639,0.6176470588235294,0.2285714285714285,33,34,0.0160523171540161,0.0163308105518416,0.0011773553068859,0.0272984760466784,1327,1332,1301,1333,2021,2021-02-10 09:50:00,2021-02-10 13:40:00,2021-02-10 14:05:00,33,0.0018248555269874,0.0062161225581098,0.1710549311366981,0.8484848484848485,-0.1793873852517006,1.6297250032067083,0.6176470588235294,0.0,0.0160523171540161,0.7240705161829065,2309,2317,2285,2318,2021,2021-03-17 13:20:00,2021-03-18 10:00:00,2021-03-18 10:40:00,34,0.0017489898837062,0.0050387672512238,0.1437564550900197,0.7647058823529411,-1.0800960971372375,2.351507989554071,0.2285714285714285,0.0057916520787039,0.0163308105518416,0.5762876183155967
2021,half_height_width,1408,9051,639,0.7142857142857143,0.15625,34,31,0.0183286847226487,0.0161078400691092,-0.0091439305208393,-0.2530929071903163,1432,1442,1410,1443,2021,2021-02-19 10:55:00,2021-02-19 14:25:00,2021-02-22 09:45:00,34,0.0020936567484951,-0.0025421818551108,-0.0498670637069685,0.7058823529411765,-0.1867243011241158,1.8748517212060372,0.7142857142857143,0.0036653998509273,0.0183286847226487,0.500075887688246,9074,9082,9053,9083,2021,2021-10-18 13:20:00,2021-10-19 09:45:00,2021-10-19 10:25:00,31,0.0015358749255818,0.0066017486657284,0.2032258434833477,0.7419354838709677,-0.5191759176398344,2.0188078794591697,0.15625,0.15736324153089,0.0161078400691092,0.6474035495577283
2021,half_height_width,1510,5431,639,0.5416666666666666,0.2608695652173913,23,22,0.0110016692805494,0.0105405968707703,0.0173040843018333,0.6700467128377148,1518,1533,1512,1534,2021,2021-02-23 11:25:00,2021-02-23 13:35:00,2021-02-23 14:50:00,23,0.0024500140258785,0.0086964944786997,0.348054648709737,0.3478260869565217,0.1933069594666438,1.6906152717396237,0.5416666666666666,0.0123307858510989,0.0110016692805494,-0.4021053039531512,5434,5453,5433,5454,2021,2021-06-24 10:10:00,2021-06-24 10:25:00,2021-06-24 13:30:00,22,0.0019706628031394,-0.0086075898231335,-0.3219920641279776,0.1363636363636363,0.7021447202619335,1.7223782675446413,0.2608695652173913,0.0,0.0105405968707703,-0.3853788102340152
2021,half_height_width,1533,2490,639,0.6,0.1578947368421052,19,18,0.0126116169688259,0.0119627262224302,-0.0040902768846814,-0.1345641510583398,1538,1552,1535,1553,2021,2021-02-23 14:50:00,2021-02-24 09:45:00,2021-02-24 10:55:00,19,0.0016325384167367,-0.004831563099011,-0.1538605171541617,0.2631578947368421,0.2152569499819014,1.455192268087576,0.6,0.0,0.0126116169688259,-0.389148348303526,2497,2508,2492,2509,2021,2021-03-23 14:35:00,2021-03-24 09:40:00,2021-03-24 10:35:00,18,0.0018723674014151,-0.0007412862143296,-0.0192963660958219,0.3888888888888889,0.2276002195534357,2.106517009095244,0.1578947368421052,0.0,0.0119627262224302,-0.3515994506225794
2021,half_height_width,1605,8296,639,0.6333333333333333,0.125,29,31,0.0263957364379434,0.0233459991336459,0.0021740612534721,-0.0702072878397414,1608,1634,1607,1635,2021,2021-02-25 11:20:00,2021-02-25 13:05:00,2021-02-26 09:45:00,29,0.0015955551139349,0.0236107409233746,0.4363406153658235,0.1034482758620689,-0.3681413357233586,4.655201179542208,0.6333333333333333,0.0022795551346698,0.0263957364379434,-0.8755977425254832,8300,8327,8298,8328,2021,2021-09-15 14:25:00,2021-09-15 14:45:00,2021-09-16 11:30:00,31,0.0015349113977601,0.0214366796699025,0.506547903205565,0.1290322580645161,1.2535424303344147,1.7349463633240905,0.125,0.2010162932687502,0.0233459991336459,-0.908817382284782
2021,half_height_width,1675,1235,639,0.5833333333333334,0.24,23,24,0.0181136068793357,0.0152606645105137,-0.0054683166753063,-0.1695245584670816,1691,1698,1677,1699,2021,2021-02-26 14:40:00,2021-03-01 10:30:00,2021-03-01 11:05:00,23,0.0020134076534196,-0.0075436625841643,-0.2355385679901099,0.6956521739130435,0.0034737537511146,2.740089196893744,0.5833333333333334,0.0462253673250736,0.0181136068793357,0.7306666339989906,1258,1259,1237,1260,2021,2021-02-08 14:00:00,2021-02-09 10:25:00,2021-02-09 10:30:00,24,0.0017346043682257,-0.0020753459088579,-0.0660140095230283,0.9583333333333334,-1.81990571797986,1.5927208309288434,0.24,0.6204197390222231,0.0152606645105137,0.8353209977421562
2021,half_height_width,1763,7003,639,0.5333333333333333,0.2857142857142857,14,13,0.0091074230030727,0.0091710107203164,-0.0144727080646092,-0.7018422276448399,1770,1777,1765,1778,2021,2021-03-02 14:00:00,2021-03-02 14:35:00,2021-03-03 09:40:00,14,0.0019363121728512,-0.0134127640091168,-0.6527590081276959,0.5,-0.0282258429116981,2.50851614557996,0.5333333333333333,0.0641970135231686,0.0091074230030727,0.1003709833494728,7012,7016,7005,7017,2021,2021-08-09 14:40:00,2021-08-10 09:55:00,2021-08-10 10:15:00,13,0.0017870548629519,0.0010599440554924,0.049083219517144,0.6923076923076923,-1.601309785662303,1.9144816186640212,0.2857142857142857,0.0565688894477631,0.0091710107203164,0.1079802080056377
2021,half_height_width,2063,8120,639,0.5909090909090909,0.238095238095238,21,20,0.0244543621463,0.0239096922997683,0.0064793372735276,0.1458730757205471,2081,2084,2065,2085,2021,2021-03-10 15:00:00,2021-03-11 11:00:00,2021-03-11 11:15:00,21,0.0021150885936273,0.0066619384230988,0.1501298343792272,0.8571428571428571,-0.1286605448565017,1.9247465158647328,0.5909090909090909,0.1273075931265964,0.0244543621463,0.6604013673152148,8137,8140,8122,8141,2021,2021-09-10 10:15:00,2021-09-10 13:10:00,2021-09-10 13:25:00,20,0.0020216942494819,0.0001826011495712,0.0042567586586801,0.85,-0.4489312382711985,1.6264343796861882,0.238095238095238,0.1036062349680808,0.0239096922997683,0.7555623610340332
2021,half_height_width,2092,1119,639,0.6153846153846154,0.3076923076923077,12,12,0.0085340908835389,0.0102216036123552,0.0060577928179348,0.2257221217159652,2096,2104,2094,2105,2021,2021-03-11 13:25:00,2021-03-11 13:45:00,2021-03-11 14:25:00,12,0.0028511367026608,-0.0011777080847468,-0.0932769912294839,0.3333333333333333,0.0480931543489627,1.511890497652747,0.6153846153846154,0.0,0.0085340908835389,-0.5757871370245056,1123,1131,1121,1132,2021,2021-02-04 10:50:00,2021-02-04 11:10:00,2021-02-04 13:20:00,12,0.0026560264840944,-0.0072355009026816,-0.3189991129454492,0.3333333333333333,1.0201629697849788,1.5621580163195024,0.3076923076923077,0.0788214382640126,0.0102216036123552,-0.6723875771757214
2021,half_height_width,2143,9015,639,0.5454545454545454,0.2608695652173913,21,22,0.0196424385678479,0.0177874542846092,-0.004955576754752,-0.1978895814518264,2149,2164,2145,2165,2021,2021-03-12 13:40:00,2021-03-12 14:10:00,2021-03-15 09:55:00,21,0.0015703334085,0.0105165025614431,0.2792848976320705,0.2857142857142857,-0.1989765491633142,4.106018019625859,0.5454545454545454,0.0112120332199417,0.0196424385678479,-0.7618663357721968,9018,9037,9017,9038,2021,2021-10-15 14:20:00,2021-10-15 14:35:00,2021-10-18 10:40:00,22,0.0015531994681269,0.0154720793161951,0.4771744790838969,0.1363636363636363,0.8895391911316402,2.096073356603984,0.2608695652173913,0.0823240243060943,0.0177874542846092,-0.8663315649631599
2021,half_height_width,2254,7094,639,0.625,0.2857142857142857,23,27,0.0156906301610737,0.0186367558060664,-0.0017851728869828,-0.0947353793112202,2269,2277,2256,2278,2021,2021-03-16 14:55:00,2021-03-17 10:40:00,2021-03-17 11:20:00,23,0.0019350950707795,-0.0060964284042308,-0.1575147239244969,0.6521739130434783,0.1730420034628294,1.7780497944401057,0.625,0.0501295660421232,0.0156906301610737,0.3749888922097417,7110,7121,7096,7122,2021,2021-08-11 14:15:00,2021-08-12 10:05:00,2021-08-12 11:00:00,27,0.0022591537999794,-0.0043112555172479,-0.0627793446132767,0.5925925925925926,-0.582344488744192,1.751479253241426,0.2857142857142857,0.0103720709281799,0.0186367558060664,0.2759056134625517
2021,half_height_width,2277,5556,639,0.5714285714285714,0.25,6,7,0.0042523327879422,0.005214283801826,0.0036541028293536,0.4388297137109636,2280,2283,2279,2284,2021,2021-03-17 11:20:00,2021-03-17 13:05:00,2021-03-17 13:20:00,6,0.0018634138644896,-0.0017987446197348,-0.2749496772701453,0.5,0.2415464438881609,1.6007027850604498,0.5714285714285714,0.0,0.0042523327879422,0.5072235965074392,5560,5563,5558,5564,2021,2021-06-28 14:05:00,2021-06-28 14:25:00,2021-06-28 14:40:00,7,0.0018906228931341,-0.0054528474490884,-0.713779390981109,0.5714285714285714,0.1160332260149425,1.5074017375670925,0.25,0.0,0.005214283801826,0.565751152195849
2021,half_height_width,2415,9272,639,0.6666666666666666,0.2857142857142857,14,13,0.0081755649815962,0.0073061088292112,0.0026868265563217,0.2321777920860475,2426,2429,2417,2430,2021,2021-03-22 10:50:00,2021-03-22 13:15:00,2021-03-22 13:30:00,14,0.0019949589169329,-0.003698396759159,-0.3246202413715058,0.7857142857142857,-0.0943812855976411,1.4029144858053688,0.6666666666666666,0.0,0.0081755649815962,0.82093706336562,9282,9285,9274,9286,2021,2021-10-25 10:15:00,2021-10-25 11:05:00,2021-10-25 11:20:00,13,0.0016105940637813,-0.0063852233154808,-0.5567980334575533,0.7692307692307693,0.1857955942308447,1.6725441882520282,0.2857142857142857,0.0108357139946926,0.0073061088292112,0.7893965353707106
2021,half_height_width,2473,8100,639,0.5555555555555556,0.2777777777777778,17,17,0.0086655444959404,0.0087388554562863,0.0041763846155476,0.208046389887435,2476,2490,2475,2491,2021,2021-03-23 13:10:00,2021-03-23 13:25:00,2021-03-23 14:35:00,17,0.0018462548577173,0.0033399813505821,0.1697099361948429,0.1764705882352941,0.4693221164505717,1.5768350922203858,0.5555555555555556,0.031996107177372,0.0086655444959404,-0.4125584076051319,8112,8117,8102,8118,2021,2021-09-09 14:05:00,2021-09-10 09:35:00,2021-09-10 10:00:00,17,0.0018249247470042,-0.0008364032649654,-0.0383364536925921,0.7058823529411765,-0.7718443987713163,2.108540684711101,0.2777777777777778,0.0,0.0087388554562863,-0.3122122676893204
2021,half_height_width,2547,1878,639,0.65,0.3043478260869565,19,22,0.0117039796773648,0.0122091860437159,-7.910750650951589e-05,-0.0160744971694875,2560,2566,2549,2567,2021,2021-03-25 09:50:00,2021-03-25 10:55:00,2021-03-25 11:25:00,19,0.0016404505804555,-0.0025360342069291,-0.1006498903565218,0.6842105263157895,-0.1547837678796909,1.6601430570340736,0.65,0.0233863321598116,0.0117039796773648,0.4613241934864664,1891,1900,1880,1901,2021,2021-03-05 10:05:00,2021-03-05 11:10:00,2021-03-05 13:25:00,22,0.0023009036452557,-0.0024569267004196,-0.0845753931870342,0.5909090909090909,-0.3235710840709036,1.4182276331691548,0.3043478260869565,0.0042244120471304,0.0122091860437159,0.4637352309571
2021,half_height_width,2597,2769,639,0.5263157894736842,0.21875,37,31,0.0215987296853192,0.0216483168230379,9.720403983337968e-05,0.0903023643675465,2632,2634,2599,2635,2021,2021-03-26 10:00:00,2021-03-26 14:25:00,2021-03-26 14:35:00,37,0.0016334578527969,0.0170517684895057,0.5312652324534075,0.945945945945946,-0.2102622699743114,1.543709818157262,0.5263157894736842,0.106551457753934,0.0215987296853192,0.8076059265506791,2796,2800,2771,2801,2021,2021-03-31 13:50:00,2021-04-01 10:35:00,2021-04-01 10:55:00,31,0.0014074540606451,0.0169545644496724,0.4409628680858609,0.8709677419354839,-0.6875590486369524,1.9724266002114128,0.21875,0.4712205119633139,0.0216483168230379,0.7711047563468687
2021,half_height_width,2634,1777,639,0.6666666666666666,0.3,8,9,0.0057769498229589,0.0069315878738382,0.0014020185642477,0.2285639842738204,2637,2642,2636,2643,2021,2021-03-26 14:35:00,2021-03-26 14:50:00,2021-03-29 09:45:00,8,0.0016346471996448,-0.0045488344607493,-0.208430329849419,0.375,-0.1955704661252018,1.6336084700883884,0.6666666666666666,0.0958364784209427,0.0057769498229589,-0.2142339845917383,1779,1786,1779,1787,2021,2021-03-03 09:40:00,2021-03-03 09:50:00,2021-03-03 10:25:00,9,0.0019212513220312,-0.005950853024997,-0.4369943141232395,0.2222222222222222,2.047075806278948,1.6249991319878023,0.3,0.0948188125674823,0.0069315878738382,-0.3154201001126302
2021,half_height_width,2676,3917,639,0.6363636363636364,0.3,10,9,0.0032604294607789,0.0033121730580587,-0.0031891075839003,-0.3539904807337539,2683,2686,2678,2687,2021,2021-03-29 14:05:00,2021-03-29 14:40:00,2021-03-29 14:55:00,10,0.0013814943156453,-0.0044596593260301,-0.5054594961359855,0.7,-0.2626652531819016,1.5110254720802152,0.6363636363636364,0.0017595020018175,0.0032604294607789,0.3900936976167506,3921,3926,3919,3927,2021,2021-05-10 13:30:00,2021-05-10 13:50:00,2021-05-10 14:15:00,9,0.0019276017778918,-0.0012705517421297,-0.1514690154022315,0.4444444444444444,0.6902838289205587,1.5028464387588858,0.3,0.0,0.0033121730580587,0.3063759555836128
2021,half_height_width,2742,8276,639,0.6,0.2,9,9,0.0047891730657134,0.0044065982351018,0.001786415982397,0.1561751273964383,2743,2751,2744,2752,2021,2021-03-31 10:05:00,2021-03-31 10:10:00,2021-03-31 10:50:00,9,0.0012096741868728,0.0027125228547499,0.2595725167981788,0.1111111111111111,0.5727330858601426,1.3805067294618083,0.6,0.0009748937883635,0.0047891730657134,-0.5140661994597635,8280,8285,8278,8286,2021,2021-09-15 11:15:00,2021-09-15 13:05:00,2021-09-15 13:30:00,9,0.0017703533178852,0.0009261068723528,0.1033973894017404,0.4444444444444444,0.0042100389070376,1.395307181623448,0.2,0.0546864747762476,0.0044065982351018,-0.2643627645885028
2021,half_height_width,2916,11208,639,0.5555555555555556,0.1428571428571428,17,20,0.010196636671008,0.0103865967564216,0.0091840483846941,0.6474134427860321,2921,2933,2918,2934,2021,2021-04-06 14:05:00,2021-04-06 14:30:00,2021-04-07 10:00:00,17,0.0010726237075521,0.0075855281966908,0.5728614500439485,0.2941176470588235,-0.1623332367795509,2.7916257602729293,0.5555555555555556,0.051524108391717,0.010196636671008,-0.6938445227821487,11210,11228,11210,11229,2021,2021-12-20 13:05:00,2021-12-20 13:15:00,2021-12-20 14:45:00,20,0.0013167126897989,-0.0015985201880033,-0.0745519927420835,0.1,0.7805139462501468,1.4502003538047137,0.1428571428571428,0.0668423726866965,0.0103865967564216,-0.6267067660328259
2021,half_height_width,2984,11413,639,0.55,0.15,19,19,0.0090728454326107,0.009769289255388,-0.0004221582049479,-0.0786433274364198,2995,3003,2986,3004,2021,2021-04-08 10:15:00,2021-04-08 11:10:00,2021-04-08 13:20:00,19,0.0014399765297015,-0.0029871718883532,-0.1750234814857369,0.5789473684210527,0.1003153662417309,1.7606183449080224,0.55,0.0475994575395388,0.0090728454326107,0.3556238912214927,11425,11432,11415,11433,2021,2021-12-24 14:10:00,2021-12-27 09:40:00,2021-12-27 10:15:00,19,0.0014336981367765,-0.0025650136834052,-0.0963801540493171,0.631578947368421,-0.3863188984965231,2.706908464412619,0.15,0.0007438860027139,0.009769289255388,0.1894711889886521
2021,half_height_width,3117,4547,639,0.5294117647058824,0.1818181818181818,33,32,0.0130149513918373,0.0155526789386568,-0.0144678814578146,-0.3529175466388737,3134,3150,3119,3151,2021,2021-04-12 14:50:00,2021-04-13 10:45:00,2021-04-13 13:35:00,33,0.0020168676570326,-0.006063957737361,-0.1268906465336241,0.5151515151515151,-0.127279084109644,2.4148487759506225,0.5294117647058824,0.0083734070562137,0.0130149513918373,0.3409446200170594,4565,4579,4549,4580,2021,2021-05-27 14:00:00,2021-05-28 10:00:00,2021-05-28 11:10:00,32,0.0015967336183079,0.0084039237204536,0.2260269001052496,0.5625,-0.0656206638477237,1.9789376199705293,0.1818181818181818,0.0222644785056125,0.0155526789386568,0.2320833330279173
2021,half_height_width,3177,1846,639,0.5454545454545454,0.3076923076923077,10,12,0.0055518810157995,0.0051337863288356,-0.0075460231134561,-0.7210340986068327,3182,3187,3179,3188,2021,2021-04-14 10:20:00,2021-04-14 10:45:00,2021-04-14 11:10:00,10,0.0015429885294079,-0.0054907096323125,-0.537363506160749,0.5,-0.2061844370519306,1.685873651525014,0.5454545454545454,0.0,0.0055518810157995,-0.4343995351057329,1848,1858,1848,1859,2021,2021-03-04 11:25:00,2021-03-04 13:05:00,2021-03-04 13:55:00,12,0.0015212792482365,0.0020553134811435,0.1836705924460837,0.1666666666666666,0.7353760939908903,1.2581881258149925,0.3076923076923077,0.0032173831866482,0.0051337863288356,-0.3915338113576367
2021,half_height_width,3210,114,639,0.5555555555555556,0.2,8,9,0.0076304837038261,0.0068511839931151,-0.0031242612885922,-0.240144922477289,3212,3218,3212,3219,2021,2021-04-14 14:35:00,2021-04-14 14:45:00,2021-04-15 09:45:00,8,0.0015624051697274,0.000317229737171,0.0302615155668858,0.25,0.0327172354128265,1.7923575378980436,0.5555555555555556,0.0,0.0076304837038261,-0.6417151997461297,115,123,116,124,2021,2021-01-06 11:05:00,2021-01-06 11:10:00,2021-01-06 13:20:00,9,0.001801963800494,0.0034414910257633,0.2704064380441748,0.1111111111111111,0.98281242356334,1.5728101135507868,0.2,0.2010789045427366,0.0068511839931151,-0.4320951056100975
2021,half_height_width,3378,1807,639,0.7027027027027027,0.275,36,39,0.0194825458047551,0.0221201554757266,-0.0038393170942589,-0.072554564947106,3386,3414,3380,3415,2021,2021-04-20 11:05:00,2021-04-20 13:15:00,2021-04-21 10:05:00,36,0.0014999611397143,0.0021081390666466,0.0565129491472834,0.2222222222222222,-0.0065645528850016,1.6859367504335163,0.7027027027027027,0.0,0.0194825458047551,-0.7268572107152114,1821,1846,1809,1847,2021,2021-03-03 13:40:00,2021-03-03 14:50:00,2021-03-04 11:25:00,39,0.0016425296703435,0.0059474561609056,0.1290675140943895,0.358974358974359,0.7690238378792642,2.1360056795868463,0.275,1.991993357983083e-06,0.0221201554757266,-0.7672780523762711
2021,half_height_width,3462,10137,639,0.7222222222222222,0.2631578947368421,17,18,0.0084507545177228,0.0083198190216551,-0.0020402952649397,-0.1036682097940176,3477,3479,3464,3480,2021,2021-04-22 10:05:00,2021-04-22 11:20:00,2021-04-22 11:30:00,17,0.001362423381047,0.0010188829698443,0.0626810817316898,0.8823529411764706,0.0952570840511058,1.6681896390104012,0.7222222222222222,0.0240384376206675,0.0084507545177228,0.872964521883232,10154,10155,10139,10156,2021,2021-11-18 10:20:00,2021-11-18 13:15:00,2021-11-18 13:20:00,18,0.0012269032477307,0.003059178234784,0.1663492915257075,0.9444444444444444,-0.7416542943098575,1.4674440163366282,0.2631578947368421,0.1178658421616677,0.0083198190216551,0.7788317650535846
2021,half_height_width,3637,11296,639,0.8333333333333334,0.3076923076923077,11,12,0.0043692332622162,0.0042638739832785,-0.0045460587034549,-0.4155999991206291,3639,3648,3639,3649,2021,2021-04-27 14:10:00,2021-04-27 14:20:00,2021-04-28 09:35:00,11,0.0015805011159067,-0.0022356437929397,-0.1164403939934709,0.1818181818181818,-0.0248612824910077,2.0703356300401947,0.8333333333333334,0.0,0.0043692332622162,-0.5537685016715707,11299,11308,11298,11309,2021,2021-12-22 10:55:00,2021-12-22 11:10:00,2021-12-22 13:25:00,12,0.0012533124265632,0.0023104149105151,0.2991596051271582,0.25,-0.1564379438567468,2.293270484121185,0.3076923076923077,0.1916446469049406,0.0042638739832785,-0.5962354849601069
2021,half_height_width,3751,8778,639,0.52,0.2142857142857142,24,27,0.0097018653636675,0.0119682279635693,-0.0029276666730908,-0.0847131081458537,3765,3775,3753,3776,2021,2021-04-30 10:10:00,2021-04-30 11:20:00,2021-04-30 13:40:00,24,0.0012738154888161,-5.1641350903630753e-05,-0.0017579498670401,0.5833333333333334,-0.077418282898529,1.474269594526755,0.52,0.0048222155544656,0.0097018653636675,-0.2295848168354322,8792,8805,8780,8806,2021,2021-10-08 14:35:00,2021-10-11 10:15:00,2021-10-11 11:20:00,27,0.001501927213614,0.0028760253221872,0.0829551582788135,0.5185185185185185,-0.2771788036962017,1.6623915791824644,0.2142857142857142,0.0079196764831654,0.0119682279635693,-0.187111737753885
2021,half_height_width,3822,9171,639,0.6521739130434783,0.2857142857142857,22,20,0.0125435692352446,0.0137801195662197,0.0182611119078535,0.6784503049054244,3831,3844,3824,3845,2021,2021-05-06 13:35:00,2021-05-06 14:20:00,2021-05-07 09:55:00,22,0.0019900846672959,0.0115423874178167,0.402301363322642,0.4090909090909091,-0.0298590850858537,1.8224685200457973,0.6521739130434783,0.005023624523433,0.0125435692352446,-0.5698217497144682,9174,9191,9173,9192,2021,2021-10-21 09:50:00,2021-10-21 10:05:00,2021-10-21 11:30:00,20,0.0013478769140526,-0.0067187244900368,-0.2761489415827823,0.15,0.4006331489433425,1.878733314608248,0.2857142857142857,0.0,0.0137801195662197,-0.5160368756306977
2021,half_height_width,3946,4981,639,0.59375,0.032258064516129,31,30,0.014882226108857,0.016875236687345,-0.0050426194097885,-0.1399678096322903,3971,3977,3948,3978,2021,2021-05-11 10:25:00,2021-05-11 14:00:00,2021-05-11 14:30:00,31,0.0016029516483436,-0.0003451752890193,-0.0133108023493902,0.8064516129032258,-0.1378241676712118,1.5432080577144187,0.59375,0.0,0.014882226108857,0.7741277926144348,5010,5011,4983,5012,2021,2021-06-09 14:10:00,2021-06-10 11:05:00,2021-06-10 11:10:00,30,0.0015850801374477,0.0046974441207691,0.1266570072829,0.9666666666666668,0.1277759378507852,2.328847715621748,0.032258064516129,0.0163121415885895,0.016875236687345,0.8931465740893213
2021,half_height_width,3977,10022,639,0.5384615384615384,0.3076923076923077,12,12,0.0045488843670051,0.0054314484833044,-0.001795071980467,-0.1813672544258976,3981,3989,3979,3990,2021,2021-05-11 14:30:00,2021-05-11 14:50:00,2021-05-12 10:00:00,12,0.0016046342700113,0.0021123592016529,0.1762746309505389,0.3333333333333333,-0.1904506771697959,2.093714589444006,0.5384615384615384,0.052017968400471,0.0045488843670051,-0.4835063279062547,10025,10034,10024,10035,2021,2021-11-15 14:15:00,2021-11-15 14:30:00,2021-11-16 09:45:00,12,0.0012029081661184,0.00390743118212,0.3576418853764366,0.25,-0.4614800862820707,2.257883152281463,0.3076923076923077,0.0230574554213795,0.0054314484833044,-0.7297790230766941
2021,half_height_width,4011,9875,639,0.5652173913043478,0.28,22,24,0.0120191570119043,0.0107735625140232,0.0004082884117212,0.0428566963642347,4027,4033,4013,4034,2021,2021-05-12 13:20:00,2021-05-12 14:40:00,2021-05-13 09:40:00,22,0.0013099387854983,-0.0014091877881946,-0.0426430976251138,0.7272727272727273,-0.2776743996897326,1.641548982306691,0.5652173913043478,0.0250894605086692,0.0120191570119043,0.4736578501026335,9893,9899,9877,9900,2021,2021-11-10 14:00:00,2021-11-11 10:00:00,2021-11-11 10:30:00,24,0.001628484943725,-0.0018174761999159,-0.0854997939893486,0.75,-0.9439835015473104,1.5447693309217128,0.28,0.0207500034975693,0.0107735625140232,0.6374310648972098
2021,half_height_width,4033,682,639,0.5714285714285714,0.2857142857142857,6,6,0.0066421839898183,0.0067119391867738,-0.0005306587925104,-0.0705560190609329,4035,4039,4035,4040,2021,2021-05-13 09:40:00,2021-05-13 09:50:00,2021-05-13 10:10:00,6,0.0015089172495154,0.0009480845453431,0.0581522993248645,0.3333333333333333,-0.0314808930486223,1.615119996021578,0.5714285714285714,0.0873998958049594,0.0066421839898183,-0.1819772955047324,683,688,684,689,2021,2021-01-22 10:25:00,2021-01-22 10:30:00,2021-01-22 10:55:00,6,0.0016535866405498,0.0014787433378536,0.1287083183857974,0.1666666666666666,0.1444654150398188,1.4251123101939702,0.2857142857142857,0.1474823224861711,0.0067119391867738,-0.1805590599081079
2021,half_height_width,4083,8684,639,0.6153846153846154,0.1944444444444444,38,35,0.0188938865279126,0.0183114440927454,0.0262831742968873,0.6998363370806535,4118,4121,4085,4122,2021,2021-05-14 09:50:00,2021-05-14 14:15:00,2021-05-14 14:30:00,38,0.0016509018335691,0.015480461847843,0.416831428190874,0.9210526315789472,-0.1210704417538923,1.5547503422053368,0.6153846153846154,0.0055704918430903,0.0188938865279126,0.8383790480853165,8717,8719,8686,8720,2021,2021-09-29 14:45:00,2021-09-30 13:30:00,2021-09-30 13:40:00,35,0.0021879482758524,-0.0108027124490443,-0.2830049088897794,0.9428571428571428,0.6950618576955985,2.861549953754716,0.1944444444444444,0.0331887018120618,0.0183114440927454,0.8605917877100526
2021,half_height_width,4121,7425,639,0.6,0.2972972972972973,44,36,0.0308349509811609,0.0294761192150767,0.0106811141524406,0.2150350015250161,4151,4165,4123,4166,2021,2021-05-14 14:30:00,2021-05-17 11:30:00,2021-05-17 14:10:00,44,0.0020106182401936,0.0270928110158779,0.4756663383457029,0.6818181818181818,0.2047779591400878,2.856081416871344,0.6,0.0102751352435813,0.0308349509811609,0.8172254463103992,7453,7461,7427,7462,2021,2021-08-20 13:50:00,2021-08-23 10:40:00,2021-08-23 11:20:00,36,0.0021274965336991,0.0164116968634373,0.2606313368206867,0.7777777777777778,-1.322146737687769,1.525820487781263,0.2972972972972973,0.0558382881226122,0.0294761192150767,0.7938193365868138
2021,half_height_width,4165,2508,639,0.6875,0.1666666666666666,15,17,0.0092622911859425,0.0081338661526011,0.0025191216376489,0.1114957710310164,4168,4180,4167,4181,2021,2021-05-17 14:10:00,2021-05-17 14:25:00,2021-05-18 09:55:00,15,0.0020564888741991,0.0070372630244683,0.4181515376741244,0.2,-0.1793320857312307,2.448799802481399,0.6875,0.0059485769347793,0.0092622911859425,-0.7989544958810075,2510,2525,2510,2526,2021,2021-03-24 10:35:00,2021-03-24 10:45:00,2021-03-24 13:30:00,17,0.0018482113285493,0.0045181413868193,0.3066557666431079,0.1176470588235294,0.9142076806408737,1.3279404032200617,0.1666666666666666,0.0479962573974852,0.0081338661526011,-0.5765686701739359
2021,half_height_width,4340,8805,639,0.7297297297297297,0.2424242424242424,36,32,0.0133694984492356,0.0152546206990882,-0.0074205410243698,-0.2286060049556629,4348,4376,4342,4377,2021,2021-05-21 11:15:00,2021-05-21 13:25:00,2021-05-24 10:15:00,36,0.0017728256743143,0.004709246913719,0.1552286952865164,0.2222222222222222,0.0608323879839226,1.7594622697842457,0.7297297297297297,0.0,0.0133694984492356,-0.6861305985337288,8808,8837,8807,8838,2021,2021-10-11 11:20:00,2021-10-11 13:05:00,2021-10-12 10:00:00,32,0.0015119402753358,0.0121297879380888,0.3838347002421793,0.09375,0.774691286075012,1.6532715653165346,0.2424242424242424,0.0451916103904447,0.0152546206990882,-0.7750492232586143
2021,half_height_width,4470,2875,639,0.625,0.1176470588235294,15,16,0.007907376882926,0.0072246969568832,-0.0037228741282617,-0.2896128137032133,4475,4485,4472,4486,2021,2021-05-26 10:05:00,2021-05-26 10:30:00,2021-05-26 11:20:00,15,0.0009946873794766,-0.0052996135401706,-0.3654858166536994,0.3333333333333333,0.193007441407927,1.3496925521163992,0.625,0.0,0.007907376882926,-0.3802098385022853,2880,2891,2877,2892,2021,2021-04-02 14:40:00,2021-04-06 09:35:00,2021-04-06 10:30:00,16,0.0013663985126337,-0.0015767394119089,-0.075873002950486,0.3125,1.6824377885873645,1.7651128362614543,0.1176470588235294,0.2779493888490902,0.0072246969568832,-0.5398681001346587
2021,half_height_width,4668,1259,639,0.6071428571428571,0.3043478260869565,27,22,0.0132581405615148,0.0145019149819107,-0.0162934426609629,-0.610047775123761,4682,4695,4670,4696,2021,2021-06-01 10:35:00,2021-06-01 13:15:00,2021-06-01 14:20:00,27,0.002072927319367,-0.0054532281080982,-0.1874018748354667,0.5185185185185185,0.1467198422493227,1.6980514752731797,0.6071428571428571,0.0,0.0132581405615148,0.5505790434270975,1276,1281,1261,1282,2021,2021-02-09 10:30:00,2021-02-09 13:25:00,2021-02-09 13:50:00,22,0.0014195747528311,0.0108402145528647,0.4226459002882942,0.7727272727272727,-0.6966826660659546,1.382695420986107,0.3043478260869565,0.0842482430167901,0.0145019149819107,0.7597565990679715
2021,half_height_width,4740,6212,639,0.6,0.2777777777777778,14,17,0.0086824714193465,0.0096812965799122,0.0085739351641094,0.5018485342587292,4742,4754,4742,4755,2021,2021-06-02 14:05:00,2021-06-02 14:15:00,2021-06-03 09:45:00,14,0.0017922505166421,0.0053585451052917,0.3399425945782062,0.1428571428571428,-0.2097729967195708,2.04654231602317,0.6,0.0080837370502128,0.0086824714193465,-0.5921126556850496,6216,6229,6214,6230,2021,2021-07-16 11:15:00,2021-07-16 13:05:00,2021-07-16 14:10:00,17,0.0017853534100955,-0.0032153900588176,-0.161905939680523,0.2352941176470588,0.5907992170559941,1.3551192427121437,0.2777777777777778,0.068146046193079,0.0096812965799122,-0.5204684486083196
2021,half_height_width,4798,369,639,0.64,0.2272727272727272,24,21,0.023659331556205,0.0216698214553963,0.0062859373371818,0.1293170246678026,4813,4822,4800,4823,2021,2021-06-03 14:55:00,2021-06-04 10:40:00,2021-06-04 11:25:00,24,0.0019212279540733,0.0018802639876689,0.036522902619211,0.625,-0.0675270304746235,1.71212635594717,0.64,0.020112100453122,0.023659331556205,0.3475224458256798,385,390,371,391,2021,2021-01-13 13:50:00,2021-01-14 09:40:00,2021-01-14 10:05:00,21,0.0020757126881227,-0.0044056733495128,-0.0927941220485916,0.7619047619047619,-0.4330717572083619,1.7901500535096695,0.2272727272727272,0.0,0.0216698214553963,0.3568354563555341
2021,half_height_width,5027,3926,639,0.5714285714285714,0.1428571428571428,20,20,0.0117720558647027,0.010110807343528,-0.0070997274841236,-0.1799119550530118,5035,5047,5029,5048,2021,2021-06-10 14:00:00,2021-06-10 14:40:00,2021-06-11 10:10:00,20,0.0015833952596761,0.0013368401662151,0.0486230156677873,0.4,-0.0340842064988379,1.6869390232967207,0.5714285714285714,0.0068255793165929,0.0117720558647027,-0.5769254345097786,3927,3946,3928,3947,2021,2021-05-10 14:15:00,2021-05-10 14:20:00,2021-05-11 10:25:00,20,0.0017672023662529,0.0084365676503388,0.2285349707207991,0.05,0.6232059886704917,2.1553675791003086,0.1428571428571428,0.1796096049922866,0.010110807343528,-0.8153419783750546
2021,half_height_width,5250,9621,639,0.6923076923076923,0.1666666666666666,12,11,0.0061100810537269,0.0056880360194382,0.0006978589628661,0.0386246444513109,5254,5262,5252,5263,2021,2021-06-18 11:05:00,2021-06-18 11:25:00,2021-06-18 13:35:00,12,0.0027592827449464,0.0013386792347152,0.0828084527559077,0.3333333333333333,0.0817446914636265,1.5209593651948805,0.6923076923076923,0.0117023635926522,0.0061100810537269,-0.2301215242644804,9625,9632,9623,9633,2021,2021-11-03 11:20:00,2021-11-03 13:10:00,2021-11-03 13:45:00,11,0.0022484215496593,0.0006408202718491,0.0441838083045967,0.3636363636363636,0.4125911530954696,1.468666489173155,0.1666666666666666,0.0048508370608789,0.0056880360194382,-0.1468174909082854
2021,half_height_width,5331,3234,639,0.5416666666666666,0.15,23,19,0.0133752022694491,0.01508516337217,-0.0005429281090446,-0.0290644719771332,5347,5354,5333,5355,2021,2021-06-22 09:50:00,2021-06-22 11:10:00,2021-06-22 13:15:00,23,0.0018046456746688,0.0015821975170237,0.0541924589499621,0.6956521739130435,-0.5929989456116461,1.9826048649495656,0.5416666666666666,0.0417705564703563,0.0133752022694491,0.6010723376183864,3251,3253,3236,3254,2021,2021-04-15 11:05:00,2021-04-15 14:00:00,2021-04-15 14:10:00,19,0.0014219389072292,0.0021251256260684,0.0832569309270954,0.8947368421052632,-0.9226176065610684,1.3010477087381167,0.15,0.2149965392462062,0.01508516337217,0.7299911802111253
2021,half_height_width,5407,7529,639,0.68,0.1538461538461538,24,25,0.026604586144491,0.025018388227644,-0.0151590623222781,-0.4708162272411668,5413,5431,5409,5432,2021,2021-06-23 13:40:00,2021-06-23 14:10:00,2021-06-24 10:10:00,24,0.0020383590763345,0.0078859774953135,0.192583611228995,0.25,-0.050550493953836,1.9401020781188676,0.68,0.0009416186183279,0.026604586144491,-0.8168832459014419,7530,7554,7531,7555,2021,2021-08-24 14:30:00,2021-08-24 14:35:00,2021-08-25 11:05:00,25,0.0018505006451633,0.0230450398175917,0.6633998384701618,0.04,-0.3978838808850728,2.674913064386275,0.1538461538461538,0.6871601242251224,0.025018388227644,-0.9170868276213776
2021,half_height_width,5730,5160,639,0.5454545454545454,0.2727272727272727,10,10,0.0071764538921312,0.0058426066226795,-0.0061240227615575,-0.4311253961708602,5733,5740,5732,5741,2021,2021-07-02 11:05:00,2021-07-02 11:20:00,2021-07-02 13:25:00,10,0.0031613068236662,-0.003294042966521,-0.1846841317881543,0.3,0.1230556912829436,1.3701005103967092,0.5454545454545454,0.0,0.0071764538921312,-0.4833442694768441,5161,5170,5162,5171,2021,2021-06-16 13:05:00,2021-06-16 13:10:00,2021-06-16 13:55:00,10,0.0022063221078327,0.0028299797950364,0.2464412643827059,0.1,1.4544488973454122,1.3417831033666427,0.2727272727272727,0.0727315586471392,0.0058426066226795,-0.5110330156942944
2021,half_height_width,5772,7221,639,0.5625,0.2105263157894736,15,18,0.0103294685652501,0.00840676458394,-0.0007500863399998,-0.1964996521911781,5779,5787,5774,5788,2021,2021-07-05 10:35:00,2021-07-05 11:10:00,2021-07-05 13:20:00,15,0.0030716983986361,0.0045384402359507,0.1929652835936973,0.4666666666666667,-0.1073900492610986,1.82871538777467,0.5625,0.0,0.0103294685652501,-0.4790115847078042,7224,7239,7223,7240,2021,2021-08-16 11:20:00,2021-08-16 13:05:00,2021-08-16 14:20:00,18,0.0024868561101946,0.0052885265759505,0.3894649357848755,0.1666666666666666,0.9198267797175383,1.260569333254665,0.2105263157894736,0.0409165149681751,0.00840676458394,-0.5628416010034772
2021,half_height_width,5926,525,639,0.5454545454545454,0.2,10,9,0.0103351707256891,0.0113680238259687,-0.0089564748547927,-0.5476088213888111,5927,5936,5928,5937,2021,2021-07-08 11:25:00,2021-07-08 11:30:00,2021-07-08 13:45:00,10,0.0027616372933599,-0.0020578394149593,-0.126967735128489,0.1,-0.0201319211345307,1.604639048782971,0.5454545454545454,0.0636103629414391,0.0103351707256891,-0.6165735554543764,527,534,527,535,2021,2021-01-18 14:50:00,2021-01-18 15:00:00,2021-01-19 10:05:00,9,0.0024428287152687,0.0068986354398334,0.420641086260322,0.2222222222222222,0.8757774665914823,1.5913359181738072,0.2,0.0649355689014372,0.0113680238259687,-0.6134840104470116
2021,half_height_width,6172,9589,639,0.5405405405405406,0.2121212121212121,36,32,0.0155292733641267,0.0178234191339319,0.0184352347476558,0.3182798221134364,6194,6208,6174,6209,2021,2021-07-15 13:25:00,2021-07-16 09:45:00,2021-07-16 10:55:00,36,0.0023551656246149,0.0174608755085005,0.2994523719419546,0.6111111111111112,-0.0461531220767661,2.069395566138854,0.5405405405405406,0.0034297132477826,0.0155292733641267,-0.283018398905887,9601,9621,9591,9622,2021,2021-11-02 14:10:00,2021-11-03 09:40:00,2021-11-03 11:20:00,32,0.0023110376945333,-0.0009743592391553,-0.0188274501714818,0.375,0.5740024283786224,1.711777147453036,0.2121212121212121,0.0001398485225392,0.0178234191339319,-0.3485603291419911
2021,half_height_width,6229,6144,639,0.5384615384615384,0.2142857142857142,12,13,0.0185362423151325,0.0176442767646944,0.0034509319284836,0.2503959046330818,6231,6241,6231,6242,2021,2021-07-16 14:10:00,2021-07-16 14:20:00,2021-07-19 09:40:00,12,0.0017927570653573,0.0125881889103909,0.4782300166629536,0.1666666666666666,0.1823512152905832,2.5426669684978247,0.5384615384615384,0.0923735823263391,0.0185362423151325,-0.7089745858333376,6145,6157,6146,6158,2021,2021-07-15 09:35:00,2021-07-15 09:40:00,2021-07-15 10:40:00,13,0.0024249513408616,0.0091372569819073,0.2278341120298717,0.0769230769230769,0.5173501030952758,1.544926148406008,0.2142857142857142,0.3100779645410631,0.0176442767646944,-0.5152811729142303
2021,half_height_width,6385,9704,639,0.6363636363636364,0.0909090909090909,10,10,0.006266275406852,0.0061674173108672,0.0095165944353723,0.6662087236898384,6387,6395,6387,6396,2021,2021-07-22 09:40:00,2021-07-22 09:50:00,2021-07-22 10:30:00,10,0.0016713298831896,0.0011123865050119,0.0486703541331729,0.2,0.1117333362770887,1.3676264220234569,0.6363636363636364,0.0,0.006266275406852,-0.2011172086823161,9710,9714,9706,9715,2021,2021-11-05 10:15:00,2021-11-05 10:45:00,2021-11-05 11:05:00,10,0.0011428175648192,-0.0084042079303604,-0.6175383695566654,0.6,-0.566623937241363,1.7125364108043195,0.0909090909090909,0.0,0.0061674173108672,-0.0886530666613959
2021,half_height_width,6435,924,639,0.52,0.2758620689655172,24,28,0.0238976918491777,0.0247224944839263,-0.0062935110135326,-0.1330433166958989,6439,6459,6437,6460,2021,2021-07-23 09:50:00,2021-07-23 10:10:00,2021-07-23 13:20:00,24,0.0020673158450178,-0.0003642452727877,-0.0067732635409727,0.1666666666666666,0.1629725581547438,1.4383906469285035,0.52,0.006495371722574,0.0238976918491777,-0.5232561369753415,933,952,926,953,2021,2021-01-29 10:35:00,2021-01-29 11:20:00,2021-01-29 14:25:00,28,0.0026260391127308,0.0059292657407448,0.1262700531549261,0.3214285714285714,0.5585940019900985,1.5750683849941356,0.2758620689655172,0.0030570487744102,0.0247224944839263,-0.4524065474507671
2021,half_height_width,6459,215,639,0.5882352941176471,0.2666666666666666,16,14,0.0102066281133721,0.0088329200394241,0.0007776239429888,0.1206090164268769,6470,6475,6461,6476,2021,2021-07-23 13:20:00,2021-07-23 14:15:00,2021-07-23 14:40:00,16,0.0024250492774376,-0.0132628147038685,-0.5354010441388051,0.6875,-0.2009280669213636,1.4589870256728923,0.5882352941176471,0.0097833264404538,0.0102066281133721,0.6097736253593641,222,229,217,230,2021,2021-01-08 11:30:00,2021-01-08 13:35:00,2021-01-08 14:10:00,14,0.0024667187388172,-0.0140404386468574,-0.656010060565682,0.5,0.0115994958980257,1.824344642107809,0.2666666666666666,0.006775324717149,0.0088329200394241,0.4249473100547243
2021,half_height_width,6740,6865,639,0.625,0.2857142857142857,7,6,0.0074739236830385,0.0070906970011774,-0.0005722511599022,-0.0935499544334977,6742,6747,6742,6748,2021,2021-08-02 11:15:00,2021-08-02 11:25:00,2021-08-02 13:20:00,7,0.0034568644224733,0.0018928692775763,0.1328850676453662,0.2857142857142857,0.1427828209078146,1.7203130844628514,0.625,0.0,0.0074739236830385,-0.2048455307839872,6866,6871,6867,6872,2021,2021-08-05 09:40:00,2021-08-05 09:45:00,2021-08-05 10:10:00,6,0.0026707281497543,0.0024651204374785,0.2264350220788639,0.1666666666666666,0.2979481088172201,1.479309751581123,0.2857142857142857,0.3203502639116376,0.0070906970011774,-0.2374500674284544
2021,half_height_width,6812,1131,639,0.5714285714285714,0.2631578947368421,20,18,0.0214905259560076,0.0220376679836835,-0.0069258590100485,-0.1698188047904614,6827,6832,6814,6833,2021,2021-08-03 14:45:00,2021-08-04 10:30:00,2021-08-04 10:55:00,20,0.002634019606579,-0.0086789207997948,-0.2281755168927602,0.75,-0.1789235416220378,1.4627381741353234,0.5714285714285714,0.0242949494398533,0.0214905259560076,0.6592312761194107,1145,1149,1133,1150,2021,2021-02-04 13:20:00,2021-02-04 14:30:00,2021-02-04 14:50:00,18,0.0028545367011451,-0.0017530617897463,-0.0583567121022987,0.7777777777777778,-0.8596806567164206,1.4860756979687548,0.2631578947368421,0.0636144418201564,0.0220376679836835,0.7773209918921948
2021,half_height_width,6848,6165,639,0.625,0.25,7,7,0.0051796955014316,0.004699798260753,0.0065814334979033,0.9138153957979332,6852,6855,6850,6856,2021,2021-08-04 13:45:00,2021-08-04 14:05:00,2021-08-04 14:20:00,7,0.0020699893837808,0.0024462553931964,0.236581405855825,0.5714285714285714,0.262308206779379,1.3742844195350947,0.625,0.0,0.0051796955014316,0.4880116969095977,6170,6172,6167,6173,2021,2021-07-15 11:20:00,2021-07-15 13:15:00,2021-07-15 13:25:00,7,0.0025470217191381,-0.0041351781047068,-0.6772339899421081,0.7142857142857143,0.6732289317731464,2.022602129890433,0.25,0.1773990716005572,0.004699798260753,0.4877573400954795
2021,half_height_width,6855,188,639,0.6363636363636364,0.3,10,9,0.013030173369219,0.0107161420515815,-0.0101496401540987,-0.3972483863225224,6857,6865,6857,6866,2021,2021-08-04 14:20:00,2021-08-04 14:30:00,2021-08-05 09:40:00,10,0.0018640225381866,-0.0208387145154638,-0.7489041304189261,0.2,-0.083226508877268,3.3143650676183616,0.6363636363636364,0.2740270903981689,0.013030173369219,-0.2496458560120439,189,197,190,198,2021,2021-01-07 14:45:00,2021-01-07 14:50:00,2021-01-08 10:00:00,9,0.0018121051886866,-0.010689074361365,-0.3516557440964037,0.1111111111111111,1.0778882655872446,1.32229312083898,0.3,0.5228367968988283,0.0107161420515815,-0.2728256523741951
2021,half_height_width,7245,2711,639,0.5384615384615384,0.2142857142857142,12,13,0.007411924676191,0.0069541142506421,0.0001432452788162,-0.2252214407400569,7247,7257,7247,7258,2021,2021-08-16 14:50:00,2021-08-16 15:00:00,2021-08-17 10:20:00,12,0.0016432808026599,0.0051719224783254,0.2404838152516633,0.1666666666666666,0.0342124642070063,1.527325905836443,0.5384615384615384,0.0,0.007411924676191,-0.6968531292599374,2712,2724,2713,2725,2021,2021-03-30 11:30:00,2021-03-30 13:05:00,2021-03-30 14:05:00,13,0.0014011506565266,0.0050286771995091,0.4657052559917202,0.0769230769230769,0.6276138924725161,1.6121865847679642,0.2142857142857142,0.0679417153776806,0.0069541142506421,-0.7196595373806294
2021,half_height_width,7421,5768,639,0.6,0.2,4,4,0.0028192969119107,0.0027007630264979,-6.887168388627245e-05,0.0157075602533289,7422,7425,7423,7426,2021,2021-08-20 13:30:00,2021-08-20 13:35:00,2021-08-20 13:50:00,4,0.0025027044207863,0.0006855365250748,0.1508920605849846,0.25,0.3600190835613982,1.1811660293337376,0.6,0.0,0.0028192969119107,-0.3250755831663607,5769,5772,5770,5773,2021,2021-07-05 10:15:00,2021-07-05 10:20:00,2021-07-05 10:35:00,4,0.0031043696147645,0.0007544082089611,0.1351845003316557,0.25,2.908941307074939,1.7132040849309325,0.2,0.0047303650190215,0.0027007630264979,-0.1230771381529507
2021,half_height_width,7478,9948,639,0.6363636363636364,0.2727272727272727,10,10,0.0039005881114837,0.004080687769151,-0.004636030978556,-0.3239878022949092,7483,7488,7480,7489,2021,2021-08-23 14:15:00,2021-08-23 14:40:00,2021-08-24 09:35:00,10,0.0016593297979997,-0.0054508027656747,-0.4002606998665846,0.5,-0.0833966616848613,2.150436876910223,0.6363636363636364,0.0,0.0039005881114837,-0.1726923123575891,9953,9958,9950,9959,2021,2021-11-12 10:35:00,2021-11-12 11:00:00,2021-11-12 11:25:00,10,0.0016456226059943,-0.0008147717871187,-0.0762728975716753,0.5,-0.0972729330652656,1.3478775788820545,0.2727272727272727,0.0,0.004080687769151,-0.2047614057423067
2021,half_height_width,7488,9899,639,0.5454545454545454,0.238095238095238,21,20,0.016514236175138,0.0148500472143089,-0.0171751360441338,-0.5390326428587832,7499,7509,7490,7510,2021,2021-08-24 09:35:00,2021-08-24 10:30:00,2021-08-24 11:20:00,21,0.0016732778517205,-0.0103971271908987,-0.2688261308492485,0.5238095238095238,0.1868457087333359,1.4853670614014245,0.5454545454545454,0.0164462837573325,0.016514236175138,0.6466607838307405,9915,9919,9901,9920,2021,2021-11-11 10:30:00,2021-11-11 13:20:00,2021-11-11 13:40:00,20,0.0011948488124473,0.0067780088532351,0.2702065120095346,0.8,-1.2313329461260345,1.4258600499193856,0.238095238095238,0.1533147807887527,0.0148500472143089,0.713529076727488
2021,half_height_width,7509,10495,639,0.5238095238095238,0.2,20,19,0.0073265963115378,0.0062881103977714,-0.0037198931948127,-0.1745605428640236,7518,7529,7511,7530,2021,2021-08-24 11:20:00,2021-08-24 13:35:00,2021-08-24 14:30:00,20,0.0016492891692873,-0.0074987177411982,-0.3909332736723196,0.45,0.1983421813931466,1.50820365457871,0.5238095238095238,0.0005181795139265,0.0073265963115378,-0.0199333129358609,10512,10514,10497,10515,2021,2021-11-29 13:40:00,2021-11-30 09:35:00,2021-11-30 09:45:00,19,0.0013654014077267,-0.0037788245463855,-0.2163727308082959,0.8947368421052632,-0.3202333608715115,2.307523557502101,0.2,0.0,0.0062881103977714,0.1918384794967263
2021,half_height_width,8229,3071,639,0.625,0.1428571428571428,31,27,0.0218026266854352,0.0196969296032269,0.021770858009543,0.4917931793976354,8232,8260,8231,8261,2021,2021-09-14 11:20:00,2021-09-14 13:05:00,2021-09-15 09:55:00,31,0.0017691226867717,0.0173046997226303,0.3928466388555439,0.0967741935483871,-0.0645390207706653,2.092772004462488,0.625,0.0016884212270622,0.0218026266854352,-0.8139491502973072,3074,3098,3073,3099,2021,2021-04-09 15:00:00,2021-04-12 09:45:00,2021-04-12 13:15:00,27,0.0019379851633208,-0.0044661582869127,-0.0989465405420915,0.1111111111111111,2.421660395496809,2.05528110376679,0.1428571428571428,0.5841320467969728,0.0196969296032269,-0.7182164332877763
2021,half_height_width,8366,996,639,0.6153846153846154,0.3076923076923077,12,12,0.0085113256441022,0.0073897345849971,-0.0026605399968119,0.035271991480012,8373,8378,8368,8379,2021,2021-09-17 10:45:00,2021-09-17 11:20:00,2021-09-17 13:15:00,12,0.0020608510555708,-0.0091661995182855,-0.4348496289390355,0.5833333333333334,0.1126122317144587,1.7053672006401328,0.6153846153846154,0.0370806023893013,0.0085113256441022,0.3358833560683079,1006,1008,998,1009,2021,2021-02-01 14:05:00,2021-02-01 14:55:00,2021-02-02 09:35:00,12,0.0021379958148965,-0.0065056595214735,-0.4701216204190476,0.8333333333333334,-0.7700278574547846,1.8047723829494424,0.3076923076923077,0.0140727448804907,0.0073897345849971,0.2601940335796766
2021,half_height_width,8898,9205,639,0.56,0.2222222222222222,24,26,0.0133546439826712,0.0121927278557283,0.0026516222691349,0.0720912606238887,8920,8922,8900,8923,2021,2021-10-13 11:05:00,2021-10-13 14:25:00,2021-10-13 14:35:00,24,0.0018475595166038,-0.0009862566932417,-0.0359370089743958,0.9166666666666666,0.0377453865857753,1.3183781123438678,0.56,0.0,0.0133546439826712,0.9232925930711948,9228,9231,9207,9232,2021,2021-10-21 14:10:00,2021-10-22 10:35:00,2021-10-22 10:50:00,26,0.0016014165133919,-0.0036378789623766,-0.1080282695982846,0.8846153846153846,-0.4330516216443424,2.203369157608538,0.2222222222222222,0.3119120639601235,0.0121927278557283,0.8607664185869971
2021,half_height_width,8941,3612,639,0.6153846153846154,0.25,12,11,0.0057619477869961,0.0051682876575904,-0.004161678094171,-0.5117927927706719,8947,8953,8943,8954,2021,2021-10-14 10:40:00,2021-10-14 11:10:00,2021-10-14 13:10:00,12,0.0017839765802538,-0.0077206426828256,-0.7903060989758698,0.5,0.3786379792502659,1.5107360561790886,0.6153846153846154,0.0,0.0057619477869961,0.6458204580464992,3621,3623,3614,3624,2021,2021-04-27 10:35:00,2021-04-27 11:20:00,2021-04-27 11:30:00,11,0.0016830065554963,-0.0035589645886545,-0.2785133062051979,0.8181818181818182,0.3195589410830359,2.0521334071353654,0.25,0.0,0.0051682876575904,0.6395260354366268
2021,half_height_width,9132,4215,639,0.6451612903225806,0.3,30,29,0.0112717272013282,0.0121642331416031,-0.0063244206272533,-0.2136712516905889,9143,9162,9134,9163,2021,2021-10-20 10:35:00,2021-10-20 11:30:00,2021-10-20 14:35:00,30,0.0017031046816216,-0.0025010331198631,-0.1017857245774239,0.3666666666666666,0.2562822082883304,1.7067763900549555,0.6451612903225806,0.00519567928439,0.0112717272013282,0.5921824862159809,4235,4244,4217,4245,2021,2021-05-18 14:20:00,2021-05-19 10:30:00,2021-05-19 11:15:00,29,0.0011950328152878,0.0038233875073902,0.111885527113165,0.6896551724137931,-0.7268616686381765,1.6982688525133054,0.3,0.058473727518281,0.0121642331416031,0.5978263909507938
2021,half_height_width,9714,5354,639,0.6153846153846154,0.2857142857142857,12,13,0.0076965823659467,0.0062823174384298,-0.0006336107070112,-0.0697822410565034,9717,9726,9716,9727,2021,2021-11-05 11:05:00,2021-11-05 11:20:00,2021-11-05 13:35:00,12,0.0013228742231386,0.002930425870477,0.1827685988064122,0.25,0.0045317971625677,1.257201830843606,0.6153846153846154,0.0650698638458304,0.0076965823659467,-0.4020575520342746,5357,5367,5356,5368,2021,2021-06-22 13:15:00,2021-06-22 13:30:00,2021-06-22 14:20:00,13,0.0016953959535358,0.0035640365774883,0.2525508398629157,0.2307692307692307,1.1053467713859295,1.6724604264624612,0.2857142857142857,0.1206172521843914,0.0062823174384298,-0.5778360177363905
2021,half_height_width,9726,8342,639,0.5769230769230769,0.16,25,24,0.0150291514950033,0.0140209034840275,0.0016736901438837,0.122850672341839,9727,9751,9728,9752,2021,2021-11-05 13:35:00,2021-11-05 13:40:00,2021-11-08 10:10:00,25,0.0013907362249241,0.0133303278627314,0.4297308920480473,0.04,-0.1473022541071691,1.6469456426721616,0.5769230769230769,0.0115904912688198,0.0150291514950033,-0.8501859332903309,8345,8366,8344,8367,2021,2021-09-16 14:15:00,2021-09-16 14:30:00,2021-09-17 10:45:00,24,0.001746794501651,0.0116566377188476,0.3068802197062082,0.125,0.3562247483542825,1.5078196126504877,0.16,0.0102657964310476,0.0140209034840275,-0.8025984625746333
2021,half_height_width,9761,6315,639,0.5294117647058824,0.2352941176470588,16,16,0.0062501099402201,0.0071030966796756,-0.0001997443653727,0.076763585620898,9776,9777,9763,9778,2021,2021-11-08 11:00:00,2021-11-08 13:45:00,2021-11-08 13:50:00,16,0.0014019633770024,0.0046882142371938,0.4018872603666125,0.9375,-0.1962869143033916,1.5698863385130386,0.5294117647058824,0.1269101134572371,0.0062501099402201,0.7478018272322836,6330,6331,6317,6332,2021,2021-07-20 13:20:00,2021-07-20 14:35:00,2021-07-20 14:40:00,16,0.0018753752572015,0.0048879586025666,0.3251236747457145,0.9375,-1.0464602235374698,1.3778649068136215,0.2352941176470588,0.2850484833876378,0.0071030966796756,0.7253157829498738
2021,half_height_width,9962,8953,639,0.6363636363636364,0.24,21,24,0.0051457196182198,0.004377835885589,0.0027394561006786,0.0435121726221339,9977,9983,9964,9984,2021,2021-11-12 13:15:00,2021-11-12 14:30:00,2021-11-12 15:00:00,21,0.0015264358631966,-0.0018650871338274,-0.1820398766641365,0.7142857142857143,-0.2254447939891166,1.483514120002755,0.6363636363636364,0.0,0.0051457196182198,0.5175115407331038,8964,8977,8955,8978,2021,2021-10-14 13:10:00,2021-10-14 14:05:00,2021-10-15 09:40:00,24,0.0016809014039715,-0.004604543234506,-0.2255520492862704,0.4583333333333333,-0.1913125554101586,1.904137532622319,0.24,0.1911294379794693,0.004377835885589,0.4729316526593127
2021,half_height_width,10086,3309,639,0.7407407407407407,0.3043478260869565,26,22,0.0162373680096834,0.0186505534360339,-0.0042714484323799,-0.1412046605160392,10110,10112,10088,10113,2021,2021-11-17 10:05:00,2021-11-17 13:35:00,2021-11-17 13:45:00,26,0.001249571469422,0.0028870402328745,0.1158357410722145,0.9230769230769232,0.1184568298331269,1.3600067061702148,0.7407407407407407,0.0,0.0162373680096834,0.8833437441789431,3330,3331,3311,3332,2021,2021-04-16 14:50:00,2021-04-19 11:05:00,2021-04-19 11:10:00,22,0.0011566273301815,0.0071584886652545,0.2570404015882537,0.9545454545454546,-0.3372912367504385,1.6659298358955552,0.3043478260869565,0.4542200702793286,0.0186505534360339,0.926408915114116
2021,half_height_width,10387,11502,639,0.5882352941176471,0.2444444444444444,50,44,0.0136778584947627,0.012112901750453,0.0010384327998052,0.0531103688851725,10402,10437,10389,10438,2021,2021-11-25 11:10:00,2021-11-25 13:55:00,2021-11-26 11:20:00,50,0.0011364530425061,0.0059758407423956,0.1750527599356092,0.3,0.0411259587826779,1.5045560086114695,0.5882352941176471,0.0089373148781024,0.0136778584947627,-0.7771857774635388,11517,11546,11504,11547,2021,2021-12-28 13:35:00,2021-12-28 14:50:00,2021-12-29 13:15:00,44,0.0011250555410836,0.0049374079425903,0.1219423910504367,0.3409090909090909,0.2860551817538442,1.588705306263435,0.2444444444444444,0.0800451734400019,0.012112901750453,-0.5396868572280619
2021,half_height_width,10479,9439,639,0.5294117647058824,0.2857142857142857,16,13,0.0056334344111723,0.0048076838698225,0.0008072691810056,0.0474621776014384,10486,10495,10481,10496,2021,2021-11-29 10:50:00,2021-11-29 11:25:00,2021-11-29 13:40:00,16,0.0013635386679989,0.0013084373555249,0.087609498880785,0.4375,0.075912014837794,1.5652859286217802,0.5294117647058824,0.023316976011508,0.0056334344111723,-0.3567441723184115,9444,9452,9441,9453,2021,2021-10-28 13:40:00,2021-10-28 14:05:00,2021-10-28 14:45:00,13,0.0018928827132647,0.0005011681745193,0.0401473212793465,0.3846153846153846,-0.1219854728217348,1.3756755660570958,0.2857142857142857,0.0561018484655179,0.0048076838698225,-0.1210966575672923
2021,half_height_width,10724,7576,639,0.6444444444444445,0.175,44,39,0.0285104058685892,0.0237504399991195,0.0139646281076348,0.3267404651651845,10728,10768,10726,10769,2021,2021-12-06 11:15:00,2021-12-06 13:05:00,2021-12-07 10:55:00,44,0.0017056595055693,0.0275266041497433,0.5503324350106544,0.0909090909090909,-0.0782533709727974,1.9146446815674516,0.6444444444444445,0.00482395500994,0.0285104058685892,-0.9750574227919092,7582,7615,7578,7616,2021,2021-08-25 14:25:00,2021-08-25 14:55:00,2021-08-26 13:40:00,39,0.0016476411255147,0.0135619760421084,0.2235919698454699,0.1538461538461538,1.8412847049843344,1.7347354539561637,0.175,0.29595057256682,0.0237504399991195,-0.8887776069755704
2021,half_height_width,10837,9037,639,0.5625,0.2666666666666666,15,14,0.0042930814466197,0.003866113789126,8.622449505414891e-06,0.0092184004315334,10844,10852,10839,10853,2021,2021-12-08 14:10:00,2021-12-08 14:45:00,2021-12-09 09:55:00,15,0.0021562187341358,0.0004111839387534,0.0406783709592255,0.4666666666666667,-0.2229225260376195,2.0057425573794347,0.5625,0.0,0.0042930814466197,-0.3068814953240202,9041,9051,9039,9052,2021,2021-10-18 10:40:00,2021-10-18 11:00:00,2021-10-18 13:20:00,14,0.0014697729920931,0.000402561489248,0.031459970527692,0.2857142857142857,0.6836280424714286,1.2650736588603,0.2666666666666666,0.2000768546792473,0.003866113789126,-0.1445968184090589
2021,half_height_width,11250,9294,639,0.5384615384615384,0.25,25,27,0.0086518729667171,0.008252862689102,-0.0073648513155048,-0.3722489066184549,11271,11275,11252,11276,2021,2021-12-21 11:05:00,2021-12-21 14:20:00,2021-12-21 14:40:00,25,0.0016757366148245,-0.0021916691618765,-0.1666738798949961,0.84,-0.1821076197957838,2.579767675796437,0.5384615384615384,0.1083239832471933,0.0086518729667171,0.7474939884405922,9316,9321,9296,9322,2021,2021-10-25 13:35:00,2021-10-26 09:55:00,2021-10-26 10:20:00,27,0.0016903975657978,0.0051731821536282,0.2055750267234588,0.8148148148148148,-1.3706616213523035,1.7705536190053257,0.25,0.0451547075084511,0.008252862689102,0.6048186994309257
2021,half_height_width,11328,4073,639,0.6363636363636364,0.2727272727272727,10,10,0.0084137256821419,0.0092775057830021,0.0003745707045373,0.0057236501743941,11332,11338,11330,11339,2021,2021-12-23 09:35:00,2021-12-23 09:55:00,2021-12-23 10:25:00,10,0.0015545431548789,-0.0132792834521463,-0.821164063763247,0.4,0.393740644283826,2.6959232353249845,0.6363636363636364,0.0,0.0084137256821419,0.3984106078815644,4081,4083,4075,4084,2021,2021-05-13 14:30:00,2021-05-14 09:40:00,2021-05-14 09:50:00,10,0.0020076025816652,-0.0136538541566837,-0.8268877139376412,0.8,-1.554718091249249,1.8122174146313457,0.2727272727272727,0.0613966616431511,0.0092775057830021,0.3339081907731987
2022,peak_fraction,1089,9416,626,0.6666666666666666,0.1666666666666666,6,6,0.0059857700957506,0.0048373813593327,-0.0047727569848416,-0.4560591643317454,1093,1095,1091,1096,2022,2022-02-10 13:50:00,2022-02-10 14:10:00,2022-02-10 14:20:00,6,0.0019724017673216,-0.0064345563891009,-0.5895383234740469,0.6666666666666666,0.2368092728438018,1.227552084542706,0.2857142857142857,0.0678824224887517,0.0059857700957506,0.1284160183982703,9417,9422,9418,9423,2022,2022-10-28 10:15:00,2022-10-28 10:20:00,2022-10-28 10:45:00,6,0.0027573001744601,-0.0016617994042592,-0.1334791591423015,0.1666666666666666,1.244332712134405,1.4030238455854536,0.1428571428571428,0.1638368599647656,0.0048373813593327,0.3044134234544807
2022,peak_fraction,1226,6978,626,0.7272727272727273,0.2222222222222222,11,9,0.0041090113519022,0.0039889325772231,-0.0069392382068272,-0.7845207516913475,1234,1237,1228,1238,2022,2022-02-15 13:15:00,2022-02-15 13:55:00,2022-02-15 14:10:00,11,0.0020872331269391,-0.0074646510163347,-0.8263537344360813,0.7272727272727273,-0.2751905081378397,1.2196224619293343,0.5,0.0,0.0041090113519022,0.1974799379297872,6980,6987,6980,6988,2022,2022-08-10 11:05:00,2022-08-10 11:15:00,2022-08-10 13:20:00,9,0.001726644684384,-0.0005254128095075,-0.0418329827447338,0.2222222222222222,0.3651989432548931,1.4314099299271903,0.5,0.0055320459304536,0.0039889325772231,0.0107964992590325
2022,peak_fraction,4012,6175,626,0.7142857142857143,0.1666666666666666,14,12,0.0048581325348058,0.0040200495409212,-0.0003571406576149,-0.0568827380374348,4022,4026,4014,4027,2022,2022-05-13 13:25:00,2022-05-13 14:15:00,2022-05-13 14:35:00,14,0.0020718801153162,0.0003076938371363,0.0220524624555242,0.7142857142857143,-0.4938814652518711,1.1783574344377572,0.3333333333333333,0.0951699253712896,0.0048581325348058,0.0143000767259459,6177,6187,6177,6188,2022,2022-07-18 13:40:00,2022-07-18 13:50:00,2022-07-18 14:40:00,12,0.0025528710643548,0.0006648344947512,0.0789352004929591,0.1666666666666666,0.5015994222905006,1.572564849423023,0.5384615384615384,0.0,0.0040200495409212,-0.209635233516211
2022,peak_fraction,5934,8679,626,0.6363636363636364,0.2272727272727272,22,22,0.0191536563242662,0.0185660048602986,-0.003309049840255,-0.0807041685938684,5948,5956,5936,5957,2022,2022-07-11 13:35:00,2022-07-11 14:45:00,2022-07-12 09:55:00,22,0.0024032321962755,-0.0028121305899253,-0.0701960029285306,0.6363636363636364,-0.5815502574756167,2.011703041036084,0.391304347826087,0.0,0.0191536563242662,-0.393524940618227,8684,8701,8681,8702,2022,2022-09-29 14:20:00,2022-09-29 14:45:00,2022-09-30 10:40:00,22,0.0021411899673412,0.0004969192503297,0.0105081656653377,0.2272727272727272,0.6225459952853499,1.5643224386798475,0.391304347826087,0.0065884120582151,0.0185660048602986,-0.6093384215240256
2022,peak_fraction,7957,7842,626,0.6666666666666666,0.1666666666666666,18,18,0.0079525177629307,0.0074098308669867,-0.0104081672129526,-0.6733170498803553,7969,7975,7959,7976,2022,2022-09-07 14:10:00,2022-09-08 09:40:00,2022-09-08 10:10:00,18,0.0018033365041173,-0.0066772032645709,-0.4281943207363796,0.6666666666666666,-0.4862528329274759,2.465504377148034,0.2631578947368421,0.0,0.0079525177629307,-0.4566219596468534,7845,7860,7844,7861,2022,2022-09-05 11:05:00,2022-09-05 11:20:00,2022-09-05 14:05:00,18,0.0018336282325238,0.0037309639483816,0.2451227291439757,0.1666666666666666,0.7957711548384759,1.783185988692439,0.1052631578947368,0.0182036276377367,0.0074098308669867,-0.5009262267394428
2022,peak_fraction,8375,8989,626,0.75,0.1428571428571428,8,7,0.0043042189177464,0.0040736255234925,-0.0006598223503769,-0.068335098751423,8381,8383,8377,8384,2022,2022-09-21 11:30:00,2022-09-21 13:30:00,2022-09-21 13:40:00,8,0.0021999092080758,-0.000185301475736,-0.0153601906926712,0.75,-0.8877423443749992,1.3320209433139836,0.2222222222222222,0.0,0.0043042189177464,0.0191334402876939,8990,8996,8991,8997,2022,2022-10-17 10:40:00,2022-10-17 10:45:00,2022-10-17 11:15:00,7,0.0026475747533076,0.0004745208746408,0.0529749080587517,0.1428571428571428,0.5234409528417283,1.7469639504548304,0.375,0.0,0.0040736255234925,-0.0957835447291026
2022,time_mass_skew,142,2765,626,2.77345336844374,-0.2794689184407934,25,22,0.0145231160931986,0.0157670891929457,0.0101745142198499,0.3034583147775679,145,167,144,168,2022,2022-01-06 14:55:00,2022-01-07 09:40:00,2022-01-07 11:30:00,25,0.0016301003249869,-0.0018260501211068,-0.0592575262321655,0.12,2.77345336844374,2.072502404579041,0.0769230769230769,0.3449658968308841,0.0145231160931986,-0.5677024315585065,2773,2787,2767,2788,2022,2022-03-31 13:30:00,2022-03-31 14:10:00,2022-04-01 09:50:00,22,0.0016175708092428,-0.0120005643409568,-0.3627158410097335,0.3636363636363636,-0.2794689184407934,2.115572921998221,0.5217391304347826,0.0461025307852206,0.0157670891929457,-0.4891382550192268
2022,time_mass_skew,376,5779,626,0.4666977046328997,-1.022828910558471,6,5,0.0024348722549509,0.002621091331675,-0.0006099722952222,-0.1521291938827208,379,382,378,383,2022,2022-01-13 14:25:00,2022-01-13 14:40:00,2022-01-13 14:55:00,6,0.0018798255782602,0.0002853760234094,0.0529884089581209,0.5,0.4666977046328997,1.3525364557833792,0.1428571428571428,0.0208775710601501,0.0024348722549509,-0.0792026808736434,5780,5784,5781,5785,2022,2022-07-06 11:10:00,2022-07-06 11:15:00,2022-07-06 13:05:00,5,0.0021293179405336,0.0008953483186316,0.2051176028408417,0.2,-1.022828910558471,1.8348853158945977,0.1666666666666666,0.3229442521536567,0.002621091331675,-0.2725552954020283
2022,time_mass_skew,652,4012,626,0.436451735969154,-0.4938814652518711,15,14,0.0044031628378808,0.0048581325348058,-0.0086158280358308,-0.5556348387197179,657,667,654,668,2022,2022-01-21 13:25:00,2022-01-21 13:50:00,2022-01-21 14:40:00,15,0.0019992934999262,-0.0083081341986944,-0.5335823762641936,0.3333333333333333,0.436451735969154,1.2140945769429048,0.375,0.01939812416329,0.0044031628378808,-0.0563398548302758,4022,4026,4014,4027,2022,2022-05-13 13:25:00,2022-05-13 14:15:00,2022-05-13 14:35:00,14,0.0020718801153162,0.0003076938371363,0.0220524624555242,0.7142857142857143,-0.4938814652518711,1.1783574344377572,0.3333333333333333,0.0951699253712896,0.0048581325348058,0.0143000767259459
2022,time_mass_skew,945,10244,626,0.6517140679859853,-0.2981301576921364,39,41,0.0344939898525629,0.0329768076733882,0.0039080848364536,0.0954906908497645,949,984,947,985,2022,2022-02-07 13:50:00,2022-02-07 14:10:00,2022-02-08 13:05:00,39,0.0017137592883689,0.0324663135998859,0.5568191446297338,0.1025641025641025,0.6517140679859853,1.90687249176748,0.25,0.0071649965019915,0.0344939898525629,-0.9294856325195456,10246,10285,10246,10286,2022,2022-11-22 11:15:00,2022-11-22 11:25:00,2022-11-23 10:40:00,41,0.0018311207428318,0.0285582287634323,0.4613284537799692,0.048780487804878,-0.2981301576921364,1.8325947487493288,0.4047619047619047,0.0005045763607358,0.0329768076733882,-0.8635034466127905
2022,time_mass_skew,1468,8375,626,0.6559869497870305,-0.8877423443749992,9,8,0.0036674857733647,0.0043042189177464,0.0001428254640572,0.0112077069777267,1469,1477,1470,1478,2022,2022-02-22 13:25:00,2022-02-22 13:30:00,2022-02-22 14:10:00,9,0.0026596361662468,-4.2476011678807286e-05,-0.0041524837149444,0.1111111111111111,0.6559869497870305,1.5736519660671593,0.3,0.1253520346162973,0.0036674857733647,-0.0440085191584516,8381,8383,8377,8384,2022,2022-09-21 11:30:00,2022-09-21 13:30:00,2022-09-21 13:40:00,8,0.0021999092080758,-0.000185301475736,-0.0153601906926712,0.75,-0.8877423443749992,1.3320209433139836,0.2222222222222222,0.0,0.0043042189177464,0.0191334402876939
2022,time_mass_skew,1538,1411,626,0.6350634842666276,-0.292487107204708,38,35,0.0311097036097685,0.026043688210021,0.009366632168898,0.0273123171947429,1545,1576,1540,1577,2022,2022-02-24 09:45:00,2022-02-24 10:20:00,2022-02-24 14:25:00,38,0.0015786660730079,0.0217276133354121,0.3135341711739394,0.1842105263157894,0.6350634842666276,2.019131411379031,0.4102564102564102,0.0,0.0311097036097685,-0.6055639015363867,1418,1446,1413,1447,2022,2022-02-21 11:10:00,2022-02-21 13:15:00,2022-02-22 10:05:00,35,0.0015137801977871,0.0123609811665141,0.2862218539791964,0.2,-0.292487107204708,5.333096195789299,0.6111111111111112,0.0218419777757553,0.026043688210021,-0.7531105492821278
2022,time_mass_skew,1673,11060,626,1.9006527412013503,-0.1809759243479646,33,38,0.0166803105715391,0.0139707632097945,0.0062323308787343,0.1518931343002804,1679,1706,1675,1707,2022,2022-02-28 14:30:00,2022-02-28 15:00:00,2022-03-01 13:15:00,33,0.0016975060479307,0.0061557895982134,0.1496230629080214,0.1818181818181818,1.9006527412013503,2.486432909312108,0.0588235294117647,0.2246374092904251,0.0166803105715391,-0.5391328049736944,11079,11098,11062,11099,2022,2022-12-15 11:15:00,2022-12-15 14:20:00,2022-12-16 10:25:00,38,0.0012724979003111,-7.654128052083525e-05,-0.0022700713922589,0.5,-0.1809759243479646,2.7496327617190257,0.4102564102564102,0.001466255510112,0.0139707632097945,-0.5947076815010613
2022,time_mass_skew,2067,5463,626,1.0672157072759092,-0.2586852680824004,17,14,0.0186278818865233,0.0197802333549681,-0.0008719157716518,-0.1180235154558713,2069,2084,2069,2085,2022,2022-03-11 09:50:00,2022-03-11 10:00:00,2022-03-11 11:15:00,17,0.0032316378032897,0.014448572176439,0.4407230100136509,0.1176470588235294,1.0672157072759092,1.4910973458499783,0.2222222222222222,0.0652253851092215,0.0186278818865233,-0.7450470133470283,5464,5477,5465,5478,2022,2022-06-27 14:20:00,2022-06-27 14:25:00,2022-06-28 10:00:00,14,0.0029915125855508,0.0153204879480909,0.5587465254695222,0.0714285714285714,-0.2586852680824004,2.138745284625305,0.4,0.2256644467031573,0.0197802333549681,-0.7934813570073073
2022,time_mass_skew,2116,10313,626,0.6569376099376214,-0.7285173972232337,16,14,0.0102536360353386,0.0099223033547719,0.0087531025224833,0.3545047111155728,2117,2132,2118,2133,2022,2022-03-14 09:55:00,2022-03-14 10:00:00,2022-03-14 11:15:00,16,0.0035513826643317,0.0043500210823762,0.1852471167734408,0.0625,0.6569376099376214,1.9825873607408668,0.2941176470588235,0.0054180470747615,0.0102536360353386,-0.402935117592565,10321,10327,10315,10328,2022,2022-11-23 14:30:00,2022-11-24 09:40:00,2022-11-24 10:10:00,14,0.0024782945463932,-0.004403081440107,-0.1692575943421319,0.5714285714285714,-0.7285173972232337,1.904482550940611,0.2666666666666666,0.0633711717706522,0.0099223033547719,-0.202311946040387
2022,time_mass_skew,2547,2819,626,0.7708067991185895,-0.4659604520628773,31,29,0.025947766990245,0.0235586970069423,-0.0016177174450333,-0.1341373954536636,2548,2578,2549,2579,2022,2022-03-25 09:50:00,2022-03-25 09:55:00,2022-03-25 13:55:00,31,0.0020087499451105,0.0186757871715263,0.4367311311993689,0.032258064516129,0.7708067991185895,1.974980587967494,0.09375,0.1335194992866006,0.025947766990245,-0.7246118083819871,2821,2848,2821,2849,2022,2022-04-01 14:00:00,2022-04-01 14:10:00,2022-04-06 10:55:00,29,0.0022612174727157,0.0202935046165597,0.5708685266530326,0.0689655172413793,-0.4659604520628773,5.2492046233446805,0.1666666666666666,0.2160662279611551,0.0235586970069423,-0.8590798825967229
2022,time_mass_skew,2604,6895,626,1.0088948187740006,-0.3970635921859108,21,20,0.0100074405253973,0.0090452659278268,4.812317075515021e-06,0.007124400725596,2610,2625,2606,2626,2022,2022-03-28 10:35:00,2022-03-28 11:05:00,2022-03-28 13:50:00,21,0.0017500339654599,-0.0040728746618463,-0.1597126338479469,0.2857142857142857,1.0088948187740006,1.441619806041596,0.2727272727272727,0.0181217656446622,0.0100074405253973,-0.3957166438431257,6907,6915,6897,6916,2022,2022-08-08 13:40:00,2022-08-08 14:40:00,2022-08-09 09:50:00,20,0.0020067289369657,-0.0040776869789219,-0.166837034573543,0.6,-0.3970635921859108,1.72509687923213,0.5238095238095238,0.0,0.0090452659278268,-0.2453024597604622
2022,time_mass_skew,2757,10744,626,0.5393970704589937,-0.418399771113053,8,9,0.0046026413449391,0.0046462216944238,-0.0008941148246603,0.0394135231396592,2758,2765,2759,2766,2022,2022-03-31 11:20:00,2022-03-31 11:25:00,2022-03-31 13:30:00,8,0.0015777906296286,0.0029454291475329,0.3952383650438115,0.125,0.5393970704589937,1.5655443861168663,0.1111111111111111,0.0,0.0046026413449391,-0.6320094379880448,10746,10753,10746,10754,2022,2022-12-06 14:25:00,2022-12-06 14:35:00,2022-12-07 09:40:00,9,0.0013602132247599,0.0038395439721932,0.3558248419041522,0.2222222222222222,-0.418399771113053,1.7796813622449228,0.3,0.0,0.0046462216944238,-0.7380836689241487
2022,time_mass_skew,2808,8077,626,0.7240609385947143,-0.4479178087169681,11,12,0.0030091539567482,0.003188960572392,0.0021200680834474,0.1880604263807204,2811,2819,2810,2820,2022,2022-04-01 13:05:00,2022-04-01 13:20:00,2022-04-01 14:00:00,11,0.0020845440614639,-0.0006910563762362,-0.0784643704359438,0.2727272727272727,0.7240609385947143,1.809407310271911,0.3333333333333333,0.0139807805146821,0.0030091539567482,0.1622839854646202,8083,8089,8079,8090,2022,2022-09-13 10:40:00,2022-09-13 11:10:00,2022-09-13 13:10:00,12,0.0016128639763375,-0.0028111244596837,-0.2665247968166642,0.5,-0.4479178087169681,1.4709665144751956,0.3846153846153846,0.1787345197113346,0.003188960572392,0.3740702073204261
2022,time_mass_skew,2892,3969,626,0.8180051812531777,-0.5674219006317727,18,17,0.0094553160934216,0.0088517644515864,0.0001918839172166,-0.151764652512588,2897,2910,2894,2911,2022,2022-04-07 10:35:00,2022-04-07 11:00:00,2022-04-07 13:35:00,18,0.0024110876059368,-0.0094868223339906,-0.4002175324469915,0.2777777777777778,0.8180051812531777,1.830696175652908,0.2105263157894736,0.0054604674783265,0.0094553160934216,-0.2226978851811253,3981,3986,3971,3987,2022,2022-05-12 13:50:00,2022-05-12 14:50:00,2022-05-13 09:45:00,17,0.0023192503033446,-0.0096787062512073,-0.2484528799344034,0.7058823529411765,-0.5674219006317727,1.7560430565456815,0.5,0.0,0.0088517644515864,-0.1023097019539862
2022,time_mass_skew,2937,4897,626,0.6238347421050446,-0.4946622591149766,14,13,0.0196098065642527,0.0178750590146128,-0.0178287464856829,-0.5152121529892463,2944,2951,2939,2952,2022,2022-04-08 10:20:00,2022-04-08 10:55:00,2022-04-08 11:30:00,14,0.0021958973788637,-0.0171717878877126,-0.4938497130239452,0.5,0.6238347421050446,1.7039991399328862,0.4666666666666667,0.0295160573795576,0.0196098065642527,0.4876217367227877,4908,4910,4899,4911,2022,2022-06-10 09:40:00,2022-06-10 10:35:00,2022-06-10 10:45:00,13,0.0020800354165159,0.0006569585979702,0.0213624399653009,0.8461538461538461,-0.4946622591149766,1.6647264730946283,0.5714285714285714,0.0,0.0178750590146128,0.5794985021995139
2022,time_mass_skew,3257,5934,626,0.9249404641780152,-0.5815502574756167,27,22,0.0172449953222839,0.0191536563242662,0.005921944861892,0.1423400710933313,3264,3284,3259,3285,2022,2022-04-18 14:30:00,2022-04-19 09:35:00,2022-04-19 11:15:00,27,0.0021813980313131,0.0031098142719666,0.0721440681648006,0.2592592592592592,0.9249404641780152,1.7007949977648238,0.1071428571428571,0.0722639691385755,0.0172449953222839,-0.5741417030085982,5948,5956,5936,5957,2022,2022-07-11 13:35:00,2022-07-11 14:45:00,2022-07-12 09:55:00,22,0.0024032321962755,-0.0028121305899253,-0.0701960029285306,0.6363636363636364,-0.5815502574756167,2.011703041036084,0.391304347826087,0.0,0.0191536563242662,-0.393524940618227
2022,time_mass_skew,3284,7957,626,1.5062231663496068,-0.4862528329274759,22,18,0.0072257052549247,0.0079525177629307,0.0002876589401546,0.1310331573837863,3290,3306,3286,3307,2022,2022-04-19 11:15:00,2022-04-19 13:15:00,2022-04-19 14:35:00,22,0.0017344574046161,-0.0063895443244162,-0.2971611633525932,0.2727272727272727,1.5062231663496068,1.4997919705637286,0.1739130434782608,0.2155438576294335,0.0072257052549247,-0.5544430094090915,7969,7975,7959,7976,2022,2022-09-07 14:10:00,2022-09-08 09:40:00,2022-09-08 10:10:00,18,0.0018033365041173,-0.0066772032645709,-0.4281943207363796,0.6666666666666666,-0.4862528329274759,2.465504377148034,0.2631578947368421,0.0,0.0079525177629307,-0.4566219596468534
2022,time_mass_skew,3322,309,626,0.5469810628530392,-0.292770633167258,33,31,0.014645668656664,0.0139676262825449,0.0135260592212672,0.3699279713355614,3330,3355,3324,3356,2022,2022-04-20 10:25:00,2022-04-20 11:05:00,2022-04-20 14:40:00,33,0.0015989802138795,0.0020978611436387,0.0558903672196626,0.2424242424242424,0.5469810628530392,1.6384702099732895,0.2647058823529412,0.0256051110458281,0.014645668656664,-0.4806696396881776,328,340,311,341,2022,2022-01-12 11:20:00,2022-01-12 14:25:00,2022-01-13 09:55:00,31,0.0017160920980955,-0.0114281980776285,-0.3140376041158987,0.6129032258064516,-0.292770633167258,3.5764968767193928,0.53125,0.0150654104769176,0.0139676262825449,-0.2794736495938834
2022,time_mass_skew,3355,4922,626,0.6850653440513015,-0.3080012074394221,28,24,0.0194937946810016,0.0160136500620629,0.0110258759304066,0.2734697214678654,3364,3383,3357,3384,2022,2022-04-20 14:40:00,2022-04-21 09:55:00,2022-04-21 11:30:00,28,0.001779996800583,-0.002857816139284,-0.0541165416850339,0.3214285714285714,0.6850653440513015,1.7175978858467504,0.2068965517241379,0.0119091031485879,0.0194937946810016,-0.3986605296722403,4937,4946,4924,4947,2022,2022-06-10 13:15:00,2022-06-10 14:30:00,2022-06-13 09:45:00,24,0.0021422237377257,-0.0138836920696907,-0.3275862631528994,0.625,-0.3080012074394221,2.852049247233063,0.64,0.002913459586229,0.0160136500620629,-0.2175856276180881
2022,time_mass_skew,3383,3722,626,0.7432914977884658,-0.3915380923196448,27,24,0.0273215298511928,0.030215877459228,-0.0108333564640247,-0.1938825361001556,3387,3410,3385,3411,2022,2022-04-21 11:30:00,2022-04-21 13:20:00,2022-04-22 09:45:00,27,0.0022909307374983,0.0043672519968995,0.0773630905099097,0.1481481481481481,0.7432914977884658,1.581769772589479,0.1428571428571428,0.0154540370661537,0.0273215298511928,-0.5706095098905853,3723,3746,3724,3747,2022,2022-05-05 13:15:00,2022-05-05 13:20:00,2022-05-06 09:45:00,24,0.0021172000528975,0.0152006084609243,0.2712456266100653,0.0416666666666666,-0.3915380923196448,4.801268280192353,0.56,0.0632295259177076,0.030215877459228,-0.7428609032117791
2022,time_mass_skew,3414,8343,626,1.38349885855006,-0.5552461535382436,12,11,0.017184183675063,0.0141167751127211,0.0198486683874172,0.8708049225630219,3416,3426,3416,3427,2022,2022-04-22 10:05:00,2022-04-22 10:15:00,2022-04-22 11:05:00,12,0.0024862397544951,0.010961965046929,0.450021584753196,0.1666666666666666,1.38349885855006,1.6080455437849248,0.1538461538461538,0.1761288364180361,0.017184183675063,-0.6372652876111705,8348,8354,8345,8355,2022,2022-09-20 14:20:00,2022-09-20 14:45:00,2022-09-21 09:45:00,11,0.0023781767715359,-0.0088867033404882,-0.4207833378098258,0.4545454545454545,-0.5552461535382436,2.4898941620832367,0.5,0.012215754037036,0.0141167751127211,-0.7190234070525433
2022,time_mass_skew,3465,9499,626,0.7902812170884383,-0.5221697805869786,8,9,0.0091307919337095,0.0100625793357504,0.0180962345295713,0.9774110465173638,3469,3473,3467,3474,2022,2022-04-25 10:20:00,2022-04-25 10:40:00,2022-04-25 11:00:00,8,0.0040677914621078,0.0018799874375237,0.095075908351007,0.5,0.7902812170884383,1.5559042156372964,0.2222222222222222,0.1671207761017793,0.0091307919337095,-0.1951036069146838,9504,9508,9501,9509,2022,2022-10-31 14:40:00,2022-11-01 09:35:00,2022-11-01 09:55:00,9,0.0031833168287528,-0.0162162470920475,-0.8823351381663568,0.5555555555555556,-0.5221697805869786,1.8573259231567048,0.3,0.0157704421044268,0.0100625793357504,-0.2617749193082825
2022,time_mass_skew,3815,7141,626,1.4496805894835625,-0.346219881739683,9,11,0.0077164954840212,0.0076551542245919,-0.0065001937933017,-0.6257785306941122,3816,3824,3817,3825,2022,2022-05-09 11:30:00,2022-05-09 13:05:00,2022-05-09 13:45:00,9,0.0020035199431773,-0.0004700600020167,-0.0388376531429849,0.1111111111111111,1.4496805894835625,1.29639911519795,0.1,0.1644332368359149,0.0077164954840212,-0.630908709746967,7142,7152,7143,7153,2022,2022-08-15 14:10:00,2022-08-15 14:15:00,2022-08-16 09:35:00,11,0.0018441447595239,0.0060301337912849,0.5869408775511272,0.0909090909090909,-0.346219881739683,3.5034684229246347,0.5833333333333334,0.0,0.0076551542245919,-0.8186465237523908
2022,time_mass_skew,3863,9192,626,0.4970578267793789,-0.4009996653614731,15,15,0.007548600846321,0.0086854569203502,-0.0138582900032348,-0.7294253162739356,3867,3878,3865,3879,2022,2022-05-10 11:30:00,2022-05-10 13:20:00,2022-05-10 14:15:00,15,0.0030126515177613,-0.0132971826302511,-0.7054522323809419,0.2666666666666666,0.4970578267793789,1.7983351632909712,0.4375,0.0665604021514088,0.007548600846321,0.2837598687573349,9201,9207,9194,9208,2022,2022-10-21 13:05:00,2022-10-21 13:50:00,2022-10-21 14:20:00,15,0.0023863436888127,0.0005611073729837,0.0239730838929936,0.6,-0.4009996653614731,1.3968753078616782,0.4375,0.0122462435323399,0.0086854569203502,0.215018097537241
2022,time_mass_skew,3986,4076,626,0.6848979172667383,-0.6443249898769748,14,15,0.0129880305786107,0.0127633259004902,0.0047883455507555,0.0202175452945807,3990,4000,3988,4001,2022,2022-05-13 09:45:00,2022-05-13 10:05:00,2022-05-13 10:55:00,14,0.0023541523105769,-0.0146005360694955,-0.4235091735999741,0.2857142857142857,0.6848979172667383,1.3906976284480197,0.2666666666666666,0.0066620092018237,0.0129880305786107,0.0268256977296604,4085,4091,4078,4092,2022,2022-05-16 14:45:00,2022-05-17 10:00:00,2022-05-17 10:30:00,15,0.0024760228931114,-0.0193888816202511,-0.4437267188945548,0.6,-0.6443249898769748,1.7096114556911306,0.4375,0.0157799504263349,0.0127633259004902,-0.1054184317654606
2022,time_mass_skew,4142,2315,626,0.6555607113425999,-0.189366849915578,13,13,0.0048390926781785,0.0057549784320549,-0.0096272676247201,-0.6064597006303323,4148,4155,4144,4156,2022,2022-05-18 10:45:00,2022-05-18 11:15:00,2022-05-18 13:20:00,13,0.0022013329916913,-0.0074364142229412,-0.4372437655954972,0.4615384615384615,0.6555607113425999,2.0087646703888,0.4285714285714285,0.1032711187420007,0.0048390926781785,-0.3161241393189783,2322,2328,2317,2329,2022,2022-03-18 10:30:00,2022-03-18 11:05:00,2022-03-18 13:05:00,13,0.0020814348090033,0.0021908534017788,0.169215935034835,0.5384615384615384,-0.189366849915578,1.4458693911482507,0.3571428571428571,0.0,0.0057549784320549,-0.3791387205068406
2022,time_mass_skew,4173,4503,626,0.6028857787075401,-0.1982478281268958,13,13,0.0097554058447508,0.0098997707289019,-0.0118429188575841,-0.2559506262201415,4177,4186,4175,4187,2022,2022-05-18 14:50:00,2022-05-19 09:40:00,2022-05-19 10:25:00,13,0.0020376984455583,-0.0128932670421756,-0.28299887946586,0.3076923076923077,0.6028857787075401,1.6967141127159884,0.2857142857142857,0.0165283059047736,0.0097554058447508,-0.434531595194814,4509,4516,4505,4517,2022,2022-05-27 14:20:00,2022-05-27 14:50:00,2022-05-30 09:55:00,13,0.0019847321306808,-0.0010503481845915,-0.0270482532457185,0.4615384615384615,-0.1982478281268958,1.88814237814444,0.3571428571428571,0.0288755093633546,0.0098997707289019,-0.4357959766287776
2022,time_mass_skew,4435,997,626,0.6875868721982775,-0.5324962685432013,23,19,0.0123354827859021,0.0109897610485525,0.0132196649086615,0.4431891455441235,4441,4458,4437,4459,2022,2022-05-26 11:10:00,2022-05-26 13:10:00,2022-05-26 14:35:00,23,0.0026849619574046,0.0106168474397945,0.339234548642309,0.2608695652173913,0.6875868721982775,1.5296685622451889,0.4583333333333333,0.0004760890506848,0.0123354827859021,-0.1310310515394919,1009,1016,999,1017,2022,2022-02-08 14:10:00,2022-02-09 09:40:00,2022-02-09 10:15:00,19,0.002081292141664,-0.002602817468867,-0.1039545969018144,0.631578947368421,-0.5324962685432013,2.07939491913994,0.3,0.0299672096157273,0.0109897610485525,-0.1692470470651414
2022,time_mass_skew,4723,8780,626,0.8416063833354139,-0.2897723738716679,15,14,0.0112796213679882,0.0126275158792461,-0.0051188244151619,-0.1209272887819858,4728,4738,4725,4739,2022,2022-06-06 11:10:00,2022-06-06 13:05:00,2022-06-06 13:55:00,15,0.0032490475086134,0.0022920167426013,0.1054640553221291,0.3333333333333333,0.8416063833354139,1.5224418454343462,0.25,0.0008245318591354,0.0112796213679882,-0.4484721135241294,8784,8794,8782,8795,2022,2022-10-10 14:45:00,2022-10-11 09:35:00,2022-10-11 10:25:00,14,0.0024028768078382,0.0074108411577633,0.226391344104115,0.2857142857142857,-0.2897723738716679,1.8387498030970093,0.4,0.0,0.0126275158792461,-0.6009841877621193
2022,time_mass_skew,5048,1916,626,1.8905253876436927,-0.5110026728842595,6,5,0.0075487626432808,0.0085572473783521,0.0147447377605244,0.9358759688821016,5050,5054,5050,5055,2022,2022-06-15 10:15:00,2022-06-15 10:25:00,2022-06-15 10:45:00,6,0.0032217410963254,0.0019464131505275,0.1342138847337894,0.3333333333333333,1.8905253876436927,1.971130349732273,0.1428571428571428,0.0106948528119315,0.0075487626432808,-0.2528865815689706,1919,1921,1918,1922,2022,2022-03-07 14:45:00,2022-03-07 15:00:00,2022-03-08 09:40:00,5,0.0028834987712075,-0.0127983246099969,-0.8016620841483122,0.6,-0.5110026728842595,2.153287833515276,0.5,0.0,0.0085572473783521,-0.4068438731159958
2022,time_mass_skew,5289,7091,626,0.7621661221957233,-0.1860316925044371,12,13,0.0132189020433326,0.0126922415460191,-0.0085670686940617,-0.4792338853885146,5291,5301,5291,5302,2022,2022-06-22 10:20:00,2022-06-22 10:30:00,2022-06-22 11:20:00,12,0.0025098775863779,0.0013316234426804,0.0685901590723439,0.1666666666666666,0.7621661221957233,1.6278571836101454,0.0769230769230769,0.0670325146331157,0.0132189020433326,-0.5792338029533206,7092,7104,7093,7105,2022,2022-08-12 14:00:00,2022-08-12 14:05:00,2022-08-15 09:35:00,13,0.0016791571570644,0.0098986921367422,0.5478240444608586,0.0769230769230769,-0.1860316925044371,2.171450083109725,0.8571428571428571,0.0,0.0126922415460191,-0.7701966700432293
2022,time_mass_skew,5530,3949,626,0.5128729017849075,-0.3007959263438928,16,20,0.0176968671761956,0.0160434680310839,-0.0162317178267218,-0.4545716837740582,5535,5546,5532,5547,2022,2022-06-29 10:25:00,2022-06-29 10:50:00,2022-06-29 13:15:00,16,0.0027125627330077,-0.0065437905668105,-0.1777210161658309,0.3125,0.5128729017849075,1.399886300851349,0.4117647058823529,0.007744050952179,0.0176968671761956,-0.2346655433019301,3959,3969,3951,3970,2022,2022-05-12 10:40:00,2022-05-12 11:30:00,2022-05-12 13:50:00,20,0.0023651876952287,0.0096879272599113,0.2768506676082273,0.5,-0.3007959263438928,1.551753496252514,0.2857142857142857,0.0088100923031044,0.0160434680310839,-0.2746857022092953
2022,time_mass_skew,5731,9778,626,0.597900546710744,-0.6649715702280762,16,18,0.0114729654662282,0.0106189259771678,-0.0081657162164754,-0.3293748692410105,5736,5747,5733,5748,2022,2022-07-05 11:10:00,2022-07-05 13:05:00,2022-07-05 14:00:00,16,0.0021172114876578,-0.0104576257314002,-0.4152457503090332,0.3125,0.597900546710744,1.5385630108411947,0.4117647058823529,0.0217723084039129,0.0114729654662282,-0.3646724255385395,9789,9796,9780,9797,2022,2022-11-08 13:55:00,2022-11-08 14:50:00,2022-11-09 09:55:00,18,0.0019452564797812,-0.0022919095149248,-0.0858708810680226,0.6111111111111112,-0.6649715702280762,1.9099624144090783,0.2631578947368421,0.0061765204062183,0.0106189259771678,-0.2855107189063947
2022,time_mass_skew,5784,8099,626,0.4863300045297986,-0.5260446415759006,16,17,0.0125609467907086,0.010821877849831,0.0020629456424187,0.2568460707081406,5786,5800,5786,5801,2022,2022-07-06 13:05:00,2022-07-06 13:15:00,2022-07-06 14:25:00,16,0.0021209582153202,0.0108620581252256,0.4972063132820347,0.125,0.4863300045297986,1.3722293033924429,0.3529411764705882,0.0032298979087218,0.0125609467907086,-0.8762249113388202,8107,8116,8101,8117,2022,2022-09-13 14:00:00,2022-09-13 14:40:00,2022-09-14 09:55:00,17,0.0015713915402245,0.0087991124828069,0.2403602425738941,0.4705882352941176,-0.5260446415759006,2.964231071919704,0.4444444444444444,0.0378657563517097,0.010821877849831,-0.8157779217240222
2022,time_mass_skew,5910,5212,626,0.524101469677115,-0.2040382045686328,24,22,0.0163317710863708,0.0139068510617823,0.0010600419582425,0.0133606459219994,5915,5934,5912,5935,2022,2022-07-11 10:05:00,2022-07-11 10:30:00,2022-07-11 13:35:00,24,0.002449310752731,0.0106831675517584,0.3287210213988299,0.2083333333333333,0.524101469677115,1.667887890086409,0.24,0.0,0.0163317710863708,-0.6530146023317722,5216,5234,5214,5235,2022,2022-06-20 13:25:00,2022-06-20 13:45:00,2022-06-21 09:45:00,22,0.0033796212575742,0.0096231255935158,0.3153603754768304,0.1818181818181818,-0.2040382045686328,3.0761065701838985,0.6956521739130435,0.0213457986652693,0.0139068510617823,-0.691875019033314
2022,time_mass_skew,6304,4786,626,0.5607272594569527,-0.2513062500283346,15,14,0.0061413424121186,0.0073054249521549,0.0111635240870363,0.6805038059599291,6309,6319,6306,6320,2022,2022-07-21 10:55:00,2022-07-21 11:20:00,2022-07-21 13:40:00,15,0.0024779121310125,-0.0001913378622464,-0.0121369251566211,0.3333333333333333,0.5607272594569527,1.7790781622082767,0.3125,0.0012147093086541,0.0061413424121186,0.0459925956163093,4795,4800,4788,4801,2022,2022-06-07 13:55:00,2022-06-07 14:40:00,2022-06-08 09:35:00,14,0.0024504211779272,-0.0113548619492828,-0.6926407311165503,0.6428571428571429,-0.2513062500283346,2.018041615000149,0.6,0.038337829284199,0.0073054249521549,-0.034639603058964
2022,time_mass_skew,6435,2443,626,0.4537877607937595,-2.2396625571549493,14,16,0.0172764983099646,0.0151566531462581,-0.0051697702315597,-0.1452383628923798,6448,6449,6437,6450,2022,2022-07-26 09:50:00,2022-07-26 10:55:00,2022-07-26 11:00:00,14,0.00196486155584,-0.0004971561745602,-0.0170338976403167,0.9285714285714286,0.4537877607937595,1.6108684279848795,0.4666666666666667,0.0,0.0172764983099646,0.8060863572271596,2458,2459,2445,2460,2022,2022-03-22 14:40:00,2022-03-23 10:25:00,2022-03-23 10:30:00,16,0.0017967599232023,0.0046726140569995,0.128204465252063,0.9375,-2.2396625571549493,1.6089985708729233,0.0588235294117647,0.5902313400585267,0.0151566531462581,0.742918218496211
2022,time_mass_skew,6555,832,626,0.5678167997827166,-0.6379636543930438,13,14,0.0078648450899736,0.0067628319400956,-0.0023101231692465,-0.1907674766702493,6559,6568,6557,6569,2022,2022-07-28 13:20:00,2022-07-28 13:40:00,2022-07-28 14:25:00,13,0.0016975404891702,0.0019692500151692,0.1545915449335506,0.3076923076923077,0.5678167997827166,1.311520685331269,0.3571428571428571,0.0,0.0078648450899736,-0.6039157249295556,833,846,834,847,2022,2022-01-27 10:55:00,2022-01-27 11:00:00,2022-01-27 13:35:00,14,0.001688636370675,0.0042793731844158,0.3453590216038,0.0714285714285714,-0.6379636543930438,1.4605183649174256,0.1333333333333333,0.2340834830595035,0.0067628319400956,-0.6195770480175395
2022,time_mass_skew,6673,9207,626,0.720534744903505,-0.5455566404453128,21,17,0.0220772444195684,0.0226601379238529,-0.0143340113687643,-0.2294522093914804,6679,6694,6675,6695,2022,2022-08-02 09:40:00,2022-08-02 10:10:00,2022-08-02 11:25:00,21,0.0031077852062773,-0.0221311538514653,-0.3806954951118881,0.2857142857142857,0.720534744903505,1.5385716622687795,0.3636363636363636,0.0,0.0220772444195684,0.0113124075207095,9218,9224,9209,9225,2022,2022-10-21 14:20:00,2022-10-24 09:45:00,2022-10-24 10:15:00,17,0.0025724684474742,-0.0077971424827009,-0.1512432857204076,0.6470588235294118,-0.5455566404453128,2.1672491811283243,0.2777777777777778,0.0119098113113603,0.0226601379238529,0.0502889277897055
2022,time_mass_skew,6725,4954,626,0.4312361444494534,-0.1902879711007785,11,12,0.0088988452946789,0.0088212353796084,-0.0056870436645322,-0.1594458801754223,6729,6736,6727,6737,2022,2022-08-03 10:00:00,2022-08-03 10:20:00,2022-08-03 10:55:00,11,0.0028781147128459,-0.0134518401616518,-0.5830804092219595,0.3636363636363636,0.4312361444494534,1.3302428124068206,0.5833333333333334,0.0,0.0088988452946789,0.1441380546459932,4962,4966,4956,4967,2022,2022-06-13 10:25:00,2022-06-13 11:05:00,2022-06-13 11:25:00,12,0.0023908849929857,-0.0077647964971196,-0.4236345290465371,0.6666666666666666,-0.1902879711007785,1.7641847035786529,0.5384615384615384,0.0,0.0088212353796084,0.3364007971657084
2022,time_mass_skew,6889,10425,626,0.7440479778760232,-0.3008737911729733,6,6,0.0046140400661638,0.0040154213640937,0.0012009311271839,0.172761420978786,6890,6895,6891,6896,2022,2022-08-08 13:10:00,2022-08-08 13:15:00,2022-08-08 13:40:00,6,0.0020208924906633,0.0022923695086324,0.3031178534891044,0.1666666666666666,0.7440479778760232,1.3111828067295637,0.4285714285714285,0.0,0.0046140400661638,-0.4647247962986743,10428,10431,10427,10432,2022,2022-11-28 10:20:00,2022-11-28 10:35:00,2022-11-28 10:50:00,6,0.0019264940963952,0.0010914383814485,0.1303564325103184,0.5,-0.3008737911729733,1.2677029573275975,0.4285714285714285,0.0,0.0040154213640937,-0.2516342365534466
2022,time_mass_skew,6987,1763,626,0.6245410851588581,-0.3008846755295934,16,17,0.0093634288735282,0.0104355589499522,0.005785073194087,0.2066832745820714,6991,7003,6989,7004,2022,2022-08-10 13:20:00,2022-08-10 13:40:00,2022-08-10 14:40:00,16,0.0017969113298909,-0.0046922806552917,-0.2167508256803675,0.25,0.6245410851588581,1.3567451416888312,0.4117647058823529,0.049960717961838,0.0093634288735282,-0.6097700131741901,1771,1780,1765,1781,2022,2022-03-02 14:00:00,2022-03-02 14:40:00,2022-03-03 09:55:00,17,0.0022175448174156,-0.0104773538493787,-0.423434100262439,0.4705882352941176,-0.3008846755295934,2.5131543778869583,0.6111111111111112,0.0,0.0104355589499522,-0.66313806879432
2022,time_mass_skew,7048,5846,626,0.8813468894586661,-0.3386013151221402,19,17,0.0126470546493084,0.0120089321178475,0.0034040430383392,0.1065122694128063,7051,7067,7050,7068,2022,2022-08-11 14:25:00,2022-08-11 14:40:00,2022-08-12 10:30:00,19,0.0017703573557534,0.0047004934329843,0.1625450928988405,0.1578947368421052,0.8813468894586661,1.945944699567792,0.3,0.0833894236561507,0.0126470546493084,-0.8091135253039615,5856,5863,5848,5864,2022,2022-07-07 14:15:00,2022-07-08 09:35:00,2022-07-08 10:10:00,17,0.0018316942822018,0.001296450394645,0.0560328234860341,0.5882352941176471,-0.3386013151221402,2.693628177572684,0.5555555555555556,0.0043223543070036,0.0120089321178475,-0.6069927196286238
2022,time_mass_skew,7152,4209,626,0.5468062115022043,-0.5017122311731488,32,28,0.0154952534411902,0.0187018537830097,-0.0185498183439127,-0.3871323464512284,7159,7184,7154,7185,2022,2022-08-16 09:35:00,2022-08-16 10:10:00,2022-08-16 13:45:00,32,0.0018691990470155,-0.0051191874706071,-0.1150446291277874,0.21875,0.5468062115022043,2.1727894574099857,0.4242424242424242,0.0018106327900221,0.0154952534411902,-0.0153222485428896,4225,4237,4211,4238,2022,2022-05-19 13:50:00,2022-05-20 09:40:00,2022-05-20 10:40:00,28,0.0019010403682697,0.0134306308733056,0.2720877173234409,0.5714285714285714,-0.5017122311731488,2.388558427650947,0.1724137931034483,0.0156719970856257,0.0187018537830097,0.1059071530329909
2022,time_mass_skew,7196,9062,626,0.4358775941486065,-0.2534733771858267,15,18,0.0083049552194278,0.0075838658691678,0.0004265471589527,0.0367671647710747,7198,7211,7198,7212,2022,2022-08-16 14:45:00,2022-08-16 14:55:00,2022-08-17 10:30:00,15,0.0013929849519954,0.0061231984135548,0.3495336413948028,0.1333333333333333,0.4358775941486065,2.091981693319717,0.375,0.0131655944489213,0.0083049552194278,-0.7149806084688812,9068,9080,9064,9081,2022,2022-10-18 14:15:00,2022-10-18 14:45:00,2022-10-19 10:15:00,18,0.0016186132221642,0.005696651254602,0.3127664766237281,0.3333333333333333,-0.2534733771858267,2.4092349372759547,0.4210526315789473,0.0368529575113819,0.0075838658691678,-0.7111506971484113
2022,time_mass_skew,7230,4000,626,0.7013262875841912,-0.6002872714027,14,12,0.0039230289405676,0.0047376742950424,0.0006038292985134,0.0256014114454959,7236,7244,7232,7245,2022,2022-08-17 13:35:00,2022-08-17 14:05:00,2022-08-17 14:45:00,14,0.0016160909706767,-0.0060063792994219,-0.4594807046834636,0.4285714285714285,0.7013262875841912,1.5326176398416334,0.3333333333333333,0.0185042333434905,0.0039230289405676,0.4576859515084812,4009,4012,4002,4013,2022,2022-05-13 10:55:00,2022-05-13 13:10:00,2022-05-13 13:25:00,12,0.0022933591505301,-0.0066102085979353,-0.4850821161289596,0.75,-0.6002872714027,1.6900909771851538,0.2307692307692307,0.303463383841866,0.0047376742950424,0.5957865521391671
2022,time_mass_skew,7290,8814,626,1.181055512277717,-0.333796928609792,22,22,0.0245043714105266,0.0258594143802932,-0.023803695758817,-0.6386084316364208,7296,7312,7292,7313,2022,2022-08-18 14:35:00,2022-08-19 09:35:00,2022-08-19 10:55:00,22,0.0016682474345721,-0.0008660010378598,-0.0204613708030453,0.2727272727272727,1.181055512277717,1.4254147778567725,0.217391304347826,0.0605098966786778,0.0245043714105266,-0.7290126908001884,8819,8836,8816,8837,2022,2022-10-11 13:35:00,2022-10-11 14:00:00,2022-10-12 09:55:00,22,0.0024274010570203,0.0229376947209572,0.6181470608333755,0.2272727272727272,-0.333796928609792,1.9940691148726717,0.5652173913043478,0.0,0.0258594143802932,-0.891023487082688
2022,time_mass_skew,7386,11405,626,0.6035514540991999,-0.4890178833379013,24,23,0.0103709896826895,0.0127805668437952,-0.0008272431515919,-0.0586023808734554,7394,7410,7388,7411,2022,2022-08-22 14:35:00,2022-08-23 09:45:00,2022-08-23 11:05:00,24,0.0017819554604752,0.0072025203352418,0.209163289172188,0.3333333333333333,0.6035514540991999,2.6026851383092926,0.28,0.0102710587952804,0.0103709896826895,0.1454019607272866,11424,11428,11407,11429,2022,2022-12-26 13:30:00,2022-12-27 09:35:00,2022-12-27 09:55:00,23,0.0018452951280825,0.0080297634868338,0.2677656700456434,0.8260869565217391,-0.4890178833379013,2.2637878721014,0.125,0.0109743352351619,0.0127805668437952,0.2117022775841495
2022,time_mass_skew,7598,984,626,0.6747307742312281,-0.3046630093629258,16,13,0.0096564981722311,0.0106138725323408,-0.0067745750688947,-0.3656624249219542,7605,7614,7600,7615,2022,2022-08-29 10:45:00,2022-08-29 11:20:00,2022-08-29 13:35:00,16,0.0019083566243077,-0.0132760968925435,-0.6424358505682811,0.4375,0.6747307742312281,1.909624799862648,0.2941176470588235,0.0347822255342998,0.0096564981722311,0.3075431949325748,994,997,986,998,2022,2022-02-08 13:05:00,2022-02-08 13:55:00,2022-02-08 14:10:00,13,0.0019775208488041,-0.0065015218236488,-0.2767734256463269,0.7692307692307693,-0.3046630093629258,1.388920338842594,0.5,0.0,0.0106138725323408,0.553550566966409
2022,time_mass_skew,8023,1237,626,0.9138286708170676,-0.4207771121744928,12,13,0.0081115263512394,0.0077632122275677,-0.0138980800832914,-0.759756748497216,8029,8035,8025,8036,2022,2022-09-09 10:10:00,2022-09-09 10:40:00,2022-09-09 11:10:00,12,0.0019433131727699,-0.0127781561879156,-0.7119653689620833,0.5,0.9138286708170676,1.6597015464121796,0.2307692307692307,0.1466515811140585,0.0081115263512394,0.3407918133346018,1247,1250,1239,1251,2022,2022-02-15 14:10:00,2022-02-15 15:00:00,2022-02-16 09:45:00,13,0.0020070912092882,0.0011199238953758,0.0477913795351326,0.7692307692307693,-0.4207771121744928,1.8355082499926676,0.5,0.0,0.0077632122275677,0.1485592046013474
2022,time_mass_skew,8258,3159,626,1.435447041221258,-0.2168963531680939,11,13,0.0195318116466678,0.0229850077516777,-0.0086032857010968,-0.2677336182826909,8259,8269,8260,8270,2022,2022-09-19 09:45:00,2022-09-19 09:50:00,2022-09-19 10:40:00,11,0.0022070604273481,0.0003950643188631,0.0120449330403969,0.0909090909090909,1.435447041221258,1.6914497669526576,0.25,0.0352957360599376,0.0195318116466678,-0.6077155916077961,3160,3172,3161,3173,2022,2022-04-14 14:20:00,2022-04-14 14:25:00,2022-04-15 09:55:00,13,0.0027115477823869,0.0089983500199599,0.2797785513230879,0.0769230769230769,-0.2168963531680939,4.287829358538635,0.5,0.4265900699927987,0.0229850077516777,-0.5960825122941409
2022,time_mass_skew,8836,9175,626,0.527323132826994,-0.5127750415876168,19,17,0.0168067363292889,0.0170613143911557,-0.0132347307742733,-0.2513077065493144,8844,8855,8838,8856,2022,2022-10-12 09:55:00,2022-10-12 10:35:00,2022-10-12 11:30:00,19,0.0027075848753632,-0.0194892605207146,-0.4557176821201485,0.4210526315789473,0.527323132826994,1.852174424601317,0.55,0.0001203888502028,0.0168067363292889,0.5078475309479039,9189,9192,9177,9193,2022,2022-10-21 10:10:00,2022-10-21 11:20:00,2022-10-21 13:05:00,17,0.002853450139633,-0.0062545297464413,-0.2044099755708341,0.8235294117647058,-0.5127750415876168,1.534344918923097,0.2777777777777778,0.0377005124700263,0.0170613143911557,0.5909530066117793
2022,time_mass_skew,9416,8898,626,1.244332712134405,-0.9065825236113716,6,7,0.0048373813593327,0.0052441311131801,0.0007922066382512,0.0956331223158111,9417,9422,9418,9423,2022,2022-10-28 10:15:00,2022-10-28 10:20:00,2022-10-28 10:45:00,6,0.0027573001744601,-0.0016617994042592,-0.1334791591423015,0.1666666666666666,1.244332712134405,1.4030238455854536,0.1428571428571428,0.1638368599647656,0.0048373813593327,0.3044134234544807,8903,8905,8900,8906,2022,2022-10-13 11:05:00,2022-10-13 11:30:00,2022-10-13 13:10:00,7,0.0025865948367549,-0.0024540060425105,-0.2291122814581126,0.7142857142857143,-0.9065825236113716,2.324235477757763,0.25,0.1010841283201214,0.0052441311131801,0.2800483126082707
2022,time_mass_skew,9629,8942,626,2.5884212201967363,-0.3146618388716622,7,8,0.0064464672436619,0.0056442376280454,-0.0034770635259853,-0.2861378604691831,9633,9636,9631,9637,2022,2022-11-03 13:30:00,2022-11-03 13:50:00,2022-11-03 14:05:00,7,0.0028728931896475,-0.0009650610129224,-0.0776681864072693,0.5714285714285714,2.5884212201967363,2.6563985260089598,0.125,0.2234921338776717,0.0064464672436619,0.293351667943982,8948,8950,8944,8951,2022,2022-10-14 10:45:00,2022-10-14 11:15:00,2022-10-14 11:25:00,8,0.0028717648641291,0.0025120025130629,0.2084696740619137,0.75,-0.3146618388716622,1.5270152817107483,0.5555555555555556,0.0,0.0056442376280454,0.4733965287001264
2022,time_mass_skew,9705,10201,626,0.4561569946467894,-0.2010272183153711,25,25,0.0125459680028869,0.0104175722103283,-0.0008157573872874,0.1099762509667637,9714,9730,9707,9731,2022,2022-11-07 10:20:00,2022-11-07 11:05:00,2022-11-07 13:55:00,25,0.0023912404256526,-0.0062294484345845,-0.1431620370763946,0.36,0.4561569946467894,1.6021273776868568,0.4615384615384615,0.0095928571179476,0.0125459680028869,-0.2689959567369959,10214,10226,10203,10227,2022,2022-11-21 13:10:00,2022-11-21 14:15:00,2022-11-22 09:45:00,25,0.0016892340692908,-0.005413691047297,-0.2531382880431584,0.52,-0.2010272183153711,2.8566573684530514,0.6538461538461539,0.0,0.0104175722103283,-0.1464446835956274
2022,time_mass_skew,9921,6661,626,1.655459163017368,-0.5523622414903949,15,12,0.0200497278261684,0.0176788026270724,0.0330954687445601,1.3384275670887116,9922,9936,9923,9937,2022,2022-11-11 13:50:00,2022-11-11 13:55:00,2022-11-14 09:35:00,15,0.0044761268986286,0.0164544095608757,0.740063036080894,0.0666666666666666,1.655459163017368,1.893021723763987,0.25,0.0792275713483158,0.0200497278261684,-0.8657713277842635,6664,6673,6663,6674,2022,2022-08-01 14:10:00,2022-08-01 14:25:00,2022-08-02 09:40:00,12,0.0032889602081746,-0.0166410591836843,-0.5983645310078176,0.25,-0.5523622414903949,3.7448959082739526,0.3846153846153846,0.0,0.0176788026270724,-0.949079767192214
2022,time_mass_skew,10419,7346,626,0.7242763460905856,-0.3116359767875977,6,6,0.0079628687777368,0.0067308642331811,0.0051435437144116,0.4240617964578449,10421,10425,10421,10426,2022,2022-11-28 09:50:00,2022-11-28 10:00:00,2022-11-28 10:20:00,6,0.0019364949119,-0.0016578387202484,-0.1173840365122457,0.3333333333333333,0.7242763460905856,1.9892642095299131,0.2857142857142857,0.0,0.0079628687777368,0.2577231909004543,7350,7352,7348,7353,2022,2022-08-22 09:45:00,2022-08-22 10:05:00,2022-08-22 10:15:00,6,0.0018777128231092,-0.00680138243466,-0.5414458329700906,0.6666666666666666,-0.3116359767875977,1.2017037400431223,0.5714285714285714,0.0,0.0067308642331811,0.1819521848891964
2022,time_mass_skew,10482,10450,626,0.5035067859827733,-0.3325652421876861,22,19,0.0078037073260048,0.0068479257464026,0.0123301993581742,0.6772201000303031,10491,10504,10484,10505,2022,2022-11-29 11:05:00,2022-11-29 13:20:00,2022-11-29 14:25:00,22,0.001467455747069,0.0042466674884965,0.255316020182264,0.4090909090909091,0.5035067859827733,2.4834641143682554,0.391304347826087,0.058296252124895,0.0078037073260048,0.3851917817340061,10464,10469,10452,10470,2022,2022-11-28 13:55:00,2022-11-29 09:35:00,2022-11-29 10:00:00,19,0.0019253763472154,-0.0080835318696777,-0.4219040798480391,0.7368421052631579,-0.3325652421876861,1.5566611349251334,0.5,0.0,0.0068479257464026,0.2303562999241737
2022,time_mass_skew,10572,8619,626,0.4796833115009463,-0.3113225735381993,6,7,0.0049035908210468,0.005301515898421,0.0077169561373457,0.7196594662534973,10576,10578,10574,10579,2022,2022-12-01 10:35:00,2022-12-01 10:55:00,2022-12-01 11:05:00,6,0.0020792028309593,0.0015698512852906,0.1905955867098583,0.6666666666666666,0.4796833115009463,1.7161581866361428,0.4285714285714285,0.1191450601734168,0.0049035908210468,0.3684849238869691,8625,8626,8621,8627,2022,2022-09-28 13:20:00,2022-09-28 13:50:00,2022-09-28 13:55:00,7,0.001802101458277,-0.0061471048520551,-0.529063879543639,0.8571428571428571,-0.3113225735381993,1.344023942891424,0.375,0.0,0.005301515898421,0.3404771879468748
2022,time_mass_skew,10800,10693,626,0.5095816712835555,-0.3949271941612611,15,16,0.0056165886549885,0.0070156145364466,0.0071566373938606,0.396957533320879,10806,10815,10802,10816,2022,2022-12-08 09:35:00,2022-12-08 10:05:00,2022-12-08 10:50:00,15,0.0012224195103783,0.0027532026040715,0.1415916690008075,0.4,0.5095816712835555,1.670812704011024,0.25,0.020313076426294,0.0056165886549885,0.0428059024190226,10705,10709,10695,10710,2022,2022-12-05 14:10:00,2022-12-06 09:40:00,2022-12-06 10:00:00,16,0.0009127363869371,-0.0044034347897891,-0.2553658643200714,0.75,-0.3949271941612611,1.7255764221884269,0.2941176470588235,0.0,0.0070156145364466,0.1965763361264703
2022,time_mass_skew,10988,6089,626,0.7683089869699945,-0.757620851278588,10,9,0.0097370381530703,0.0078977783314035,-0.0002145590364738,0.0293119871440382,10993,10998,10990,10999,2022,2022-12-13 14:45:00,2022-12-14 09:40:00,2022-12-14 10:05:00,10,0.0016197000884342,-0.013860235150315,-0.522038377216939,0.5,0.7683089869699945,2.895709567365005,0.2727272727272727,0.1388522212336612,0.0097370381530703,0.1636713375021637,6096,6098,6091,6099,2022,2022-07-14 14:30:00,2022-07-15 09:35:00,2022-07-15 09:45:00,9,0.002042344939381,-0.0136456761138411,-0.5513503643609773,0.7777777777777778,-0.757620851278588,1.924273183668895,0.2,0.0540026440214362,0.0078977783314035,0.0400179236756205
2022,time_mass_skew,11194,7039,626,0.6217347269933503,-1.179924533580753,11,9,0.0044792555629662,0.0041592885839945,-0.003088787672751,-0.0444499648386603,11197,11205,11196,11206,2022,2022-12-20 10:25:00,2022-12-20 10:40:00,2022-12-20 11:20:00,11,0.0013167788209915,-0.0081589331217334,-0.6706033605574282,0.2727272727272727,0.6217347269933503,1.3023597807345355,0.25,0.0,0.0044792555629662,0.260384324354133,7046,7048,7041,7049,2022,2022-08-11 13:40:00,2022-08-11 14:15:00,2022-08-11 14:25:00,9,0.001763807597894,-0.0050701454489823,-0.6261533957187678,0.7777777777777778,-1.179924533580753,1.404247401710125,0.2,0.1288333235460909,0.0041592885839945,0.2773752192376856
2022,time_mass_skew,11428,7362,626,0.4883879139527429,-0.2804948558360645,6,7,0.0046543547403867,0.003998173965332,0.0034728866236463,0.5528557343078738,11431,11434,11430,11435,2022,2022-12-27 09:55:00,2022-12-27 10:10:00,2022-12-27 10:25:00,6,0.0016709521732862,-0.0011603744036481,-0.1371003717891815,0.5,0.4883879139527429,1.434357092416792,0.2857142857142857,0.0,0.0046543547403867,0.2493041436749533,7367,7369,7364,7370,2022,2022-08-22 11:05:00,2022-08-22 11:30:00,2022-08-22 13:10:00,7,0.0017780612065551,-0.0046332610272945,-0.6899561060970554,0.7142857142857143,-0.2804948558360645,1.404006960974575,0.25,0.0,0.003998173965332,0.4449381189447605
2022,motion_concentration,78,6194,626,2.2398427995218686,1.370313498381605,27,25,0.0166865046082973,0.018635160529846,0.002247141823422,0.0888535059534863,90,105,80,106,2022,2022-01-05 13:35:00,2022-01-05 14:35:00,2022-01-06 10:20:00,27,0.0014433362392197,0.0040967349469378,0.1324807991719871,0.4444444444444444,-0.1194408567949077,2.2398427995218686,0.5,0.0,0.0166865046082973,-0.7525743017412642,6200,6219,6196,6220,2022,2022-07-19 09:45:00,2022-07-19 10:15:00,2022-07-19 13:20:00,25,0.0015251524480287,0.0018495931235157,0.0436272932185007,0.24,0.7599197175821855,1.370313498381605,0.1538461538461538,0.0580952557595468,0.018635160529846,-0.7133251188968331
2022,motion_concentration,142,5301,626,2.072502404579041,1.475833640666154,25,25,0.0145231160931986,0.0154997041240463,-0.0032076754282323,-0.1053467184630543,145,167,144,168,2022,2022-01-06 14:55:00,2022-01-07 09:40:00,2022-01-07 11:30:00,25,0.0016301003249869,-0.0018260501211068,-0.0592575262321655,0.12,2.77345336844374,2.072502404579041,0.0769230769230769,0.3449658968308841,0.0145231160931986,-0.5677024315585065,5310,5326,5303,5327,2022,2022-06-22 11:20:00,2022-06-22 13:35:00,2022-06-22 14:55:00,25,0.0022169881720569,0.0013816253071255,0.0460891922308887,0.36,0.1959203487026104,1.475833640666154,0.3846153846153846,0.0,0.0154997041240463,-0.6431758124102774
2022,motion_concentration,167,7290,626,2.2601714354936706,1.4254147778567725,27,22,0.0213017648108007,0.0245043714105266,0.0097021855227524,0.2729266644840477,173,194,169,195,2022,2022-01-07 11:30:00,2022-01-07 13:30:00,2022-01-10 09:45:00,27,0.0015953477157357,0.0088361844848925,0.2524652936810024,0.2222222222222222,-0.0063770709476501,2.2601714354936706,0.8214285714285714,0.0037477225328405,0.0213017648108007,-0.7248890237155422,7296,7312,7292,7313,2022,2022-08-18 14:35:00,2022-08-19 09:35:00,2022-08-19 10:55:00,22,0.0016682474345721,-0.0008660010378598,-0.0204613708030453,0.2727272727272727,1.181055512277717,1.4254147778567725,0.217391304347826,0.0605098966786778,0.0245043714105266,-0.7290126908001884
2022,motion_concentration,517,846,626,2.621540052328693,1.4469498181302318,15,16,0.0119121179312928,0.0121303013488045,0.0052358640912185,0.2054704245878962,522,532,519,533,2022,2022-01-18 14:10:00,2022-01-18 14:35:00,2022-01-19 09:55:00,15,0.0016800088821287,-0.0004809876394083,-0.0269997497123935,0.3333333333333333,-0.0264591097133661,2.621540052328693,0.4375,0.0,0.0119121179312928,-0.760508040480949,851,862,848,863,2022,2022-01-27 13:35:00,2022-01-27 14:00:00,2022-01-27 14:55:00,16,0.001704232947936,-0.0057168517306268,-0.2324701743002897,0.3125,0.2837931397454039,1.4469498181302318,0.4705882352941176,0.0190844817966397,0.0121303013488045,-0.5441352724949029
2022,motion_concentration,667,3791,626,2.522014425543324,1.472825667434772,14,15,0.0141361433760822,0.0145352624538741,-0.0016039647286013,-0.0158835398186809,675,681,669,682,2022,2022-01-21 14:40:00,2022-01-24 09:50:00,2022-01-24 10:20:00,14,0.0020138902761303,-0.0167216258721044,-0.5458510565233006,0.5714285714285714,0.3820145595883503,2.522014425543324,0.3333333333333333,0.0336813424507272,0.0141361433760822,0.3168538574538252,3800,3806,3793,3807,2022,2022-05-06 15:00:00,2022-05-09 10:15:00,2022-05-09 10:45:00,15,0.002432368786575,-0.0151176611435031,-0.5299675167046196,0.6,-0.0603642368294398,1.472825667434772,0.375,0.0654290950527518,0.0145352624538741,0.2812674231135096
2022,motion_concentration,716,9855,626,2.3186807217693173,1.4686989482443604,17,17,0.0141064070970386,0.0128344527286348,-0.0111633815422104,-0.568338759859417,721,733,718,734,2022,2022-01-24 14:45:00,2022-01-25 09:40:00,2022-01-25 10:40:00,17,0.0013636220334434,-0.0020141868886229,-0.0846278972689786,0.2941176470588235,0.2138422011785359,2.3186807217693173,0.3333333333333333,0.0278725896795298,0.0141064070970386,-0.7957806234878392,9857,9872,9857,9873,2022,2022-11-10 10:50:00,2022-11-10 11:00:00,2022-11-10 13:45:00,17,0.0014302652304772,0.0091491946535875,0.4837108625904384,0.1176470588235294,1.4871229671960091,1.4686989482443604,0.2222222222222222,0.0372708247916066,0.0128344527286348,-0.7151615655003195
2022,motion_concentration,873,5811,626,2.1228101818697103,1.3354951879694787,17,16,0.0152136515035961,0.0182657216397297,-0.0146271320355017,-0.4648605973795526,884,890,875,891,2022,2022-01-28 10:20:00,2022-01-28 11:15:00,2022-01-28 13:15:00,17,0.0026853785498301,-0.0175980812984936,-0.5671858684270812,0.6470588235294118,-0.1407766992863786,2.1228101818697103,0.4444444444444444,0.0,0.0152136515035961,0.6761105281869805,5825,5827,5813,5828,2022,2022-07-07 09:50:00,2022-07-07 11:00:00,2022-07-07 11:10:00,16,0.0020142884907272,-0.0029709492629919,-0.1023252710475285,0.875,-0.0011745813623304,1.3354951879694787,0.5294117647058824,0.0,0.0182657216397297,0.7642167269178596
2022,motion_concentration,908,6736,626,4.226506662039855,1.3645450869851683,24,29,0.0260722702187461,0.0313542608508461,-0.0435679093884269,-0.7908589237191455,914,932,910,933,2022,2022-01-28 14:45:00,2022-02-07 09:45:00,2022-02-07 11:15:00,24,0.0037010369510476,-0.0323637861301178,-0.6315173732938115,0.25,1.0027099517114246,4.226506662039855,0.2,0.0348398605442361,0.0260722702187461,0.0914442289036735,6750,6765,6738,6766,2022,2022-08-03 10:55:00,2022-08-03 13:35:00,2022-08-03 14:50:00,29,0.0028375008809736,0.0112041232583091,0.159341550425334,0.4827586206896552,0.0838786653783396,1.3645450869851683,0.5,0.0036900650578556,0.0313542608508461,0.2359514247032986
2022,motion_concentration,997,4482,626,2.07939491913994,1.351967008501093,19,21,0.0109897610485525,0.0121024747024858,0.0037770089201309,0.1131918045420103,1009,1016,999,1017,2022,2022-02-08 14:10:00,2022-02-09 09:40:00,2022-02-09 10:15:00,19,0.002081292141664,-0.002602817468867,-0.1039545969018144,0.631578947368421,-0.5324962685432013,2.07939491913994,0.3,0.0299672096157273,0.0109897610485525,-0.1692470470651414,4490,4503,4484,4504,2022,2022-05-27 11:05:00,2022-05-27 13:15:00,2022-05-27 14:20:00,21,0.0019751291733553,-0.006379826388998,-0.2171464014438248,0.3809523809523809,0.2430831161274694,1.351967008501093,0.2272727272727272,0.0131493478997449,0.0121024747024858,-0.3665869462738713
2022,motion_concentration,1194,5747,626,2.0306991133036862,1.4389112588292947,32,32,0.033518531101933,0.0331883014297833,-0.0084135285429954,-0.1166878040235423,1222,1226,1196,1227,2022,2022-02-14 14:35:00,2022-02-15 11:25:00,2022-02-15 13:15:00,32,0.0020691144661939,0.0065859359977717,0.115963514950024,0.875,0.000399694530504,2.0306991133036862,0.6363636363636364,0.0120213048758301,0.033518531101933,0.8273123668996096,5767,5779,5749,5780,2022,2022-07-05 14:00:00,2022-07-06 10:10:00,2022-07-06 11:10:00,32,0.0021917092786261,0.0149994645407672,0.2326513189735664,0.625,-0.663518259194649,1.4389112588292947,0.303030303030303,0.0234717484798881,0.0331883014297833,0.7766639368095462
2022,motion_concentration,1250,10521,626,2.141648598992948,1.3034115239804782,8,10,0.0065518322608841,0.0068402318765352,0.010726911722725,0.8271662891179111,1254,1258,1252,1259,2022,2022-02-16 09:45:00,2022-02-16 10:05:00,2022-02-16 10:25:00,8,0.0015536441990018,0.0005030727209443,0.0422492529843367,0.5,0.0975477316363369,2.141648598992948,0.5555555555555556,0.000162131344005,0.0065518322608841,0.4328244079445278,10526,10531,10523,10532,2022,2022-11-30 10:20:00,2022-11-30 10:45:00,2022-11-30 11:10:00,10,0.0014575571277826,-0.0102238390017807,-0.7849170361335743,0.5,0.1889248275705186,1.3034115239804782,0.3636363636363636,0.0617264534983077,0.0068402318765352,0.3939334166310507
2022,motion_concentration,1321,2994,626,2.3324795603383164,1.2703322680173676,26,25,0.0126686364004893,0.0124389108679929,0.0083263771878144,0.2515622205836969,1327,1347,1323,1348,2022,2022-02-17 13:10:00,2022-02-17 13:40:00,2022-02-18 09:50:00,26,0.0016161417544649,0.0074410363328943,0.2166241424138293,0.2307692307692307,0.0557776582285165,2.3324795603383164,0.8148148148148148,0.0054366007515927,0.0126686364004893,-0.5913211190042129,2998,3019,2996,3020,2022,2022-04-11 11:05:00,2022-04-11 11:25:00,2022-04-11 14:40:00,25,0.0022103351542706,-0.00088534085492,-0.0349380781698676,0.16,0.2695473304431643,1.2703322680173676,0.5384615384615384,0.0,0.0124389108679929,-0.5448624663490081
2022,motion_concentration,1380,9796,626,2.5869545064816384,1.4681740069019271,28,23,0.0149394315757858,0.0144074585582751,0.0103549059931756,0.315887083254035,1392,1408,1382,1409,2022,2022-02-18 14:05:00,2022-02-21 09:35:00,2022-02-21 10:55:00,28,0.0015023306152485,0.0019445052375218,0.0633389129161661,0.4285714285714285,0.0453764789882912,2.5869545064816384,0.2758620689655172,0.0,0.0149394315757858,-0.2888378616297771,9804,9819,9798,9820,2022,2022-11-09 09:55:00,2022-11-09 10:35:00,2022-11-09 13:20:00,23,0.0019737145202572,-0.0084104007556538,-0.2525481703378688,0.3478260869565217,0.5282494613900461,1.4681740069019271,0.2916666666666667,0.0,0.0144074585582751,-0.1950203375876066
2022,motion_concentration,1411,7465,626,5.333096195789299,1.4759195182895182,35,32,0.026043688210021,0.0299635909118025,-0.0055215719866498,-0.0099994464866071,1418,1446,1413,1447,2022,2022-02-21 11:10:00,2022-02-21 13:15:00,2022-02-22 10:05:00,35,0.0015137801977871,0.0123609811665141,0.2862218539791964,0.2,-0.292487107204708,5.333096195789299,0.6111111111111112,0.0218419777757553,0.026043688210021,-0.7531105492821278,7472,7497,7467,7498,2022,2022-08-24 13:10:00,2022-08-24 13:45:00,2022-08-25 10:20:00,32,0.0017948551750476,0.017882553153164,0.2962213004658035,0.21875,-0.1228468207949868,1.4759195182895182,0.7575757575757576,0.0,0.0299635909118025,-0.7918674539267786
2022,motion_concentration,1446,5678,626,2.0529130985954738,1.353979149628606,22,27,0.0126836517975625,0.013841146630102,-0.0164268623066672,-0.5236592896595271,1459,1468,1448,1469,2022,2022-02-22 10:05:00,2022-02-22 11:10:00,2022-02-22 13:25:00,22,0.0026397481106954,-0.0079590068168749,-0.2622615659072246,0.5909090909090909,-0.0792335629069677,2.0529130985954738,0.4347826086956521,0.0221198822820776,0.0126836517975625,0.4035130601828506,5696,5705,5680,5706,2022,2022-07-04 10:45:00,2022-07-04 13:45:00,2022-07-04 14:30:00,27,0.0025934565684297,0.0084678554897923,0.2613977237523024,0.6666666666666666,-0.0163560228634698,1.353979149628606,0.3928571428571428,0.0404234425096278,0.013841146630102,0.5972068776675935
2022,motion_concentration,1763,6987,626,2.5131543778869583,1.3567451416888312,17,16,0.0104355589499522,0.0093634288735282,-0.005785073194087,-0.2066832745820714,1771,1780,1765,1781,2022,2022-03-02 14:00:00,2022-03-02 14:40:00,2022-03-03 09:55:00,17,0.0022175448174156,-0.0104773538493787,-0.423434100262439,0.4705882352941176,-0.3008846755295934,2.5131543778869583,0.6111111111111112,0.0,0.0104355589499522,-0.66313806879432,6991,7003,6989,7004,2022,2022-08-10 13:20:00,2022-08-10 13:40:00,2022-08-10 14:40:00,16,0.0017969113298909,-0.0046922806552917,-0.2167508256803675,0.25,0.6245410851588581,1.3567451416888312,0.4117647058823529,0.049960717961838,0.0093634288735282,-0.6097700131741901
2022,motion_concentration,2116,4966,626,1.9825873607408668,1.4544469331602312,16,16,0.0102536360353386,0.0087525695772798,-0.0002055853872573,-0.1224573812422345,2117,2132,2118,2133,2022,2022-03-14 09:55:00,2022-03-14 10:00:00,2022-03-14 11:15:00,16,0.0035513826643317,0.0043500210823762,0.1852471167734408,0.0625,0.6569376099376214,1.9825873607408668,0.2941176470588235,0.0054180470747615,0.0102536360353386,-0.402935117592565,4972,4982,4968,4983,2022,2022-06-13 11:25:00,2022-06-13 13:25:00,2022-06-13 14:15:00,16,0.0023908160695229,0.0045556064696336,0.3077044980156754,0.375,0.2032030580490962,1.4544469331602312,0.4117647058823529,0.0,0.0087525695772798,-0.5184427974378369
2022,motion_concentration,2683,4186,626,2.900597562443078,1.3923840096072666,23,23,0.0231095027405254,0.0227438352681961,-0.0053096278468086,-0.1585432581618048,2701,2706,2685,2707,2022,2022-03-29 14:40:00,2022-03-30 10:40:00,2022-03-30 11:05:00,23,0.0023903094644778,0.0021612738208531,0.0523171495162431,0.782608695652174,0.2276189695069962,2.900597562443078,0.5416666666666666,0.0591009328346228,0.0231095027405254,0.7287635542631865,4205,4209,4188,4210,2022,2022-05-19 10:25:00,2022-05-19 13:30:00,2022-05-19 13:50:00,23,0.0018647490861181,0.0074709016676618,0.2108604076780479,0.8260869565217391,-0.2031297557850215,1.3923840096072666,0.2916666666666667,0.0378997663150852,0.0227438352681961,0.8220968003065975
2022,motion_concentration,2873,9364,626,2.208695620088505,1.3195994170313556,19,21,0.0168577026130414,0.017302623038538,0.000710407239968,-0.0315524440450707,2877,2892,2875,2893,2022,2022-04-06 14:30:00,2022-04-06 14:50:00,2022-04-07 10:35:00,19,0.0021990878559657,0.0137752948594406,0.3160679603860351,0.2105263157894736,0.4458074186551766,2.208695620088505,0.3,0.0427663053199828,0.0168577026130414,-0.8007819523222358,9365,9385,9366,9386,2022,2022-10-27 09:55:00,2022-10-27 10:00:00,2022-10-27 13:10:00,21,0.0025918302255937,0.0130648876194725,0.3476204044311058,0.0476190476190476,0.4929504391877021,1.3195994170313556,0.3181818181818182,0.0271034261349195,0.017302623038538,-0.7800948920228948
2022,motion_concentration,2989,5546,626,2.101411512171469,1.1727854443433374,5,5,0.0045502793104788,0.004505675970865,0.0003486403065372,0.0395736075707989,2991,2994,2991,2995,2022,2022-04-11 10:40:00,2022-04-11 10:50:00,2022-04-11 11:05:00,5,0.0022122045222222,0.0002214415856213,0.0252269094859653,0.4,0.2284414305596611,2.101411512171469,0.5,0.0,0.0045502793104788,0.0265488226684762,5548,5551,5548,5552,2022,2022-06-29 13:15:00,2022-06-29 13:25:00,2022-06-29 13:40:00,5,0.0027537986434022,-0.0001271987209159,-0.0143466980848336,0.4,0.4803522268942182,1.1727854443433374,0.1666666666666666,0.0,0.004505675970865,0.0463772329886898
2022,motion_concentration,3046,6625,626,2.364154500516819,1.3960939415414753,12,13,0.020514010209097,0.0216107467158499,0.0035428222884672,-0.0616785911846465,3056,3058,3048,3059,2022,2022-04-12 11:25:00,2022-04-12 13:45:00,2022-04-12 13:55:00,12,0.0028086811457593,-0.0162596062581738,-0.5261378871869696,0.8333333333333334,0.4166329434158354,2.364154500516819,0.2307692307692307,0.1722582714766918,0.020514010209097,0.642951675838002,6636,6638,6627,6639,2022,2022-08-01 09:40:00,2022-08-01 10:35:00,2022-08-01 10:45:00,13,0.0031149120719174,-0.019802428546641,-0.4644592960023231,0.8461538461538461,0.132101745123414,1.3960939415414753,0.5,0.0284981846362751,0.0216107467158499,0.6015077292331847
2022,motion_concentration,3159,4999,626,4.287829358538635,1.31201086976105,13,15,0.0229850077516777,0.0217420562100931,-0.0067194027584632,-0.1353625968625587,3160,3172,3161,3173,2022,2022-04-14 14:20:00,2022-04-14 14:25:00,2022-04-15 09:55:00,13,0.0027115477823869,0.0089983500199599,0.2797785513230879,0.0769230769230769,-0.2168963531680939,4.287829358538635,0.5,0.4265900699927987,0.0229850077516777,-0.5960825122941409,5000,5014,5001,5015,2022,2022-06-14 10:10:00,2022-06-14 10:15:00,2022-06-14 11:25:00,15,0.0030509715532672,0.0157177527784231,0.4151411481856466,0.0666666666666666,0.3656826115278621,1.31201086976105,0.3125,0.1078388492262452,0.0217420562100931,-0.7372694717475806
2022,motion_concentration,3588,2210,626,2.224673364530113,1.4005227145117631,16,17,0.025317526217913,0.0274407041934772,-0.0097184293867027,-0.1567355244186378,3596,3604,3590,3605,2022,2022-04-27 14:05:00,2022-04-27 14:45:00,2022-04-28 09:55:00,16,0.004612889450574,0.0044400039652915,0.0916273244970087,0.5,-0.0155168873793374,2.224673364530113,0.4705882352941176,0.0,0.025317526217913,-0.5367748798221608,2212,2227,2212,2228,2022,2022-03-16 09:45:00,2022-03-16 09:55:00,2022-03-16 11:10:00,17,0.0037089514697782,0.0141584333519942,0.2483628489156465,0.1176470588235294,0.2451545596514822,1.4005227145117631,0.4444444444444444,0.0,0.0274407041934772,-0.5159646506214636
2022,motion_concentration,4026,4800,626,1.9669779366170523,1.385265640233147,21,26,0.025897172488956,0.0299207670929915,-0.0206907265678941,-0.307404907567384,4034,4047,4028,4048,2022,2022-05-13 14:35:00,2022-05-16 09:45:00,2022-05-16 10:50:00,21,0.0030059421272664,0.012181897198718,0.1800279213553895,0.3809523809523809,0.415608797391278,1.9669779366170523,0.2272727272727272,0.0096143913347464,0.025897172488956,-0.3224767854500828,4806,4826,4802,4827,2022,2022-06-08 09:35:00,2022-06-08 10:05:00,2022-06-08 13:15:00,26,0.0023643695125243,0.0328726237666122,0.4874328289227735,0.2307692307692307,0.1467886813128169,1.385265640233147,0.5185185185185185,0.0267576548732924,0.0299207670929915,-0.3226789824693296
2022,motion_concentration,4142,2315,626,2.0087646703888,1.4458693911482507,13,13,0.0048390926781785,0.0057549784320549,-0.0096272676247201,-0.6064597006303323,4148,4155,4144,4156,2022,2022-05-18 10:45:00,2022-05-18 11:15:00,2022-05-18 13:20:00,13,0.0022013329916913,-0.0074364142229412,-0.4372437655954972,0.4615384615384615,0.6555607113425999,2.0087646703888,0.4285714285714285,0.1032711187420007,0.0048390926781785,-0.3161241393189783,2322,2328,2317,2329,2022,2022-03-18 10:30:00,2022-03-18 11:05:00,2022-03-18 13:05:00,13,0.0020814348090033,0.0021908534017788,0.169215935034835,0.5384615384615384,-0.189366849915578,1.4458693911482507,0.3571428571428571,0.0,0.0057549784320549,-0.3791387205068406
2022,motion_concentration,4786,8701,626,2.018041615000149,1.473340852895874,14,14,0.0073054249521549,0.0082801813071942,0.0030926393683504,0.1445213724659733,4795,4800,4788,4801,2022,2022-06-07 13:55:00,2022-06-07 14:40:00,2022-06-08 09:35:00,14,0.0024504211779272,-0.0113548619492828,-0.6926407311165503,0.6428571428571429,-0.2513062500283346,2.018041615000149,0.6,0.038337829284199,0.0073054249521549,-0.034639603058964,8705,8715,8703,8716,2022,2022-09-30 10:40:00,2022-09-30 11:00:00,2022-09-30 13:20:00,14,0.002198297200467,-0.0144475013176333,-0.8371621035825236,0.2857142857142857,0.3207908564428892,1.473340852895874,0.2,0.0469101870061809,0.0082801813071942,0.0970114410524774
2022,motion_concentration,4922,6771,626,2.852049247233063,1.440472297987676,24,23,0.0160136500620629,0.0158883153886391,-0.0235400737460393,-0.5436072325953647,4937,4946,4924,4947,2022,2022-06-10 13:15:00,2022-06-10 14:30:00,2022-06-13 09:45:00,24,0.0021422237377257,-0.0138836920696907,-0.3275862631528994,0.625,-0.3080012074394221,2.852049247233063,0.64,0.002913459586229,0.0160136500620629,-0.2175856276180881,6780,6794,6773,6795,2022,2022-08-04 09:50:00,2022-08-04 10:35:00,2022-08-04 13:15:00,23,0.0029803246560367,0.0096563816763485,0.2160209694424652,0.391304347826087,0.0839768490072866,1.440472297987676,0.625,0.0,0.0158883153886391,-0.2268313074549083
2022,motion_concentration,5048,3118,626,1.971130349732273,1.3474350249535734,6,7,0.0075487626432808,0.0089869928059194,0.0170801445683644,0.8473095700994877,5050,5054,5050,5055,2022,2022-06-15 10:15:00,2022-06-15 10:25:00,2022-06-15 10:45:00,6,0.0032217410963254,0.0019464131505275,0.1342138847337894,0.3333333333333333,1.8905253876436927,1.971130349732273,0.1428571428571428,0.0106948528119315,0.0075487626432808,-0.2528865815689706,3121,3125,3120,3126,2022,2022-04-13 14:55:00,2022-04-14 09:40:00,2022-04-14 10:00:00,7,0.0022709231846651,-0.0151337314178369,-0.7130956853656982,0.4285714285714285,0.459165347587878,1.3474350249535734,0.375,0.1013763771422972,0.0089869928059194,-0.2164510555699117
2022,motion_concentration,5085,8950,626,2.007842732960576,1.2860176492806832,14,15,0.0230960155678197,0.0228146777661715,-0.0331594261528647,-0.868382362300007,5093,5099,5087,5100,2022,2022-06-15 14:50:00,2022-06-16 10:00:00,2022-06-16 10:30:00,14,0.0032024965519507,-0.0168997625976341,-0.4224237943897275,0.5714285714285714,0.2696981883731164,2.007842732960576,0.4666666666666667,0.0870461615344751,0.0230960155678197,0.4723059426889302,8960,8965,8952,8966,2022,2022-10-14 11:25:00,2022-10-14 13:45:00,2022-10-14 14:10:00,15,0.0030000078115808,0.0162596635552306,0.4459585679102795,0.6666666666666666,0.15735082508161,1.2860176492806832,0.375,0.0563118685576886,0.0228146777661715,0.7131653421080462
2022,motion_concentration,5172,5530,626,2.278116174542375,1.399886300851349,18,16,0.0189575681612428,0.0176968671761956,0.0064793898841412,0.1764843851773363,5185,5190,5174,5191,2022,2022-06-17 14:05:00,2022-06-20 09:40:00,2022-06-20 10:05:00,18,0.0025201184107798,-6.440068266931349e-05,-0.0012366309884946,0.7222222222222222,-0.6793450113531583,2.278116174542375,0.2105263157894736,0.0005321650756929,0.0189575681612428,0.0024265865811856,5535,5546,5532,5547,2022,2022-06-29 10:25:00,2022-06-29 10:50:00,2022-06-29 13:15:00,16,0.0027125627330077,-0.0065437905668105,-0.1777210161658309,0.3125,0.5128729017849075,1.399886300851349,0.4117647058823529,0.007744050952179,0.0176968671761956,-0.2346655433019301
2022,motion_concentration,5212,9422,626,3.0761065701838985,1.3499878555324427,22,19,0.0139068510617823,0.0120709393283124,0.0112402606260875,0.3610644003007515,5216,5234,5214,5235,2022,2022-06-20 13:25:00,2022-06-20 13:45:00,2022-06-21 09:45:00,22,0.0033796212575742,0.0096231255935158,0.3153603754768304,0.1818181818181818,-0.2040382045686328,3.0761065701838985,0.6956521739130435,0.0213457986652693,0.0139068510617823,-0.691875019033314,9429,9441,9424,9442,2022,2022-10-28 10:45:00,2022-10-28 11:20:00,2022-10-28 13:50:00,19,0.0028102249875185,-0.0016171350325717,-0.045704024823921,0.3684210526315789,0.2454044171314559,1.3499878555324427,0.4,0.0315925728885949,0.0120709393283124,-0.5744354688561614
2022,motion_concentration,5270,984,626,2.1115830553234307,1.388920338842594,13,13,0.011469002848905,0.0106138725323408,-0.005572151565629,-0.2417434302107493,5280,5283,5272,5284,2022,2022-06-21 14:15:00,2022-06-22 09:35:00,2022-06-22 09:50:00,13,0.0026045124907326,-0.0120736733892779,-0.5185168558570762,0.7692307692307693,-0.0711080664757547,2.1115830553234307,0.5714285714285714,0.0331501073797303,0.011469002848905,0.5752514304214992,994,997,986,998,2022,2022-02-08 13:05:00,2022-02-08 13:55:00,2022-02-08 14:10:00,13,0.0019775208488041,-0.0065015218236488,-0.2767734256463269,0.7692307692307693,-0.3046630093629258,1.388920338842594,0.5,0.0,0.0106138725323408,0.553550566966409
2022,motion_concentration,5565,3651,626,2.011855388497347,1.4591902744578145,11,10,0.0131319255652737,0.0113419438658972,-0.0158058169785845,-0.4818182287250072,5571,5576,5567,5577,2022,2022-06-29 14:50:00,2022-06-30 09:50:00,2022-06-30 10:15:00,11,0.0031192348421291,-0.0128542729856406,-0.3694509751307182,0.5454545454545454,0.2914683065935114,2.011855388497347,0.4166666666666667,0.0325413478930365,0.0131319255652737,0.1653341416514382,3657,3661,3653,3662,2022,2022-04-29 09:50:00,2022-04-29 10:20:00,2022-04-29 10:40:00,10,0.0028998796706546,0.0029515439929438,0.112367253594289,0.6,0.4883746275332927,1.4591902744578145,0.3636363636363636,0.2268245992368761,0.0113419438658972,0.2359350900745664
2022,motion_concentration,5666,5406,626,1.989834264673426,1.4341017981288724,12,12,0.0074515924278086,0.0084659386848242,-0.0031355416429895,-0.2173603962280353,5673,5678,5668,5679,2022,2022-07-04 09:45:00,2022-07-04 10:20:00,2022-07-04 10:45:00,12,0.0026065384156318,-0.0100309717151642,-0.6973241295395555,0.5833333333333334,0.133519802804916,1.989834264673426,0.4615384615384615,0.0,0.0074515924278086,0.6625433848353657,5416,5418,5408,5419,2022,2022-06-24 13:35:00,2022-06-24 14:25:00,2022-06-24 14:35:00,12,0.002396677016072,-0.0068954300721746,-0.4799637333115201,0.8333333333333334,-0.0466662518033802,1.4341017981288724,0.6153846153846154,0.0,0.0084659386848242,0.7166834876970603
2022,motion_concentration,5800,4370,626,1.9976421087930056,1.1511315116115686,11,11,0.0108505771150495,0.0134638385658663,-0.0066448437854253,-0.2915480568900758,5806,5811,5802,5812,2022,2022-07-06 14:25:00,2022-07-06 14:55:00,2022-07-07 09:50:00,11,0.0021417016421218,-0.004282203122153,-0.1924619606463756,0.5454545454545454,-0.0496951000330781,1.9976421087930056,0.5833333333333334,0.0,0.0108505771150495,-0.2938077497275589,4373,4381,4372,4382,2022,2022-05-25 09:45:00,2022-05-25 10:00:00,2022-05-25 10:40:00,11,0.0024930176679679,0.0023626406632723,0.0990860962437001,0.2727272727272727,0.5610814887965525,1.1511315116115686,0.3333333333333333,0.0368789375571419,0.0134638385658663,-0.3347232429210864
2022,motion_concentration,5846,9838,626,2.693628177572684,1.4235640341932123,17,17,0.0120089321178475,0.0099973357085865,0.0053595916576128,0.1776517718192428,5856,5863,5848,5864,2022,2022-07-07 14:15:00,2022-07-08 09:35:00,2022-07-08 10:10:00,17,0.0018316942822018,0.001296450394645,0.0560328234860341,0.5882352941176471,-0.3386013151221402,2.693628177572684,0.5555555555555556,0.0043223543070036,0.0120089321178475,-0.6069927196286238,9842,9855,9840,9856,2022,2022-11-09 14:55:00,2022-11-10 09:45:00,2022-11-10 10:50:00,17,0.0016260008242515,-0.0040631412629677,-0.1216189483332086,0.2352941176470588,0.8825856867102468,1.4235640341932123,0.2777777777777778,0.0271751221763511,0.0099973357085865,-0.5142670283450459
2022,motion_concentration,5934,890,626,2.011703041036084,1.4389985343002627,22,18,0.0191536563242662,0.0169621802988633,-0.0144880436458395,-0.4711507359038169,5948,5956,5936,5957,2022,2022-07-11 13:35:00,2022-07-11 14:45:00,2022-07-12 09:55:00,22,0.0024032321962755,-0.0028121305899253,-0.0701960029285306,0.6363636363636364,-0.5815502574756167,2.011703041036084,0.391304347826087,0.0,0.0191536563242662,-0.393524940618227,894,908,892,909,2022,2022-01-28 13:15:00,2022-01-28 13:35:00,2022-01-28 14:45:00,18,0.0027219960307878,0.0116759130559142,0.4009547329752863,0.2222222222222222,0.289414908700587,1.4389985343002627,0.5263157894736842,0.0,0.0169621802988633,-0.5393643502418256
2022,motion_concentration,6018,832,626,2.0659350539424097,1.4605183649174256,13,14,0.0058647865707293,0.0067628319400956,-0.0060396218394601,-0.5081266006141465,6021,6031,6020,6032,2022,2022-07-13 11:05:00,2022-07-13 11:20:00,2022-07-13 13:40:00,13,0.0024660368824684,-0.0017602486550442,-0.1627675790103465,0.2307692307692307,-0.1626598117003168,2.0659350539424097,0.2857142857142857,0.0778696299462333,0.0058647865707293,-0.4649549004961166,833,846,834,847,2022,2022-01-27 10:55:00,2022-01-27 11:00:00,2022-01-27 13:35:00,14,0.001688636370675,0.0042793731844158,0.3453590216038,0.0714285714285714,-0.6379636543930438,1.4605183649174256,0.1333333333333333,0.2340834830595035,0.0067628319400956,-0.6195770480175395
2022,motion_concentration,6418,9416,626,2.224507410970622,1.4030238455854536,7,6,0.0039014356284736,0.0048373813593327,0.0004309841135818,-0.0548516744560908,6422,6425,6420,6426,2022,2022-07-25 13:55:00,2022-07-25 14:15:00,2022-07-25 14:30:00,7,0.0027411939238313,-0.0012308152906774,-0.1883308335983923,0.5714285714285714,0.0253149302433358,2.224507410970622,0.375,0.0,0.0039014356284736,0.3465036825619548,9417,9422,9418,9423,2022,2022-10-28 10:15:00,2022-10-28 10:20:00,2022-10-28 10:45:00,6,0.0027573001744601,-0.0016617994042592,-0.1334791591423015,0.1666666666666666,1.244332712134405,1.4030238455854536,0.1428571428571428,0.1638368599647656,0.0048373813593327,0.3044134234544807
2022,motion_concentration,6661,2196,626,3.7448959082739526,1.284218521238006,12,11,0.0176788026270724,0.0197231835316085,-0.0102307520065002,-0.4471827526249777,6664,6673,6663,6674,2022,2022-08-01 14:10:00,2022-08-01 14:25:00,2022-08-02 09:40:00,12,0.0032889602081746,-0.0166410591836843,-0.5983645310078176,0.25,-0.5523622414903949,3.7448959082739526,0.3846153846153846,0.0,0.0176788026270724,-0.949079767192214,2198,2207,2198,2208,2022,2022-03-15 14:05:00,2022-03-15 14:15:00,2022-03-15 15:00:00,11,0.0043898893064416,-0.0064103071771841,-0.1511817783828399,0.1818181818181818,0.3787620283688487,1.284218521238006,0.5,0.0,0.0197231835316085,-0.7081931624132229
2022,motion_concentration,7016,4237,626,1.9269347231376044,1.3928497698161173,23,23,0.0179365829649604,0.0153618174514846,0.0039877097770086,0.1561085751594301,7032,7039,7018,7040,2022,2022-08-11 10:15:00,2022-08-11 13:05:00,2022-08-11 13:40:00,23,0.0018357061431868,0.0051290523539594,0.1936594656466664,0.6956521739130435,-0.0313291856071644,1.9269347231376044,0.5,0.0220745846490482,0.0179365829649604,0.7346784637528954,4257,4260,4239,4261,2022,2022-05-20 10:40:00,2022-05-20 13:50:00,2022-05-20 14:05:00,23,0.0023448475258336,0.0011413425769508,0.0375508904872362,0.8695652173913043,-1.2848620541751603,1.3928497698161173,0.4166666666666667,0.1771455427206676,0.0153618174514846,0.7820129950937528
2022,motion_concentration,7048,1069,626,1.945944699567792,1.470569402218603,19,20,0.0126470546493084,0.0107503966675075,-0.0038906897605383,-0.2337439304577911,7051,7067,7050,7068,2022,2022-08-11 14:25:00,2022-08-11 14:40:00,2022-08-12 10:30:00,19,0.0017703573557534,0.0047004934329843,0.1625450928988405,0.1578947368421052,0.8813468894586661,1.945944699567792,0.3,0.0833894236561507,0.0126470546493084,-0.8091135253039615,1071,1089,1071,1090,2022,2022-02-10 10:40:00,2022-02-10 10:50:00,2022-02-10 13:50:00,20,0.0018928934076227,0.0085911831935227,0.3962890233566317,0.1,0.3231224127514287,1.470569402218603,0.4285714285714285,0.0360847062580849,0.0107503966675075,-0.7398502406234951
2022,motion_concentration,7091,5784,626,2.171450083109725,1.3722293033924429,13,16,0.0126922415460191,0.0125609467907086,-0.0009633659884834,0.0506177311788239,7092,7104,7093,7105,2022,2022-08-12 14:00:00,2022-08-12 14:05:00,2022-08-15 09:35:00,13,0.0016791571570644,0.0098986921367422,0.5478240444608586,0.0769230769230769,-0.1860316925044371,2.171450083109725,0.8571428571428571,0.0,0.0126922415460191,-0.7701966700432293,5786,5800,5786,5801,2022,2022-07-06 13:05:00,2022-07-06 13:15:00,2022-07-06 14:25:00,16,0.0021209582153202,0.0108620581252256,0.4972063132820347,0.125,0.4863300045297986,1.3722293033924429,0.3529411764705882,0.0032298979087218,0.0125609467907086,-0.8762249113388202
2022,motion_concentration,7131,1226,626,1.9942348751596128,1.2196224619293343,10,11,0.0043282177920582,0.0041090113519022,0.006564195045048,0.7092257122128444,7135,7141,7133,7142,2022,2022-08-15 13:20:00,2022-08-15 13:40:00,2022-08-15 14:10:00,10,0.0018770346531394,-0.0009004559712866,-0.1171280222232369,0.4,0.3341229661155155,1.9942348751596128,0.4545454545454545,0.0,0.0043282177920582,0.2039802734826175,1234,1237,1228,1238,2022,2022-02-15 13:15:00,2022-02-15 13:55:00,2022-02-15 14:10:00,11,0.0020872331269391,-0.0074646510163347,-0.8263537344360813,0.7272727272727273,-0.2751905081378397,1.2196224619293343,0.5,0.0,0.0041090113519022,0.1974799379297872
2022,motion_concentration,7141,3815,626,3.5034684229246347,1.29639911519795,11,9,0.0076551542245919,0.0077164954840212,0.0065001937933017,0.6257785306941122,7142,7152,7143,7153,2022,2022-08-15 14:10:00,2022-08-15 14:15:00,2022-08-16 09:35:00,11,0.0018441447595239,0.0060301337912849,0.5869408775511272,0.0909090909090909,-0.346219881739683,3.5034684229246347,0.5833333333333334,0.0,0.0076551542245919,-0.8186465237523908,3816,3824,3817,3825,2022,2022-05-09 11:30:00,2022-05-09 13:05:00,2022-05-09 13:45:00,9,0.0020035199431773,-0.0004700600020167,-0.0388376531429849,0.1111111111111111,1.4496805894835625,1.29639911519795,0.1,0.1644332368359149,0.0077164954840212,-0.630908709746967
2022,motion_concentration,7196,7567,626,2.091981693319717,1.3837167162102042,15,13,0.0083049552194278,0.008727438990868,-0.0001445604248763,-0.0685612481348257,7198,7211,7198,7212,2022,2022-08-16 14:45:00,2022-08-16 14:55:00,2022-08-17 10:30:00,15,0.0013929849519954,0.0061231984135548,0.3495336413948028,0.1333333333333333,0.4358775941486065,2.091981693319717,0.375,0.0131655944489213,0.0083049552194278,-0.7149806084688812,7568,7580,7569,7581,2022,2022-08-26 13:40:00,2022-08-26 13:45:00,2022-08-26 14:45:00,13,0.0017410633604025,0.0062677588384311,0.4180948895296286,0.0769230769230769,0.2813263101106343,1.3837167162102042,0.2857142857142857,0.0,0.008727438990868,-0.6996075530692241
2022,motion_concentration,7624,3986,626,2.0907357731282143,1.3906976284480197,16,14,0.011997625104243,0.0129880305786107,0.0001880344517837,-0.0524284030810017,7635,7640,7626,7641,2022,2022-08-29 14:25:00,2022-08-30 09:50:00,2022-08-30 10:15:00,16,0.001859004443151,-0.0144125016177117,-0.4759375766809758,0.6875,-1.2741569932554286,2.0907357731282143,0.2352941176470588,0.0476560925533479,0.011997625104243,-0.0190155316924738,3990,4000,3988,4001,2022,2022-05-13 09:45:00,2022-05-13 10:05:00,2022-05-13 10:55:00,14,0.0023541523105769,-0.0146005360694955,-0.4235091735999741,0.2857142857142857,0.6848979172667383,1.3906976284480197,0.2666666666666666,0.0066620092018237,0.0129880305786107,0.0268256977296604
2022,motion_concentration,7815,6031,626,2.134768855921528,1.4107376986257552,10,10,0.006426819920339,0.0054468122857329,-0.0109736137297163,-0.9193738624973008,7820,7825,7817,7826,2022,2022-09-02 14:20:00,2022-09-02 14:45:00,2022-09-05 09:40:00,10,0.0017609886173328,-0.0079635796001038,-0.5412141080946766,0.5,-0.2978540139805879,2.134768855921528,0.4545454545454545,0.073825763254723,0.006426819920339,-0.7657282916583024,6033,6041,6033,6042,2022,2022-07-13 13:40:00,2022-07-13 13:50:00,2022-07-13 14:30:00,10,0.0023634027487361,0.0030100341296124,0.3781597544026241,0.2,0.2194071623118808,1.4107376986257552,0.3636363636363636,0.1775543413614071,0.0054468122857329,-0.5770730122448128
2022,motion_concentration,7860,8383,626,2.374473763480776,1.335022450287667,19,16,0.0074245644406731,0.0066145823076979,-0.0047194312750039,-0.101580375304652,7870,7879,7862,7880,2022,2022-09-05 14:05:00,2022-09-05 14:55:00,2022-09-06 10:10:00,19,0.0017937652532428,-0.0084545851581879,-0.2567936946532959,0.5263157894736842,-0.1684770040873164,2.374473763480776,0.25,0.0072128251138965,0.0074245644406731,-0.244705829557165,8391,8399,8385,8400,2022,2022-09-21 13:40:00,2022-09-21 14:20:00,2022-09-21 15:00:00,16,0.0022842113014867,-0.0037351538831839,-0.1552133193486439,0.5,0.0171899997876136,1.335022450287667,0.4117647058823529,0.0,0.0066145823076979,-0.1650517130858858
2022,motion_concentration,7957,10640,626,2.465504377148034,1.449491244603066,18,22,0.0079525177629307,0.0080559481684368,-0.0117845783112125,-0.6626934860370103,7969,7975,7959,7976,2022,2022-09-07 14:10:00,2022-09-08 09:40:00,2022-09-08 10:10:00,18,0.0018033365041173,-0.0066772032645709,-0.4281943207363796,0.6666666666666666,-0.4862528329274759,2.465504377148034,0.2631578947368421,0.0,0.0079525177629307,-0.4566219596468534,10644,10662,10642,10663,2022,2022-12-02 13:45:00,2022-12-02 14:05:00,2022-12-05 10:05:00,22,0.0012989795462114,0.0051073750466415,0.2344991653006306,0.1818181818181818,-0.0820811952764666,1.449491244603066,0.5652173913043478,0.0351154507529941,0.0080559481684368,-0.6352183611684624
2022,motion_concentration,7975,1780,626,2.0857405949145926,1.3718042175172742,16,13,0.0080116683146469,0.0083455642584793,-0.0019122881625485,-0.10433748711708,7978,7991,7977,7992,2022,2022-09-08 10:10:00,2022-09-08 10:25:00,2022-09-08 11:30:00,16,0.0015065421846928,-0.0079395677250943,-0.4094483708548738,0.1875,0.593933780011896,2.0857405949145926,0.2941176470588235,0.0063333281693481,0.0080116683146469,-0.3314361630851957,1784,1793,1782,1794,2022,2022-03-03 09:55:00,2022-03-03 10:15:00,2022-03-03 11:00:00,13,0.001446317526558,-0.0060272795625457,-0.3051108837377937,0.3076923076923077,0.3613458658415558,1.3718042175172742,0.3571428571428571,0.0,0.0083455642584793,-0.232343309515165
2022,motion_concentration,8099,61,626,2.964231071919704,1.2725510247067549,17,17,0.010821877849831,0.0109370066398151,0.0006254659854377,-0.2641342140842805,8107,8116,8101,8117,2022,2022-09-13 14:00:00,2022-09-13 14:40:00,2022-09-14 09:55:00,17,0.0015713915402245,0.0087991124828069,0.2403602425738941,0.4705882352941176,-0.5260446415759006,2.964231071919704,0.4444444444444444,0.0378657563517097,0.010821877849831,-0.8157779217240222,63,78,63,79,2022,2022-01-05 10:40:00,2022-01-05 10:50:00,2022-01-05 13:35:00,17,0.0014580106612521,0.0081736464973692,0.5044944566581747,0.1176470588235294,0.3318676590429975,1.2725510247067549,0.5555555555555556,0.0538154749497366,0.0109370066398151,-0.7445705983435398
2022,motion_concentration,8269,5431,626,2.1798827313758906,1.3898443946354797,22,23,0.0142566318241268,0.0119675438489261,-0.0022128229666171,-0.120284562575424,8273,8291,8271,8292,2022,2022-09-19 10:40:00,2022-09-19 11:00:00,2022-09-19 14:00:00,22,0.002339454659775,-0.005373286353761,-0.2104635898660662,0.1818181818181818,0.414704709999065,2.1798827313758906,0.2608695652173913,0.0042390998296088,0.0142566318241268,-0.4881706586415099,5438,5454,5433,5455,2022,2022-06-27 10:10:00,2022-06-27 10:45:00,2022-06-27 13:35:00,23,0.0030124522807496,-0.0031604633871439,-0.0901790272906422,0.3043478260869565,0.1529571351812095,1.3898443946354797,0.6666666666666666,0.0,0.0119675438489261,-0.2847772981389621
2022,motion_concentration,8343,7336,626,2.4898941620832367,1.413767491216959,11,10,0.0141167751127211,0.0125386140133239,-0.016527817865208,-0.7306931057303712,8348,8354,8345,8355,2022,2022-09-20 14:20:00,2022-09-20 14:45:00,2022-09-21 09:45:00,11,0.0023781767715359,-0.0088867033404882,-0.4207833378098258,0.4545454545454545,-0.5552461535382436,2.4898941620832367,0.5,0.012215754037036,0.0141167751127211,-0.7190234070525433,7338,7346,7338,7347,2022,2022-08-19 14:25:00,2022-08-19 14:35:00,2022-08-22 09:45:00,10,0.0019597405095537,0.0076411145247198,0.3099097679205452,0.2,0.2653183869995645,1.413767491216959,0.4545454545454545,0.0,0.0125386140133239,-0.6173091118354873
2022,motion_concentration,8483,5551,626,2.604052680603775,1.410121577465344,13,14,0.0155910613502205,0.0125493201074124,-0.0091957638497268,-0.4062491865777298,8488,8496,8485,8497,2022,2022-09-23 14:00:00,2022-09-23 14:25:00,2022-09-26 09:35:00,13,0.0022851347243334,0.0001508663190964,0.0067611082920204,0.3846153846153846,-0.0309699825864899,2.604052680603775,0.6428571428571429,0.0015384687754182,0.0155910613502205,-0.7176801389955894,5554,5565,5553,5566,2022,2022-06-29 13:40:00,2022-06-29 13:55:00,2022-06-29 14:50:00,14,0.0027197361131969,0.0093466301688233,0.4130102948697502,0.2142857142857142,-0.1643746480266577,1.410121577465344,0.4,0.0,0.0125493201074124,-0.7564223970308104
2022,motion_concentration,8794,6794,626,1.929701454082742,1.239293220830981,8,8,0.0102949071884097,0.0085394367487428,-0.0021737528783197,-0.0755279243795573,8800,8802,8796,8803,2022,2022-10-11 10:25:00,2022-10-11 10:55:00,2022-10-11 11:05:00,8,0.0023754358611334,-0.0136066231181829,-0.7872441999029064,0.75,0.3459451233540556,1.929701454082742,0.2222222222222222,0.0,0.0102949071884097,0.5908213369605032,6800,6802,6796,6803,2022,2022-08-04 13:15:00,2022-08-04 13:45:00,2022-08-04 13:55:00,8,0.0027381837414774,-0.0114328702398632,-0.711716275523349,0.75,-0.2206337547356,1.239293220830981,0.4444444444444444,0.0,0.0085394367487428,0.4803870410040487
2022,motion_concentration,8898,8619,626,2.324235477757763,1.344023942891424,7,7,0.0052441311131801,0.005301515898421,0.0036930988095445,0.2999515980855263,8903,8905,8900,8906,2022,2022-10-13 11:05:00,2022-10-13 11:30:00,2022-10-13 13:10:00,7,0.0025865948367549,-0.0024540060425105,-0.2291122814581126,0.7142857142857143,-0.9065825236113716,2.324235477757763,0.25,0.1010841283201214,0.0052441311131801,0.2800483126082707,8625,8626,8621,8627,2022,2022-09-28 13:20:00,2022-09-28 13:50:00,2022-09-28 13:55:00,7,0.001802101458277,-0.0061471048520551,-0.529063879543639,0.8571428571428571,-0.3113225735381993,1.344023942891424,0.375,0.0,0.005301515898421,0.3404771879468748
2022,motion_concentration,9062,10531,626,2.4092349372759547,1.445015892358322,18,22,0.0075838658691678,0.0088054163289905,-0.0010690842506898,-0.1518132406517522,9068,9080,9064,9081,2022,2022-10-18 14:15:00,2022-10-18 14:45:00,2022-10-19 10:15:00,18,0.0016186132221642,0.005696651254602,0.3127664766237281,0.3333333333333333,-0.2534733771858267,2.4092349372759547,0.4210526315789473,0.0368529575113819,0.0075838658691678,-0.7111506971484113,10536,10553,10533,10554,2022,2022-11-30 11:10:00,2022-11-30 13:05:00,2022-11-30 14:30:00,22,0.0013024599116238,0.0067657355052919,0.4645797172754804,0.2272727272727272,0.0750614171397012,1.445015892358322,0.4347826086956521,0.0206275187430952,0.0088054163289905,-0.7877526919703123
2022,motion_concentration,9407,6725,626,2.2467844641511485,1.3302428124068206,9,11,0.0107584960588429,0.0088988452946789,-0.0116862934631958,-0.3075360686224707,9411,9416,9409,9417,2022,2022-10-27 15:00:00,2022-10-28 09:50:00,2022-10-28 10:15:00,9,0.0027812854056667,-0.0251381336248476,-0.8906164778444302,0.4444444444444444,0.6394654610880973,2.2467844641511485,0.3,0.0837905034264751,0.0107584960588429,-0.0555139591289882,6729,6736,6727,6737,2022,2022-08-03 10:00:00,2022-08-03 10:20:00,2022-08-03 10:55:00,11,0.0028781147128459,-0.0134518401616518,-0.5830804092219595,0.3636363636363636,0.4312361444494534,1.3302428124068206,0.5833333333333334,0.0,0.0088988452946789,0.1441380546459932
2022,motion_concentration,9629,5283,626,2.65639852600896,1.3584175109318704,7,6,0.0064464672436619,0.0074957257670345,0.0082216704673397,0.4896880570625903,9633,9636,9631,9637,2022,2022-11-03 13:30:00,2022-11-03 13:50:00,2022-11-03 14:05:00,7,0.0028728931896475,-0.0009650610129224,-0.0776681864072693,0.5714285714285714,2.5884212201967363,2.6563985260089598,0.125,0.2234921338776717,0.0064464672436619,0.293351667943982,5288,5289,5285,5290,2022,2022-06-22 09:50:00,2022-06-22 10:15:00,2022-06-22 10:20:00,6,0.0025567515009116,-0.0091867314802622,-0.5673562434698597,0.8333333333333334,0.1928624268085254,1.3584175109318704,0.4285714285714285,0.2326573294520197,0.0074957257670345,0.2071287207906411
2022,motion_concentration,9677,2534,626,2.668583274500299,1.2274123139742257,10,8,0.0049882390559252,0.0049977227171993,-0.0002698025233032,-0.0037786648855587,9681,9687,9679,9688,2022,2022-11-04 13:30:00,2022-11-04 13:50:00,2022-11-04 14:20:00,10,0.0023768759885015,-0.0015469925269628,-0.1207633265777494,0.4,0.8050082256960722,2.668583274500299,0.2727272727272727,0.3610761998302167,0.0049882390559252,-0.2839593721755598,2537,2542,2536,2543,2022,2022-03-24 14:15:00,2022-03-24 14:30:00,2022-03-24 14:55:00,8,0.0026518161935312,-0.0012771900036595,-0.1169846616921907,0.375,0.7620353591978412,1.2274123139742257,0.2222222222222222,0.1621322742118543,0.0049977227171993,-0.2484805410640288
2022,motion_concentration,10201,2604,626,2.8566573684530514,1.441619806041596,25,21,0.0104175722103283,0.0100074405253973,-0.0013408163854507,-0.0934256541952114,10214,10226,10203,10227,2022,2022-11-21 13:10:00,2022-11-21 14:15:00,2022-11-22 09:45:00,25,0.0016892340692908,-0.005413691047297,-0.2531382880431584,0.52,-0.2010272183153711,2.8566573684530514,0.6538461538461539,0.0,0.0104175722103283,-0.1464446835956274,2610,2625,2606,2626,2022,2022-03-28 10:35:00,2022-03-28 11:05:00,2022-03-28 13:50:00,21,0.0017500339654599,-0.0040728746618463,-0.1597126338479469,0.2857142857142857,1.0088948187740006,1.441619806041596,0.2727272727272727,0.0181217656446622,0.0100074405253973,-0.3957166438431257
2022,motion_concentration,10347,1117,626,2.671140521090183,1.3736893748567038,30,35,0.0137424918025352,0.0120758369672078,-0.001648360955617,-0.0342151822683507,10355,10377,10349,10378,2022,2022-11-24 13:20:00,2022-11-24 14:00:00,2022-11-25 10:20:00,30,0.0019250172753789,0.0027626576320977,0.075993348382184,0.2666666666666666,0.2814673157912273,2.671140521090183,0.4838709677419355,0.0282208551527745,0.0137424918025352,-0.6909007435606904,1122,1152,1119,1153,2022,2022-02-11 10:40:00,2022-02-11 11:05:00,2022-02-14 09:35:00,35,0.0015697211643022,0.0044110185877147,0.1102085306505347,0.1428571428571428,0.3037760195885013,1.3736893748567038,0.4166666666666667,0.003156832269162,0.0120758369672078,-0.77397702058289
2022,motion_concentration,10419,7346,626,1.989264209529913,1.2017037400431223,6,6,0.0079628687777368,0.0067308642331811,0.0051435437144116,0.4240617964578449,10421,10425,10421,10426,2022,2022-11-28 09:50:00,2022-11-28 10:00:00,2022-11-28 10:20:00,6,0.0019364949119,-0.0016578387202484,-0.1173840365122457,0.3333333333333333,0.7242763460905856,1.9892642095299131,0.2857142857142857,0.0,0.0079628687777368,0.2577231909004543,7350,7352,7348,7353,2022,2022-08-22 09:45:00,2022-08-22 10:05:00,2022-08-22 10:15:00,6,0.0018777128231092,-0.00680138243466,-0.5414458329700906,0.6666666666666666,-0.3116359767875977,1.2017037400431223,0.5714285714285714,0.0,0.0067308642331811,0.1819521848891964
2022,motion_concentration,10815,8089,626,2.175484116976844,1.2826050154300064,11,10,0.0032772292171356,0.003192147511732,0.0033385593671819,0.5120391140168007,10817,10826,10817,10827,2022,2022-12-08 10:50:00,2022-12-08 11:00:00,2022-12-08 13:15:00,11,0.0012002913650727,0.001553628033235,0.1969984850763176,0.1818181818181818,0.0177624097861842,2.1754841169768437,0.3333333333333333,0.1773210576347738,0.0032772292171356,-0.4679833847149321,8092,8099,8091,8100,2022,2022-09-13 13:10:00,2022-09-13 13:25:00,2022-09-13 14:00:00,10,0.0015985249052289,-0.0017849313339469,-0.315040628940483,0.3,-0.1144636433779883,1.2826050154300064,0.2727272727272727,0.3178576593949366,0.003192147511732,-0.6291606951028608
2022,motion_concentration,10836,1366,626,1.939600138951632,1.4671011850975355,16,14,0.00448195188451,0.0042051331207071,-0.0017652549433707,-0.1919329905979612,10842,10852,10838,10853,2022,2022-12-08 14:05:00,2022-12-08 14:35:00,2022-12-09 09:55:00,16,0.0013051374110869,-0.00016448089425,-0.0132069758087944,0.375,0.0843202887807185,1.939600138951632,0.4117647058823529,0.0102965555985304,0.00448195188451,-0.3919502740024578,1369,1380,1368,1381,2022,2022-02-18 11:25:00,2022-02-18 13:10:00,2022-02-18 14:05:00,14,0.0015997326772826,0.0016007740491206,0.1787260147891667,0.2142857142857142,0.4909080721146862,1.4671011850975355,0.2666666666666666,0.0022716123276082,0.0042051331207071,-0.3866371557298588
2022,motion_concentration,10852,9872,626,1.9777610163810584,1.3686086861451914,11,11,0.0084681800083492,0.0086896923844772,-0.0066804570489784,-0.5186906837900971,10858,10863,10854,10864,2022,2022-12-09 09:55:00,2022-12-09 10:25:00,2022-12-09 10:50:00,11,0.0012929816500678,-0.0139824276600763,-0.8867605594752496,0.5454545454545454,0.7072402584085132,1.9777610163810584,0.25,0.0796172509900389,0.0084681800083492,0.2950585605153824,9878,9883,9874,9884,2022,2022-11-10 13:45:00,2022-11-10 14:15:00,2022-11-10 14:40:00,11,0.0015869179503484,-0.0073019706110979,-0.3680698756851525,0.5454545454545454,0.5296694362797245,1.3686086861451914,0.25,0.0877643748993106,0.0086896923844772,0.3404553252670333
2022,motion_concentration,10897,11331,626,2.0921264131032844,1.0598350022718837,7,6,0.0058505139800795,0.0057480736960231,-0.0020692773101289,-0.2163746150029855,10899,10904,10899,10905,2022,2022-12-12 09:40:00,2022-12-12 09:50:00,2022-12-12 10:15:00,7,0.0015440386092165,-0.0001098826880879,-0.0104575074462819,0.2857142857142857,1.1905566036265314,2.0921264131032844,0.125,0.0,0.0058505139800795,-0.2586803552229747,11333,11337,11333,11338,2022,2022-12-23 09:50:00,2022-12-23 10:00:00,2022-12-23 10:20:00,6,0.0014022735418592,0.0019593946220409,0.2059171075567035,0.3333333333333333,0.0669423630552249,1.0598350022718837,0.4285714285714285,0.0,0.0057480736960231,-0.2241838142208902
2022,motion_concentration,10988,8354,626,2.895709567365005,1.424745131356508,10,11,0.0097370381530703,0.0096916065257568,0.0013317047952707,0.0896255553330748,10993,10998,10990,10999,2022,2022-12-13 14:45:00,2022-12-14 09:40:00,2022-12-14 10:05:00,10,0.0016197000884342,-0.013860235150315,-0.522038377216939,0.5,0.7683089869699945,2.895709567365005,0.2727272727272727,0.1388522212336612,0.0097370381530703,0.1636713375021637,8359,8365,8356,8366,2022,2022-09-21 09:45:00,2022-09-21 10:10:00,2022-09-21 10:40:00,11,0.0022562678226545,-0.0151919399455858,-0.6116639325500138,0.4545454545454545,0.1858213845863463,1.424745131356508,0.5,0.0435143452132313,0.0096916065257568,0.2821647468842264
2022,motion_concentration,11205,9826,626,1.9705518680732244,1.3690351619769396,12,12,0.0037770338566556,0.0040691326762809,-0.0002328849666465,-0.0146242622192637,11211,11217,11207,11218,2022,2022-12-20 11:20:00,2022-12-20 13:20:00,2022-12-20 13:50:00,12,0.0013267024714595,0.001250280418114,0.1245305188971425,0.5,0.0542979030414979,1.9705518680732244,0.3076923076923077,0.0093056730476545,0.0037770338566556,-0.2586953880507481,9829,9838,9828,9839,2022,2022-11-09 13:55:00,2022-11-09 14:10:00,2022-11-09 14:55:00,12,0.0019252375049809,0.0014831653847606,0.1391547811164062,0.25,0.0984032871508256,1.3690351619769396,0.4615384615384615,0.0148888651785326,0.0040691326762809,-0.404745436739698
2022,motion_concentration,11368,4565,626,2.592654061072954,1.3604399119326385,32,27,0.0338899011789326,0.0342819485610146,0.0110860098368265,0.3151413594983189,11395,11400,11370,11401,2022,2022-12-23 14:25:00,2022-12-26 11:10:00,2022-12-26 13:05:00,32,0.0020163531640231,0.021555838114431,0.4773020961458863,0.84375,0.0591240867342968,2.592654061072954,0.6363636363636364,0.0367019797750457,0.0338899011789326,0.8715633548660688,4591,4592,4567,4593,2022,2022-05-31 10:00:00,2022-05-31 13:40:00,2022-05-31 13:45:00,27,0.0018912551768797,0.0104698282776045,0.1621607366475675,0.9629629629629628,-1.2817961930845574,1.3604399119326385,0.25,0.1192426669862962,0.0342819485610146,0.853689187362002
2022,half_height_width,61,9855,626,0.5555555555555556,0.2222222222222222,17,17,0.0109370066398151,0.0128344527286348,-0.0009755481562182,0.0207835940677363,63,78,63,79,2022,2022-01-05 10:40:00,2022-01-05 10:50:00,2022-01-05 13:35:00,17,0.0014580106612521,0.0081736464973692,0.5044944566581747,0.1176470588235294,0.3318676590429975,1.2725510247067549,0.5555555555555556,0.0538154749497366,0.0109370066398151,-0.7445705983435398,9857,9872,9857,9873,2022,2022-11-10 10:50:00,2022-11-10 11:00:00,2022-11-10 13:45:00,17,0.0014302652304772,0.0091491946535875,0.4837108625904384,0.1176470588235294,1.4871229671960091,1.4686989482443604,0.2222222222222222,0.0372708247916066,0.0128344527286348,-0.7151615655003195
2022,half_height_width,78,6194,626,0.5,0.1538461538461538,27,25,0.0166865046082973,0.018635160529846,0.002247141823422,0.0888535059534863,90,105,80,106,2022,2022-01-05 13:35:00,2022-01-05 14:35:00,2022-01-06 10:20:00,27,0.0014433362392197,0.0040967349469378,0.1324807991719871,0.4444444444444444,-0.1194408567949077,2.2398427995218686,0.5,0.0,0.0166865046082973,-0.7525743017412642,6200,6219,6196,6220,2022,2022-07-19 09:45:00,2022-07-19 10:15:00,2022-07-19 13:20:00,25,0.0015251524480287,0.0018495931235157,0.0436272932185007,0.24,0.7599197175821855,1.370313498381605,0.1538461538461538,0.0580952557595468,0.018635160529846,-0.7133251188968331
2022,half_height_width,105,7244,626,0.5,0.1724137931034483,23,28,0.0126702365597699,0.0124742472805516,-0.0082003637898966,-0.197585257789266,126,128,107,129,2022,2022-01-06 10:20:00,2022-01-06 13:35:00,2022-01-06 13:45:00,23,0.001715507373392,0.0012543704286978,0.0469308239615244,0.9130434782608696,-0.398666437758557,1.7212754502046752,0.5,0.0442644674127391,0.0126702365597699,0.8163905605805803,7269,7272,7246,7273,2022,2022-08-17 14:45:00,2022-08-18 11:20:00,2022-08-18 13:05:00,28,0.0016064459481602,0.0094547342185944,0.2445160817507904,0.8928571428571429,-0.4493209731798772,1.4763249455415266,0.1724137931034483,0.0829517807402382,0.0124742472805516,0.7502339659976306
2022,half_height_width,167,10063,626,0.8214285714285714,0.2413793103448276,27,28,0.0213017648108007,0.0236357839384222,-0.0102907072671442,-0.1760019280757425,173,194,169,195,2022,2022-01-07 11:30:00,2022-01-07 13:30:00,2022-01-10 09:45:00,27,0.0015953477157357,0.0088361844848925,0.2524652936810024,0.2222222222222222,-0.0063770709476501,2.2601714354936706,0.8214285714285714,0.0037477225328405,0.0213017648108007,-0.7248890237155422,10068,10091,10065,10092,2022,2022-11-16 13:40:00,2022-11-16 14:05:00,2022-11-17 10:30:00,28,0.0017465451754627,0.0191268917520368,0.4284672217567449,0.1785714285714285,0.0842939323687063,2.384590287566844,0.2413793103448276,0.040237490033564,0.0236357839384222,-0.8316996776827651
2022,half_height_width,194,3046,626,0.5,0.2307692307692307,11,12,0.0227558258346158,0.020514010209097,0.001910321725955,0.0745047637089889,203,205,196,206,2022,2022-01-10 09:45:00,2022-01-10 10:30:00,2022-01-10 10:40:00,11,0.0021475421202801,-0.0143492845322187,-0.4516331234779807,0.8181818181818182,-0.040764074756871,1.4169712095226334,0.5,0.0,0.0227558258346158,0.8187126523456203,3056,3058,3048,3059,2022,2022-04-12 11:25:00,2022-04-12 13:45:00,2022-04-12 13:55:00,12,0.0028086811457593,-0.0162596062581738,-0.5261378871869696,0.8333333333333334,0.4166329434158354,2.364154500516819,0.2307692307692307,0.1722582714766918,0.020514010209097,0.642951675838002
2022,half_height_width,309,3322,626,0.53125,0.2647058823529412,31,33,0.0139676262825449,0.014645668656664,-0.0135260592212672,-0.3699279713355614,328,340,311,341,2022,2022-01-12 11:20:00,2022-01-12 14:25:00,2022-01-13 09:55:00,31,0.0017160920980955,-0.0114281980776285,-0.3140376041158987,0.6129032258064516,-0.292770633167258,3.5764968767193928,0.53125,0.0150654104769176,0.0139676262825449,-0.2794736495938834,3330,3355,3324,3356,2022,2022-04-20 10:25:00,2022-04-20 11:05:00,2022-04-20 14:40:00,33,0.0015989802138795,0.0020978611436387,0.0558903672196626,0.2424242424242424,0.5469810628530392,1.6384702099732895,0.2647058823529412,0.0256051110458281,0.014645668656664,-0.4806696396881776
2022,half_height_width,405,10882,626,0.5,0.25,17,15,0.0055709176790852,0.0052448897596768,-0.0002540107362963,-0.0866476639377007,417,422,407,423,2022,2022-01-14 11:20:00,2022-01-14 13:50:00,2022-01-14 14:15:00,17,0.0015593449589445,-0.0039703569378598,-0.4281789987436326,0.7058823529411765,-0.1266809805843371,1.641835733842724,0.5,0.0706190815547497,0.0055709176790852,0.3710097789583533,10895,10897,10884,10898,2022,2022-12-09 13:55:00,2022-12-09 15:00:00,2022-12-12 09:40:00,15,0.001383370383352,-0.0037163462015635,-0.3415313348059318,0.8666666666666667,-0.3319044642440431,1.5864463280865744,0.25,0.0495591060896144,0.0052448897596768,0.3344525194584713
2022,half_height_width,532,9754,626,0.5,0.1875,15,15,0.0097613108211955,0.0082784936843447,0.000309439077969,-0.0525387277365722,536,547,534,548,2022,2022-01-19 09:55:00,2022-01-19 10:15:00,2022-01-19 11:10:00,15,0.0014769490442944,-0.0047384713692801,-0.2610715904709261,0.2666666666666666,0.3915731622623877,1.7849123793827233,0.5,0.0,0.0097613108211955,-0.4056447612402326,9757,9769,9756,9770,2022,2022-11-08 10:25:00,2022-11-08 10:40:00,2022-11-08 13:10:00,15,0.0019501828257077,-0.0050479104472491,-0.2085328627343538,0.2,0.6689577221778298,1.5025761582734731,0.1875,0.2619260527368817,0.0082784936843447,-0.5656822642546218
2022,half_height_width,567,9769,626,0.5454545454545454,0.2,10,9,0.0052269210268978,0.0058956566008419,0.0022907074825668,0.317162668025032,573,577,569,578,2022,2022-01-19 14:20:00,2022-01-19 14:50:00,2022-01-20 09:40:00,10,0.0015667709611866,-0.0073737865411758,-0.6484140662556671,0.6,-0.1075871515672114,1.288837543267351,0.5454545454545454,0.0,0.0052269210268978,0.401496205404686,9774,9778,9771,9779,2022,2022-11-08 13:10:00,2022-11-08 13:35:00,2022-11-08 13:55:00,9,0.0019167747276064,-0.0096644940237426,-0.9655767342806992,0.5555555555555556,-0.1789256344916296,1.841794896209318,0.2,0.0,0.0058956566008419,0.3415718521884802
2022,half_height_width,681,6466,626,0.5625,0.1935483870967742,31,30,0.0120987624178168,0.0136240386404766,-0.0040776852751915,-0.1125237764492431,702,712,683,713,2022,2022-01-24 10:20:00,2022-01-24 13:35:00,2022-01-24 14:25:00,31,0.0017871929762022,-0.0016392428144392,-0.0561680699304423,0.6774193548387096,-0.2082905743906262,1.7836947926063402,0.5625,0.0,0.0120987624178168,0.6804539123940683,6490,6496,6468,6497,2022,2022-07-26 13:55:00,2022-07-27 10:25:00,2022-07-27 10:55:00,30,0.0017111814614416,0.0024384424607522,0.0563557065188007,0.8,-1.1514372398314454,1.7901289380051617,0.1935483870967742,0.0112021918399215,0.0136240386404766,0.5907164437481603
2022,half_height_width,748,7546,626,0.5263157894736842,0.1818181818181818,18,21,0.0099659926829396,0.011621495574877,-0.0023497631747277,-0.1712334862286005,755,766,750,767,2022,2022-01-25 13:25:00,2022-01-25 14:00:00,2022-01-25 14:55:00,18,0.0014385857937246,0.0076993363607132,0.41009731867666,0.3888888888888889,-0.0386884897287585,1.347038686813827,0.5263157894736842,0.0,0.0099659926829396,-0.7694539411466016,7548,7567,7548,7568,2022,2022-08-26 10:25:00,2022-08-26 10:35:00,2022-08-26 13:40:00,21,0.0017126390668671,0.010049099535441,0.5813308049052606,0.0952380952380952,1.0120346855298512,1.5410853273784535,0.1818181818181818,0.1634003704181822,0.011621495574877,-0.8858609891274429
2022,half_height_width,781,832,626,0.6875,0.1333333333333333,15,14,0.0084170335411126,0.0067628319400956,0.000912118758508,0.061406566432704,785,796,783,797,2022,2022-01-26 10:40:00,2022-01-26 11:00:00,2022-01-26 13:25:00,15,0.0022626156828701,0.0051914919429238,0.406765588036504,0.2666666666666666,0.1634558082861193,1.7645497855980117,0.6875,0.0,0.0084170335411126,-0.6204852771964238,833,846,834,847,2022,2022-01-27 10:55:00,2022-01-27 11:00:00,2022-01-27 13:35:00,14,0.001688636370675,0.0042793731844158,0.3453590216038,0.0714285714285714,-0.6379636543930438,1.4605183649174256,0.1333333333333333,0.2340834830595035,0.0067628319400956,-0.6195770480175395
2022,half_height_width,796,8435,626,0.5135135135135135,0.2285714285714285,36,34,0.0216787947262666,0.0239200698357242,0.0010118042045113,0.0224792546327529,812,832,798,833,2022,2022-01-26 13:25:00,2022-01-26 14:45:00,2022-01-27 10:55:00,36,0.0022992282722258,0.00590973182718,0.1175120542986441,0.4444444444444444,-0.0382516997206977,1.7902784003966248,0.5135135135135135,0.0163601197832992,0.0216787947262666,-0.3355740511839808,8447,8469,8437,8470,2022,2022-09-22 14:00:00,2022-09-22 15:00:00,2022-09-23 11:20:00,34,0.0019612636356615,0.0048979276226687,0.0950327996658912,0.3529411764705882,0.4249314438955744,2.141517726074843,0.2285714285714285,0.0130888133967398,0.0239200698357242,-0.5777362410054547
2022,half_height_width,890,5956,626,0.5263157894736842,0.2,18,19,0.0169621802988633,0.0176809330790037,0.016082221194182,0.5180261374145949,894,908,892,909,2022,2022-01-28 13:15:00,2022-01-28 13:35:00,2022-01-28 14:45:00,18,0.0027219960307878,0.0116759130559142,0.4009547329752863,0.2222222222222222,0.289414908700587,1.4389985343002627,0.5263157894736842,0.0,0.0169621802988633,-0.5393643502418256,5958,5975,5958,5976,2022,2022-07-12 09:55:00,2022-07-12 10:05:00,2022-07-12 11:30:00,19,0.0023655724827925,-0.0044063081382678,-0.1170714044393086,0.1052631578947368,0.3521348316705688,1.9001003904394604,0.2,0.0,0.0176809330790037,-0.4670937199587175
2022,half_height_width,984,3935,626,0.5,0.2666666666666666,13,14,0.0106138725323408,0.0128945803512623,0.0002220999897496,-0.0759039635227932,994,997,986,998,2022,2022-02-08 13:05:00,2022-02-08 13:55:00,2022-02-08 14:10:00,13,0.0019775208488041,-0.0065015218236488,-0.2767734256463269,0.7692307692307693,-0.3046630093629258,1.388920338842594,0.5,0.0,0.0106138725323408,0.553550566966409,3946,3949,3937,3950,2022,2022-05-11 15:00:00,2022-05-12 10:25:00,2022-05-12 10:40:00,14,0.0023349907167641,-0.0067236218133984,-0.2008694621235336,0.7857142857142857,-0.953814233147706,1.740612305158144,0.2666666666666666,0.0519039593914063,0.0128945803512623,0.560389639082171
2022,half_height_width,1095,2604,626,0.5217391304347826,0.2727272727272727,22,21,0.0092303666184196,0.0100074405253973,0.0033435926925372,0.1348107182434978,1099,1117,1097,1118,2022,2022-02-10 14:20:00,2022-02-10 14:40:00,2022-02-11 10:40:00,22,0.0019447857494735,-0.0007292819693091,-0.0249019156044491,0.1818181818181818,0.2823890695218882,1.810838677687506,0.5217391304347826,0.0584642413551845,0.0092303666184196,-0.5677276705491769,2610,2625,2606,2626,2022,2022-03-28 10:35:00,2022-03-28 11:05:00,2022-03-28 13:50:00,21,0.0017500339654599,-0.0040728746618463,-0.1597126338479469,0.2857142857142857,1.0088948187740006,1.441619806041596,0.2727272727272727,0.0181217656446622,0.0100074405253973,-0.3957166438431257
2022,half_height_width,1194,4565,626,0.6363636363636364,0.25,32,27,0.033518531101933,0.0342819485610146,-0.0038838922798327,-0.0461972216975434,1222,1226,1196,1227,2022,2022-02-14 14:35:00,2022-02-15 11:25:00,2022-02-15 13:15:00,32,0.0020691144661939,0.0065859359977717,0.115963514950024,0.875,0.000399694530504,2.0306991133036862,0.6363636363636364,0.0120213048758301,0.033518531101933,0.8273123668996096,4591,4592,4567,4593,2022,2022-05-31 10:00:00,2022-05-31 13:40:00,2022-05-31 13:45:00,27,0.0018912551768797,0.0104698282776045,0.1621607366475675,0.9629629629629628,-1.2817961930845574,1.3604399119326385,0.25,0.1192426669862962,0.0342819485610146,0.853689187362002
2022,half_height_width,1226,7039,626,0.5,0.2,11,9,0.0041090113519022,0.0041592885839945,-0.0023945055673523,-0.2002003387173134,1234,1237,1228,1238,2022,2022-02-15 13:15:00,2022-02-15 13:55:00,2022-02-15 14:10:00,11,0.0020872331269391,-0.0074646510163347,-0.8263537344360813,0.7272727272727273,-0.2751905081378397,1.2196224619293343,0.5,0.0,0.0041090113519022,0.1974799379297872,7046,7048,7041,7049,2022,2022-08-11 13:40:00,2022-08-11 14:15:00,2022-08-11 14:25:00,9,0.001763807597894,-0.0050701454489823,-0.6261533957187678,0.7777777777777778,-1.179924533580753,1.404247401710125,0.2,0.1288333235460909,0.0041592885839945,0.2773752192376856
2022,half_height_width,1237,8701,626,0.5,0.2,13,14,0.0077632122275677,0.0082801813071942,0.0155674252130091,0.8849534831176563,1247,1250,1239,1251,2022,2022-02-15 14:10:00,2022-02-15 15:00:00,2022-02-16 09:45:00,13,0.0020070912092882,0.0011199238953758,0.0477913795351326,0.7692307692307693,-0.4207771121744928,1.8355082499926676,0.5,0.0,0.0077632122275677,0.1485592046013474,8705,8715,8703,8716,2022,2022-09-30 10:40:00,2022-09-30 11:00:00,2022-09-30 13:20:00,14,0.002198297200467,-0.0144475013176333,-0.8371621035825236,0.2857142857142857,0.3207908564428892,1.473340852895874,0.2,0.0469101870061809,0.0082801813071942,0.0970114410524774
2022,half_height_width,1250,3806,626,0.5555555555555556,0.2,8,9,0.0065518322608841,0.0061775444189242,0.0072959281796405,0.5678337947101938,1254,1258,1252,1259,2022,2022-02-16 09:45:00,2022-02-16 10:05:00,2022-02-16 10:25:00,8,0.0015536441990018,0.0005030727209443,0.0422492529843367,0.5,0.0975477316363369,2.141648598992948,0.5555555555555556,0.000162131344005,0.0065518322608841,0.4328244079445278,3811,3815,3808,3816,2022,2022-05-09 10:45:00,2022-05-09 11:10:00,2022-05-09 11:30:00,9,0.0021196556200422,-0.0067928554586961,-0.525584541725857,0.5555555555555556,-0.7924509289550068,1.816199891794329,0.2,0.0807950258495611,0.0061775444189242,0.184683315275054
2022,half_height_width,1258,10662,626,0.6,0.15625,34,31,0.0077733319716228,0.0076608879313821,-0.0006606706368106,-0.0031523211558051,1267,1292,1260,1293,2022,2022-02-16 10:25:00,2022-02-16 11:10:00,2022-02-16 14:45:00,34,0.001415468731156,-0.0046147424276777,-0.2004995049588092,0.2647058823529412,0.2690234290592065,1.6244361175353306,0.6,0.0078580407900585,0.0077733319716228,-0.39382510466637,10666,10693,10664,10694,2022,2022-12-05 10:05:00,2022-12-05 10:25:00,2022-12-05 14:10:00,31,0.0010131021210639,-0.0039540717908671,-0.197347183803004,0.1290322580645161,0.7825326303915272,2.0049587653320464,0.15625,0.0226310043744472,0.0076608879313821,-0.5029081697117378
2022,half_height_width,1321,142,626,0.8148148148148148,0.0769230769230769,26,25,0.0126686364004893,0.0145231160931986,0.0092670864540012,0.2758816686459949,1327,1347,1323,1348,2022,2022-02-17 13:10:00,2022-02-17 13:40:00,2022-02-18 09:50:00,26,0.0016161417544649,0.0074410363328943,0.2166241424138293,0.2307692307692307,0.0557776582285165,2.3324795603383164,0.8148148148148148,0.0054366007515927,0.0126686364004893,-0.5913211190042129,145,167,144,168,2022,2022-01-06 14:55:00,2022-01-07 09:40:00,2022-01-07 11:30:00,25,0.0016301003249869,-0.0018260501211068,-0.0592575262321655,0.12,2.77345336844374,2.072502404579041,0.0769230769230769,0.3449658968308841,0.0145231160931986,-0.5677024315585065
2022,half_height_width,1347,8375,626,0.6666666666666666,0.2222222222222222,8,8,0.0047290859774067,0.0043042189177464,-0.0072157963303948,-0.7035681413111786,1351,1355,1349,1356,2022,2022-02-18 09:50:00,2022-02-18 10:10:00,2022-02-18 10:30:00,8,0.0018851155924563,-0.0074010978061309,-0.7189283320038499,0.5,-0.0467059805966745,1.3089080962446031,0.6666666666666666,0.0,0.0047290859774067,0.2398675725535078,8381,8383,8377,8384,2022,2022-09-21 11:30:00,2022-09-21 13:30:00,2022-09-21 13:40:00,8,0.0021999092080758,-0.000185301475736,-0.0153601906926712,0.75,-0.8877423443749992,1.3320209433139836,0.2222222222222222,0.0,0.0043042189177464,0.0191334402876939
2022,half_height_width,1411,2547,626,0.6111111111111112,0.09375,35,31,0.026043688210021,0.025947766990245,-0.0063148060050121,-0.1505092772201725,1418,1446,1413,1447,2022,2022-02-21 11:10:00,2022-02-21 13:15:00,2022-02-22 10:05:00,35,0.0015137801977871,0.0123609811665141,0.2862218539791964,0.2,-0.292487107204708,5.333096195789299,0.6111111111111112,0.0218419777757553,0.026043688210021,-0.7531105492821278,2548,2578,2549,2579,2022,2022-03-25 09:50:00,2022-03-25 09:55:00,2022-03-25 13:55:00,31,0.0020087499451105,0.0186757871715263,0.4367311311993689,0.032258064516129,0.7708067991185895,1.974980587967494,0.09375,0.1335194992866006,0.025947766990245,-0.7246118083819871
2022,half_height_width,1576,5014,626,0.5277777777777778,0.1714285714285714,35,34,0.0424180556904234,0.0404666424295143,0.0088407497529506,0.1055752811898553,1595,1611,1578,1612,2022,2022-02-24 14:25:00,2022-02-25 10:30:00,2022-02-25 13:20:00,35,0.0037401095147282,0.0128511510675275,0.1559091717586497,0.5428571428571428,0.0672933589529834,2.4094682358239976,0.5277777777777778,0.0005749253640761,0.0424180556904234,0.7261753216812886,5041,5048,5016,5049,2022,2022-06-14 11:25:00,2022-06-15 09:40:00,2022-06-15 10:15:00,34,0.0033758623768397,0.0040104013145769,0.0503338905687944,0.7941176470588235,-0.6784525587255885,2.001694740920446,0.1714285714285714,0.0078172753222189,0.0404666424295143,0.5369822605527869
2022,half_height_width,1611,9298,626,0.6666666666666666,0.1666666666666666,11,11,0.0055676286192491,0.0055280550140643,-0.0005450543107877,-0.0159524965925831,1614,1622,1613,1623,2022,2022-02-25 13:20:00,2022-02-25 13:35:00,2022-02-25 14:15:00,11,0.0034537122033489,0.000896357698638,0.0773336053748002,0.2727272727272727,-0.0187083761308054,1.85841697078436,0.6666666666666666,0.0599618923994023,0.0055676286192491,-0.1320110143485821,9300,9309,9300,9310,2022,2022-10-25 13:55:00,2022-10-25 14:05:00,2022-10-25 14:50:00,11,0.0040249042860042,0.0014414120094258,0.0932861019673834,0.1818181818181818,0.4026136634521455,1.498672629138873,0.1666666666666666,0.0,0.0055280550140643,-0.2886714339696278
2022,half_height_width,1763,8905,626,0.6111111111111112,0.238095238095238,17,20,0.0104355589499522,0.0109361012741091,-0.0139673457910845,-0.5512718737527169,1771,1780,1765,1781,2022,2022-03-02 14:00:00,2022-03-02 14:40:00,2022-03-03 09:55:00,17,0.0022175448174156,-0.0104773538493787,-0.423434100262439,0.4705882352941176,-0.3008846755295934,2.5131543778869583,0.6111111111111112,0.0,0.0104355589499522,-0.66313806879432,8911,8925,8907,8926,2022,2022-10-13 13:10:00,2022-10-13 13:40:00,2022-10-13 14:50:00,20,0.0023358411267678,0.0034899919417057,0.1278377734902779,0.3,0.8561662301452454,1.488720263321253,0.238095238095238,0.0426971611631517,0.0109361012741091,-0.5836820648928916
2022,half_height_width,1793,10504,626,0.5882352941176471,0.1666666666666666,16,17,0.0064852991776476,0.0055016643722805,0.0008613775178738,0.1362109903763368,1795,1809,1795,1810,2022,2022-03-03 11:00:00,2022-03-03 11:10:00,2022-03-03 13:50:00,16,0.0014716326411771,0.0035261490329423,0.2812776393184328,0.125,0.3204427415018174,1.4948469112578255,0.5882352941176471,0.0352702666940053,0.0064852991776476,-0.5526271943018932,10510,10521,10506,10522,2022,2022-11-29 14:25:00,2022-11-29 14:55:00,2022-11-30 10:20:00,17,0.0015022303090636,0.0026647715150685,0.1450666489420959,0.3529411764705882,0.2962111226931603,1.91451046237206,0.1666666666666666,0.0,0.0055016643722805,-0.4697760658811981
2022,half_height_width,1916,5048,626,0.5,0.1428571428571428,5,6,0.0085572473783521,0.0075487626432808,-0.0147447377605244,-0.9358759688821016,1919,1921,1918,1922,2022,2022-03-07 14:45:00,2022-03-07 15:00:00,2022-03-08 09:40:00,5,0.0028834987712075,-0.0127983246099969,-0.8016620841483122,0.6,-0.5110026728842595,2.153287833515276,0.5,0.0,0.0085572473783521,-0.4068438731159958,5050,5054,5050,5055,2022,2022-06-15 10:15:00,2022-06-15 10:25:00,2022-06-15 10:45:00,6,0.0032217410963254,0.0019464131505275,0.1342138847337894,0.3333333333333333,1.8905253876436927,1.971130349732273,0.1428571428571428,0.0106948528119315,0.0075487626432808,-0.2528865815689706
2022,half_height_width,2654,3815,626,0.5454545454545454,0.1,10,9,0.007367804855054,0.0077164954840212,0.0061385130413714,0.6002650040198031,2656,2664,2656,2665,2022,2022-03-29 10:45:00,2022-03-29 10:55:00,2022-03-29 13:05:00,10,0.0016719761106815,0.0056684530393546,0.5614273508768182,0.2,0.0303575788081639,1.6558972307396815,0.5454545454545454,0.0051488124201965,0.007367804855054,-0.7444512589429166,3816,3824,3817,3825,2022,2022-05-09 11:30:00,2022-05-09 13:05:00,2022-05-09 13:45:00,9,0.0020035199431773,-0.0004700600020167,-0.0388376531429849,0.1111111111111111,1.4496805894835625,1.29639911519795,0.1,0.1644332368359149,0.0077164954840212,-0.630908709746967
2022,half_height_width,2664,8291,626,0.5,0.2222222222222222,9,8,0.0054849715999907,0.005794561136688,-0.0004563152180909,0.0663472373661366,2671,2673,2666,2674,2022,2022-03-29 13:05:00,2022-03-29 13:40:00,2022-03-29 13:50:00,9,0.0017286097504327,-0.0086885401297849,-0.6470891646072651,0.7777777777777778,-0.0694674243892398,1.3611103372972124,0.5,0.0,0.0054849715999907,0.4023400191902416,8297,8299,8293,8300,2022,2022-09-19 14:00:00,2022-09-19 14:30:00,2022-09-19 14:40:00,8,0.002339454659775,-0.0082322249116939,-0.7134364019734017,0.75,-1.4571680509343363,1.793131194767606,0.2222222222222222,0.0631223845184722,0.005794561136688,0.4856794576617766
2022,half_height_width,2683,9534,626,0.5416666666666666,0.25,23,27,0.0231095027405254,0.0259139659793508,-0.0022001568116857,-0.0377670992214981,2701,2706,2685,2707,2022,2022-03-29 14:40:00,2022-03-30 10:40:00,2022-03-30 11:05:00,23,0.0023903094644778,0.0021612738208531,0.0523171495162431,0.782608695652174,0.2276189695069962,2.900597562443078,0.5416666666666666,0.0591009328346228,0.0231095027405254,0.7287635542631865,9558,9561,9536,9562,2022,2022-11-01 13:35:00,2022-11-02 10:05:00,2022-11-02 10:20:00,27,0.0022837385294925,0.0043614306325388,0.0900842487377412,0.8888888888888888,-0.9966869057957608,2.1302327002320998,0.25,0.0239033864718869,0.0259139659793508,0.773048960322343
2022,half_height_width,2765,8269,626,0.5217391304347826,0.2608695652173913,22,22,0.0157670891929457,0.0142566318241268,-0.0066272779871957,-0.1522522511436672,2773,2787,2767,2788,2022,2022-03-31 13:30:00,2022-03-31 14:10:00,2022-04-01 09:50:00,22,0.0016175708092428,-0.0120005643409568,-0.3627158410097335,0.3636363636363636,-0.2794689184407934,2.115572921998221,0.5217391304347826,0.0461025307852206,0.0157670891929457,-0.4891382550192268,8273,8291,8271,8292,2022,2022-09-19 10:40:00,2022-09-19 11:00:00,2022-09-19 14:00:00,22,0.002339454659775,-0.005373286353761,-0.2104635898660662,0.1818181818181818,0.414704709999065,2.1798827313758906,0.2608695652173913,0.0042390998296088,0.0142566318241268,-0.4881706586415099
2022,half_height_width,2787,4123,626,0.5454545454545454,0.15,21,19,0.0134880263143202,0.0131670192655244,-0.00071818901718,-0.0131345797763054,2799,2808,2789,2809,2022,2022-04-01 09:50:00,2022-04-01 10:50:00,2022-04-01 13:05:00,21,0.0020533469750422,0.0005700073586381,0.0172293087725065,0.5714285714285714,0.1200003677420591,1.7139349533855956,0.5454545454545454,0.0189063578854283,0.0134880263143202,0.3589086374619541,4135,4142,4125,4143,2022,2022-05-17 14:40:00,2022-05-18 10:10:00,2022-05-18 10:45:00,19,0.0023084616643453,0.0012881963758182,0.030363888548812,0.631578947368421,-0.1496631578250382,1.8223528182551092,0.15,0.0633921595627534,0.0131670192655244,0.3159770276570475
2022,half_height_width,2848,4260,626,0.5384615384615384,0.25,25,27,0.0100696670289455,0.011275984029921,0.0045603467643803,0.3613824126564918,2850,2873,2850,2874,2022,2022-04-06 10:55:00,2022-04-06 11:05:00,2022-04-06 14:30:00,25,0.0022314643466779,0.0078986892363093,0.4562948219694586,0.08,0.1131642308404654,1.569906749806579,0.5384615384615384,0.0190566829577975,0.0100696670289455,-0.8004229954459164,4262,4287,4262,4288,2022,2022-05-20 14:05:00,2022-05-20 14:15:00,2022-05-23 10:50:00,27,0.002010738116386,0.003338342471929,0.0949124093129667,0.074074074074074,-0.0842165311550388,2.4475159524505807,0.25,8.648353872990375e-05,0.011275984029921,-0.7708179781013687
2022,half_height_width,2910,2819,626,0.5,0.1666666666666666,27,29,0.022203097406253,0.0235586970069423,-0.0023037042564095,-0.1337281733309077,2917,2937,2912,2938,2022,2022-04-07 13:35:00,2022-04-07 14:10:00,2022-04-08 10:20:00,27,0.0024394214209431,0.0179898003601501,0.4371403533221248,0.2592592592592592,0.1143247154391169,2.1219477095653203,0.5,0.0,0.022203097406253,-0.8299548556570439,2821,2848,2821,2849,2022,2022-04-01 14:00:00,2022-04-01 14:10:00,2022-04-06 10:55:00,29,0.0022612174727157,0.0202935046165597,0.5708685266530326,0.0689655172413793,-0.4659604520628773,5.2492046233446805,0.1666666666666666,0.2160662279611551,0.0235586970069423,-0.8590798825967229
2022,half_height_width,2989,5546,626,0.5,0.1666666666666666,5,5,0.0045502793104788,0.004505675970865,0.0003486403065372,0.0395736075707989,2991,2994,2991,2995,2022,2022-04-11 10:40:00,2022-04-11 10:50:00,2022-04-11 11:05:00,5,0.0022122045222222,0.0002214415856213,0.0252269094859653,0.4,0.2284414305596611,2.101411512171469,0.5,0.0,0.0045502793104788,0.0265488226684762,5548,5551,5548,5552,2022,2022-06-29 13:15:00,2022-06-29 13:25:00,2022-06-29 13:40:00,5,0.0027537986434022,-0.0001271987209159,-0.0143466980848336,0.4,0.4803522268942182,1.1727854443433374,0.1666666666666666,0.0,0.004505675970865,0.0463772329886898
2022,half_height_width,2994,4482,626,0.5384615384615384,0.2272727272727272,25,21,0.0124389108679929,0.0121024747024858,0.005494485534078,0.1822083232739572,2998,3019,2996,3020,2022,2022-04-11 11:05:00,2022-04-11 11:25:00,2022-04-11 14:40:00,25,0.0022103351542706,-0.00088534085492,-0.0349380781698676,0.16,0.2695473304431643,1.2703322680173676,0.5384615384615384,0.0,0.0124389108679929,-0.5448624663490081,4490,4503,4484,4504,2022,2022-05-27 11:05:00,2022-05-27 13:15:00,2022-05-27 14:20:00,21,0.0019751291733553,-0.006379826388998,-0.2171464014438248,0.3809523809523809,0.2430831161274694,1.351967008501093,0.2272727272727272,0.0131493478997449,0.0121024747024858,-0.3665869462738713
2022,half_height_width,3159,8258,626,0.5,0.25,13,11,0.0229850077516777,0.0195318116466678,0.0086032857010968,0.2677336182826909,3160,3172,3161,3173,2022,2022-04-14 14:20:00,2022-04-14 14:25:00,2022-04-15 09:55:00,13,0.0027115477823869,0.0089983500199599,0.2797785513230879,0.0769230769230769,-0.2168963531680939,4.287829358538635,0.5,0.4265900699927987,0.0229850077516777,-0.5960825122941409,8259,8269,8260,8270,2022,2022-09-19 09:45:00,2022-09-19 09:50:00,2022-09-19 10:40:00,11,0.0022070604273481,0.0003950643188631,0.0120449330403969,0.0909090909090909,1.435447041221258,1.6914497669526576,0.25,0.0352957360599376,0.0195318116466678,-0.6077155916077961
2022,half_height_width,3190,9385,626,0.5217391304347826,0.217391304347826,22,22,0.0199336661348681,0.0248889137581125,-0.0146171579219617,-0.3006811432933743,3203,3212,3192,3213,2022,2022-04-15 11:25:00,2022-04-15 14:00:00,2022-04-15 14:45:00,22,0.0033694975706911,-0.0039830365607883,-0.0997083370412837,0.5909090909090909,-0.0454119668302648,1.573464544760521,0.5217391304347826,0.0266346637467407,0.0199336661348681,0.495037139446711,9395,9407,9387,9408,2022,2022-10-27 13:10:00,2022-10-27 14:00:00,2022-10-27 15:00:00,22,0.0030427506693681,0.0106341213611734,0.2009728062520906,0.4545454545454545,0.3193422721371556,1.842820561180515,0.217391304347826,0.0,0.0248889137581125,0.3425040321461204
2022,half_height_width,3216,4674,626,0.5,0.217391304347826,19,22,0.0352175909498146,0.0325531136777073,-0.0024723867734339,-0.0635561577150761,3232,3235,3218,3236,2022,2022-04-18 09:35:00,2022-04-18 10:55:00,2022-04-18 11:10:00,19,0.0025841718140747,0.0095484262769915,0.1913616772050907,0.8421052631578947,-0.2436545336162121,1.6368756340269937,0.5,0.0332375066473668,0.0352175909498146,0.8560674791773496,4694,4696,4676,4697,2022,2022-06-02 11:05:00,2022-06-02 14:15:00,2022-06-02 14:25:00,22,0.0022836295159771,0.0120208130504255,0.2549178349201668,0.9090909090909092,-0.8742308485171523,1.3422652005327005,0.217391304347826,0.2329123147340507,0.0325531136777073,0.7946416145992135
2022,half_height_width,3604,908,626,0.6153846153846154,0.2,25,24,0.0227758652889891,0.0260722702187461,0.0220696912536844,0.4533739278762604,3614,3629,3606,3630,2022,2022-04-28 09:55:00,2022-04-28 10:45:00,2022-04-28 13:30:00,25,0.0039418381415305,-0.0102940948764333,-0.1781434454175511,0.4,0.2406411679307623,1.666019793757881,0.6153846153846154,0.0,0.0227758652889891,0.1807428340244572,914,932,910,933,2022,2022-01-28 14:45:00,2022-02-07 09:45:00,2022-02-07 11:15:00,24,0.0037010369510476,-0.0323637861301178,-0.6315173732938115,0.25,1.0027099517114246,4.226506662039855,0.2,0.0348398605442361,0.0260722702187461,0.0914442289036735
2022,half_height_width,3722,1921,626,0.56,0.1818181818181818,24,21,0.030215877459228,0.0318975333109792,-0.0060025810432859,-0.1339147778320131,3723,3746,3724,3747,2022,2022-05-05 13:15:00,2022-05-05 13:20:00,2022-05-06 09:45:00,24,0.0021172000528975,0.0152006084609243,0.2712456266100653,0.0416666666666666,-0.3915380923196448,4.801268280192353,0.56,0.0632295259177076,0.030215877459228,-0.7428609032117791,1923,1942,1923,1943,2022,2022-03-08 09:40:00,2022-03-08 09:50:00,2022-03-08 11:25:00,21,0.0023802319008843,0.0212031895042102,0.4051604044420784,0.0952380952380952,0.3542095144047864,1.7110714837561036,0.1818181818181818,0.0,0.0318975333109792,-0.5792623131785349
2022,half_height_width,3784,9416,626,0.625,0.1428571428571428,7,6,0.0046335404305315,0.0048373813593327,0.0044818052104474,0.3713863260535411,3788,3791,3786,3792,2022,2022-05-06 14:25:00,2022-05-06 14:45:00,2022-05-06 15:00:00,7,0.0038990803046222,0.0028200058061881,0.2379071669112396,0.5714285714285714,0.1336298794334291,1.6640771032812665,0.625,0.0,0.0046335404305315,0.2956768276973768,9417,9422,9418,9423,2022,2022-10-28 10:15:00,2022-10-28 10:20:00,2022-10-28 10:45:00,6,0.0027573001744601,-0.0016617994042592,-0.1334791591423015,0.1666666666666666,1.244332712134405,1.4030238455854536,0.1428571428571428,0.1638368599647656,0.0048373813593327,0.3044134234544807
2022,half_height_width,3969,2892,626,0.5,0.2105263157894736,17,18,0.0088517644515864,0.0094553160934216,-0.0001918839172166,0.151764652512588,3981,3986,3971,3987,2022,2022-05-12 13:50:00,2022-05-12 14:50:00,2022-05-13 09:45:00,17,0.0023192503033446,-0.0096787062512073,-0.2484528799344034,0.7058823529411765,-0.5674219006317727,1.7560430565456815,0.5,0.0,0.0088517644515864,-0.1023097019539862,2897,2910,2894,2911,2022,2022-04-07 10:35:00,2022-04-07 11:00:00,2022-04-07 13:35:00,18,0.0024110876059368,-0.0094868223339906,-0.4002175324469915,0.2777777777777778,0.8180051812531777,1.830696175652908,0.2105263157894736,0.0054604674783265,0.0094553160934216,-0.2226978851811253
2022,half_height_width,4056,10332,626,0.5625,0.25,15,15,0.0053141309476725,0.0053855506861895,0.0079890305611613,0.5773163120090608,4062,4071,4058,4072,2022,2022-05-16 13:05:00,2022-05-16 13:35:00,2022-05-16 14:20:00,15,0.0030621281843747,0.001392890472464,0.1132888689526959,0.4,-0.1327756938679893,1.4960494382692884,0.5625,0.0263755783174192,0.0053141309476725,-0.3016814309318875,10336,10347,10334,10348,2022,2022-11-24 10:35:00,2022-11-24 10:55:00,2022-11-24 13:20:00,15,0.0022746678888356,-0.0065961400886972,-0.4640274430563648,0.2666666666666666,0.792432787094682,1.9155495126556,0.25,0.023289660361162,0.0053855506861895,-0.093289631807429
2022,half_height_width,4516,8925,626,0.55,0.1666666666666666,19,17,0.020433475682819,0.0198127854329746,-0.0075164728884233,-0.1525313292607642,4529,4535,4518,4536,2022,2022-05-30 09:55:00,2022-05-30 11:00:00,2022-05-30 11:30:00,19,0.0026004124195593,-0.0008072109714557,-0.0235536902241185,0.6842105263157895,-0.0939724388233237,1.4849176169949112,0.55,0.0,0.020433475682819,0.6753008914653821,8939,8942,8927,8943,2022,2022-10-13 14:50:00,2022-10-14 10:30:00,2022-10-14 10:45:00,17,0.0026812444771146,0.0067092619169675,0.1289776390366457,0.8235294117647058,-0.8061680145518324,1.683455385977401,0.1666666666666666,0.1217988168448965,0.0198127854329746,0.5697294209579616
2022,half_height_width,4548,9778,626,0.6111111111111112,0.2631578947368421,17,18,0.0086832095375282,0.0106189259771678,-0.0029360016814532,-0.1604761226852928,4556,4565,4550,4566,2022,2022-05-30 14:05:00,2022-05-30 14:45:00,2022-05-31 10:00:00,17,0.0026066107869339,-0.005227911196378,-0.2463470037533154,0.4705882352941176,-0.0644833745026416,1.7852952211796984,0.6111111111111112,0.0099483913328632,0.0086832095375282,-0.3214279635540407,9789,9796,9780,9797,2022,2022-11-08 13:55:00,2022-11-08 14:50:00,2022-11-09 09:55:00,18,0.0019452564797812,-0.0022919095149248,-0.0858708810680226,0.6111111111111112,-0.6649715702280762,1.9099624144090783,0.2631578947368421,0.0061765204062183,0.0106189259771678,-0.2855107189063947
2022,half_height_width,4592,11405,626,0.5217391304347826,0.125,22,23,0.0107987376290816,0.0127805668437952,-0.0053485484121165,-0.1626030820908309,4606,4614,4594,4615,2022,2022-05-31 13:45:00,2022-05-31 14:55:00,2022-06-01 10:05:00,22,0.0021797780653143,0.0026812150747173,0.1051625879548125,0.6363636363636364,-0.1958711595526664,1.8835283068409925,0.5217391304347826,0.0,0.0107987376290816,0.255522623410073,11424,11428,11407,11429,2022,2022-12-26 13:30:00,2022-12-27 09:35:00,2022-12-27 09:55:00,23,0.0018452951280825,0.0080297634868338,0.2677656700456434,0.8260869565217391,-0.4890178833379013,2.2637878721014,0.125,0.0109743352351619,0.0127805668437952,0.2117022775841495
2022,half_height_width,4614,8023,626,0.5,0.2307692307692307,13,12,0.010042347200506,0.0081115263512394,-0.0004769157226621,0.2085481385498336,4621,4627,4616,4628,2022,2022-06-01 10:05:00,2022-06-01 10:40:00,2022-06-01 11:10:00,13,0.0022604637430181,-0.0132550719105778,-0.5034172304122496,0.5384615384615384,-0.0188474562772667,1.4071356541290083,0.5,0.0121413127166894,0.010042347200506,0.1666274986235084,8029,8035,8025,8036,2022,2022-09-09 10:10:00,2022-09-09 10:40:00,2022-09-09 11:10:00,12,0.0019433131727699,-0.0127781561879156,-0.7119653689620833,0.5,0.9138286708170676,1.6597015464121796,0.2307692307692307,0.1466515811140585,0.0081115263512394,0.3407918133346018
2022,half_height_width,4627,3986,626,0.5333333333333333,0.2666666666666666,14,14,0.0117288319293384,0.0129880305786107,-0.0021246795537373,-0.2355262396568627,4633,4641,4629,4642,2022,2022-06-01 11:10:00,2022-06-01 13:10:00,2022-06-01 13:50:00,14,0.0021096624313105,-0.0167252156232328,-0.6590354132568368,0.4285714285714285,0.0565928216523797,1.6706103289386398,0.5333333333333333,0.0584080217414409,0.0117288319293384,-0.0737926867800053,3990,4000,3988,4001,2022,2022-05-13 09:45:00,2022-05-13 10:05:00,2022-05-13 10:55:00,14,0.0023541523105769,-0.0146005360694955,-0.4235091735999741,0.2857142857142857,0.6848979172667383,1.3906976284480197,0.2666666666666666,0.0066620092018237,0.0129880305786107,0.0268256977296604
2022,half_height_width,4786,1622,626,0.6,0.2142857142857142,14,13,0.0073054249521549,0.0078474200377591,-0.0034390367488815,-0.3046576321188269,4795,4800,4788,4801,2022,2022-06-07 13:55:00,2022-06-07 14:40:00,2022-06-08 09:35:00,14,0.0024504211779272,-0.0113548619492828,-0.6926407311165503,0.6428571428571429,-0.2513062500283346,2.018041615000149,0.6,0.038337829284199,0.0073054249521549,-0.034639603058964,1630,1635,1624,1636,2022,2022-02-25 14:15:00,2022-02-25 14:55:00,2022-02-28 09:50:00,13,0.0032545305201683,-0.0079158252004013,-0.3879830989977234,0.6153846153846154,-0.5958647266623,1.823283507544608,0.2142857142857142,0.2034278089884653,0.0078474200377591,0.0823419998654534
2022,half_height_width,4800,3383,626,0.5185185185185185,0.1428571428571428,26,27,0.0299207670929915,0.0273215298511928,0.0285053717697127,0.4100697384128638,4806,4826,4802,4827,2022,2022-06-08 09:35:00,2022-06-08 10:05:00,2022-06-08 13:15:00,26,0.0023643695125243,0.0328726237666122,0.4874328289227735,0.2307692307692307,0.1467886813128169,1.385265640233147,0.5185185185185185,0.0267576548732924,0.0299207670929915,-0.3226789824693296,3387,3410,3385,3411,2022,2022-04-21 11:30:00,2022-04-21 13:20:00,2022-04-22 09:45:00,27,0.0022909307374983,0.0043672519968995,0.0773630905099097,0.1481481481481481,0.7432914977884658,1.581769772589479,0.1428571428571428,0.0154540370661537,0.0273215298511928,-0.5706095098905853
2022,half_height_width,4897,9353,626,0.5714285714285714,0.1666666666666666,13,11,0.0178750590146128,0.0161007572635423,-0.0031551603298227,-0.1261454524519785,4908,4910,4899,4911,2022,2022-06-10 09:40:00,2022-06-10 10:35:00,2022-06-10 10:45:00,13,0.0020800354165159,0.0006569585979702,0.0213624399653009,0.8461538461538461,-0.4946622591149766,1.6647264730946283,0.5714285714285714,0.0,0.0178750590146128,0.5794985021995139,9362,9364,9355,9365,2022,2022-10-26 14:30:00,2022-10-27 09:45:00,2022-10-27 09:55:00,11,0.0019771189027065,0.003812118927793,0.1475078924172795,0.8181818181818182,-1.1867092653117672,3.1837530622196373,0.1666666666666666,0.1437713049783364,0.0161007572635423,0.5789337008970078
2022,half_height_width,4922,4458,626,0.64,0.24,24,24,0.0160136500620629,0.0199022446571026,-0.0059067190014691,-0.128443891265264,4937,4946,4924,4947,2022,2022-06-10 13:15:00,2022-06-10 14:30:00,2022-06-13 09:45:00,24,0.0021422237377257,-0.0138836920696907,-0.3275862631528994,0.625,-0.3080012074394221,2.852049247233063,0.64,0.002913459586229,0.0160136500620629,-0.2175856276180881,4466,4482,4460,4483,2022,2022-05-26 14:35:00,2022-05-27 09:45:00,2022-05-27 11:05:00,24,0.0025213611452994,-0.0079769730682216,-0.1991423718876354,0.3333333333333333,0.3109289600645145,2.0585526715010385,0.24,0.0001400179053537,0.0199022446571026,-0.378214154611185
2022,half_height_width,4954,10091,626,0.5384615384615384,0.1818181818181818,12,10,0.0088212353796084,0.0100185440095632,0.0031675657334266,0.2412356096333733,4962,4966,4956,4967,2022,2022-06-13 10:25:00,2022-06-13 11:05:00,2022-06-13 11:25:00,12,0.0023908849929857,-0.0077647964971196,-0.4236345290465371,0.6666666666666666,-0.1902879711007785,1.7641847035786529,0.5384615384615384,0.0,0.0088212353796084,0.3364007971657084,10098,10101,10093,10102,2022,2022-11-17 10:30:00,2022-11-17 11:05:00,2022-11-17 11:20:00,10,0.002106207193237,-0.0109323622305462,-0.6648701386799105,0.7,-0.0746255851996377,1.8402272348041615,0.1818181818181818,0.0568914651007111,0.0100185440095632,0.3980718091829059
2022,half_height_width,5212,5910,626,0.6956521739130435,0.24,22,24,0.0139068510617823,0.0163317710863708,-0.0010600419582425,-0.0133606459219994,5216,5234,5214,5235,2022,2022-06-20 13:25:00,2022-06-20 13:45:00,2022-06-21 09:45:00,22,0.0033796212575742,0.0096231255935158,0.3153603754768304,0.1818181818181818,-0.2040382045686328,3.0761065701838985,0.6956521739130435,0.0213457986652693,0.0139068510617823,-0.691875019033314,5915,5934,5912,5935,2022,2022-07-11 10:05:00,2022-07-11 10:30:00,2022-07-11 13:35:00,24,0.002449310752731,0.0106831675517584,0.3287210213988299,0.2083333333333333,0.524101469677115,1.667887890086409,0.24,0.0,0.0163317710863708,-0.6530146023317722
2022,half_height_width,5326,5289,626,0.5,0.0769230769230769,13,12,0.0141387630163647,0.0132189020433326,-0.0083981674065617,-0.3751585818819483,5330,5339,5328,5340,2022,2022-06-22 14:55:00,2022-06-23 09:45:00,2022-06-23 10:30:00,13,0.0018903432127614,-0.0070665439638812,-0.3065684228096043,0.3076923076923077,0.3642915050367786,1.817455426893937,0.5,0.0107160430653121,0.0141387630163647,-0.5103621307447023,5291,5301,5291,5302,2022,2022-06-22 10:20:00,2022-06-22 10:30:00,2022-06-22 11:20:00,12,0.0025098775863779,0.0013316234426804,0.0685901590723439,0.1666666666666666,0.7621661221957233,1.6278571836101454,0.0769230769230769,0.0670325146331157,0.0132189020433326,-0.5792338029533206
2022,half_height_width,5431,4765,626,0.6666666666666666,0.2727272727272727,23,21,0.0119675438489261,0.0111371437133982,0.0090174062869702,0.3006068400933974,5438,5454,5433,5455,2022,2022-06-27 10:10:00,2022-06-27 10:45:00,2022-06-27 13:35:00,23,0.0030124522807496,-0.0031604633871439,-0.0901790272906422,0.3043478260869565,0.1529571351812095,1.3898443946354797,0.6666666666666666,0.0,0.0119675438489261,-0.2847772981389621,4774,4786,4767,4787,2022,2022-06-07 10:40:00,2022-06-07 11:25:00,2022-06-07 13:55:00,21,0.0024372108904875,-0.0121778696741141,-0.3907858673840396,0.4285714285714285,0.3984572620258292,1.648084769832674,0.2727272727272727,0.0226775417956328,0.0111371437133982,-0.1289189901882943
2022,half_height_width,5500,4209,626,0.5806451612903226,0.1724137931034483,30,28,0.0180607488863149,0.0187018537830097,0.0012680919749675,-0.0595074153601641,5516,5530,5502,5531,2022,2022-06-28 13:25:00,2022-06-28 14:45:00,2022-06-29 10:25:00,30,0.0023956653835511,0.0146987228482731,0.2125803019632768,0.5333333333333333,0.10191813844843,1.848243405442985,0.5806451612903226,0.0212796801112702,0.0180607488863149,0.2581178510683412,4225,4237,4211,4238,2022,2022-05-19 13:50:00,2022-05-20 09:40:00,2022-05-20 10:40:00,28,0.0019010403682697,0.0134306308733056,0.2720877173234409,0.5714285714285714,-0.5017122311731488,2.388558427650947,0.1724137931034483,0.0156719970856257,0.0187018537830097,0.1059071530329909
2022,half_height_width,5576,6822,626,0.5185185185185185,0.08,26,24,0.0212635243558203,0.0185819865804859,-0.0175423590383026,-0.388444825694838,5593,5602,5578,5603,2022,2022-06-30 10:15:00,2022-06-30 13:10:00,2022-06-30 13:55:00,26,0.0028579369671393,-0.0030589163915017,-0.0739418536773805,0.6538461538461539,-0.1014787130278517,1.6274909911322613,0.5185185185185185,0.0047579465265363,0.0212635243558203,0.6717123442453686,6842,6846,6824,6847,2022,2022-08-05 10:05:00,2022-08-05 13:15:00,2022-08-05 13:35:00,24,0.0028782827626175,0.0144834426468009,0.3145029720174575,0.8333333333333334,-0.7974354845533811,1.546122054054393,0.08,0.1379690231095862,0.0185819865804859,0.7846539646195736
2022,half_height_width,5649,9690,626,0.5555555555555556,0.25,17,15,0.0176989234287949,0.0154087692514215,-0.0095805162142001,-0.2704444122074405,5654,5666,5651,5667,2022,2022-07-01 13:50:00,2022-07-01 14:15:00,2022-07-04 09:45:00,17,0.0018036881402433,-0.0020233682989292,-0.0541594852515397,0.2941176470588235,-0.1542823354071403,3.063252893192,0.5555555555555556,0.0973641954792751,0.0176989234287949,-0.4786846179572546,9696,9705,9692,9706,2022,2022-11-04 14:35:00,2022-11-07 09:35:00,2022-11-07 10:20:00,15,0.0023250715863439,0.0075571479152709,0.2162849269559008,0.4,0.0048024036339206,1.9182845283829215,0.25,0.0085292312965408,0.0154087692514215,-0.6508430511392006
2022,half_height_width,5800,8802,626,0.5833333333333334,0.2307692307692307,11,12,0.0108505771150495,0.0089178181647469,-0.0043400850147937,-0.1961487348795197,5806,5811,5802,5812,2022,2022-07-06 14:25:00,2022-07-06 14:55:00,2022-07-07 09:50:00,11,0.0021417016421218,-0.004282203122153,-0.1924619606463756,0.5454545454545454,-0.0496951000330781,1.9976421087930056,0.5833333333333334,0.0,0.0108505771150495,-0.2938077497275589,8806,8814,8804,8815,2022,2022-10-11 11:05:00,2022-10-11 11:25:00,2022-10-11 13:35:00,12,0.00242109575381,5.788189264072498e-05,0.003686774233144,0.3333333333333333,0.3207092496009824,1.6500670484058872,0.2307692307692307,0.0662939327606975,0.0089178181647469,-0.3109952988709212
2022,half_height_width,5811,2443,626,0.5294117647058824,0.0588235294117647,16,16,0.0182657216397297,0.0151566531462581,-0.0076435633199915,-0.2305297362995916,5825,5827,5813,5828,2022,2022-07-07 09:50:00,2022-07-07 11:00:00,2022-07-07 11:10:00,16,0.0020142884907272,-0.0029709492629919,-0.1023252710475285,0.875,-0.0011745813623304,1.3354951879694787,0.5294117647058824,0.0,0.0182657216397297,0.7642167269178596,2458,2459,2445,2460,2022,2022-03-22 14:40:00,2022-03-23 10:25:00,2022-03-23 10:30:00,16,0.0017967599232023,0.0046726140569995,0.128204465252063,0.9375,-2.2396625571549493,1.6089985708729233,0.0588235294117647,0.5902313400585267,0.0151566531462581,0.742918218496211
2022,half_height_width,5840,6802,626,0.5714285714285714,0.1666666666666666,6,5,0.0031003864264045,0.003562165293542,-0.0004854858448293,-0.0571671879576305,5845,5846,5842,5847,2022,2022-07-07 13:45:00,2022-07-07 14:10:00,2022-07-07 14:15:00,6,0.0018834625624641,0.0017857308653194,0.3514357894967976,0.8333333333333334,0.0568734271452203,1.3376939717954888,0.5714285714285714,0.0,0.0031003864264045,0.5643346457737755,6806,6807,6804,6808,2022,2022-08-04 13:55:00,2022-08-04 14:15:00,2022-08-04 14:20:00,5,0.002694437551738,0.0022712167101488,0.4086029774544282,0.8,-0.5567997889586039,1.3395146090087915,0.1666666666666666,0.0,0.003562165293542,0.5638898102097639
2022,half_height_width,5846,577,626,0.5555555555555556,0.1111111111111111,17,17,0.0120089321178475,0.0132002613853883,-0.0079143310843341,-0.2741460803938459,5856,5863,5848,5864,2022,2022-07-07 14:15:00,2022-07-08 09:35:00,2022-07-08 10:10:00,17,0.0018316942822018,0.001296450394645,0.0560328234860341,0.5882352941176471,-0.3386013151221402,2.693628177572684,0.5555555555555556,0.0043223543070036,0.0120089321178475,-0.6069927196286238,578,594,579,595,2022,2022-01-20 09:40:00,2022-01-20 09:45:00,2022-01-20 11:05:00,17,0.001556689193051,0.0092107814789792,0.3301789038798801,0.0588235294117647,0.0700760206723827,1.7448468120620384,0.1111111111111111,0.10430584194485,0.0132002613853883,-0.5951615325581918
2022,half_height_width,5871,10313,626,0.5555555555555556,0.2666666666666666,17,14,0.0095519988116468,0.0099223033547719,-0.0014875287519672,-0.1045600158851566,5877,5888,5873,5889,2022,2022-07-08 10:50:00,2022-07-08 11:20:00,2022-07-08 13:45:00,17,0.0021346052183538,-0.0058906101920742,-0.2738176102272885,0.3529411764705882,0.2724981504096344,1.6786976312230346,0.5555555555555556,0.0,0.0095519988116468,-0.3366046857937007,10321,10327,10315,10328,2022,2022-11-23 14:30:00,2022-11-24 09:40:00,2022-11-24 10:10:00,14,0.0024782945463932,-0.004403081440107,-0.1692575943421319,0.5714285714285714,-0.7285173972232337,1.904482550940611,0.2666666666666666,0.0633711717706522,0.0099223033547719,-0.202311946040387
2022,half_height_width,5888,7290,626,0.5217391304347826,0.217391304347826,22,22,0.0246074150729489,0.0245043714105266,0.0097068537548845,0.2425585633991766,5893,5910,5890,5911,2022,2022-07-08 13:45:00,2022-07-08 14:10:00,2022-07-11 10:05:00,22,0.0021901371633053,0.0088408527170247,0.2220971925961312,0.2272727272727272,-0.0434301168953373,2.732416363200248,0.5217391304347826,0.0001006271348851,0.0246074150729489,-0.7500856084458793,7296,7312,7292,7313,2022,2022-08-18 14:35:00,2022-08-19 09:35:00,2022-08-19 10:55:00,22,0.0016682474345721,-0.0008660010378598,-0.0204613708030453,0.2727272727272727,1.181055512277717,1.4254147778567725,0.217391304347826,0.0605098966786778,0.0245043714105266,-0.7290126908001884
2022,half_height_width,6041,9636,626,0.5555555555555556,0.0476190476190476,44,41,0.0332820950345844,0.0285206190818918,-0.0068286931363126,-0.1091248487016486,6073,6085,6043,6086,2022,2022-07-13 14:30:00,2022-07-14 13:10:00,2022-07-14 14:10:00,44,0.002006893803468,0.0177950128253072,0.2362561787883219,0.7272727272727273,0.0002769426354154,1.5580143617819815,0.5555555555555556,0.0221612187694509,0.0332820950345844,0.6993646678476955,9674,9677,9638,9678,2022,2022-11-03 14:05:00,2022-11-04 13:15:00,2022-11-04 13:30:00,41,0.0023686518779789,0.0246237059616198,0.3453810274899705,0.926829268292683,-2.641834750341872,1.836814144323388,0.0476190476190476,0.8679067054763129,0.0285206190818918,0.8543470204608051
2022,half_height_width,6152,3134,626,0.5416666666666666,0.2307692307692307,23,25,0.0193387094599319,0.0186698161956995,0.0008217311253162,-0.0185802508877599,6169,6175,6154,6176,2022,2022-07-18 10:15:00,2022-07-18 13:10:00,2022-07-18 13:40:00,23,0.0025558995796244,-0.0053711237619956,-0.1664541781660033,0.7391304347826086,-0.2434857691163447,1.5885976919604998,0.5416666666666666,0.0,0.0193387094599319,0.7046389624039385,3154,3159,3136,3160,2022,2022-04-14 10:45:00,2022-04-14 13:55:00,2022-04-14 14:20:00,25,0.0025399332453915,-0.0061928548873118,-0.1478739272782433,0.8,-1.607233210019999,1.6514718638189936,0.2307692307692307,0.3834511252539498,0.0186698161956995,0.8183693446609505
2022,half_height_width,6175,9677,626,0.5384615384615384,0.2727272727272727,12,10,0.0040200495409212,0.0049882390559252,0.0022118270217141,0.1996985270707086,6177,6187,6177,6188,2022,2022-07-18 13:40:00,2022-07-18 13:50:00,2022-07-18 14:40:00,12,0.0025528710643548,0.0006648344947512,0.0789352004929591,0.1666666666666666,0.5015994222905006,1.572564849423023,0.5384615384615384,0.0,0.0040200495409212,-0.209635233516211,9681,9687,9679,9688,2022,2022-11-04 13:30:00,2022-11-04 13:50:00,2022-11-04 14:20:00,10,0.0023768759885015,-0.0015469925269628,-0.1207633265777494,0.4,0.8050082256960722,2.668583274500299,0.2727272727272727,0.3610761998302167,0.0049882390559252,-0.2839593721755598
2022,half_height_width,6341,1673,626,0.5151515151515151,0.0588235294117647,32,33,0.0160153719403304,0.0166803105715391,-0.0061006218159103,-0.1484174202888255,6347,6373,6343,6374,2022,2022-07-22 10:00:00,2022-07-22 10:30:00,2022-07-22 14:10:00,32,0.0018277822989677,5.516778230311905e-05,0.0012056426191959,0.1875,0.3075321057993123,1.5660177171360568,0.5151515151515151,0.0130145147867872,0.0160153719403304,-0.5953745617177081,1679,1706,1675,1707,2022,2022-02-28 14:30:00,2022-02-28 15:00:00,2022-03-01 13:15:00,33,0.0016975060479307,0.0061557895982134,0.1496230629080214,0.1818181818181818,1.9006527412013503,2.486432909312108,0.0588235294117647,0.2246374092904251,0.0166803105715391,-0.5391328049736944
2022,half_height_width,6449,10863,626,0.5,0.25,17,19,0.0053823381026818,0.0051753162385352,0.0013726442189635,0.0833240342141057,6454,6466,6451,6467,2022,2022-07-26 11:00:00,2022-07-26 11:25:00,2022-07-26 13:55:00,17,0.0019243497686734,0.0012948858861845,0.0789327455827377,0.2941176470588235,0.135715877631746,1.369213364616089,0.5,0.0050645263053225,0.0053823381026818,-0.2285772116513861,10870,10882,10865,10883,2022,2022-12-09 10:50:00,2022-12-09 11:25:00,2022-12-09 13:55:00,19,0.0014238224680048,-7.775833277895608e-05,-0.004391288631368,0.3684210526315789,0.6936774987246825,1.9267953463494056,0.25,0.0553236928146025,0.0051753162385352,-0.2034405468081151
2022,half_height_width,6592,8365,626,0.6,0.1818181818181818,9,10,0.0049678291796615,0.0050829553548306,0.0001579567205138,0.006803876012806,6595,6601,6594,6602,2022,2022-07-29 10:55:00,2022-07-29 11:10:00,2022-07-29 13:10:00,9,0.0018675535609032,0.0029030786590539,0.2782301376423613,0.3333333333333333,0.0026433922315993,1.7563020299794834,0.6,0.0494160495510323,0.0049678291796615,-0.5899195844210368,8368,8375,8367,8376,2022,2022-09-21 10:40:00,2022-09-21 10:55:00,2022-09-21 11:30:00,10,0.0021838035685165,0.0027451219385401,0.2714262616295552,0.3,2.6034201425434014,1.5304490541740536,0.1818181818181818,0.1556012330786204,0.0050829553548306,-0.5400252797816175
2022,half_height_width,6601,5705,626,0.64,0.1851851851851851,24,26,0.0221542641366658,0.0192663740268583,-0.0040604434303091,-0.0761856279234153,6608,6625,6603,6626,2022,2022-07-29 13:10:00,2022-07-29 13:45:00,2022-08-01 09:40:00,24,0.0019453415028985,0.0049509896440524,0.1124956103927735,0.2916666666666667,-0.1348688233112034,3.5945381195019133,0.64,0.0113773948074086,0.0221542641366658,-0.6874623253530044,5713,5731,5707,5732,2022,2022-07-04 14:30:00,2022-07-05 09:40:00,2022-07-05 11:10:00,26,0.0019402714760162,0.0090114330743615,0.1886812383161889,0.3076923076923077,0.4144167218160283,1.8640321965470117,0.1851851851851851,0.0,0.0192663740268583,-0.5104795569654452
2022,half_height_width,6725,6089,626,0.5833333333333334,0.2,11,9,0.0088988452946789,0.0078977783314035,0.0001938359521893,-0.0317300448609821,6729,6736,6727,6737,2022,2022-08-03 10:00:00,2022-08-03 10:20:00,2022-08-03 10:55:00,11,0.0028781147128459,-0.0134518401616518,-0.5830804092219595,0.3636363636363636,0.4312361444494534,1.3302428124068206,0.5833333333333334,0.0,0.0088988452946789,0.1441380546459932,6096,6098,6091,6099,2022,2022-07-14 14:30:00,2022-07-15 09:35:00,2022-07-15 09:45:00,9,0.002042344939381,-0.0136456761138411,-0.5513503643609773,0.7777777777777778,-0.757620851278588,1.924273183668895,0.2,0.0540026440214362,0.0078977783314035,0.0400179236756205
2022,half_height_width,6895,7860,626,0.5238095238095238,0.25,20,19,0.0090452659278268,0.0074245644406731,0.004376898179266,0.0899566600797528,6907,6915,6897,6916,2022,2022-08-08 13:40:00,2022-08-08 14:40:00,2022-08-09 09:50:00,20,0.0020067289369657,-0.0040776869789219,-0.166837034573543,0.6,-0.3970635921859108,1.72509687923213,0.5238095238095238,0.0,0.0090452659278268,-0.2453024597604622,7870,7879,7862,7880,2022,2022-09-05 14:05:00,2022-09-05 14:55:00,2022-09-06 10:10:00,19,0.0017937652532428,-0.0084545851581879,-0.2567936946532959,0.5263157894736842,-0.1684770040873164,2.374473763480776,0.25,0.0072128251138965,0.0074245644406731,-0.244705829557165
2022,half_height_width,6915,9872,626,0.5454545454545454,0.25,10,11,0.0103011177118501,0.0086896923844772,-0.0064492138379633,-0.328318139978364,6922,6925,6917,6926,2022,2022-08-09 09:50:00,2022-08-09 10:25:00,2022-08-09 10:40:00,10,0.0017435890421311,-0.0137511844490613,-0.6963880156635166,0.7,0.0860503902424994,1.4671012690285927,0.5454545454545454,0.0,0.0103011177118501,0.4945307018626368,9878,9883,9874,9884,2022,2022-11-10 13:45:00,2022-11-10 14:15:00,2022-11-10 14:40:00,11,0.0015869179503484,-0.0073019706110979,-0.3680698756851525,0.5454545454545454,0.5296694362797245,1.3686086861451914,0.25,0.0877643748993106,0.0086896923844772,0.3404553252670333
2022,half_height_width,6969,1355,626,0.7,0.25,9,11,0.004675435880233,0.0052545932203056,-0.0073161822229244,-0.595419656105563,6973,6978,6971,6979,2022,2022-08-10 10:20:00,2022-08-10 10:40:00,2022-08-10 11:05:00,9,0.0016401884273538,-0.0067411989774273,-0.5433806579739854,0.4444444444444444,0.0377376832799383,1.3702812591716929,0.7,0.0,0.004675435880233,0.0294785968553441,1361,1366,1357,1367,2022,2022-02-18 10:30:00,2022-02-18 11:00:00,2022-02-18 11:25:00,11,0.0018854245202124,0.0005749832454971,0.0520389981315776,0.5454545454545454,-0.2997896988980923,1.659761269609772,0.25,0.0085152541682839,0.0052545932203056,0.1173605790986122
2022,half_height_width,6978,11194,626,0.5,0.25,9,11,0.0039889325772231,0.0044792555629662,0.0076335203122259,0.6287703778126944,6980,6987,6980,6988,2022,2022-08-10 11:05:00,2022-08-10 11:15:00,2022-08-10 13:20:00,9,0.001726644684384,-0.0005254128095075,-0.0418329827447338,0.2222222222222222,0.3651989432548931,1.4314099299271903,0.5,0.0055320459304536,0.0039889325772231,0.0107964992590325,11197,11205,11196,11206,2022,2022-12-20 10:25:00,2022-12-20 10:40:00,2022-12-20 11:20:00,11,0.0013167788209915,-0.0081589331217334,-0.6706033605574282,0.2727272727272727,0.6217347269933503,1.3023597807345355,0.25,0.0,0.0044792555629662,0.260384324354133
2022,half_height_width,7016,4091,626,0.5,0.2692307692307692,23,25,0.0179365829649604,0.017529456379389,0.006119494115442,0.2200151123063975,7032,7039,7018,7040,2022,2022-08-11 10:15:00,2022-08-11 13:05:00,2022-08-11 13:40:00,23,0.0018357061431868,0.0051290523539594,0.1936594656466664,0.6956521739130435,-0.0313291856071644,1.9269347231376044,0.5,0.0220745846490482,0.0179365829649604,0.7346784637528954,4113,4116,4093,4117,2022,2022-05-17 10:30:00,2022-05-17 13:50:00,2022-05-17 14:05:00,25,0.0025196376413865,-0.0009904417614825,-0.0263556466597311,0.88,0.2507362333079179,1.5290876732752174,0.2692307692307692,0.0,0.017529456379389,0.8093096238595584
2022,half_height_width,7104,1152,626,0.5555555555555556,0.25,8,7,0.0138011388267633,0.0113434383357144,-0.0044834811059597,-0.3674834658320854,7109,7112,7106,7113,2022,2022-08-15 09:35:00,2022-08-15 10:00:00,2022-08-15 10:15:00,8,0.0019103142173318,-0.0185128037756198,-0.9128683437828552,0.625,0.0886580227090469,1.4439677316118913,0.5555555555555556,0.0,0.0138011388267633,0.5708634920969178,1158,1159,1154,1160,2022,2022-02-14 09:35:00,2022-02-14 10:05:00,2022-02-14 10:10:00,7,0.0015217221817122,-0.0140293226696601,-0.5453848779507698,0.8571428571428571,-1.157002631781156,1.1143660474635655,0.25,0.2060935823327114,0.0113434383357144,0.4114338081956218
2022,half_height_width,7184,8089,626,0.6923076923076923,0.2727272727272727,12,10,0.0035010591708086,0.003192147511732,0.0034044361547558,0.5358613773386344,7187,7196,7186,7197,2022,2022-08-16 13:45:00,2022-08-16 14:00:00,2022-08-16 14:45:00,12,0.0018501383992531,0.0016195048208089,0.2208207483981513,0.25,0.032049446059721,1.4685896679826445,0.6923076923076923,0.0246291997853951,0.0035010591708086,-0.5028306505096111,8092,8099,8091,8100,2022,2022-09-13 13:10:00,2022-09-13 13:25:00,2022-09-13 14:00:00,10,0.0015985249052289,-0.0017849313339469,-0.315040628940483,0.3,-0.1144636433779883,1.2826050154300064,0.2727272727272727,0.3178576593949366,0.003192147511732,-0.6291606951028608
2022,half_height_width,7465,945,626,0.7575757575757576,0.25,32,39,0.0299635909118025,0.0344939898525629,-0.0145837604467219,-0.2605978441639303,7472,7497,7467,7498,2022,2022-08-24 13:10:00,2022-08-24 13:45:00,2022-08-25 10:20:00,32,0.0017948551750476,0.017882553153164,0.2962213004658035,0.21875,-0.1228468207949868,1.4759195182895182,0.7575757575757576,0.0,0.0299635909118025,-0.7918674539267786,949,984,947,985,2022,2022-02-07 13:50:00,2022-02-07 14:10:00,2022-02-08 13:05:00,39,0.0017137592883689,0.0324663135998859,0.5568191446297338,0.1025641025641025,0.6517140679859853,1.90687249176748,0.25,0.0071649965019915,0.0344939898525629,-0.9294856325195456
2022,half_height_width,7510,7842,626,0.5,0.1052631578947368,15,18,0.0087252775333626,0.0074098308669867,0.0012507734690886,0.1574790109350418,7512,7525,7512,7526,2022,2022-08-25 11:25:00,2022-08-25 13:05:00,2022-08-25 14:10:00,15,0.002034633527576,0.0049817374174703,0.4026017400790176,0.1333333333333333,0.2203379695220102,1.5311033822260458,0.5,0.0056807361719456,0.0087252775333626,-0.7475487980218547,7845,7860,7844,7861,2022,2022-09-05 11:05:00,2022-09-05 11:20:00,2022-09-05 14:05:00,18,0.0018336282325238,0.0037309639483816,0.2451227291439757,0.1666666666666666,0.7957711548384759,1.783185988692439,0.1052631578947368,0.0182036276377367,0.0074098308669867,-0.5009262267394428
2022,half_height_width,7723,5477,626,0.55,0.2222222222222222,19,17,0.0141640494146226,0.0146770678149819,-0.009863537782479,-0.2879947107320194,7733,7742,7725,7743,2022,2022-08-31 14:40:00,2022-09-01 10:00:00,2022-09-01 10:45:00,19,0.0023578796127386,-0.0115686260742698,-0.334789320669731,0.5263157894736842,0.1891715664190394,2.3309350015402384,0.55,0.0211331698958472,0.0141640494146226,0.3592634120836094,5491,5494,5479,5495,2022,2022-06-28 10:00:00,2022-06-28 11:10:00,2022-06-28 11:25:00,17,0.0021950593514057,-0.0017050882917907,-0.0467946099377115,0.8235294117647058,-1.1996783919006877,1.5385633946841517,0.2222222222222222,0.1741076619328637,0.0146770678149819,0.5057272890833906
2022,half_height_width,7754,7957,626,0.5789473684210527,0.2631578947368421,18,18,0.0095660123756919,0.0079525177629307,0.0130880116850675,0.8689753846015695,7757,7772,7756,7773,2022,2022-09-01 13:15:00,2022-09-01 13:30:00,2022-09-01 14:45:00,18,0.0019500727617483,0.0064108084204965,0.44078106386519,0.1666666666666666,0.2737148576277747,1.578344577192407,0.5789473684210527,0.0,0.0095660123756919,-0.6548886435066966,7969,7975,7959,7976,2022,2022-09-07 14:10:00,2022-09-08 09:40:00,2022-09-08 10:10:00,18,0.0018033365041173,-0.0066772032645709,-0.4281943207363796,0.6666666666666666,-0.4862528329274759,2.465504377148034,0.2631578947368421,0.0,0.0079525177629307,-0.4566219596468534
2022,half_height_width,8343,5998,626,0.5,0.1818181818181818,11,10,0.0141167751127211,0.0134437244484644,-0.0156620495100144,-0.6868754607780063,8348,8354,8345,8355,2022,2022-09-20 14:20:00,2022-09-20 14:45:00,2022-09-21 09:45:00,11,0.0023781767715359,-0.0088867033404882,-0.4207833378098258,0.4545454545454545,-0.5552461535382436,2.4898941620832367,0.5,0.012215754037036,0.0141167751127211,-0.7190234070525433,6000,6008,6000,6009,2022,2022-07-12 14:55:00,2022-07-13 09:35:00,2022-07-13 10:15:00,10,0.0024342625181195,0.0067753461695262,0.2660921229681805,0.2,0.4827385236953133,1.5670371729956507,0.1818181818181818,0.0038349717794916,0.0134437244484644,-0.4804312791521253
2022,half_height_width,8354,10988,626,0.5,0.2727272727272727,11,10,0.0096916065257568,0.0097370381530703,-0.0013317047952707,-0.0896255553330748,8359,8365,8356,8366,2022,2022-09-21 09:45:00,2022-09-21 10:10:00,2022-09-21 10:40:00,11,0.0022562678226545,-0.0151919399455858,-0.6116639325500138,0.4545454545454545,0.1858213845863463,1.424745131356508,0.5,0.0435143452132313,0.0096916065257568,0.2821647468842264,10993,10998,10990,10999,2022,2022-12-13 14:45:00,2022-12-14 09:40:00,2022-12-14 10:05:00,10,0.0016197000884342,-0.013860235150315,-0.522038377216939,0.5,0.7683089869699945,2.895709567365005,0.2727272727272727,0.1388522212336612,0.0097370381530703,0.1636713375021637
2022,half_height_width,8483,3414,626,0.6428571428571429,0.1538461538461538,13,12,0.0155910613502205,0.017184183675063,-0.0108110987278325,-0.4432604764611755,8488,8496,8485,8497,2022,2022-09-23 14:00:00,2022-09-23 14:25:00,2022-09-26 09:35:00,13,0.0022851347243334,0.0001508663190964,0.0067611082920204,0.3846153846153846,-0.0309699825864899,2.604052680603775,0.6428571428571429,0.0015384687754182,0.0155910613502205,-0.7176801389955894,3416,3426,3416,3427,2022,2022-04-22 10:05:00,2022-04-22 10:15:00,2022-04-22 11:05:00,12,0.0024862397544951,0.010961965046929,0.450021584753196,0.1666666666666666,1.38349885855006,1.6080455437849248,0.1538461538461538,0.1761288364180361,0.017184183675063,-0.6372652876111705
2022,half_height_width,8661,4723,626,0.5789473684210527,0.25,18,15,0.0114345171591141,0.0112796213679882,-0.0024270200934746,-0.1119301058062548,8666,8679,8663,8680,2022,2022-09-29 11:20:00,2022-09-29 13:15:00,2022-09-29 14:20:00,18,0.002250175314251,-0.0001350033508732,-0.0064660504841257,0.2777777777777778,0.2565440284175112,1.8216448152568243,0.5789473684210527,0.0,0.0114345171591141,-0.4732432541240108,4728,4738,4725,4739,2022,2022-06-06 11:10:00,2022-06-06 13:05:00,2022-06-06 13:55:00,15,0.0032490475086134,0.0022920167426013,0.1054640553221291,0.3333333333333333,0.8416063833354139,1.5224418454343462,0.25,0.0008245318591354,0.0112796213679882,-0.4484721135241294
2022,half_height_width,8942,4398,626,0.5555555555555556,0.2727272727272727,8,10,0.0056442376280454,0.0056494792236154,0.0118340494755528,1.106713899368967,8948,8950,8944,8951,2022,2022-10-14 10:45:00,2022-10-14 11:15:00,2022-10-14 11:25:00,8,0.0028717648641291,0.0025120025130629,0.2084696740619137,0.75,-0.3146618388716622,1.5270152817107483,0.5555555555555556,0.0,0.0056442376280454,0.4733965287001264,4404,4408,4400,4409,2022,2022-05-25 13:35:00,2022-05-25 14:05:00,2022-05-25 14:25:00,10,0.0026581859112383,-0.0093220469624899,-0.8982442253070533,0.6,-0.1664092313935488,1.5191717324480216,0.2727272727272727,0.0050975075628171,0.0056494792236154,0.3586742845302714
2022,half_height_width,9103,10038,626,0.68,0.1153846153846153,24,25,0.0154387402248232,0.0152835649541938,-0.0008839115195224,-0.0324548110756309,9110,9127,9105,9128,2022,2022-10-19 13:40:00,2022-10-19 14:15:00,2022-10-20 10:10:00,24,0.0016751361984034,0.0010051219386995,0.0250032886832189,0.2916666666666667,0.2146135721259629,1.7807342171412253,0.68,0.0,0.0154387402248232,-0.6647429771323519,10041,10063,10040,10064,2022,2022-11-16 10:05:00,2022-11-16 10:20:00,2022-11-16 13:40:00,25,0.0018360259282427,0.001889033458222,0.0574580997588499,0.12,2.180756374322314,1.543213585855873,0.1153846153846153,0.3153087439342515,0.0152835649541938,-0.7771115175636132
2022,half_height_width,9232,8972,626,0.5714285714285714,0.1666666666666666,13,11,0.0106180435700133,0.0127547544655568,0.0071732553489047,0.1258649177348813,9238,9245,9234,9246,2022,2022-10-24 10:55:00,2022-10-24 11:25:00,2022-10-24 13:30:00,13,0.0032646805247604,-0.0010077344843409,-0.0457238522400036,0.4615384615384615,-0.0296137911688287,1.9089359243757016,0.5714285714285714,0.0056069670055205,0.0106180435700133,-0.2802972109025107,8977,8983,8974,8984,2022,2022-10-14 14:45:00,2022-10-17 09:40:00,2022-10-17 10:10:00,11,0.0026889983295753,-0.0081809898332457,-0.1715887699748849,0.4545454545454545,0.7173620289313203,1.3719479366869471,0.1666666666666666,0.072509056541385,0.0127547544655568,-0.4598282463908016
2022,half_height_width,9254,3125,626,0.7272727272727273,0.2,10,9,0.0140898396800572,0.0130905704569137,-0.0133671344307697,-0.3666593229499884,9259,9264,9256,9265,2022,2022-10-24 14:15:00,2022-10-24 14:40:00,2022-10-25 09:35:00,10,0.0035172183593793,-0.0209688927578709,-0.7012234332181085,0.5,-0.012181235639377,2.012976315828433,0.7272727272727273,0.0,0.0140898396800572,-0.130017216753576,3127,3134,3127,3135,2022,2022-04-14 10:00:00,2022-04-14 10:10:00,2022-04-14 10:45:00,9,0.0025290269298516,-0.0076017583271012,-0.3345641102681201,0.2222222222222222,0.5184371584903155,1.7760733981767038,0.2,0.0228238869571158,0.0130905704569137,-0.2329643867423955
2022,half_height_width,9899,3172,626,0.5294117647058824,0.2105263157894736,16,18,0.0081796120497354,0.0070097136812998,0.00260977590741,0.1109609484435858,9903,9915,9901,9916,2022,2022-11-11 10:30:00,2022-11-11 10:50:00,2022-11-11 13:20:00,16,0.0044422668382228,0.0061526919704466,0.2469868292666542,0.25,0.1411688454057186,1.4207540176338027,0.5294117647058824,0.029859330723292,0.0081796120497354,-0.3765466499057694,3177,3190,3174,3191,2022,2022-04-15 09:55:00,2022-04-15 10:20:00,2022-04-15 11:25:00,18,0.0033237669491381,0.0035429160630365,0.1360258808230683,0.2777777777777778,0.7296939934190957,1.520012378510588,0.2105263157894736,0.1040066010272178,0.0070097136812998,-0.4594502495349464
2022,half_height_width,9950,3284,626,0.5714285714285714,0.1739130434782608,20,22,0.0078048314669647,0.0072257052549247,0.0112170754900994,0.5600036800625461,9955,9970,9952,9971,2022,2022-11-14 10:45:00,2022-11-14 11:10:00,2022-11-14 13:55:00,20,0.0019626871945683,0.0048275311656831,0.2628425167099528,0.25,0.0315558555272981,1.5372000649006945,0.5714285714285714,0.0065534136079924,0.0078048314669647,-0.6310975228694868,3290,3306,3286,3307,2022,2022-04-19 11:15:00,2022-04-19 13:15:00,2022-04-19 14:35:00,22,0.0017344574046161,-0.0063895443244162,-0.2971611633525932,0.2727272727272727,1.5062231663496068,1.4997919705637286,0.1739130434782608,0.2155438576294335,0.0072257052549247,-0.5544430094090915
2022,half_height_width,10101,8196,626,0.5,0.25,33,27,0.0222684896925526,0.0247164657249019,0.0091322527857001,0.2329917600041564,10132,10134,10103,10135,2022,2022-11-17 11:20:00,2022-11-18 09:55:00,2022-11-18 10:05:00,33,0.0022994508953386,0.018799955536383,0.4032185531651509,0.9393939393939394,-0.0689862977491507,1.559261022367672,0.5,0.0012850588162784,0.0222684896925526,0.8503539249313948,8219,8223,8198,8224,2022,2022-09-15 14:05:00,2022-09-16 10:30:00,2022-09-16 10:50:00,27,0.0019741093436493,0.0096677027506829,0.1702267931609944,0.8518518518518519,-0.6732874196406734,1.5672575800108766,0.25,0.0652180202161137,0.0247164657249019,0.8945514835835034
2022,half_height_width,10201,2418,626,0.6538461538461539,0.1538461538461538,25,25,0.0104175722103283,0.0087153227134457,0.0020933805598715,0.0080036459579644,10214,10226,10203,10227,2022,2022-11-21 13:10:00,2022-11-21 14:15:00,2022-11-22 09:45:00,25,0.0016892340692908,-0.005413691047297,-0.2531382880431584,0.52,-0.2010272183153711,2.8566573684530514,0.6538461538461539,0.0,0.0104175722103283,-0.1464446835956274,2431,2443,2420,2444,2022,2022-03-22 11:05:00,2022-03-22 13:40:00,2022-03-22 14:40:00,25,0.0019680130022894,-0.0075070716071686,-0.2611419340011229,0.52,0.0682661101401983,1.9132842824718608,0.1538461538461538,0.0164005847641405,0.0087153227134457,-0.1924020326672915
2022,half_height_width,10450,10020,626,0.5,0.2631578947368421,19,18,0.0068479257464026,0.0064751030857506,0.0010194102784055,-0.0356773142506576,10464,10469,10452,10470,2022,2022-11-28 13:55:00,2022-11-29 09:35:00,2022-11-29 10:00:00,19,0.0019253763472154,-0.0080835318696777,-0.4219040798480391,0.7368421052631579,-0.3325652421876861,1.5566611349251334,0.5,0.0,0.0068479257464026,0.2303562999241737,10032,10038,10022,10039,2022,2022-11-15 14:05:00,2022-11-16 09:35:00,2022-11-16 10:05:00,18,0.0020773113667897,-0.0091029421480833,-0.3862267655973814,0.6666666666666666,-0.6568483212633973,1.7633990848579342,0.2631578947368421,0.0843493755573166,0.0064751030857506,0.1768455127568332
2022,half_height_width,10921,1159,626,0.5,0.1944444444444444,35,35,0.0152206595669888,0.0133926185438246,0.0028722348109062,0.18301691560094,10926,10956,10923,10957,2022,2022-12-12 13:10:00,2022-12-12 13:35:00,2022-12-13 10:35:00,35,0.0013338907629277,0.0103300981741688,0.4077387237240537,0.1428571428571428,0.1305325470811162,1.735334583035406,0.5,0.0308912659548624,0.0152206595669888,-0.8144577842181792,1162,1194,1161,1195,2022,2022-02-14 10:10:00,2022-02-14 10:25:00,2022-02-14 14:35:00,35,0.001823626981444,0.0074578633632625,0.2247218081231136,0.0857142857142857,0.1827345017054288,1.7133119714123644,0.1944444444444444,0.0,0.0133926185438246,-0.6651810416839686
2022,half_height_width,11119,10956,626,0.5,0.25,7,7,0.0027992123068845,0.0029141063268589,-0.0002126970341109,-0.1016765830718837,11120,11126,11121,11127,2022,2022-12-16 13:40:00,2022-12-16 13:45:00,2022-12-16 14:15:00,7,0.0013490092770942,0.0009337691600908,0.1421186462474107,0.1428571428571428,-0.1547951450093012,1.5716820174001735,0.5,0.0,0.0027992123068845,-0.3189853088831871,10957,10963,10958,10964,2022,2022-12-13 10:35:00,2022-12-13 10:40:00,2022-12-13 11:10:00,7,0.001138224448959,0.0011464661942018,0.2437952293192945,0.1428571428571428,0.1961567062570258,1.6327352152984211,0.25,0.1028105819422039,0.0029141063268589,-0.4072482484010959
2022,half_height_width,11368,6270,626,0.6363636363636364,0.2285714285714285,32,34,0.0338899011789326,0.0282788726279017,-0.0057948991650948,0.0009455704785652,11395,11400,11370,11401,2022,2022-12-23 14:25:00,2022-12-26 11:10:00,2022-12-26 13:05:00,32,0.0020163531640231,0.021555838114431,0.4773020961458863,0.84375,0.0591240867342968,2.592654061072954,0.6363636363636364,0.0367019797750457,0.0338899011789326,0.8715633548660688,6295,6304,6272,6305,2022,2022-07-20 13:35:00,2022-07-21 10:10:00,2022-07-21 10:55:00,34,0.0022278068788782,0.0273507372795258,0.4763565256673211,0.7352941176470589,0.3997710498086445,3.067934469825411,0.2285714285714285,0.3377874573821375,0.0282788726279017,0.6405938304221017
2023,peak_fraction,1285,8551,650,0.75,0.25,4,4,0.0012400105085816,0.0012559086436034,-0.0007662413646353,-0.3812778160905427,1288,1289,1287,1290,2023,2023-02-15 14:10:00,2023-02-15 14:25:00,2023-02-15 14:30:00,4,0.0014256065967171,-0.0002636886145746,-0.1026809301722769,0.75,0.3630257375621121,1.2911956096945143,0.4,0.1904340429951141,0.0012400105085816,-0.1417744857938123,8552,8555,8553,8556,2023,2023-09-25 10:10:00,2023-09-25 10:15:00,2023-09-25 10:30:00,4,0.0013198881019311,0.0005025527500606,0.2785968859182658,0.25,7.055413264381518,1.4233488836718238,0.2,0.1745677447375901,0.0012559086436034,-0.2819163192052193
2023,peak_fraction,1666,10967,650,0.75,0.1428571428571428,8,7,0.0022836505689571,0.002257077353331,-0.0001933419273773,-0.0252758868386274,1672,1674,1668,1675,2023,2023-02-27 13:55:00,2023-02-27 14:25:00,2023-02-27 14:35:00,8,0.0013625369913491,-0.0004469500810857,-0.0797934789171262,0.75,-0.0680044776790299,1.3292851596515385,0.4444444444444444,0.0163385275364256,0.0022836505689571,0.1245562720665852,10968,10974,10969,10975,2023,2023-12-12 11:30:00,2023-12-12 13:05:00,2023-12-12 13:35:00,7,0.0015582917685643,-0.0002536081537084,-0.0545175920784987,0.1428571428571428,0.5313559935817705,1.9406011483706929,0.5,0.0,0.002257077353331,0.0868241430519851
2023,peak_fraction,1767,2426,650,0.7,0.125,10,8,0.0027989225311788,0.002998063759616,-0.0039014294710897,-0.593578637128754,1774,1777,1769,1778,2023,2023-03-01 14:20:00,2023-03-01 14:55:00,2023-03-02 09:40:00,10,0.0013227913643682,-0.0044290824049656,-0.6830492304477319,0.7,-0.6477400502579127,1.9889560279563645,0.3636363636363636,0.0432165252124696,0.0027989225311788,-0.2232642108448147,2427,2434,2428,2435,2023,2023-03-21 13:15:00,2023-03-21 13:20:00,2023-03-21 13:55:00,8,0.0015420350591854,-0.0005276529338758,-0.0894705933189778,0.125,0.2622137294568266,1.5242658349803753,0.5555555555555556,0.0579134849262779,0.002998063759616,-0.2151358784050524
2023,peak_fraction,2570,10127,650,0.7,0.25,10,8,0.0054775027236253,0.0045612039547755,0.0035373485075305,0.4014769802017511,2577,2580,2572,2581,2023,2023-03-24 13:15:00,2023-03-24 13:50:00,2023-03-24 14:05:00,10,0.0013991451460783,-0.0010200420235023,-0.0808603462037186,0.7,-0.5022641354798262,1.7047352449555304,0.3636363636363636,0.0756893852840727,0.0054775027236253,-0.1982799447106196,10129,10135,10129,10136,2023,2023-11-16 15:00:00,2023-11-17 09:40:00,2023-11-17 10:10:00,8,0.001020746748388,-0.0045573905310329,-0.4823373264054698,0.25,1.2809012377671642,1.81089505747558,0.3333333333333333,0.0002354440522051,0.0045612039547755,-0.2992435209723079
2023,peak_fraction,3420,8892,650,0.8,0.1666666666666666,5,6,0.00171577165142,0.0019154197095607,-0.0022415116081335,-0.4812470896543515,3424,3425,3422,3426,2023,2023-04-20 10:35:00,2023-04-20 10:55:00,2023-04-20 11:00:00,5,0.0022300941605428,-0.0017595973907433,-0.3607327819532066,0.8,-1.4965642332039997,1.1612675872398133,0.1666666666666666,0.6387142228457229,0.00171577165142,-0.2726397959555826,8893,8898,8894,8899,2023,2023-10-12 10:35:00,2023-10-12 10:40:00,2023-10-12 11:05:00,6,0.001762290639224,0.0004819142173902,0.1205143077011449,0.1666666666666666,1.1392800060553403,1.594438463191489,0.1428571428571428,0.1153170603670143,0.0019154197095607,-0.3393465433434201
2023,peak_fraction,3776,2400,650,0.7222222222222222,0.2105263157894736,18,19,0.0058378818578113,0.0063757605929888,0.0029292565982816,0.1123464481184655,3789,3794,3778,3795,2023,2023-05-04 13:45:00,2023-05-04 14:50:00,2023-05-05 09:45:00,18,0.0016680101857464,7.75215564259731e-05,0.0037322029315326,0.7222222222222222,-0.2284521276586423,1.619590755528293,0.4736842105263157,0.0346847319945698,0.0058378818578113,-0.2082104083343839,2404,2419,2402,2420,2023,2023-03-21 09:35:00,2023-03-21 09:55:00,2023-03-21 11:10:00,19,0.0016200453371694,-0.0028517350418556,-0.1086142451869329,0.2105263157894736,0.4467028959402513,1.371249962662824,0.2,0.0612712775838713,0.0063757605929888,-0.1748454624547812
2023,peak_fraction,7213,10340,650,0.75,0.2,4,5,0.0018388796775479,0.0021930966461018,0.0005510304862569,0.1059844451592943,7216,7217,7215,7218,2023,2023-08-16 10:40:00,2023-08-16 10:55:00,2023-08-16 11:00:00,4,0.0013824642207474,0.0002409084450062,0.0573126443005054,0.75,-0.9195433682890832,1.129729819874699,0.2,0.1964685063571447,0.0018388796775479,-0.1250595109563759,10341,10345,10342,10346,2023,2023-11-23 11:15:00,2023-11-23 11:20:00,2023-11-23 13:10:00,5,0.0011187469761666,-0.0003101220412507,-0.0486718008587888,0.2,0.0649319012756871,1.2321512252451967,0.3333333333333333,0.1804196627609865,0.0021930966461018,0.0995118212968018
2023,time_mass_skew,207,4590,650,1.0461750773007925,-0.2235417618933096,18,18,0.0086175243938306,0.0087335098992671,0.006377998690374,0.4746097558041419,209,225,209,226,2023,2023-01-09 10:50:00,2023-01-09 11:00:00,2023-01-09 13:50:00,18,0.0012125561850682,0.0052857504149363,0.4078812688681059,0.1111111111111111,1.0461750773007925,2.028531444406313,0.2105263157894736,0.0293877155658535,0.0086175243938306,-0.6239621576480429,4598,4608,4592,4609,2023,2023-05-29 13:35:00,2023-05-29 14:15:00,2023-05-30 09:35:00,18,0.0014119225506557,-0.0010922482754376,-0.0667284869360359,0.4444444444444444,-0.2235417618933096,2.808189403454341,0.6842105263157895,0.0,0.0087335098992671,-0.5885716381958512
2023,time_mass_skew,239,180,650,0.4660823637614636,-0.934042007024962,29,27,0.00834286983621,0.0084206999687141,-0.0015758225754907,-0.054037178494179,248,268,241,269,2023,2023-01-09 15:00:00,2023-01-10 10:15:00,2023-01-10 13:25:00,29,0.0011725927832138,-0.0006322981860778,-0.0231759472548609,0.3103448275862069,0.4660823637614636,2.2082451656666997,0.2666666666666666,0.0088891116153938,0.00834286983621,0.1998733874603195,200,207,182,208,2023,2023-01-06 14:05:00,2023-01-09 10:15:00,2023-01-09 10:50:00,27,0.0011795915303696,0.0009435243894128,0.030861231239318,0.7407407407407407,-0.934042007024962,1.8256854085965533,0.3571428571428571,0.0,0.0084206999687141,0.2708429011189039
2023,time_mass_skew,268,8658,650,0.7284677051389024,-0.240866065159177,8,9,0.0028558617516045,0.0027836972953627,0.0017594045671916,0.0480861065913458,272,276,270,277,2023,2023-01-10 13:25:00,2023-01-10 13:45:00,2023-01-10 14:05:00,8,0.0011322033428163,-0.0030469066114104,-0.5048808794111734,0.5,0.7284677051389024,1.465901205374728,0.2222222222222222,0.229272396080683,0.0028558617516045,0.0777788855333615,8666,8667,8660,8668,2023,2023-09-27 11:05:00,2023-09-27 13:15:00,2023-09-27 13:20:00,9,0.0010880095644541,-0.0048063111786021,-0.5529669860025193,0.8888888888888888,-0.240866065159177,1.5452280253850308,0.3,0.0008964859221946,0.0027836972953627,0.1716263913150995
2023,time_mass_skew,452,3776,650,1.134453290617654,-0.2284521276586423,18,18,0.0065536492777615,0.0058378818578113,0.0030200639081107,0.213305332431889,457,470,454,471,2023,2023-01-16 11:15:00,2023-01-16 13:10:00,2023-01-16 14:15:00,18,0.0015053851821651,0.0030975854645367,0.2170375353634217,0.2777777777777778,1.134453290617654,1.5578890040580196,0.3157894736842105,0.0,0.0065536492777615,-0.1182587059272081,3789,3794,3778,3795,2023,2023-05-04 13:45:00,2023-05-04 14:50:00,2023-05-05 09:45:00,18,0.0016680101857464,7.75215564259731e-05,0.0037322029315326,0.7222222222222222,-0.2284521276586423,1.619590755528293,0.4736842105263157,0.0346847319945698,0.0058378818578113,-0.2082104083343839
2023,time_mass_skew,634,10452,650,0.9767856378199724,-0.2603774060534697,16,13,0.0051597189987768,0.004774324634992,0.0055965574200994,0.6192653214883276,635,650,636,651,2023,2023-01-20 10:25:00,2023-01-20 10:30:00,2023-01-20 13:15:00,16,0.0010959421628409,0.002941923527727,0.2702435855168065,0.0625,0.9767856378199724,1.905077104631971,0.1176470588235294,0.185438476812939,0.0051597189987768,-0.5740087514956649,10459,10465,10454,10466,2023,2023-11-27 14:05:00,2023-11-27 14:40:00,2023-11-28 09:40:00,13,0.0013425601843611,-0.0026546338923723,-0.3490217359715211,0.5384615384615384,-0.2603774060534697,1.9064328975056264,0.5714285714285714,0.0,0.004774324634992,-0.6140923892241213
2023,time_mass_skew,663,8493,650,0.520046121488735,-0.6883924827055071,15,17,0.018000765943408,0.0160606665435469,0.0065247379226828,0.1549825618288731,677,678,665,679,2023,2023-01-20 14:20:00,2023-01-30 10:00:00,2023-01-30 10:05:00,15,0.0011560947403329,0.0087437548151271,0.2336521007145613,0.9333333333333332,0.520046121488735,4.137903458366067,0.0625,0.3232464269956506,0.018000765943408,0.4809503772273816,8507,8510,8495,8511,2023,2023-09-21 14:50:00,2023-09-22 10:30:00,2023-09-22 10:45:00,17,0.0012709778237262,0.0022190168924443,0.0786695388856883,0.8235294117647058,-0.6883924827055071,1.4515830991615506,0.2777777777777778,0.1400811053980453,0.0160606665435469,0.6108904542823537
2023,time_mass_skew,976,5071,650,0.4315275725741021,-0.3226474369559416,18,18,0.0075792895497155,0.0074402710841932,-0.0044282608288772,-0.291230136169483,983,994,978,995,2023,2023-02-07 10:55:00,2023-02-07 11:30:00,2023-02-07 13:55:00,18,0.0013426882629843,-0.0025487337767963,-0.153604490648874,0.3888888888888889,0.4315275725741021,1.4013486250344285,0.2631578947368421,0.0225719332418484,0.0075792895497155,-0.4348690048327531,5078,5089,5073,5090,2023,2023-06-12 13:40:00,2023-06-12 14:15:00,2023-06-13 09:40:00,18,0.0017595886426503,0.0018795270520809,0.137625645520609,0.3888888888888889,-0.3226474369559416,2.6100977739921243,0.5789473684210527,0.0,0.0074402710841932,-0.6600748824926821
2023,time_mass_skew,1026,8244,650,2.213944584742213,-0.2434277690854409,15,14,0.0059247476673212,0.0056616151503003,0.0107878967433505,0.7765813479339273,1029,1041,1028,1042,2023,2023-02-08 11:05:00,2023-02-08 11:20:00,2023-02-08 13:50:00,15,0.0013760543825384,0.0027569383957564,0.2244802621776177,0.2,2.213944584742213,1.3376093147499202,0.1875,0.3609426630540197,0.0059247476673212,-0.4752550421890223,8251,8258,8246,8259,2023,2023-09-14 14:05:00,2023-09-14 14:40:00,2023-09-15 09:45:00,14,0.0013258600425283,-0.008030958347594,-0.5521010857563096,0.5,-0.2434277690854409,2.194321512731717,0.4666666666666667,0.0,0.0056616151503003,-0.3500414516251116
2023,time_mass_skew,1453,7817,650,0.6289815921632906,-0.5144748774322995,10,9,0.0077906455569261,0.0070208120748995,-0.0104125305313436,-0.4909167090597623,1457,1463,1455,1464,2023,2023-02-21 10:40:00,2023-02-21 11:00:00,2023-02-21 11:30:00,10,0.0012893926246739,-0.0134028733142942,-0.7172746794712922,0.4,0.6289815921632906,1.495846255594924,0.1818181818181818,0.1245082344745294,0.0077906455569261,-0.2642818434096903,7822,7826,7819,7827,2023,2023-09-01 14:30:00,2023-09-01 14:55:00,2023-09-04 09:45:00,9,0.0016729986385764,-0.0029903427829505,-0.2263579704115298,0.5555555555555556,-0.5144748774322995,2.0403890109114298,0.4,0.0,0.0070208120748995,-0.4351134544076556
2023,time_mass_skew,1632,2685,650,0.5733585619936977,-1.1949601384784612,12,10,0.0077701252704267,0.0077596448086172,-0.0004181578403044,-0.1226744748885075,1636,1644,1634,1645,2023,2023-02-27 09:35:00,2023-02-27 09:55:00,2023-02-27 10:35:00,12,0.0013615641918716,-0.0125965129391654,-0.781927358848708,0.3333333333333333,0.5733585619936977,2.023267485690978,0.1538461538461538,0.0,0.0077701252704267,0.3138232110742906,2692,2695,2687,2696,2023,2023-03-28 14:50:00,2023-03-29 09:55:00,2023-03-29 10:10:00,10,0.0015420018731238,-0.012178355098861,-0.6592528839602004,0.7,-1.1949601384784612,1.549931465969726,0.1818181818181818,0.1411149116084266,0.0077596448086172,0.466280591162153
2023,time_mass_skew,1644,10159,650,0.6036816971779019,-0.3544528156705347,22,22,0.0093844228878632,0.0089927244817671,-0.0015590868213827,-0.0605142242215596,1650,1666,1646,1667,2023,2023-02-27 10:35:00,2023-02-27 11:05:00,2023-02-27 13:55:00,22,0.0013831121297745,-0.005579930959176,-0.2784077976462555,0.2727272727272727,0.6036816971779019,1.4261245477577131,0.3478260869565217,0.0021357993205798,0.0093844228878632,-0.5722694932473841,10172,10181,10161,10182,2023,2023-11-17 13:40:00,2023-11-17 14:45:00,2023-11-20 10:00:00,22,0.0009948216374472,-0.0040208441377932,-0.2178935734246958,0.5909090909090909,-0.3544528156705347,1.8419282513388304,0.5217391304347826,0.0050890335603258,0.0089927244817671,-0.3255150218340795
2023,time_mass_skew,1777,1477,650,0.5678464793442977,-0.4243585073517205,14,16,0.0072786166857516,0.0076112691084597,0.003847581345486,0.0873756447907838,1782,1791,1779,1792,2023,2023-03-02 09:40:00,2023-03-02 10:05:00,2023-03-02 10:50:00,14,0.0012159332427152,-0.003377181793164,-0.2439130860363886,0.3571428571428571,0.5678464793442977,1.423460630755249,0.2666666666666666,0.0262760648720432,0.0072786166857516,-0.2134829755179077,1485,1493,1479,1494,2023,2023-02-21 14:10:00,2023-02-21 14:50:00,2023-02-22 10:00:00,16,0.0015135210753748,-0.0072247631386501,-0.3312887308271724,0.5,-0.4243585073517205,2.176333365014043,0.2352941176470588,0.034453214635709,0.0076112691084597,-0.1314405714060395
2023,time_mass_skew,1809,349,650,0.6034720372801341,-0.2328555005192519,9,11,0.0028989187241652,0.0028051662190264,0.0007481151412014,0.1404697024085895,1811,1818,1811,1819,2023,2023-03-02 13:50:00,2023-03-02 14:00:00,2023-03-02 14:35:00,9,0.000966693836611,0.0018997388520845,0.3457979649452488,0.2222222222222222,0.6034720372801341,1.7378698899786935,0.4,0.0430528428775997,0.0028989187241652,-0.599651140539562,352,360,351,361,2023,2023-01-12 10:40:00,2023-01-12 10:55:00,2023-01-12 13:05:00,11,0.0010048227937548,0.001151623710883,0.2053282625366592,0.2727272727272727,-0.2328555005192519,2.169084565806859,0.4166666666666667,0.0372646335021696,0.0028051662190264,-0.5021821415880304
2023,time_mass_skew,1818,3952,650,0.4261016982160516,-0.388594928733692,21,23,0.01411835443918,0.0114347171612365,-0.0170297416661363,-0.5343748273755357,1828,1839,1820,1840,2023,2023-03-02 14:35:00,2023-03-03 09:55:00,2023-03-03 10:50:00,21,0.0019440734482467,-0.0151784226599224,-0.4705075680415395,0.4761904761904761,0.4261016982160516,3.4614406313965125,0.4545454545454545,0.0179441515716085,0.01411835443918,0.1595935009698603,3964,3975,3954,3976,2023,2023-05-10 10:55:00,2023-05-10 13:25:00,2023-05-10 14:20:00,23,0.0016904966500587,0.0018513190062138,0.0638672593339961,0.5217391304347826,-0.388594928733692,1.5117020375088217,0.2083333333333333,0.0218538262082445,0.0114347171612365,0.2202641717725006
2023,time_mass_skew,2110,2570,650,0.8734526990098684,-0.5022641354798262,10,10,0.0056035495088213,0.0054775027236253,-0.0082185139817036,-0.5233019055601342,2114,2120,2112,2121,2023,2023-03-10 14:55:00,2023-03-13 09:45:00,2023-03-13 10:15:00,10,0.0016881274194666,-0.009238556005206,-0.6041622517638529,0.4,0.8734526990098684,1.5969200576344025,0.1818181818181818,0.0019817182260855,0.0056035495088213,-0.0970194629403669,2577,2580,2572,2581,2023,2023-03-24 13:15:00,2023-03-24 13:50:00,2023-03-24 14:05:00,10,0.0013991451460783,-0.0010200420235023,-0.0808603462037186,0.7,-0.5022641354798262,1.7047352449555304,0.3636363636363636,0.0756893852840727,0.0054775027236253,-0.1982799447106196
2023,time_mass_skew,2980,3480,650,0.6101086247572824,-0.5844555608855304,5,6,0.0051758241832677,0.0050069448426803,0.0015208157662483,0.1441208437919647,2982,2985,2982,2986,2023,2023-04-07 09:55:00,2023-04-07 10:05:00,2023-04-07 10:20:00,5,0.0030830931352337,0.000295564791692,0.0255569668609716,0.4,0.6101086247572824,1.5584846304625302,0.3333333333333333,0.216362500528791,0.0051758241832677,0.1125512326828611,3484,3486,3482,3487,2023,2023-04-21 13:05:00,2023-04-21 13:25:00,2023-04-21 13:35:00,6,0.0022476192193743,-0.0012252509745563,-0.118563876930993,0.6666666666666666,-0.5844555608855304,1.522959584625022,0.2857142857142857,0.0,0.0050069448426803,0.2287600688446802
2023,time_mass_skew,3180,2580,650,1.0034410279865256,-0.3110469335918902,32,35,0.0185691884803604,0.0226242648062307,-0.0050379605173014,-0.0772916665060665,3185,3212,3182,3213,2023,2023-04-13 10:35:00,2023-04-13 11:00:00,2023-04-13 14:45:00,32,0.0019803335560859,0.0003217741680168,0.006583997138403,0.15625,1.0034410279865256,1.4213006360101696,0.2727272727272727,0.0115993887656455,0.0185691884803604,-0.6106514707735444,2597,2615,2582,2616,2023,2023-03-24 14:05:00,2023-03-27 10:00:00,2023-03-27 11:30:00,35,0.0016937811275234,0.0053597346853182,0.0838756636444695,0.4857142857142857,-0.3110469335918902,1.638190966648446,0.3611111111111111,0.0100678065080486,0.0226242648062307,-0.4605664175770319
2023,time_mass_skew,3270,5563,650,0.8455173913015681,-0.4897626625627965,13,14,0.0083197341181575,0.0079469040024724,0.0063515755865479,0.2805790771923326,3273,3283,3272,3284,2023,2023-04-17 10:05:00,2023-04-17 10:20:00,2023-04-17 11:10:00,13,0.0022675336410638,-0.0026524549266329,-0.1031979227037363,0.2307692307692307,0.8455173913015681,1.3041861273008966,0.2857142857142857,0.1229745163075416,0.0083197341181575,-0.123431217726624,5570,5577,5565,5578,2023,2023-06-28 14:40:00,2023-06-29 09:45:00,2023-06-29 10:20:00,14,0.002227467735949,-0.0090040305131809,-0.383776999896069,0.5,-0.4897626625627965,2.1464555462620547,0.2666666666666666,0.0350667435635377,0.0079469040024724,-0.2778344320380566
2023,time_mass_skew,3296,5397,650,0.5797610354391955,-0.2166956067548537,32,28,0.0227991721917488,0.0223108418197082,-0.0202464004437246,-0.5238635191537021,3304,3328,3298,3329,2023,2023-04-17 13:45:00,2023-04-17 14:25:00,2023-04-18 10:55:00,32,0.0019569729057144,-0.0007293885417356,-0.0136995395291863,0.25,0.5797610354391955,2.1463264904497983,0.3333333333333333,0.0095107050250219,0.0227991721917488,-0.8042868763003672,5399,5425,5399,5426,2023,2023-06-21 11:20:00,2023-06-21 11:30:00,2023-06-26 09:40:00,28,0.0021233473233901,0.0195170119019889,0.5101639796245158,0.0714285714285714,-0.2166956067548537,2.0016720253845275,0.6551724137931034,0.0009630680332576,0.0223108418197082,-0.8937940879765842
2023,time_mass_skew,3825,2120,650,0.6487766050905893,-0.5282097581210445,11,10,0.0054836390267851,0.0049845842701614,-0.0048301774446239,-0.3293551495778796,3829,3836,3827,3837,2023,2023-05-05 13:50:00,2023-05-05 14:10:00,2023-05-05 14:45:00,11,0.0013365301210204,-0.0100993447811913,-0.7421248792348907,0.3636363636363636,0.6487766050905893,1.4687523637129862,0.25,0.0242170794854897,0.0054836390267851,-0.1774596505365169,2126,2130,2122,2131,2023,2023-03-13 10:15:00,2023-03-13 10:45:00,2023-03-13 11:05:00,10,0.0013894194696965,-0.0052691673365674,-0.4127697296570111,0.6,-0.5282097581210445,1.3980819661384494,0.1818181818181818,0.037602466788955,0.0049845842701614,0.0706982973038043
2023,time_mass_skew,3868,4023,650,0.425944117654062,-0.2860967420691799,5,4,0.0026833181133785,0.0024035315247736,0.0005387681409564,0.116429080197677,3870,3873,3870,3874,2023,2023-05-08 13:25:00,2023-05-08 13:35:00,2023-05-08 13:50:00,5,0.0019531587529803,0.0002562946453194,0.0529014421529524,0.4,0.425944117654062,1.699071191950021,0.5,0.0,0.0026833181133785,0.0,4025,4027,4025,4028,2023,2023-05-11 14:20:00,2023-05-11 14:30:00,2023-05-11 14:40:00,4,0.0015645806510776,-0.0002824734956369,-0.0635276380447245,0.5,-0.2860967420691799,1.418083728305297,0.4,0.0,0.0024035315247736,0.1580546160205142
2023,time_mass_skew,4531,3706,650,0.4318698100494551,-0.5213833816656435,15,14,0.0072334097979798,0.0060402369274843,-0.0104655426899413,-0.6169563966546242,4544,4546,4533,4547,2023,2023-05-26 11:10:00,2023-05-26 13:45:00,2023-05-26 13:55:00,15,0.0019774498043777,-0.0066708599865416,-0.4341264273751044,0.8666666666666667,0.4318698100494551,1.91118716303184,0.375,0.0406136104576261,0.0072334097979798,0.7041580505406901,3718,3720,3708,3721,2023,2023-04-28 10:25:00,2023-04-28 11:25:00,2023-04-28 13:05:00,14,0.0020700599056846,0.0037946827033996,0.1828299692795198,0.8571428571428571,-0.5213833816656435,1.4932997955975014,0.2666666666666666,0.183825414372096,0.0060402369274843,0.6389858912381425
2023,time_mass_skew,4992,10880,650,0.5162127705937155,-1.1933842748007526,11,11,0.0052116799769672,0.0050504278297944,-0.005995073572446,-0.470225218758852,4997,5003,4994,5004,2023,2023-06-09 09:35:00,2023-06-09 10:00:00,2023-06-09 10:30:00,11,0.001361445591419,-0.0042048750100862,-0.3004449383252749,0.4545454545454545,0.5162127705937155,1.752330574516008,0.5,0.0,0.0052116799769672,0.1679830419822594,10889,10891,10882,10892,2023,2023-12-08 13:45:00,2023-12-08 14:30:00,2023-12-08 14:40:00,11,0.0014496174696256,0.0017901985623598,0.169780280433577,0.8181818181818182,-1.1933842748007526,1.6011560187659744,0.25,0.1095041540061906,0.0050504278297944,0.3774380631803203
2023,time_mass_skew,5661,9878,650,0.9426199411591868,-0.3209924253306052,13,11,0.0124643789276754,0.0115400575700546,-0.001950962000785,-0.0944914650014627,5665,5674,5663,5675,2023,2023-06-30 14:50:00,2023-07-03 09:40:00,2023-07-03 10:25:00,13,0.0015073623824782,0.0029783019822006,0.1298277563042659,0.3076923076923077,0.9426199411591868,1.35813519926077,0.2142857142857142,0.11563558724486,0.0124643789276754,-0.5022102576125814,9882,9889,9880,9890,2023,2023-11-09 14:15:00,2023-11-09 14:35:00,2023-11-10 09:40:00,11,0.0014186473021564,0.0049292639829856,0.2243192213057286,0.3636363636363636,-0.3209924253306052,2.5146089308473063,0.5833333333333334,0.198589345147625,0.0115400575700546,-0.4592491806013201
2023,time_mass_skew,5873,11446,650,0.6506381462898864,-0.6684475988751868,6,5,0.0022010390951967,0.0025478648128327,-0.0010760057861072,-0.2474122156504534,5875,5879,5875,5880,2023,2023-07-07 11:00:00,2023-07-07 11:10:00,2023-07-07 11:30:00,6,0.0011903859076057,-0.0007242795952536,-0.1652927046545106,0.3333333333333333,0.6506381462898864,1.6044973511223204,0.2857142857142857,0.0,0.0022010390951967,-0.1736738808641807,11447,11451,11448,11452,2023,2023-12-26 11:25:00,2023-12-26 11:30:00,2023-12-26 13:20:00,5,0.001134423366589,0.0003517261908535,0.0821195109959428,0.2,-0.6684475988751868,1.249345089814916,0.3333333333333333,0.579036493064492,0.0025478648128327,-0.095212630121889
2023,time_mass_skew,6166,1289,650,0.7560257565877113,-0.3703609943492504,9,8,0.003809644520401,0.0040777467578383,0.0050956404029822,0.8091690904657446,6168,6175,6168,6176,2023,2023-07-17 11:25:00,2023-07-17 13:05:00,2023-07-17 13:40:00,9,0.0011662873868457,0.0020337197630065,0.2997202422151456,0.2222222222222222,0.7560257565877113,1.6099455047075597,0.1,0.0125342965054605,0.003809644520401,-0.5311410436183598,1290,1297,1291,1298,2023,2023-02-15 14:30:00,2023-02-15 14:35:00,2023-02-16 09:40:00,8,0.0014304439390914,-0.0030619206399756,-0.509448848250599,0.125,-0.3703609943492504,1.8167339564415188,0.4444444444444444,0.0,0.0040777467578383,-0.7797268142979411
2023,time_mass_skew,6235,11369,650,0.9981402987756876,-0.5072525089506068,15,12,0.0104312312732668,0.0089396696168417,-0.000184818962192,-0.0550471239102199,6240,6250,6237,6251,2023,2023-07-18 14:40:00,2023-07-19 09:35:00,2023-07-19 10:25:00,15,0.001509220264685,-0.011853743283624,-0.5323034213525415,0.3333333333333333,0.9981402987756876,2.670967476661658,0.0625,0.0596277729585756,0.0104312312732668,-0.3220479856801367,11374,11381,11371,11382,2023,2023-12-22 14:30:00,2023-12-22 14:55:00,2023-12-25 10:00:00,12,0.0017429378562685,-0.0116689243214319,-0.4772562974423215,0.4166666666666667,-0.5072525089506068,2.091928754060449,0.3076923076923077,0.1041553602941219,0.0089396696168417,-0.4275989850608376
2023,time_mass_skew,6271,1987,650,0.6131162753947456,-0.3138510888644258,14,17,0.0033512198740046,0.0036431751021828,-0.0013340681185533,-0.2171664702759712,6277,6285,6273,6286,2023,2023-07-19 13:40:00,2023-07-19 14:10:00,2023-07-19 14:50:00,14,0.0015620225453922,-0.0041214972621485,-0.4428802856656844,0.4285714285714285,0.6131162753947456,1.6818431189093257,0.2666666666666666,0.0,0.0033512198740046,0.1714918098618663,1998,2004,1989,2005,2023,2023-03-08 11:10:00,2023-03-08 13:35:00,2023-03-08 14:05:00,17,0.0013139027005214,-0.0027874291435952,-0.2257138153897131,0.6470588235294118,-0.3138510888644258,1.716835699702943,0.4444444444444444,0.006648444703603,0.0036431751021828,0.2413306398438907
2023,time_mass_skew,6369,6787,650,0.7483484318383257,-1.5515590749707315,9,11,0.0030340146517691,0.0037406012037575,-0.0018047490426324,-0.3998812578599885,6372,6378,6371,6379,2023,2023-07-21 13:50:00,2023-07-21 14:05:00,2023-07-21 14:35:00,9,0.0010269420473285,-0.0046774576424422,-0.7245988617198633,0.3333333333333333,0.7483484318383257,1.4795734942715355,0.3,0.0006696137743989,0.0030340146517691,0.1450156064560174,6796,6798,6789,6799,2023,2023-08-03 11:10:00,2023-08-03 13:25:00,2023-08-03 13:35:00,11,0.0008889246081358,-0.0028727085998098,-0.3247176038598747,0.8181818181818182,-1.5515590749707315,1.6300442647235769,0.1666666666666666,0.2205641155434207,0.0037406012037575,0.3233828559267315
2023,time_mass_skew,6674,6798,650,0.6799934572156114,-0.3565370061300447,6,5,0.0020033257766174,0.001775630970207,-0.0025718332419817,-0.7602748546311697,6677,6680,6676,6681,2023,2023-08-01 09:45:00,2023-08-01 10:00:00,2023-08-01 10:15:00,6,0.0010114266165323,-0.0016215966442148,-0.4449924541425419,0.5,0.6799934572156114,2.403360630350651,0.2857142857142857,0.0106608614011577,0.0020033257766174,0.4641666493490311,6802,6803,6800,6804,2023,2023-08-03 13:35:00,2023-08-03 13:55:00,2023-08-03 14:00:00,5,0.0009151129845388,0.0009502365977668,0.3152824004886279,0.8,-0.3565370061300447,1.096674242605669,0.3333333333333333,0.0,0.001775630970207,0.4944079718713204
2023,time_mass_skew,6876,6937,650,1.2910725042680944,-0.3323851361344317,30,34,0.0067368068630386,0.0084077232148969,-0.0044938187911856,-0.1322686983141316,6882,6906,6878,6907,2023,2023-08-07 10:35:00,2023-08-07 11:05:00,2023-08-07 14:35:00,30,0.0008185880913293,0.0010712326433649,0.0568493175161071,0.2,1.2910725042680944,1.3134904512928138,0.1290322580645161,0.177966889720606,0.0067368068630386,-0.653553439697214,6940,6971,6939,6972,2023,2023-08-08 13:10:00,2023-08-08 13:25:00,2023-08-09 10:30:00,34,0.0007795319855548,0.0055650514345506,0.1891180158302387,0.088235294117647,-0.3323851361344317,1.983189603404398,0.2571428571428571,0.0077005764300439,0.0084077232148969,-0.8771489188934439
2023,time_mass_skew,6928,5937,650,0.4972247259715933,-0.4862023330046191,9,9,0.0031124486781477,0.0027797659128729,-0.0003366264937465,0.2508831283214349,6936,6937,6930,6938,2023,2023-08-08 10:55:00,2023-08-08 13:05:00,2023-08-08 13:10:00,9,0.0007718840057039,-0.0029861158510862,-0.4085532695105942,0.8888888888888888,0.4972247259715933,1.1931684716058573,0.2,0.2284963577245114,0.0031124486781477,0.3920364447264056,5944,5946,5939,5947,2023,2023-07-10 13:50:00,2023-07-10 14:25:00,2023-07-10 14:35:00,9,0.0011071171597477,-0.0026494893573396,-0.6594363978320291,0.7777777777777778,-0.4862023330046191,1.5535571171872051,0.4,0.0476639104332231,0.0027797659128729,0.6162707454155147
2023,time_mass_skew,7348,3425,650,0.7014736103268606,-0.2632050210495908,16,15,0.0066864704683355,0.0066226267580935,-0.0030328834831639,-0.1944609664225522,7354,7364,7350,7365,2023,2023-08-21 09:55:00,2023-08-21 10:25:00,2023-08-21 11:15:00,16,0.0018671626984763,-0.0101113333569867,-0.492189436268833,0.375,0.7014736103268606,1.684970413180543,0.2941176470588235,0.0274685893907233,0.0066864704683355,-0.1045908190385739,3434,3440,3427,3441,2023,2023-04-20 11:00:00,2023-04-20 13:15:00,2023-04-20 13:45:00,15,0.0022638674843765,-0.0070784498738227,-0.2977284698462807,0.6,-0.2632050210495908,1.5117882375441334,0.375,0.0743631230239908,0.0066226267580935,-0.0628142018649304
2023,time_mass_skew,7501,9558,650,0.493898007298278,-0.2521279512874657,5,4,0.0047118322381978,0.0043700497948622,0.0001950000384026,0.0344766829966844,7504,7506,7503,7507,2023,2023-08-24 10:40:00,2023-08-24 10:55:00,2023-08-24 11:05:00,5,0.001901645653502,-0.0006208340822839,-0.0687728681137116,0.6,0.493898007298278,1.729565693168242,0.3333333333333333,0.1024114549763329,0.0047118322381978,0.0958221407179129,9561,9562,9560,9563,2023,2023-11-01 10:05:00,2023-11-01 10:20:00,2023-11-01 10:25:00,4,0.0014544274596722,-0.0008158341206865,-0.103249551110396,0.75,-0.2521279512874657,1.1942435147901884,0.4,0.0,0.0043700497948622,0.1787983662388796
2023,time_mass_skew,7506,9174,650,0.9566892934156568,-0.2283454430473503,61,63,0.0297314754839987,0.0282552394872688,0.0068102106098919,0.0966610546798638,7516,7567,7508,7568,2023,2023-08-24 11:05:00,2023-08-24 13:25:00,2023-08-25 13:40:00,61,0.0019359033297702,0.0199106718896526,0.2759229071902763,0.1639344262295081,0.9566892934156568,2.2067721997795493,0.3870967741935484,0.0267883486893378,0.0297314754839987,-0.643784013204773,9184,9237,9176,9238,2023,2023-10-20 10:05:00,2023-10-20 10:55:00,2023-10-23 11:20:00,63,0.0018659097922624,0.0131004612797606,0.1792618525104124,0.1587301587301587,-0.2283454430473503,1.81023966332016,0.453125,0.0970427984344727,0.0282552394872688,-0.8561784427023273
2023,time_mass_skew,7567,5355,650,0.9289447083190816,-0.2929829051811942,10,12,0.0085654120320537,0.0075957904938999,-0.0108342801162513,-0.6051472142973354,7571,7577,7569,7578,2023,2023-08-25 13:40:00,2023-08-25 14:00:00,2023-08-25 14:30:00,10,0.0019100975650699,-0.0115297865062652,-0.6513146894207391,0.4,0.9289447083190816,2.057718113361385,0.1818181818181818,0.0655594882837013,0.0085654120320537,-0.2769774178722139,5362,5367,5357,5368,2023,2023-06-20 13:20:00,2023-06-20 13:55:00,2023-06-20 14:20:00,12,0.0016792948245915,-0.0006955063900138,-0.0461674751234036,0.5833333333333334,-0.2929829051811942,1.533832028195935,0.4615384615384615,0.0,0.0075957904938999,-0.0765180830773001
2023,time_mass_skew,7730,2777,650,0.6217187843708266,-0.6170305280134646,26,22,0.0121429571108304,0.0103794993923722,-0.0007895733348482,-0.0209674884372418,7739,7756,7732,7757,2023,2023-08-31 09:45:00,2023-08-31 10:30:00,2023-08-31 13:25:00,26,0.0018298962215879,-0.0010653104274218,-0.0294718894519924,0.3461538461538461,0.6217187843708266,1.7750612484982635,0.3333333333333333,0.0001337014010096,0.0121429571108304,0.1044973756609783,2792,2799,2779,2800,2023,2023-03-30 14:30:00,2023-03-31 10:15:00,2023-03-31 10:50:00,22,0.0019948331557885,-0.0002757370925735,-0.0085044010147505,0.6818181818181818,-0.6170305280134646,1.6527213168604695,0.3043478260869565,0.0243329190086858,0.0103794993923722,0.2773736296163592
2023,time_mass_skew,7899,1041,650,1.208540500213763,-0.2209662961975657,14,15,0.0092015495862112,0.0092232222357777,-0.0015184194154707,-0.3190369956721211,7901,7913,7901,7914,2023,2023-09-05 13:20:00,2023-09-05 13:30:00,2023-09-05 14:30:00,14,0.0018721743156293,0.0066491745858792,0.3721255667773532,0.1428571428571428,1.208540500213763,1.3682483492510082,0.4,0.1271909011756949,0.0092015495862112,-0.715598536494958,1045,1056,1043,1057,2023,2023-02-08 13:50:00,2023-02-08 14:10:00,2023-02-09 09:35:00,15,0.0013187552604239,0.00816759400135,0.6911625624494744,0.2666666666666666,-0.2209662961975657,3.321951327488266,0.6875,0.0,0.0092232222357777,-0.9059727345685796
2023,time_mass_skew,7953,3899,650,0.8297092207557464,-0.2486670124099624,50,53,0.0371140277477284,0.0396206760704558,-0.0021268778002859,0.054342987884065,7963,8003,7955,8004,2023,2023-09-06 13:50:00,2023-09-06 14:40:00,2023-09-07 14:00:00,50,0.001881344170993,0.0221128313347979,0.3887563626191101,0.2,0.8297092207557464,2.6465444754743057,0.1568627450980392,0.0062492949555602,0.0371140277477284,-0.767863018910286,3901,3952,3901,3953,2023,2023-05-09 10:30:00,2023-05-09 10:40:00,2023-05-10 10:55:00,53,0.0015252226583304,0.0242397091350838,0.334413374735045,0.0377358490566037,-0.2486670124099624,1.7022881192485333,0.4259259259259259,0.0083247476326851,0.0396206760704558,-0.8469998526260407
2023,time_mass_skew,8359,11180,650,0.5622737751506414,-0.7355667458888231,29,31,0.0100738682296039,0.0120695306689571,-0.0128194533403528,-0.3695645478357233,8367,8388,8361,8389,2023,2023-09-19 10:10:00,2023-09-19 10:50:00,2023-09-19 14:05:00,29,0.0014762430701311,-0.0069386582944064,-0.1987310590347403,0.2758620689655172,0.5622737751506414,1.8289154479811576,0.4333333333333333,0.0,0.0100738682296039,0.1070568370815282,11198,11211,11182,11212,2023,2023-12-18 14:45:00,2023-12-19 10:45:00,2023-12-19 13:20:00,31,0.0010559833472484,0.0058807950459464,0.1708334888009829,0.5806451612903226,-0.7355667458888231,1.964506028355822,0.21875,0.0021894894816925,0.0120695306689571,0.3133607168469066
2023,time_mass_skew,8472,6059,650,0.747958401197359,-0.4557736127116062,9,8,0.004173096577392,0.0037262745165866,0.0017557721176039,0.2046491447072855,8473,8481,8474,8482,2023,2023-09-21 13:05:00,2023-09-21 13:10:00,2023-09-21 13:50:00,9,0.001062978194423,0.0009287423175649,0.1138041436367804,0.1111111111111111,0.747958401197359,1.990583217621669,0.1,0.0,0.004173096577392,-0.2253641201967579,6063,6067,6061,6068,2023,2023-07-13 10:30:00,2023-07-13 10:50:00,2023-07-13 11:10:00,8,0.0013142762168125,-0.0008270298000389,-0.0908450010705051,0.5,-0.4557736127116062,1.5061044523710627,0.2222222222222222,0.0163120261089866,0.0037262745165866,-0.1948868210698525
2023,time_mass_skew,8589,4229,650,0.6943271162359843,-0.6450093800277805,5,6,0.0038346143332157,0.0045743605892463,-0.0039718382593022,-0.5646519636118172,8593,8594,8591,8595,2023,2023-09-25 14:50:00,2023-09-26 09:40:00,2023-09-26 09:45:00,5,0.0010386349007999,-0.0034580109618293,-0.5043311775242235,0.8,0.6943271162359843,1.699213275409221,0.3333333333333333,0.1937360291670034,0.0038346143332157,0.0297945112740105,4234,4235,4231,4236,2023,2023-05-18 10:00:00,2023-05-18 10:25:00,2023-05-18 10:30:00,6,0.001195374233858,0.0005138272974729,0.0603207860875937,0.8333333333333334,-0.6450093800277805,1.3232146450846212,0.2857142857142857,0.2109899206729072,0.0045743605892463,0.0784181940603099
2023,time_mass_skew,8617,8564,650,0.6503002068595123,-0.2330497143443645,20,19,0.0051285371023537,0.0042112533349367,0.0013615899560702,0.2210092300026914,8624,8637,8619,8638,2023,2023-09-26 13:10:00,2023-09-26 13:45:00,2023-09-26 14:50:00,20,0.0012084581995763,-0.0053238278641083,-0.4585116299297506,0.35,0.6503002068595123,1.4668607799896418,0.238095238095238,0.0,0.0051285371023537,-0.2243928615896581,8574,8583,8566,8584,2023,2023-09-25 11:15:00,2023-09-25 13:35:00,2023-09-25 14:20:00,19,0.0012199910877718,-0.0066854178201785,-0.679520859932442,0.5263157894736842,-0.2330497143443645,1.9589183073867005,0.35,0.0218842335830113,0.0042112533349367,-0.0108558888484987
2023,time_mass_skew,8738,10648,650,0.6638692564402439,-0.3352761492215355,24,24,0.0099325656264843,0.0085010951338944,-0.0010069297053904,-0.0617885942688268,8746,8762,8740,8763,2023,2023-10-09 09:45:00,2023-10-09 10:25:00,2023-10-09 13:15:00,24,0.0013655463671634,-0.0042111131854736,-0.1814281754282372,0.3333333333333333,0.6638692564402439,1.7524108146508244,0.4,0.0,0.0099325656264843,0.2774453646172907,10661,10672,10650,10673,2023,2023-12-01 14:25:00,2023-12-04 10:00:00,2023-12-04 10:55:00,24,0.0013956709017288,-0.0032041834800831,-0.1196395811594103,0.5416666666666666,-0.3352761492215355,1.7990278506804642,0.24,0.0307700537801834,0.0085010951338944,0.4123964711585542
2023,time_mass_skew,8864,4962,650,0.4438548962019769,-0.2804734716584701,8,8,0.0054784795070164,0.0065253572423671,0.0121625573461885,1.0802890984188362,8865,8872,8866,8873,2023,2023-10-11 13:45:00,2023-10-11 13:50:00,2023-10-11 14:25:00,8,0.0012765927076227,0.0035582417508386,0.4287686895946794,0.125,0.4438548962019769,1.310894192778669,0.3333333333333333,0.0,0.0054784795070164,-0.6597526580867834,4966,4970,4964,4971,2023,2023-06-08 11:05:00,2023-06-08 11:25:00,2023-06-08 13:15:00,8,0.0016784451618733,-0.0086043155953498,-0.6515204088241567,0.5,-0.2804734716584701,1.705788300668836,0.2222222222222222,0.0,0.0065253572423671,-0.4635205473789713
2023,time_mass_skew,8892,11333,650,1.1392800060553403,-0.3000781249051703,6,5,0.0019154197095607,0.0020645719788507,-0.0005271855732254,-0.1658923031718427,8893,8898,8894,8899,2023,2023-10-12 10:35:00,2023-10-12 10:40:00,2023-10-12 11:05:00,6,0.001762290639224,0.0004819142173902,0.1205143077011449,0.1666666666666666,1.1392800060553403,1.594438463191489,0.1428571428571428,0.1153170603670143,0.0019154197095607,-0.3393465433434201,11335,11338,11335,11339,2023,2023-12-22 10:00:00,2023-12-22 10:10:00,2023-12-22 10:25:00,5,0.001895386358693,0.0010090997906157,0.2864066108729876,0.4,-0.3000781249051703,1.3245027553948678,0.3333333333333333,0.0,0.0020645719788507,-0.4427834176452702
2023,time_mass_skew,9585,1767,650,0.5497823868363468,-0.6477400502579127,11,10,0.0026615592707717,0.0027989225311788,0.0046128383775517,0.714089841972541,9588,9596,9587,9597,2023,2023-11-01 13:50:00,2023-11-01 14:05:00,2023-11-01 14:45:00,11,0.0014201908500018,0.000183755972586,0.0310406115248091,0.2727272727272727,0.5497823868363468,1.8287945491556803,0.4166666666666667,0.0461954433477559,0.0026615592707717,-0.0604099375511057,1774,1777,1769,1778,2023,2023-03-01 14:20:00,2023-03-01 14:55:00,2023-03-02 09:40:00,10,0.0013227913643682,-0.0044290824049656,-0.6830492304477319,0.7,-0.6477400502579127,1.9889560279563645,0.3636363636363636,0.0432165252124696,0.0027989225311788,-0.2232642108448147
2023,time_mass_skew,10127,11257,650,1.2809012377671642,-0.516263138604111,8,8,0.0045612039547755,0.0048820082199529,-0.0024945999130324,-0.2997875586742168,10129,10135,10129,10136,2023,2023-11-16 15:00:00,2023-11-17 09:40:00,2023-11-17 10:10:00,8,0.001020746748388,-0.0045573905310329,-0.4823373264054698,0.25,1.2809012377671642,1.81089505747558,0.3333333333333333,0.0002354440522051,0.0045612039547755,-0.2992435209723079,11261,11265,11259,11266,2023,2023-12-20 13:10:00,2023-12-20 13:30:00,2023-12-20 13:50:00,8,0.0011194905378618,-0.0020627906180004,-0.182549767731253,0.5,-0.516263138604111,1.8048082644168808,0.1111111111111111,0.0461668808392731,0.0048820082199529,-0.0781948075616221
2023,time_mass_skew,10563,4136,650,0.4577453653471558,-0.3738235516178481,10,8,0.0068770309598402,0.007432522447563,-0.0053496603963175,-0.3639336877686859,10568,10573,10565,10574,2023,2023-11-30 09:50:00,2023-11-30 10:15:00,2023-11-30 10:40:00,10,0.0011197276790179,-0.0078231011357117,-0.5321434902456488,0.5,0.4577453653471558,1.6905270835989883,0.3636363636363636,0.0645909799959427,0.0068770309598402,0.2469190172889207,4142,4144,4138,4145,2023,2023-05-16 10:15:00,2023-05-16 10:45:00,2023-05-16 10:55:00,8,0.0012552935333093,-0.0024734407393941,-0.1682098024769628,0.75,-0.3738235516178481,1.573374527251859,0.3333333333333333,0.0850443983470936,0.007432522447563,0.3641455113784967
2023,time_mass_skew,11052,10591,650,0.580875504552942,-0.5360786236742615,23,21,0.0081360236637442,0.0087247629742188,0.0020373127856475,0.0928020574377574,11059,11075,11054,11076,2023,2023-12-14 10:35:00,2023-12-14 11:10:00,2023-12-14 14:00:00,23,0.0015700210053148,-0.0029361625481621,-0.1424560595246544,0.3043478260869565,0.580875504552942,1.573365730798884,0.3333333333333333,0.0175844820325201,0.0081360236637442,-0.0143143497108711,10605,10612,10593,10613,2023,2023-11-30 13:40:00,2023-11-30 14:50:00,2023-12-01 09:55:00,21,0.0012714963655175,-0.0049734753338096,-0.2352581169624118,0.6666666666666666,-0.5360786236742615,1.6469465752680132,0.3636363636363636,0.0013553348605393,0.0087247629742188,0.1241440256687693
2023,time_mass_skew,11225,5632,650,0.5205811600996165,-0.5536176317953598,16,17,0.0070591180385504,0.0066362129734063,-0.0066904655358344,-0.3305371244939394,11231,11241,11227,11242,2023,2023-12-19 14:30:00,2023-12-19 15:00:00,2023-12-20 10:20:00,16,0.0013141829077652,-0.0047856935574335,-0.2359710669039662,0.375,0.5205811600996165,1.4013833226834551,0.2941176470588235,0.0,0.0070591180385504,0.2965342381449564,5644,5649,5634,5650,2023,2023-06-30 10:55:00,2023-06-30 13:25:00,2023-06-30 13:50:00,17,0.0013678184263473,0.0019047719784009,0.0945660575899731,0.7058823529411765,-0.5536176317953598,1.191705472416759,0.3888888888888889,0.0,0.0066362129734063,0.2945422193128454
2023,motion_concentration,207,976,650,2.028531444406313,1.4013486250344285,18,18,0.0086175243938306,0.0075792895497155,0.0078344841917326,0.56148575951698,209,225,209,226,2023,2023-01-09 10:50:00,2023-01-09 11:00:00,2023-01-09 13:50:00,18,0.0012125561850682,0.0052857504149363,0.4078812688681059,0.1111111111111111,1.0461750773007925,2.028531444406313,0.2105263157894736,0.0293877155658535,0.0086175243938306,-0.6239621576480429,983,994,978,995,2023,2023-02-07 10:55:00,2023-02-07 11:30:00,2023-02-07 13:55:00,18,0.0013426882629843,-0.0025487337767963,-0.153604490648874,0.3888888888888889,0.4315275725741021,1.4013486250344285,0.2631578947368421,0.0225719332418484,0.0075792895497155,-0.4348690048327531
2023,motion_concentration,349,1904,650,2.169084565806859,1.4129817236059523,11,10,0.0028051662190264,0.0032633252358769,0.0015778942040441,0.2644498130158415,352,360,351,361,2023,2023-01-12 10:40:00,2023-01-12 10:55:00,2023-01-12 13:05:00,11,0.0010048227937548,0.001151623710883,0.2053282625366592,0.2727272727272727,-0.2328555005192519,2.169084565806859,0.4166666666666667,0.0372646335021696,0.0028051662190264,-0.5021821415880304,1907,1914,1906,1915,2023,2023-03-06 13:45:00,2023-03-06 14:00:00,2023-03-06 14:35:00,10,0.0012177164304188,-0.0004262704931611,-0.0591215504791822,0.3,0.408530549966432,1.4129817236059523,0.3636363636363636,0.0429643912409391,0.0032633252358769,-0.4836661416039466
2023,motion_concentration,475,5674,650,2.021024907762069,1.2566703290733472,19,19,0.0126554818357238,0.0127894103012389,-0.0044592971107896,-0.2096794774839007,487,494,477,495,2023,2023-01-16 14:40:00,2023-01-17 10:10:00,2023-01-17 10:45:00,19,0.0013561457544731,-0.0058393310721916,-0.2559474221660686,0.631578947368421,0.3791332139653633,2.021024907762069,0.4,0.0713990272091154,0.0126554818357238,0.664949253218902,5687,5693,5676,5694,2023,2023-07-03 10:25:00,2023-07-03 11:30:00,2023-07-03 13:30:00,19,0.0015881736214803,-0.0013800339614019,-0.0462679446821679,0.6842105263157895,-0.4245907851529305,1.2566703290733472,0.3,0.0533181510620634,0.0127894103012389,0.6113315672736845
2023,motion_concentration,634,11211,650,1.905077104631971,1.4050692170251249,16,14,0.0051597189987768,0.0051539160256659,-5.397718538956023e-05,-0.0406495559793136,635,650,636,651,2023,2023-01-20 10:25:00,2023-01-20 10:30:00,2023-01-20 13:15:00,16,0.0010959421628409,0.002941923527727,0.2702435855168065,0.0625,0.9767856378199724,1.905077104631971,0.1176470588235294,0.185438476812939,0.0051597189987768,-0.5740087514956649,11215,11225,11213,11226,2023,2023-12-19 13:20:00,2023-12-19 13:40:00,2023-12-19 14:30:00,14,0.0012563202421337,0.0029959007131166,0.3108931414961201,0.2857142857142857,0.238031742094525,1.4050692170251249,0.4666666666666667,0.0,0.0051539160256659,-0.5720595076461469
2023,motion_concentration,690,9889,650,1.8763484835544328,1.358631163807861,11,11,0.00662544676348,0.0055610935181062,-0.0008846982216221,-0.1158791131539586,694,701,692,702,2023,2023-01-30 11:05:00,2023-01-30 11:25:00,2023-01-30 13:30:00,11,0.0028280528871727,0.0021746808166475,0.167478864471229,0.3636363636363636,0.317381597688972,1.8763484835544328,0.25,0.0,0.00662544676348,-0.3238692354378967,9892,9900,9891,9901,2023,2023-11-10 09:40:00,2023-11-10 09:55:00,2023-11-10 10:35:00,11,0.001931979886007,0.0030593790382696,0.2833579776251876,0.2727272727272727,0.0701752293330539,1.358631163807861,0.5833333333333334,0.0060587636410258,0.0055610935181062,-0.5037254054821549
2023,motion_concentration,701,3180,650,2.0505928250176204,1.4213006360101696,26,32,0.0164431995805793,0.0185691884803604,0.0122189180940267,0.4125571187524239,705,727,703,728,2023,2023-01-30 13:30:00,2023-01-30 13:50:00,2023-01-31 10:10:00,26,0.0028862575568887,0.0125406922620435,0.419141115890827,0.1538461538461538,-0.06759744395006,2.0505928250176204,0.5925925925925926,0.0010195173069357,0.0164431995805793,-0.7650732404862706,3185,3212,3182,3213,2023,2023-04-13 10:35:00,2023-04-13 11:00:00,2023-04-13 14:45:00,32,0.0019803335560859,0.0003217741680168,0.006583997138403,0.15625,1.0034410279865256,1.4213006360101696,0.2727272727272727,0.0115993887656455,0.0185691884803604,-0.6106514707735444
2023,motion_concentration,1041,7899,650,3.321951327488266,1.3682483492510082,15,14,0.0092232222357777,0.0092015495862112,0.0015184194154707,0.3190369956721211,1045,1056,1043,1057,2023,2023-02-08 13:50:00,2023-02-08 14:10:00,2023-02-09 09:35:00,15,0.0013187552604239,0.00816759400135,0.6911625624494744,0.2666666666666666,-0.2209662961975657,3.321951327488266,0.6875,0.0,0.0092232222357777,-0.9059727345685796,7901,7913,7901,7914,2023,2023-09-05 13:20:00,2023-09-05 13:30:00,2023-09-05 14:30:00,14,0.0018721743156293,0.0066491745858792,0.3721255667773532,0.1428571428571428,1.208540500213763,1.3682483492510082,0.4,0.1271909011756949,0.0092015495862112,-0.715598536494958
2023,motion_concentration,1147,11176,650,1.933077826099169,1.0814074760562984,5,4,0.0022369516466209,0.0020117737171796,-0.001495647208156,-0.3019899850883191,1149,1152,1149,1153,2023,2023-02-10 14:40:00,2023-02-10 14:50:00,2023-02-13 09:35:00,5,0.0011800156501164,-0.0008404757978414,-0.1101946267280761,0.4,-0.268974815956307,1.933077826099169,0.5,0.0,0.0022369516466209,-0.4675273410790228,11177,11180,11178,11181,2023,2023-12-18 14:25:00,2023-12-18 14:30:00,2023-12-18 14:45:00,4,0.0008277805531439,0.0006551714103145,0.191795358360243,0.25,0.05770665673987,1.0814074760562984,0.2,0.0,0.0020117737171796,-0.3789349342966443
2023,motion_concentration,1235,6854,650,2.2471712330251568,1.3621005068971856,18,17,0.0055491970590324,0.0059460106481523,0.0069308947864394,0.3733370174684568,1245,1253,1237,1254,2023,2023-02-14 14:00:00,2023-02-14 14:50:00,2023-02-15 10:00:00,18,0.0011791574349885,0.0018564415088099,0.1162838946373713,0.5555555555555556,-0.1702128237317494,2.2471712330251568,0.5263157894736842,0.0096747646835593,0.0055491970590324,-0.4141006311547205,6861,6871,6856,6872,2023,2023-08-04 14:15:00,2023-08-04 14:50:00,2023-08-07 10:10:00,17,0.0011192671203048,-0.0050744532776295,-0.2570531228310855,0.4117647058823529,0.2030747570051774,1.3621005068971856,0.4444444444444444,0.0301302807031956,0.0059460106481523,-0.3009082337745294
2023,motion_concentration,1477,1777,650,2.176333365014043,1.423460630755249,16,14,0.0076112691084597,0.0072786166857516,-0.003847581345486,-0.0873756447907838,1485,1493,1479,1494,2023,2023-02-21 14:10:00,2023-02-21 14:50:00,2023-02-22 10:00:00,16,0.0015135210753748,-0.0072247631386501,-0.3312887308271724,0.5,-0.4243585073517205,2.176333365014043,0.2352941176470588,0.034453214635709,0.0076112691084597,-0.1314405714060395,1782,1791,1779,1792,2023,2023-03-02 09:40:00,2023-03-02 10:05:00,2023-03-02 10:50:00,14,0.0012159332427152,-0.003377181793164,-0.2439130860363886,0.3571428571428571,0.5678464793442977,1.423460630755249,0.2666666666666666,0.0262760648720432,0.0072786166857516,-0.2134829755179077
2023,motion_concentration,1526,1548,650,2.509161918775125,1.318350336550203,13,12,0.0051786650228233,0.0055904826110086,-0.0089075078342309,-0.7829703297754032,1537,1539,1528,1540,2023,2023-02-22 14:15:00,2023-02-23 09:40:00,2023-02-23 09:50:00,13,0.0012839425968334,-0.0068324421179517,-0.6003392456847179,0.8461538461538461,-2.570853342682363,2.509161918775125,0.1428571428571428,0.2897930305115633,0.0051786650228233,0.5600922397093065,1556,1560,1550,1561,2023,2023-02-23 10:35:00,2023-02-23 11:15:00,2023-02-23 13:05:00,12,0.0012890303163586,0.0020750657162792,0.1826310840906852,0.6666666666666666,-0.9733203583904017,1.318350336550203,0.3076923076923077,0.0064153685839746,0.0055904826110086,0.3477561435956475
2023,motion_concentration,1560,5141,650,2.0735058922062146,1.398606513494961,12,12,0.0062235223684412,0.0066277874400091,-0.0007601186268084,0.0262239989902668,1562,1572,1562,1573,2023,2023-02-23 13:05:00,2023-02-23 13:15:00,2023-02-23 14:05:00,12,0.0012869844300614,0.0031747818178887,0.2772898021126074,0.1666666666666666,0.7637355503266071,2.0735058922062146,0.2307692307692307,0.110250693486544,0.0062235223684412,-0.4971856261798665,5143,5153,5143,5154,2023,2023-06-14 10:00:00,2023-06-14 10:10:00,2023-06-14 11:00:00,12,0.0013608528497625,0.0039349004446971,0.2510658031223405,0.1666666666666666,0.4174455842810362,1.398606513494961,0.3076923076923077,0.157706864297357,0.0066277874400091,-0.5937548459618046
2023,motion_concentration,1622,1930,650,1.8489321645233048,1.2170332425783132,10,9,0.006241057603006,0.0054259601099149,-0.0112279875249149,-1.1695571987401074,1627,1632,1624,1633,2023,2023-02-24 14:15:00,2023-02-24 14:40:00,2023-02-27 09:35:00,10,0.0012489259293624,-0.0076736706840211,-0.7326287142834438,0.5,-0.0878704102035926,1.8489321645233048,0.6363636363636364,0.0,0.006241057603006,-0.5185784373535604,1932,1939,1932,1940,2023,2023-03-07 10:25:00,2023-03-07 10:35:00,2023-03-07 11:10:00,9,0.001243781099955,0.0035543168408938,0.4369284844566636,0.2222222222222222,0.1875520634224918,1.2170332425783132,0.6,0.0,0.0054259601099149,-0.6072648023835466
2023,motion_concentration,1632,9857,650,2.023267485690978,1.2944481530837926,12,10,0.0077701252704267,0.0072413069112817,-0.0051044678117635,-0.1808559572575501,1636,1644,1634,1645,2023,2023-02-27 09:35:00,2023-02-27 09:55:00,2023-02-27 10:35:00,12,0.0013615641918716,-0.0125965129391654,-0.781927358848708,0.3333333333333333,0.5733585619936977,2.023267485690978,0.1538461538461538,0.0,0.0077701252704267,0.3138232110742906,9862,9867,9859,9868,2023,2023-11-09 11:00:00,2023-11-09 11:25:00,2023-11-09 13:20:00,10,0.0014441244975344,-0.0074920451274018,-0.6010714015911579,0.5,0.2492049733070385,1.2944481530837926,0.4545454545454545,0.0,0.0072413069112817,0.37430449133847
2023,motion_concentration,1674,9900,650,1.8621850643869984,1.3836689819392425,18,19,0.00937170397731,0.0084663481942124,-0.0068283386735812,-0.221575595184822,1682,1692,1676,1693,2023,2023-02-27 14:35:00,2023-02-28 09:45:00,2023-02-28 10:35:00,18,0.0014280496002059,-0.0110514722244045,-0.4199805540617308,0.4444444444444444,0.3881038143041452,1.8621850643869984,0.2631578947368421,0.0048581666224736,0.00937170397731,0.1970730190005934,9907,9919,9902,9920,2023,2023-11-10 10:35:00,2023-11-10 11:10:00,2023-11-10 13:40:00,19,0.0019055775311015,-0.0042231335508233,-0.1984049588769088,0.3684210526315789,0.2798275143449773,1.3836689819392425,0.45,0.0153700091581295,0.0084663481942124,0.0279405490585368
2023,motion_concentration,1730,9776,650,1.819586857344448,1.2687260620289875,12,11,0.0073875657484574,0.006281448863878,-0.0042577765434794,-0.3379802758902307,1738,1742,1732,1743,2023,2023-03-01 09:45:00,2023-03-01 10:25:00,2023-03-01 10:45:00,12,0.0011934706731689,-0.0006922291893671,-0.0512976252303639,0.6666666666666666,-0.2670401409608497,1.819586857344448,0.4615384615384615,0.0761993900190019,0.0073875657484574,0.5982992343507734,9786,9787,9778,9788,2023,2023-11-07 13:45:00,2023-11-07 14:35:00,2023-11-07 14:40:00,11,0.0011023360675202,0.0035655473541122,0.2866826506598667,0.9090909090909092,-0.6171375921983515,1.2687260620289875,0.3333333333333333,0.1371259099774914,0.006281448863878,0.5765099829050672
2023,motion_concentration,1767,8555,650,1.9889560279563645,1.3455344172175174,10,9,0.0027989225311788,0.0027286704109821,-0.0047604484932502,-0.7199282284693975,1774,1777,1769,1778,2023,2023-03-01 14:20:00,2023-03-01 14:55:00,2023-03-02 09:40:00,10,0.0013227913643682,-0.0044290824049656,-0.6830492304477319,0.7,-0.6477400502579127,1.9889560279563645,0.3636363636363636,0.0432165252124696,0.0027989225311788,-0.2232642108448147,8559,8564,8557,8565,2023,2023-09-25 10:30:00,2023-09-25 10:50:00,2023-09-25 11:15:00,9,0.0012798758251784,0.0003313660882846,0.0368789980216656,0.4444444444444444,0.0563610740893424,1.3455344172175174,0.4,0.1138844300566152,0.0027286704109821,-0.1800601125209914
2023,motion_concentration,1859,6250,650,1.8243283911942745,1.4232593541785403,23,21,0.0072989727025092,0.0058552731519476,-0.0014061278632011,-0.1635144700384291,1866,1882,1861,1883,2023,2023-03-03 14:00:00,2023-03-03 14:35:00,2023-03-06 10:25:00,23,0.0020172024368412,0.002446414863616,0.1293256100086423,0.3043478260869565,0.3760517225802255,1.8243283911942745,0.4583333333333333,0.0,0.0072989727025092,-0.6102217739919443,6253,6271,6252,6272,2023,2023-07-19 10:25:00,2023-07-19 10:40:00,2023-07-19 13:40:00,21,0.0015413540843954,0.0038525427268172,0.2928400800470714,0.1428571428571428,0.112087230153386,1.4232593541785403,0.4545454545454545,0.0104514036233324,0.0058552731519476,-0.6265015292026087
2023,motion_concentration,1914,403,650,1.8264627731265384,1.3924852861520167,16,16,0.0049523266719981,0.0045975196692937,0.0011810034014287,-0.0764507575454308,1917,1930,1916,1931,2023,2023-03-06 14:35:00,2023-03-06 14:50:00,2023-03-07 10:25:00,16,0.0012284423582423,0.0031940802390826,0.1478670821083041,0.1875,0.2655527550327785,1.8264627731265384,0.3529411764705882,0.0723752079525824,0.0049523266719981,-0.685225426116875,408,419,405,420,2023,2023-01-13 11:10:00,2023-01-13 13:05:00,2023-01-13 14:00:00,16,0.0008364620503446,0.0020130768376538,0.2243178396537349,0.3125,0.2766450220854407,1.3924852861520167,0.4705882352941176,0.0,0.0045975196692937,-0.6417841985414864
2023,motion_concentration,1973,494,650,1.9708681807322543,1.4217882144380796,14,16,0.0073375591263173,0.0068680765911164,0.0047199046842078,0.3603595989803289,1978,1987,1975,1988,2023,2023-03-08 10:00:00,2023-03-08 10:25:00,2023-03-08 11:10:00,14,0.0012475855857067,0.0011727878560591,0.067817913136534,0.3571428571428571,0.2706340537737334,1.9708681807322543,0.4,0.0765925271783106,0.0073375591263173,-0.4017493194921295,499,510,496,511,2023,2023-01-17 10:45:00,2023-01-17 11:10:00,2023-01-17 13:35:00,16,0.0012340749753847,-0.0035471168281487,-0.2925416858437948,0.3125,0.227872457295763,1.4217882144380796,0.5882352941176471,0.0,0.0068680765911164,-0.4223492817467196
2023,motion_concentration,2004,574,650,1.877310360025828,1.3779356959155484,21,21,0.0118499076919569,0.0111725279657788,-0.0031966947025034,-0.17228535821178,2023,2025,2006,2026,2023,2023-03-08 14:05:00,2023-03-09 10:10:00,2023-03-09 10:20:00,21,0.0012845110718494,0.0014991069460245,0.0519767602924624,0.9047619047619048,-1.7636383921591086,1.877310360025828,0.1363636363636363,0.2560552214278638,0.0118499076919569,0.7476837684839113,594,595,576,596,2023,2023-01-18 14:55:00,2023-01-19 11:05:00,2023-01-19 11:10:00,21,0.0009687003381521,0.0046958016485279,0.2242621185042425,0.9523809523809524,-0.5986065535139702,1.3779356959155484,0.3181818181818182,0.2909925311421938,0.0111725279657788,0.8777003974199569
2023,motion_concentration,2145,5632,650,1.89810522312582,1.191705472416759,16,17,0.0062563281810241,0.0066362129734063,-0.0076581219772725,-0.4121015632722237,2158,2161,2147,2162,2023,2023-03-13 13:50:00,2023-03-13 14:55:00,2023-03-14 09:40:00,16,0.0013608404133534,-0.0057533499988716,-0.3175355056822506,0.8125,0.0906478479805788,1.89810522312582,0.4117647058823529,0.0931361887720689,0.0062563281810241,0.4771267996171383,5644,5649,5634,5650,2023,2023-06-30 10:55:00,2023-06-30 13:25:00,2023-06-30 13:50:00,17,0.0013678184263473,0.0019047719784009,0.0945660575899731,0.7058823529411765,-0.5536176317953598,1.191705472416759,0.3888888888888889,0.0,0.0066362129734063,0.2945422193128454
2023,motion_concentration,2203,4711,650,1.9254977200132368,1.34960367159913,42,48,0.0177122845363406,0.0174323539421301,-0.0045132259013197,0.0095712020487112,2212,2245,2205,2246,2023,2023-03-14 14:40:00,2023-03-15 09:55:00,2023-03-15 14:10:00,42,0.0019619686104388,0.0159797046743099,0.3320078594766223,0.2142857142857142,0.822602732299699,1.9254977200132368,0.2558139534883721,0.0012290078836449,0.0177122845363406,-0.3512667559685223,4732,4759,4713,4760,2023,2023-06-01 10:10:00,2023-06-01 13:25:00,2023-06-02 10:10:00,48,0.0018477803740375,0.0204929305756296,0.3224366574279111,0.4375,0.2322310179067482,1.34960367159913,0.4285714285714285,0.0024064164269394,0.0174323539421301,-0.3180489964985759
2023,motion_concentration,2245,2093,650,3.1764358340049155,1.381814632740545,17,17,0.0078451271137396,0.0064521855645143,0.0014623046111843,-0.1077490164236081,2247,2262,2247,2263,2023,2023-03-15 14:10:00,2023-03-15 14:20:00,2023-03-16 10:05:00,17,0.0015316339139109,0.0059415279361584,0.2589102435612044,0.1176470588235294,-0.0528209817913918,3.1764358340049155,0.6111111111111112,0.009048576162845,0.0078451271137396,-0.76749386819058,2097,2110,2095,2111,2023,2023-03-10 13:30:00,2023-03-10 13:50:00,2023-03-10 14:55:00,17,0.0017012894302303,0.0044792233249741,0.3666592599848125,0.2352941176470588,0.3215021456277105,1.381814632740545,0.4444444444444444,0.0924376533981174,0.0064521855645143,-0.695722138508832
2023,motion_concentration,2300,2615,650,1.9780411823944688,1.3456820145363542,16,15,0.0142920382595059,0.0128549278220821,0.0006173497276199,0.0789831720915779,2314,2316,2302,2317,2023,2023-03-16 14:45:00,2023-03-17 10:25:00,2023-03-17 10:35:00,16,0.0018246679835102,-0.0029997733531444,-0.0914523117154298,0.875,0.2351546308656345,1.9780411823944688,0.4117647058823529,0.0826458776564335,0.0142920382595059,0.8373157305297215,2627,2630,2617,2631,2023,2023-03-27 11:30:00,2023-03-27 14:00:00,2023-03-27 14:15:00,15,0.0021169392855555,-0.0036171230807643,-0.1704354838070078,0.8,-0.4275146406527084,1.3456820145363542,0.375,0.0237274964492023,0.0128549278220821,0.6656381750440394
2023,motion_concentration,2332,3676,650,1.908978205778572,1.2955913439698108,14,12,0.0085637187666964,0.0089947746062195,0.0002599214602677,0.0250018617716979,2338,2346,2334,2347,2023,2023-03-17 13:25:00,2023-03-17 13:55:00,2023-03-17 14:35:00,14,0.0020571138746257,0.0049807705750138,0.3073557922690871,0.4285714285714285,0.1270508344362132,1.908978205778572,0.2666666666666666,0.0202843754184655,0.0085637187666964,-0.4608338909226512,3680,3688,3678,3689,2023,2023-04-27 13:25:00,2023-04-27 13:45:00,2023-04-27 14:25:00,12,0.0019209095349196,0.0047208491147461,0.2823539304973891,0.3333333333333333,-0.1101374472396532,1.2955913439698108,0.3846153846153846,0.0342739508327833,0.0089947746062195,-0.5384022211549712
2023,motion_concentration,2346,9454,650,2.024022385531283,1.3482920166043524,32,29,0.0220472441276671,0.0184172772908715,0.001698214204444,0.0161871242422694,2370,2378,2348,2379,2023,2023-03-17 14:35:00,2023-03-20 11:05:00,2023-03-20 13:15:00,32,0.0024216458967011,0.0035112350308282,0.0527444184090441,0.75,-0.2619394011343953,2.024022385531283,0.4242424242424242,0.0175838152404796,0.0220472441276671,0.7691452564511884,9480,9483,9456,9484,2023,2023-10-27 14:55:00,2023-10-30 13:05:00,2023-10-30 13:20:00,29,0.0016523726541415,0.0018130208263842,0.0365572941667747,0.896551724137931,-0.4011005090772296,1.3482920166043524,0.1333333333333333,0.3384490654084389,0.0184172772908715,0.7841964338105729
2023,motion_concentration,3150,9668,650,1.939989544696731,1.1510198395527689,6,6,0.003376560004038,0.0035833510011098,0.0013897863478173,0.1990227449471604,3151,3156,3152,3157,2023,2023-04-12 13:35:00,2023-04-12 13:40:00,2023-04-12 14:05:00,6,0.0020898130090937,0.0004956805086618,0.0810479001091548,0.1666666666666666,0.9666632975246388,1.939989544696731,0.2857142857142857,0.0,0.003376560004038,-0.1730163421274971,9670,9674,9670,9675,2023,2023-11-03 11:15:00,2023-11-03 11:25:00,2023-11-03 13:15:00,6,0.0016992754169987,-0.0008941058391554,-0.1179748448380055,0.3333333333333333,0.6397057438679461,1.1510198395527689,0.1428571428571428,0.0,0.0035833510011098,-0.2591298121033308
2023,motion_concentration,3296,4862,650,2.1463264904497983,1.398338607078229,32,34,0.0227991721917488,0.0198529232263089,-0.0171818375117792,-0.4653925955167782,3304,3328,3298,3329,2023,2023-04-17 13:45:00,2023-04-17 14:25:00,2023-04-18 10:55:00,32,0.0019569729057144,-0.0007293885417356,-0.0136995395291863,0.25,0.5797610354391955,2.1463264904497983,0.3333333333333333,0.0095107050250219,0.0227991721917488,-0.8042868763003672,4866,4896,4864,4897,2023,2023-06-06 10:45:00,2023-06-06 11:05:00,2023-06-07 09:35:00,34,0.001526442044214,0.0164524489700436,0.4516930559875918,0.1176470588235294,0.2700286914647929,1.398338607078229,0.6,0.0320956302323735,0.0198529232263089,-0.855720616656077
2023,motion_concentration,3355,5547,650,1.9326568119504544,1.29659483346923,15,16,0.0115800786425053,0.0095462096797724,-0.0132413713165768,-0.2501252579079852,3362,3370,3357,3371,2023,2023-04-18 14:40:00,2023-04-19 09:45:00,2023-04-19 10:25:00,15,0.0022763744278484,-0.0229355132390434,-0.709791526578183,0.4666666666666667,0.8292962970582805,1.9326568119504544,0.3125,0.0514283911704127,0.0115800786425053,0.1276194855956931,5555,5563,5549,5564,2023,2023-06-28 13:20:00,2023-06-28 14:00:00,2023-06-28 14:40:00,16,0.0022569679072312,-0.0096941419224666,-0.4596662686701978,0.5,0.0630054604030573,1.29659483346923,0.2941176470588235,0.0,0.0095462096797724,0.271972441347903
2023,motion_concentration,4080,9151,650,2.0525015216005063,1.266179461764588,20,18,0.012903659233844,0.0107310097088078,-0.0070000412655264,-0.2665688850208638,4085,4100,4082,4101,2023,2023-05-15 09:35:00,2023-05-15 10:00:00,2023-05-15 11:15:00,20,0.0015227381044383,-0.0088827451499574,-0.3214090748373057,0.25,0.5312542933946515,2.0525015216005063,0.238095238095238,0.0,0.012903659233844,-0.3620699202445293,9160,9169,9153,9170,2023,2023-10-19 13:40:00,2023-10-19 14:25:00,2023-10-20 09:40:00,18,0.0016181995354461,-0.001882703884431,-0.0548401898164419,0.5,-0.1537413797028554,1.266179461764588,0.4210526315789473,0.0,0.0107310097088078,-0.3841565443764242
2023,motion_concentration,4144,1644,650,1.939651991950598,1.4261245477577131,19,22,0.0078170213225279,0.0093844228878632,0.0097002854492961,0.5154004282933845,4146,4163,4146,4164,2023,2023-05-16 10:55:00,2023-05-16 11:05:00,2023-05-16 14:00:00,19,0.0014676917544292,0.0041203544901201,0.2369926306471289,0.1052631578947368,0.1691199625209783,1.939651991950598,0.25,0.0019050257027969,0.0078170213225279,-0.5022208938922188,1650,1666,1646,1667,2023,2023-02-27 10:35:00,2023-02-27 11:05:00,2023-02-27 13:55:00,22,0.0013831121297745,-0.005579930959176,-0.2784077976462555,0.2727272727272727,0.6036816971779019,1.4261245477577131,0.3478260869565217,0.0021357993205798,0.0093844228878632,-0.5722694932473841
2023,motion_concentration,4171,11538,650,2.121894003298432,1.3264504657498204,18,17,0.0093269107340558,0.0108390651066949,-0.0141407264868649,-0.6496751991324488,4184,4189,4173,4190,2023,2023-05-16 14:40:00,2023-05-17 10:15:00,2023-05-17 10:40:00,18,0.0016442864364837,-0.0083604317597214,-0.3389701284862835,0.7222222222222222,-0.1548337083975829,2.121894003298432,0.3684210526315789,0.0,0.0093269107340558,0.6142440744884448,11553,11555,11540,11556,2023,2023-12-28 11:05:00,2023-12-28 13:50:00,2023-12-28 14:00:00,17,0.0014071796963785,0.0057802947271435,0.3107050706461652,0.8823529411764706,-0.267447766943681,1.3264504657498204,0.2777777777777778,0.0418258011279107,0.0108390651066949,0.5670521664004405
2023,motion_concentration,4259,7254,650,2.5428558523847054,1.366820756301223,24,27,0.0130640213251025,0.0148471163985659,-0.0089387145918673,-0.2285562928374046,4275,4283,4261,4284,2023,2023-05-18 14:00:00,2023-05-19 09:50:00,2023-05-19 10:30:00,24,0.0012775643210405,0.0028564440174352,0.0881213202042643,0.6666666666666666,-0.9221810330247024,2.5428558523847054,0.24,0.0316098298776459,0.0130640213251025,0.5429192026620534,7270,7281,7256,7282,2023,2023-08-17 10:05:00,2023-08-17 11:25:00,2023-08-17 13:50:00,27,0.00160070001915,0.0117951586093025,0.3166776130416689,0.5925925925925926,-0.0500147858371152,1.366820756301223,0.3571428571428571,0.0130025294197835,0.0148471163985659,0.3146582458848416
2023,motion_concentration,4303,4446,650,2.67640455758324,1.3529211475251413,19,16,0.0099805641798251,0.0091643068573326,0.001114686928238,0.0794799133940843,4306,4322,4305,4323,2023,2023-05-19 13:40:00,2023-05-19 13:55:00,2023-05-22 09:45:00,19,0.0017940404216249,0.0065978272312201,0.3825273556121947,0.1578947368421052,-0.0523013867406752,2.67640455758324,0.75,0.032882250475505,0.0099805641798251,-0.672644451123973,4450,4462,4448,4463,2023,2023-05-24 13:35:00,2023-05-24 13:55:00,2023-05-24 14:55:00,16,0.001798942451373,0.0054831403029821,0.3030474422181103,0.25,-0.0684265648801938,1.3529211475251413,0.5294117647058824,0.0,0.0091643068573326,-0.5961625645524844
2023,motion_concentration,4352,1939,650,2.3329990306071187,1.3019131989797064,28,27,0.0131041527797011,0.0130476966986083,-0.0055727499254005,-0.2192013303096186,4361,4380,4354,4381,2023,2023-05-22 13:45:00,2023-05-22 14:30:00,2023-05-23 10:35:00,28,0.0013738599142636,-0.0046557148497365,-0.1835218153810111,0.3214285714285714,0.538885636874457,2.3329990306071187,0.3793103448275862,0.0,0.0131041527797011,-0.6211563230274905,1943,1966,1941,1967,2023,2023-03-07 11:10:00,2023-03-07 11:30:00,2023-03-07 14:55:00,27,0.0011555192553323,0.0009170350756639,0.0356795149286075,0.1481481481481481,0.6742124764520487,1.3019131989797064,0.4642857142857143,0.0118715832089224,0.0130476966986083,-0.712329617387582
2023,motion_concentration,4400,1107,650,3.703359163656184,1.308494209587519,22,26,0.0151454594571154,0.0144005058961935,-0.0006089985684663,0.1240869628631983,4402,4422,4402,4423,2023,2023-05-23 13:45:00,2023-05-23 13:55:00,2023-05-24 10:05:00,22,0.0012715275512355,0.0130678270297111,0.6552560762304995,0.0909090909090909,-0.1014422907094087,3.703359163656184,0.6086956521739131,0.0653635135166502,0.0151454594571154,-0.8662013300943715,1109,1133,1109,1134,2023,2023-02-10 09:50:00,2023-02-10 10:00:00,2023-02-10 13:30:00,26,0.0013916436441267,0.0136768255981774,0.5311691133673012,0.0769230769230769,1.7055200259752017,1.308494209587519,0.1111111111111111,0.1909107026423102,0.0144005058961935,-0.9341826456975688
2023,motion_concentration,4531,8033,650,1.91118716303184,1.4117420356669257,15,14,0.0072334097979798,0.0071370601586746,-0.0006174584519693,-0.0340298580370367,4544,4546,4533,4547,2023,2023-05-26 11:10:00,2023-05-26 13:45:00,2023-05-26 13:55:00,15,0.0019774498043777,-0.0066708599865416,-0.4341264273751044,0.8666666666666667,0.4318698100494551,1.91118716303184,0.375,0.0406136104576261,0.0072334097979798,0.7041580505406901,8045,8047,8035,8048,2023,2023-09-08 11:00:00,2023-09-08 13:30:00,2023-09-08 13:40:00,14,0.0014917243760847,-0.0060534015345722,-0.4000965693380676,0.8571428571428571,-0.6445350427250575,1.4117420356669257,0.3333333333333333,0.0456726084587796,0.0071370601586746,0.5731904304129649
2023,motion_concentration,4681,2799,650,2.0153485611285062,1.3900541130558646,30,26,0.0161413001226389,0.016623565810609,-0.0092185529711616,-0.2497316835595871,4709,4711,4683,4712,2023,2023-05-31 13:10:00,2023-06-01 10:00:00,2023-06-01 10:10:00,30,0.0015990596210289,-0.0015427438071827,-0.0395234994184781,0.9333333333333332,-0.8745812196160063,2.0153485611285062,0.1935483870967742,0.3002648404481978,0.0161413001226389,0.8292604950467276,2824,2825,2801,2826,2023,2023-03-31 10:50:00,2023-03-31 14:25:00,2023-03-31 14:30:00,26,0.0017536528902498,0.0076758091639789,0.210208184141109,0.9615384615384616,-0.4136307896265346,1.3900541130558646,0.3333333333333333,0.2337842323211895,0.016623565810609,0.8847184895497484
2023,motion_concentration,4780,8813,650,1.964483752703126,1.2775491443180425,16,15,0.0037895699666945,0.0036307944490339,0.0005645941845506,0.0496882315746662,4784,4796,4782,4797,2023,2023-06-02 13:25:00,2023-06-02 13:45:00,2023-06-02 14:45:00,16,0.0013056039624504,0.0008820475454848,0.0908472624371812,0.25,0.1551104298296488,1.964483752703126,0.4117647058823529,0.0143502873881575,0.0037895699666945,-0.2953354356434353,8816,8828,8815,8829,2023,2023-10-10 13:30:00,2023-10-10 13:45:00,2023-10-10 14:45:00,15,0.0012418701032508,0.0003174533609342,0.0411590308625149,0.2,0.4400438504541347,1.2775491443180425,0.3125,0.0278439185544141,0.0036307944490339,-0.3554474082537786
2023,motion_concentration,4841,9237,650,1.969156383700104,1.3766786316549675,21,22,0.013446127205281,0.0136172720734535,0.0051550302867764,0.1150716689037694,4844,4862,4843,4863,2023,2023-06-05 14:30:00,2023-06-05 14:45:00,2023-06-06 10:45:00,21,0.0017433397872722,0.0102673059791833,0.3353340144303278,0.1428571428571428,0.585906755826023,1.969156383700104,0.2727272727272727,0.1140586933713005,0.013446127205281,-0.7549827151180569,9241,9259,9239,9260,2023,2023-10-23 11:20:00,2023-10-23 13:10:00,2023-10-23 14:40:00,22,0.00152705923927,0.0051122756924069,0.2202623455265583,0.1818181818181818,0.4350107134996487,1.3766786316549675,0.5652173913043478,0.0301892712468197,0.0136172720734535,-0.7168643053912289
2023,motion_concentration,4970,11486,650,1.915518573726456,1.377474689013921,22,21,0.0063768504776104,0.0061551998425883,-0.0124188087013049,-0.525623029493239,4976,4992,4972,4993,2023,2023-06-08 13:15:00,2023-06-08 13:45:00,2023-06-09 09:35:00,22,0.0017922724512362,-0.0076787260668844,-0.3363162023942705,0.2727272727272727,0.370118869551497,1.915518573726456,0.4347826086956521,0.0,0.0063768504776104,0.1827188052682473,11495,11507,11488,11508,2023,2023-12-27 10:45:00,2023-12-27 11:30:00,2023-12-27 14:00:00,21,0.0016112976654013,0.0047400826344204,0.1893068270989684,0.4285714285714285,0.2148872437545944,1.377474689013921,0.3181818181818182,0.0,0.0061551998425883,0.2099034437659764
2023,motion_concentration,5003,11225,650,1.919549130438777,1.4013833226834551,17,16,0.0062156642030481,0.0070591180385504,-0.0003540003516315,-0.0902218544465623,5016,5020,5005,5021,2023,2023-06-09 10:30:00,2023-06-09 13:05:00,2023-06-09 13:25:00,17,0.0014646750406626,-0.0051396939090651,-0.3261929213505286,0.7647058823529411,-0.3232325473694748,1.919549130438777,0.4444444444444444,0.0,0.0062156642030481,0.3436034244824464,11231,11241,11227,11242,2023,2023-12-19 14:30:00,2023-12-19 15:00:00,2023-12-20 10:20:00,16,0.0013141829077652,-0.0047856935574335,-0.2359710669039662,0.375,0.5205811600996165,1.4013833226834551,0.2941176470588235,0.0,0.0070591180385504,0.2965342381449564
2023,motion_concentration,5071,1352,650,2.6100977739921243,1.3013308158451502,18,17,0.0074402710841932,0.006469913464941,-0.0025350915764442,-0.1689467434710214,5078,5089,5073,5090,2023,2023-06-12 13:40:00,2023-06-12 14:15:00,2023-06-13 09:40:00,18,0.0017595886426503,0.0018795270520809,0.137625645520609,0.3888888888888889,-0.3226474369559416,2.6100977739921243,0.5789473684210527,0.0,0.0074402710841932,-0.6600748824926821,1354,1369,1354,1370,2023,2023-02-17 10:15:00,2023-02-17 10:25:00,2023-02-17 13:10:00,17,0.0017641839172617,0.0044146186285252,0.3065723889916305,0.1176470588235294,0.0389154133776623,1.3013308158451502,0.5555555555555556,0.0,0.006469913464941,-0.6947856667653345
2023,motion_concentration,5367,3079,650,1.985475119523353,1.3064877645599984,17,18,0.024695685387174,0.0240526998253658,-0.0141563911348935,-0.3843308083166112,5371,5384,5369,5385,2023,2023-06-20 14:20:00,2023-06-20 14:40:00,2023-06-21 10:15:00,17,0.0020790965709513,-0.0030670053739117,-0.0903641080236,0.2352941176470588,0.3536940714579434,1.985475119523353,0.2777777777777778,0.0118376940311076,0.024695685387174,-0.6661677586109634,3081,3097,3081,3098,2023,2023-04-11 10:10:00,2023-04-11 10:20:00,2023-04-11 13:10:00,18,0.0026946310527242,0.0110893857609818,0.2939667002930112,0.1111111111111111,-0.0495332314538804,1.3064877645599984,0.631578947368421,0.0,0.0240526998253658,-0.825505830429878
2023,motion_concentration,5425,5661,650,1.9468433784586807,1.35813519926077,12,13,0.0138874009579534,0.0124643789276754,0.0021793848346236,0.0536794312111059,5426,5437,5427,5438,2023,2023-06-26 09:40:00,2023-06-26 09:45:00,2023-06-26 10:40:00,12,0.0022609687916025,0.0051576868168242,0.1835071875153718,0.0833333333333333,0.516295812566909,1.9468433784586807,0.1538461538461538,0.0018623369712635,0.0138874009579534,-0.3408064920833777,5665,5674,5663,5675,2023,2023-06-30 14:50:00,2023-07-03 09:40:00,2023-07-03 10:25:00,13,0.0015073623824782,0.0029783019822006,0.1298277563042659,0.3076923076923077,0.9426199411591868,1.35813519926077,0.2142857142857142,0.11563558724486,0.0124643789276754,-0.5022102576125814
2023,motion_concentration,5563,3270,650,2.1464555462620547,1.3041861273008966,14,13,0.0079469040024724,0.0083197341181575,-0.0063515755865479,-0.2805790771923326,5570,5577,5565,5578,2023,2023-06-28 14:40:00,2023-06-29 09:45:00,2023-06-29 10:20:00,14,0.002227467735949,-0.0090040305131809,-0.383776999896069,0.5,-0.4897626625627965,2.1464555462620547,0.2666666666666666,0.0350667435635377,0.0079469040024724,-0.2778344320380566,3273,3283,3272,3284,2023,2023-04-17 10:05:00,2023-04-17 10:20:00,2023-04-17 11:10:00,13,0.0022675336410638,-0.0026524549266329,-0.1031979227037363,0.2307692307692307,0.8455173913015681,1.3041861273008966,0.2857142857142857,0.1229745163075416,0.0083197341181575,-0.123431217726624
2023,motion_concentration,5747,8851,650,1.9265907216671736,1.3231870340676144,14,13,0.0044045772318312,0.0038718197079949,-0.0047682728365885,-0.5180603341762589,5755,5761,5749,5762,2023,2023-07-04 14:00:00,2023-07-04 14:40:00,2023-07-05 09:40:00,14,0.0012112463531842,-0.0038245373719735,-0.4313478990413633,0.5714285714285714,-0.1189484456394074,1.9265907216671736,0.6666666666666666,0.0,0.0044045772318312,-0.1546501829706708,8856,8864,8853,8865,2023,2023-10-11 11:10:00,2023-10-11 13:05:00,2023-10-11 13:45:00,13,0.00121487902092,0.000943735464615,0.0867124351348955,0.3846153846153846,0.2785655794020741,1.3231870340676144,0.3571428571428571,0.0319355085189599,0.0038718197079949,-0.2176279548222526
2023,motion_concentration,5865,9766,650,2.2010854916775537,1.3964060642177971,8,10,0.0059376621118962,0.0052675928717462,-0.0034182841858232,-0.4505920714003719,5870,5873,5867,5874,2023,2023-07-07 10:20:00,2023-07-07 10:45:00,2023-07-07 11:00:00,8,0.0011446029333395,-0.0062290395887689,-0.7506014786062213,0.625,0.0205250128134312,2.2010854916775537,0.5555555555555556,0.0260783264460843,0.0059376621118962,0.6024000628356992,9775,9776,9768,9777,2023,2023-11-07 11:25:00,2023-11-07 13:40:00,2023-11-07 13:45:00,10,0.0010438137137307,-0.0028107554029456,-0.3000094072058493,0.9,0.0286939283833675,1.3964060642177971,0.5454545454545454,0.0521665370570733,0.0052675928717462,0.6513337439057483
2023,motion_concentration,6091,547,650,2.002550455762879,1.376695852016943,12,12,0.0045315632210858,0.0047467815046839,0.006184810077648,0.5588056129608125,6098,6103,6093,6104,2023,2023-07-13 14:40:00,2023-07-14 09:45:00,2023-07-14 10:10:00,12,0.0010870188525191,0.0008840223590434,0.0726413070926689,0.5833333333333334,-0.0562022336598353,2.002550455762879,0.3846153846153846,0.0,0.0045315632210858,0.2149839917912517,556,559,549,560,2023,2023-01-18 11:10:00,2023-01-18 13:25:00,2023-01-18 13:40:00,12,0.0009802417537614,-0.0053007877186045,-0.4861643058681436,0.75,-0.6116531155529683,1.376695852016943,0.3846153846153846,0.1115927987244949,0.0047467815046839,0.4647852440947151
2023,motion_concentration,6235,7471,650,2.670967476661658,1.2390241513586973,15,15,0.0104312312732668,0.0112871713569573,-0.0181176749148256,-0.8078745216126958,6240,6250,6237,6251,2023,2023-07-18 14:40:00,2023-07-19 09:35:00,2023-07-19 10:25:00,15,0.001509220264685,-0.011853743283624,-0.5323034213525415,0.3333333333333333,0.9981402987756876,2.670967476661658,0.0625,0.0596277729585756,0.0104312312732668,-0.3220479856801367,7475,7486,7473,7487,2023,2023-08-23 13:40:00,2023-08-23 14:00:00,2023-08-23 14:55:00,15,0.0020069548522619,0.0062639316312016,0.2755711002601543,0.2666666666666666,0.591363796608498,1.2390241513586973,0.3125,0.0,0.0112871713569573,-0.5689519877104297
2023,motion_concentration,6473,1446,650,3.20420530934372,1.3083343503494231,7,7,0.0025533253790976,0.0021247815560974,-0.0029952287449272,-0.939406593651284,6477,6480,6475,6481,2023,2023-07-25 14:30:00,2023-07-25 14:50:00,2023-07-26 09:35:00,7,0.0015392951609927,-0.0013807639997558,-0.4804099078435988,0.5714285714285714,-0.4738635058336032,3.20420530934372,0.5,0.0,0.0025533253790976,-0.6506967145479507,1447,1453,1448,1454,2023,2023-02-21 10:05:00,2023-02-21 10:10:00,2023-02-21 10:40:00,7,0.0013691662592391,0.0016144647451713,0.4589966858076853,0.1428571428571428,0.0808999127173399,1.3083343503494231,0.625,0.0,0.0021247815560974,-0.6936220265650422
2023,motion_concentration,6661,5153,650,2.178675110584709,1.3748387696260085,13,13,0.0050287425204702,0.005266450465557,-0.0015984792641612,-0.2844471747822701,6670,6674,6663,6675,2023,2023-07-31 14:10:00,2023-07-31 14:55:00,2023-08-01 09:45:00,13,0.0009939889725259,-0.007360494317861,-0.7416788428854747,0.6923076923076923,-1.4983714067280929,2.178675110584709,0.2142857142857142,0.0929965760284627,0.0050287425204702,0.2118332162402542,5162,5166,5155,5167,2023,2023-06-14 11:00:00,2023-06-14 13:15:00,2023-06-14 13:35:00,13,0.0013517877797311,-0.0057620150536998,-0.4572316681032046,0.6923076923076923,-0.5837264582330975,1.3748387696260085,0.5,0.010470286067442,0.005266450465557,0.2481807318167712
2023,motion_concentration,6674,6798,650,2.403360630350651,1.096674242605669,6,5,0.0020033257766174,0.001775630970207,-0.0025718332419817,-0.7602748546311697,6677,6680,6676,6681,2023,2023-08-01 09:45:00,2023-08-01 10:00:00,2023-08-01 10:15:00,6,0.0010114266165323,-0.0016215966442148,-0.4449924541425419,0.5,0.6799934572156114,2.403360630350651,0.2857142857142857,0.0106608614011577,0.0020033257766174,0.4641666493490311,6802,6803,6800,6804,2023,2023-08-03 13:35:00,2023-08-03 13:55:00,2023-08-03 14:00:00,5,0.0009151129845388,0.0009502365977668,0.3152824004886279,0.8,-0.3565370061300447,1.096674242605669,0.3333333333333333,0.0,0.001775630970207,0.4944079718713204
2023,motion_concentration,6759,9960,650,1.844623962044649,1.2773533398315011,17,15,0.0041903250497821,0.00429708705928,0.0010746480736687,0.1831804106260229,6771,6776,6761,6777,2023,2023-08-02 14:20:00,2023-08-03 09:50:00,2023-08-03 10:15:00,17,0.0008997189185612,-0.0022732294883411,-0.1004802758762097,0.7058823529411765,-0.7138623454612121,1.844623962044649,0.1666666666666666,0.0195307197578176,0.0041903250497821,0.2220366470214515,9971,9975,9962,9976,2023,2023-11-13 13:05:00,2023-11-13 14:00:00,2023-11-13 14:20:00,15,0.0011601693831724,-0.0033478775620098,-0.2836606865022327,0.7333333333333333,-0.410914436449148,1.2773533398315011,0.3125,0.0,0.00429708705928,0.4276091551882594
2023,motion_concentration,6937,6876,650,1.983189603404398,1.3134904512928138,34,30,0.0084077232148969,0.0067368068630386,0.0044938187911856,0.1322686983141316,6940,6971,6939,6972,2023,2023-08-08 13:10:00,2023-08-08 13:25:00,2023-08-09 10:30:00,34,0.0007795319855548,0.0055650514345506,0.1891180158302387,0.088235294117647,-0.3323851361344317,1.983189603404398,0.2571428571428571,0.0077005764300439,0.0084077232148969,-0.8771489188934439,6882,6906,6878,6907,2023,2023-08-07 10:35:00,2023-08-07 11:05:00,2023-08-07 14:35:00,30,0.0008185880913293,0.0010712326433649,0.0568493175161071,0.2,1.2910725042680944,1.3134904512928138,0.1290322580645161,0.177966889720606,0.0067368068630386,-0.653553439697214
2023,motion_concentration,7182,8594,650,1.9483879618096,1.3087396302798462,13,11,0.0082022729280835,0.0100159041743852,-0.0009659101321957,-0.0483533207397186,7191,7195,7184,7196,2023,2023-08-15 13:35:00,2023-08-15 14:20:00,2023-08-15 14:40:00,13,0.0013180218384118,-0.0075519960896055,-0.4440560414662225,0.6923076923076923,0.4054675579385549,1.9483879618096,0.2142857142857142,0.06343632729303,0.0082022729280835,0.3917564237064213,8601,8605,8596,8606,2023,2023-09-26 09:45:00,2023-09-26 10:20:00,2023-09-26 10:40:00,11,0.0011720478878343,-0.0065860859574097,-0.3957027207265038,0.6363636363636364,-0.0809723882277603,1.3087396302798462,0.3333333333333333,0.111263058574042,0.0100159041743852,0.5051575103383605
2023,motion_concentration,7807,5588,650,1.983157089404,1.2401839341279497,10,12,0.0023731682180452,0.0028091864865356,0.00557332109452,0.671335116396686,7813,7817,7809,7818,2023,2023-09-01 13:40:00,2023-09-01 14:10:00,2023-09-01 14:30:00,10,0.0016937099602276,0.0010423775747305,0.2589085878450599,0.6,-0.0371561807658038,1.983157089404,0.7272727272727273,0.0,0.0023731682180452,0.4301550947911154,5598,5600,5590,5601,2023,2023-06-29 11:15:00,2023-06-29 13:35:00,2023-06-29 13:45:00,12,0.0013512896988913,-0.0045309435197895,-0.412426528551626,0.8333333333333334,-0.1273868125497651,1.2401839341279497,0.2307692307692307,0.0354549126814669,0.0028091864865356,0.2626204774640885
2023,motion_concentration,8062,5615,650,1.8776985625562508,1.4274141211970297,7,6,0.005987377904316,0.0058758268243979,0.0046123889781302,0.300563581668836,8067,8069,8064,8070,2023,2023-09-08 14:55:00,2023-09-11 09:50:00,2023-09-11 10:00:00,7,0.0016216470821595,-0.0056581814996091,-0.5181242488572487,0.7142857142857143,-0.1051204518511454,1.8776985625562508,0.5,0.2651375584757766,0.005987377904316,0.1944341842960683,5619,5621,5617,5622,2023,2023-06-29 15:00:00,2023-06-30 09:50:00,2023-06-30 10:00:00,6,0.0013147651507832,-0.0102705704777394,-0.8186878305260847,0.6666666666666666,-0.5128769392823707,1.4274141211970297,0.2857142857142857,0.2814344747413739,0.0058758268243979,0.0696614285394373
2023,motion_concentration,8244,10612,650,2.194321512731717,1.3960142183033568,14,14,0.0056616151503003,0.004919386799818,-0.0094755402526217,-0.6643940028179143,8251,8258,8246,8259,2023,2023-09-14 14:05:00,2023-09-14 14:40:00,2023-09-15 09:45:00,14,0.0013258600425283,-0.008030958347594,-0.5521010857563096,0.5,-0.2434277690854409,2.194321512731717,0.4666666666666667,0.0,0.0056616151503003,-0.3500414516251116,10614,10626,10614,10627,2023,2023-12-01 09:55:00,2023-12-01 10:05:00,2023-12-01 11:05:00,14,0.0013238155209137,0.0014445819050276,0.1122929170616047,0.1428571428571428,0.2295245430328673,1.3960142183033568,0.2,0.0,0.004919386799818,-0.3173175464262723
2023,motion_concentration,8332,8195,650,2.034318835265422,1.372206396324423,27,23,0.0122194142084435,0.0118284411075357,-0.012767388655256,-0.470641012805876,8341,8359,8334,8360,2023,2023-09-18 13:25:00,2023-09-18 14:10:00,2023-09-19 10:10:00,27,0.001868007797252,-0.0050933927174078,-0.2220119382937755,0.3333333333333333,-0.067085126523647,2.034318835265422,0.6071428571428571,0.0,0.0122194142084435,-0.6447242754810973,8205,8218,8197,8219,2023,2023-09-13 14:00:00,2023-09-13 14:50:00,2023-09-14 10:25:00,23,0.0013511813267629,0.0076739959378481,0.2486290745121005,0.4347826086956521,0.1088834104523439,1.372206396324423,0.4166666666666667,0.0099255869664958,0.0118284411075357,-0.4427195615394094
2023,motion_concentration,8472,10390,650,1.990583217621669,1.3032151283567663,9,9,0.004173096577392,0.00408276810988,-0.0002952763110063,-0.0515094817927781,8473,8481,8474,8482,2023,2023-09-21 13:05:00,2023-09-21 13:10:00,2023-09-21 13:50:00,9,0.001062978194423,0.0009287423175649,0.1138041436367804,0.1111111111111111,0.747958401197359,1.990583217621669,0.1,0.0,0.004173096577392,-0.2253641201967579,10392,10399,10392,10400,2023,2023-11-24 11:25:00,2023-11-24 13:05:00,2023-11-24 13:40:00,9,0.0013407427772887,0.0012240186285713,0.1653136254295585,0.2222222222222222,1.2014553457692678,1.3032151283567663,0.2,0.0513069757695743,0.00408276810988,-0.2714992179624865
2023,motion_concentration,8481,2120,650,2.059682101224091,1.3980819661384494,12,10,0.0048675995743536,0.0049845842701614,-0.0039345420930572,-0.4872788425209956,8487,8493,8483,8494,2023,2023-09-21 13:50:00,2023-09-21 14:20:00,2023-09-21 14:50:00,12,0.0011785387029138,-0.0092037094296247,-0.9000485721780067,0.5,0.4224092049201715,2.059682101224091,0.2307692307692307,0.0482542321821947,0.0048675995743536,0.0524946174921714,2126,2130,2122,2131,2023,2023-03-13 10:15:00,2023-03-13 10:45:00,2023-03-13 11:05:00,10,0.0013894194696965,-0.0052691673365674,-0.4127697296570111,0.6,-0.5282097581210445,1.3980819661384494,0.1818181818181818,0.037602466788955,0.0049845842701614,0.0706982973038043
2023,motion_concentration,8564,10107,650,1.9589183073867005,1.2645466262548497,19,20,0.0042112533349367,0.0050149654208375,-0.0037425196448684,-0.493419481881065,8574,8583,8566,8584,2023,2023-09-25 11:15:00,2023-09-25 13:35:00,2023-09-25 14:20:00,19,0.0012199910877718,-0.0066854178201785,-0.679520859932442,0.5263157894736842,-0.2330497143443645,1.9589183073867005,0.35,0.0218842335830113,0.0042112533349367,-0.0108558888484987,10117,10127,10109,10128,2023,2023-11-16 13:20:00,2023-11-16 14:10:00,2023-11-16 15:00:00,20,0.0010449810060696,-0.0029428981753101,-0.186101378051377,0.5,-0.1035158915758923,1.2645466262548497,0.3809523809523809,0.0067484377480575,0.0050149654208375,-0.0606809350164878
2023,motion_concentration,8872,9035,650,2.043610045193564,1.1923253812243113,20,18,0.0149838185996191,0.0141326195637168,-0.006823532635438,-0.2282174752470903,8882,8892,8874,8893,2023,2023-10-11 14:25:00,2023-10-12 09:45:00,2023-10-12 10:35:00,20,0.0017674688496693,-0.0048056945063285,-0.1468870315070737,0.5,0.1598438250351152,2.043610045193564,0.3333333333333333,0.0091811816135726,0.0149838185996191,0.4584031633201798,9047,9053,9037,9054,2023,2023-10-17 10:30:00,2023-10-17 11:30:00,2023-10-17 13:30:00,18,0.0013502430688484,0.0020178381291095,0.0813304437400165,0.6666666666666666,-0.2798522432168804,1.1923253812243113,0.3157894736842105,0.0924785599721067,0.0141326195637168,0.4912106753929364
2023,motion_concentration,8997,2546,650,1.818790617180377,1.3731251999367802,17,15,0.0078491814059766,0.0068017162244737,0.0062928104064599,0.5685528900749516,8998,9014,8999,9015,2023,2023-10-16 11:20:00,2023-10-16 11:25:00,2023-10-16 14:15:00,17,0.0013680802551586,0.0059415844533288,0.5450582003288307,0.0588235294117647,0.2549428666050967,1.818790617180377,0.3888888888888889,0.4657229158267108,0.0078491814059766,-0.7380232695739962,2548,2561,2548,2562,2023,2023-03-24 09:45:00,2023-03-24 09:55:00,2023-03-24 11:00:00,15,0.001439527897037,-0.000351225953131,-0.0234946897461209,0.1333333333333333,-0.0685421027900835,1.3731251999367802,0.375,0.0135880041846553,0.0068017162244737,-0.8250038866353588
2023,motion_concentration,9585,10150,650,1.8287945491556803,1.2589542597784869,11,9,0.0026615592707717,0.0021645030095731,-0.0004706647755969,-0.0509748674251886,9588,9596,9587,9597,2023,2023-11-01 13:50:00,2023-11-01 14:05:00,2023-11-01 14:45:00,11,0.0014201908500018,0.000183755972586,0.0310406115248091,0.2727272727272727,0.5497823868363468,1.8287945491556803,0.4166666666666667,0.0461954433477559,0.0026615592707717,-0.0604099375511057,10152,10159,10152,10160,2023,2023-11-17 11:25:00,2023-11-17 13:05:00,2023-11-17 13:40:00,9,0.0010208435554803,0.000654420748183,0.0820154789499977,0.2222222222222222,0.8254355992343099,1.2589542597784869,0.4,0.0213516319210353,0.0021645030095731,-0.2606251801681825
2023,motion_concentration,9596,11023,650,2.105830098914588,1.2524799302354692,14,14,0.0068961034619485,0.006504577279137,-0.0080654708524396,-0.6476746388150805,9601,9610,9598,9611,2023,2023-11-01 14:45:00,2023-11-02 09:40:00,2023-11-02 10:25:00,14,0.0012286919321703,-0.0037435573878648,-0.3484892995122586,0.3571428571428571,0.2642666743739609,2.1058300989145877,0.3333333333333333,0.0,0.0068961034619485,-0.6008271505241578,11026,11037,11025,11038,2023,2023-12-13 13:40:00,2023-12-13 13:55:00,2023-12-13 14:50:00,14,0.0010941079230782,0.0043219134645748,0.2991853393028217,0.2142857142857142,-0.0082991482782339,1.2524799302354692,0.5333333333333333,0.0,0.006504577279137,-0.650206126889907
2023,motion_concentration,9645,1882,650,2.249331468018504,1.230283500062232,23,22,0.0174757476251032,0.0180643888860192,-0.0046418639543517,-0.1857647104576966,9663,9668,9647,9669,2023,2023-11-02 14:50:00,2023-11-03 10:50:00,2023-11-03 11:15:00,23,0.0016879508086447,0.0018950212667437,0.0594583094255147,0.782608695652174,-0.1321164078320328,2.249331468018504,0.6666666666666666,0.0488899909638847,0.0174757476251032,0.7537155978143779,1900,1904,1884,1905,2023,2023-03-06 10:25:00,2023-03-06 13:25:00,2023-03-06 13:45:00,22,0.0012013546577823,0.0065368852210955,0.2452230198832113,0.8181818181818182,-0.6251667761738208,1.230283500062232,0.391304347826087,0.0501157836333221,0.0180643888860192,0.8727576386253667
2023,motion_concentration,9690,4100,650,3.515823688404132,1.3587452123993753,34,36,0.0188138771634749,0.0224896298650518,0.0055192366109418,0.1311641530887871,9719,9724,9692,9725,2023,2023-11-03 14:35:00,2023-11-06 11:30:00,2023-11-06 13:25:00,34,0.002034478800295,0.0167850066609078,0.384211701576734,0.8529411764705882,0.1256746361062529,3.515823688404132,0.1142857142857142,0.0372833185155817,0.0188138771634749,0.8733887551983321,4132,4136,4102,4137,2023,2023-05-15 11:15:00,2023-05-16 09:55:00,2023-05-16 10:15:00,36,0.001555388607579,0.011265770049966,0.2530475484879469,0.8888888888888888,-0.021628396007033,1.3587452123993753,0.5675675675675675,0.0135474206548126,0.0224896298650518,0.7805784894399733
2023,motion_concentration,10452,9512,650,1.9064328975056264,1.2265152279672689,13,13,0.004774324634992,0.0050125993199205,-0.0053303206306171,-0.5416527441950676,10459,10465,10454,10466,2023,2023-11-27 14:05:00,2023-11-27 14:40:00,2023-11-28 09:40:00,13,0.0013425601843611,-0.0026546338923723,-0.3490217359715211,0.5384615384615384,-0.2603774060534697,1.9064328975056264,0.5714285714285714,0.0,0.004774324634992,-0.6140923892241213,9513,9525,9514,9526,2023,2023-10-31 10:15:00,2023-10-31 10:20:00,2023-10-31 11:20:00,13,0.0015096018552279,0.0026756867382447,0.1926310082235465,0.0769230769230769,0.4360609639855788,1.2265152279672689,0.2857142857142857,0.0457864177432223,0.0050125993199205,-0.5589703225662388
2023,motion_concentration,10465,7826,650,2.167856062331156,1.377112332408477,7,6,0.0077840222613811,0.0086134839845142,0.0076751232000939,0.5350409256152691,10471,10472,10467,10473,2023,2023-11-28 09:40:00,2023-11-28 10:10:00,2023-11-28 10:15:00,7,0.0014887020773793,-0.0037731591556909,-0.4033207792036989,0.8571428571428571,-0.0398674834517166,2.167856062331156,0.625,0.0125199558586982,0.0077840222613811,0.7640158022262777,7831,7832,7828,7833,2023,2023-09-04 09:45:00,2023-09-04 10:10:00,2023-09-04 10:15:00,6,0.0014564505971071,-0.0114482823557849,-0.938361704818968,0.8333333333333334,-0.7623195497133614,1.377112332408477,0.2857142857142857,0.0,0.0086134839845142,0.6348717057418737
2023,motion_concentration,10573,1026,650,1.968782512759716,1.3376093147499202,18,15,0.0061917544545897,0.0059247476673212,0.0001054924343119,0.0133726741741211,10575,10591,10575,10592,2023,2023-11-30 10:40:00,2023-11-30 10:50:00,2023-11-30 13:40:00,18,0.0011695137062945,0.0028624308300684,0.2378529363517389,0.1111111111111111,0.746359951342174,1.968782512759716,0.1578947368421052,0.0063165241255152,0.0061917544545897,-0.4454175672520621,1029,1041,1028,1042,2023,2023-02-08 11:05:00,2023-02-08 11:20:00,2023-02-08 13:50:00,15,0.0013760543825384,0.0027569383957564,0.2244802621776177,0.2,2.213944584742213,1.3376093147499202,0.1875,0.3609426630540197,0.0059247476673212,-0.4752550421890223
2023,motion_concentration,10711,6733,650,1.947128971402757,1.423767843898873,19,17,0.0064986616698172,0.0057891612632587,0.0019308578653686,0.0481941655501611,10713,10730,10713,10731,2023,2023-12-05 10:10:00,2023-12-05 10:20:00,2023-12-05 13:15:00,19,0.0012313492873816,0.0044540892953403,0.3274049055461882,0.1052631578947368,0.1888904350371407,1.947128971402757,0.1,0.0794200130885933,0.0064986616698172,-0.6709878679180745,6734,6750,6735,6751,2023,2023-08-02 10:40:00,2023-08-02 10:45:00,2023-08-02 13:35:00,17,0.0008865626110044,0.0025232314299716,0.2792107399960271,0.0588235294117647,0.7054044017862021,1.423767843898873,0.2222222222222222,0.0673208304155036,0.0057891612632587,-0.8559720734119932
2023,motion_concentration,10967,1666,650,1.9406011483706929,1.3292851596515385,7,8,0.002257077353331,0.0022836505689571,0.0001933419273773,0.0252758868386274,10968,10974,10969,10975,2023,2023-12-12 11:30:00,2023-12-12 13:05:00,2023-12-12 13:35:00,7,0.0015582917685643,-0.0002536081537084,-0.0545175920784987,0.1428571428571428,0.5313559935817705,1.9406011483706929,0.5,0.0,0.002257077353331,0.0868241430519851,1672,1674,1668,1675,2023,2023-02-27 13:55:00,2023-02-27 14:25:00,2023-02-27 14:35:00,8,0.0013625369913491,-0.0004469500810857,-0.0797934789171262,0.75,-0.0680044776790299,1.3292851596515385,0.4444444444444444,0.0163385275364256,0.0022836505689571,0.1245562720665852
2023,motion_concentration,11369,9744,650,2.091928754060449,1.19621550920732,12,12,0.0089396696168417,0.0075549384580329,-0.0117509410696163,-0.4820393135682194,11374,11381,11371,11382,2023,2023-12-22 14:30:00,2023-12-22 14:55:00,2023-12-25 10:00:00,12,0.0017429378562685,-0.0116689243214319,-0.4772562974423215,0.4166666666666667,-0.5072525089506068,2.091928754060449,0.3076923076923077,0.1041553602941219,0.0089396696168417,-0.4275989850608376,9746,9756,9746,9757,2023,2023-11-07 09:35:00,2023-11-07 09:45:00,2023-11-07 10:35:00,12,0.0011951672954489,8.201674818433921e-05,0.0047830161258978,0.1666666666666666,1.6352119526604196,1.19621550920732,0.3076923076923077,0.0573322929030776,0.0075549384580329,-0.4688989098890388
2023,half_height_width,61,207,650,0.5263157894736842,0.2105263157894736,18,18,0.0074487664561369,0.0086175243938306,0.0012808434623804,0.2503571381191389,63,79,63,80,2023,2023-01-04 10:40:00,2023-01-04 10:50:00,2023-01-04 13:40:00,18,0.0010241260557267,0.0065665938773167,0.6582384069872449,0.1111111111111111,-0.1589388963679062,1.5183546637754093,0.5263157894736842,0.0236354775029808,0.0074487664561369,-0.8579922237505658,209,225,209,226,2023,2023-01-09 10:50:00,2023-01-09 11:00:00,2023-01-09 13:50:00,18,0.0012125561850682,0.0052857504149363,0.4078812688681059,0.1111111111111111,1.0461750773007925,2.028531444406313,0.2105263157894736,0.0293877155658535,0.0086175243938306,-0.6239621576480429
2023,half_height_width,225,1526,650,0.5333333333333333,0.1428571428571428,14,13,0.0044403384493119,0.0051786650228233,0.0029991015298969,0.1831651482847919,235,239,227,240,2023,2023-01-09 13:50:00,2023-01-09 14:40:00,2023-01-09 15:00:00,14,0.00115085478764,-0.0038333405880547,-0.4171740973999259,0.7142857142857143,-0.0387107442755468,1.4890673421095328,0.5333333333333333,0.0230587638633291,0.0044403384493119,0.4400622560986723,1537,1539,1528,1540,2023,2023-02-22 14:15:00,2023-02-23 09:40:00,2023-02-23 09:50:00,13,0.0012839425968334,-0.0068324421179517,-0.6003392456847179,0.8461538461538461,-2.570853342682363,2.509161918775125,0.1428571428571428,0.2897930305115633,0.0051786650228233,0.5600922397093065
2023,half_height_width,403,634,650,0.4705882352941176,0.1176470588235294,16,16,0.0045975196692937,0.0051597189987768,-0.0009288466900731,-0.0459257458630715,408,419,405,420,2023,2023-01-13 11:10:00,2023-01-13 13:05:00,2023-01-13 14:00:00,16,0.0008364620503446,0.0020130768376538,0.2243178396537349,0.3125,0.2766450220854407,1.3924852861520167,0.4705882352941176,0.0,0.0045975196692937,-0.6417841985414864,635,650,636,651,2023,2023-01-20 10:25:00,2023-01-20 10:30:00,2023-01-20 13:15:00,16,0.0010959421628409,0.002941923527727,0.2702435855168065,0.0625,0.9767856378199724,1.905077104631971,0.1176470588235294,0.185438476812939,0.0051597189987768,-0.5740087514956649
2023,half_height_width,470,3420,650,0.5,0.1666666666666666,5,5,0.001529837149321,0.00171577165142,0.0020919052720155,0.5012397356156726,472,475,472,476,2023,2023-01-16 14:15:00,2023-01-16 14:25:00,2023-01-16 14:40:00,5,0.0015116477932346,0.0003323078812722,0.1405069536624659,0.4,0.1198882955620599,1.2983954809883482,0.5,0.0,0.001529837149321,-0.2106534866045813,3424,3425,3422,3426,2023,2023-04-20 10:35:00,2023-04-20 10:55:00,2023-04-20 11:00:00,5,0.0022300941605428,-0.0017595973907433,-0.3607327819532066,0.8,-1.4965642332039997,1.1612675872398133,0.1666666666666666,0.6387142228457229,0.00171577165142,-0.2726397959555826
2023,half_height_width,494,10573,650,0.5882352941176471,0.1578947368421052,16,18,0.0068680765911164,0.0061917544545897,-0.0064095476582171,-0.5303946221955338,499,510,496,511,2023,2023-01-17 10:45:00,2023-01-17 11:10:00,2023-01-17 13:35:00,16,0.0012340749753847,-0.0035471168281487,-0.2925416858437948,0.3125,0.227872457295763,1.4217882144380796,0.5882352941176471,0.0,0.0068680765911164,-0.4223492817467196,10575,10591,10575,10592,2023,2023-11-30 10:40:00,2023-11-30 10:50:00,2023-11-30 13:40:00,18,0.0011695137062945,0.0028624308300684,0.2378529363517389,0.1111111111111111,0.746359951342174,1.968782512759716,0.1578947368421052,0.0063165241255152,0.0061917544545897,-0.4454175672520621
2023,half_height_width,701,2635,650,0.5925925925925926,0.0869565217391304,26,22,0.0164431995805793,0.0161437464042766,0.0123456708747782,0.4143932813553448,705,727,703,728,2023,2023-01-30 13:30:00,2023-01-30 13:50:00,2023-01-31 10:10:00,26,0.0028862575568887,0.0125406922620435,0.419141115890827,0.1538461538461538,-0.06759744395006,2.0505928250176204,0.5925925925925926,0.0010195173069357,0.0164431995805793,-0.7650732404862706,2640,2657,2637,2658,2023,2023-03-27 14:40:00,2023-03-28 09:35:00,2023-03-28 11:00:00,22,0.0021615949614745,0.0001950213872653,0.0047478345354821,0.2272727272727272,0.7302790459168372,1.6656481105518723,0.0869565217391304,0.1051575511038258,0.0161437464042766,-0.6157607458798555
2023,half_height_width,745,6733,650,0.6190476190476191,0.2222222222222222,20,17,0.0046411552449132,0.0057891612632587,0.0006060455846008,0.0182830827735449,749,765,747,766,2023,2023-01-31 13:10:00,2023-01-31 13:30:00,2023-01-31 14:50:00,20,0.0012849804909898,0.0031292770145725,0.297493822769572,0.2,0.3035338921244935,1.35075488233065,0.6190476190476191,0.0,0.0046411552449132,-0.642482303696972,6734,6750,6735,6751,2023,2023-08-02 10:40:00,2023-08-02 10:45:00,2023-08-02 13:35:00,17,0.0008865626110044,0.0025232314299716,0.2792107399960271,0.0588235294117647,0.7054044017862021,1.423767843898873,0.2222222222222222,0.0673208304155036,0.0057891612632587,-0.8559720734119932
2023,half_height_width,765,6235,650,0.5,0.0625,17,15,0.0114711972411862,0.0104312312732668,0.0102414336520851,0.4643809276493698,773,782,767,783,2023,2023-01-31 14:50:00,2023-02-01 10:00:00,2023-02-01 10:45:00,17,0.0012009661787764,-0.0016123096315389,-0.0679224937031717,0.4705882352941176,0.1363732679198749,1.6562147593242869,0.5,0.0,0.0114711972411862,-0.3434881637555798,6240,6250,6237,6251,2023,2023-07-18 14:40:00,2023-07-19 09:35:00,2023-07-19 10:25:00,15,0.001509220264685,-0.011853743283624,-0.5323034213525415,0.3333333333333333,0.9981402987756876,2.670967476661658,0.0625,0.0596277729585756,0.0104312312732668,-0.3220479856801367
2023,half_height_width,834,4027,650,0.717948717948718,0.2195121951219512,38,40,0.019807434306724,0.0184805984758913,0.0138471387485932,0.2789859024540375,840,872,836,873,2023,2023-02-02 11:05:00,2023-02-02 13:05:00,2023-02-03 10:15:00,38,0.0018421708404304,0.0053780901821933,0.10584292827744,0.1578947368421052,0.048377659288956,1.8216000955629617,0.717948717948718,0.0077843867065609,0.019807434306724,-0.5014816939208786,4034,4067,4029,4068,2023,2023-05-11 14:40:00,2023-05-12 09:45:00,2023-05-12 14:00:00,40,0.0017306820610594,-0.0084690485663998,-0.1731429741765974,0.175,0.5026205448866621,2.311367967797924,0.2195121951219512,0.0090771755163467,0.0184805984758913,-0.4891333436568124
2023,half_height_width,878,3825,650,0.6363636363636364,0.25,10,11,0.0051254271091751,0.0054836390267851,0.0122978165516591,1.002488679919154,881,888,880,889,2023,2023-02-03 10:45:00,2023-02-03 11:00:00,2023-02-03 13:05:00,10,0.0016917166954932,0.0021984717704678,0.2603638006842633,0.3,0.1620137747002342,1.423349095346374,0.6363636363636364,0.0,0.0051254271091751,-0.4231876170781597,3829,3836,3827,3837,2023,2023-05-05 13:50:00,2023-05-05 14:10:00,2023-05-05 14:45:00,11,0.0013365301210204,-0.0100993447811913,-0.7421248792348907,0.3636363636363636,0.6487766050905893,1.4687523637129862,0.25,0.0242170794854897,0.0054836390267851,-0.1774596505365169
2023,half_height_width,888,7854,650,0.5769230769230769,0.1739130434782608,25,22,0.0156754328323129,0.0156219877054066,-0.0022980838812194,-0.0780453589791956,910,913,890,914,2023,2023-02-03 13:05:00,2023-02-03 14:55:00,2023-02-06 09:40:00,25,0.0017121668091709,0.0026617427617527,0.0837387353697204,0.88,-0.36994885138325,1.728472218219514,0.5769230769230769,0.0041439648480037,0.0156754328323129,0.6758479904101551,7873,7876,7856,7877,2023,2023-09-04 13:35:00,2023-09-05 09:40:00,2023-09-05 09:55:00,22,0.0015707595750525,0.0049598266429722,0.1617840943489161,0.8636363636363636,-2.7111371969288816,1.8167645402594672,0.1739130434782608,0.1946164910307145,0.0156219877054066,0.5571801614778888
2023,half_height_width,942,11381,650,0.6363636363636364,0.2222222222222222,10,8,0.0026585102596996,0.0031481816647556,8.811827486190644e-05,0.005078728884961,947,952,944,953,2023,2023-02-06 13:35:00,2023-02-06 14:00:00,2023-02-06 14:25:00,10,0.0017013125241968,0.0005773813470509,0.0726701273660389,0.5,0.0646886741090512,1.5571419284793973,0.6363636363636364,0.0095769133956113,0.0026585102596996,-0.1214653286330848,11382,11389,11383,11390,2023,2023-12-25 10:00:00,2023-12-25 10:05:00,2023-12-25 10:40:00,8,0.0019224030099292,0.0004892630721889,0.0675913984810779,0.125,1.8454037070655411,1.6366584700345528,0.2222222222222222,0.1524407109543194,0.0031481816647556,-0.1364644201336977
2023,half_height_width,1056,782,650,0.7692307692307693,0.1886792452830188,51,52,0.0305957009925572,0.0283003245103214,-0.0040364793151034,-0.06800546513601,1101,1107,1058,1108,2023,2023-02-09 09:35:00,2023-02-09 14:50:00,2023-02-10 09:50:00,51,0.0014855361610005,0.0072311517047082,0.1154869859452898,0.8823529411764706,0.061401108848692,1.594732139052223,0.7692307692307693,0.0074873392307273,0.0305957009925572,0.8860308491960998,825,834,784,835,2023,2023-02-01 10:45:00,2023-02-02 10:20:00,2023-02-02 11:05:00,52,0.0013457212375224,0.0112676310198117,0.1834924510812999,0.8269230769230769,-0.7742039428733128,2.165057637324623,0.1886792452830188,0.0,0.0283003245103214,0.7037485772086371
2023,half_height_width,1147,11176,650,0.5,0.2,5,4,0.0022369516466209,0.0020117737171796,-0.001495647208156,-0.3019899850883191,1149,1152,1149,1153,2023,2023-02-10 14:40:00,2023-02-10 14:50:00,2023-02-13 09:35:00,5,0.0011800156501164,-0.0008404757978414,-0.1101946267280761,0.4,-0.268974815956307,1.933077826099169,0.5,0.0,0.0022369516466209,-0.4675273410790228,11177,11180,11178,11181,2023,2023-12-18 14:25:00,2023-12-18 14:30:00,2023-12-18 14:45:00,4,0.0008277805531439,0.0006551714103145,0.191795358360243,0.25,0.05770665673987,1.0814074760562984,0.2,0.0,0.0020117737171796,-0.3789349342966443
2023,half_height_width,1235,1510,650,0.5263157894736842,0.2352941176470588,18,16,0.0055491970590324,0.0057151667653876,0.0106748811704665,0.677634215839395,1245,1253,1237,1254,2023,2023-02-14 14:00:00,2023-02-14 14:50:00,2023-02-15 10:00:00,18,0.0011791574349885,0.0018564415088099,0.1162838946373713,0.5555555555555556,-0.1702128237317494,2.2471712330251568,0.5263157894736842,0.0096747646835593,0.0055491970590324,-0.4141006311547205,1514,1526,1512,1527,2023,2023-02-22 11:25:00,2023-02-22 13:15:00,2023-02-22 14:15:00,16,0.0013098558047129,-0.0088184396616566,-0.5613503212020237,0.25,0.5754548724430893,1.4071130996260983,0.2352941176470588,0.0669973110953466,0.0057151667653876,-0.314938431629075
2023,half_height_width,1302,7953,650,0.4901960784313725,0.1568627450980392,50,50,0.0331238208619542,0.0371140277477284,0.0088032525960598,0.0214997803466156,1316,1352,1304,1353,2023,2023-02-16 10:05:00,2023-02-16 11:15:00,2023-02-17 10:15:00,50,0.0014288075561645,0.0309160839308578,0.4102561429657257,0.28,0.2907139631653707,1.689724163477082,0.4901960784313725,0.0167091510922617,0.0331238208619542,-0.8344128985234859,7963,8003,7955,8004,2023,2023-09-06 13:50:00,2023-09-06 14:40:00,2023-09-07 14:00:00,50,0.001881344170993,0.0221128313347979,0.3887563626191101,0.2,0.8297092207557464,2.6465444754743057,0.1568627450980392,0.0062492949555602,0.0371140277477284,-0.767863018910286
2023,half_height_width,1352,10711,650,0.5555555555555556,0.1,17,19,0.006469913464941,0.0064986616698172,-3.947066681518705e-05,-0.0208325165545577,1354,1369,1354,1370,2023,2023-02-17 10:15:00,2023-02-17 10:25:00,2023-02-17 13:10:00,17,0.0017641839172617,0.0044146186285252,0.3065723889916305,0.1176470588235294,0.0389154133776623,1.3013308158451502,0.5555555555555556,0.0,0.006469913464941,-0.6947856667653345,10713,10730,10713,10731,2023,2023-12-05 10:10:00,2023-12-05 10:20:00,2023-12-05 13:15:00,19,0.0012313492873816,0.0044540892953403,0.3274049055461882,0.1052631578947368,0.1888904350371407,1.947128971402757,0.1,0.0794200130885933,0.0064986616698172,-0.6709878679180745
2023,half_height_width,1369,9335,650,0.625,0.2222222222222222,7,8,0.0027887561805419,0.0033468608944344,-3.215966952771097e-06,0.0167356566359403,1372,1376,1371,1377,2023,2023-02-17 13:10:00,2023-02-17 13:25:00,2023-02-17 13:45:00,7,0.0017636408396936,0.0003729669564276,0.0682307926671004,0.4285714285714285,0.0565487803992674,1.5778581409526269,0.625,0.0,0.0027887561805419,-0.0975956821886351,9339,9343,9337,9344,2023,2023-10-25 11:30:00,2023-10-25 13:20:00,2023-10-25 13:40:00,8,0.0021588085734461,0.0003761829233803,0.05149513603116,0.5,0.3639428576788398,1.6239127446990596,0.2222222222222222,0.1005454249084157,0.0033468608944344,-0.077276853651403
2023,half_height_width,1376,7217,650,0.7222222222222222,0.0909090909090909,17,21,0.0168552410085096,0.0141787104324899,-0.0004792422836407,-0.0487924552573128,1380,1393,1378,1394,2023,2023-02-17 13:45:00,2023-02-17 14:05:00,2023-02-20 09:40:00,17,0.0016328514751091,0.0033477911275486,0.124147600491976,0.2352941176470588,0.0156412509159181,1.2886970247748784,0.7222222222222222,0.0,0.0168552410085096,-0.7088242624385155,7220,7238,7219,7239,2023,2023-08-16 11:00:00,2023-08-16 11:15:00,2023-08-16 14:15:00,21,0.0014613712120972,0.0038270334111893,0.1729400557492889,0.1428571428571428,1.1121129919566248,1.4717353085849345,0.0909090909090909,0.1486369813966202,0.0141787104324899,-0.6713444427139311
2023,half_height_width,1603,6759,650,0.5,0.1666666666666666,19,17,0.005182142319775,0.0041903250497821,-0.002949531071052,-0.2168675905013691,1614,1622,1605,1623,2023,2023-02-24 11:10:00,2023-02-24 13:35:00,2023-02-24 14:15:00,19,0.0012946838165137,-0.0052227605593931,-0.3173478663775789,0.5789473684210527,-0.4535552173574461,1.5198095809844407,0.5,0.0199442070334648,0.005182142319775,0.1247472761662733,6771,6776,6761,6777,2023,2023-08-02 14:20:00,2023-08-03 09:50:00,2023-08-03 10:15:00,17,0.0008997189185612,-0.0022732294883411,-0.1004802758762097,0.7058823529411765,-0.7138623454612121,1.844623962044649,0.1666666666666666,0.0195307197578176,0.0041903250497821,0.2220366470214515
2023,half_height_width,1622,1560,650,0.6363636363636364,0.2307692307692307,10,12,0.006241057603006,0.0062235223684412,-0.0108484525019098,-1.0099185163960511,1627,1632,1624,1633,2023,2023-02-24 14:15:00,2023-02-24 14:40:00,2023-02-27 09:35:00,10,0.0012489259293624,-0.0076736706840211,-0.7326287142834438,0.5,-0.0878704102035926,1.8489321645233048,0.6363636363636364,0.0,0.006241057603006,-0.5185784373535604,1562,1572,1562,1573,2023,2023-02-23 13:05:00,2023-02-23 13:15:00,2023-02-23 14:05:00,12,0.0012869844300614,0.0031747818178887,0.2772898021126074,0.1666666666666666,0.7637355503266071,2.0735058922062146,0.2307692307692307,0.110250693486544,0.0062235223684412,-0.4971856261798665
2023,half_height_width,1930,4962,650,0.6,0.2222222222222222,9,8,0.0054259601099149,0.0065253572423671,0.0121586324362437,1.0884488932808205,1932,1939,1932,1940,2023,2023-03-07 10:25:00,2023-03-07 10:35:00,2023-03-07 11:10:00,9,0.001243781099955,0.0035543168408938,0.4369284844566636,0.2222222222222222,0.1875520634224918,1.2170332425783132,0.6,0.0,0.0054259601099149,-0.6072648023835466,4966,4970,4964,4971,2023,2023-06-08 11:05:00,2023-06-08 11:25:00,2023-06-08 13:15:00,8,0.0016784451618733,-0.0086043155953498,-0.6515204088241567,0.5,-0.2804734716584701,1.705788300668836,0.2222222222222222,0.0,0.0065253572423671,-0.4635205473789713
2023,half_height_width,2025,6285,650,0.6666666666666666,0.0714285714285714,11,13,0.0061085709676174,0.0065422473825274,0.0013820202951066,0.1216579980338294,2027,2036,2027,2037,2023,2023-03-09 10:20:00,2023-03-09 10:30:00,2023-03-09 11:15:00,11,0.0013084749212092,0.0009751642836012,0.1005479813921787,0.1818181818181818,0.2097103066508494,1.4760168506873623,0.6666666666666666,0.0,0.0061085709676174,-0.5286299640864824,6286,6298,6287,6299,2023,2023-07-19 14:50:00,2023-07-19 14:55:00,2023-07-20 10:25:00,13,0.000916121656402,-0.0004068560115054,-0.0211100166416506,0.0769230769230769,1.9465064143724584,1.5550229402187272,0.0714285714285714,0.354838803658022,0.0065422473825274,-0.6427508020566228
2023,half_height_width,2036,1276,650,0.5555555555555556,0.2,8,9,0.0052396266801846,0.0051045964099207,-0.000959509233612,-0.2057334689317967,2041,2044,2038,2045,2023,2023-03-09 11:15:00,2023-03-09 13:10:00,2023-03-09 13:25:00,8,0.0013615600857224,-0.0070302773244433,-0.7802843524372801,0.625,0.205716131781761,1.514647428957059,0.5555555555555556,0.0,0.0052396266801846,0.5761656526228951,1284,1285,1278,1286,2023,2023-02-15 13:25:00,2023-02-15 14:05:00,2023-02-15 14:10:00,9,0.0013798473970124,-0.0060707680908312,-0.5745508835054833,0.8888888888888888,-0.5699625311321043,1.3422400227502345,0.2,0.0320739079975268,0.0051045964099207,0.7610008128018576
2023,half_height_width,2044,1107,650,0.6,0.1111111111111111,24,26,0.0144576958058353,0.0144005058961935,-0.0021367637124215,-0.1392116377003622,2054,2068,2046,2069,2023,2023-03-09 13:25:00,2023-03-09 14:15:00,2023-03-10 09:55:00,24,0.0013351646845372,0.0115400618857559,0.3919574756669389,0.4166666666666667,-0.1234781791829996,1.797581805103252,0.6,0.0,0.0144576958058353,-0.7255549717214854,1109,1133,1109,1134,2023,2023-02-10 09:50:00,2023-02-10 10:00:00,2023-02-10 13:30:00,26,0.0013916436441267,0.0136768255981774,0.5311691133673012,0.0769230769230769,1.7055200259752017,1.308494209587519,0.1111111111111111,0.1909107026423102,0.0144005058961935,-0.9341826456975688
2023,half_height_width,2161,4144,650,0.5,0.25,17,19,0.0083509260766305,0.0078170213225279,-0.0113974706120127,-0.4874358201308737,2164,2178,2163,2179,2023,2023-03-14 09:40:00,2023-03-14 09:55:00,2023-03-14 11:05:00,17,0.0016080468379497,-0.0072771161218926,-0.2504431894837448,0.1764705882352941,0.1467588967453122,1.5413786318898373,0.5,0.0504525424740462,0.0083509260766305,-0.6615850842738,4146,4163,4146,4164,2023,2023-05-16 10:55:00,2023-05-16 11:05:00,2023-05-16 14:00:00,19,0.0014676917544292,0.0041203544901201,0.2369926306471289,0.1052631578947368,0.1691199625209783,1.939651991950598,0.25,0.0019050257027969,0.0078170213225279,-0.5022208938922188
2023,half_height_width,2245,5041,650,0.6111111111111112,0.2,17,14,0.0078451271137396,0.0070648977221212,0.008216731204674,0.3608737089837969,2247,2262,2247,2263,2023,2023-03-15 14:10:00,2023-03-15 14:20:00,2023-03-16 10:05:00,17,0.0015316339139109,0.0059415279361584,0.2589102435612044,0.1176470588235294,-0.0528209817913918,3.1764358340049155,0.6111111111111112,0.009048576162845,0.0078451271137396,-0.76749386819058,5045,5055,5043,5056,2023,2023-06-12 09:40:00,2023-06-12 10:00:00,2023-06-12 10:50:00,14,0.0019451598746642,-0.0022752032685155,-0.1019634654225924,0.2857142857142857,0.9181537397258414,1.4455550234120789,0.2,0.1425079535831721,0.0070648977221212,-0.6371805362251383
2023,half_height_width,2262,3794,650,0.5428571428571428,0.15625,34,31,0.0176026880610979,0.0167699184371334,0.0014561331595206,0.0259011423498714,2268,2296,2264,2297,2023,2023-03-16 10:05:00,2023-03-16 10:35:00,2023-03-16 14:25:00,34,0.0012354578821358,0.0051057123555128,0.1316996132565347,0.1764705882352941,0.3756678631042311,1.5905798795682653,0.5428571428571428,0.0,0.0176026880610979,-0.6427276687220153,3798,3825,3796,3826,2023,2023-05-05 09:45:00,2023-05-05 10:05:00,2023-05-05 13:50:00,31,0.0012563614273298,0.0036495791959921,0.1057984709066632,0.1290322580645161,0.7599164284691089,1.438904855507705,0.15625,0.2052598515567213,0.0167699184371334,-0.6762268467876066
2023,half_height_width,2426,6059,650,0.5555555555555556,0.2222222222222222,8,8,0.002998063759616,0.0037262745165866,0.000299376866163,0.0013744077515272,2427,2434,2428,2435,2023,2023-03-21 13:15:00,2023-03-21 13:20:00,2023-03-21 13:55:00,8,0.0015420350591854,-0.0005276529338758,-0.0894705933189778,0.125,0.2622137294568266,1.5242658349803753,0.5555555555555556,0.0579134849262779,0.002998063759616,-0.2151358784050524,6063,6067,6061,6068,2023,2023-07-13 10:30:00,2023-07-13 10:50:00,2023-07-13 11:10:00,8,0.0013142762168125,-0.0008270298000389,-0.0908450010705051,0.5,-0.4557736127116062,1.5061044523710627,0.2222222222222222,0.0163120261089866,0.0037262745165866,-0.1948868210698525
2023,half_height_width,2657,7364,650,0.5517241379310345,0.1142857142857142,28,34,0.0163598724666611,0.0172333496277898,0.006363249853929,0.2489552932590644,2665,2685,2659,2686,2023,2023-03-28 11:00:00,2023-03-28 13:10:00,2023-03-28 14:50:00,28,0.0018629859977325,0.0068527269251572,0.2622233637227948,0.2857142857142857,0.2707240744398124,1.6743474785179573,0.5517241379310345,0.0,0.0163598724666611,-0.5689267949174825,7368,7398,7366,7399,2023,2023-08-21 11:15:00,2023-08-21 13:05:00,2023-08-22 10:05:00,34,0.0018461528643867,0.0004894770712282,0.0132680704637303,0.1176470588235294,0.2374957594626929,1.823058533999899,0.1142857142857142,0.0811458089833899,0.0172333496277898,-0.6284249267134887
2023,half_height_width,2753,3836,650,0.56,0.1363636363636363,24,21,0.0148806663721936,0.0154687912926272,-0.0084355477067064,-0.2272755131937905,2767,2777,2755,2778,2023,2023-03-30 11:00:00,2023-03-30 13:40:00,2023-03-30 14:30:00,24,0.0023762101775247,-0.0042219221256912,-0.1255272942599009,0.5833333333333334,-0.0925263024512987,1.6437682862660132,0.56,0.0013012405827512,0.0148806663721936,0.4727403711385478,3846,3857,3838,3858,2023,2023-05-05 14:45:00,2023-05-08 10:05:00,2023-05-08 11:00:00,21,0.0019900348253761,0.0042136255810152,0.1017482189338896,0.4761904761904761,0.1363663485004172,1.784686469976988,0.1363636363636363,0.017370961768351,0.0154687912926272,0.2733931159938881
2023,half_height_width,2846,3402,650,0.5263157894736842,0.2105263157894736,18,18,0.0214309378179597,0.0239096220760348,0.0037931255884848,0.0899903834177597,2862,2864,2848,2865,2023,2023-04-03 10:45:00,2023-04-03 13:35:00,2023-04-03 13:45:00,18,0.0028598330102741,-0.0020075780550977,-0.0624820784451853,0.8888888888888888,0.0247150380684491,1.6889837522868067,0.5263157894736842,0.0059013901682014,0.0214309378179597,0.8297997539337061,3415,3420,3404,3421,2023,2023-04-19 14:35:00,2023-04-20 10:10:00,2023-04-20 10:35:00,18,0.0024325577451325,-0.0058007036435826,-0.152472461862945,0.7222222222222222,-0.3425299674927582,1.8283876447506688,0.2105263157894736,0.1622843128250957,0.0239096220760348,0.8005271873889481
2023,half_height_width,2896,3026,650,0.5217391304347826,0.2307692307692307,22,25,0.0255310454205073,0.0274488461951811,0.0212761156519929,0.3996390742168668,2905,2918,2898,2919,2023,2023-04-04 10:55:00,2023-04-04 13:10:00,2023-04-04 14:15:00,22,0.0027676163974938,0.0227161464694358,0.425208933281555,0.4090909090909091,0.0450264895831526,1.5477514531597805,0.5217391304347826,0.0022138047080877,0.0255310454205073,-0.5728728030899728,3032,3051,3028,3052,2023,2023-04-10 09:45:00,2023-04-10 10:15:00,2023-04-10 13:20:00,25,0.0024796305840626,0.0014400308174429,0.0255698590646882,0.24,0.7598682873698206,1.6984744140761985,0.2307692307692307,0.0,0.0274488461951811,-0.3425242159801448
2023,half_height_width,2966,3107,650,0.5,0.2222222222222222,9,8,0.0098026759666742,0.0082793946239689,0.0020031628854307,0.3197140429484298,2972,2975,2968,2976,2023,2023-04-06 14:15:00,2023-04-06 14:45:00,2023-04-06 15:00:00,9,0.0029973362186716,-0.0114297725127934,-0.6038023197490758,0.6666666666666666,-0.1502057503059878,1.5249709335241173,0.5,0.0,0.0098026759666742,0.4394293333235998,3112,3115,3109,3116,2023,2023-04-11 14:00:00,2023-04-11 14:25:00,2023-04-11 14:40:00,8,0.002571200227374,-0.0134329353982241,-0.9235163626975056,0.625,-0.6985672134501858,1.352185448498987,0.2222222222222222,0.0080379331474867,0.0082793946239689,0.3840958811475027
2023,half_height_width,3126,3952,650,0.48,0.2083333333333333,24,23,0.0139698976017728,0.0114347171612365,0.0009751118820309,0.0186824155934836,3143,3150,3128,3151,2023,2023-04-12 10:05:00,2023-04-12 11:30:00,2023-04-12 13:35:00,24,0.0023805271646515,0.0028264308882447,0.0825496749274797,0.7083333333333334,-0.3287269454466682,1.4992776554999905,0.48,0.0780434487403174,0.0139698976017728,0.3632411585477452,3964,3975,3954,3976,2023,2023-05-10 10:55:00,2023-05-10 13:25:00,2023-05-10 14:20:00,23,0.0016904966500587,0.0018513190062138,0.0638672593339961,0.5217391304347826,-0.388594928733692,1.5117020375088217,0.2083333333333333,0.0218538262082445,0.0114347171612365,0.2202641717725006
2023,half_height_width,3252,4487,650,0.5714285714285714,0.125,6,7,0.0043642203765976,0.0050933476410124,-0.0040464881052824,-0.5186446172365604,3255,3258,3254,3259,2023,2023-04-14 14:05:00,2023-04-14 14:20:00,2023-04-14 14:35:00,6,0.0027216206680733,-0.0020656422309292,-0.2725079683651351,0.5,0.3063624043367497,1.3284732029572424,0.5714285714285714,0.0091533577628394,0.0043642203765976,-0.4631688007748732,4489,4494,4489,4495,2023,2023-05-25 11:30:00,2023-05-25 13:10:00,2023-05-25 13:35:00,7,0.0020119803082117,0.0019808458743532,0.2461366488714253,0.2857142857142857,1.468692047679575,1.5560214390476788,0.125,0.0,0.0050933476410124,-0.4064395207920748
2023,half_height_width,3548,7567,650,0.5555555555555556,0.1818181818181818,8,10,0.0084542506634903,0.0085654120320537,0.0144320662804352,0.7895646762113696,3551,3556,3550,3557,2023,2023-04-24 14:45:00,2023-04-24 15:00:00,2023-04-25 09:55:00,8,0.0026226262458003,0.00290227977417,0.1382499867906304,0.375,-0.0834409608858109,1.4470853141061273,0.5555555555555556,0.0,0.0084542506634903,-0.3443993032715948,7571,7577,7569,7578,2023,2023-08-25 13:40:00,2023-08-25 14:00:00,2023-08-25 14:30:00,10,0.0019100975650699,-0.0115297865062652,-0.6513146894207391,0.4,0.9289447083190816,2.057718113361385,0.1818181818181818,0.0655594882837013,0.0085654120320537,-0.2769774178722139
2023,half_height_width,3776,2400,650,0.4736842105263157,0.2,18,19,0.0058378818578113,0.0063757605929888,0.0029292565982816,0.1123464481184655,3789,3794,3778,3795,2023,2023-05-04 13:45:00,2023-05-04 14:50:00,2023-05-05 09:45:00,18,0.0016680101857464,7.75215564259731e-05,0.0037322029315326,0.7222222222222222,-0.2284521276586423,1.619590755528293,0.4736842105263157,0.0346847319945698,0.0058378818578113,-0.2082104083343839,2404,2419,2402,2420,2023,2023-03-21 09:35:00,2023-03-21 09:55:00,2023-03-21 11:10:00,19,0.0016200453371694,-0.0028517350418556,-0.1086142451869329,0.2105263157894736,0.4467028959402513,1.371249962662824,0.2,0.0612712775838713,0.0063757605929888,-0.1748454624547812
2023,half_height_width,3857,10880,650,0.5,0.25,11,11,0.0041355296637943,0.0050504278297944,-0.0074628867761026,-0.798206363602929,3863,3868,3859,3869,2023,2023-05-08 11:00:00,2023-05-08 11:30:00,2023-05-08 13:25:00,11,0.0019426006733756,-0.0056726882137428,-0.6284260831693519,0.5454545454545454,-0.1446888149550734,1.2605555784191331,0.5,0.0,0.0041355296637943,0.2641632713815639,10889,10891,10882,10892,2023,2023-12-08 13:45:00,2023-12-08 14:30:00,2023-12-08 14:40:00,11,0.0014496174696256,0.0017901985623598,0.169780280433577,0.8181818181818182,-1.1933842748007526,1.6011560187659744,0.25,0.1095041540061906,0.0050504278297944,0.3774380631803203
2023,half_height_width,3873,8801,650,0.5,0.2307692307692307,15,12,0.0041310235642448,0.0039257218809849,0.006968967925026,0.7469259711760216,3886,3888,3875,3889,2023,2023-05-08 13:50:00,2023-05-08 14:55:00,2023-05-09 09:35:00,15,0.0019054612640124,0.0007495220961799,0.0510306719886208,0.8666666666666667,-0.1286233312657348,1.5735513879125618,0.5,0.0,0.0041310235642448,0.3077793927716312,8810,8813,8803,8814,2023,2023-10-10 11:00:00,2023-10-10 13:15:00,2023-10-10 13:30:00,12,0.0014085716885604,-0.006219445828846,-0.6958952991874007,0.75,-0.9296404036655952,1.4241459785653845,0.2307692307692307,0.0634477248583282,0.0039257218809849,0.4846126573854949
2023,half_height_width,3999,6493,650,0.48,0.1666666666666666,24,23,0.0061093952925332,0.0065682873823948,0.0015326903888354,0.0297360863042112,4000,4023,4001,4024,2023,2023-05-11 10:50:00,2023-05-11 10:55:00,2023-05-11 14:20:00,24,0.0016774072381987,0.0045682151659893,0.2763628496636053,0.0416666666666666,0.2899976718173498,1.8469937181234048,0.48,0.0770834274075345,0.0061093952925332,-0.7827137788430432,6495,6516,6495,6517,2023,2023-07-26 10:40:00,2023-07-26 10:50:00,2023-07-26 14:05:00,23,0.0011349116763768,0.0030355247771539,0.2466267633593941,0.0869565217391304,1.4007968965677695,1.5710529316407091,0.1666666666666666,0.2003291169326715,0.0065682873823948,-0.6941698837702918
2023,half_height_width,4100,9454,650,0.5675675675675675,0.1333333333333333,36,29,0.0224896298650518,0.0184172772908715,0.0094527492235817,0.2164902543211721,4132,4136,4102,4137,2023,2023-05-15 11:15:00,2023-05-16 09:55:00,2023-05-16 10:15:00,36,0.001555388607579,0.011265770049966,0.2530475484879469,0.8888888888888888,-0.021628396007033,1.3587452123993753,0.5675675675675675,0.0135474206548126,0.0224896298650518,0.7805784894399733,9480,9483,9456,9484,2023,2023-10-27 14:55:00,2023-10-30 13:05:00,2023-10-30 13:20:00,29,0.0016523726541415,0.0018130208263842,0.0365572941667747,0.896551724137931,-0.4011005090772296,1.3482920166043524,0.1333333333333333,0.3384490654084389,0.0184172772908715,0.7841964338105729
2023,half_height_width,4303,4329,650,0.75,0.2083333333333333,19,23,0.0099805641798251,0.0103556661653438,0.0107629881850173,0.5739886089809906,4306,4322,4305,4323,2023,2023-05-19 13:40:00,2023-05-19 13:55:00,2023-05-22 09:45:00,19,0.0017940404216249,0.0065978272312201,0.3825273556121947,0.1578947368421052,-0.0523013867406752,2.67640455758324,0.75,0.032882250475505,0.0099805641798251,-0.672644451123973,4333,4352,4331,4353,2023,2023-05-22 10:20:00,2023-05-22 10:40:00,2023-05-22 13:45:00,23,0.0014167379439356,-0.0041651609537971,-0.1914612533687959,0.1739130434782608,0.8765982115139036,1.6699488845239132,0.2083333333333333,0.0315645954573358,0.0103556661653438,-0.4924671950865176
2023,half_height_width,4380,8617,650,0.5238095238095238,0.238095238095238,20,20,0.0060476865630798,0.0051285371023537,0.0008541915715573,0.2227085357712414,4388,4400,4382,4401,2023,2023-05-23 10:35:00,2023-05-23 11:15:00,2023-05-23 13:45:00,20,0.0013047086699493,-0.004469636292551,-0.2358030941585092,0.4,0.3593963194864157,1.4745258741727243,0.5238095238095238,0.0,0.0060476865630798,0.0032407758288011,8624,8637,8619,8638,2023,2023-09-26 13:10:00,2023-09-26 13:45:00,2023-09-26 14:50:00,20,0.0012084581995763,-0.0053238278641083,-0.4585116299297506,0.35,0.6503002068595123,1.4668607799896418,0.238095238095238,0.0,0.0051285371023537,-0.2243928615896581
2023,half_height_width,4590,727,650,0.6842105263157895,0.2105263157894736,18,18,0.0087335098992671,0.0070346239323768,-0.0038688967924063,-0.2645776491505839,4598,4608,4592,4609,2023,2023-05-29 13:35:00,2023-05-29 14:15:00,2023-05-30 09:35:00,18,0.0014119225506557,-0.0010922482754376,-0.0667284869360359,0.4444444444444444,-0.2235417618933096,2.808189403454341,0.6842105263157895,0.0,0.0087335098992671,-0.5885716381958512,731,745,729,746,2023,2023-01-31 10:10:00,2023-01-31 10:30:00,2023-01-31 13:10:00,18,0.001525770649528,0.0027766485169686,0.197849162214548,0.2222222222222222,0.4177905883866082,1.5053403469410465,0.2105263157894736,0.0240391648589728,0.0070346239323768,-0.4045165947159267
2023,half_height_width,4608,11180,650,0.5357142857142857,0.21875,27,31,0.0128739420459993,0.0120695306689571,-0.0043255196849623,-0.1300126288872013,4624,4635,4610,4636,2023,2023-05-30 09:35:00,2023-05-30 10:55:00,2023-05-30 13:20:00,27,0.001558177580683,0.001555275360984,0.0408208599137816,0.5925925925925926,-0.0806420700460384,1.4913622334087728,0.5357142857142857,0.0,0.0128739420459993,0.2888682724463765,11198,11211,11182,11212,2023,2023-12-18 14:45:00,2023-12-19 10:45:00,2023-12-19 13:20:00,31,0.0010559833472484,0.0058807950459464,0.1708334888009829,0.5806451612903226,-0.7355667458888231,1.964506028355822,0.21875,0.0021894894816925,0.0120695306689571,0.3133607168469066
2023,half_height_width,4796,994,650,0.5454545454545454,0.16,21,24,0.0118191518491723,0.0103726420194583,-0.0101742797928868,-0.2060902415420262,4809,4817,4798,4818,2023,2023-06-02 14:45:00,2023-06-05 10:20:00,2023-06-05 11:00:00,21,0.0016378379676023,-0.0116332759467181,-0.2528917291711193,0.6190476190476191,0.0148087923156997,1.7904790194422275,0.5454545454545454,0.0341227721525357,0.0118191518491723,0.2525471388708932,1008,1018,996,1019,2023,2023-02-07 13:55:00,2023-02-08 09:35:00,2023-02-08 10:25:00,24,0.0013695268427962,-0.0014589961538313,-0.0468014876290931,0.5833333333333334,-0.1913917680864601,1.813938406185274,0.16,0.0013626445910684,0.0103726420194583,0.2192233346372949
2023,half_height_width,4862,10074,650,0.6,0.1176470588235294,34,33,0.0198529232263089,0.0170283444169303,0.0012536192109888,-0.0635135562137071,4866,4896,4864,4897,2023,2023-06-06 10:45:00,2023-06-06 11:05:00,2023-06-07 09:35:00,34,0.001526442044214,0.0164524489700436,0.4516930559875918,0.1176470588235294,0.2700286914647929,1.398338607078229,0.6,0.0320956302323735,0.0198529232263089,-0.855720616656077,10076,10107,10076,10108,2023,2023-11-15 14:35:00,2023-11-15 14:45:00,2023-11-16 13:20:00,33,0.0011196337536759,0.0151988297590547,0.515206612201299,0.0606060606060606,3.798733935271081,1.8604030810157268,0.1176470588235294,0.7312056432427673,0.0170283444169303,-0.8912470209162598
2023,half_height_width,4917,1192,650,0.5,0.1621621621621621,29,36,0.0124701194359628,0.0123630765229156,0.0001815637157276,0.0059524063294108,4922,4946,4919,4947,2023,2023-06-07 11:20:00,2023-06-07 13:15:00,2023-06-08 09:45:00,29,0.0011689035428327,-0.0027967595900206,-0.0906409968430056,0.1724137931034483,-0.1396555988767063,2.6124098820796053,0.5,0.0158114548062171,0.0124701194359628,-0.6388928134925584,1201,1228,1194,1229,2023,2023-02-13 14:25:00,2023-02-14 09:40:00,2023-02-14 13:25:00,36,0.0011808144359994,-0.0029783233057482,-0.0965934031724164,0.25,1.2764640269023768,2.289221600687195,0.1621621621621621,0.0157471469785723,0.0123630765229156,-0.4533128429052014
2023,half_height_width,4992,2120,650,0.5,0.1818181818181818,11,10,0.0052116799769672,0.0049845842701614,0.0010642923264812,0.1123247913317361,4997,5003,4994,5004,2023,2023-06-09 09:35:00,2023-06-09 10:00:00,2023-06-09 10:30:00,11,0.001361445591419,-0.0042048750100862,-0.3004449383252749,0.4545454545454545,0.5162127705937155,1.752330574516008,0.5,0.0,0.0052116799769672,0.1679830419822594,2126,2130,2122,2131,2023,2023-03-13 10:15:00,2023-03-13 10:45:00,2023-03-13 11:05:00,10,0.0013894194696965,-0.0052691673365674,-0.4127697296570111,0.6,-0.5282097581210445,1.3980819661384494,0.1818181818181818,0.037602466788955,0.0049845842701614,0.0706982973038043
2023,half_height_width,5089,4681,650,0.5714285714285714,0.1935483870967742,27,30,0.0196550331713094,0.0161413001226389,0.0060112425898019,0.1842046612553159,5115,5116,5091,5117,2023,2023-06-13 09:40:00,2023-06-13 13:20:00,2023-06-13 13:25:00,27,0.0012193159539926,0.0044684987826191,0.1446811618368378,0.9629629629629628,0.2364098539413356,1.682919825334902,0.5714285714285714,0.0058651998330953,0.0196550331713094,0.8033308786911205,4709,4711,4683,4712,2023,2023-05-31 13:10:00,2023-06-01 10:00:00,2023-06-01 10:10:00,30,0.0015990596210289,-0.0015427438071827,-0.0395234994184781,0.9333333333333332,-0.8745812196160063,2.0153485611285062,0.1935483870967742,0.3002648404481978,0.0161413001226389,0.8292604950467276
2023,half_height_width,5153,8069,650,0.5,0.2142857142857142,13,13,0.005266450465557,0.0052302010608826,-0.0088396237090897,-0.6834989779569585,5162,5166,5155,5167,2023,2023-06-14 11:00:00,2023-06-14 13:15:00,2023-06-14 13:35:00,13,0.0013517877797311,-0.0057620150536998,-0.4572316681032046,0.6923076923076923,-0.5837264582330975,1.3748387696260085,0.5,0.010470286067442,0.005266450465557,0.2481807318167712,8075,8082,8071,8083,2023,2023-09-11 10:00:00,2023-09-11 10:30:00,2023-09-11 11:05:00,13,0.0014442086011595,0.0030776086553898,0.2262673098537539,0.4615384615384615,0.4235177614225414,1.472301411781578,0.2142857142857142,0.0282041072659654,0.0052302010608826,0.0614295127622366
2023,half_height_width,5166,6727,650,0.5714285714285714,0.1428571428571428,6,6,0.0030527590293889,0.0028937320991255,0.0004300239251967,0.0524308488214787,5169,5172,5168,5173,2023,2023-06-14 13:35:00,2023-06-14 13:50:00,2023-06-14 14:05:00,6,0.0013037634236385,-0.0004449560437502,-0.0780754787005706,0.5,0.071907030363551,1.5407591730423429,0.5714285714285714,0.0,0.0030527590293889,0.1394235812201278,6731,6733,6729,6734,2023,2023-08-02 10:10:00,2023-08-02 10:30:00,2023-08-02 10:40:00,6,0.0009155393616739,-0.0008749799689469,-0.1305063275220493,0.6666666666666666,0.0330355704207542,1.097077835534911,0.1428571428571428,0.3418796761288567,0.0028937320991255,0.2278364559254097
2023,half_height_width,5241,10010,650,0.5476190476190477,0.2352941176470588,41,33,0.0168427851438739,0.0158340929119402,-0.0029416215189177,-0.0735884025653505,5275,5282,5243,5283,2023,2023-06-16 10:20:00,2023-06-16 14:40:00,2023-06-19 09:45:00,41,0.0013409854446716,0.0022480815206301,0.0509720300388733,0.8292682926829268,-0.4470089013955054,1.6099946655757875,0.5476190476190477,0.0107270092594909,0.0168427851438739,0.6568374311272245,10035,10043,10012,10044,2023,2023-11-14 13:15:00,2023-11-15 09:50:00,2023-11-15 10:30:00,33,0.0012414701000252,0.0051897030395478,0.1245604326042238,0.7575757575757576,-0.4363375443042465,1.9360477722973823,0.2352941176470588,0.0267754712489499,0.0158340929119402,0.711976476991533
2023,half_height_width,5282,2004,650,0.56,0.1363636363636363,24,21,0.0109240915703781,0.0118499076919569,0.0002887970506992,0.0195046166232123,5303,5306,5284,5307,2023,2023-06-19 09:45:00,2023-06-19 11:30:00,2023-06-19 13:15:00,24,0.0013059961540738,0.0017879039967237,0.0714813769156748,0.875,0.1742634705476657,1.5119160708594992,0.56,0.0261291306265021,0.0109240915703781,0.7223819587345193,2023,2025,2006,2026,2023,2023-03-08 14:05:00,2023-03-09 10:10:00,2023-03-09 10:20:00,21,0.0012845110718494,0.0014991069460245,0.0519767602924624,0.9047619047619048,-1.7636383921591086,1.877310360025828,0.1363636363636363,0.2560552214278638,0.0118499076919569,0.7476837684839113
2023,half_height_width,5306,6166,650,0.5454545454545454,0.1,10,9,0.0042105325363435,0.003809644520401,-0.0038415042477444,-0.498614279237658,5310,5316,5308,5317,2023,2023-06-19 13:15:00,2023-06-19 13:35:00,2023-06-19 14:05:00,10,0.0013097845130659,-0.0018077844847378,-0.1988940370225124,0.4,0.0150084057230944,1.5277021926196068,0.5454545454545454,0.0459564791232783,0.0042105325363435,-0.5757951753981325,6168,6175,6168,6176,2023,2023-07-17 11:25:00,2023-07-17 13:05:00,2023-07-17 13:40:00,9,0.0011662873868457,0.0020337197630065,0.2997202422151456,0.2222222222222222,0.7560257565877113,1.6099455047075597,0.1,0.0125342965054605,0.003809644520401,-0.5311410436183598
2023,half_height_width,5316,6131,650,0.5,0.21875,25,31,0.0115839312473751,0.0109370246493076,0.0003712481112108,-0.0558490355674775,5319,5341,5318,5342,2023,2023-06-19 14:05:00,2023-06-19 14:20:00,2023-06-20 10:40:00,25,0.0013303799256065,0.0098792345721846,0.3212198182507638,0.12,0.3010226029940532,1.755233030696422,0.5,0.0243828063980406,0.0115839312473751,-0.8307013795857994,6132,6162,6133,6163,2023,2023-07-14 14:00:00,2023-07-14 14:05:00,2023-07-17 11:05:00,31,0.0011858553091947,0.0095079864609738,0.3770688538182414,0.032258064516129,2.003818421902824,2.453652615847551,0.21875,0.5628273685562011,0.0109370246493076,-0.8684628728149371
2023,half_height_width,5503,11417,650,0.5,0.1666666666666666,25,29,0.014317873546771,0.0172485514558369,-0.0121975612952301,-0.4355451300078685,5514,5528,5505,5529,2023,2023-06-27 13:40:00,2023-06-27 14:35:00,2023-06-28 10:15:00,25,0.0017759718587259,-0.002872800440407,-0.0816667593226558,0.44,-0.1460026407931327,2.1604574246592168,0.5,0.0077487118058177,0.014317873546771,-0.7748045194674842,11420,11446,11419,11447,2023,2023-12-25 14:30:00,2023-12-25 14:45:00,2023-12-26 11:25:00,29,0.0012306489127649,0.0093247608548231,0.3538783706852126,0.1034482758620689,0.7857335854633439,1.7128514065949745,0.1666666666666666,0.3924179516287009,0.0172485514558369,-0.8459910539101624
2023,half_height_width,5747,10612,650,0.6666666666666666,0.2,14,14,0.0044045772318312,0.004919386799818,-0.0052691192770011,-0.5436408161029681,5755,5761,5749,5762,2023,2023-07-04 14:00:00,2023-07-04 14:40:00,2023-07-05 09:40:00,14,0.0012112463531842,-0.0038245373719735,-0.4313478990413633,0.5714285714285714,-0.1189484456394074,1.9265907216671736,0.6666666666666666,0.0,0.0044045772318312,-0.1546501829706708,10614,10626,10614,10627,2023,2023-12-01 09:55:00,2023-12-01 10:05:00,2023-12-01 11:05:00,14,0.0013238155209137,0.0014445819050276,0.1122929170616047,0.1428571428571428,0.2295245430328673,1.3960142183033568,0.2,0.0,0.004919386799818,-0.3173175464262723
2023,half_height_width,6006,9343,650,0.7,0.2045454545454545,39,43,0.0144091951517797,0.01667769831759,-0.0123315940152419,-0.2601935548190597,6011,6045,6008,6046,2023,2023-07-12 10:05:00,2023-07-12 10:30:00,2023-07-12 14:50:00,39,0.0012219527203256,0.0020096016416046,0.0711224454869681,0.1282051282051282,0.0781590382186493,1.6015826866726204,0.7,0.0031168838523203,0.0144091951517797,-0.659421933868393,9352,9386,9345,9387,2023,2023-10-25 13:40:00,2023-10-25 14:25:00,2023-10-26 13:15:00,43,0.001205908719544,0.0143411956568466,0.3313160003060278,0.2093023255813953,1.5248847949902056,1.9996911766870469,0.2045454545454545,0.382090172857329,0.01667769831759,-0.8591670329385241
2023,half_height_width,6522,5588,650,0.5384615384615384,0.2307692307692307,12,12,0.0027585075758986,0.0028091864865356,-0.0009721575960271,-0.4337639264732412,6528,6534,6524,6535,2023,2023-07-26 14:35:00,2023-07-27 09:35:00,2023-07-27 10:05:00,12,0.0010568948043097,-0.0055031011158166,-0.8461904550248672,0.5,0.1146918021516065,1.4340207477359146,0.5384615384615384,0.035340064780178,0.0027585075758986,0.0830875749123407,5598,5600,5590,5601,2023,2023-06-29 11:15:00,2023-06-29 13:35:00,2023-06-29 13:45:00,12,0.0013512896988913,-0.0045309435197895,-0.412426528551626,0.8333333333333334,-0.1273868125497651,1.2401839341279497,0.2307692307692307,0.0354549126814669,0.0028091864865356,0.2626204774640885
2023,half_height_width,6832,6709,650,0.5217391304347826,0.1578947368421052,22,18,0.006519772588339,0.0061150286710907,-0.0057149072778668,-0.3489930725870205,6849,6854,6834,6855,2023,2023-08-04 10:55:00,2023-08-04 13:50:00,2023-08-04 14:15:00,22,0.0011139712715111,-0.004220720328309,-0.25101314394298,0.7727272727272727,-0.1386170807343544,1.4895622626692768,0.5217391304347826,0.0119126995919217,0.006519772588339,0.6300197103181362,6723,6727,6711,6728,2023,2023-08-01 14:10:00,2023-08-02 09:50:00,2023-08-02 10:10:00,18,0.0008654916466493,0.0014941869495578,0.0979799286440405,0.7777777777777778,-1.2054974620042156,1.8181202793071392,0.1578947368421052,0.094238503890995,0.0061150286710907,0.5739672097913362
2023,half_height_width,7015,6298,650,0.5294117647058824,0.2142857142857142,16,13,0.0051188411589064,0.0062518902502644,-0.0016881682625531,-0.1220133447612776,7018,7031,7017,7032,2023,2023-08-10 10:10:00,2023-08-10 10:25:00,2023-08-10 11:30:00,16,0.0007923313219869,0.002845160442728,0.3075952284088394,0.1875,0.4711964820713566,1.4550050459934152,0.5294117647058824,0.0,0.0051188411589064,-0.5618546187722355,6299,6311,6300,6312,2023,2023-07-20 10:25:00,2023-07-20 10:30:00,2023-07-20 11:30:00,13,0.0009200211986709,0.0045333287052811,0.4296085731701171,0.0769230769230769,0.346924864925811,1.5611623391755538,0.2142857142857142,0.0054601274445972,0.0062518902502644,-0.7135105555973893
2023,half_height_width,7123,7800,650,0.5555555555555556,0.25,8,7,0.0059799978872492,0.0065526810323248,0.0040887630793667,0.2811058128554564,7128,7131,7125,7132,2023,2023-08-14 11:10:00,2023-08-14 13:05:00,2023-08-14 13:20:00,8,0.0015303212923282,-0.0060785333128396,-0.6371443584622817,0.625,0.0286742361683522,1.482595016337861,0.5555555555555556,0.0393477859779232,0.0059799978872492,0.3773748046640563,7806,7807,7802,7808,2023,2023-09-01 13:05:00,2023-09-01 13:35:00,2023-09-01 13:40:00,7,0.0016723406898269,-0.0101672963922064,-0.918250171317738,0.8571428571428571,-0.8058685340278624,1.4763231770511909,0.25,0.0546502804811582,0.0065526810323248,0.3219190659651799
2023,half_height_width,7326,913,650,0.55,0.1818181818181818,19,21,0.0151070268974482,0.0136797585719747,0.0169905034679914,0.5280096632172487,7332,7345,7328,7346,2023,2023-08-18 13:35:00,2023-08-18 14:05:00,2023-08-21 09:40:00,19,0.0019050370457836,0.0048684346782033,0.173491770663281,0.3157894736842105,-0.0555593223045956,1.5830238005428992,0.55,0.0130779178772783,0.0151070268974482,-0.5927237572944147,917,934,915,935,2023,2023-02-06 09:40:00,2023-02-06 10:00:00,2023-02-06 11:25:00,21,0.0018693419152103,-0.0121220687897881,-0.3545178925539677,0.1904761904761904,2.063354208885994,1.6494588096320435,0.1818181818181818,0.1377308913309028,0.0136797585719747,-0.4040593435922453
2023,half_height_width,7807,8185,650,0.7272727272727273,0.1818181818181818,10,10,0.0023731682180452,0.0023171052216222,0.0018340626611501,0.3962443956410263,7813,7817,7809,7818,2023,2023-09-01 13:40:00,2023-09-01 14:10:00,2023-09-01 14:30:00,10,0.0016937099602276,0.0010423775747305,0.2589085878450599,0.6,-0.0371561807658038,1.983157089404,0.7272727272727273,0.0,0.0023731682180452,0.4301550947911154,8191,8195,8187,8196,2023,2023-09-13 13:10:00,2023-09-13 13:40:00,2023-09-13 14:00:00,10,0.0012809788959927,-0.0007916850864196,-0.1373358077959664,0.6,-1.322339998410471,1.890475851165459,0.1818181818181818,0.1843361204746223,0.0023171052216222,0.4149153787630594
2023,half_height_width,8047,8481,650,0.5,0.2307692307692307,15,12,0.0043957088123791,0.0048675995743536,0.0097028747185656,0.9347617504650564,8053,8062,8049,8063,2023,2023-09-08 13:40:00,2023-09-08 14:10:00,2023-09-08 14:55:00,15,0.001489057460801,0.0004991652889409,0.0347131782870496,0.4,0.2409376809450146,1.6828612019586922,0.5,0.0179541365239542,0.0043957088123791,0.0050475276714218,8487,8493,8483,8494,2023,2023-09-21 13:50:00,2023-09-21 14:20:00,2023-09-21 14:50:00,12,0.0011785387029138,-0.0092037094296247,-0.9000485721780067,0.5,0.4224092049201715,2.059682101224091,0.2307692307692307,0.0482542321821947,0.0048675995743536,0.0524946174921714
2023,half_height_width,8062,2419,650,0.5,0.25,7,7,0.005987377904316,0.0053485980109568,0.002839955072648,0.3842268829737029,8067,8069,8064,8070,2023,2023-09-08 14:55:00,2023-09-11 09:50:00,2023-09-11 10:00:00,7,0.0016216470821595,-0.0056581814996091,-0.5181242488572487,0.7142857142857143,-0.1051204518511454,1.8776985625562508,0.5,0.2651375584757766,0.005987377904316,0.1944341842960683,2425,2426,2421,2427,2023,2023-03-21 11:10:00,2023-03-21 13:10:00,2023-03-21 13:15:00,7,0.0015469184233531,-0.0084981365722572,-0.9023511318309516,0.8571428571428571,-1.2883622052886077,1.527907278725522,0.25,0.0760105724653521,0.0053485980109568,0.2814993438091003
2023,half_height_width,8307,8778,650,0.5384615384615384,0.25,25,23,0.0107729511762117,0.0104302099647082,-0.0100745169841412,-0.4058233357594091,8315,8332,8309,8333,2023,2023-09-18 09:50:00,2023-09-18 10:30:00,2023-09-18 13:25:00,25,0.0019473643683949,-0.0033405649753345,-0.1044791286876655,0.32,0.284507484517002,1.4718591268190837,0.5384615384615384,0.0128717608225039,0.0107729511762117,-0.3440119258555751,8786,8801,8780,8802,2023,2023-10-09 14:35:00,2023-10-10 09:45:00,2023-10-10 11:00:00,23,0.0013821483428947,0.0067339520088067,0.3013442070717436,0.3478260869565217,0.4615110121863177,2.2404277134626627,0.25,0.0,0.0104302099647082,-0.4748138647862764
2023,half_height_width,8332,3653,650,0.6071428571428571,0.1666666666666666,27,23,0.0122194142084435,0.0113171611912044,-0.0101132192202702,-0.4177321185332537,8341,8359,8334,8360,2023,2023-09-18 13:25:00,2023-09-18 14:10:00,2023-09-19 10:10:00,27,0.001868007797252,-0.0050933927174078,-0.2220119382937755,0.3333333333333333,-0.067085126523647,2.034318835265422,0.6071428571428571,0.0,0.0122194142084435,-0.6447242754810973,3654,3676,3655,3677,2023,2023-04-27 10:00:00,2023-04-27 10:05:00,2023-04-27 13:25:00,23,0.0022712934531037,0.0050198265028623,0.1957201802394782,0.0434782608695652,1.6208218396096703,1.483330335868726,0.1666666666666666,0.2413808443692338,0.0113171611912044,-0.7765707530718857
2023,half_height_width,8422,6876,650,0.5,0.1290322580645161,25,30,0.005551155002915,0.0067368068630386,0.0021809437947878,0.1433277324374051,8431,8447,8424,8448,2023,2023-09-20 11:25:00,2023-09-20 13:40:00,2023-09-20 15:00:00,25,0.0007040030041027,0.0032521764381528,0.2001770499535123,0.36,0.1099495204414553,1.4290212327516816,0.5,0.007672525261903,0.005551155002915,-0.6125930989369696,6882,6906,6878,6907,2023,2023-08-07 10:35:00,2023-08-07 11:05:00,2023-08-07 14:35:00,30,0.0008185880913293,0.0010712326433649,0.0568493175161071,0.2,1.2910725042680944,1.3134904512928138,0.1290322580645161,0.177966889720606,0.0067368068630386,-0.653553439697214
2023,half_height_width,8454,333,650,0.4736842105263157,0.2352941176470588,18,16,0.0052664901719774,0.0059037131068482,-0.000264583493442,-0.0616847170347232,8457,8472,8456,8473,2023,2023-09-21 10:05:00,2023-09-21 10:20:00,2023-09-21 13:05:00,18,0.000933738719566,-0.0015556183816383,-0.1156296759897425,0.1666666666666666,0.2765607736885327,1.6440279415122396,0.4736842105263157,0.0,0.0052664901719774,-0.4006322000646293,342,349,335,350,2023,2023-01-11 14:50:00,2023-01-12 10:05:00,2023-01-12 10:40:00,16,0.0009717410202995,-0.0012910348881963,-0.0539449589550192,0.5625,-0.0099297289652402,1.4550009253113034,0.2352941176470588,0.0428570306204699,0.0059037131068482,-0.236539583542007
2023,half_height_width,8828,4259,650,0.5416666666666666,0.24,23,24,0.0139268765657494,0.0130640213251025,0.0019447991826959,0.0886334183118376,8845,8851,8830,8852,2023,2023-10-10 14:45:00,2023-10-11 10:40:00,2023-10-11 11:10:00,23,0.0011976374164236,0.0048012432001311,0.1767547385161019,0.7391304347826086,-0.1902993428293005,1.766041477948142,0.5416666666666666,0.0503124721043886,0.0139268765657494,0.6227880366238394,4275,4283,4261,4284,2023,2023-05-18 14:00:00,2023-05-19 09:50:00,2023-05-19 10:30:00,24,0.0012775643210405,0.0028564440174352,0.0881213202042643,0.6666666666666666,-0.9221810330247024,2.5428558523847054,0.24,0.0316098298776459,0.0130640213251025,0.5429192026620534
2023,half_height_width,8913,1477,650,0.55,0.2352941176470588,19,16,0.0094768416885324,0.0076112691084597,0.0022836317044896,0.0167306469280853,8921,8932,8915,8933,2023,2023-10-12 13:50:00,2023-10-12 14:30:00,2023-10-13 09:55:00,19,0.0017331985917983,-0.0049411314341605,-0.314558083899087,0.4210526315789473,-0.189313455989168,5.55374543335081,0.55,0.0521279155436732,0.0094768416885324,-0.3737158481144921,1485,1493,1479,1494,2023,2023-02-21 14:10:00,2023-02-21 14:50:00,2023-02-22 10:00:00,16,0.0015135210753748,-0.0072247631386501,-0.3312887308271724,0.5,-0.4243585073517205,2.176333365014043,0.2352941176470588,0.034453214635709,0.0076112691084597,-0.1314405714060395
2023,half_height_width,9053,268,650,0.6666666666666666,0.2222222222222222,8,8,0.0028519019687474,0.0028558617516045,-0.0024862328759384,-0.4829637921157967,9057,9061,9055,9062,2023,2023-10-17 13:30:00,2023-10-17 13:50:00,2023-10-17 14:10:00,8,0.0014333302008967,-0.0055331394873489,-0.9878446715269702,0.5,-0.1100746789656073,1.749529948337319,0.6666666666666666,0.0,0.0028519019687474,0.0438845062381294,272,276,270,277,2023,2023-01-10 13:25:00,2023-01-10 13:45:00,2023-01-10 14:05:00,8,0.0011322033428163,-0.0030469066114104,-0.5048808794111734,0.5,0.7284677051389024,1.465901205374728,0.2222222222222222,0.229272396080683,0.0028558617516045,0.0777788855333615
2023,half_height_width,9116,1574,650,0.5,0.2333333333333333,29,29,0.0099189116548057,0.0085618942558509,0.0074401726864106,0.2240216171387546,9129,9145,9118,9146,2023,2023-10-18 14:45:00,2023-10-19 10:20:00,2023-10-19 13:10:00,29,0.0015129403773954,0.0012131546941564,0.0291725390026723,0.4482758620689655,0.3219293667639136,1.9974427522278464,0.5,0.0085031851875289,0.0099189116548057,-0.0081094701843712,1589,1603,1576,1604,2023,2023-02-23 14:15:00,2023-02-24 10:00:00,2023-02-24 11:10:00,29,0.0013558054768481,-0.0062270179922541,-0.1948490781360823,0.5172413793103449,-0.1376432655473771,1.6316493439772186,0.2333333333333333,0.0,0.0085618942558509,-0.0684276657566046
2023,half_height_width,9408,3115,650,0.5,0.25,13,11,0.0105870997489336,0.0121175720916459,-0.0130182931241467,-0.5127263582398597,9417,9421,9410,9422,2023,2023-10-27 09:35:00,2023-10-27 10:20:00,2023-10-27 10:40:00,13,0.0019663118933836,-0.0105592490518482,-0.3884376873000625,0.6923076923076923,0.1387992396795293,1.7323441746027894,0.5,0.0221723405554555,0.0105870997489336,0.6767928974051001,3125,3126,3117,3127,2023,2023-04-11 14:40:00,2023-04-12 10:00:00,2023-04-12 10:05:00,11,0.0025135313634223,0.0024590440722985,0.1242886709397971,0.9090909090909092,-0.4174169238548801,1.446713652550562,0.25,0.4113776705505141,0.0121175720916459,0.6935732643449691
2023,half_height_width,9525,6661,650,0.5294117647058824,0.2142857142857142,16,13,0.0047150688208503,0.0050287425204702,0.0026201418099899,0.4370888762136135,9536,9541,9527,9542,2023,2023-10-31 11:20:00,2023-10-31 13:45:00,2023-10-31 14:10:00,16,0.0013239982505046,-0.0047403525078711,-0.3045899666718612,0.6875,-0.0046675672924128,1.5183322928979357,0.5294117647058824,0.0,0.0047150688208503,0.3338575040125787,6670,6674,6663,6675,2023,2023-07-31 14:10:00,2023-07-31 14:55:00,2023-08-01 09:45:00,13,0.0009939889725259,-0.007360494317861,-0.7416788428854747,0.6923076923076923,-1.4983714067280929,2.178675110584709,0.2142857142857142,0.0929965760284627,0.0050287425204702,0.2118332162402542
2023,half_height_width,9541,11451,650,0.5,0.2222222222222222,17,17,0.0082195693612634,0.009650576773212,-0.0098339578690164,-0.411305944816534,9549,9558,9543,9559,2023,2023-10-31 14:10:00,2023-10-31 14:50:00,2023-11-01 10:05:00,17,0.0012274349429692,-0.0079579810486116,-0.324213889506643,0.4705882352941176,0.0672298338391216,1.5230439424345596,0.5,0.0,0.0082195693612634,-0.1467536709240516,11460,11468,11453,11469,2023,2023-12-26 13:20:00,2023-12-26 14:05:00,2023-12-26 14:45:00,17,0.001290172830903,0.0018759768204048,0.087092055309891,0.5294117647058824,0.2616512794462214,1.6469807221109485,0.2222222222222222,0.08794527125941,0.009650576773212,-0.0100566055807494
2023,half_height_width,9610,6383,650,0.6111111111111112,0.2045454545454545,35,43,0.0108429997504035,0.0105807803332789,0.0009334464671776,0.0291512441735202,9615,9645,9612,9646,2023,2023-11-02 10:25:00,2023-11-02 10:50:00,2023-11-02 14:50:00,35,0.0011239247648473,0.0004959638345146,0.0144912313325546,0.1428571428571428,0.3595072788748255,1.4610275470647354,0.6111111111111112,0.0,0.0108429997504035,-0.6136394546979654,6395,6426,6385,6427,2023,2023-07-21 15:00:00,2023-07-24 10:30:00,2023-07-24 14:35:00,43,0.0010726175383643,-0.0004374826326629,-0.0146600128409656,0.2790697674418604,0.7919646514816958,2.2432513793579973,0.2045454545454545,0.0149156804939431,0.0105807803332789,-0.5047844145651051
2023,half_height_width,9645,2478,650,0.6666666666666666,0.16,23,24,0.0174757476251032,0.0190388441136111,0.0006121279457551,0.0289168597964129,9663,9668,9647,9669,2023,2023-11-02 14:50:00,2023-11-03 10:50:00,2023-11-03 11:15:00,23,0.0016879508086447,0.0018950212667437,0.0594583094255147,0.782608695652174,-0.1321164078320328,2.249331468018504,0.6666666666666666,0.0488899909638847,0.0174757476251032,0.7537155978143779,2499,2502,2480,2503,2023,2023-03-22 13:35:00,2023-03-23 09:50:00,2023-03-23 10:05:00,24,0.0019308155585663,0.0012828933209885,0.0305414496291017,0.875,-3.889790839901294,1.928163364676897,0.16,0.5034700348185434,0.0190388441136111,0.5786618309879301
2023,half_height_width,9805,4080,650,0.48,0.238095238095238,24,20,0.0131371714320698,0.012903659233844,0.0182828199222343,0.6675803663486037,9814,9829,9807,9830,2023,2023-11-08 10:40:00,2023-11-08 11:25:00,2023-11-08 14:10:00,24,0.0012287167975326,0.0094000747722769,0.3461712915112981,0.375,0.3422304263418722,1.4617547411373986,0.48,0.0,0.0131371714320698,-0.4889509038754935,4085,4100,4082,4101,2023,2023-05-15 09:35:00,2023-05-15 10:00:00,2023-05-15 11:15:00,20,0.0015227381044383,-0.0088827451499574,-0.3214090748373057,0.25,0.5312542933946515,2.0525015216005063,0.238095238095238,0.0,0.012903659233844,-0.3620699202445293
2023,half_height_width,9878,5661,650,0.5833333333333334,0.2142857142857142,11,13,0.0115400575700546,0.0124643789276754,0.001950962000785,0.0944914650014627,9882,9889,9880,9890,2023,2023-11-09 14:15:00,2023-11-09 14:35:00,2023-11-10 09:40:00,11,0.0014186473021564,0.0049292639829856,0.2243192213057286,0.3636363636363636,-0.3209924253306052,2.5146089308473063,0.5833333333333334,0.198589345147625,0.0115400575700546,-0.4592491806013201,5665,5674,5663,5675,2023,2023-06-30 14:50:00,2023-07-03 09:40:00,2023-07-03 10:25:00,13,0.0015073623824782,0.0029783019822006,0.1298277563042659,0.3076923076923077,0.9426199411591868,1.35813519926077,0.2142857142857142,0.11563558724486,0.0124643789276754,-0.5022102576125814
2023,half_height_width,9889,690,650,0.5833333333333334,0.25,11,11,0.0055610935181062,0.00662544676348,0.0008846982216221,0.1158791131539586,9892,9900,9891,9901,2023,2023-11-10 09:40:00,2023-11-10 09:55:00,2023-11-10 10:35:00,11,0.001931979886007,0.0030593790382696,0.2833579776251876,0.2727272727272727,0.0701752293330539,1.358631163807861,0.5833333333333334,0.0060587636410258,0.0055610935181062,-0.5037254054821549,694,701,692,702,2023,2023-01-30 11:05:00,2023-01-30 11:25:00,2023-01-30 13:30:00,11,0.0028280528871727,0.0021746808166475,0.167478864471229,0.3636363636363636,0.317381597688972,1.8763484835544328,0.25,0.0,0.00662544676348,-0.3238692354378967
2023,half_height_width,9997,9095,650,0.5,0.2142857142857142,13,13,0.0062892238939502,0.0055682365659457,-0.001779283388718,-0.18882702432502,10000,10010,9999,10011,2023,2023-11-14 10:40:00,2023-11-14 10:55:00,2023-11-14 13:15:00,13,0.0011435908531409,-0.0053434128351624,-0.4740017967671366,0.2307692307692307,0.443985806325562,1.6378902663406731,0.5,0.0786558304536315,0.0062892238939502,-0.219640703051479,9100,9108,9097,9109,2023,2023-10-18 11:30:00,2023-10-18 13:25:00,2023-10-18 14:05:00,13,0.0013963952028064,-0.0035641294464443,-0.2851747724421166,0.3846153846153846,0.1610468568080773,1.7921681960263438,0.2142857142857142,0.0936841679574935,0.0055682365659457,-0.2637757976707136
2023,half_height_width,10211,6698,650,0.5,0.1666666666666666,9,11,0.0015450243223913,0.0019010823294083,-0.0005506594576206,-0.14297476206128,10213,10220,10213,10221,2023,2023-11-20 14:00:00,2023-11-20 14:10:00,2023-11-20 14:45:00,9,0.0012162120627589,-0.000436913225342,-0.1200889777667317,0.2222222222222222,0.346921777802207,2.0433933716895365,0.5,0.0026826641956144,0.0015450243223913,-0.1667739968640247,6700,6709,6700,6710,2023,2023-08-01 13:15:00,2023-08-01 13:25:00,2023-08-01 14:10:00,11,0.000942472363483,0.0001137462322786,0.0228857842945483,0.1818181818181818,0.8550606442981388,1.7999848164492405,0.1666666666666666,0.0421015109337517,0.0019010823294083,-0.0761490885531246
2023,half_height_width,10409,6776,650,0.6428571428571429,0.25,13,11,0.003390206370029,0.0041209913569852,0.0031112823934812,0.3655289889885245,10413,10422,10411,10423,2023,2023-11-24 14:30:00,2023-11-24 14:50:00,2023-11-27 10:05:00,13,0.0010999507506216,0.0009148336856765,0.0904037748492176,0.3076923076923077,-0.0833978080951998,1.7081141694882072,0.6428571428571429,0.0279935704742798,0.003390206370029,-0.2664101911444873,6778,6787,6778,6788,2023,2023-08-03 10:15:00,2023-08-03 10:25:00,2023-08-03 11:10:00,11,0.0008676657298171,-0.0021964487078046,-0.2751252141393069,0.1818181818181818,0.5788634678180733,1.1950106989915772,0.25,0.0679572878731931,0.0041209913569852,-0.2835033899357729
2023,half_height_width,10422,1152,650,0.5,0.1875,17,15,0.0065143041227608,0.0073679516997842,-0.0058786505380988,-0.2891662985545868,10430,10439,10424,10440,2023,2023-11-27 10:05:00,2023-11-27 10:45:00,2023-11-27 11:30:00,17,0.0012155102655145,-0.0041982284454064,-0.209529593450186,0.4705882352941176,0.2609482697647557,1.6359349029100794,0.5,0.062304668721004,0.0065143041227608,0.1137704575403161,1162,1167,1154,1168,2023,2023-02-13 09:35:00,2023-02-13 10:25:00,2023-02-13 10:50:00,15,0.0011757264765334,0.0016804220926924,0.0796367051044008,0.6666666666666666,-0.8668788300105101,1.5047162521512991,0.1875,0.0218987970425659,0.0073679516997842,0.1366402896290423
2023,half_height_width,10452,11389,650,0.5714285714285714,0.125,13,15,0.004774324634992,0.0051114354008463,-0.0055234246333467,-0.5375476196050017,10459,10465,10454,10466,2023,2023-11-27 14:05:00,2023-11-27 14:40:00,2023-11-28 09:40:00,13,0.0013425601843611,-0.0026546338923723,-0.3490217359715211,0.5384615384615384,-0.2603774060534697,1.9064328975056264,0.5714285714285714,0.0,0.004774324634992,-0.6140923892241213,11391,11404,11391,11405,2023,2023-12-25 10:40:00,2023-12-25 10:50:00,2023-12-25 13:25:00,15,0.0018424720175013,0.0028687907409743,0.1885258836334806,0.1333333333333333,0.1627889081382711,1.5656303958290347,0.125,0.1196229631661618,0.0051114354008463,-0.6034154424164075
2023,half_height_width,10472,10220,650,0.56,0.2608695652173913,24,22,0.0076253280720299,0.0070694633837105,0.009833336481673,0.4829853322762744,10477,10496,10474,10497,2023,2023-11-28 10:15:00,2023-11-28 10:40:00,2023-11-28 13:45:00,24,0.0013063524556622,0.0036994669050015,0.2202810888167352,0.2083333333333333,0.338898344347732,1.5930036610047935,0.56,0.0054123840794992,0.0076253280720299,-0.6147795188328408,10227,10242,10222,10243,2023,2023-11-20 14:45:00,2023-11-21 09:50:00,2023-11-21 11:05:00,22,0.0011978023599556,-0.0061338695766714,-0.2627042434595391,0.3181818181818182,0.623319430508741,1.5098232268848326,0.2608695652173913,0.0448415156322566,0.0070694633837105,-0.398373510537939
2023,half_height_width,10551,1026,650,0.5384615384615384,0.1875,12,15,0.0062318512473353,0.0059247476673212,0.0016210625002768,0.1818478825432537,10554,10563,10553,10564,2023,2023-11-29 14:20:00,2023-11-29 14:35:00,2023-11-30 09:50:00,12,0.001065111281103,0.0043780008960332,0.4063281447208715,0.25,0.0481197450891824,1.470450554398035,0.5384615384615384,0.0218257999090551,0.0062318512473353,-0.7231146941206259,1029,1041,1028,1042,2023,2023-02-08 11:05:00,2023-02-08 11:20:00,2023-02-08 13:50:00,15,0.0013760543825384,0.0027569383957564,0.2244802621776177,0.2,2.213944584742213,1.3376093147499202,0.1875,0.3609426630540197,0.0059247476673212,-0.4752550421890223
2023,half_height_width,11287,9690,650,0.5294117647058824,0.1142857142857142,33,34,0.0205406526801548,0.0188138771634749,-0.0168116106808791,-0.384710875335772,11313,11320,11289,11321,2023,2023-12-21 10:10:00,2023-12-21 13:50:00,2023-12-21 14:25:00,33,0.0019086293380433,-2.660401997133584e-05,-0.0004991737590379,0.7878787878787878,0.0229710972875699,1.8333515726556688,0.5294117647058824,0.0407565561537396,0.0205406526801548,0.7249024791665057,9719,9724,9692,9725,2023,2023-11-03 14:35:00,2023-11-06 11:30:00,2023-11-06 13:25:00,34,0.002034478800295,0.0167850066609078,0.384211701576734,0.8529411764705882,0.1256746361062529,3.515823688404132,0.1142857142857142,0.0372833185155817,0.0188138771634749,0.8733887551983321
2023,half_height_width,11555,10390,650,0.5555555555555556,0.2,8,9,0.0042449926459475,0.00408276810988,-0.0037909117915232,-0.4496511317973083,11557,11563,11557,11564,2023,2023-12-28 14:00:00,2023-12-28 14:10:00,2023-12-28 14:40:00,8,0.0014241051280822,-0.0025668931629518,-0.2843375063677498,0.25,0.0720131686198724,1.2226518338078711,0.5555555555555556,0.0938377997485925,0.0042449926459475,-0.2189752980677196,10392,10399,10392,10400,2023,2023-11-24 11:25:00,2023-11-24 13:05:00,2023-11-24 13:40:00,9,0.0013407427772887,0.0012240186285713,0.1653136254295585,0.2222222222222222,1.2014553457692678,1.3032151283567663,0.2,0.0513069757695743,0.00408276810988,-0.2714992179624865
2024,peak_fraction,4290,7430,651,0.6666666666666666,0.125,9,8,0.001412297883137,0.0012567987959535,-0.0003981207368924,-0.1334405849801767,4296,4299,4292,4300,2024,2024-05-21 11:05:00,2024-05-21 13:05:00,2024-05-21 13:20:00,9,0.0008518105836188,9.32655604271972e-05,0.0240560273140957,0.6666666666666666,-0.3759128070671783,1.5126702264290932,0.5,0.2168731909650528,0.001412297883137,-0.1698067684807044,7431,7438,7432,7439,2024,2024-08-21 14:15:00,2024-08-21 14:20:00,2024-08-21 14:55:00,8,0.0011766506391807,0.0004913862973196,0.1574966122942725,0.125,-0.0833765633371537,1.513462485614079,0.3333333333333333,0.0,0.0012567987959535,-0.3334729971380548
2024,peak_fraction,6143,2003,651,0.7,0.2222222222222222,10,9,0.0051360177659178,0.0058350177790265,-0.0108935889816906,-0.642363711671099,6150,6153,6145,6154,2024,2024-07-15 15:00:00,2024-07-16 10:05:00,2024-07-16 10:20:00,10,0.0013120401255156,-0.010252406166053,-0.5836865806730084,0.7,-0.2236916872130451,1.4556826661106077,0.2727272727272727,0.1611259083376932,0.0051360177659178,0.0978900856951105,2005,2012,2005,2013,2024,2024-03-07 14:00:00,2024-03-07 14:10:00,2024-03-07 14:45:00,9,0.0017288265274091,0.0006411828156375,0.0586771309980906,0.2222222222222222,0.0359043185223276,1.2176014798273729,0.3,0.1329185815868792,0.0058350177790265,-0.0926437500521937
2024,peak_fraction,6180,4995,651,0.7,0.1363636363636363,20,22,0.0081007498661165,0.0080574226980489,-0.002593639212794,-0.040138785347313,6194,6200,6182,6201,2024,2024-07-16 14:05:00,2024-07-17 09:45:00,2024-07-17 10:15:00,20,0.0015829391664298,0.0038202826919936,0.2038775411376766,0.7,-0.6216531183586607,1.436536972542804,0.2857142857142857,0.0196094114049414,0.0081007498661165,-0.0812029271135742,4998,5017,4997,5018,2024,2024-06-12 09:50:00,2024-06-12 10:05:00,2024-06-12 13:10:00,22,0.0019050339525289,0.0064139219047877,0.2440163264849896,0.1363636363636363,0.8286507600511666,2.1634773563307386,0.3043478260869565,0.0304149547868921,0.0080574226980489,-0.123289709220078
2024,peak_fraction,9306,6851,651,0.7,0.2,10,10,0.0068474518164967,0.0057191832736238,-0.0134711810284953,-0.965488575429,9313,9316,9308,9317,2024,2024-10-24 14:35:00,2024-10-25 09:40:00,2024-10-25 09:55:00,10,0.0022678137951859,-0.0127773806027911,-0.9139204965038866,0.7,-0.7286814647890958,1.7665592673350703,0.3636363636363636,0.0,0.0068474518164967,-0.005990513276415,6853,6861,6853,6862,2024,2024-08-05 14:00:00,2024-08-05 14:10:00,2024-08-05 14:50:00,10,0.0024139447970042,0.0006938004257042,0.0515680789251134,0.2,0.6900533248300392,1.693002498545878,0.3636363636363636,0.0,0.0057191832736238,-0.1559316793938509
2024,peak_fraction,9484,7299,651,0.6666666666666666,0.2,9,10,0.0058392336960766,0.0060413762688877,-0.0103049620011076,-0.4713703129230867,9490,9493,9486,9494,2024,2024-10-30 13:25:00,2024-10-30 13:55:00,2024-10-30 14:10:00,9,0.0020962163202241,-0.0108984634658507,-0.5246120581290339,0.6666666666666666,-0.1917725417506176,1.1940010911107386,0.4,0.0259608485013155,0.0058392336960766,-0.030595292256403,7301,7309,7301,7310,2024,2024-08-19 09:50:00,2024-08-19 10:00:00,2024-08-19 10:40:00,10,0.0016945248854005,-0.0005935014647431,-0.0532417452059471,0.2,0.4361094763620738,1.4242515335188413,0.3636363636363636,0.0344101663061083,0.0060413762688877,-0.2785260730422542
2024,peak_fraction,11193,10569,651,0.7777777777777778,0.2222222222222222,9,9,0.0053545462643302,0.0066772621268427,-0.0093993549797914,-0.6928084964502433,11200,11202,11195,11203,2024,2024-12-19 10:20:00,2024-12-19 10:55:00,2024-12-19 11:05:00,9,0.0022929661509295,-0.0096759910865192,-0.7103619744646386,0.7777777777777778,-0.2749169641465939,1.6261490281187223,0.4,0.017600428154304,0.0053545462643302,0.2027059574576803,10571,10578,10571,10579,2024,2024-12-02 10:20:00,2024-12-02 10:30:00,2024-12-02 11:05:00,9,0.0033377379955804,-0.0002766361067278,-0.0175534780143951,0.2222222222222222,0.6036923946716575,1.448218411552339,0.3,0.0,0.0066772621268427,-0.0281147287222402
2024,time_mass_skew,290,10213,651,0.3810658789120711,-0.8327609671003806,30,30,0.0229748050506692,0.0233519191656617,-0.0014425198611787,-0.0252968747407837,301,320,292,321,2024,2024-01-10 09:45:00,2024-01-10 10:40:00,2024-01-10 13:45:00,30,0.0028776433937903,0.0001251661013101,0.0023479063031361,0.3666666666666666,0.3810658789120711,2.178642050200914,0.3870967741935484,0.0,0.0229748050506692,0.3692465664413977,10238,10243,10215,10244,2024,2024-11-20 14:10:00,2024-11-21 10:45:00,2024-11-21 11:10:00,30,0.0024856850640876,0.0015676859624889,0.0276447810439199,0.8333333333333334,-0.8327609671003806,1.6582783438980142,0.064516129032258,0.1508821138544706,0.0233519191656617,0.5729218440915764
2024,time_mass_skew,445,10243,651,1.858630416250536,-0.3302099890568231,24,20,0.0134135347891852,0.0120094552611185,-0.0025405777609803,-0.0864854468837503,448,469,447,470,2024,2024-01-15 10:40:00,2024-01-15 10:55:00,2024-01-15 14:10:00,24,0.0018764349516828,-0.0008371913955354,-0.0322690755146084,0.125,1.858630416250536,1.77317408942974,0.12,0.1406001325901423,0.0134135347891852,-0.5332787018414693,10253,10263,10245,10264,2024,2024-11-21 11:10:00,2024-11-21 13:30:00,2024-11-21 14:20:00,20,0.0022745645633451,0.0017033863654449,0.0542163713691418,0.5,-0.3302099890568231,1.4900472807847522,0.4285714285714285,0.0016775866128672,0.0120094552611185,-0.5298910530695731
2024,time_mass_skew,511,4215,651,0.4619250433214346,-0.2399393864357946,36,30,0.0151906905304715,0.0153602681007196,-0.0110725783119114,-0.3037103563524267,526,547,513,548,2024,2024-01-16 13:40:00,2024-01-16 14:55:00,2024-01-17 11:10:00,36,0.0018652870949172,0.0042177490530575,0.0804984421587238,0.4166666666666667,0.4619250433214346,1.8545806394413735,0.3243243243243243,0.0030350238196517,0.0151906905304715,0.050676956058296,4232,4245,4217,4246,2024,2024-05-17 14:20:00,2024-05-20 10:15:00,2024-05-20 11:20:00,30,0.0015444698221018,0.0152903273649689,0.3842087985111506,0.5666666666666667,-0.2399393864357946,1.8155292113813253,0.3870967741935484,0.0,0.0153602681007196,0.2168195005137206
2024,time_mass_skew,578,3395,651,0.6255180629446038,-0.4221305376767005,17,14,0.0147346080041321,0.0168175187504262,-0.0162863337920554,-0.5728110998265418,581,595,580,596,2024,2024-01-18 09:45:00,2024-01-18 10:00:00,2024-01-18 11:10:00,17,0.0020118706738178,-0.0038066610898429,-0.1149707474803905,0.1764705882352941,0.6255180629446038,1.4330785156099244,0.2222222222222222,0.0378265467422272,0.0147346080041321,-0.680949841812122,3400,3409,3397,3410,2024,2024-04-19 14:00:00,2024-04-19 14:25:00,2024-04-22 09:40:00,14,0.0018014389033246,0.0124796727022124,0.4578403523461512,0.3571428571428571,-0.4221305376767005,3.507366109867702,0.5333333333333333,0.0204771625641122,0.0168175187504262,-0.7222369134597506
2024,time_mass_skew,595,10557,651,0.6700773088170071,-0.4005085166116969,12,12,0.0130699808998659,0.0129984670053024,0.0017975224127951,0.1187935570267899,600,607,597,608,2024,2024-01-18 11:10:00,2024-01-18 13:05:00,2024-01-18 13:40:00,12,0.0024482849533057,-0.0103391951759921,-0.420470037863958,0.4166666666666667,0.6700773088170071,1.6590147248516711,0.3076923076923077,0.061020369337107,0.0130699808998659,0.2126496884414125,10566,10569,10559,10570,2024,2024-11-29 14:50:00,2024-12-02 10:05:00,2024-12-02 10:20:00,12,0.0033101886447481,-0.0121367175887873,-0.5392635948907479,0.75,-0.4005085166116969,1.6312607788067326,0.4615384615384615,0.0185227958622842,0.0129984670053024,0.3488957779724683
2024,time_mass_skew,660,849,651,0.999040899792798,-0.251795572765092,24,21,0.015371914346427,0.0123334305659241,0.0077097299695151,0.2575631514691855,667,684,662,685,2024,2024-01-19 14:05:00,2024-01-19 14:40:00,2024-01-22 10:35:00,24,0.0020696110741449,0.0010723149484995,0.0235529644215775,0.2916666666666667,0.999040899792798,1.54589230920252,0.36,0.0323117727078602,0.015371914346427,-0.6020129611361207,859,870,851,871,2024,2024-01-25 13:50:00,2024-01-25 14:40:00,2024-01-26 10:05:00,21,0.0023727324253457,-0.0066374150210155,-0.2340101870476079,0.4761904761904761,-0.251795572765092,2.567499431146302,0.4545454545454545,0.0194209120611814,0.0123334305659241,-0.4612254630202435
2024,time_mass_skew,752,3333,651,0.4712491513178388,-0.2555469019732015,43,47,0.0344087191425908,0.0310887721655754,0.0154405925560072,0.0887577617882219,761,795,754,796,2024,2024-01-23 13:45:00,2024-01-23 14:30:00,2024-01-24 13:20:00,43,0.0025047862755851,0.0421804784590241,0.5231846328150441,0.2093023255813953,0.4712491513178388,1.4131610432788535,0.4772727272727273,0.0,0.0344087191425908,-0.6822945127985846,3336,3380,3335,3381,2024,2024-04-18 11:20:00,2024-04-18 13:05:00,2024-04-19 11:15:00,47,0.0023353155518509,0.0267398859030168,0.4344268710268221,0.0638297872340425,-0.2555469019732015,1.974585221194702,0.4375,0.1109416678045541,0.0310887721655754,-0.8600442683592118
2024,time_mass_skew,929,11326,651,1.0954600465345674,-0.287661885131813,13,16,0.0134854974815104,0.0113874887871032,0.0112587651332607,0.3954954370399376,930,942,931,943,2024,2024-01-29 11:00:00,2024-01-29 11:05:00,2024-01-29 13:35:00,13,0.0021842913458996,0.0093041719921188,0.3494320034242374,0.0769230769230769,1.0954600465345674,1.2498498361856405,0.3571428571428571,0.1593132457081111,0.0134854974815104,-0.6747373818785835,11334,11342,11328,11343,2024,2024-12-23 14:55:00,2024-12-24 10:05:00,2024-12-24 10:45:00,16,0.0022263165141953,-0.0019545931411419,-0.0460634336157001,0.5,-0.287661885131813,1.6322606449229946,0.5882352941176471,0.0174819707811657,0.0113874887871032,-0.5493429910333375
2024,time_mass_skew,1073,1739,651,1.103480414871678,-0.2701425695599897,15,13,0.0129887799098646,0.0147558702126939,0.0091969173305765,0.3284842961282612,1075,1088,1075,1089,2024,2024-02-01 11:00:00,2024-02-01 11:10:00,2024-02-01 13:45:00,15,0.0033133062560793,0.0049801089330047,0.181554672331118,0.1333333333333333,1.103480414871678,1.5209669923484883,0.375,0.1838916536026812,0.0129887799098646,-0.5256940095404575,1744,1752,1741,1753,2024,2024-02-29 10:30:00,2024-02-29 10:55:00,2024-02-29 13:05:00,13,0.0036749451752405,-0.0042168083975717,-0.1469296237971432,0.3846153846153846,-0.2701425695599897,1.337786079159841,0.2142857142857142,0.2038263113952244,0.0147558702126939,-0.3105182625916438
2024,time_mass_skew,1352,1907,651,0.4505070385944864,-0.2391617955523877,10,9,0.006959449107831,0.0075314009809117,-0.0082966020288947,-0.612288905818823,1355,1362,1354,1363,2024,2024-02-19 10:15:00,2024-02-19 10:30:00,2024-02-19 11:05:00,10,0.0027044040621143,-0.0025117050256273,-0.1841161956626118,0.3,0.4505070385944864,1.353239936979454,0.3636363636363636,0.0632953905809816,0.006959449107831,-0.715537526473734,1908,1916,1909,1917,2024,2024-03-05 14:00:00,2024-03-05 14:05:00,2024-03-05 14:45:00,9,0.0021953974671709,0.0057848970032674,0.4281727101562111,0.1111111111111111,-0.2391617955523877,1.4646707845937166,0.5,0.0,0.0075314009809117,-0.7957344863281683
2024,time_mass_skew,1362,7862,651,0.4354403701248283,-0.2412625865739713,9,11,0.0090763749908671,0.0108339229529379,0.0008890811190607,0.1122960776909711,1364,1371,1364,1372,2024,2024-02-19 11:05:00,2024-02-19 11:15:00,2024-02-19 13:20:00,9,0.0025932387218482,0.0043237989014801,0.2696880631938788,0.2222222222222222,0.4354403701248283,1.5548167153431165,0.2,0.0,0.0090763749908671,-0.4382515356577478,7866,7873,7864,7874,2024,2024-09-03 14:15:00,2024-09-03 14:35:00,2024-09-04 09:40:00,11,0.0020004341454659,0.0034347177824193,0.1573919855029077,0.3636363636363636,-0.2412625865739713,3.172366262617894,0.6666666666666666,0.1315773070714658,0.0108339229529379,-0.3239078710613697
2024,time_mass_skew,1411,10928,651,1.365230458474785,-0.3754069464825372,11,13,0.0044343608560231,0.0041094316546503,0.0078914019964406,0.7690658390009976,1415,1422,1413,1423,2024,2024-02-20 11:10:00,2024-02-20 11:30:00,2024-02-20 13:35:00,11,0.0028518004519615,-7.999893339016032e-05,-0.0082496833504058,0.3636363636363636,1.365230458474785,1.4744992196624052,0.1666666666666666,0.0920028480240095,0.0044343608560231,-0.0330739384918742,10936,10941,10930,10942,2024,2024-12-11 13:45:00,2024-12-11 14:25:00,2024-12-11 14:50:00,13,0.0020100452501694,-0.0079714009298308,-0.7773155223514034,0.6153846153846154,-0.3754069464825372,1.4412909487182346,0.2857142857142857,0.0,0.0041094316546503,-0.0242030845733885
2024,time_mass_skew,1468,5311,651,0.4444216713715623,-0.3071767546858989,18,19,0.0163753101471746,0.020449958262783,-0.0133677481783637,-0.3552887324199733,1472,1486,1470,1487,2024,2024-02-21 13:25:00,2024-02-21 13:45:00,2024-02-21 14:55:00,18,0.0025359736163097,0.0018185826183759,0.0598675385759379,0.2222222222222222,0.4444216713715623,1.345216675536574,0.4210526315789473,0.0031853007512417,0.0163753101471746,-0.6860601247658425,5313,5330,5313,5331,2024,2024-06-20 13:40:00,2024-06-20 13:50:00,2024-06-21 09:45:00,19,0.0019600255026012,0.0151863307967397,0.4151562709959112,0.1052631578947368,-0.3071767546858989,3.11836109872269,0.45,0.0513443416547237,0.020449958262783,-0.7596032278782355
2024,time_mass_skew,1624,4025,651,0.4217503582054502,-0.2718299598225288,13,14,0.0109407570957067,0.0112921625672814,0.0002611036754475,0.1331939257280371,1627,1637,1626,1638,2024,2024-02-26 14:25:00,2024-02-26 14:40:00,2024-02-27 10:00:00,13,0.0017638493780969,-0.0126142735728859,-0.5166993022958882,0.2307692307692307,0.4217503582054502,1.548987275099297,0.4285714285714285,0.0337541500784575,0.0109407570957067,-0.3418440877823201,4032,4039,4027,4040,2024,2024-05-13 14:30:00,2024-05-14 09:35:00,2024-05-14 10:10:00,14,0.0014037829350306,-0.0128753772483334,-0.6498932280239254,0.5,-0.2718299598225288,2.212710233689918,0.2,0.0,0.0112921625672814,-0.2478650278356594
2024,time_mass_skew,1872,3164,651,0.6229690955607037,-1.12408493632274,7,7,0.0113368264450599,0.0134780906122138,0.014059443585185,0.5508730369336872,1874,1879,1874,1880,2024,2024-03-05 09:35:00,2024-03-05 09:45:00,2024-03-05 10:10:00,7,0.0023551349391322,-0.0084471307312606,-0.392445607927365,0.2857142857142857,0.6229690955607037,1.417694813700991,0.25,0.2386141430393825,0.0113368264450599,0.018345326607708,3169,3171,3166,3172,2024,2024-04-12 14:45:00,2024-04-15 09:40:00,2024-04-15 09:50:00,7,0.0019510571129162,-0.0225065743164456,-0.9433186448610522,0.7142857142857143,-1.12408493632274,1.964119011082662,0.375,0.0823677620708911,0.0134780906122138,0.2165649149390044
2024,time_mass_skew,1949,6032,651,0.4620744308422548,-0.3590594074207942,17,19,0.0090324222616517,0.0101553537477609,0.0080002486013071,0.409822050959663,1953,1966,1951,1967,2024,2024-03-06 13:30:00,2024-03-06 13:50:00,2024-03-06 14:55:00,17,0.002788918090106,0.0021422051123405,0.0975229005765934,0.2352941176470588,0.4620744308422548,1.6979906601866543,0.3888888888888889,0.0072818206683381,0.0090324222616517,-0.5126616127335204,6043,6051,6034,6052,2024,2024-07-11 13:45:00,2024-07-11 14:40:00,2024-07-12 09:50:00,19,0.0022466638279654,-0.0058580434889666,-0.3122991503830695,0.5789473684210527,-0.3590594074207942,3.182917012656513,0.55,0.0454351832312114,0.0101553537477609,-0.4372140203503145
2024,time_mass_skew,2024,7672,651,0.5287601884134772,-0.4422546182864323,9,9,0.0091520011236241,0.0080803994416394,0.0086824904147583,0.7181036330931792,2026,2033,2026,2034,2024,2024-03-08 10:15:00,2024-03-08 10:25:00,2024-03-08 11:00:00,9,0.0017837073765888,0.0037692531144395,0.2921622874056702,0.2222222222222222,0.5287601884134772,1.5565347456136378,0.2,0.0,0.0091520011236241,-0.5684304966837135,7673,7681,7674,7682,2024,2024-08-28 14:25:00,2024-08-28 14:30:00,2024-08-29 09:40:00,9,0.0013124932943374,-0.0049132373003187,-0.4259413456875089,0.1111111111111111,-0.4422546182864323,2.35941798506839,0.5,0.0,0.0080803994416394,-0.8120773422518826
2024,time_mass_skew,2375,7328,651,0.6686587659443375,-0.2359633603478973,23,23,0.0103805466229971,0.0117531928702989,-0.0073050875325379,-0.43167145774323,2379,2398,2377,2399,2024,2024-03-19 11:30:00,2024-03-19 13:20:00,2024-03-19 14:55:00,23,0.0013918122578465,0.0015953977027913,0.0548158190166498,0.1739130434782608,0.6686587659443375,1.6884635187479398,0.5416666666666666,0.0228670984954339,0.0103805466229971,-0.5991243539435648,7332,7351,7330,7352,2024,2024-08-19 13:45:00,2024-08-19 14:05:00,2024-08-20 10:10:00,23,0.0014983133905617,0.0089004852353293,0.4864872767598799,0.1739130434782608,-0.2359633603478973,1.820093075310658,0.7083333333333334,0.0088870935324268,0.0117531928702989,-0.7584797075001566
2024,time_mass_skew,2398,4101,651,0.4342290982966613,-0.3139253810509515,21,26,0.0102811556494977,0.0094023348404732,-0.0077088619961601,-0.2670542651847622,2404,2419,2400,2420,2024,2024-03-19 14:55:00,2024-03-20 09:55:00,2024-03-20 11:10:00,21,0.0015437708144997,-0.0048329165520342,-0.1540467160836696,0.2857142857142857,0.4342290982966613,1.3449964141026498,0.4090909090909091,0.0153680094076731,0.0102811556494977,-0.6785799249693025,4103,4127,4103,4128,2024,2024-05-15 11:20:00,2024-05-15 11:30:00,2024-05-15 15:00:00,26,0.0013768585882662,0.0028759454441259,0.1130075491010925,0.0769230769230769,-0.3139253810509515,1.5770271434778296,0.2592592592592592,0.006604141530486,0.0094023348404732,-0.8734017771493802
2024,time_mass_skew,2470,10602,651,0.5222900857954769,-0.5318683178190833,7,7,0.0056010779796009,0.0054575645564316,0.0045165599620894,0.1672290173950321,2475,2477,2472,2478,2024,2024-03-21 11:25:00,2024-03-21 13:20:00,2024-03-21 13:30:00,7,0.0022875956233249,-0.0055797602955357,-0.5810375308648142,0.7142857142857143,0.5222900857954769,2.248199826684056,0.25,0.0668756294223053,0.0056010779796009,0.3847687657542339,10606,10609,10604,10610,2024,2024-12-02 14:35:00,2024-12-02 14:55:00,2024-12-03 09:40:00,7,0.0022052588822793,-0.0100963202576252,-0.7482665482598464,0.5714285714285714,-0.5318683178190833,1.4221507325242162,0.375,0.0824729555644246,0.0054575645564316,0.5449805269896402
2024,time_mass_skew,2591,9459,651,0.4265195171067745,-0.2882302305731544,30,25,0.0211767029583507,0.0250006529725155,-0.0164419839799461,-0.3674916482128434,2593,2621,2593,2622,2024,2024-03-25 15:00:00,2024-03-26 09:40:00,2024-03-26 13:30:00,30,0.0019014295386616,0.0019612083654752,0.0375903563210439,0.0666666666666666,0.4265195171067745,1.729087389685234,0.1290322580645161,0.3196259393874381,0.0211767029583507,-0.6245519662577731,9460,9484,9461,9485,2024,2024-10-30 09:50:00,2024-10-30 09:55:00,2024-10-30 13:25:00,25,0.0022532537811926,0.0184031923454213,0.4050820045338874,0.04,-0.2882302305731544,1.611392601844453,0.5769230769230769,0.0168701071545848,0.0250006529725155,-0.7577442177743896
2024,time_mass_skew,2715,2562,651,1.2153126091104418,-0.354571757274934,5,5,0.0021216921614106,0.0018610505214287,-0.0011820910290379,-0.1927075285964815,2717,2720,2717,2721,2024,2024-03-28 13:20:00,2024-03-28 13:30:00,2024-03-28 13:45:00,5,0.0017465476743685,-0.0014589494428976,-0.2681109444422808,0.4,1.2153126091104418,1.3257141242994,0.1666666666666666,0.329315669026477,0.0021216921614106,-0.0122762459068697,2564,2567,2564,2568,2024,2024-03-25 11:05:00,2024-03-25 11:15:00,2024-03-25 11:30:00,5,0.0022022773066256,-0.0002768584138597,-0.0754034158457992,0.4,-0.354571757274934,1.7656518226187734,0.5,0.0,0.0018610505214287,-0.1284825497261091
2024,time_mass_skew,2851,10744,651,0.5517426573531414,-0.2665658235571784,14,14,0.0072872134336838,0.006594937113145,0.0103451487724584,0.5215018024706144,2855,2865,2853,2866,2024,2024-04-02 11:10:00,2024-04-02 11:30:00,2024-04-02 13:50:00,14,0.0012397979424787,0.0004970093198404,0.0329360421397971,0.2857142857142857,0.5517426573531414,1.530203864267314,0.4666666666666667,0.0007916611341112,0.0072872134336838,-0.4251327402141232,10751,10758,10746,10759,2024,2024-12-05 14:25:00,2024-12-05 15:00:00,2024-12-06 10:05:00,14,0.0018004150654268,-0.009848139452618,-0.4885657603308173,0.5,-0.2665658235571784,1.6628858047363893,0.4,0.0293746738810306,0.006594937113145,-0.2570038394886247
2024,time_mass_skew,3229,7916,651,0.4917108921210206,-0.9936648546555518,7,7,0.0058846378293075,0.0058435464762389,0.0007315053055625,-0.0593575594759323,3234,3236,3231,3237,2024,2024-04-16 10:40:00,2024-04-16 11:05:00,2024-04-16 11:15:00,7,0.0019615710437503,-0.009545808714226,-0.9723641601152369,0.7142857142857143,0.4917108921210206,1.718790516508417,0.25,0.086612764138719,0.0058846378293075,0.3224161605236396,7921,7923,7918,7924,2024,2024-09-04 14:45:00,2024-09-05 09:40:00,2024-09-05 09:50:00,7,0.0018559983730541,-0.0102773140197886,-0.9130066006393044,0.7142857142857143,-0.9936648546555518,2.3992842292052763,0.25,0.0694975984517845,0.0058435464762389,0.2060553586253397
2024,time_mass_skew,3380,6708,651,0.6059741555182651,-1.0262005381653625,15,16,0.0079723031252099,0.0093067714995429,-0.0073582478809255,-0.3966270524821262,3386,3395,3382,3396,2024,2024-04-19 11:15:00,2024-04-19 13:15:00,2024-04-19 14:00:00,15,0.0017889312358581,-0.0057527104568993,-0.321613294068294,0.4,0.6059741555182651,1.5713419798592816,0.375,0.0444928314175399,0.0079723031252099,-0.0806700933791388,6720,6724,6710,6725,2024,2024-07-31 14:05:00,2024-08-01 09:35:00,2024-08-01 09:55:00,16,0.0019838487839073,0.0016055374240262,0.0750137584138322,0.75,-1.0262005381653625,2.18898205715153,0.1176470588235294,0.0516127518025079,0.0093067714995429,0.1464302913300127
2024,time_mass_skew,3454,3540,651,1.0375215573697203,-0.2693823849116116,20,16,0.0106215579433577,0.0097545821727296,0.0059027908979719,0.1991563089965617,3456,3474,3456,3475,2024,2024-04-22 14:55:00,2024-04-23 09:35:00,2024-04-23 11:05:00,20,0.0013441254434092,0.0076544633598538,0.3045894163006516,0.1,1.0375215573697203,1.63399667378487,0.1904761904761904,0.3836309128504663,0.0106215579433577,-0.7257897002156075,3548,3556,3542,3557,2024,2024-04-24 14:05:00,2024-04-24 14:45:00,2024-04-25 09:55:00,16,0.0014633841398407,0.0017516724618818,0.1054331073040899,0.5,-0.2693823849116116,1.984884684313868,0.2941176470588235,0.0079932570593885,0.0097545821727296,-0.5911373179989966
2024,time_mass_skew,3482,10902,651,0.6023621526783651,-0.22895964245317,14,14,0.0080761904214465,0.0087330753180321,-0.0013331762972192,-0.1274199323861068,3488,3496,3484,3497,2024,2024-04-23 13:15:00,2024-04-23 13:45:00,2024-04-23 14:25:00,14,0.0013930300976623,-0.0048545970732447,-0.2669268193193896,0.4285714285714285,0.6023621526783651,1.3758964286346893,0.2666666666666666,0.0,0.0080761904214465,0.4465760850352768,10914,10916,10904,10917,2024,2024-12-11 10:05:00,2024-12-11 11:05:00,2024-12-11 11:15:00,14,0.0017165678411869,-0.0035214207760255,-0.1395068869332827,0.8571428571428571,-0.22895964245317,1.533262565350597,0.4,0.0735071314882937,0.0087330753180321,0.6012736572526902
2024,time_mass_skew,3925,6604,651,0.5766584948158898,-0.3936418181733821,23,24,0.0181935030239932,0.0224382644330436,-0.0186883456069323,-0.6393956842392787,3931,3948,3927,3949,2024,2024-05-09 14:10:00,2024-05-09 14:40:00,2024-05-10 10:35:00,23,0.0016425100904528,0.0011618792046659,0.040555581991467,0.2608695652173913,0.5766584948158898,2.1930588191012217,0.25,0.1430130888561827,0.0181935030239932,-0.8460273291852225,6605,6628,6606,6629,2024,2024-07-29 13:25:00,2024-07-29 13:30:00,2024-07-30 09:55:00,24,0.0012708991162134,0.0198502248115983,0.6799512662307459,0.0416666666666666,-0.3936418181733821,2.7182170490170448,0.36,0.0141789700890072,0.0224382644330436,-0.8853460159536009
2024,time_mass_skew,3948,1549,651,0.7686105104550423,-0.4061256798546044,10,10,0.0042384825804457,0.0036587259062565,-0.003852659109504,-0.5764200368608883,3952,3958,3950,3959,2024,2024-05-10 10:35:00,2024-05-10 10:55:00,2024-05-10 11:25:00,10,0.0014569019149669,-0.0086206165024921,-0.9141076845782312,0.4,0.7686105104550423,1.6862828219764936,0.2727272727272727,0.0031146248420659,0.0042384825804457,-0.0277494454293071,1555,1559,1551,1560,2024,2024-02-23 10:40:00,2024-02-23 11:10:00,2024-02-23 11:30:00,10,0.0017359903003654,-0.0047679573929881,-0.337687647717343,0.6,-0.4061256798546044,1.7210216802858869,0.4545454545454545,0.0691992132487426,0.0036587259062565,0.1120508751279283
2024,time_mass_skew,4082,4617,651,0.7106967422447974,-1.084939287924049,19,17,0.0058090573157123,0.0056626819780003,-0.0058104854797062,-0.3178945986134786,4087,4101,4084,4102,2024,2024-05-15 09:45:00,2024-05-15 10:10:00,2024-05-15 11:20:00,19,0.001396535948648,-0.0056755836880061,-0.3123627138688514,0.2631578947368421,0.7106967422447974,1.5554332792394088,0.2,0.0085003436825798,0.0058090573157123,0.0934276348642728,4630,4634,4619,4635,2024,2024-05-30 10:20:00,2024-05-30 11:25:00,2024-05-30 13:15:00,17,0.00153488326592,0.0001349017917,0.0055318847446271,0.7647058823529411,-1.084939287924049,1.4255420329777866,0.1666666666666666,0.324615441606338,0.0056626819780003,0.0714746371990996
2024,time_mass_skew,4299,7187,651,0.8927662079034863,-0.3787458974542805,13,12,0.0047210159166688,0.0055202382416972,-0.0030152105065024,-0.1713591893468115,4301,4312,4301,4313,2024,2024-05-21 13:20:00,2024-05-21 13:30:00,2024-05-21 14:25:00,13,0.0007923879700918,0.0032163165567541,0.3383340104030354,0.1538461538461538,0.8927662079034863,1.2487213260483223,0.2142857142857142,0.0311754172716764,0.0047210159166688,-0.6813036411859823,7193,7199,7189,7200,2024,2024-08-14 14:00:00,2024-08-14 14:30:00,2024-08-14 15:00:00,12,0.0011483650644222,0.0062315270632566,0.509693199749847,0.5,-0.3787458974542805,1.5226510588169395,0.4615384615384615,0.0,0.0055202382416972,-0.6475373366824956
2024,time_mass_skew,4995,6180,651,0.8286507600511666,-0.6216531183586607,22,20,0.0080574226980489,0.0081007498661165,0.002593639212794,0.040138785347313,4998,5017,4997,5018,2024,2024-06-12 09:50:00,2024-06-12 10:05:00,2024-06-12 13:10:00,22,0.0019050339525289,0.0064139219047877,0.2440163264849896,0.1363636363636363,0.8286507600511666,2.1634773563307386,0.3043478260869565,0.0304149547868921,0.0080574226980489,-0.123289709220078,6194,6200,6182,6201,2024,2024-07-16 14:05:00,2024-07-17 09:45:00,2024-07-17 10:15:00,20,0.0015829391664298,0.0038202826919936,0.2038775411376766,0.7,-0.6216531183586607,1.436536972542804,0.2857142857142857,0.0196094114049414,0.0081007498661165,-0.0812029271135742
2024,time_mass_skew,5092,3975,651,2.14143279576398,-0.3905158386762519,9,11,0.0054804837374442,0.0061436495558622,-0.0023144259982812,-0.0737995495108664,5095,5101,5094,5102,2024,2024-06-14 09:55:00,2024-06-14 10:10:00,2024-06-14 10:40:00,9,0.0019046777266862,0.0026436239665854,0.1798902544607496,0.3333333333333333,2.14143279576398,1.2873435288463164,0.2,0.427218992658386,0.0054804837374442,-0.4944674392198657,3979,3986,3977,3987,2024,2024-05-10 14:20:00,2024-05-10 14:40:00,2024-05-13 09:45:00,11,0.0013682478003464,0.0049580499648667,0.2536898039716161,0.3636363636363636,-0.3905158386762519,3.053875690210137,0.5,0.0554649534474017,0.0061436495558622,-0.7429357423499111
2024,time_mass_skew,5191,7526,651,0.4857082996586581,-0.4851530804506386,9,9,0.0041900606800266,0.0046714049505185,-0.0024187625309436,-0.3356060141033724,5194,5200,5193,5201,2024,2024-06-18 10:10:00,2024-06-18 10:25:00,2024-06-18 10:55:00,9,0.0013467462452538,-0.0063483352642253,-0.8225481127337368,0.3333333333333333,0.4857082996586581,1.7383541510003857,0.5,0.0215447217315581,0.0041900606800266,0.5351123950012815,7534,7535,7528,7536,2024,2024-08-23 14:15:00,2024-08-23 14:55:00,2024-08-23 15:00:00,9,0.0016329392132468,-0.0039295727332817,-0.4869420986303645,0.8888888888888888,-0.4851530804506386,1.7191886399796994,0.3,0.1488873486515256,0.0046714049505185,0.7285764020226839
2024,time_mass_skew,5462,7238,651,0.4811901560208694,-0.7745456000145526,10,10,0.0090344422878168,0.0084370767044763,-0.007853026477948,-0.2192391778658826,5467,5472,5464,5473,2024,2024-06-25 14:15:00,2024-06-25 14:40:00,2024-06-26 09:35:00,10,0.0021553686985525,-0.0132437000952697,-0.5284268780961893,0.5,0.4811901560208694,1.2722128445619028,0.2727272727272727,0.0580579475831732,0.0090344422878168,0.2056771413086092,7246,7248,7240,7249,2024,2024-08-15 14:15:00,2024-08-15 14:55:00,2024-08-16 09:35:00,10,0.001756379844692,-0.0053906736173217,-0.3091877002303067,0.8,-0.7745456000145526,1.803784052910556,0.2727272727272727,0.0054499157575617,0.0084370767044763,0.2306137035303563
2024,time_mass_skew,5472,6873,651,0.4407758968177869,-0.2588281702143432,18,19,0.011321770104467,0.0101496522493382,0.0084143135617842,0.3728882174554228,5476,5490,5474,5491,2024,2024-06-26 09:35:00,2024-06-26 09:55:00,2024-06-26 11:05:00,18,0.0018638454565133,0.0034853469557355,0.1410522852567007,0.2222222222222222,0.4407758968177869,1.7489951837838416,0.2105263157894736,0.0,0.011321770104467,-0.404071991378636,6882,6892,6875,6893,2024,2024-08-06 10:20:00,2024-08-06 11:05:00,2024-08-06 13:25:00,19,0.0022604901545263,-0.0049289666060486,-0.231835932198722,0.4736842105263157,-0.2588281702143432,1.9083298846800307,0.35,0.0157163599587268,0.0101496522493382,-0.2550400584565068
2024,time_mass_skew,5542,6892,651,0.8142025062362777,-0.3363740327377592,7,6,0.0044527388294417,0.0041893177212033,0.0006470654780164,0.0384017467110533,5543,5549,5544,5550,2024,2024-06-27 11:25:00,2024-06-27 11:30:00,2024-06-27 13:30:00,7,0.0022424248008005,0.001922702406345,0.2179930736415636,0.1428571428571428,0.8142025062362777,1.5976638073033576,0.125,0.0090181376784663,0.0044527388294417,-0.4349221103124832,6895,6898,6894,6899,2024,2024-08-06 13:25:00,2024-08-06 13:40:00,2024-08-06 13:55:00,6,0.002135947650215,0.0012756369283285,0.1795913269305103,0.5,-0.3363740327377592,1.4709022666494624,0.4285714285714285,0.0,0.0041893177212033,-0.32478356879914
2024,time_mass_skew,5611,559,651,2.285197221653759,-0.2349342339708144,22,19,0.0196166527976764,0.023520265208992,-0.0033056460513972,-0.110844315396469,5613,5633,5613,5634,2024,2024-06-28 14:40:00,2024-06-28 14:50:00,2024-07-01 11:00:00,22,0.0017009248399371,0.0158166562556432,0.4273748125289983,0.0909090909090909,2.285197221653759,1.9631149813228204,0.1304347826086956,0.4783272930268029,0.0196166527976764,-0.8032833232105936,561,578,561,579,2024,2024-01-17 13:40:00,2024-01-17 13:50:00,2024-01-18 09:45:00,19,0.0014977475766487,0.0191223023070404,0.5382191279254673,0.1052631578947368,-0.2349342339708144,2.108105471665453,0.55,0.0481093495461761,0.023520265208992,-0.8050256103310817
2024,time_mass_skew,5899,5177,651,0.6651997667547671,-1.296191862540369,15,14,0.0110097085807936,0.0090053929633153,-0.0062986205673175,0.0637860364542471,5907,5914,5901,5915,2024,2024-07-08 14:40:00,2024-07-09 09:50:00,2024-07-09 10:25:00,15,0.0015656232148964,-0.017214399154518,-0.4932892084862991,0.5333333333333333,0.6651997667547671,1.954862263170488,0.25,0.0774083495144508,0.0110097085807936,0.1298727590160952,5187,5191,5179,5192,2024,2024-06-17 14:30:00,2024-06-18 09:50:00,2024-06-18 10:10:00,14,0.0012939396371218,-0.0109157785872005,-0.5570752449405463,0.7142857142857143,-1.296191862540369,1.948898445465088,0.3333333333333333,0.0029140251752298,0.0090053929633153,0.1790237151379637
2024,time_mass_skew,6851,9306,651,0.6900533248300392,-0.7286814647890958,10,10,0.0057191832736238,0.0068474518164967,0.0134711810284953,0.965488575429,6853,6861,6853,6862,2024,2024-08-05 14:00:00,2024-08-05 14:10:00,2024-08-05 14:50:00,10,0.0024139447970042,0.0006938004257042,0.0515680789251134,0.2,0.6900533248300392,1.693002498545878,0.3636363636363636,0.0,0.0057191832736238,-0.1559316793938509,9313,9316,9308,9317,2024,2024-10-24 14:35:00,2024-10-25 09:40:00,2024-10-25 09:55:00,10,0.0022678137951859,-0.0127773806027911,-0.9139204965038866,0.7,-0.7286814647890958,1.7665592673350703,0.3636363636363636,0.0,0.0068474518164967,-0.005990513276415
2024,time_mass_skew,7004,7878,651,0.6058088986161578,-0.4564496181898551,16,19,0.0117418178766826,0.0112138524844764,-0.0079249383651094,-0.1412866453542476,7010,7020,7006,7021,2024,2024-08-08 14:45:00,2024-08-09 09:45:00,2024-08-09 10:35:00,16,0.0021598573919198,-0.0148350532774275,-0.3933516697528222,0.375,0.6058088986161578,1.8956526394896576,0.2352941176470588,0.0019948940419844,0.0117418178766826,0.2196431607121,7890,7897,7880,7898,2024,2024-09-04 10:05:00,2024-09-04 11:05:00,2024-09-04 13:10:00,19,0.0020866055684246,-0.0069101149123181,-0.2520650243985746,0.631578947368421,-0.4564496181898551,1.5418595446951524,0.35,0.0610334886066637,0.0112138524844764,0.4091503467521953
2024,time_mass_skew,7271,2430,651,2.239668721281641,-0.7517452307841634,10,11,0.0045061078641719,0.0045031265731179,-0.0010901072690273,-0.1008713010821991,7274,7281,7273,7282,2024,2024-08-16 11:30:00,2024-08-16 13:15:00,2024-08-16 13:50:00,10,0.0018130679508455,-0.0003261370513507,-0.03048095504447,0.3,2.239668721281641,1.824049414396332,0.1818181818181818,0.2882572239768533,0.0045061078641719,0.0346144348263639,2438,2441,2432,2442,2024,2024-03-20 13:35:00,2024-03-20 14:15:00,2024-03-20 14:30:00,11,0.0016570588132241,0.0007639702176765,0.0703903460377291,0.7272727272727273,-0.7517452307841634,1.3922302221347662,0.4166666666666667,0.0255812124634456,0.0045031265731179,0.1778524543686618
2024,time_mass_skew,7466,5849,651,0.72861290584289,-0.2849130720274281,16,20,0.0052018564176359,0.0060194203814445,-0.0014489417125463,-0.1130163250027814,7471,7482,7468,7483,2024,2024-08-22 13:15:00,2024-08-22 13:40:00,2024-08-22 14:35:00,16,0.0014167765164153,-0.0012482729729783,-0.1055039347617876,0.3125,0.72861290584289,1.4053321327131865,0.2941176470588235,0.0882091950476492,0.0052018564176359,-0.3253251327569142,5859,5869,5851,5870,2024,2024-07-05 14:30:00,2024-07-08 09:50:00,2024-07-08 10:40:00,20,0.001760020920288,0.0002006687395679,0.0075123902409938,0.5,-0.2849130720274281,2.0861345513685263,0.3809523809523809,0.0167092063511367,0.0060194203814445,-0.0761819173884369
2024,time_mass_skew,7621,4005,651,0.5931263303249206,-0.4443717684451647,6,6,0.0044780620502375,0.003741305185545,-0.0005722886591446,0.0254707452303479,7624,7627,7623,7628,2024,2024-08-27 14:10:00,2024-08-27 14:25:00,2024-08-27 14:40:00,6,0.0018401864881384,-0.00375341492842,-0.4561465863311476,0.5,0.5931263303249206,2.2330721235574886,0.2857142857142857,0.0561278073579903,0.0044780620502375,0.2055872871703404,4009,4011,4007,4012,2024,2024-05-13 11:20:00,2024-05-13 13:10:00,2024-05-13 13:20:00,6,0.0013917737563655,-0.0031811262692754,-0.4816173315614956,0.6666666666666666,-0.4443717684451647,1.117139694433584,0.2857142857142857,0.0,0.003741305185545,0.189097923221199
2024,time_mass_skew,9294,5943,651,0.8630689634258961,-0.6790874783442017,4,5,0.003360486744242,0.00276169315035,0.0005512962179364,0.1219145010901646,9295,9298,9296,9299,2024,2024-10-24 13:35:00,2024-10-24 13:40:00,2024-10-24 13:55:00,4,0.0024950999797519,-0.0001539622179759,-0.0219362597825629,0.25,0.8630689634258961,1.32447866401743,0.2,0.0,0.003360486744242,-0.0977090424355778,5945,5948,5945,5949,2024,2024-07-09 14:20:00,2024-07-09 14:30:00,2024-07-09 14:45:00,5,0.0025143332519043,-0.0007052584359124,-0.1438507608727276,0.4,-0.6790874783442017,2.0705926432982484,0.3333333333333333,0.0194122111994798,0.00276169315035,-0.2502590278834515
2024,time_mass_skew,9950,1752,651,0.4359791003037956,-0.7785352442298742,15,13,0.0119501071044698,0.01177923397245,0.0013423184899223,0.0235001669212095,9957,9965,9952,9966,2024,2024-11-13 10:45:00,2024-11-13 11:20:00,2024-11-13 13:30:00,15,0.003170506683896,-0.0058038874328851,-0.212646388047401,0.4666666666666667,0.4359791003037956,1.293487384946954,0.375,0.0705944889606614,0.0119501071044698,0.1681247384914724,1761,1765,1754,1766,2024,2024-02-29 13:05:00,2024-02-29 13:50:00,2024-02-29 14:10:00,13,0.0036339674114295,-0.0071462059228075,-0.2361465549686105,0.6923076923076923,-0.7785352442298742,1.7461377291776348,0.2857142857142857,0.2425278615381213,0.01177923397245,0.2395873779127776
2024,time_mass_skew,10083,1765,651,0.394876077971194,-0.9103457613248256,15,14,0.0283879030497091,0.0238112417772962,-0.0282958940416057,-0.6739501809849505,10091,10098,10085,10099,2024,2024-11-18 09:50:00,2024-11-18 10:30:00,2024-11-18 11:05:00,15,0.0033484997057336,-0.0139680886834027,-0.2810475510987218,0.5333333333333333,0.394876077971194,1.545176867642795,0.4375,0.0,0.0283879030497091,0.5765817487411294,1777,1779,1767,1780,2024,2024-02-29 14:10:00,2024-03-01 09:40:00,2024-03-01 09:50:00,14,0.003509827661669,0.014327805358203,0.3929026298862286,0.8571428571428571,-0.9103457613248256,1.803170788055449,0.2666666666666666,0.0709163558999694,0.0238112417772962,0.605875999407263
2024,time_mass_skew,10124,10468,651,0.4334790136519333,-0.288433830831806,17,20,0.0169753356978468,0.0170693140122919,-0.0359008682796158,-0.914144101047562,10130,10141,10126,10142,2024,2024-11-18 14:45:00,2024-11-19 09:45:00,2024-11-19 10:40:00,17,0.0034360198828306,-0.0260572080123824,-0.6776877179776739,0.3529411764705882,0.4334790136519333,2.543124832968686,0.3888888888888889,0.0,0.0169753356978468,0.1439006563296217,10480,10488,10470,10489,2024,2024-11-28 09:55:00,2024-11-28 10:55:00,2024-11-28 13:05:00,20,0.0026245304805715,0.0098436602672334,0.236456383069888,0.6,-0.288433830831806,1.6642798643011656,0.4285714285714285,0.0065074561234926,0.0170693140122919,0.2788366802732818
2024,time_mass_skew,10343,9493,651,0.8061591668716636,-0.406818712132162,14,12,0.0157782151120997,0.016441987001472,0.0196533796556369,0.5502633011924326,10345,10357,10345,10358,2024,2024-11-25 11:30:00,2024-11-25 13:10:00,2024-11-25 14:10:00,14,0.0025432432860343,0.0042084896280753,0.1512395070183328,0.1428571428571428,0.8061591668716636,1.6946552062013618,0.1333333333333333,0.1926824897790667,0.0157782151120997,-0.2739844762202894,9500,9505,9495,9506,2024,2024-10-30 14:10:00,2024-10-30 14:45:00,2024-10-31 09:40:00,12,0.0022980335452484,-0.0154448900275616,-0.3990237941740997,0.5833333333333334,-0.406818712132162,1.837385309984568,0.4615384615384615,0.0,0.016441987001472,-0.0908361366072503
2024,time_mass_skew,10437,8324,651,0.3947421243149003,-0.6960968694919758,8,8,0.0055923315755359,0.0051275491742819,-0.0015929966616429,-0.1358322840169321,10440,10445,10439,10446,2024,2024-11-27 11:20:00,2024-11-27 13:05:00,2024-11-27 13:30:00,8,0.0030883164278585,-0.0008568228913933,-0.0701104713402928,0.375,0.3947421243149003,2.04730311682366,0.4444444444444444,0.0,0.0055923315755359,-0.2804904136809285,8328,8332,8326,8333,2024,2024-09-19 11:15:00,2024-09-19 13:05:00,2024-09-19 13:25:00,8,0.0025918693784053,0.0007361737702496,0.0657218126766392,0.5,-0.6960968694919758,2.0277761726343493,0.1111111111111111,0.0399418953231211,0.0051275491742819,-0.1136613624067499
2024,time_mass_skew,10519,6273,651,0.7931284160246905,-0.271853079891813,5,5,0.0050872572451607,0.0046485791393964,0.0028043658074575,0.3381812104394789,10520,10524,10521,10525,2024,2024-11-29 10:10:00,2024-11-29 10:15:00,2024-11-29 10:35:00,5,0.0021046954316301,0.0020280158389483,0.2501613380981947,0.2,0.7931284160246905,1.5139921228301745,0.1666666666666666,0.0,0.0050872572451607,-0.3705931807373672,6276,6278,6275,6279,2024,2024-07-18 13:50:00,2024-07-18 14:05:00,2024-07-18 14:15:00,5,0.0024713455458942,-0.0007763499685091,-0.0880198723412842,0.6,-0.271853079891813,1.0974916717816563,0.5,0.0,0.0046485791393964,-0.1230576955377375
2024,time_mass_skew,10569,11193,651,0.6036923946716575,-0.2749169641465939,9,9,0.0066772621268427,0.0053545462643302,0.0093993549797914,0.6928084964502433,10571,10578,10571,10579,2024,2024-12-02 10:20:00,2024-12-02 10:30:00,2024-12-02 11:05:00,9,0.0033377379955804,-0.0002766361067278,-0.0175534780143951,0.2222222222222222,0.6036923946716575,1.448218411552339,0.3,0.0,0.0066772621268427,-0.0281147287222402,11200,11202,11195,11203,2024,2024-12-19 10:20:00,2024-12-19 10:55:00,2024-12-19 11:05:00,9,0.0022929661509295,-0.0096759910865192,-0.7103619744646386,0.7777777777777778,-0.2749169641465939,1.6261490281187223,0.4,0.017600428154304,0.0053545462643302,0.2027059574576803
2024,time_mass_skew,10713,3501,651,0.4258361797821768,-0.2878226230671168,19,21,0.0093612853212485,0.0085247808662609,-0.003108227788723,-0.1834618905168861,10722,10732,10715,10733,2024,2024-12-05 10:20:00,2024-12-05 11:05:00,2024-12-05 13:25:00,19,0.0021100340068531,-0.0098069721771654,-0.3803277746126977,0.4736842105263157,0.4258361797821768,1.702826003923782,0.4,0.0,0.0093612853212485,0.4060430373361536,3516,3522,3503,3523,2024,2024-04-23 14:50:00,2024-04-24 10:35:00,2024-04-24 11:05:00,21,0.0015755765001778,-0.0066987443884424,-0.1968658840958115,0.7142857142857143,-0.2878226230671168,1.9231224874000867,0.4545454545454545,0.0104441155942593,0.0085247808662609,0.4166975660114401
2024,time_mass_skew,11091,1524,651,0.5049211233057683,-0.229479100380111,22,25,0.0125565323706924,0.0136832687164298,0.0029500987885524,0.1482634331655047,11094,11113,11093,11114,2024,2024-12-17 09:50:00,2024-12-17 10:05:00,2024-12-17 13:10:00,22,0.0016009890203715,0.0075990289282164,0.2451943456923989,0.1363636363636363,0.5049211233057683,1.5748319631885237,0.391304347826087,0.0019329689372735,0.0125565323706924,-0.4208581505896099,1537,1549,1526,1550,2024,2024-02-22 14:05:00,2024-02-23 09:40:00,2024-02-23 10:40:00,25,0.0019953881228938,0.004648930139664,0.0969309125268941,0.52,-0.229479100380111,1.535731726873272,0.3076923076923077,0.0063669284371181,0.0136832687164298,-0.1853672203866425
2024,time_mass_skew,11130,5133,651,0.4299128503263954,-3.074156975453466,4,4,0.003019026279845,0.0036393138761097,0.0005336094469994,-0.0355388820542521,11131,11134,11132,11135,2024,2024-12-17 14:35:00,2024-12-17 14:40:00,2024-12-17 14:55:00,4,0.0018381317649558,-0.0014176106842625,-0.2200810975815343,0.25,0.4299128503263954,1.3914812206541185,0.4,0.0867298281957611,0.003019026279845,0.4421531272339689,5134,5137,5135,5138,2024,2024-06-14 14:50:00,2024-06-14 14:55:00,2024-06-17 09:40:00,4,0.0016866782983217,-0.001951220131262,-0.1845422155272821,0.25,-3.074156975453466,1.2785812364835776,0.2,0.6725005455988301,0.0036393138761097,0.5763357115634729
2024,time_mass_skew,11305,1422,651,1.159982286464827,-0.3868791827708909,21,23,0.0161002687241431,0.0147869135772982,0.0013324710428366,0.0463217392333458,11310,11326,11307,11327,2024,2024-12-23 13:10:00,2024-12-23 13:35:00,2024-12-23 14:55:00,21,0.0024137091904402,-0.0122490148692169,-0.3426698567078,0.238095238095238,1.159982286464827,1.5234880758969789,0.1818181818181818,0.1073113097967496,0.0161002687241431,-0.4040423963177058,1436,1445,1424,1446,2024,2024-02-20 13:35:00,2024-02-20 14:45:00,2024-02-21 10:00:00,23,0.0027152671455436,-0.0135814859120535,-0.3889915959411458,0.6086956521739131,-0.3868791827708909,2.9353371170551696,0.2916666666666667,0.0171022311779443,0.0147869135772982,-0.2629150780949822
2024,motion_concentration,236,6051,651,2.6202405252808765,1.2904630648812474,8,10,0.0068907045093675,0.0070003786053316,-0.0005124914292244,-0.3079493820444721,242,244,238,245,2024,2024-01-08 14:45:00,2024-01-09 09:45:00,2024-01-09 09:55:00,8,0.0016380106445137,-0.01159220741141,-0.9501471602570658,0.75,-0.538051439703763,2.6202405252808765,0.4444444444444444,0.0,0.0068907045093675,0.24972264469784,6057,6061,6053,6062,2024,2024-07-12 09:50:00,2024-07-12 10:20:00,2024-07-12 10:40:00,10,0.0017811401571345,-0.0110797159821855,-0.6421977782125937,0.6,-0.9820242741757128,1.2904630648812474,0.2727272727272727,0.0900283495819017,0.0070003786053316,0.2344241291136652
2024,motion_concentration,273,578,651,2.31495427037113,1.4330785156099244,17,17,0.0165439519266721,0.0147346080041321,0.0010321130140696,0.0381440919414972,282,290,275,291,2024,2024-01-09 13:50:00,2024-01-09 14:35:00,2024-01-10 09:45:00,17,0.0021051920014875,-0.0027745480757733,-0.0768266555388932,0.5294117647058824,-0.2068708500405426,2.31495427037113,0.5555555555555556,0.0113891087255599,0.0165439519266721,-0.5562180402662822,581,595,580,596,2024,2024-01-18 09:45:00,2024-01-18 10:00:00,2024-01-18 11:10:00,17,0.0020118706738178,-0.0038066610898429,-0.1149707474803905,0.1764705882352941,0.6255180629446038,1.4330785156099244,0.2222222222222222,0.0378265467422272,0.0147346080041321,-0.680949841812122
2024,motion_concentration,320,11220,651,1.822230910060048,1.3957870921202988,10,9,0.0046378825782911,0.0049077385175522,-0.0006213626852301,-0.0556346697384833,324,330,322,331,2024,2024-01-10 13:45:00,2024-01-10 14:05:00,2024-01-10 14:35:00,10,0.0027521305166573,0.0001540614451442,0.0126605950081869,0.4,0.2241100168722396,1.822230910060048,0.2727272727272727,0.0047576844918764,0.0046378825782911,-0.0470628407437056,11224,11229,11222,11230,2024,2024-12-19 14:05:00,2024-12-19 14:25:00,2024-12-19 14:50:00,9,0.0027099897295439,0.0007754241303743,0.0682952647466703,0.4444444444444444,-0.0718225900022934,1.3957870921202988,0.2,0.0850279032136935,0.0049077385175522,0.108762208760625
2024,motion_concentration,354,8281,651,1.8912784252285133,1.4318719219141702,21,19,0.015030616800276,0.0132907228511971,-0.0084800395234365,-0.2227212724130637,370,375,356,376,2024,2024-01-11 11:05:00,2024-01-11 13:55:00,2024-01-11 14:20:00,21,0.0021775535320601,-0.0110701822035883,-0.3088550610120832,0.7619047619047619,0.0924931429336308,1.8912784252285133,0.4090909090909091,0.0859680262930665,0.015030616800276,0.6454917238491374,8292,8300,8283,8301,2024,2024-09-18 13:10:00,2024-09-18 14:05:00,2024-09-18 14:45:00,19,0.0019547482063253,-0.0025901426801517,-0.0861337885990194,0.5789473684210527,-0.0182322999523177,1.4318719219141702,0.4,0.0,0.0132907228511971,0.4917655960567295
2024,motion_concentration,849,3140,651,2.567499431146302,1.2639794118473295,21,24,0.0123334305659241,0.0115043551904268,-0.0097760496164864,-0.3451856102027683,859,870,851,871,2024,2024-01-25 13:50:00,2024-01-25 14:40:00,2024-01-26 10:05:00,21,0.0023727324253457,-0.0066374150210155,-0.2340101870476079,0.4761904761904761,-0.251795572765092,2.567499431146302,0.4545454545454545,0.0194209120611814,0.0123334305659241,-0.4612254630202435,3149,3164,3142,3165,2024,2024-04-12 11:15:00,2024-04-12 13:30:00,2024-04-12 14:45:00,24,0.001792346196672,0.0031386345954708,0.1111754231551603,0.375,0.3194751582303475,1.2639794118473295,0.4,0.0106241530519606,0.0115043551904268,-0.4037233927708015
2024,motion_concentration,948,9908,651,2.0943033291359328,1.3273375256661104,26,23,0.0316686086493174,0.0275378623574491,0.0057520250983069,0.0844898034552592,953,974,950,975,2024,2024-01-29 14:05:00,2024-01-29 14:30:00,2024-01-30 10:45:00,26,0.0028857100318944,0.0056385134509881,0.0825147265627787,0.1923076923076923,1.0390516526311755,2.0943033291359328,0.2962962962962963,0.1353655512399583,0.0316686086493174,-0.7682537749130383,9912,9931,9910,9932,2024,2024-11-12 11:15:00,2024-11-12 13:05:00,2024-11-12 14:40:00,23,0.003054068044047,-0.0001135116473188,-0.0019750768924804,0.1739130434782608,0.2887914598952053,1.3273375256661104,0.375,0.0288118181120161,0.0275378623574491,-0.7849538940319716
2024,motion_concentration,1241,10160,651,1.872521996342232,1.286083357575881,24,23,0.0380826956766409,0.0380065132320162,0.02992846729086,0.4290279319091932,1259,1265,1243,1266,2024,2024-02-06 14:30:00,2024-02-07 10:30:00,2024-02-07 11:00:00,24,0.0039573363879532,0.0320510705405869,0.453716945742102,0.75,0.0845069770375983,1.8725219963422317,0.48,0.0410981742490029,0.0380826956766409,0.8318420413366443,10175,10183,10162,10184,2024,2024-11-19 13:45:00,2024-11-19 15:00:00,2024-11-20 10:10:00,23,0.0031036070698614,0.0021226032497269,0.0246890138329087,0.6521739130434783,0.0656837991962848,1.286083357575881,0.4166666666666667,0.0170429429816703,0.0380065132320162,0.7107292915020574
2024,motion_concentration,2220,11020,651,1.8205087516169784,1.43305971363742,25,23,0.0178476433955863,0.0210319896797086,0.0073415070877908,0.2269722345254867,2227,2245,2222,2246,2024,2024-03-14 10:35:00,2024-03-14 11:10:00,2024-03-14 14:10:00,25,0.0018022616038995,0.0093646619190496,0.2694014164479946,0.28,0.1158153952805981,1.8205087516169784,0.7692307692307693,0.0,0.0178476433955863,-0.5932532814163228,11027,11043,11022,11044,2024,2024-12-13 13:25:00,2024-12-13 14:00:00,2024-12-16 09:50:00,23,0.0016019501513425,0.0020231548312587,0.0424291819225078,0.3043478260869565,0.3258840050336776,1.43305971363742,0.4166666666666667,0.0181560389737446,0.0210319896797086,-0.4542628533174184
2024,motion_concentration,2441,244,651,3.1144914797905368,1.438266721630309,29,26,0.0206650869195703,0.0198454822962936,0.0050460186413628,0.0937515796076652,2452,2470,2443,2471,2024,2024-03-20 14:30:00,2024-03-21 09:55:00,2024-03-21 11:25:00,29,0.002187072274672,0.0214604039514251,0.4894716819222536,0.3793103448275862,0.3749720286194776,3.1144914797905368,0.3,0.0034796326078307,0.0206650869195703,-0.3235174583172776,251,270,246,271,2024,2024-01-09 09:55:00,2024-01-09 10:30:00,2024-01-09 13:35:00,26,0.0018168079560957,0.0164143853100622,0.3957201023145884,0.2692307692307692,0.210611463471255,1.438266721630309,0.5185185185185185,0.0345363234674114,0.0198454822962936,-0.3367476537447952
2024,motion_concentration,2470,10620,651,2.248199826684056,1.4332724435864197,7,7,0.0056010779796009,0.0053518807152119,0.0029159299337183,-0.0082748099659122,2475,2477,2472,2478,2024,2024-03-21 11:25:00,2024-03-21 13:20:00,2024-03-21 13:30:00,7,0.0022875956233249,-0.0055797602955357,-0.5810375308648142,0.7142857142857143,0.5222900857954769,2.248199826684056,0.25,0.0668756294223053,0.0056010779796009,0.3847687657542339,10626,10627,10622,10628,2024,2024-12-03 10:35:00,2024-12-03 11:05:00,2024-12-03 11:10:00,7,0.0020751668153263,-0.008495690229254,-0.572762720898902,0.8571428571428571,-0.0738194175241863,1.4332724435864197,0.25,0.0767044341490705,0.0053518807152119,0.3438112359046482
2024,motion_concentration,2549,434,651,1.997492249321344,1.4223452006838058,13,11,0.0118044257526808,0.0139835430731114,-0.0010633363214422,-0.162274649499823,2559,2562,2551,2563,2024,2024-03-25 10:00:00,2024-03-25 10:50:00,2024-03-25 11:05:00,13,0.0022838273499771,-0.0082262544313522,-0.4428459501024276,0.7692307692307693,0.0584838542852051,1.997492249321344,0.4285714285714285,0.1632707777047927,0.0118044257526808,0.5690118161668526,442,445,436,446,2024,2024-01-15 09:45:00,2024-01-15 10:25:00,2024-01-15 10:40:00,11,0.0016782960722435,-0.00716291810991,-0.2805713006026045,0.7272727272727273,0.2202303979468375,1.4223452006838058,0.5,0.0,0.0139835430731114,0.6217005119474743
2024,motion_concentration,2646,7020,651,1.899287449204428,1.2697572043914125,14,14,0.0090656767613612,0.0074171891664471,-0.0001036383948536,-0.0808600614403539,2648,2660,2648,2661,2024,2024-03-27 10:05:00,2024-03-27 10:15:00,2024-03-27 11:15:00,14,0.0021230944151692,0.0030397549676646,0.1181491441719866,0.1428571428571428,1.3645354060775998,1.899287449204428,0.0666666666666666,0.1321104727964302,0.0090656767613612,-0.3165420632348035,7024,7034,7022,7035,2024,2024-08-09 10:35:00,2024-08-09 10:55:00,2024-08-09 13:15:00,14,0.0019585000178113,0.0031433933625182,0.1990092056123405,0.2857142857142857,0.0339956789722471,1.2697572043914125,0.4666666666666667,0.0589122250269546,0.0074171891664471,-0.4086006658206919
2024,motion_concentration,2821,7939,651,1.9823711993348987,1.4362760174724092,19,19,0.0105830688723473,0.0102125009957063,-0.0099279537283571,-0.5927869301115487,2829,2840,2823,2841,2024,2024-04-01 14:10:00,2024-04-01 14:50:00,2024-04-02 10:15:00,19,0.0017607470899065,-0.0017696168154871,-0.095162662175957,0.4210526315789473,0.1255459110521132,1.9823711993348987,0.4,0.0429193671736533,0.0105830688723473,-0.6471477092157436,7941,7958,7941,7959,2024,2024-09-05 11:10:00,2024-09-05 11:20:00,2024-09-05 14:15:00,19,0.001631822600549,0.00815833691287,0.4976242679355916,0.1052631578947368,-0.1115772383688615,1.4362760174724092,0.6,0.0040813682060099,0.0102125009957063,-0.794439364380945
2024,motion_concentration,2922,6724,651,2.066646448647752,1.3617336288899744,19,17,0.012974101491566,0.0121868697387039,0.0017288009221764,0.0540032884832892,2923,2941,2924,2942,2024,2024-04-03 14:35:00,2024-04-03 14:40:00,2024-04-08 10:40:00,19,0.0016982491718535,0.0100678231190017,0.3711184619597553,0.0526315789473684,-0.0646476427131346,2.066646448647752,0.2,0.6454791418856795,0.012974101491566,-0.7811282047423725,6725,6741,6726,6742,2024,2024-08-01 09:55:00,2024-08-01 10:00:00,2024-08-01 11:20:00,17,0.0019458915079852,0.0083390221968252,0.3171151734764661,0.0588235294117647,0.3584803630192721,1.3617336288899744,0.2777777777777778,0.0,0.0121868697387039,-0.6654373149931663
2024,motion_concentration,3116,8546,651,2.1392228307290715,1.2471233109755615,15,15,0.0096434063343942,0.0097782689459737,0.0048347952174927,0.145473216454843,3126,3131,3118,3132,2024,2024-04-11 14:45:00,2024-04-12 10:05:00,2024-04-12 10:30:00,15,0.0017923327542918,-0.007232409733566,-0.2895967526496352,0.6666666666666666,0.0314541065202471,2.1392228307290715,0.375,0.0483027161811172,0.0096434063343942,0.4762764021954228,8552,8561,8548,8562,2024,2024-09-26 09:45:00,2024-09-26 10:15:00,2024-09-26 11:00:00,15,0.0020376205633275,-0.0120672049510587,-0.4350699691044782,0.4,0.1414154884202909,1.2471233109755615,0.6875,0.0,0.0097782689459737,0.3170088542807004
2024,motion_concentration,3164,1872,651,1.964119011082662,1.417694813700991,7,7,0.0134780906122138,0.0113368264450599,-0.014059443585185,-0.5508730369336872,3169,3171,3166,3172,2024,2024-04-12 14:45:00,2024-04-15 09:40:00,2024-04-15 09:50:00,7,0.0019510571129162,-0.0225065743164456,-0.9433186448610522,0.7142857142857143,-1.12408493632274,1.964119011082662,0.375,0.0823677620708911,0.0134780906122138,0.2165649149390044,1874,1879,1874,1880,2024,2024-03-05 09:35:00,2024-03-05 09:45:00,2024-03-05 10:10:00,7,0.0023551349391322,-0.0084471307312606,-0.392445607927365,0.2857142857142857,0.6229690955607037,1.417694813700991,0.25,0.2386141430393825,0.0113368264450599,0.018345326607708
2024,motion_concentration,3208,1468,651,1.8799969103884373,1.345216675536574,21,18,0.0185346049215162,0.0163753101471746,-0.0007350085788306,-0.0311496070712358,3213,3229,3210,3230,2024,2024-04-15 14:25:00,2024-04-15 14:50:00,2024-04-16 10:40:00,21,0.0022851105954783,0.0010835740395453,0.0287179315047021,0.238095238095238,1.124952002121596,1.8799969103884373,0.2727272727272727,0.05478022422024,0.0185346049215162,-0.609851987378266,1472,1486,1470,1487,2024,2024-02-21 13:25:00,2024-02-21 13:45:00,2024-02-21 14:55:00,18,0.0025359736163097,0.0018185826183759,0.0598675385759379,0.2222222222222222,0.4444216713715623,1.345216675536574,0.4210526315789473,0.0031853007512417,0.0163753101471746,-0.6860601247658425
2024,motion_concentration,3295,3093,651,4.072919650149654,1.3351609812077607,18,19,0.0115056955411505,0.0107073893132891,-0.0071244891216623,-0.2952151409252576,3309,3313,3297,3314,2024,2024-04-17 13:40:00,2024-04-17 14:50:00,2024-04-18 09:40:00,18,0.0018684804251026,-0.0076604666512217,-0.3178649640786015,0.7777777777777778,-0.5127215349428684,4.072919650149654,0.4736842105263157,0.0004242911153262,0.0115056955411505,-0.1041447649130476,3101,3112,3095,3113,2024,2024-04-11 11:20:00,2024-04-11 13:30:00,2024-04-11 14:25:00,19,0.0015654261879839,-0.0005359775295593,-0.0226498231533439,0.4210526315789473,0.2239773260563672,1.3351609812077607,0.4,0.0160510398977235,0.0107073893132891,-0.0581252955094774
2024,motion_concentration,3333,752,651,1.974585221194702,1.4131610432788535,47,43,0.0310887721655754,0.0344087191425908,-0.0154405925560072,-0.0887577617882219,3336,3380,3335,3381,2024,2024-04-18 11:20:00,2024-04-18 13:05:00,2024-04-19 11:15:00,47,0.0023353155518509,0.0267398859030168,0.4344268710268221,0.0638297872340425,-0.2555469019732015,1.974585221194702,0.4375,0.1109416678045541,0.0310887721655754,-0.8600442683592118,761,795,754,796,2024,2024-01-23 13:45:00,2024-01-23 14:30:00,2024-01-24 13:20:00,43,0.0025047862755851,0.0421804784590241,0.5231846328150441,0.2093023255813953,0.4712491513178388,1.4131610432788535,0.4772727272727273,0.0,0.0344087191425908,-0.6822945127985846
2024,motion_concentration,3395,2675,651,3.507366109867702,1.277390245711496,14,12,0.0168175187504262,0.0165070901380532,0.0096279054187486,0.3202208783250264,3400,3409,3397,3410,2024,2024-04-19 14:00:00,2024-04-19 14:25:00,2024-04-22 09:40:00,14,0.0018014389033246,0.0124796727022124,0.4578403523461512,0.3571428571428571,-0.4221305376767005,3.507366109867702,0.5333333333333333,0.0204771625641122,0.0168175187504262,-0.7222369134597506,2677,2687,2677,2688,2024,2024-03-27 14:00:00,2024-03-27 14:10:00,2024-03-27 15:00:00,12,0.0018985642237847,0.0028517672834638,0.1376194740211247,0.1666666666666666,0.5285511099006571,1.277390245711496,0.3846153846153846,0.0,0.0165070901380532,-0.7628679289603877
2024,motion_concentration,3501,11134,651,1.9231224874000867,1.345265189324056,21,18,0.0085247808662609,0.0094818701073124,-0.000852892292441,0.0086110814539845,3516,3522,3503,3523,2024,2024-04-23 14:50:00,2024-04-24 10:35:00,2024-04-24 11:05:00,21,0.0015755765001778,-0.0066987443884424,-0.1968658840958115,0.7142857142857143,-0.2878226230671168,1.9231224874000867,0.4545454545454545,0.0104441155942593,0.0085247808662609,0.4166975660114401,11151,11152,11136,11153,2024,2024-12-17 14:55:00,2024-12-18 10:50:00,2024-12-18 10:55:00,18,0.0016027885227821,-0.0058458520960014,-0.205476965549796,0.9444444444444444,0.1710268040092105,1.345265189324056,0.3157894736842105,0.1558816602745314,0.0094818701073124,0.5612542454034108
2024,motion_concentration,3540,870,651,1.984884684313868,1.3026751405654902,16,18,0.0097545821727296,0.010225660979219,-0.0064184593278484,-0.2809850033245284,3548,3556,3542,3557,2024,2024-04-24 14:05:00,2024-04-24 14:45:00,2024-04-25 09:55:00,16,0.0014633841398407,0.0017516724618818,0.1054331073040899,0.5,-0.2693823849116116,1.984884684313868,0.2941176470588235,0.0079932570593885,0.0097545821727296,-0.5911373179989966,873,888,872,889,2024,2024-01-26 10:05:00,2024-01-26 10:20:00,2024-01-26 13:05:00,18,0.0020826921772687,0.0081701317897303,0.3864181106286183,0.1666666666666666,0.1746317220556466,1.3026751405654902,0.4736842105263157,0.0073454693279752,0.010225660979219,-0.7987501758858543
2024,motion_concentration,3590,6153,651,2.0451539924860693,1.4120537162481157,22,27,0.0197225855245051,0.0227395690241412,-0.0098585797061296,-0.2421492106753646,3609,3612,3592,3613,2024,2024-04-25 14:15:00,2024-04-26 10:20:00,2024-04-26 10:35:00,22,0.0016050271283719,-0.0008615579170482,-0.0240599588992118,0.8636363636363636,-0.8692214768354475,2.0451539924860693,0.3478260869565217,0.3023494949082994,0.0197225855245051,0.8096108483697426,6178,6180,6155,6181,2024,2024-07-16 10:20:00,2024-07-16 13:55:00,2024-07-16 14:05:00,27,0.0014777945956226,0.0089970217890813,0.2180892517761527,0.925925925925926,-0.4387074317906907,1.4120537162481157,0.1428571428571428,0.2328305898012434,0.0227395690241412,0.8344466259909906
2024,motion_concentration,3833,2865,651,2.4748790050330944,1.3156526942509577,10,10,0.007115798098181,0.0063509664902037,0.0007099103467528,0.0089209935927684,3836,3843,3835,3844,2024,2024-05-07 14:30:00,2024-05-07 14:45:00,2024-05-08 09:50:00,10,0.0011346616865843,0.0042753489958832,0.3573885047940566,0.3,-0.019055859398927,2.4748790050330944,0.3636363636363636,0.0782001044239725,0.007115798098181,-0.6137234648824111,2867,2875,2867,2876,2024,2024-04-02 13:50:00,2024-04-02 14:00:00,2024-04-02 14:40:00,10,0.0012697168762799,0.0035654386491304,0.3484675112012881,0.2,0.0769683563591408,1.3156526942509577,0.6363636363636364,0.0,0.0063509664902037,-0.546988169348793
2024,motion_concentration,3883,2082,651,2.2036143678791777,1.4054440889129642,15,16,0.0161550192591812,0.0145514706001863,-0.0020983712872895,-0.0849452292499701,3894,3898,3885,3899,2024,2024-05-08 14:40:00,2024-05-09 10:05:00,2024-05-09 10:25:00,15,0.0014757872338077,-0.0018489754536981,-0.0736118999251614,0.7333333333333333,-0.5964240738853628,2.2036143678791777,0.125,0.1948854825647103,0.0161550192591812,0.7472699894659467,2096,2098,2084,2099,2024,2024-03-11 11:05:00,2024-03-11 13:45:00,2024-03-11 13:55:00,16,0.0014734779496063,0.0002493958335913,0.0113333293248086,0.875,-0.4670929695718832,1.4054440889129642,0.2941176470588235,0.0,0.0145514706001863,0.6640394026895986
2024,motion_concentration,3925,2567,651,2.1930588191012217,1.423783271806575,23,24,0.0181935030239932,0.0184935779144748,-0.0125480385618506,-0.4186859851287203,3931,3948,3927,3949,2024,2024-05-09 14:10:00,2024-05-09 14:40:00,2024-05-10 10:35:00,23,0.0016425100904528,0.0011618792046659,0.040555581991467,0.2608695652173913,0.5766584948158898,2.1930588191012217,0.25,0.1430130888561827,0.0181935030239932,-0.8460273291852225,2568,2591,2569,2592,2024,2024-03-25 11:30:00,2024-03-25 13:05:00,2024-03-25 15:00:00,24,0.0021256535695651,0.0137099177665166,0.4592415671201874,0.0416666666666666,-0.006717570180436,1.423783271806575,0.64,0.0037541199980341,0.0184935779144748,-0.8823875229609156
2024,motion_concentration,3975,5092,651,3.053875690210137,1.2873435288463164,11,9,0.0061436495558622,0.0054804837374442,0.0023144259982812,0.0737995495108664,3979,3986,3977,3987,2024,2024-05-10 14:20:00,2024-05-10 14:40:00,2024-05-13 09:45:00,11,0.0013682478003464,0.0049580499648667,0.2536898039716161,0.3636363636363636,-0.3905158386762519,3.053875690210137,0.5,0.0554649534474017,0.0061436495558622,-0.7429357423499111,5095,5101,5094,5102,2024,2024-06-14 09:55:00,2024-06-14 10:10:00,2024-06-14 10:40:00,9,0.0019046777266862,0.0026436239665854,0.1798902544607496,0.3333333333333333,2.14143279576398,1.2873435288463164,0.2,0.427218992658386,0.0054804837374442,-0.4944674392198657
2024,motion_concentration,4039,341,651,1.873303607006468,1.4086951819444142,11,13,0.0066363510310871,0.00619568796131,-0.0110563894226864,-0.8337795610073421,4044,4050,4041,4051,2024,2024-05-14 10:10:00,2024-05-14 10:35:00,2024-05-14 11:05:00,11,0.0015056270051828,-0.0112605399425878,-0.8480493008741787,0.4545454545454545,0.2629364605300054,1.8733036070064677,0.4166666666666667,0.0,0.0066363510310871,0.3505575600973786,347,354,343,355,2024,2024-01-11 10:00:00,2024-01-11 10:30:00,2024-01-11 11:05:00,13,0.00190578147629,-0.0002041505199014,-0.0142697398668367,0.4615384615384615,0.0176059419148865,1.4086951819444142,0.4285714285714285,0.0302579650353144,0.00619568796131,0.2500651825613024
2024,motion_concentration,4065,2398,651,2.7245406762119613,1.3449964141026498,17,21,0.0093964226125766,0.0102811556494977,0.0116934638048325,0.5455761685757949,4068,4082,4067,4083,2024,2024-05-14 13:50:00,2024-05-14 14:05:00,2024-05-15 09:45:00,17,0.0014791533794607,0.0068605472527982,0.3915294524921253,0.1764705882352941,-0.1705170880200498,2.7245406762119613,0.6111111111111112,0.0140387951160693,0.0093964226125766,-0.7470315895592202,2404,2419,2400,2420,2024,2024-03-19 14:55:00,2024-03-20 09:55:00,2024-03-20 11:10:00,21,0.0015437708144997,-0.0048329165520342,-0.1540467160836696,0.2857142857142857,0.4342290982966613,1.3449964141026498,0.4090909090909091,0.0153680094076731,0.0102811556494977,-0.6785799249693025
2024,motion_concentration,4140,2245,651,1.9374318789146017,1.435078213400945,36,38,0.0144187332526897,0.0136025929648493,0.0136938746627302,0.3878806649135095,4151,4176,4142,4177,2024,2024-05-16 10:35:00,2024-05-16 11:30:00,2024-05-17 09:35:00,36,0.0012051900655156,0.0085096125474307,0.2654574078566589,0.3055555555555556,0.1806844667186966,1.9374318789146017,0.6216216216216216,0.0,0.0144187332526897,-0.5606271401928246,2253,2283,2247,2284,2024,2024-03-14 14:10:00,2024-03-14 14:50:00,2024-03-15 13:20:00,38,0.0016513429596059,-0.0051842621152994,-0.1224232570568505,0.2105263157894736,1.13082807089742,1.435078213400945,0.2051282051282051,0.0023680325236124,0.0136025929648493,-0.3127553868287432
2024,motion_concentration,4970,3313,651,1.9905252419082144,1.368196264277243,25,20,0.017001934642427,0.0191605370723371,0.0109827481924089,0.3186465119142305,4993,4995,4972,4996,2024,2024-06-11 13:15:00,2024-06-12 09:40:00,2024-06-12 09:50:00,25,0.0013550814992149,0.0098861183189256,0.2907351301238653,0.92,-1.887492657424,1.9905252419082144,0.1153846153846153,0.201890034949961,0.017001934642427,0.5994981751471636,3327,3333,3315,3334,2024,2024-04-18 09:40:00,2024-04-18 10:50:00,2024-04-18 11:20:00,20,0.0020029988380079,-0.0010966298734833,-0.0279113817903651,0.7,-0.0922832140907001,1.368196264277243,0.6666666666666666,0.0,0.0191605370723371,0.5977089243141848
2024,motion_concentration,4995,6180,651,2.1634773563307386,1.436536972542804,22,20,0.0080574226980489,0.0081007498661165,0.002593639212794,0.040138785347313,4998,5017,4997,5018,2024,2024-06-12 09:50:00,2024-06-12 10:05:00,2024-06-12 13:10:00,22,0.0019050339525289,0.0064139219047877,0.2440163264849896,0.1363636363636363,0.8286507600511666,2.1634773563307386,0.3043478260869565,0.0304149547868921,0.0080574226980489,-0.123289709220078,6194,6200,6182,6201,2024,2024-07-16 14:05:00,2024-07-17 09:45:00,2024-07-17 10:15:00,20,0.0015829391664298,0.0038202826919936,0.2038775411376766,0.7,-0.6216531183586607,1.436536972542804,0.2857142857142857,0.0196094114049414,0.0081007498661165,-0.0812029271135742
2024,motion_concentration,5219,7034,651,2.1951570169411307,1.3822469845089689,24,24,0.0114242930102257,0.0091426943850763,-0.0103435378803026,-0.4542586934538757,5231,5243,5221,5244,2024,2024-06-18 14:00:00,2024-06-18 15:00:00,2024-06-19 10:30:00,24,0.001350536185645,-0.0033589732207305,-0.1340811468129133,0.5,-0.2030612121819278,2.1951570169411307,0.48,0.0,0.0114242930102257,-0.6524588047829849,7039,7058,7036,7059,2024,2024-08-09 13:15:00,2024-08-09 13:40:00,2024-08-12 09:45:00,24,0.0018997006508621,0.006984564659572,0.3201775466409624,0.2083333333333333,-0.1244484043589225,1.3822469845089689,0.48,0.0,0.0091426943850763,-0.7732480064802467
2024,motion_concentration,5565,8095,651,1.8821202152181555,1.397670901445823,11,10,0.0122540677840472,0.0146039020998038,-0.0079110206953397,-0.1940009597441315,5572,5576,5567,5577,2024,2024-06-27 14:50:00,2024-06-28 09:55:00,2024-06-28 10:15:00,11,0.0018193825238153,-0.0166896923134806,-0.6205108894212672,0.6363636363636364,-0.0894286181946942,1.8821202152181555,0.3333333333333333,0.1405875873360693,0.0122540677840472,0.4806590334240931,8103,8105,8097,8106,2024,2024-09-10 13:40:00,2024-09-10 14:20:00,2024-09-10 14:30:00,10,0.0020387370083547,-0.0087786716181409,-0.4265099296771356,0.8,-0.0541655430482368,1.397670901445823,0.2727272727272727,0.0837451020712303,0.0146039020998038,0.5813292329979434
2024,motion_concentration,5849,4634,651,2.0861345513685263,1.4035906923683898,20,18,0.0060194203814445,0.0055702954734337,0.0104669352499869,0.556737991143367,5859,5869,5851,5870,2024,2024-07-05 14:30:00,2024-07-08 09:50:00,2024-07-08 10:40:00,20,0.001760020920288,0.0002006687395679,0.0075123902409938,0.5,-0.2849130720274281,2.0861345513685263,0.3809523809523809,0.0167092063511367,0.0060194203814445,-0.0761819173884369,4642,4652,4636,4653,2024,2024-05-30 13:15:00,2024-05-30 13:55:00,2024-05-30 14:45:00,18,0.0016755297124105,-0.0102662665104189,-0.549225600902373,0.4444444444444444,0.1435119259571021,1.4035906923683898,0.4736842105263157,0.0068433117050558,0.0055702954734337,-0.0024215290766656
2024,motion_concentration,5943,9294,651,2.0705926432982484,1.32447866401743,5,4,0.00276169315035,0.003360486744242,-0.0005512962179364,-0.1219145010901646,5945,5948,5945,5949,2024,2024-07-09 14:20:00,2024-07-09 14:30:00,2024-07-09 14:45:00,5,0.0025143332519043,-0.0007052584359124,-0.1438507608727276,0.4,-0.6790874783442017,2.0705926432982484,0.3333333333333333,0.0194122111994798,0.00276169315035,-0.2502590278834515,9295,9298,9296,9299,2024,2024-10-24 13:35:00,2024-10-24 13:40:00,2024-10-24 13:55:00,4,0.0024950999797519,-0.0001539622179759,-0.0219362597825629,0.25,0.8630689634258961,1.32447866401743,0.2,0.0,0.003360486744242,-0.0977090424355778
2024,motion_concentration,5972,6061,651,2.2192051260747303,1.3314755354407153,7,8,0.0034565160169144,0.0034137365962907,-0.0031724448961576,-0.4710225521438421,5976,5979,5974,5980,2024,2024-07-10 11:15:00,2024-07-10 13:05:00,2024-07-10 13:20:00,7,0.0017308888659866,-0.0017437531664625,-0.3119295384870881,0.5714285714285714,0.384921093971961,2.2192051260747303,0.375,0.0,0.0034565160169144,0.5085620232608178,6066,6069,6063,6070,2024,2024-07-12 10:40:00,2024-07-12 11:05:00,2024-07-12 11:20:00,8,0.0017025997808472,0.0014286917296951,0.159093013656754,0.625,-0.1263328760265328,1.3314755354407153,0.5555555555555556,0.0029193317389606,0.0034137365962907,0.3897501813225353
2024,motion_concentration,6322,6350,651,1.814310386729468,1.0813949945434458,7,6,0.0050462007011287,0.0043751524293833,0.0056093798953317,0.7908022507204097,6327,6329,6324,6330,2024,2024-07-19 13:55:00,2024-07-19 14:20:00,2024-07-19 14:30:00,7,0.0017732937602868,0.001618134150002,0.1927581000776188,0.7142857142857143,-0.403004467734302,1.814310386729468,0.25,0.0493339613681636,0.0050462007011287,0.3285988178188351,6354,6356,6352,6357,2024,2024-07-22 10:45:00,2024-07-22 11:05:00,2024-07-22 11:15:00,6,0.0017529430128545,-0.0039912457453296,-0.5980441506427908,0.6666666666666666,-0.2170825920952301,1.0813949945434458,0.4285714285714285,0.0,0.0043751524293833,0.3682900020900611
2024,motion_concentration,6481,942,651,1.8715262127842336,1.3952720859243355,6,6,0.0046465027833146,0.0043469684286181,-0.0006927335246406,-0.1035360983927825,6484,6487,6483,6488,2024,2024-07-25 09:40:00,2024-07-25 09:55:00,2024-07-25 10:10:00,6,0.001813569573791,0.0003235267254259,0.0322382122325296,0.5,-0.194813244849641,1.8715262127842336,0.5714285714285714,0.0162099716786927,0.0046465027833146,-0.1755478712753683,944,948,944,949,2024,2024-01-29 13:35:00,2024-01-29 13:45:00,2024-01-29 14:05:00,6,0.0022497059697509,0.0010162602500665,0.1357743106253122,0.3333333333333333,0.2302806902682856,1.3952720859243355,0.4285714285714285,0.0,0.0043469684286181,-0.3001409644160317
2024,motion_concentration,6628,1563,651,2.577936175315429,1.4119569815413109,26,27,0.014559682191467,0.0130420356752551,-0.0034945694041353,-0.0905649583300419,6640,6654,6630,6655,2024,2024-07-30 09:55:00,2024-07-30 10:55:00,2024-07-30 13:35:00,26,0.0018676612612867,0.000197459242935,0.0067724302881666,0.4615384615384615,-0.0698972401271384,2.577936175315429,0.2592592592592592,0.0,0.014559682191467,0.5752944238245199,1585,1590,1565,1591,2024,2024-02-23 13:20:00,2024-02-26 09:40:00,2024-02-26 10:05:00,27,0.001767052557875,0.0036920286470704,0.0973373886182086,0.8148148148148148,-0.0366268519594353,1.4119569815413109,0.6428571428571429,0.0,0.0130420356752551,0.5635379008756657
2024,motion_concentration,6861,9950,651,1.9858428942539348,1.293487384946954,12,15,0.0142526254733157,0.0119501071044698,-0.0045181879367943,-0.0633114483707305,6867,6873,6863,6874,2024,2024-08-05 14:50:00,2024-08-06 09:50:00,2024-08-06 10:20:00,12,0.0023847558203073,-0.0103220753696795,-0.2759578364181315,0.5,0.2416208369830803,1.9858428942539348,0.3846153846153846,0.0950762577530117,0.0142526254733157,0.1736709000467657,9957,9965,9952,9966,2024,2024-11-13 10:45:00,2024-11-13 11:20:00,2024-11-13 13:30:00,15,0.003170506683896,-0.0058038874328851,-0.212646388047401,0.4666666666666667,0.4359791003037956,1.293487384946954,0.375,0.0705944889606614,0.0119501071044698,0.1681247384914724
2024,motion_concentration,6898,9598,651,2.1660726814361206,1.395491858705214,15,14,0.0129917706091742,0.0149972183324482,-0.0002443869847313,-0.0467869636560687,6911,6913,6900,6914,2024,2024-08-06 13:55:00,2024-08-06 15:00:00,2024-08-07 09:40:00,15,0.0019714789178745,-0.0061797782772041,-0.251948109619278,0.8666666666666667,-1.3393270961049788,2.1660726814361206,0.375,0.0643309178450641,0.0129917706091742,0.6284157365518632,9610,9612,9600,9613,2024,2024-11-01 14:55:00,2024-11-04 10:25:00,2024-11-04 10:35:00,14,0.0023969535830758,-0.0059353912924727,-0.2051611459632093,0.8571428571428571,-0.264953927726712,1.395491858705214,0.6,0.031565537984646,0.0149972183324482,0.5554471384701658
2024,motion_concentration,6935,7788,651,2.9076225840475765,1.4369385913129835,32,34,0.016685671540519,0.0159721817810902,-0.0028609036823141,-0.2485157055495988,6942,6967,6937,6968,2024,2024-08-07 11:30:00,2024-08-07 13:35:00,2024-08-08 10:10:00,32,0.0018118545118952,0.011659455341345,0.3108864260715676,0.21875,0.1697609694178956,2.9076225840475765,0.5454545454545454,0.0745877189124446,0.016685671540519,-0.8509390978106438,7789,7822,7790,7823,2024,2024-09-02 10:35:00,2024-09-02 10:40:00,2024-09-02 14:55:00,34,0.001533346508234,0.0145203590236591,0.5594021316211665,0.0294117647058823,-0.08465724631477,1.4369385913129835,0.7142857142857143,0.0,0.0159721817810902,-0.8961153827683052
2024,motion_concentration,7077,7466,651,2.1123273135987715,1.4053321327131865,19,16,0.0050625859382211,0.0052018564176359,-0.00392270677301,-0.26375583093459,7081,7096,7079,7097,2024,2024-08-12 11:20:00,2024-08-12 13:10:00,2024-08-12 14:25:00,19,0.0013659580332162,-0.0051709797459884,-0.3692597656963776,0.2105263157894736,1.1410259283528787,2.1123273135987715,0.3,0.0529188852921359,0.0050625859382211,-0.3469273476318205,7471,7482,7468,7483,2024,2024-08-22 13:15:00,2024-08-22 13:40:00,2024-08-22 14:35:00,16,0.0014167765164153,-0.0012482729729783,-0.1055039347617876,0.3125,0.72861290584289,1.4053321327131865,0.2941176470588235,0.0882091950476492,0.0052018564176359,-0.3253251327569142
2024,motion_concentration,7238,5462,651,1.803784052910556,1.2722128445619028,10,10,0.0084370767044763,0.0090344422878168,0.007853026477948,0.2192391778658826,7246,7248,7240,7249,2024,2024-08-15 14:15:00,2024-08-15 14:55:00,2024-08-16 09:35:00,10,0.001756379844692,-0.0053906736173217,-0.3091877002303067,0.8,-0.7745456000145526,1.803784052910556,0.2727272727272727,0.0054499157575617,0.0084370767044763,0.2306137035303563,5467,5472,5464,5473,2024,2024-06-25 14:15:00,2024-06-25 14:40:00,2024-06-26 09:35:00,10,0.0021553686985525,-0.0132437000952697,-0.5284268780961893,0.5,0.4811901560208694,1.2722128445619028,0.2727272727272727,0.0580579475831732,0.0090344422878168,0.2056771413086092
2024,motion_concentration,7271,2430,651,1.824049414396332,1.3922302221347662,10,11,0.0045061078641719,0.0045031265731179,-0.0010901072690273,-0.1008713010821991,7274,7281,7273,7282,2024,2024-08-16 11:30:00,2024-08-16 13:15:00,2024-08-16 13:50:00,10,0.0018130679508455,-0.0003261370513507,-0.03048095504447,0.3,2.239668721281641,1.824049414396332,0.1818181818181818,0.2882572239768533,0.0045061078641719,0.0346144348263639,2438,2441,2432,2442,2024,2024-03-20 13:35:00,2024-03-20 14:15:00,2024-03-20 14:30:00,11,0.0016570588132241,0.0007639702176765,0.0703903460377291,0.7272727272727273,-0.7517452307841634,1.3922302221347662,0.4166666666666667,0.0255812124634456,0.0045031265731179,0.1778524543686618
2024,motion_concentration,7289,2419,651,1.9533880569380184,1.216912161939221,10,11,0.0108064872862021,0.0089434448986702,0.0040927682888814,0.237675989709342,7298,7299,7291,7300,2024,2024-08-16 14:30:00,2024-08-19 09:45:00,2024-08-19 09:50:00,10,0.0018085509475484,-0.0013934979053568,-0.0664759661265625,0.9,-1.540432758231154,1.9533880569380184,0.1818181818181818,0.1744904834336554,0.0108064872862021,0.4652909888027002,2427,2430,2421,2431,2024,2024-03-20 11:10:00,2024-03-20 13:20:00,2024-03-20 13:35:00,11,0.0015827808541023,-0.0054862661942382,-0.3041519558359045,0.7272727272727273,-1.334225458647002,1.216912161939221,0.1666666666666666,0.0724243392276786,0.0089434448986702,0.5859127871190419
2024,motion_concentration,7450,4832,651,1.993687687477023,1.36964002710512,16,13,0.0062917506905426,0.0058976110082884,0.0001192577999635,-0.1066902692126411,7453,7466,7452,7467,2024,2024-08-22 10:25:00,2024-08-22 10:40:00,2024-08-22 13:15:00,16,0.0014048076977876,0.0028668951681937,0.1732456459682381,0.1875,0.5579545099495022,1.993687687477023,0.1176470588235294,0.0257003187366446,0.0062917506905426,-0.4973222379805909,4836,4845,4834,4846,2024,2024-06-05 13:45:00,2024-06-05 14:05:00,2024-06-05 14:50:00,13,0.0012695483407817,0.0027476373682301,0.2799359151808793,0.3076923076923077,0.2164080026193567,1.36964002710512,0.5,0.0,0.0058976110082884,-0.4703974953803636
2024,motion_concentration,7482,7627,651,2.1008725640547348,1.3689632272537922,13,11,0.0109683343689113,0.0093555234786979,0.0057320541169111,0.4499699504338583,7484,7495,7484,7496,2024,2024-08-22 14:35:00,2024-08-22 14:45:00,2024-08-23 10:10:00,13,0.0014526300536997,0.0092850632963581,0.6391291307063769,0.1538461538461538,0.6088690627241097,2.1008725640547348,0.3571428571428571,0.058890970310931,0.0109683343689113,-0.8304487761104467,7630,7638,7629,7639,2024,2024-08-27 14:40:00,2024-08-27 14:55:00,2024-08-28 10:05:00,11,0.0017052378950521,0.0035530091794469,0.1891591802725185,0.2727272727272727,0.3604962961335481,1.3689632272537922,0.5,0.0158497778367784,0.0093555234786979,-0.7274781196237915
2024,motion_concentration,7621,4005,651,2.2330721235574886,1.117139694433584,6,6,0.0044780620502375,0.003741305185545,-0.0005722886591446,0.0254707452303479,7624,7627,7623,7628,2024,2024-08-27 14:10:00,2024-08-27 14:25:00,2024-08-27 14:40:00,6,0.0018401864881384,-0.00375341492842,-0.4561465863311476,0.5,0.5931263303249206,2.2330721235574886,0.2857142857142857,0.0561278073579903,0.0044780620502375,0.2055872871703404,4009,4011,4007,4012,2024,2024-05-13 11:20:00,2024-05-13 13:10:00,2024-05-13 13:20:00,6,0.0013917737563655,-0.0031811262692754,-0.4816173315614956,0.6666666666666666,-0.4443717684451647,1.117139694433584,0.2857142857142857,0.0,0.003741305185545,0.189097923221199
2024,motion_concentration,7638,6249,651,1.82931915769296,1.3422711836873384,5,5,0.0056030068944865,0.0047459221493628,-0.0062701827014627,-0.7159671285954536,7642,7643,7640,7644,2024,2024-08-28 10:05:00,2024-08-28 10:25:00,2024-08-28 10:30:00,5,0.0017052095644688,-0.0083409077084664,-0.9858862749250644,0.8,-1.3927846852159522,1.82931915769296,0.3333333333333333,0.0080999479369238,0.0056030068944865,0.5139977171249227,6252,6254,6251,6255,2024,2024-07-18 10:20:00,2024-07-18 10:35:00,2024-07-18 10:45:00,5,0.0022075725629483,-0.0020707250070036,-0.2699191463296107,0.6,-0.0249862870101756,1.3422711836873384,0.3333333333333333,0.0,0.0047459221493628,0.3718992170935098
2024,motion_concentration,7725,1637,651,1.8662334347689755,1.4068457596913508,27,26,0.0290321879482764,0.0326883772231063,-0.0139473723487378,-0.2535197651278555,7748,7752,7727,7753,2024,2024-08-29 14:50:00,2024-08-30 11:15:00,2024-08-30 13:05:00,27,0.0018841856327417,0.0082769212512313,0.1766559601061328,0.8518518518518519,0.0690434836876447,1.8662334347689755,0.5,0.0564630640171856,0.0290321879482764,0.8177081905989252,1660,1663,1639,1664,2024,2024-02-27 10:00:00,2024-02-27 13:25:00,2024-02-27 13:40:00,26,0.0017979836911195,0.0222242935999691,0.4301757252339883,0.8846153846153846,-0.2745449869562761,1.4068457596913508,0.1851851851851851,0.4235282473146287,0.0326883772231063,0.8307009019193221
2024,motion_concentration,7845,3433,651,2.819690527932197,1.3634891648060763,17,21,0.004251008053199,0.0050056366666604,-0.0052576566874431,-0.520612006230093,7851,7862,7847,7863,2024,2024-09-03 11:20:00,2024-09-03 13:20:00,2024-09-03 14:15:00,17,0.0019943383536167,-0.0065007781697696,-0.5941766409087974,0.3529411764705882,0.1876712871838406,2.819690527932197,0.6666666666666666,0.0100833340626437,0.004251008053199,-0.2582467333460412,3444,3454,3435,3455,2024,2024-04-22 13:10:00,2024-04-22 14:05:00,2024-04-22 14:55:00,21,0.0026689400406967,-0.0012431214823265,-0.0735646346787044,0.5238095238095238,-0.2139163706718964,1.3634891648060763,0.3181818181818182,0.0336040422670592,0.0050056366666604,-0.1800854574081101
2024,motion_concentration,7862,11512,651,3.172366262617894,1.2041009513797392,11,9,0.0108339229529379,0.0095304717561646,0.0103586947436658,0.606350829740011,7866,7873,7864,7874,2024,2024-09-03 14:15:00,2024-09-03 14:35:00,2024-09-04 09:40:00,11,0.0020004341454659,0.0034347177824193,0.1573919855029077,0.3636363636363636,-0.2412625865739713,3.172366262617894,0.6666666666666666,0.1315773070714658,0.0108339229529379,-0.3239078710613697,11515,11521,11514,11522,2024,2024-12-27 14:25:00,2024-12-27 14:40:00,2024-12-30 09:40:00,9,0.0019414376900553,-0.0069239769612464,-0.4489588442371032,0.3333333333333333,0.1976216810938816,1.2041009513797392,0.5,0.0,0.0095304717561646,-0.5552449409429676
2024,motion_concentration,7916,10701,651,2.3992842292052763,1.190292849877469,7,8,0.0058435464762389,0.0053554364197943,-0.0085910406848901,-0.8501066158753346,7921,7923,7918,7924,2024,2024-09-04 14:45:00,2024-09-05 09:40:00,2024-09-05 09:50:00,7,0.0018559983730541,-0.0102773140197886,-0.9130066006393044,0.7142857142857143,-0.9936648546555518,2.3992842292052763,0.25,0.0694975984517845,0.0058435464762389,0.2060553586253397,10704,10709,10703,10710,2024,2024-12-04 14:50:00,2024-12-05 09:35:00,2024-12-05 10:00:00,8,0.0022366772349422,-0.0016862733348984,-0.0628999847639697,0.375,0.2222225294111821,1.190292849877469,0.4444444444444444,0.1621415856361757,0.0053554364197943,0.2811068780087647
2024,motion_concentration,7969,8215,651,2.0226342082708304,1.4299224044095813,39,36,0.0143186268644468,0.0133169541012563,-0.0112638053945093,-0.4275839440439125,7974,8008,7971,8009,2024,2024-09-06 09:40:00,2024-09-06 10:05:00,2024-09-06 14:25:00,39,0.0012712169094706,-0.0004386937694424,-0.0154341949418405,0.1282051282051282,1.0281515297853654,2.0226342082708304,0.275,0.0769122293028041,0.0143186268644468,-0.580032730371826,8216,8251,8217,8252,2024,2024-09-13 10:10:00,2024-09-13 10:15:00,2024-09-13 14:40:00,36,0.0015051136494242,0.0108251116250668,0.4121497491020719,0.0277777777777777,0.2860528359622683,1.4299224044095813,0.3513513513513513,0.0198438984899197,0.0133169541012563,-0.8186459068585972
2024,motion_concentration,8324,9484,651,2.0277761726343493,1.1940010911107386,8,9,0.0051275491742819,0.0058392336960766,0.0116346372361003,0.5903338708056731,8328,8332,8326,8333,2024,2024-09-19 11:15:00,2024-09-19 13:05:00,2024-09-19 13:25:00,8,0.0025918693784053,0.0007361737702496,0.0657218126766392,0.5,-0.6960968694919758,2.0277761726343493,0.1111111111111111,0.0399418953231211,0.0051275491742819,-0.1136613624067499,9490,9493,9486,9494,2024,2024-10-30 13:25:00,2024-10-30 13:55:00,2024-10-30 14:10:00,9,0.0020962163202241,-0.0108984634658507,-0.5246120581290339,0.6666666666666666,-0.1917725417506176,1.1940010911107386,0.4,0.0259608485013155,0.0058392336960766,-0.030595292256403
2024,motion_concentration,8369,4011,651,1.823410455339428,1.4380093483358851,14,14,0.0045450040622094,0.0047259129031385,0.0036644365036953,0.4391619520954838,8373,8383,8371,8384,2024,2024-09-20 11:00:00,2024-09-20 11:20:00,2024-09-20 13:40:00,14,0.0013370834417709,0.002406740030565,0.2836337269122347,0.2857142857142857,1.2386862233377625,1.8234104553394277,0.2666666666666666,0.073272513620747,0.0045450040622094,-0.4988306500321481,4014,4025,4013,4026,2024,2024-05-13 13:20:00,2024-05-13 13:35:00,2024-05-13 14:30:00,14,0.0014055716611406,-0.0012576964731303,-0.155528225183249,0.2142857142857142,0.0074143662690761,1.4380093483358851,0.6,0.003569307617482,0.0047259129031385,-0.4105440481962983
2024,motion_concentration,8919,1192,651,1.903681313340337,1.327604998783144,10,8,0.0123551597462503,0.0118407477925464,-0.0288158687926819,-0.936940190674745,8926,8929,8921,8930,2024,2024-10-14 14:20:00,2024-10-14 14:55:00,2024-10-15 09:40:00,10,0.0055350809047192,-0.0171453484414852,-0.5275976988282671,0.7,-0.5517090535666669,1.903681313340337,0.5454545454545454,0.0782769249541621,0.0123551597462503,0.3831656068775865,1195,1200,1194,1201,2024,2024-02-05 14:25:00,2024-02-05 14:40:00,2024-02-06 09:35:00,8,0.0066551131315746,0.0116705203511966,0.4093424918464778,0.375,0.3444810859727997,1.327604998783144,0.4444444444444444,0.0,0.0118407477925464,0.2367294783103139
2024,motion_concentration,9269,9219,651,1.9223593708254991,1.424203170935618,10,11,0.0133640021071581,0.0144954467282092,0.0103085659278424,0.2334454286103456,9277,9279,9271,9280,2024,2024-10-24 10:00:00,2024-10-24 10:40:00,2024-10-24 10:50:00,10,0.0027298918816363,-0.0073493463184113,-0.3345657906657786,0.8,-0.3012249554055803,1.9223593708254991,0.1818181818181818,0.352541058707371,0.0133640021071581,0.5133141417779598,9229,9230,9221,9231,2024,2024-10-23 09:50:00,2024-10-23 10:40:00,2024-10-23 10:45:00,11,0.0036911684631111,-0.0176579122462537,-0.5680112192761243,0.9090909090909092,-0.6969682510322868,1.424203170935618,0.3333333333333333,0.0225218676573358,0.0144954467282092,0.6525944073939878
2024,motion_concentration,9352,9520,651,1.848452458267182,1.3891307305172065,11,12,0.0158015800960455,0.0154074454665709,0.0076824749087697,0.2307154627479562,9354,9363,9354,9364,2024,2024-10-25 14:25:00,2024-10-25 14:35:00,2024-10-28 09:50:00,11,0.0031791875197255,0.0102992972286448,0.3193316681762119,0.1818181818181818,-0.107629338424629,1.848452458267182,0.4166666666666667,0.0391942402563819,0.0158015800960455,-0.6548794660336995,9523,9532,9522,9533,2024,2024-10-31 10:55:00,2024-10-31 11:10:00,2024-10-31 13:25:00,12,0.0033209145355809,0.0026168223198751,0.0886162054282557,0.25,0.6098055163415238,1.3891307305172065,0.2307692307692307,0.317930076897605,0.0154074454665709,-0.6979138764926522
2024,motion_concentration,9402,7248,651,1.92261907006421,1.3424707246014678,9,8,0.008860144536956,0.0078155761649609,-0.0014115508571175,-0.0507251685436491,9409,9411,9404,9412,2024,2024-10-28 14:35:00,2024-10-29 09:40:00,2024-10-29 09:50:00,9,0.0023185963650254,0.0023550919422548,0.148774147001104,0.7777777777777778,-0.8032816122742671,1.92261907006421,0.2,0.1086907264484434,0.008860144536956,0.302449033965566,7254,7256,7250,7257,2024,2024-08-16 09:35:00,2024-08-16 10:05:00,2024-08-16 10:15:00,8,0.0019916023695493,0.0037666427993723,0.1994993155447532,0.75,-0.2047815191640354,1.3424707246014678,0.3333333333333333,0.0052560004146533,0.0078155761649609,0.449429754306185
2024,motion_concentration,9619,10797,651,1.8120965291768192,1.3511748570324171,13,12,0.0104835463870918,0.008599865189792,-0.0046090231097616,-0.2009796278767785,9621,9632,9621,9633,2024,2024-11-04 11:10:00,2024-11-04 11:20:00,2024-11-04 13:45:00,13,0.0020513630908053,0.0006894215033319,0.0419502776217363,0.1538461538461538,1.3003395435038132,1.8120965291768192,0.2142857142857142,0.1232540190333353,0.0104835463870918,-0.7336883399335214,10798,10809,10799,10810,2024,2024-12-06 14:50:00,2024-12-06 14:55:00,2024-12-09 10:20:00,12,0.002142104083362,0.0052984446130935,0.2429299054985148,0.0833333333333333,1.3128139289250265,1.3511748570324171,0.1538461538461538,0.3316317276780768,0.008599865189792,-0.6126927989365457
2024,motion_concentration,10402,684,651,1.9157540258693024,1.2512399427482603,17,15,0.0160423080476395,0.0142471790886169,-0.0056154055055018,-0.1885808933830383,10406,10419,10404,10420,2024,2024-11-26 13:55:00,2024-11-26 14:15:00,2024-11-27 09:50:00,17,0.002113941311833,0.0040985622744006,0.1484606370198705,0.2352941176470588,0.1622335655163534,1.9157540258693024,0.6111111111111112,0.0,0.0160423080476395,-0.7304060972140112,688,699,686,700,2024,2024-01-22 10:35:00,2024-01-22 10:55:00,2024-01-22 13:20:00,15,0.002074842670018,0.0097139677799024,0.3370415304029088,0.2666666666666666,0.0357729508489728,1.2512399427482603,0.5625,0.0,0.0142471790886169,-0.685551853308015
2024,motion_concentration,10437,8476,651,2.04730311682366,1.1607748644488416,8,10,0.0055923315755359,0.0054731042998339,0.0010291587927324,0.0765829325396941,10440,10445,10439,10446,2024,2024-11-27 11:20:00,2024-11-27 13:05:00,2024-11-27 13:30:00,8,0.0030883164278585,-0.0008568228913933,-0.0701104713402928,0.375,0.3947421243149003,2.04730311682366,0.4444444444444444,0.0,0.0055923315755359,-0.2804904136809285,8480,8486,8478,8487,2024,2024-09-24 13:25:00,2024-09-24 13:45:00,2024-09-24 14:15:00,10,0.0028950570997217,-0.0018859816841257,-0.1466934038799869,0.4,0.0292677398453585,1.1607748644488416,0.4545454545454545,0.1013394188223337,0.0054731042998339,-0.3253109344353754
2024,motion_concentration,10639,6538,651,1.9291189992024929,1.3314480008099636,14,15,0.0147037317188436,0.0169444760277208,-0.0105226478386868,-0.3823381367787165,10650,10653,10641,10654,2024,2024-12-03 13:40:00,2024-12-03 14:35:00,2024-12-03 14:50:00,14,0.0023285484587262,-0.0128722096825362,-0.4786251855185503,0.7857142857142857,0.0949470154936873,1.9291189992024929,0.3333333333333333,0.0,0.0147037317188436,0.7117333604542376,6549,6553,6540,6554,2024,2024-07-26 10:25:00,2024-07-26 11:20:00,2024-07-26 13:10:00,15,0.0019616312511447,-0.0023495618438493,-0.0962870487398338,0.7333333333333333,-0.6872065470096304,1.3314480008099636,0.25,0.02211600741187,0.0169444760277208,0.6330411424897888
2024,motion_concentration,10653,9741,651,2.6696848088045004,1.3830312004207588,13,15,0.0130651052512993,0.0135260223163298,0.0227333389722082,0.4481366414305439,10657,10666,10655,10667,2024,2024-12-03 14:50:00,2024-12-04 09:40:00,2024-12-04 10:25:00,13,0.0029450355352152,0.0065250900100211,0.1741041579052202,0.3076923076923077,0.7547836730939591,2.6696848088045004,0.2142857142857142,0.1005858855035027,0.0130651052512993,-0.0691549978143924,9747,9756,9743,9757,2024,2024-11-06 14:50:00,2024-11-07 09:50:00,2024-11-07 10:35:00,15,0.003712627982214,-0.0162082489621871,-0.2740324835253236,0.4,0.1844608918758541,1.3830312004207588,0.3125,0.0252575500803757,0.0135260223163298,0.0825299272696079
2024,motion_concentration,11084,11172,651,2.01679430317614,1.409034814759304,7,8,0.0053898524309117,0.0059270465426921,-0.0003914488831682,-0.0122610948300937,11089,11091,11086,11092,2024,2024-12-16 14:45:00,2024-12-17 09:40:00,2024-12-17 09:50:00,7,0.0014389531450109,-0.0094535211608552,-0.8583402481496337,0.7142857142857143,-0.2482507094883428,2.0167943031761397,0.625,0.0,0.0053898524309117,-0.0649253860376943,11175,11180,11174,11181,2024,2024-12-18 14:05:00,2024-12-18 14:20:00,2024-12-18 14:45:00,8,0.0015156753487872,-0.0090620722776869,-0.84607915331954,0.375,-0.1421380251321419,1.409034814759304,0.4444444444444444,0.0430917605405191,0.0059270465426921,-0.1775971033440264
2024,motion_concentration,11365,5282,651,2.249991285151479,1.3347584444698204,18,16,0.0166486625789712,0.0182990977107504,-0.0007470736753991,0.0436614001824715,11380,11383,11367,11384,2024,2024-12-24 14:10:00,2024-12-25 09:55:00,2024-12-25 10:10:00,18,0.0023268299165311,0.0115609365389264,0.4363757842194683,0.8333333333333334,-0.4881751929309078,2.249991285151479,0.2631578947368421,0.0955831531052072,0.0166486625789712,0.6926101784607762,5295,5298,5284,5299,2024,2024-06-20 09:45:00,2024-06-20 10:50:00,2024-06-20 11:05:00,16,0.0016693998891853,0.0123080102143255,0.3927143840369968,0.8125,-1.64011871380265,1.3347584444698204,0.2352941176470588,0.0905206298956057,0.0182990977107504,0.6834409854516865
2024,half_height_width,130,8032,651,0.5833333333333334,0.24,23,24,0.0076916902876771,0.0076093539364405,0.0112141856066175,0.4289901066094002,142,153,132,154,2024,2024-01-04 13:55:00,2024-01-04 14:55:00,2024-01-05 10:20:00,23,0.0010280269604685,0.0037628592324366,0.1232530201525535,0.5217391304347826,-0.1502554019525033,1.9115776741408543,0.5833333333333334,0.0124414307397162,0.0076916902876771,-0.0523937939985481,8037,8056,8034,8057,2024,2024-09-09 10:55:00,2024-09-09 11:20:00,2024-09-09 14:25:00,24,0.001228316454944,-0.0074513263741808,-0.3057370864568466,0.2083333333333333,0.5342440864232444,1.7421570886070097,0.24,0.000336555271403,0.0076093539364405,-0.2953806374798198
2024,half_height_width,244,11305,651,0.5185185185185185,0.1818181818181818,26,21,0.0198454822962936,0.0161002687241431,0.0286634001792792,0.7383899590223884,251,270,246,271,2024,2024-01-09 09:55:00,2024-01-09 10:30:00,2024-01-09 13:35:00,26,0.0018168079560957,0.0164143853100622,0.3957201023145884,0.2692307692307692,0.210611463471255,1.438266721630309,0.5185185185185185,0.0345363234674114,0.0198454822962936,-0.3367476537447952,11310,11326,11307,11327,2024,2024-12-23 13:10:00,2024-12-23 13:35:00,2024-12-23 14:55:00,21,0.0024137091904402,-0.0122490148692169,-0.3426698567078,0.238095238095238,1.159982286464827,1.5234880758969789,0.1818181818181818,0.1073113097967496,0.0161002687241431,-0.4040423963177058
2024,half_height_width,273,578,651,0.5555555555555556,0.2222222222222222,17,17,0.0165439519266721,0.0147346080041321,0.0010321130140696,0.0381440919414972,282,290,275,291,2024,2024-01-09 13:50:00,2024-01-09 14:35:00,2024-01-10 09:45:00,17,0.0021051920014875,-0.0027745480757733,-0.0768266555388932,0.5294117647058824,-0.2068708500405426,2.31495427037113,0.5555555555555556,0.0113891087255599,0.0165439519266721,-0.5562180402662822,581,595,580,596,2024,2024-01-18 09:45:00,2024-01-18 10:00:00,2024-01-18 11:10:00,17,0.0020118706738178,-0.0038066610898429,-0.1149707474803905,0.1764705882352941,0.6255180629446038,1.4330785156099244,0.2222222222222222,0.0378265467422272,0.0147346080041321,-0.680949841812122
2024,half_height_width,418,6769,651,0.6470588235294118,0.1052631578947368,16,18,0.0134212930359378,0.0133936637758846,-0.0037612272548807,-0.133352893913522,424,434,420,435,2024,2024-01-12 13:55:00,2024-01-12 14:25:00,2024-01-15 09:45:00,16,0.0011810625399313,0.0049008384772895,0.2674651782288328,0.375,-0.0753686672930677,2.0251688577711238,0.6470588235294118,0.0,0.0134212930359378,-0.7366818324969457,6771,6787,6771,6788,2024,2024-08-02 09:40:00,2024-08-02 09:50:00,2024-08-02 11:10:00,18,0.0015734564701764,0.0086620657321702,0.4008180721423549,0.1111111111111111,1.144154966313485,1.6627389232244836,0.1052631578947368,0.6121614591804737,0.0133936637758846,-0.6366277158080217
2024,half_height_width,434,8085,651,0.5,0.1818181818181818,11,10,0.0139835430731114,0.014197656023092,0.0008579181485114,0.0671253048700514,442,445,436,446,2024,2024-01-15 09:45:00,2024-01-15 10:25:00,2024-01-15 10:40:00,11,0.0016782960722435,-0.00716291810991,-0.2805713006026045,0.7272727272727273,0.2202303979468375,1.4223452006838058,0.5,0.0,0.0139835430731114,0.6217005119474743,8091,8095,8087,8096,2024,2024-09-10 11:20:00,2024-09-10 13:20:00,2024-09-10 13:40:00,10,0.0018269623734032,-0.0080208362584215,-0.3476966054726559,0.6,0.1920116802505596,1.6986661713707751,0.1818181818181818,0.0701955445627065,0.014197656023092,0.4011197183702268
2024,half_height_width,559,5611,651,0.55,0.1304347826086956,19,22,0.023520265208992,0.0196166527976764,0.0033056460513972,0.110844315396469,561,578,561,579,2024,2024-01-17 13:40:00,2024-01-17 13:50:00,2024-01-18 09:45:00,19,0.0014977475766487,0.0191223023070404,0.5382191279254673,0.1052631578947368,-0.2349342339708144,2.108105471665453,0.55,0.0481093495461761,0.023520265208992,-0.8050256103310817,5613,5633,5613,5634,2024,2024-06-28 14:40:00,2024-06-28 14:50:00,2024-07-01 11:00:00,22,0.0017009248399371,0.0158166562556432,0.4273748125289983,0.0909090909090909,2.285197221653759,1.9631149813228204,0.1304347826086956,0.4783272930268029,0.0196166527976764,-0.8032833232105936
2024,half_height_width,684,5755,651,0.5625,0.2631578947368421,15,18,0.0142471790886169,0.0125643979604861,0.0109882660209726,0.3922246766290723,688,699,686,700,2024,2024-01-22 10:35:00,2024-01-22 10:55:00,2024-01-22 13:20:00,15,0.002074842670018,0.0097139677799024,0.3370415304029088,0.2666666666666666,0.0357729508489728,1.2512399427482603,0.5625,0.0,0.0142471790886169,-0.685551853308015,5761,5773,5757,5774,2024,2024-07-03 14:40:00,2024-07-04 09:40:00,2024-07-04 10:40:00,18,0.0017229446071918,-0.0012742982410702,-0.0551831462261634,0.3333333333333333,0.3031198904049872,1.5375117087953931,0.2631578947368421,0.0170165648189134,0.0125643979604861,-0.623531917692698
2024,half_height_width,795,1445,651,0.52,0.2083333333333333,24,23,0.032208794617035,0.0278265050088553,-0.0116203411876224,-0.2861060982369388,813,819,797,820,2024,2024-01-24 13:20:00,2024-01-24 14:50:00,2024-01-25 09:50:00,24,0.0027936914354043,0.0014178526579799,0.020549528698939,0.75,-0.2505778958506955,1.5476993690250698,0.52,0.0050971221288689,0.032208794617035,0.7109956946022274,1467,1468,1447,1469,2024,2024-02-21 10:00:00,2024-02-21 13:20:00,2024-02-21 13:25:00,23,0.0021969567372129,0.0130381938456023,0.3066556269358779,0.9565217391304348,-0.4239925998033727,1.556735273126664,0.2083333333333333,0.1422510936578006,0.0278265050088553,0.8264795173193996
2024,half_height_width,819,9685,651,0.5806451612903226,0.1923076923076923,30,25,0.0285459805948669,0.0242692285614154,0.0091733439744299,0.1667742959958328,844,849,821,850,2024,2024-01-25 09:50:00,2024-01-25 13:25:00,2024-01-25 13:50:00,30,0.0029684162559309,0.0133924101466228,0.2258734800673141,0.8333333333333334,0.0384401814981913,1.64871043354188,0.5806451612903226,0.0022200121669053,0.0285459805948669,0.7442699013603541,9704,9710,9687,9711,2024,2024-11-05 14:10:00,2024-11-06 10:15:00,2024-11-06 10:45:00,25,0.0030012755539246,0.0042190661721928,0.0590991840714812,0.76,-1.051616300239167,1.5553570607861211,0.1923076923076923,0.0880980314538392,0.0242692285614154,0.6831574077346407
2024,half_height_width,1563,6628,651,0.6428571428571429,0.2592592592592592,27,26,0.0130420356752551,0.014559682191467,0.0034945694041353,0.0905649583300419,1585,1590,1565,1591,2024,2024-02-23 13:20:00,2024-02-26 09:40:00,2024-02-26 10:05:00,27,0.001767052557875,0.0036920286470704,0.0973373886182086,0.8148148148148148,-0.0366268519594353,1.4119569815413109,0.6428571428571429,0.0,0.0130420356752551,0.5635379008756657,6640,6654,6630,6655,2024,2024-07-30 09:55:00,2024-07-30 10:55:00,2024-07-30 13:35:00,26,0.0018676612612867,0.000197459242935,0.0067724302881666,0.4615384615384615,-0.0698972401271384,2.577936175315429,0.2592592592592592,0.0,0.014559682191467,0.5752944238245199
2024,half_height_width,1590,2098,651,0.5714285714285714,0.21875,34,31,0.0181670676950922,0.0201029603389804,-0.0104650769205829,-0.1868777839286192,1616,1624,1592,1625,2024,2024-02-26 10:05:00,2024-02-26 13:45:00,2024-02-26 14:25:00,34,0.0015794669736584,0.0053383989158308,0.1139129100579171,0.7647058823529411,-0.2897068502551361,1.491575793729134,0.5714285714285714,0.0,0.0181670676950922,0.2968112006363542,2116,2129,2100,2130,2024,2024-03-11 13:55:00,2024-03-12 09:55:00,2024-03-12 11:00:00,31,0.001569491125001,0.0158034758364138,0.3007906939865364,0.5806451612903226,-0.2366682388037314,1.6338025760034225,0.21875,0.0,0.0201029603389804,0.2505162964982944
2024,half_height_width,1779,9402,651,0.7272727272727273,0.2,10,9,0.0096262575522958,0.008860144536956,9.75898937649708e-05,-0.0376603248906205,1786,1789,1781,1790,2024,2024-03-01 09:50:00,2024-03-01 10:25:00,2024-03-01 10:40:00,10,0.002969766483647,0.0024526818360198,0.1111138221104835,0.7,-0.0829784449827409,1.6377938468653983,0.7272727272727273,0.0,0.0096262575522958,0.2676093088905433,9409,9411,9404,9412,2024,2024-10-28 14:35:00,2024-10-29 09:40:00,2024-10-29 09:50:00,9,0.0023185963650254,0.0023550919422548,0.148774147001104,0.7777777777777778,-0.8032816122742671,1.92261907006421,0.2,0.1086907264484434,0.008860144536956,0.302449033965566
2024,half_height_width,1789,10916,651,0.5,0.2307692307692307,13,12,0.0115340962088419,0.0104505740920988,0.0056772001530398,0.2561822563074454,1793,1802,1791,1803,2024,2024-03-01 10:40:00,2024-03-01 11:00:00,2024-03-01 13:15:00,13,0.0029357049073285,0.0043792653170703,0.1991437041740593,0.3076923076923077,0.2801885379318283,1.3039437403977951,0.5,0.0,0.0115340962088419,-0.4537335534090012,10917,10928,10918,10929,2024,2024-12-11 11:15:00,2024-12-11 11:20:00,2024-12-11 13:45:00,12,0.0020515516527167,-0.0012979348359695,-0.0570385521333861,0.0833333333333333,0.694911550573447,1.5047820413918105,0.2307692307692307,0.1503777018842381,0.0104505740920988,-0.6184919080646261
2024,half_height_width,1802,11365,651,0.6111111111111112,0.2631578947368421,17,18,0.0157901263786577,0.0166486625789712,-0.0188258296843437,-0.7596492460107857,1817,1819,1804,1820,2024,2024-03-01 13:15:00,2024-03-01 14:30:00,2024-03-01 14:40:00,17,0.0026220200218114,-0.0072648931454172,-0.3232734617913173,0.8823529411764706,-0.0658616920625297,1.7880258982860473,0.6111111111111112,0.0,0.0157901263786577,0.7615917231188593,11380,11383,11367,11384,2024,2024-12-24 14:10:00,2024-12-25 09:55:00,2024-12-25 10:10:00,18,0.0023268299165311,0.0115609365389264,0.4363757842194683,0.8333333333333334,-0.4881751929309078,2.249991285151479,0.2631578947368421,0.0955831531052072,0.0166486625789712,0.6926101784607762
2024,half_height_width,1907,2024,651,0.5,0.2,9,9,0.0075314009809117,0.0091520011236241,0.0020156438888278,0.1360104227505409,1908,1916,1909,1917,2024,2024-03-05 14:00:00,2024-03-05 14:05:00,2024-03-05 14:45:00,9,0.0021953974671709,0.0057848970032674,0.4281727101562111,0.1111111111111111,-0.2391617955523877,1.4646707845937166,0.5,0.0,0.0075314009809117,-0.7957344863281683,2026,2033,2026,2034,2024,2024-03-08 10:15:00,2024-03-08 10:25:00,2024-03-08 11:00:00,9,0.0017837073765888,0.0037692531144395,0.2921622874056702,0.2222222222222222,0.5287601884134772,1.5565347456136378,0.2,0.0,0.0091520011236241,-0.5684304966837135
2024,half_height_width,1966,2591,651,0.5,0.1290322580645161,27,30,0.0250746665963763,0.0211767029583507,0.0012572103800921,0.0399112407803245,1969,1993,1968,1994,2024,2024-03-06 14:55:00,2024-03-07 09:40:00,2024-03-07 13:10:00,27,0.0020564272465287,0.0032184187455674,0.0775015971013684,0.1111111111111111,0.0561493722148823,1.5030556872594674,0.5,0.0268294439774553,0.0250746665963763,-0.7278523137793135,2593,2621,2593,2622,2024,2024-03-25 15:00:00,2024-03-26 09:40:00,2024-03-26 13:30:00,30,0.0019014295386616,0.0019612083654752,0.0375903563210439,0.0666666666666666,0.4265195171067745,1.729087389685234,0.1290322580645161,0.3196259393874381,0.0211767029583507,-0.6245519662577731
2024,half_height_width,2220,4894,651,0.7692307692307693,0.2,25,24,0.0178476433955863,0.0200284708864231,0.0148189598306036,0.3863439923486024,2227,2245,2222,2246,2024,2024-03-14 10:35:00,2024-03-14 11:10:00,2024-03-14 14:10:00,25,0.0018022616038995,0.0093646619190496,0.2694014164479946,0.28,0.1158153952805981,1.8205087516169784,0.7692307692307693,0.0,0.0178476433955863,-0.5932532814163228,4899,4918,4896,4919,2024,2024-06-06 14:55:00,2024-06-07 09:50:00,2024-06-07 11:25:00,24,0.0020398783677905,-0.0054542979115539,-0.1169425759006077,0.2083333333333333,0.9551901201815466,1.7436566557743152,0.2,0.055610654258532,0.0200284708864231,-0.6036087878294722
2024,half_height_width,2322,4255,651,0.5454545454545454,0.25,10,11,0.0043904651237296,0.0047033275659371,0.0069740751270322,0.8022984435579305,2329,2332,2324,2333,2024,2024-03-18 11:05:00,2024-03-18 13:10:00,2024-03-18 13:25:00,10,0.0017052533683009,0.0016729252611849,0.2039010387573687,0.7,-0.050172429307437,1.2973061764157987,0.5454545454545454,0.0,0.0043904651237296,0.433872489660677,4262,4266,4257,4267,2024,2024-05-20 13:40:00,2024-05-20 14:15:00,2024-05-20 14:35:00,11,0.0014460396358536,-0.0053011498658472,-0.5983974048005617,0.6363636363636364,0.0382150163286714,1.7006996235343312,0.25,0.0541866504346884,0.0047033275659371,0.4723060883169094
2024,half_height_width,2375,3454,651,0.5416666666666666,0.1904761904761904,23,20,0.0103805466229971,0.0106215579433577,-0.0060590656570624,-0.2497735972840018,2379,2398,2377,2399,2024,2024-03-19 11:30:00,2024-03-19 13:20:00,2024-03-19 14:55:00,23,0.0013918122578465,0.0015953977027913,0.0548158190166498,0.1739130434782608,0.6686587659443375,1.6884635187479398,0.5416666666666666,0.0228670984954339,0.0103805466229971,-0.5991243539435648,3456,3474,3456,3475,2024,2024-04-22 14:55:00,2024-04-23 09:35:00,2024-04-23 11:05:00,20,0.0013441254434092,0.0076544633598538,0.3045894163006516,0.1,1.0375215573697203,1.63399667378487,0.1904761904761904,0.3836309128504663,0.0106215579433577,-0.7257897002156075
2024,half_height_width,2562,2715,651,0.5,0.1666666666666666,5,5,0.0018610505214287,0.0021216921614106,0.0011820910290379,0.1927075285964815,2564,2567,2564,2568,2024,2024-03-25 11:05:00,2024-03-25 11:15:00,2024-03-25 11:30:00,5,0.0022022773066256,-0.0002768584138597,-0.0754034158457992,0.4,-0.354571757274934,1.7656518226187734,0.5,0.0,0.0018610505214287,-0.1284825497261091,2717,2720,2717,2721,2024,2024-03-28 13:20:00,2024-03-28 13:30:00,2024-03-28 13:45:00,5,0.0017465476743685,-0.0014589494428976,-0.2681109444422808,0.4,1.2153126091104418,1.3257141242994,0.1666666666666666,0.329315669026477,0.0021216921614106,-0.0122762459068697
2024,half_height_width,2567,3925,651,0.64,0.25,24,23,0.0184935779144748,0.0181935030239932,0.0125480385618506,0.4186859851287203,2568,2591,2569,2592,2024,2024-03-25 11:30:00,2024-03-25 13:05:00,2024-03-25 15:00:00,24,0.0021256535695651,0.0137099177665166,0.4592415671201874,0.0416666666666666,-0.006717570180436,1.423783271806575,0.64,0.0037541199980341,0.0184935779144748,-0.8823875229609156,3931,3948,3927,3949,2024,2024-05-09 14:10:00,2024-05-09 14:40:00,2024-05-10 10:35:00,23,0.0016425100904528,0.0011618792046659,0.040555581991467,0.2608695652173913,0.5766584948158898,2.1930588191012217,0.25,0.1430130888561827,0.0181935030239932,-0.8460273291852225
2024,half_height_width,2621,445,651,0.5,0.12,25,24,0.0164424241929879,0.0134135347891852,0.0047205222885623,0.1244656000452076,2629,2646,2623,2647,2024,2024-03-26 13:30:00,2024-03-26 14:10:00,2024-03-27 10:05:00,25,0.0021685373003703,0.0038833308930269,0.0921965245305992,0.32,0.0980413924875595,1.5206921556203308,0.5,0.0159152961598732,0.0164424241929879,-0.564768167509915,448,469,447,470,2024,2024-01-15 10:40:00,2024-01-15 10:55:00,2024-01-15 14:10:00,24,0.0018764349516828,-0.0008371913955354,-0.0322690755146084,0.125,1.858630416250536,1.77317408942974,0.12,0.1406001325901423,0.0134135347891852,-0.5332787018414693
2024,half_height_width,2840,5243,651,0.5833333333333334,0.25,11,11,0.0036766896682607,0.0035342087826295,0.0015264190164824,0.2222142051606953,2849,2851,2842,2852,2024,2024-04-02 10:15:00,2024-04-02 11:00:00,2024-04-02 11:10:00,11,0.0012001654868255,-0.0038213489856728,-0.4214084213153704,0.8181818181818182,-0.5744290580452395,1.259798018196207,0.5833333333333334,0.0,0.0036766896682607,0.3961994401086317,5250,5254,5245,5255,2024,2024-06-19 10:30:00,2024-06-19 11:05:00,2024-06-19 11:25:00,11,0.0011310201508553,-0.0053477680021552,-0.6436226264760657,0.6363636363636364,-0.3789379137275721,1.3787073093387288,0.25,0.0,0.0035342087826295,0.2833776305512742
2024,half_height_width,2851,11069,651,0.4666666666666667,0.25,14,15,0.0072872134336838,0.0078618288198581,-0.0036397878461439,-0.2446451391413877,2855,2865,2853,2866,2024,2024-04-02 11:10:00,2024-04-02 11:30:00,2024-04-02 13:50:00,14,0.0012397979424787,0.0004970093198404,0.0329360421397971,0.2857142857142857,0.5517426573531414,1.530203864267314,0.4666666666666667,0.0007916611341112,0.0072872134336838,-0.4251327402141232,11074,11084,11071,11085,2024,2024-12-16 13:30:00,2024-12-16 13:55:00,2024-12-16 14:45:00,15,0.0015827027476456,0.0041367971659844,0.2775811812811848,0.3333333333333333,0.1517280072946398,1.6901300059117106,0.25,0.0,0.0078618288198581,-0.5733216228716271
2024,half_height_width,2941,10984,651,0.5365853658536586,0.2162162162162162,40,36,0.0174911191307689,0.018077140842502,0.007460089351776,0.243161673314073,2943,2981,2943,2982,2024,2024-04-08 10:40:00,2024-04-08 10:50:00,2024-04-09 10:00:00,40,0.0013900644382095,0.0141564114216119,0.4048825406376818,0.05,0.1526160443642582,1.6165186178003847,0.5365853658536586,0.0519623305301492,0.0174911191307689,-0.8055215787027873,10988,11020,10986,11021,2024,2024-12-12 14:25:00,2024-12-12 14:45:00,2024-12-13 13:25:00,36,0.0015148933635566,0.0066963220698359,0.1617208673236088,0.1111111111111111,1.7606642172433484,1.901987673707524,0.2162162162162162,0.4510069148198429,0.018077140842502,-0.8624769471677032
2024,half_height_width,3261,10213,651,0.6857142857142857,0.064516129032258,34,30,0.0212551438322332,0.0233519191656617,-0.0013565132394701,-0.0225820065606351,3282,3295,3263,3296,2024,2024-04-16 14:50:00,2024-04-17 11:05:00,2024-04-17 13:40:00,34,0.0020845891666078,0.0002111727230188,0.0050627744832848,0.6176470588235294,0.1703291609646368,2.801276468106052,0.6857142857142857,0.0143299572558423,0.0212551438322332,0.5700164407214278,10238,10243,10215,10244,2024,2024-11-20 14:10:00,2024-11-21 10:45:00,2024-11-21 11:10:00,30,0.0024856850640876,0.0015676859624889,0.0276447810439199,0.8333333333333334,-0.8327609671003806,1.6582783438980142,0.064516129032258,0.1508821138544706,0.0233519191656617,0.5729218440915764
2024,half_height_width,3295,6446,651,0.4736842105263157,0.25,18,19,0.0115056955411505,0.010292735798659,0.0032234895431931,0.0703490222601917,3309,3313,3297,3314,2024,2024-04-17 13:40:00,2024-04-17 14:50:00,2024-04-18 09:40:00,18,0.0018684804251026,-0.0076604666512217,-0.3178649640786015,0.7777777777777778,-0.5127215349428684,4.072919650149654,0.4736842105263157,0.0004242911153262,0.0115056955411505,-0.1041447649130476,6451,6465,6448,6466,2024,2024-07-24 10:45:00,2024-07-24 11:10:00,2024-07-24 13:50:00,19,0.0019234429065148,-0.0108839561944148,-0.3882139863387933,0.2631578947368421,0.3460424647307399,1.8421804493864835,0.25,0.002923212661528,0.010292735798659,-0.2252120658654276
2024,half_height_width,3313,1930,651,0.6666666666666666,0.2,20,19,0.0191605370723371,0.0198379429542328,-0.0021973128701769,-0.0566384699362855,3327,3333,3315,3334,2024,2024-04-18 09:40:00,2024-04-18 10:50:00,2024-04-18 11:20:00,20,0.0020029988380079,-0.0010966298734833,-0.0279113817903651,0.7,-0.0922832140907001,1.368196264277243,0.6666666666666666,0.0,0.0191605370723371,0.5977089243141848,1946,1949,1932,1950,2024,2024-03-06 10:25:00,2024-03-06 13:15:00,2024-03-06 13:30:00,19,0.0026302301699953,0.0011006829966936,0.0287270881459203,0.8421052631578947,-0.7394293409528295,1.4735955469291988,0.2,0.0390546545966947,0.0198379429542328,0.683487502250742
2024,half_height_width,3395,6815,651,0.5333333333333333,0.2,14,14,0.0168175187504262,0.018714125952937,0.0284704830153524,0.9000929455900786,3400,3409,3397,3410,2024,2024-04-19 14:00:00,2024-04-19 14:25:00,2024-04-22 09:40:00,14,0.0018014389033246,0.0124796727022124,0.4578403523461512,0.3571428571428571,-0.4221305376767005,3.507366109867702,0.5333333333333333,0.0204771625641122,0.0168175187504262,-0.7222369134597506,6817,6829,6817,6830,2024,2024-08-02 15:00:00,2024-08-05 09:40:00,2024-08-05 10:40:00,14,0.0020073156688606,-0.0159908103131399,-0.4422525932439273,0.1428571428571428,0.2145032077648728,1.8758000287233616,0.2,0.5282721022685225,0.018714125952937,-0.7332802664126431
2024,half_height_width,3776,6019,651,0.5294117647058824,0.2142857142857142,16,13,0.0050327362103246,0.004355967013871,-0.0008447366992842,-0.1625956198982273,3784,3792,3778,3793,2024,2024-05-06 13:45:00,2024-05-06 14:25:00,2024-05-07 09:35:00,16,0.0027162782542778,-0.0079632243373522,-0.640041525244625,0.5,0.1015667881325483,1.5548101762976017,0.5294117647058824,0.0165034625200552,0.0050327362103246,0.276589886417065,6026,6032,6021,6033,2024,2024-07-11 11:10:00,2024-07-11 13:15:00,2024-07-11 13:45:00,13,0.0022156627094396,-0.007118487638068,-0.4774459053463977,0.5384615384615384,-0.1366359432547979,1.382427659989237,0.2142857142857142,0.0,0.004355967013871,0.2696595648619592
2024,half_height_width,3816,7164,651,0.5,0.2352941176470588,17,16,0.0038040384210846,0.0039437709823761,0.0014845098821143,0.2697930080184889,3826,3833,3818,3834,2024,2024-05-07 13:05:00,2024-05-07 13:55:00,2024-05-07 14:30:00,17,0.0011989786110651,-0.003792538034248,-0.3319923364280226,0.5882352941176471,-0.143423173149634,1.5964471858364686,0.5,0.0,0.0038040384210846,-0.1059821739518672,7169,7180,7166,7181,2024,2024-08-14 10:35:00,2024-08-14 11:00:00,2024-08-14 13:25:00,16,0.0012666200110602,-0.0052770479163624,-0.6017853444465115,0.3125,0.7971706314264718,1.7312338582597264,0.2352941176470588,0.0111262197185468,0.0039437709823761,0.0216210459348231
2024,half_height_width,3958,4617,651,0.5,0.1666666666666666,17,17,0.005346420861775,0.0056626819780003,-0.0068911126160312,-0.5891661006026564,3965,3975,3960,3976,2024,2024-05-10 11:25:00,2024-05-10 13:30:00,2024-05-10 14:20:00,17,0.001413685721756,-0.0067562108243311,-0.5836342158580292,0.4117647058823529,0.1692014514453932,1.5571521092530394,0.5,0.0462335667852283,0.005346420861775,0.2955471701157224,4630,4634,4619,4635,2024,2024-05-30 10:20:00,2024-05-30 11:25:00,2024-05-30 13:15:00,17,0.00153488326592,0.0001349017917,0.0055318847446271,0.7647058823529411,-1.084939287924049,1.4255420329777866,0.1666666666666666,0.324615441606338,0.0056626819780003,0.0714746371990996
2024,half_height_width,3975,5092,651,0.5,0.2,11,9,0.0061436495558622,0.0054804837374442,0.0023144259982812,0.0737995495108664,3979,3986,3977,3987,2024,2024-05-10 14:20:00,2024-05-10 14:40:00,2024-05-13 09:45:00,11,0.0013682478003464,0.0049580499648667,0.2536898039716161,0.3636363636363636,-0.3905158386762519,3.053875690210137,0.5,0.0554649534474017,0.0061436495558622,-0.7429357423499111,5095,5101,5094,5102,2024,2024-06-14 09:55:00,2024-06-14 10:10:00,2024-06-14 10:40:00,9,0.0019046777266862,0.0026436239665854,0.1798902544607496,0.3333333333333333,2.14143279576398,1.2873435288463164,0.2,0.427218992658386,0.0054804837374442,-0.4944674392198657
2024,half_height_width,3986,2332,651,0.65,0.25,19,23,0.0073611942899312,0.0073655756877375,-0.0048129368018761,-0.204188496273159,3996,4005,3988,4006,2024,2024-05-13 09:45:00,2024-05-13 10:35:00,2024-05-13 11:20:00,19,0.0013889847374352,-0.005531185665458,-0.2407194939977395,0.5263157894736842,0.0580785128276455,1.689392597436304,0.65,0.0164180646861555,0.0073611942899312,0.0231473800146893,2349,2355,2334,2356,2024,2024-03-18 13:25:00,2024-03-18 14:50:00,2024-03-19 09:50:00,23,0.0015514123406779,-0.0007182488635819,-0.0365309977245805,0.7391304347826086,-0.8666195712872367,2.2070704611628686,0.25,0.0295610374749126,0.0073655756877375,0.2581305740161008
2024,half_height_width,4065,5200,651,0.6111111111111112,0.25,17,19,0.0093964226125766,0.0087930644971416,0.0033506465643771,0.1681221552887224,4068,4082,4067,4083,2024,2024-05-14 13:50:00,2024-05-14 14:05:00,2024-05-15 09:45:00,17,0.0014791533794607,0.0068605472527982,0.3915294524921253,0.1764705882352941,-0.1705170880200498,2.7245406762119613,0.6111111111111112,0.0140387951160693,0.0093964226125766,-0.7470315895592202,5205,5219,5202,5220,2024,2024-06-18 10:55:00,2024-06-18 11:20:00,2024-06-18 14:00:00,19,0.0013483033444439,0.0035099006884211,0.2234072972034029,0.2631578947368421,0.7052069128183713,1.5119678209487204,0.25,0.0020911151082669,0.0087930644971416,-0.7455793257193707
2024,half_height_width,4140,81,651,0.6216216216216216,0.238095238095238,36,41,0.0144187332526897,0.0149324288160954,0.0066057059953707,0.2020543008458614,4151,4176,4142,4177,2024,2024-05-16 10:35:00,2024-05-16 11:30:00,2024-05-17 09:35:00,36,0.0012051900655156,0.0085096125474307,0.2654574078566589,0.3055555555555556,0.1806844667186966,1.9374318789146017,0.6216216216216216,0.0,0.0144187332526897,-0.5606271401928246,90,122,83,123,2024,2024-01-03 13:50:00,2024-01-03 14:35:00,2024-01-04 13:15:00,41,0.0008843936805296,0.00190390655206,0.0634031070107975,0.2195121951219512,0.7855987889714708,1.483291357454152,0.238095238095238,0.0701680525114052,0.0149324288160954,-0.6265490613025423
2024,half_height_width,4403,4754,651,0.5,0.2222222222222222,9,8,0.0037691699959383,0.003189327140463,-0.0053739229808185,-0.5597182012729122,4408,4412,4405,4413,2024,2024-05-23 14:00:00,2024-05-23 14:25:00,2024-05-23 14:45:00,9,0.0013358631303613,-0.0057882666919646,-0.6108688566021293,0.5555555555555556,-0.1809437438015661,1.4540484616764864,0.5,0.0222028685944843,0.0037691699959383,-0.0286137644223315,4757,4762,4756,4763,2024,2024-06-04 09:45:00,2024-06-04 10:00:00,2024-06-04 10:25:00,8,0.00144647199581,-0.000414343711146,-0.0511506553292171,0.375,0.5602779860497364,1.4880516120825868,0.2222222222222222,0.0212380266173073,0.003189327140463,-0.0293309499179062
2024,half_height_width,4580,7554,651,0.631578947368421,0.2352941176470588,18,16,0.0088821765010393,0.0078227256812084,0.0070344934440991,0.4871680660312724,4583,4598,4582,4599,2024,2024-05-29 11:15:00,2024-05-29 11:30:00,2024-05-29 14:15:00,18,0.0013148025097644,0.0028308319425966,0.2024497586186803,0.1666666666666666,0.2734307237236283,1.553852998573959,0.631578947368421,0.0,0.0088821765010393,-0.6289082299572056,7558,7570,7556,7571,2024,2024-08-26 11:05:00,2024-08-26 11:25:00,2024-08-26 13:55:00,16,0.0017646926142419,-0.0042036615015025,-0.2847183074125921,0.25,0.7547544113060298,2.071665645780417,0.2352941176470588,0.0243754386508497,0.0078227256812084,-0.508468217267665
2024,half_height_width,4634,4082,651,0.4736842105263157,0.2,18,19,0.0055702954734337,0.0058090573157123,-0.0045906828224128,-0.2368628870335216,4642,4652,4636,4653,2024,2024-05-30 13:15:00,2024-05-30 13:55:00,2024-05-30 14:45:00,18,0.0016755297124105,-0.0102662665104189,-0.549225600902373,0.4444444444444444,0.1435119259571021,1.4035906923683898,0.4736842105263157,0.0068433117050558,0.0055702954734337,-0.0024215290766656,4087,4101,4084,4102,2024,2024-05-15 09:45:00,2024-05-15 10:10:00,2024-05-15 11:20:00,19,0.001396535948648,-0.0056755836880061,-0.3123627138688514,0.2631578947368421,0.7106967422447974,1.5554332792394088,0.2,0.0085003436825798,0.0058090573157123,0.0934276348642728
2024,half_height_width,4700,5282,651,0.5,0.2352941176470588,19,16,0.0172964279883922,0.0182990977107504,-0.0044670651654487,-0.1532505994290616,4713,4719,4702,4720,2024,2024-05-31 14:45:00,2024-06-03 10:20:00,2024-06-03 10:50:00,19,0.0014705079784106,0.0078409450488767,0.2394637846079351,0.6842105263157895,0.0241752834186703,1.5878507527547965,0.5,0.0352601004297943,0.0172964279883922,0.6464132582772792,5295,5298,5284,5299,2024,2024-06-20 09:45:00,2024-06-20 10:50:00,2024-06-20 11:05:00,16,0.0016693998891853,0.0123080102143255,0.3927143840369968,0.8125,-1.64011871380265,1.3347584444698204,0.2352941176470588,0.0905206298956057,0.0182990977107504,0.6834409854516865
2024,half_height_width,4832,7450,651,0.5,0.1176470588235294,13,16,0.0058976110082884,0.0062917506905426,-0.0001192577999635,0.1066902692126411,4836,4845,4834,4846,2024,2024-06-05 13:45:00,2024-06-05 14:05:00,2024-06-05 14:50:00,13,0.0012695483407817,0.0027476373682301,0.2799359151808793,0.3076923076923077,0.2164080026193567,1.36964002710512,0.5,0.0,0.0058976110082884,-0.4703974953803636,7453,7466,7452,7467,2024,2024-08-22 10:25:00,2024-08-22 10:40:00,2024-08-22 13:15:00,16,0.0014048076977876,0.0028668951681937,0.1732456459682381,0.1875,0.5579545099495022,1.993687687477023,0.1176470588235294,0.0257003187366446,0.0062917506905426,-0.4973222379805909
2024,half_height_width,4845,4025,651,0.5,0.2,13,14,0.0119052975260514,0.0112921625672814,0.0052556029869881,0.3795935616171564,4849,4858,4847,4859,2024,2024-06-05 14:50:00,2024-06-06 09:40:00,2024-06-06 10:25:00,13,0.0015956281170634,-0.0076197742613453,-0.2702996664067689,0.3076923076923077,0.1977990507065423,1.8603416235772143,0.5,0.0024559324155537,0.0119052975260514,-0.3748613616264827,4032,4039,4027,4040,2024,2024-05-13 14:30:00,2024-05-14 09:35:00,2024-05-14 10:10:00,14,0.0014037829350306,-0.0128753772483334,-0.6498932280239254,0.5,-0.2718299598225288,2.212710233689918,0.2,0.0,0.0112921625672814,-0.2478650278356594
2024,half_height_width,4927,2419,651,0.5,0.1666666666666666,13,11,0.0089172219084252,0.0089434448986702,-0.0020613962305358,-0.2521485074211403,4938,4940,4929,4941,2024,2024-06-07 13:40:00,2024-06-07 14:35:00,2024-06-07 14:45:00,13,0.0020765179745913,-0.0075476624247741,-0.5563004632570449,0.8461538461538461,0.1822962142422014,1.6387049199730632,0.5,0.1020785667841815,0.0089172219084252,0.7261602519210498,2427,2430,2421,2431,2024,2024-03-20 11:10:00,2024-03-20 13:20:00,2024-03-20 13:35:00,11,0.0015827808541023,-0.0054862661942382,-0.3041519558359045,0.7272727272727273,-1.334225458647002,1.216912161939221,0.1666666666666666,0.0724243392276786,0.0089434448986702,0.5859127871190419
2024,half_height_width,4940,7271,651,0.5833333333333334,0.1818181818181818,11,10,0.0038840781525379,0.0045061078641719,0.0014781874894842,0.0973932500704037,4949,4951,4942,4952,2024,2024-06-07 14:45:00,2024-06-11 10:00:00,2024-06-11 10:10:00,11,0.001716435674781,0.0011520504381335,0.0669122950259337,0.8181818181818182,-0.3948479387913134,1.3055554931268134,0.5833333333333334,0.0,0.0038840781525379,0.2826235978102676,7274,7281,7273,7282,2024,2024-08-16 11:30:00,2024-08-16 13:15:00,2024-08-16 13:50:00,10,0.0018130679508455,-0.0003261370513507,-0.03048095504447,0.3,2.239668721281641,1.824049414396332,0.1818181818181818,0.2882572239768533,0.0045061078641719,0.0346144348263639
2024,half_height_width,5137,6708,651,0.6,0.1176470588235294,19,16,0.0090744123267869,0.0093067714995429,-0.0057219314435372,-0.2841100511098795,5152,5156,5139,5157,2024,2024-06-17 09:40:00,2024-06-17 10:55:00,2024-06-17 11:15:00,19,0.0015357707278324,-0.0041163940195109,-0.2090962926960472,0.7894736842105263,-0.0018461076321675,1.80185983266589,0.6,0.1779789985434261,0.0090744123267869,0.2598196538935317,6720,6724,6710,6725,2024,2024-07-31 14:05:00,2024-08-01 09:35:00,2024-08-01 09:55:00,16,0.0019838487839073,0.0016055374240262,0.0750137584138322,0.75,-1.0262005381653625,2.18898205715153,0.1176470588235294,0.0516127518025079,0.0093067714995429,0.1464302913300127
2024,half_height_width,5156,8427,651,0.5909090909090909,0.1666666666666666,21,17,0.0049226401824284,0.0043117554198808,0.0036529925206164,0.2615102334796161,5164,5177,5158,5178,2024,2024-06-17 11:15:00,2024-06-17 13:25:00,2024-06-17 14:30:00,21,0.0013680104598752,0.004056788205489,0.2942144158980524,0.3809523809523809,0.2339413360936567,1.3924852974713124,0.5909090909090909,0.0,0.0049226401824284,0.072551559686509,8432,8444,8429,8445,2024,2024-09-23 13:20:00,2024-09-23 13:45:00,2024-09-23 14:45:00,17,0.0016739939747788,0.0004037956848726,0.0327041824184362,0.2941176470588235,0.5610030248558171,1.495543908806778,0.1666666666666666,0.0289378239044977,0.0043117554198808,-0.0936572240157535
2024,half_height_width,5219,3792,651,0.48,0.2,24,24,0.0114242930102257,0.01256138820683,-0.0103177642536982,-0.4037875989330168,5231,5243,5221,5244,2024,2024-06-18 14:00:00,2024-06-18 15:00:00,2024-06-19 10:30:00,24,0.001350536185645,-0.0033589732207305,-0.1340811468129133,0.5,-0.2030612121819278,2.1951570169411307,0.48,0.0,0.0114242930102257,-0.6524588047829849,3795,3816,3794,3817,2024,2024-05-07 09:35:00,2024-05-07 09:50:00,2024-05-07 13:05:00,24,0.0012151225345066,0.0069587910329677,0.2697064521201034,0.125,0.8275357751216403,1.6645939619123054,0.2,0.1300738897237425,0.01256138820683,-0.7541249290877086
2024,half_height_width,5337,11220,651,0.5454545454545454,0.2,10,9,0.0044518567361473,0.0049077385175522,0.0003326536018386,0.0433268616080263,5342,5347,5339,5348,2024,2024-06-21 10:20:00,2024-06-21 10:45:00,2024-06-21 11:10:00,10,0.002479623186843,0.0011080777322129,0.1116221263546966,0.5,0.1144321716469657,1.2858735037370648,0.5454545454545454,0.0,0.0044518567361473,0.260908126551935,11224,11229,11222,11230,2024,2024-12-19 14:05:00,2024-12-19 14:25:00,2024-12-19 14:50:00,9,0.0027099897295439,0.0007754241303743,0.0682952647466703,0.4444444444444444,-0.0718225900022934,1.3957870921202988,0.2,0.0850279032136935,0.0049077385175522,0.108762208760625
2024,half_height_width,5366,5869,651,0.46875,0.1290322580645161,31,30,0.0159176350434737,0.0128082480650562,0.0036637756803657,-0.0596347426762577,5378,5397,5368,5398,2024,2024-06-21 14:15:00,2024-06-24 09:45:00,2024-06-24 11:20:00,31,0.0016415302303172,0.0121127259282966,0.2684321743597555,0.3870967741935484,0.1963454781991715,1.7050704484571688,0.46875,0.0,0.0159176350434737,-0.551511162501545,5873,5899,5871,5900,2024,2024-07-08 10:40:00,2024-07-08 11:00:00,2024-07-08 14:40:00,30,0.0016068969199876,0.0084489502479309,0.3280669170360132,0.1333333333333333,0.6772688168027429,1.571145840641298,0.1290322580645161,0.0896772098459873,0.0128082480650562,-0.6495305097564096
2024,half_height_width,5445,10343,651,0.5,0.1333333333333333,17,14,0.0148523078854072,0.0157782151120997,-0.008271693626791,-0.3104223324126474,5452,5462,5447,5463,2024,2024-06-25 11:20:00,2024-06-25 13:25:00,2024-06-25 14:15:00,17,0.0020119202728317,-0.0040632039987157,-0.1591828253943145,0.4117647058823529,0.1138666608871836,1.5504991237058858,0.5,0.0,0.0148523078854072,-0.465398724449043,10345,10357,10345,10358,2024,2024-11-25 11:30:00,2024-11-25 13:10:00,2024-11-25 14:10:00,14,0.0025432432860343,0.0042084896280753,0.1512395070183328,0.1428571428571428,0.8061591668716636,1.6946552062013618,0.1333333333333333,0.1926824897790667,0.0157782151120997,-0.2739844762202894
2024,half_height_width,5549,5542,651,0.7777777777777778,0.125,8,7,0.0049232671043766,0.0044527388294417,0.0007025940980678,0.1441154438911059,5551,5557,5551,5558,2024,2024-06-27 13:30:00,2024-06-27 13:40:00,2024-06-27 14:10:00,8,0.0021609133846281,0.0026252965044128,0.3621085175326695,0.25,0.1886017447102452,1.3538680447149098,0.7777777777777778,0.0,0.0049232671043766,-0.5161955152877619,5543,5549,5544,5550,2024,2024-06-27 11:25:00,2024-06-27 11:30:00,2024-06-27 13:30:00,7,0.0022424248008005,0.001922702406345,0.2179930736415636,0.1428571428571428,0.8142025062362777,1.5976638073033576,0.125,0.0090181376784663,0.0044527388294417,-0.4349221103124832
2024,half_height_width,5633,8383,651,0.5384615384615384,0.1875,38,31,0.01922700525171,0.0173227941333964,0.0104877208707424,0.1693710608060072,5653,5671,5635,5672,2024,2024-07-01 11:00:00,2024-07-01 14:10:00,2024-07-02 10:10:00,38,0.0020148585345228,0.0176231633273687,0.3107804714099577,0.5263157894736842,-0.0295076448846757,1.925699874790596,0.5384615384615384,0.0156150250589985,0.01922700525171,0.3066358611228896,8403,8414,8385,8415,2024,2024-09-20 13:40:00,2024-09-23 09:50:00,2024-09-23 10:45:00,31,0.0013913046324832,0.0071354424566262,0.1414094106039504,0.6451612903225806,-0.1878432501768601,1.6283177729672165,0.1875,0.0163272017771431,0.0173227941333964,0.2060447535521026
2024,half_height_width,5692,2922,651,0.6086956521739131,0.2,22,19,0.0115018706818545,0.012974101491566,-0.0006102683159391,0.0397551172631584,5697,5714,5694,5715,2024,2024-07-02 13:25:00,2024-07-02 13:50:00,2024-07-03 09:45:00,22,0.0015567267686878,0.0094575548030626,0.4108735792229138,0.2272727272727272,-0.0099290340195449,1.8233961410769408,0.6086956521739131,0.0283087154965075,0.0115018706818545,-0.8333139467464177,2923,2941,2924,2942,2024,2024-04-03 14:35:00,2024-04-03 14:40:00,2024-04-08 10:40:00,19,0.0016982491718535,0.0100678231190017,0.3711184619597553,0.0526315789473684,-0.0646476427131346,2.066646448647752,0.2,0.6454791418856795,0.012974101491566,-0.7811282047423725
2024,half_height_width,5948,7598,651,0.52,0.125,24,23,0.0099165079779721,0.0086871490431299,0.0140827748099581,0.5417281781564627,5966,5972,5950,5973,2024,2024-07-09 14:45:00,2024-07-10 10:45:00,2024-07-10 11:15:00,24,0.0023085914961104,0.0021987873547058,0.0652462114152868,0.75,-0.3317347174197658,1.973922242578738,0.52,0.0089227168342932,0.0099165079779721,0.2472732252286202,7607,7621,7600,7622,2024,2024-08-27 10:45:00,2024-08-27 11:30:00,2024-08-27 14:10:00,23,0.0017818295185112,-0.0118839874552522,-0.4764819667411758,0.391304347826087,0.3200161104403856,2.4073488931834994,0.125,0.0013363550280384,0.0086871490431299,0.061579475778349
2024,half_height_width,5979,7498,651,0.5555555555555556,0.25,8,7,0.0046137481268706,0.0054045827410718,0.0008514699454392,0.2759891562085271,5980,5987,5981,5988,2024,2024-07-10 13:20:00,2024-07-10 13:25:00,2024-07-10 14:00:00,8,0.001615627274315,0.0034764530188738,0.607428072107255,0.125,0.1737971579030583,1.3459868739654803,0.5555555555555556,0.0331044504917467,0.0046137481268706,-0.7443415954788066,7499,7505,7500,7506,2024,2024-08-23 10:25:00,2024-08-23 10:30:00,2024-08-23 11:00:00,7,0.0013013736916787,0.0026249830734345,0.3314389158987279,0.1428571428571428,1.205962963588321,1.5438210769645282,0.25,0.0112908032135189,0.0054045827410718,-0.4965883433659537
2024,half_height_width,5987,11062,651,0.625,0.25,7,7,0.0024923798219624,0.0030612843409336,0.0004855215097094,0.0624558168176082,5990,5994,5989,5995,2024,2024-07-10 14:00:00,2024-07-10 14:15:00,2024-07-10 14:35:00,7,0.001503409347417,-0.0006624430294613,-0.1363863507434954,0.4285714285714285,0.2869461075809901,1.5054859716346307,0.625,0.0,0.0024923798219624,0.1809756260469676,11065,11069,11064,11070,2024,2024-12-16 11:25:00,2024-12-16 13:10:00,2024-12-16 13:30:00,7,0.0018742167527935,-0.0011479645391707,-0.1988421675611037,0.4285714285714285,0.4688327187127695,1.4981797898363274,0.25,0.0,0.0030612843409336,0.3147113191278974
2024,half_height_width,6032,5472,651,0.55,0.2105263157894736,19,18,0.0101553537477609,0.011321770104467,-0.0093433904447021,-0.4533514356397703,6043,6051,6034,6052,2024,2024-07-11 13:45:00,2024-07-11 14:40:00,2024-07-12 09:50:00,19,0.0022466638279654,-0.0058580434889666,-0.3122991503830695,0.5789473684210527,-0.3590594074207942,3.182917012656513,0.55,0.0454351832312114,0.0101553537477609,-0.4372140203503145,5476,5490,5474,5491,2024,2024-06-26 09:35:00,2024-06-26 09:55:00,2024-06-26 11:05:00,18,0.0018638454565133,0.0034853469557355,0.1410522852567007,0.2222222222222222,0.4407758968177869,1.7489951837838416,0.2105263157894736,0.0,0.011321770104467,-0.404071991378636
2024,half_height_width,6106,3717,651,0.5,0.25,17,19,0.0065976392856308,0.0076877927399285,-0.000592606189869,-0.0268452950999781,6118,6123,6108,6124,2024,2024-07-15 10:25:00,2024-07-15 11:25:00,2024-07-15 13:20:00,17,0.0014449350289482,-0.0036962979921281,-0.2141633584502481,0.7058823529411765,0.1666036779874763,1.711982570599688,0.5,0.00049312773193,0.0065976392856308,0.6977299308560739,3730,3736,3719,3737,2024,2024-04-30 11:20:00,2024-04-30 13:55:00,2024-04-30 14:25:00,19,0.0012606485701383,-0.0031036918022591,-0.18731806335027,0.6842105263157895,-0.5158136884880675,1.4732436050810915,0.25,0.0064765562012449,0.0076877927399285,0.5965260639967845
2024,half_height_width,6220,2486,651,0.4666666666666667,0.2424242424242424,29,32,0.0205820986937537,0.0200047852464821,0.0028268107375198,0.0435551847749783,6225,6249,6222,6250,2024,2024-07-17 13:25:00,2024-07-17 13:50:00,2024-07-18 10:20:00,29,0.0014860342762627,0.0155047770471631,0.3462979940696096,0.1724137931034483,0.2952810819407546,2.718973041489254,0.4666666666666667,0.0393908711743452,0.0205820986937537,-0.8999259991092989,2488,2518,2488,2519,2024,2024-03-21 14:15:00,2024-03-21 14:25:00,2024-03-22 11:25:00,32,0.0016524941426957,0.0126779663096432,0.3027428092946312,0.0625,0.830286959324939,1.489942878730956,0.2424242424242424,0.157267715465728,0.0200047852464821,-0.9117295396286882
2024,half_height_width,6273,10519,651,0.5,0.1666666666666666,5,5,0.0046485791393964,0.0050872572451607,-0.0028043658074575,-0.3381812104394789,6276,6278,6275,6279,2024,2024-07-18 13:50:00,2024-07-18 14:05:00,2024-07-18 14:15:00,5,0.0024713455458942,-0.0007763499685091,-0.0880198723412842,0.6,-0.271853079891813,1.0974916717816563,0.5,0.0,0.0046485791393964,-0.1230576955377375,10520,10524,10521,10525,2024,2024-11-29 10:10:00,2024-11-29 10:15:00,2024-11-29 10:35:00,5,0.0021046954316301,0.0020280158389483,0.2501613380981947,0.2,0.7931284160246905,1.5139921228301745,0.1666666666666666,0.0,0.0050872572451607,-0.3705931807373672
2024,half_height_width,6284,6153,651,0.4848484848484848,0.1428571428571428,32,27,0.020804730514957,0.0227395690241412,0.0067904024269024,0.0384732218521038,6310,6316,6286,6317,2024,2024-07-18 14:45:00,2024-07-19 11:25:00,2024-07-19 13:25:00,32,0.0019586257322219,0.0157874242159838,0.2565624736282566,0.8125,-0.4435223506855628,1.4717257977575344,0.4848484848484848,0.0158011366091601,0.020804730514957,0.7279024771160937,6178,6180,6155,6181,2024,2024-07-16 10:20:00,2024-07-16 13:55:00,2024-07-16 14:05:00,27,0.0014777945956226,0.0089970217890813,0.2180892517761527,0.925925925925926,-0.4387074317906907,1.4120537162481157,0.1428571428571428,0.2328305898012434,0.0227395690241412,0.8344466259909906
2024,half_height_width,6553,7256,651,0.5333333333333333,0.25,14,15,0.0061209066388547,0.0064332544272227,-0.0026982654998258,-0.2880705792310842,6557,6567,6555,6568,2024,2024-07-26 13:10:00,2024-07-26 13:30:00,2024-07-26 14:20:00,14,0.001649950298643,-0.0047067620994905,-0.4301374870437035,0.2857142857142857,0.3981697602777324,1.6246637748820514,0.5333333333333333,0.0023891695355837,0.0061209066388547,-0.509855739924535,7259,7271,7258,7272,2024,2024-08-16 10:15:00,2024-08-16 10:30:00,2024-08-16 11:30:00,15,0.0017606842261235,-0.0020084965996647,-0.1420669078126192,0.2,1.5664872854866685,1.4854811577311553,0.25,0.1569821038685794,0.0064332544272227,-0.4622136056283694
2024,half_height_width,6787,8008,651,0.5769230769230769,0.16,25,24,0.0131328949544968,0.0161949926067803,-0.0031520757197194,0.0622274314480053,6789,6812,6789,6813,2024,2024-08-02 11:10:00,2024-08-02 11:20:00,2024-08-02 14:45:00,25,0.0012595553317919,0.0113588420401209,0.4695973977444617,0.08,0.3509320777447304,1.7981453621968588,0.5769230769230769,0.0226179980867848,0.0131328949544968,-0.864927199749475,8009,8032,8010,8033,2024,2024-09-06 14:25:00,2024-09-06 14:30:00,2024-09-09 10:55:00,24,0.0010319571124942,0.0145109177598403,0.4073699662964564,0.0416666666666666,0.5180591006598435,1.586306211626043,0.16,0.0,0.0161949926067803,-0.8922674002754202
2024,half_height_width,6935,5576,651,0.5454545454545454,0.2222222222222222,32,35,0.016685671540519,0.0156655339646949,-0.0027619842281162,-0.1078766526467424,6942,6967,6937,6968,2024,2024-08-07 11:30:00,2024-08-07 13:35:00,2024-08-08 10:10:00,32,0.0018118545118952,0.011659455341345,0.3108864260715676,0.21875,0.1697609694178956,2.9076225840475765,0.5454545454545454,0.0745877189124446,0.016685671540519,-0.8509390978106438,5579,5611,5578,5612,2024,2024-06-28 10:15:00,2024-06-28 10:30:00,2024-06-28 14:40:00,35,0.0017511159751363,0.0144214395694613,0.41876307871831,0.0857142857142857,0.4207689407097368,1.5936594063802878,0.2222222222222222,0.0391799793844614,0.0156655339646949,-0.8044398763583925
2024,half_height_width,7020,2646,651,0.4666666666666667,0.0666666666666666,14,14,0.0074171891664471,0.0090656767613612,0.0001036383948536,0.0808600614403539,7024,7034,7022,7035,2024,2024-08-09 10:35:00,2024-08-09 10:55:00,2024-08-09 13:15:00,14,0.0019585000178113,0.0031433933625182,0.1990092056123405,0.2857142857142857,0.0339956789722471,1.2697572043914125,0.4666666666666667,0.0589122250269546,0.0074171891664471,-0.4086006658206919,2648,2660,2648,2661,2024,2024-03-27 10:05:00,2024-03-27 10:15:00,2024-03-27 11:15:00,14,0.0021230944151692,0.0030397549676646,0.1181491441719866,0.1428571428571428,1.3645354060775998,1.899287449204428,0.0666666666666666,0.1321104727964302,0.0090656767613612,-0.3165420632348035
2024,half_height_width,7034,4101,651,0.48,0.2592592592592592,24,26,0.0091426943850763,0.0094023348404732,0.0041086192154461,0.2071699975398698,7039,7058,7036,7059,2024,2024-08-09 13:15:00,2024-08-09 13:40:00,2024-08-12 09:45:00,24,0.0018997006508621,0.006984564659572,0.3201775466409624,0.2083333333333333,-0.1244484043589225,1.3822469845089689,0.48,0.0,0.0091426943850763,-0.7732480064802467,4103,4127,4103,4128,2024,2024-05-15 11:20:00,2024-05-15 11:30:00,2024-05-15 15:00:00,26,0.0013768585882662,0.0028759454441259,0.1130075491010925,0.0769230769230769,-0.3139253810509515,1.5770271434778296,0.2592592592592592,0.006604141530486,0.0094023348404732,-0.8734017771493802
2024,half_height_width,7328,2732,651,0.7083333333333334,0.1785714285714285,23,27,0.0117531928702989,0.0135333270815118,-0.0016116092418285,0.2449480047304399,7332,7351,7330,7352,2024,2024-08-19 13:45:00,2024-08-19 14:05:00,2024-08-20 10:10:00,23,0.0014983133905617,0.0089004852353293,0.4864872767598799,0.1739130434782608,-0.2359633603478973,1.820093075310658,0.7083333333333334,0.0088870935324268,0.0117531928702989,-0.7584797075001566,2734,2759,2734,2760,2024,2024-03-28 14:45:00,2024-03-28 14:55:00,2024-03-29 11:30:00,27,0.0019473137866016,0.0105120944771579,0.2415392720294399,0.074074074074074,1.8842087328418649,1.7662747558925969,0.1785714285714285,0.5056718363582909,0.0135333270815118,-0.8061165725727755
2024,half_height_width,7627,9619,651,0.5,0.2142857142857142,11,13,0.0093555234786979,0.0104835463870918,0.002863587676115,0.1472089026507822,7630,7638,7629,7639,2024,2024-08-27 14:40:00,2024-08-27 14:55:00,2024-08-28 10:05:00,11,0.0017052378950521,0.0035530091794469,0.1891591802725185,0.2727272727272727,0.3604962961335481,1.3689632272537922,0.5,0.0158497778367784,0.0093555234786979,-0.7274781196237915,9621,9632,9621,9633,2024,2024-11-04 11:10:00,2024-11-04 11:20:00,2024-11-04 13:45:00,13,0.0020513630908053,0.0006894215033319,0.0419502776217363,0.1538461538461538,1.3003395435038132,1.8120965291768192,0.2142857142857142,0.1232540190333353,0.0104835463870918,-0.7336883399335214
2024,half_height_width,7719,5821,651,0.5714285714285714,0.1666666666666666,6,5,0.0024244573379821,0.0024652650974354,0.000389678693806,0.1334144117819743,7721,7725,7721,7726,2024,2024-08-29 14:20:00,2024-08-29 14:30:00,2024-08-29 14:50:00,6,0.0018705013737878,0.0013231404459021,0.3721857411021128,0.3333333333333333,0.0303417693570233,1.620117943596611,0.5714285714285714,0.0,0.0024244573379821,-0.5215146224867964,5822,5826,5823,5827,2024,2024-07-05 10:40:00,2024-07-05 10:45:00,2024-07-05 11:05:00,5,0.0015222770825367,0.000933461752096,0.2387713293201384,0.2,0.8790189294161825,1.3537847306493611,0.1666666666666666,0.5577276363262786,0.0024652650974354,-0.3195101690769128
2024,half_height_width,7725,1637,651,0.5,0.1851851851851851,27,26,0.0290321879482764,0.0326883772231063,-0.0139473723487378,-0.2535197651278555,7748,7752,7727,7753,2024,2024-08-29 14:50:00,2024-08-30 11:15:00,2024-08-30 13:05:00,27,0.0018841856327417,0.0082769212512313,0.1766559601061328,0.8518518518518519,0.0690434836876447,1.8662334347689755,0.5,0.0564630640171856,0.0290321879482764,0.8177081905989252,1660,1663,1639,1664,2024,2024-02-27 10:00:00,2024-02-27 13:25:00,2024-02-27 13:40:00,26,0.0017979836911195,0.0222242935999691,0.4301757252339883,0.8846153846153846,-0.2745449869562761,1.4068457596913508,0.1851851851851851,0.4235282473146287,0.0326883772231063,0.8307009019193221
2024,half_height_width,7788,8340,651,0.7142857142857143,0.2333333333333333,34,29,0.0159721817810902,0.0130549553350318,0.0057961191685097,0.3026993038201839,7789,7822,7790,7823,2024,2024-09-02 10:35:00,2024-09-02 10:40:00,2024-09-02 14:55:00,34,0.001533346508234,0.0145203590236591,0.5594021316211665,0.0294117647058823,-0.08465724631477,1.4369385913129835,0.7142857142857143,0.0,0.0159721817810902,-0.8961153827683052,8346,8369,8342,8370,2024,2024-09-19 14:05:00,2024-09-19 14:35:00,2024-09-20 11:00:00,29,0.0022020327261867,0.0087242398551494,0.2567028278009826,0.2068965517241379,0.9098281924166066,1.5699570072270792,0.2333333333333333,0.1580219939954491,0.0130549553350318,-0.6801508318582159
2024,half_height_width,7862,1362,651,0.6666666666666666,0.2,11,9,0.0108339229529379,0.0090763749908671,-0.0008890811190607,-0.1122960776909711,7866,7873,7864,7874,2024,2024-09-03 14:15:00,2024-09-03 14:35:00,2024-09-04 09:40:00,11,0.0020004341454659,0.0034347177824193,0.1573919855029077,0.3636363636363636,-0.2412625865739713,3.172366262617894,0.6666666666666666,0.1315773070714658,0.0108339229529379,-0.3239078710613697,1364,1371,1364,1372,2024,2024-02-19 11:05:00,2024-02-19 11:15:00,2024-02-19 13:20:00,9,0.0025932387218482,0.0043237989014801,0.2696880631938788,0.2222222222222222,0.4354403701248283,1.5548167153431165,0.2,0.0,0.0090763749908671,-0.4382515356577478
2024,half_height_width,8206,5810,651,0.6,0.1666666666666666,9,11,0.0069700420062845,0.0066431875092867,-0.0062464114713857,-0.338361956780005,8210,8215,8208,8216,2024,2024-09-12 14:55:00,2024-09-13 09:45:00,2024-09-13 10:10:00,9,0.0015204927665376,-0.0051099318129809,-0.2719149570607685,0.4444444444444444,0.0487830234965993,1.7718508670000463,0.6,0.052997223241048,0.0069700420062845,-0.0871225047155062,5811,5821,5812,5822,2024,2024-07-05 09:45:00,2024-07-05 09:50:00,2024-07-05 10:40:00,11,0.0014627715093712,0.0011364796584048,0.0664469997192364,0.0909090909090909,0.9952339920756438,1.3544797992602895,0.1666666666666666,0.3071707416177525,0.0066431875092867,-0.208367509462816
2024,half_height_width,8486,9316,651,0.5,0.2432432432432432,43,36,0.0328745858009114,0.0353529686672713,0.0106377411765914,0.1220963284967227,8505,8529,8488,8530,2024,2024-09-24 14:15:00,2024-09-25 10:20:00,2024-09-25 13:50:00,43,0.0032169775858502,0.0269808452966532,0.3021465877925998,0.4418604651162791,0.2689820828819657,2.237672301767726,0.5,0.0,0.0328745858009114,0.2552627639802998,9337,9352,9318,9353,2024,2024-10-25 09:55:00,2024-10-25 13:10:00,2024-10-25 14:25:00,36,0.0025323137777942,0.0163431041200618,0.1800502592958771,0.5833333333333334,-0.305694971584845,1.80041536109724,0.2432432432432432,0.0,0.0353529686672713,0.3677397690759204
2024,half_height_width,8546,7923,651,0.6875,0.1176470588235294,15,16,0.0097782689459737,0.0111100763096105,-0.0165599655284111,-0.6404819601153946,8552,8561,8548,8562,2024,2024-09-26 09:45:00,2024-09-26 10:15:00,2024-09-26 11:00:00,15,0.0020376205633275,-0.0120672049510587,-0.4350699691044782,0.4,0.1414154884202909,1.2471233109755615,0.6875,0.0,0.0097782689459737,0.3170088542807004,7932,7939,7925,7940,2024,2024-09-05 09:50:00,2024-09-05 10:35:00,2024-09-05 11:10:00,16,0.0015968638592969,0.0044927605773523,0.2054119910109163,0.5625,-0.1560423160696805,2.3268747925483173,0.1176470588235294,0.0,0.0111100763096105,0.3470026909451818
2024,half_height_width,9459,8251,651,0.5769230769230769,0.0967741935483871,25,30,0.0250006529725155,0.0200765370295199,0.0040393722766241,0.0347682922872766,9460,9484,9461,9485,2024,2024-10-30 09:50:00,2024-10-30 09:55:00,2024-10-30 13:25:00,25,0.0022532537811926,0.0184031923454213,0.4050820045338874,0.04,-0.2882302305731544,1.611392601844453,0.5769230769230769,0.0168701071545848,0.0250006529725155,-0.7577442177743896,8255,8281,8253,8282,2024,2024-09-13 14:40:00,2024-09-13 15:00:00,2024-09-18 13:10:00,30,0.0017339397832738,0.0143638200687971,0.3703137122466108,0.1333333333333333,0.9928888991822304,2.3245121960526256,0.0967741935483871,0.1389588218861517,0.0200765370295199,-0.719387289683946
2024,half_height_width,9561,8324,651,0.5,0.1111111111111111,9,8,0.0054083872711245,0.0051275491742819,0.0007208266394889,0.0596791898481095,9566,9570,9563,9571,2024,2024-11-01 10:20:00,2024-11-01 10:45:00,2024-11-01 11:05:00,9,0.0036085533037116,0.0014570004097385,0.1254010025247487,0.5555555555555556,-0.0205283374022539,1.5657162716134545,0.5,0.0,0.0054083872711245,-0.2093448477771224,8328,8332,8326,8333,2024,2024-09-19 11:15:00,2024-09-19 13:05:00,2024-09-19 13:25:00,8,0.0025918693784053,0.0007361737702496,0.0657218126766392,0.5,-0.6960968694919758,2.0277761726343493,0.1111111111111111,0.0399418953231211,0.0051275491742819,-0.1136613624067499
2024,half_height_width,9598,6538,651,0.6,0.25,14,15,0.0149972183324482,0.0169444760277208,-0.0035858294486233,-0.1088740972233755,9610,9612,9600,9613,2024,2024-11-01 14:55:00,2024-11-04 10:25:00,2024-11-04 10:35:00,14,0.0023969535830758,-0.0059353912924727,-0.2051611459632093,0.8571428571428571,-0.264953927726712,1.395491858705214,0.6,0.031565537984646,0.0149972183324482,0.5554471384701658,6549,6553,6540,6554,2024,2024-07-26 10:25:00,2024-07-26 11:20:00,2024-07-26 13:10:00,15,0.0019616312511447,-0.0023495618438493,-0.0962870487398338,0.7333333333333333,-0.6872065470096304,1.3314480008099636,0.25,0.02211600741187,0.0169444760277208,0.6330411424897888
2024,half_height_width,9725,1916,651,0.5882352941176471,0.1333333333333333,16,14,0.023367856115211,0.0191557648305673,-0.0183963250885438,-0.4177657425515566,9730,9741,9727,9742,2024,2024-11-06 13:30:00,2024-11-06 13:55:00,2024-11-06 14:50:00,16,0.003622818092938,-0.0148525083043392,-0.3361152121118081,0.3125,0.0349050896740714,1.5667455056027395,0.5882352941176471,0.0249728519672146,0.023367856115211,-0.3661682199349637,1918,1930,1918,1931,2024,2024-03-05 14:45:00,2024-03-05 14:55:00,2024-03-06 10:25:00,14,0.0025711673590194,0.0035438167842045,0.0816505304397484,0.1428571428571428,1.1234343852171575,1.590969193073248,0.1333333333333333,0.1850077828061345,0.0191557648305673,-0.5457277194649055
2024,half_height_width,9936,9889,651,0.4666666666666667,0.2142857142857142,14,13,0.0152922482530204,0.0149821825524556,-0.0120741653655463,-0.3107107554028909,9942,9950,9938,9951,2024,2024-11-13 09:35:00,2024-11-13 10:05:00,2024-11-13 10:45:00,14,0.003098511646932,-0.0019149482215906,-0.0478240588172564,0.4285714285714285,0.1629405824205596,1.4685149424599324,0.4666666666666667,0.0968430573604218,0.0152922482530204,-0.0663490416016623,9893,9902,9891,9903,2024,2024-11-12 09:40:00,2024-11-12 10:00:00,2024-11-12 10:45:00,13,0.0036946346476306,0.0101592171439557,0.2628866965856344,0.3076923076923077,0.4314264319348197,1.5784678285894282,0.2142857142857142,0.0,0.0149821825524556,-0.0482886958788394
2024,half_height_width,10385,635,651,0.6666666666666666,0.25,17,15,0.0086922960408681,0.0078590482835885,0.0139091060821674,0.6004332706774068,10390,10402,10387,10403,2024,2024-11-26 11:00:00,2024-11-26 11:25:00,2024-11-26 13:55:00,17,0.0024723659863606,0.0030282255643627,0.1373819253702242,0.2941176470588235,0.164556369568265,1.525192377392259,0.6666666666666666,0.0218830935480007,0.0086922960408681,-0.3483950015086944,641,650,637,651,2024,2024-01-19 10:30:00,2024-01-19 11:00:00,2024-01-19 13:15:00,15,0.0027256090690199,-0.0108808805178047,-0.4630513453071825,0.4,0.2861558831219952,1.5511948387591683,0.25,0.0218725205160646,0.0078590482835885,-0.2931726475263158
2024,half_height_width,10402,10809,651,0.6111111111111112,0.2272727272727272,17,21,0.0160423080476395,0.0150260553947267,-0.0070141581662469,-0.2183351948215407,10406,10419,10404,10420,2024,2024-11-26 13:55:00,2024-11-26 14:15:00,2024-11-27 09:50:00,17,0.002113941311833,0.0040985622744006,0.1484606370198705,0.2352941176470588,0.1622335655163534,1.9157540258693024,0.6111111111111112,0.0,0.0160423080476395,-0.7304060972140112,10811,10830,10811,10831,2024,2024-12-09 10:20:00,2024-12-09 10:30:00,2024-12-09 13:35:00,21,0.0017474689101181,0.0111127204406476,0.3667958318414112,0.0952380952380952,0.4992712419177236,1.926112433074348,0.2272727272727272,0.2870278275667486,0.0150260553947267,-0.7562702486976277
2024,half_height_width,10587,1397,651,0.5625,0.2,15,14,0.0077090287144523,0.0069547690251043,-0.00765598832327,-0.3618318475063006,10594,10602,10589,10603,2024,2024-12-02 13:20:00,2024-12-02 13:55:00,2024-12-02 14:35:00,15,0.0026128450603889,-0.0068029961350719,-0.3291451260361143,0.4666666666666667,0.0012363596601184,1.746765140356911,0.5625,0.0,0.0077090287144523,0.002567402823614,1400,1411,1399,1412,2024,2024-02-20 10:00:00,2024-02-20 10:15:00,2024-02-20 11:10:00,14,0.0029195033997411,0.000852992188198,0.0326867214701863,0.2142857142857142,0.9135629178061032,1.5008820409310524,0.2,0.1041085833882107,0.0069547690251043,-0.1551887851655998
2024,half_height_width,10627,10609,651,0.6923076923076923,0.1666666666666666,12,11,0.0117148142126124,0.0127260410851848,0.0092209572714948,0.485591267695216,10630,10639,10629,10640,2024,2024-12-03 11:10:00,2024-12-03 11:25:00,2024-12-03 13:40:00,12,0.0019957413467194,0.0051936154058492,0.2912714138566043,0.25,0.0464013807885221,1.7231837185690912,0.6923076923076923,0.0,0.0117148142126124,-0.7839718319715524,10610,10620,10611,10621,2024,2024-12-03 09:40:00,2024-12-03 09:45:00,2024-12-03 10:35:00,11,0.0022082768133889,-0.0040273418656455,-0.1943198538386117,0.0909090909090909,2.4907137746907893,1.4683650543803988,0.1666666666666666,0.4118428228012564,0.0127260410851848,-0.7032407195646639
2024,half_height_width,10672,9570,651,0.4666666666666667,0.2413793103448276,29,28,0.0222194944876417,0.0214720564287933,-0.0043917242896421,-0.0823815021727998,10677,10701,10674,10702,2024,2024-12-04 10:55:00,2024-12-04 11:20:00,2024-12-04 14:50:00,29,0.0030270082733392,-0.0070624341165855,-0.1347529664302023,0.1724137931034483,0.1679378729058208,1.5439545079529609,0.4666666666666667,0.0009146271485386,0.0222194944876417,-0.4748306496730726,9574,9598,9572,9599,2024,2024-11-01 11:05:00,2024-11-01 11:25:00,2024-11-01 14:55:00,28,0.0035456982936888,-0.0026707098269433,-0.0523714642574024,0.1428571428571428,0.1366086233827588,1.70954229379875,0.2413793103448276,0.0,0.0214720564287933,-0.6151783263552179
2024,half_height_width,11521,8150,651,0.6153846153846154,0.2142857142857142,25,27,0.0148316312898515,0.0128606107872943,-0.0052056732265847,-0.13193587264509,11531,11546,11523,11547,2024,2024-12-30 09:40:00,2024-12-30 10:30:00,2024-12-30 13:15:00,25,0.0020891002817119,-0.0032919334957956,-0.0753325075082861,0.4,0.2978557883042563,2.078155121059661,0.6153846153846154,0.004780946987232,0.0148316312898515,0.1812825812420178,8162,8177,8152,8178,2024,2024-09-11 14:15:00,2024-09-12 09:45:00,2024-09-12 11:00:00,27,0.0016477517521553,0.001913739730789,0.0566033651368039,0.4444444444444444,0.3540649592087119,3.2012231933109883,0.2142857142857142,0.0143027369349434,0.0128606107872943,-0.0586861552719843
2024,half_height_width,11546,2470,651,0.625,0.25,7,7,0.0047099545426112,0.0056010779796009,-0.001835593456382,-0.3832263374853091,11550,11553,11548,11554,2024,2024-12-30 13:15:00,2024-12-30 13:35:00,2024-12-30 13:50:00,7,0.0022394618915713,-0.0074153537519177,-0.9642638683501232,0.5714285714285714,-0.1327206118112753,1.641837573723078,0.625,0.0003890102764335,0.0047099545426112,0.5172547255059994,2475,2477,2472,2478,2024,2024-03-21 11:25:00,2024-03-21 13:20:00,2024-03-21 13:30:00,7,0.0022875956233249,-0.0055797602955357,-0.5810375308648142,0.7142857142857143,0.5222900857954769,2.248199826684056,0.25,0.0668756294223053,0.0056010779796009,0.3847687657542339
2025,peak_fraction,250,7306,678,0.7272727272727273,0.25,11,12,0.0068864528909271,0.0063389121860826,0.006306078984212,0.3295479679172242,258,261,252,262,2025,2025-01-09 10:25:00,2025-01-09 11:05:00,2025-01-09 11:20:00,11,0.0026415882153459,-0.0054847565489879,-0.3484480605803825,0.7272727272727273,0.0716634505290577,1.3445253323702069,0.3333333333333333,0.0,0.0068864528909271,0.5023622927154823,7309,7318,7308,7319,2025,2025-08-19 10:25:00,2025-08-19 10:40:00,2025-08-19 11:25:00,12,0.0021015064220598,-0.0117908355332,-0.6779960284976068,0.25,1.4852205349644374,1.360116429689435,0.3076923076923077,0.0719005957271973,0.0063389121860826,0.350861696233812
2025,peak_fraction,2175,10561,678,0.8571428571428571,0.25,7,8,0.0057968501276661,0.0047437628268598,0.0022654937676214,0.22659864948215,2181,2182,2177,2183,2025,2025-03-14 10:50:00,2025-03-14 11:20:00,2025-03-14 11:25:00,7,0.0020605340971726,0.0014984740571016,0.1424568459268453,0.8571428571428571,-0.6100355882025728,1.9505948052119448,0.5,0.0,0.0057968501276661,0.2569225145496657,10563,10569,10563,10570,2025,2025-12-01 09:40:00,2025-12-01 09:50:00,2025-12-01 10:20:00,8,0.0024047603898877,-0.0007670197105198,-0.0841418035553048,0.25,0.4156635955027732,1.91928133666599,0.5555555555555556,0.0,0.0047437628268598,0.0944519399968671
2025,peak_fraction,3277,2276,678,0.8333333333333334,0.1428571428571428,6,7,0.003226078115551,0.0031135271166444,-0.001932233440474,-0.3150937658063774,3282,3283,3279,3284,2025,2025-04-17 10:40:00,2025-04-17 11:05:00,2025-04-17 11:10:00,6,0.0019028413752815,-0.0010796911169488,-0.2017240389755149,0.8333333333333334,-1.0538416834166,2.675854594570356,0.2857142857142857,0.0,0.003226078115551,-0.3833599900402277,2277,2283,2278,2284,2025,2025-03-18 11:15:00,2025-03-18 11:20:00,2025-03-18 13:20:00,7,0.0018136237957707,0.0008525423235251,0.1133697268308624,0.1428571428571428,0.8168912480382184,1.176712610425937,0.25,0.0332670625559965,0.0031135271166444,-0.2561789211214271
2025,peak_fraction,8050,9571,678,0.7142857142857143,0.125,7,8,0.0065984586190186,0.005588898489008,0.0013433111200921,0.0871678535215388,8055,8057,8052,8058,2025,2025-09-09 13:55:00,2025-09-09 14:20:00,2025-09-09 14:30:00,7,0.003352996811737,0.0024747515783987,0.1632530153500607,0.7142857142857143,0.6432620520872755,1.3611406013717762,0.25,0.3140134156018099,0.0065984586190186,-0.3617061563013862,9572,9579,9573,9580,2025,2025-10-31 11:10:00,2025-10-31 11:15:00,2025-10-31 13:20:00,8,0.0037854009326929,0.0011314404583066,0.0760851618285218,0.125,1.1108051663636849,1.45704809688028,0.3333333333333333,0.0118921677506408,0.005588898489008,-0.1282922207743689
2025,peak_fraction,9508,7537,678,0.9,0.2727272727272727,10,11,0.013741391421691,0.0135770022954622,-0.0155973029160643,-0.4127617028897956,9517,9518,9510,9519,2025,2025-10-30 09:55:00,2025-10-30 10:40:00,2025-10-30 10:45:00,10,0.0030483708323636,-0.0195044057808733,-0.5539290616465349,0.9,-0.1134818321082747,1.5432307869009911,0.1818181818181818,0.0,0.013741391421691,0.5299950459131086,7540,7548,7539,7549,2025,2025-08-26 09:40:00,2025-08-26 09:55:00,2025-08-26 10:35:00,11,0.0043644977414485,-0.0039071028648089,-0.1411673587567392,0.2727272727272727,0.3899128933851649,1.6890834985814815,0.5,0.0101683268021879,0.0135770022954622,0.2971340336470904
2025,peak_fraction,9959,9567,678,0.75,0.25,4,4,0.0046914596977227,0.0046410952704141,-0.0001684265279168,-0.059333467423028,9962,9963,9961,9964,2025,2025-11-12 11:30:00,2025-11-12 13:15:00,2025-11-12 13:20:00,4,0.0026173109241721,0.0011511404525892,0.1332130714415259,0.75,-0.3016749791611856,1.7890408350118407,0.4,0.0,0.0046914596977227,-0.2391161545186431,9568,9571,9569,9572,2025,2025-10-31 10:50:00,2025-10-31 10:55:00,2025-10-31 11:10:00,4,0.0037689732469013,0.001319566980506,0.1925465388645539,0.25,0.1004167271441429,1.176881510843921,0.2,0.0,0.0046410952704141,-0.3963254981936656
2025,peak_fraction,10734,10670,678,0.75,0.25,4,4,0.0021150231326192,0.0020924091254359,0.0002883843686123,0.0623148447537851,10737,10738,10736,10739,2025,2025-12-04 13:35:00,2025-12-04 13:50:00,2025-12-04 13:55:00,4,0.0021828877802077,0.0002579176953423,0.0554106795247752,0.75,0.3563657241455149,1.36959162044718,0.4,0.1245363345967216,0.0021150231326192,-0.0681463104169136,10671,10674,10672,10675,2025,2025-12-03 10:45:00,2025-12-03 10:50:00,2025-12-03 11:05:00,4,0.001471300012889,-3.046667327007927e-05,-0.0069041652290099,0.25,0.5388983588913464,1.3038666736691171,0.4,0.0,0.0020924091254359,-0.0727978687547626
2025,time_mass_skew,64,10883,678,0.3743853302599585,-0.5904967319050457,22,20,0.0189590574916627,0.020439761560909,0.0192028091630843,0.5303061248373693,68,86,66,87,2025,2025-01-03 10:55:00,2025-01-03 11:15:00,2025-01-03 14:15:00,22,0.0025673684681567,0.0075417126661328,0.2474153262578037,0.1818181818181818,0.3743853302599585,1.3102356277664096,0.2608695652173913,0.0004381507869487,0.0189590574916627,-0.7978791525515937,10891,10903,10885,10904,2025,2025-12-09 14:00:00,2025-12-09 14:40:00,2025-12-10 10:10:00,20,0.0020962224048447,-0.0116610964969514,-0.2828907985795654,0.4,-0.5904967319050457,3.0411231962767764,0.3333333333333333,0.1597794985709386,0.020439761560909,-0.6657312524969476
2025,time_mass_skew,652,11496,678,0.4366630829264454,-0.3369848996613039,5,6,0.003029542905268,0.0033534247851445,0.0002176494829933,0.0224163323912559,655,657,654,658,2025,2025-01-21 13:25:00,2025-01-21 13:40:00,2025-01-21 13:50:00,5,0.0018809736149291,-0.0014491787955002,-0.3215092709766501,0.6,0.4366630829264454,1.4204538149163357,0.1666666666666666,0.0,0.003029542905268,0.4851241146120857,11501,11502,11498,11503,2025,2025-12-26 13:05:00,2025-12-26 13:30:00,2025-12-26 13:35:00,6,0.0016664823962975,-0.0016668282784935,-0.343925603367906,0.8333333333333334,-0.3369848996613039,1.0288834185880835,0.4285714285714285,0.0,0.0033534247851445,0.5436532536997319
2025,time_mass_skew,742,9201,678,2.0272160321323733,-0.3313646016848096,17,18,0.0168736256297119,0.0159374198822064,0.0120249419079615,0.3433660424639276,744,759,744,760,2025,2025-01-23 11:25:00,2025-01-23 13:05:00,2025-01-23 14:20:00,17,0.0023288183098074,-0.0007711399426495,-0.0269522441129372,0.1176470588235294,2.0272160321323733,1.2220428604033216,0.1666666666666666,0.0708427703298533,0.0168736256297119,-0.6410679907172473,9209,9219,9203,9220,2025,2025-10-21 13:50:00,2025-10-21 14:30:00,2025-10-22 09:50:00,18,0.0023128512543639,-0.012796081850611,-0.3703182865768649,0.4444444444444444,-0.3313646016848096,2.382339396222705,0.5263157894736842,0.0031967820929602,0.0159374198822064,-0.719811270427104
2025,time_mass_skew,759,3177,678,0.3509293390281356,-0.3538541863465209,7,6,0.0032313875066058,0.002929694477789,0.0005174215700616,0.0919080744498722,762,766,761,767,2025,2025-01-23 14:20:00,2025-01-23 14:35:00,2025-01-23 14:55:00,7,0.0023210793059168,0.0002171092429866,0.0352294966942705,0.4285714285714285,0.3509293390281356,1.2795329555288126,0.375,0.0,0.0032313875066058,-0.0703932187949675,3181,3183,3179,3184,2025,2025-04-15 10:20:00,2025-04-15 10:40:00,2025-04-15 10:50:00,6,0.001781011027422,-0.0003003123270749,-0.0566785777556016,0.6666666666666666,-0.3538541863465209,1.3176155525660196,0.5714285714285714,0.0,0.002929694477789,0.1742721599039288
2025,time_mass_skew,807,5601,678,0.3580432600316717,-0.3676814712400934,19,18,0.011533629684143,0.0092552026660257,0.0043531119935418,0.2612000504561549,812,826,809,827,2025,2025-01-24 14:20:00,2025-01-24 14:45:00,2025-01-27 10:25:00,19,0.0016268114989952,0.0008806494160966,0.0333560689184608,0.2631578947368421,0.3580432600316717,2.002750163984764,0.45,0.009927311570276,0.011533629684143,-0.7194119287966404,5611,5619,5603,5620,2025,2025-06-30 13:50:00,2025-06-30 14:40:00,2025-07-01 09:50:00,18,0.0015992361721387,-0.0034724625774451,-0.2278439815376941,0.5555555555555556,-0.3676814712400934,2.845457896038904,0.4736842105263157,0.0049275784006665,0.0092552026660257,-0.6270160272783237
2025,time_mass_skew,1122,10840,678,0.7029894353966958,-0.285261007995588,8,8,0.0085928487421673,0.0082620580635817,-0.0055127702758592,-0.3461972195263219,1123,1130,1124,1131,2025,2025-02-12 11:05:00,2025-02-12 11:10:00,2025-02-12 13:15:00,8,0.0023606912584891,0.0017608527192238,0.1182862811744122,0.125,0.7029894353966958,1.319129555017441,0.5555555555555556,0.0,0.0085928487421673,-0.6080457830391469,10842,10848,10842,10849,2025,2025-12-08 14:25:00,2025-12-08 14:35:00,2025-12-09 09:35:00,8,0.001910081086636,0.007273622995083,0.4644835007007341,0.25,-0.285261007995588,3.243911387733597,0.5555555555555556,0.0,0.0082620580635817,-0.8398738579631139
2025,time_mass_skew,1572,10744,678,0.7646475097731142,-0.5434480096315174,13,11,0.0144685492733147,0.0151960132987021,0.0204053535570112,0.7619721982740376,1574,1585,1574,1586,2025,2025-02-25 14:05:00,2025-02-25 14:15:00,2025-02-26 09:40:00,13,0.0029889384784203,0.0086483984222978,0.2199402144327679,0.1538461538461538,0.7646475097731142,1.444052301329564,0.4285714285714285,0.0065095135325935,0.0144685492733147,-0.6008602653501898,10749,10755,10746,10756,2025,2025-12-04 14:25:00,2025-12-04 14:50:00,2025-12-05 09:50:00,11,0.0021735693949015,-0.0117569551347133,-0.5420319838412697,0.4545454545454545,-0.5434480096315174,2.278652058370318,0.25,0.0716126529186328,0.0151960132987021,-0.4836837729517723
2025,time_mass_skew,1942,6942,678,0.4236257294489962,-0.4501441868377581,21,22,0.0147459071520872,0.0182051749140867,-0.0154140567292319,-0.5659771380571238,1947,1963,1944,1964,2025,2025-03-07 11:25:00,2025-03-07 13:20:00,2025-03-07 14:40:00,21,0.0018311047530659,0.0007549658816077,0.0246344998809624,0.238095238095238,0.4236257294489962,1.36821661634654,0.4090909090909091,0.0303819196275544,0.0147459071520872,-0.7995876764993263,6943,6964,6944,6965,2025,2025-08-07 13:35:00,2025-08-07 13:40:00,2025-08-08 09:55:00,22,0.0013203678703627,0.0161690226108396,0.5906116379380862,0.0454545454545454,-0.4501441868377581,3.870735654478355,0.5217391304347826,0.0637233502265951,0.0182051749140867,-0.880824503845007
2025,time_mass_skew,1963,664,678,0.5810894881037805,-0.3049219835788636,15,14,0.0110392028329444,0.0111354234406295,-0.0036952799858928,-0.2037487131796941,1967,1978,1965,1979,2025,2025-03-07 14:40:00,2025-03-07 15:00:00,2025-03-10 10:25:00,15,0.0016588357463078,-0.0061507043926762,-0.2971469728889562,0.2666666666666666,0.5810894881037805,1.561305050603668,0.3125,0.1146886219591424,0.0110392028329444,-0.5326027735589821,671,678,666,679,2025,2025-01-21 14:25:00,2025-01-21 15:00:00,2025-01-22 10:05:00,14,0.0018225128376313,-0.0024554244067833,-0.0933982597092621,0.5,-0.3049219835788636,2.170222218581899,0.4666666666666667,0.0,0.0111354234406295,-0.6995106554557322
2025,time_mass_skew,2246,10755,678,0.4945336208618882,-0.3430249533956762,30,26,0.0178852417477815,0.0157672373766448,0.0118725760632927,0.2905214125937516,2260,2276,2248,2277,2025,2025-03-17 14:15:00,2025-03-18 09:55:00,2025-03-18 11:15:00,30,0.0017770468327829,0.0127037812488001,0.3110661664847636,0.4666666666666667,0.4945336208618882,2.367801376462373,0.2258064516129032,0.0558062118417698,0.0178852417477815,0.4134945106538429,10773,10781,10757,10782,2025,2025-12-05 09:50:00,2025-12-05 11:20:00,2025-12-05 13:30:00,26,0.0023982871726592,0.0008312051855074,0.0205447538910119,0.6923076923076923,-0.3430249533956762,1.3264616827633475,0.4814814814814814,0.0129908256035846,0.0157672373766448,0.4007382446267452
2025,time_mass_skew,2276,3277,678,0.8168912480382184,-1.0538416834166,7,6,0.0031135271166444,0.003226078115551,0.001932233440474,0.3150937658063774,2277,2283,2278,2284,2025,2025-03-18 11:15:00,2025-03-18 11:20:00,2025-03-18 13:20:00,7,0.0018136237957707,0.0008525423235251,0.1133697268308624,0.1428571428571428,0.8168912480382184,1.176712610425937,0.25,0.0332670625559965,0.0031135271166444,-0.2561789211214271,3282,3283,3279,3284,2025,2025-04-17 10:40:00,2025-04-17 11:05:00,2025-04-17 11:10:00,6,0.0019028413752815,-0.0010796911169488,-0.2017240389755149,0.8333333333333334,-1.0538416834166,2.675854594570356,0.2857142857142857,0.0,0.003226078115551,-0.3833599900402277
2025,time_mass_skew,2518,7287,678,0.5787658282186984,-0.4041498577767929,22,19,0.0103143479064087,0.0099098990949517,-0.0102473278619311,-0.3355908563332029,2525,2540,2520,2541,2025,2025-03-25 11:25:00,2025-03-25 13:30:00,2025-03-25 14:45:00,22,0.0020779222308299,-0.0055138925822448,-0.2324010655616727,0.3181818181818182,0.5787658282186984,2.4326107349229527,0.391304347826087,0.0,0.0103143479064087,-0.1467122458926616,7299,7306,7289,7307,2025,2025-08-18 14:20:00,2025-08-19 09:50:00,2025-08-19 10:25:00,19,0.0020933279223748,0.0047334352796862,0.1031897907715302,0.631578947368421,-0.4041498577767929,1.6392612870357572,0.35,0.0152875796408448,0.0099098990949517,0.0449460174522197
2025,time_mass_skew,2576,7133,678,0.9125023384533574,-0.3058729856305035,15,12,0.005369166432998,0.0054176498419344,-0.0028628989138971,-0.2229288312371951,2581,2591,2578,2592,2025,2025-03-26 13:45:00,2025-03-26 14:10:00,2025-03-26 15:00:00,15,0.0011631349023539,-0.0038779525241711,-0.2983459113901521,0.3333333333333333,0.9125023384533574,1.3533352863318198,0.3125,0.0018554894032164,0.005369166432998,-0.3706621931473979,7141,7145,7135,7146,2025,2025-08-13 13:30:00,2025-08-13 14:10:00,2025-08-13 14:30:00,12,0.0014982594148023,-0.0010150536102739,-0.075417080152957,0.6666666666666666,-0.3058729856305035,1.3287166680329394,0.3846153846153846,0.0,0.0054176498419344,-0.1839398262380192
2025,time_mass_skew,2711,4963,678,0.6508272245895215,-0.3013378378370037,9,10,0.0045309114695966,0.0039291584594529,0.0033907548199943,0.3693898515452296,2713,2720,2713,2721,2025,2025-03-31 11:30:00,2025-03-31 13:10:00,2025-03-31 13:45:00,9,0.0016931576079223,-0.0005823106051308,-0.0527434435222931,0.2222222222222222,0.6508272245895215,1.6045794142767598,0.5,0.0,0.0045309114695966,0.1285144547819245,4968,4973,4965,4974,2025,2025-06-11 11:10:00,2025-06-11 13:05:00,2025-06-11 13:30:00,10,0.0012354995056319,-0.0039730654251252,-0.4221332950675227,0.5,-0.3013378378370037,1.5461695223275758,0.1818181818181818,0.1089559239870524,0.0039291584594529,-0.0905605281664776
2025,time_mass_skew,2815,4165,678,0.3916907569837011,-0.350083342705871,4,4,0.0018404132418172,0.0018812788180415,0.000454513724883,0.1498460513956335,2817,2819,2817,2820,2025,2025-04-02 13:40:00,2025-04-02 13:50:00,2025-04-02 14:00:00,4,0.0011138021030195,-0.0004212444406593,-0.1374834873574144,0.5,0.3916907569837011,1.5857998214208124,0.6,0.0,0.0018404132418172,0.2288857910210991,4168,4169,4167,4170,2025,2025-05-16 14:10:00,2025-05-16 14:25:00,2025-05-16 14:30:00,4,0.0008531062731581,-0.0008757581655424,-0.2873295387530479,0.75,-0.350083342705871,1.286370153697764,0.4,0.0,0.0018812788180415,0.4387342940556076
2025,time_mass_skew,3058,1516,678,0.4169998031063335,-0.4602532534419833,10,8,0.0049765659492351,0.0056713257668628,-0.0050542653832676,-0.4668877718779569,3062,3068,3060,3069,2025,2025-04-10 13:55:00,2025-04-10 14:15:00,2025-04-10 14:45:00,10,0.0026073618686427,-0.0026480978492255,-0.2082306505162421,0.4,0.4169998031063335,1.4699921140343557,0.4545454545454545,0.0704779793848395,0.0049765659492351,-0.503664637136474,1521,1524,1518,1525,2025,2025-02-24 13:25:00,2025-02-24 13:50:00,2025-02-24 14:05:00,8,0.0030391911723293,0.0024061675340421,0.2586571213617147,0.625,-0.4602532534419833,2.142346546818691,0.5555555555555556,0.0,0.0056713257668628,-0.3984250995943533
2025,time_mass_skew,3183,11482,678,0.389320830575534,-0.347455567461985,13,14,0.0101303615702148,0.0093027379869177,-0.0155385467749096,-0.7708082435696906,3186,3196,3185,3197,2025,2025-04-15 10:50:00,2025-04-15 11:05:00,2025-04-15 13:25:00,13,0.0018074092591632,-0.0107835320576094,-0.5286393907606982,0.2307692307692307,0.389320830575534,1.973726016094531,0.1428571428571428,0.0,0.0101303615702148,-0.3226052482192216,11487,11496,11484,11497,2025,2025-12-26 10:25:00,2025-12-26 10:50:00,2025-12-26 13:05:00,14,0.0014055248032159,0.0047550147173002,0.2421688528089924,0.3571428571428571,-0.347455567461985,2.0123166872604448,0.4666666666666667,0.060825123083999,0.0093027379869177,-0.509589531757628
2025,time_mass_skew,3238,1819,678,0.4529411347585287,-0.6680194943936872,10,12,0.0094827136341306,0.0080852388979799,-0.0068669750221068,-0.2640921954904331,3242,3248,3240,3249,2025,2025-04-16 11:25:00,2025-04-16 13:15:00,2025-04-16 13:45:00,10,0.0019046979320832,-0.0131244786225419,-0.57320354107113,0.4,0.4529411347585287,1.4543764694929875,0.3636363636363636,0.1448072400226957,0.0094827136341306,-0.0726938348892591,1825,1831,1821,1832,2025,2025-03-04 14:40:00,2025-03-05 09:40:00,2025-03-05 10:10:00,12,0.0028343350631594,-0.0062575036004351,-0.3091113455806969,0.5,-0.6680194943936872,1.6572829236159032,0.3846153846153846,0.0637041071741476,0.0080852388979799,-0.1373992180264716
2025,time_mass_skew,3652,6540,678,0.5676279329094945,-0.5788019910749005,13,12,0.0055902102148515,0.0063051612370532,-0.00149373375124,-0.2376520623374978,3657,3665,3654,3666,2025,2025-04-29 09:55:00,2025-04-29 10:20:00,2025-04-29 11:00:00,13,0.0014863119559023,-0.0058546204806614,-0.5274419316385024,0.3846153846153846,0.5676279329094945,1.6135612829924797,0.2857142857142857,0.01913875556824,0.0055902102148515,0.0,6548,6552,6542,6553,2025,2025-07-28 10:35:00,2025-07-28 11:15:00,2025-07-28 13:05:00,12,0.0016859174075607,-0.0043608867294213,-0.2897898693010046,0.6666666666666666,-0.5788019910749005,1.914128844003005,0.3846153846153846,0.1647794107332486,0.0063051612370532,0.2152634658242454
2025,time_mass_skew,3712,5738,678,0.4179566187466216,-0.3805621508351146,15,13,0.0036361520607703,0.0037910980118898,-0.0001478428153223,-0.1220155694032896,3718,3727,3714,3728,2025,2025-04-30 10:55:00,2025-04-30 11:25:00,2025-04-30 13:40:00,15,0.0010715983527733,0.0019580315189489,0.1963183076354329,0.4,0.4179566187466216,1.2962565974424611,0.5,0.0,0.0036361520607703,0.5249099261866441,5747,5751,5740,5752,2025,2025-07-03 13:15:00,2025-07-03 14:00:00,2025-07-03 14:20:00,13,0.0010424126111499,0.0021058743342713,0.3183338770387225,0.6923076923076923,-0.3805621508351146,1.5329723321389237,0.4285714285714285,0.0,0.0037910980118898,0.5366643902962733
2025,time_mass_skew,3785,3068,678,0.7472121772143466,-0.3757966167012282,17,15,0.0155987651545128,0.0148523306374217,-0.0142500893967153,-0.3226956081895522,3793,3802,3787,3803,2025,2025-05-06 14:30:00,2025-05-07 09:40:00,2025-05-07 10:25:00,17,0.0022315360336589,-0.0191944991152103,-0.4926138510598126,0.4705882352941176,0.7472121772143466,3.614993560635341,0.1666666666666666,0.0406926382981679,0.0155987651545128,0.3387506876313245,3077,3083,3070,3084,2025,2025-04-10 14:45:00,2025-04-11 10:00:00,2025-04-11 10:30:00,15,0.0020302632994413,-0.0049444097184949,-0.1699182428702604,0.6,-0.3757966167012282,1.6576837185164928,0.25,0.0245987105675791,0.0148523306374217,0.1918666511516713
2025,time_mass_skew,3938,5412,678,0.6063971300790184,-0.6874609854368701,23,27,0.010517030984201,0.009776664019566,-0.0130437641105043,-0.4952432439106321,3945,3961,3940,3962,2025,2025-05-12 09:45:00,2025-05-12 10:20:00,2025-05-12 13:10:00,23,0.0012825307139538,-0.0032663437902932,-0.1239099924547314,0.3043478260869565,0.6063971300790184,1.8665127472530876,0.2916666666666667,0.0255502762257002,0.010517030984201,-0.0935627731447397,5429,5439,5414,5440,2025,2025-06-24 14:05:00,2025-06-25 10:00:00,2025-06-25 10:50:00,27,0.0011820862772565,0.0097774203202111,0.3713332514559006,0.6296296296296297,-0.6874609854368701,2.145665476399705,0.2857142857142857,0.0007354819303293,0.009776664019566,0.0691358412356981
2025,time_mass_skew,4222,2355,678,0.4250378320300698,-0.6891967566257271,6,7,0.0048252329424816,0.0042516357295667,-0.0034744628290476,-0.3355866507826208,4226,4228,4224,4229,2025,2025-05-19 14:55:00,2025-05-20 09:45:00,2025-05-20 09:55:00,6,0.0011841881334051,-0.0092986125882993,-0.9448858009652876,0.6666666666666666,0.4250378320300698,2.0594381534000696,0.2857142857142857,0.164370481720232,0.0048252329424816,0.1123870957039,2360,2362,2357,2363,2025,2025-03-20 09:50:00,2025-03-20 10:15:00,2025-03-20 10:25:00,7,0.0013379656186909,-0.0058241497592517,-0.6092991501826667,0.7142857142857143,-0.6891967566257271,1.4482339043997845,0.5,0.0949478724117171,0.0042516357295667,0.2348491440390284
2025,time_mass_skew,4538,7047,678,2.395014374557284,-0.2982336543278254,12,11,0.0036616514210621,0.0039803611963371,-1.7820872481285124e-05,0.0370527247770374,4539,4550,4540,4551,2025,2025-05-28 13:15:00,2025-05-28 13:20:00,2025-05-28 14:15:00,12,0.0008046938008284,0.0026756419490285,0.459664265274943,0.0833333333333333,2.395014374557284,1.5657695141160568,0.1538461538461538,0.2973764839897723,0.0036616514210621,-0.7138572173775547,7049,7058,7049,7059,2025,2025-08-11 14:20:00,2025-08-11 14:30:00,2025-08-12 09:45:00,11,0.0011275680241883,0.0026934628215098,0.4226115404979055,0.1818181818181818,-0.2982336543278254,1.6381623244338686,0.6666666666666666,0.0,0.0039803611963371,-0.6527293904041152
2025,time_mass_skew,4589,4581,678,0.5420200273736799,-0.7992908538018217,10,8,0.0028033129932145,0.0030494646412897,0.0060059992930463,1.209778473952187,4594,4599,4591,4600,2025,2025-05-29 13:30:00,2025-05-29 13:55:00,2025-05-29 14:20:00,10,0.0010022111648165,0.0011482282475826,0.2097784739521138,0.5,0.5420200273736799,1.2444867953254155,0.2727272727272727,0.0601138446274635,0.0028033129932145,0.3951099140980502,4588,4589,4583,4590,2025,2025-05-29 11:20:00,2025-05-29 13:25:00,2025-05-29 13:30:00,8,0.0010010909492546,-0.0048577710454637,-1.0000000000000733,0.875,-0.7992908538018217,1.5327902467122487,0.2222222222222222,0.0,0.0030494646412897,0.4237056122567891
2025,time_mass_skew,4647,4838,678,0.4170587343252112,-0.9596320548200168,25,25,0.0112124796065646,0.0116647811443,-0.0070427401905285,-0.2989798564780747,4662,4672,4649,4673,2025,2025-05-30 14:20:00,2025-06-03 10:05:00,2025-06-03 10:55:00,25,0.0011370862552643,-0.0013900564830287,-0.0574663803912937,0.6,0.4170587343252112,1.962048566528647,0.3461538461538461,0.0962029626999186,0.0112124796065646,0.6191307604020392,4857,4863,4840,4864,2025,2025-06-06 14:15:00,2025-06-09 10:20:00,2025-06-09 10:50:00,25,0.0009223197502525,0.0056526837074998,0.2415134760867809,0.76,-0.9596320548200168,1.883166204486883,0.1538461538461538,0.1302849699219001,0.0116647811443,0.755600091352139
2025,time_mass_skew,4672,4262,678,0.7116708105131755,-0.5487887553823668,17,18,0.0046363220288752,0.0046058753549838,-0.0073150330894858,-0.6032701602437147,4676,4689,4674,4690,2025,2025-06-03 10:55:00,2025-06-03 11:15:00,2025-06-03 13:50:00,17,0.00116410147152,-0.0045169868863953,-0.4236460582046773,0.2352941176470588,0.7116708105131755,2.0710382780159065,0.2777777777777778,0.0276981119585005,0.0046363220288752,-0.3469775245391706,4263,4280,4264,4281,2025,2025-05-20 14:15:00,2025-05-20 14:20:00,2025-05-21 10:15:00,18,0.0010022647680827,0.0027980462030904,0.1796241020390373,0.0555555555555555,-0.5487887553823668,1.669223747873681,0.0526315789473684,0.3073413672811438,0.0046058753549838,-0.5857444465584488
2025,time_mass_skew,5176,6893,678,0.5522782536583668,-0.3684835807177767,24,30,0.0069312139362569,0.0078505129061525,0.0066285011704542,0.236686656055789,5185,5200,5178,5201,2025,2025-06-17 14:25:00,2025-06-18 09:40:00,2025-06-18 10:55:00,24,0.0009640605937807,0.0016841292739116,0.0795335229978344,0.375,0.5522782536583668,1.991682989568627,0.2,0.0025500825876168,0.0069312139362569,-0.0916054797911587,6915,6923,6895,6924,2025,2025-08-06 13:30:00,2025-08-07 09:50:00,2025-08-07 10:30:00,30,0.0010577679405169,-0.0049443718965426,-0.1571531330579545,0.7333333333333333,-0.3684835807177767,1.5093449166306898,0.5483870967741935,0.0,0.0078505129061525,0.0495226915487067
2025,time_mass_skew,5274,5980,678,0.4199833545340162,-0.7855688926891571,15,16,0.0065331242822752,0.0053298198691704,-0.0040790257184951,-0.2417642002643077,5281,5289,5276,5290,2025,2025-06-19 14:35:00,2025-06-20 09:40:00,2025-06-20 10:20:00,15,0.0010906856255036,-0.0039056705305458,-0.2284205354076083,0.4666666666666667,0.4199833545340162,1.982610090062023,0.0625,0.0085053648525076,0.0065331242822752,0.0047765743847341,5990,5996,5982,5997,2025,2025-07-10 13:25:00,2025-07-10 14:15:00,2025-07-10 14:45:00,16,0.0008300035229092,0.0001733551879493,0.0133436648566994,0.625,-0.7855688926891571,1.6942554262866647,0.1764705882352941,0.0,0.0053298198691704,-0.0344396895758504
2025,time_mass_skew,5325,5062,678,0.3663447992751006,-0.2861092884533834,20,23,0.0099856247412901,0.0081328044058661,-0.0034937066669681,-0.0956054069052401,5335,5345,5327,5346,2025,2025-06-20 14:50:00,2025-06-23 10:10:00,2025-06-23 11:00:00,20,0.0010894643041657,-0.0038791047938442,-0.1135898175839808,0.5,0.3663447992751006,1.3661071881657791,0.238095238095238,0.0154302754425668,0.0099856247412901,0.3238811346145316,5076,5085,5064,5086,2025,2025-06-13 11:25:00,2025-06-13 14:05:00,2025-06-13 14:50:00,23,0.0013455353590457,-0.0003853981268761,-0.0179844106787406,0.6086956521739131,-0.2861092884533834,1.765460651070733,0.375,0.0152725905954112,0.0081328044058661,0.428591837245201
2025,time_mass_skew,5472,2826,678,0.687173981033249,-0.795245684683421,15,15,0.0108039816581344,0.0112536751545064,-0.0143746874312008,-0.1686507283911804,5479,5487,5474,5488,2025,2025-06-26 09:35:00,2025-06-26 10:10:00,2025-06-26 10:50:00,15,0.0014668685622467,0.006033803836397,0.2678640574136846,0.4666666666666667,0.687173981033249,1.7942856453814904,0.25,0.1311963337883371,0.0108039816581344,0.1012608748483704,2835,2841,2828,2842,2025,2025-04-02 14:35:00,2025-04-03 09:50:00,2025-04-03 10:20:00,15,0.0013983348104452,0.0204084912675979,0.4365147858048649,0.6,-0.795245684683421,1.7576991270898077,0.125,0.1174519939348165,0.0112536751545064,-0.0879098319010509
2025,time_mass_skew,5835,4719,678,0.3902587063752017,-0.4644217306290144,14,15,0.0025652176871027,0.0023613719084929,-0.0003230706644198,-0.1435766749382616,5841,5849,5837,5850,2025,2025-07-07 13:20:00,2025-07-07 13:50:00,2025-07-07 14:30:00,14,0.0007391653561737,-0.0035662891122967,-0.654741646065908,0.4285714285714285,0.3902587063752017,1.2909554813451802,0.4,0.0,0.0025652176871027,0.3150177553961694,4727,4734,4721,4735,2025,2025-06-04 10:50:00,2025-06-04 11:30:00,2025-06-04 13:35:00,15,0.0006737475389742,-0.0032432184478768,-0.5111649711276464,0.5333333333333333,-0.4644217306290144,2.003139942785677,0.375,0.013787642754128,0.0023613719084929,0.1503501372957683
2025,time_mass_skew,6018,5200,678,0.3618020438889532,-0.8091505260480619,18,18,0.0118757874494823,0.0116455518556701,-0.0024764055941174,-0.1069135725911271,6033,6036,6020,6037,2025,2025-07-11 11:05:00,2025-07-11 13:50:00,2025-07-11 14:05:00,18,0.0015332576517098,-0.0019864964191249,-0.0805033187668099,0.8333333333333334,0.3618020438889532,1.5038406597793246,0.2631578947368421,0.0192857267473294,0.0118757874494823,0.814457750089671,5215,5218,5202,5219,2025,2025-06-18 10:55:00,2025-06-18 13:40:00,2025-06-18 13:55:00,18,0.0010399240675235,0.0004899091749925,0.0264102538243172,0.8333333333333334,-0.8091505260480619,1.5642151327827838,0.2105263157894736,0.1004585485183099,0.0116455518556701,0.7264913432773791
2025,time_mass_skew,6792,2776,678,0.7120828670479198,-0.2921385117294902,8,9,0.0022536031210798,0.0025293599754183,-0.0022666811633852,-0.3501717943068665,6796,6800,6794,6801,2025,2025-08-04 13:05:00,2025-08-04 13:25:00,2025-08-04 13:45:00,8,0.0015843540311263,-0.0010937980826463,-0.2219118989168964,0.5,0.7120828670479198,1.4587035506860744,0.4444444444444444,0.0711899640643771,0.0022536031210798,-0.5492151516261865,2781,2785,2778,2786,2025,2025-04-01 14:25:00,2025-04-01 14:50:00,2025-04-02 09:40:00,9,0.0014931096699172,0.0011728830807389,0.12825989538997,0.5555555555555556,-0.2921385117294902,1.7483006945912276,0.5,0.0,0.0025293599754183,-0.3902623023421537
2025,time_mass_skew,6800,6923,678,0.4550041499794557,-0.2746039033134387,20,19,0.0100217225914063,0.0112749481041491,0.0039953792044519,0.2098642707245772,6819,6820,6802,6821,2025,2025-08-04 13:45:00,2025-08-05 09:50:00,2025-08-05 09:55:00,20,0.0014035188873735,0.000882351449454,0.0552754306804757,0.95,0.4550041499794557,1.679007944986686,0.4285714285714285,0.0693518678853195,0.0100217225914063,0.8214308094089057,6936,6942,6925,6943,2025,2025-08-07 10:30:00,2025-08-07 13:05:00,2025-08-07 13:35:00,19,0.0013204109506815,-0.0031130277549979,-0.1545888400441015,0.6842105263157895,-0.2746039033134387,1.816626235399723,0.4,0.0053719030347989,0.0112749481041491,0.6359212666502059
2025,time_mass_skew,7168,10021,678,0.4246750266069869,-0.6978784089168759,12,13,0.0190589855343814,0.0193636090504485,0.0133707745365341,0.3046937782298044,7172,7180,7170,7181,2025,2025-08-14 10:55:00,2025-08-14 11:15:00,2025-08-14 13:25:00,12,0.002574045495426,-0.0055815223236582,-0.2153702950574731,0.3333333333333333,0.4246750266069869,1.7253563091750326,0.4615384615384615,0.0,0.0190589855343814,-0.7014230273929498,10029,10034,10023,10035,2025,2025-11-13 14:10:00,2025-11-13 14:50:00,2025-11-14 09:45:00,13,0.0019412203653702,-0.0189522968601924,-0.5200640732872776,0.6153846153846154,-0.6978784089168759,3.667836503225488,0.3571428571428571,0.0077651835085661,0.0193636090504485,-0.5521156122263781
2025,time_mass_skew,7306,9801,678,1.4852205349644374,-0.2665785960115005,12,13,0.0063389121860826,0.0069651987986647,-0.0011555633646563,-0.0712103923792689,7309,7318,7308,7319,2025,2025-08-19 10:25:00,2025-08-19 10:40:00,2025-08-19 11:25:00,12,0.0021015064220598,-0.0117908355332,-0.6779960284976068,0.25,1.4852205349644374,1.360116429689435,0.3076923076923077,0.0719005957271973,0.0063389121860826,0.350861696233812,9811,9814,9803,9815,2025,2025-11-07 10:20:00,2025-11-07 11:10:00,2025-11-07 11:25:00,13,0.002452673936786,-0.0106352721685437,-0.6067856361183378,0.7692307692307693,-0.2665785960115005,1.257934466959417,0.5,0.0,0.0069651987986647,0.4197806076732262
2025,time_mass_skew,7553,8273,678,0.5559957901167869,-0.3712027067004785,12,12,0.0098209962358835,0.0081420557696789,-0.0010561242507493,-0.2188532708011322,7559,7565,7555,7566,2025,2025-08-26 11:00:00,2025-08-26 11:30:00,2025-08-26 13:30:00,12,0.0039227477574445,-0.0154858901397131,-0.8469463247477461,0.5,0.5559957901167869,1.9588588918280536,0.3076923076923077,0.020885000964031,0.0098209962358835,0.3083947717817701,8282,8285,8275,8286,2025,2025-09-16 11:00:00,2025-09-16 13:15:00,2025-09-16 13:30:00,12,0.0037997421740788,-0.0144297658889637,-0.6280930539466139,0.75,-0.3712027067004785,1.4423047834159275,0.3846153846153846,0.0275238180365752,0.0081420557696789,0.0851495099285016
2025,time_mass_skew,7888,8262,678,0.6921113671232327,-0.6604737117260832,7,8,0.0123031898854613,0.0125945786737267,0.0043341049365095,0.1720967214077016,7890,7895,7890,7896,2025,2025-09-04 10:55:00,2025-09-04 11:05:00,2025-09-04 11:30:00,7,0.0039687359503719,0.0013826396060819,0.0541876160397467,0.2857142857142857,0.6921113671232327,1.2319130467909778,0.375,0.0570297048410296,0.0123031898854613,-0.0867404470282458,8266,8270,8264,8271,2025,2025-09-16 10:05:00,2025-09-16 10:25:00,2025-09-16 10:45:00,8,0.00364928578194,-0.0029514653304276,-0.1179091053679548,0.5,-0.6604737117260832,1.658320571451943,0.2222222222222222,0.0080741718392016,0.0125945786737267,-0.2191521491372763
2025,time_mass_skew,7971,2004,678,0.5257158416554747,-0.335397379949199,12,15,0.0158473650751158,0.0159609505491005,0.0119151493541419,0.3107940240604046,7973,7983,7973,7984,2025,2025-09-08 09:50:00,2025-09-08 10:00:00,2025-09-08 10:50:00,12,0.0027314253228459,0.0046456465197211,0.1435783009294933,0.1666666666666666,0.5257158416554747,1.6238952550931134,0.4615384615384615,0.0,0.0158473650751158,-0.3876082463412615,2011,2019,2006,2020,2025,2025-03-10 14:05:00,2025-03-10 14:40:00,2025-03-11 09:50:00,15,0.0019261378217722,-0.0072695028344208,-0.1672157231309113,0.4666666666666667,-0.335397379949199,2.333981429676681,0.375,0.0409454392719713,0.0159609505491005,-0.4641167816686699
2025,time_mass_skew,8214,7913,678,0.5341144654504217,-0.3167427760911492,15,15,0.016567302928208,0.0197739862344583,0.0003087435553163,-0.1164041990853317,8222,8229,8216,8230,2025,2025-09-15 10:05:00,2025-09-15 10:45:00,2025-09-15 11:20:00,15,0.0028979214156625,-0.0118366116742025,-0.3295372482113783,0.5333333333333333,0.5341144654504217,1.6676904867295446,0.25,0.064042208788984,0.016567302928208,0.2409973122390646,7925,7928,7915,7929,2025,2025-09-04 14:30:00,2025-09-05 10:00:00,2025-09-05 10:15:00,15,0.0042724935428857,-0.0121453552295189,-0.2131330491260465,0.8,-0.3167427760911492,1.7309691839807917,0.4375,0.1569502064238351,0.0197739862344583,0.2573471260331194
2025,time_mass_skew,8239,362,678,0.5625242464879905,-0.7075791514093369,13,13,0.0062971893086141,0.0072150537801674,0.007698066809219,0.3420554718301576,8243,8252,8241,8253,2025,2025-09-15 13:40:00,2025-09-15 14:00:00,2025-09-15 14:45:00,13,0.0027170870051344,-0.000520287507742,-0.0260307622024143,0.3076923076923077,0.5625242464879905,1.7782460985009132,0.0714285714285714,0.0671552148917671,0.0062971893086141,0.094416927828231,371,375,364,376,2025,2025-01-13 13:15:00,2025-01-13 14:00:00,2025-01-13 14:20:00,13,0.0032493714061962,-0.0082183543169611,-0.3680862340325719,0.6923076923076923,-0.7075791514093369,1.3754864344361375,0.2142857142857142,0.0076101129694125,0.0072150537801674,0.1338489494256945
2025,time_mass_skew,8521,10549,678,0.5802016578758963,-0.3216564787592272,11,12,0.0079343811405054,0.0085737404546302,0.0076997753640843,0.3781214257030195,8524,8532,8523,8533,2025,2025-09-23 13:10:00,2025-09-23 13:25:00,2025-09-23 14:05:00,11,0.0031183228003503,0.0028342495433259,0.1345727860155032,0.2727272727272727,0.5802016578758963,1.288577103861149,0.4166666666666667,0.0037976171570174,0.0079343811405054,-0.3700705114079985,10555,10561,10551,10562,2025,2025-11-28 14:10:00,2025-11-28 14:40:00,2025-12-01 09:40:00,12,0.0023039274309932,-0.0048655258207584,-0.2435486396875162,0.5,-0.3216564787592272,4.062677382970049,0.6153846153846154,0.0198710367303508,0.0085737404546302,-0.5479991049997022
2025,time_mass_skew,9036,7997,678,0.9290928363199352,-0.3614637073876153,24,21,0.0208654304665714,0.020152968319711,0.0337391436224518,0.7303521029872593,9042,9060,9038,9061,2025,2025-10-16 10:35:00,2025-10-16 11:05:00,2025-10-16 14:05:00,24,0.0023544368289235,0.0152338730263013,0.3477682871059069,0.25,0.9290928363199352,1.397151405341157,0.36,0.0315478251789249,0.0208654304665714,-0.4419705873013911,8010,8018,7999,8019,2025,2025-09-08 13:30:00,2025-09-08 14:35:00,2025-09-09 09:45:00,21,0.0029158849254998,-0.0185052705961504,-0.3825838158813522,0.6190476190476191,-0.3614637073876153,4.046952646516547,0.5909090909090909,0.0840305687821762,0.020152968319711,-0.3100738957971323
2025,time_mass_skew,9440,766,678,0.3973561059544628,-0.3501837605318919,12,11,0.0080427109628136,0.0097134644702725,-0.0090470915488258,-0.551149191492774,9446,9452,9442,9453,2025,2025-10-28 13:45:00,2025-10-28 14:15:00,2025-10-28 14:45:00,12,0.0024473052482752,-0.0077668340418883,-0.4930352768795692,0.5,0.3973561059544628,1.8672854669553507,0.5384615384615384,0.0,0.0080427109628136,0.6188693594824706,774,777,768,778,2025,2025-01-23 14:55:00,2025-01-24 10:05:00,2025-01-24 10:20:00,11,0.0018240244663688,0.0012802575069374,0.0581139146132047,0.7272727272727273,-0.3501837605318919,1.412298778775543,0.25,0.138246697758084,0.0097134644702725,0.619836609438499
2025,time_mass_skew,9586,9533,678,0.8618083475537212,-0.3354152714614373,27,23,0.0365375938022669,0.0378669139390304,0.0009183407421044,-0.1496303545673201,9588,9613,9588,9614,2025,2025-10-31 13:55:00,2025-10-31 14:05:00,2025-11-03 10:40:00,27,0.0031363176349584,0.0322251737150954,0.4781988260543477,0.074074074074074,0.8618083475537212,2.1325246611020074,0.3928571428571428,0.0746365431519988,0.0365375938022669,-0.888019982426477,9536,9556,9535,9557,2025,2025-10-30 13:30:00,2025-10-30 13:45:00,2025-10-31 09:55:00,23,0.0036361264346544,0.0313068329729909,0.6278291806216678,0.1304347826086956,-0.3354152714614373,3.508428237827673,0.5416666666666666,0.0798455035998364,0.0378669139390304,-0.826564031772111
2025,time_mass_skew,9906,846,678,1.302938327590805,-0.4781901536678888,14,14,0.0093964030599327,0.0079927991156472,0.0121408199619027,0.6449425089655155,9908,9920,9908,9921,2025,2025-11-11 11:05:00,2025-11-11 11:15:00,2025-11-11 13:45:00,14,0.0021197877878927,0.0039598888933254,0.1934151088373649,0.1428571428571428,1.302938327590805,1.542571900291398,0.2666666666666666,0.026856134876656,0.0093964030599327,-0.4260150793401354,853,860,848,861,2025,2025-01-27 13:35:00,2025-01-27 14:10:00,2025-01-27 14:45:00,14,0.001670175954458,-0.0081809310685772,-0.4515274001281505,0.5,-0.4781901536678888,1.7170700405959467,0.4,0.0,0.0079927991156472,-0.379847352691711
2025,time_mass_skew,10034,9479,678,0.4321906288114007,-0.324946807024152,29,29,0.0113103555369002,0.01384853896662,-0.0015683277861709,-0.1098023790443688,10044,10063,10036,10064,2025,2025-11-14 09:45:00,2025-11-14 10:35:00,2025-11-14 13:40:00,29,0.0032369416960556,-0.0128263879367551,-0.3164785975380085,0.3448275862068966,0.4321906288114007,1.9684098334531848,0.3666666666666666,0.0020684223272268,0.0113103555369002,0.1261024786565399,9501,9508,9481,9509,2025,2025-10-29 11:30:00,2025-10-29 14:50:00,2025-10-30 09:55:00,29,0.0029639543777725,-0.0112580601505842,-0.2066762184936397,0.7586206896551724,-0.324946807024152,1.7667562525880964,0.6333333333333333,0.0001661058722888,0.01384853896662,0.0339178082163176
2025,time_mass_skew,10452,657,678,0.3837477427495981,-0.304407801576967,7,7,0.0045522849500319,0.0041850936568241,0.0023350695786611,0.4226890482283775,10455,10459,10454,10460,2025,2025-11-26 14:05:00,2025-11-26 14:20:00,2025-11-26 14:40:00,7,0.002226178760826,-0.0022980818855654,-0.2920076543636489,0.4285714285714285,0.3837477427495981,1.416826711450977,0.375,0.0,0.0045522849500319,0.4713517837112438,663,664,659,665,2025,2025-01-21 13:50:00,2025-01-21 14:20:00,2025-01-21 14:25:00,7,0.0018734491174545,-0.0046331514642265,-0.7146967025920264,0.8571428571428571,-0.304407801576967,1.3278899090015743,0.5,0.1614812202500659,0.0041850936568241,0.4731478801072356
2025,time_mass_skew,10513,8710,678,0.3968153753615885,-2.62014358005048,14,17,0.0165401123584141,0.0162049809705662,-0.0217965752721904,-0.6869210769094332,10522,10527,10515,10528,2025,2025-11-28 09:40:00,2025-11-28 10:25:00,2025-11-28 10:50:00,14,0.0023712819343877,-0.0119588040673576,-0.4155033372322906,0.6428571428571429,0.3968153753615885,1.815457878768674,0.2666666666666666,0.2377045296430154,0.0165401123584141,0.4868966992970118,8724,8727,8712,8728,2025,2025-09-29 11:25:00,2025-09-29 14:05:00,2025-09-29 14:20:00,17,0.003165599092212,0.0098377712048328,0.2714177396771425,0.8235294117647058,-2.62014358005048,1.8043724444940443,0.2777777777777778,0.3864603125749302,0.0162049809705662,0.6020479112616571
2025,time_mass_skew,10561,128,678,0.4156635955027732,-0.3506446809725757,8,9,0.0047437628268598,0.0050947224531343,-0.0001033005035995,-0.0232205438162566,10563,10569,10563,10570,2025,2025-12-01 09:40:00,2025-12-01 09:50:00,2025-12-01 10:20:00,8,0.0024047603898877,-0.0007670197105198,-0.0841418035553048,0.25,0.4156635955027732,1.91928133666599,0.5555555555555556,0.0,0.0047437628268598,0.0944519399968671,132,137,130,138,2025,2025-01-06 13:45:00,2025-01-06 14:05:00,2025-01-06 14:30:00,9,0.0028399642393782,-0.0006637192069202,-0.0609212597390481,0.4444444444444444,-0.3506446809725757,1.6803177351113487,0.2,0.0117456966278773,0.0050947224531343,0.1302674649082941
2025,time_mass_skew,10674,10738,678,1.0014399834431065,-0.6511609269443829,6,6,0.0033695035055369,0.0033324528132094,0.0005153648663047,0.0892875773028659,10676,10680,10676,10681,2025,2025-12-03 11:05:00,2025-12-03 11:15:00,2025-12-03 13:05:00,6,0.001518272586387,-9.139445089710272e-05,-0.0106131483429105,0.3333333333333333,1.0014399834431065,1.041077725941598,0.1428571428571428,0.0405745048712499,0.0033695035055369,-0.0022604978228781,10743,10744,10740,10745,2025,2025-12-04 13:55:00,2025-12-04 14:20:00,2025-12-04 14:25:00,6,0.002178533965666,-0.0006067593172018,-0.0999007256457765,0.8333333333333334,-0.6511609269443829,1.466178157768853,0.2857142857142857,0.00823126339579,0.0033324528132094,0.2184662185478983
2025,time_mass_skew,11590,3196,678,0.355209683063864,-0.3835208227600865,13,13,0.0095824805546431,0.0095735631466826,-0.0030706804245684,-0.1787618433809865,11601,11603,11592,11604,2025,2025-12-30 11:25:00,2025-12-30 13:50:00,2025-12-30 14:00:00,13,0.0019006211290557,-0.0048226093217912,-0.268977416227917,0.8461538461538461,0.355209683063864,2.00155389426568,0.3571428571428571,0.0471718700147077,0.0095824805546431,0.6046226293881819,3207,3209,3198,3210,2025,2025-04-15 13:25:00,2025-04-15 14:20:00,2025-04-15 14:30:00,13,0.0019053595159611,-0.0017519288972227,-0.0902155728469305,0.8461538461538461,-0.3835208227600865,1.3606986706518875,0.2142857142857142,0.0093977778746767,0.0095735631466826,0.7076714929597425
2025,motion_concentration,53,531,678,1.864352446707347,1.2101429984056653,11,12,0.0122221129885247,0.0109136023702216,-0.009443932209832,-0.5129566879130898,61,64,55,65,2025,2025-01-03 10:00:00,2025-01-03 10:40:00,2025-01-03 10:55:00,11,0.0025188720780189,-0.017382565177292,-0.7488563935261922,0.7272727272727273,0.5635457788912788,1.864352446707347,0.25,0.2425606203078804,0.0122221129885247,0.4631182760266251,537,543,533,544,2025,2025-01-17 09:50:00,2025-01-17 10:20:00,2025-01-17 10:50:00,12,0.0025779003269575,-0.00793863296746,-0.2358997056131024,0.5,-0.0640698647150918,1.2101429984056653,0.3076923076923077,0.0198506219809488,0.0109136023702216,0.2228461028611
2025,motion_concentration,344,1496,678,1.86511441707572,1.4061262724447685,18,20,0.0115632640875,0.012209343079923,0.009237193943357,0.2499920036162215,352,362,346,363,2025,2025-01-13 10:15:00,2025-01-13 10:55:00,2025-01-13 13:15:00,18,0.0032501817335263,0.000360928887142,0.0110997614382654,0.4444444444444444,-0.166897963882047,1.86511441707572,0.5263157894736842,0.0037828188045508,0.0115632640875,-0.0174442468444948,1506,1516,1498,1517,2025,2025-02-24 10:15:00,2025-02-24 11:05:00,2025-02-24 13:25:00,20,0.0033213451859638,-0.0088762650562149,-0.2388922421779561,0.5,0.1410246253978545,1.4061262724447685,0.3809523809523809,0.0642336423772386,0.012209343079923,-0.2607866164822071
2025,motion_concentration,664,730,678,2.170222218581899,1.3704223488939122,14,12,0.0111354234406295,0.0100325240681797,-0.008085679381067,-0.4462181930528013,671,678,666,679,2025,2025-01-21 14:25:00,2025-01-21 15:00:00,2025-01-22 10:05:00,14,0.0018225128376313,-0.0024554244067833,-0.0933982597092621,0.5,-0.3049219835788636,2.170222218581899,0.4666666666666667,0.0,0.0111354234406295,-0.6995106554557322,733,742,732,743,2025,2025-01-23 10:25:00,2025-01-23 10:40:00,2025-01-23 11:25:00,12,0.0022040402504742,0.0056302549742836,0.3528199333435391,0.25,0.1429891416780056,1.3704223488939122,0.3846153846153846,0.0571565294549097,0.0100325240681797,-0.5459139686743674
2025,motion_concentration,712,1591,678,2.171108581475574,1.321274452945551,18,16,0.0205735495818348,0.01902255655272,0.0019990230034379,-0.0648066671364582,723,730,714,731,2025,2025-01-22 14:25:00,2025-01-23 09:50:00,2025-01-23 10:25:00,18,0.0021972111625303,0.0135523498034946,0.2729763688414955,0.6111111111111112,-0.8782184345321326,2.171108581475574,0.2631578947368421,0.030468978579445,0.0205735495818348,0.5183944294018489,1604,1607,1593,1608,2025,2025-02-26 10:10:00,2025-02-26 11:15:00,2025-02-26 11:30:00,16,0.0029387655961498,0.0115533268000567,0.3377830359779538,0.8125,-0.9461593275895048,1.321274452945551,0.3529411764705882,0.0,0.01902255655272,0.6229903892412196
2025,motion_concentration,1107,506,678,1.8659802468053288,1.39761870850703,6,7,0.0064161763105685,0.0073082441011118,0.0019950477165998,-0.0852764918478217,1111,1113,1109,1114,2025,2025-02-12 09:50:00,2025-02-12 10:10:00,2025-02-12 10:20:00,6,0.0023069852593244,-0.0091446433496759,-0.8395432493769209,0.6666666666666666,0.2130152941251357,1.8659802468053288,0.5714285714285714,0.0598397010175165,0.0064161763105685,0.3115708894751276,511,513,508,514,2025,2025-01-16 13:15:00,2025-01-16 13:40:00,2025-01-16 13:50:00,7,0.0030470808808617,-0.0111396910662757,-0.7542667575290992,0.7142857142857143,-0.3872501494960875,1.39761870850703,0.375,0.0130282832580357,0.0073082441011118,0.463105335423523
2025,motion_concentration,1113,6625,678,2.460272650385436,1.2128265736063606,9,8,0.0052178340533703,0.0058370390354669,0.0114409982576277,0.8843056423218995,1118,1122,1115,1123,2025,2025-02-12 10:20:00,2025-02-12 10:45:00,2025-02-12 11:05:00,9,0.0023384454153859,0.0021798373754206,0.2367536388509639,0.5555555555555556,-0.0289856284357375,2.460272650385436,0.6,0.0109124000888479,0.0052178340533703,0.3842260615513089,6631,6633,6627,6634,2025,2025-07-30 09:40:00,2025-07-30 10:10:00,2025-07-30 10:20:00,8,0.0017606184645967,-0.0092611608822071,-0.6475520034709354,0.75,-0.2017854347353634,1.2128265736063606,0.3333333333333333,0.0,0.0058370390354669,0.4019855670349743
2025,motion_concentration,1154,742,678,1.920433216520288,1.2220428604033216,21,17,0.014937506509443,0.0168736256297119,-0.0018665944434729,-0.0593227589924016,1158,1175,1156,1176,2025,2025-02-13 09:45:00,2025-02-13 10:05:00,2025-02-13 11:30:00,21,0.0020662117028168,-0.0026377343861224,-0.0862750031053389,0.1904761904761904,1.9506754627934764,1.920433216520288,0.1818181818181818,0.2822433876139418,0.014937506509443,-0.5483880559835788,744,759,744,760,2025,2025-01-23 11:25:00,2025-01-23 13:05:00,2025-01-23 14:20:00,17,0.0023288183098074,-0.0007711399426495,-0.0269522441129372,0.1176470588235294,2.0272160321323733,1.2220428604033216,0.1666666666666666,0.0708427703298533,0.0168736256297119,-0.6410679907172473
2025,motion_concentration,1175,2086,678,2.010025473118254,1.263530332876663,29,32,0.0217110442435766,0.0269321583384867,0.0070268652512018,0.1351382011475401,1183,1204,1177,1205,2025,2025-02-13 11:30:00,2025-02-13 13:40:00,2025-02-14 09:55:00,29,0.0020017113024733,0.0138075373169025,0.2539350558078348,0.2758620689655172,0.3279112699636599,2.010025473118254,0.5666666666666667,0.0043436592949768,0.0217110442435766,-0.6453514238441495,2094,2118,2088,2119,2025,2025-03-12 11:25:00,2025-03-12 13:35:00,2025-03-13 10:05:00,32,0.0021766453242929,0.0067806720657007,0.1187968546602947,0.25,0.1641637727921098,1.263530332876663,0.5454545454545454,0.0180898987931645,0.0269321583384867,-0.5660972855417186
2025,motion_concentration,1281,2019,678,1.865499226579911,1.295559479700929,24,21,0.0127221023742958,0.0116365946639307,0.0036483091275833,0.1023004213783402,1293,1305,1283,1306,2025,2025-02-17 13:50:00,2025-02-17 14:50:00,2025-02-18 10:20:00,24,0.0029783628855294,-0.0076741775882917,-0.2287397334967063,0.5,0.0413818558206665,1.865499226579911,0.48,0.0095515991434942,0.0127221023742958,-0.3013590159834605,2025,2040,2021,2041,2025,2025-03-11 09:50:00,2025-03-11 10:20:00,2025-03-11 13:05:00,21,0.0024429054077154,-0.0113224867158751,-0.3310401548750465,0.2857142857142857,0.7483157034464273,1.295559479700929,0.2272727272727272,0.0148285126350489,0.0116365946639307,-0.4594180521411397
2025,motion_concentration,1474,1616,678,1.977784306563124,1.205436585417852,11,11,0.0089087041468616,0.0081895878781157,-0.012279374824578,-0.7469154093908721,1481,1485,1476,1486,2025,2025-02-21 13:55:00,2025-02-21 14:30:00,2025-02-21 14:50:00,11,0.0028263218621832,-0.0090854361393658,-0.6304239669346254,0.6363636363636364,-0.0015477309816058,1.977784306563124,0.5833333333333334,0.0917862908418865,0.0089087041468616,0.561853479803293,1626,1627,1618,1628,2025,2025-02-26 13:45:00,2025-02-26 14:35:00,2025-02-26 14:40:00,11,0.0027238421956835,0.0031939386852122,0.1164914424562466,0.9090909090909092,-0.0766134480950844,1.205436585417852,0.3333333333333333,0.1737972050818946,0.0081895878781157,0.384525402436926
2025,motion_concentration,1516,9579,678,2.142346546818691,1.262644133762814,8,7,0.0056713257668628,0.0050744762077128,0.0004353906918887,0.0328267384835452,1521,1524,1518,1525,2025,2025-02-24 13:25:00,2025-02-24 13:50:00,2025-02-24 14:05:00,8,0.0030391911723293,0.0024061675340421,0.2586571213617147,0.625,-0.4602532534419833,2.142346546818691,0.5555555555555556,0.0,0.0056713257668628,-0.3984250995943533,9581,9586,9581,9587,2025,2025-10-31 13:20:00,2025-10-31 13:30:00,2025-10-31 13:55:00,7,0.0032205470024264,0.0019707768421533,0.2258303828781694,0.2857142857142857,-0.2074729675577397,1.262644133762814,0.25,0.0438726221703168,0.0050744762077128,-0.3467471458597647
2025,motion_concentration,1524,1753,678,2.499821198551159,1.3067139052452272,18,18,0.0172529441352322,0.0165342655124662,-0.0278183831230401,-0.7779394134749431,1531,1542,1526,1543,2025,2025-02-24 14:05:00,2025-02-24 14:40:00,2025-02-25 10:05:00,18,0.0030023845207583,-0.0166049300337363,-0.3945757959437882,0.3888888888888889,0.327316968945958,2.499821198551159,0.4736842105263157,0.0,0.0172529441352322,-0.525783690108045,1756,1771,1755,1772,2025,2025-03-03 13:10:00,2025-03-03 13:25:00,2025-03-03 14:40:00,18,0.003580225065892,0.0112134530893038,0.3833636175311548,0.1666666666666666,0.3673702791463662,1.3067139052452272,0.4210526315789473,0.0,0.0165342655124662,-0.6828364829407098
2025,motion_concentration,2071,112,678,1.8862229949423417,1.4007572654613227,15,16,0.0100095324184099,0.0094637930309504,-0.002760645118913,-0.1028542200027301,2072,2086,2073,2087,2025,2025-03-12 10:10:00,2025-03-12 10:15:00,2025-03-12 11:25:00,15,0.0021289390302549,0.0020147243781189,0.0738781724006277,0.0666666666666666,0.1041270119797418,1.8862229949423417,0.375,0.0,0.0100095324184099,-0.2973412303552581,117,128,114,129,2025,2025-01-06 10:55:00,2025-01-06 11:20:00,2025-01-06 13:45:00,16,0.0028470088797125,0.004775369497032,0.1767323924033579,0.3125,0.1975246737353187,1.4007572654613227,0.3529411764705882,0.0,0.0094637930309504,-0.504561268872675
2025,motion_concentration,2246,137,678,2.367801376462373,1.411634658268173,30,24,0.0178852417477815,0.0172094176709824,0.0127130885353476,0.3112668496384962,2260,2276,2248,2277,2025,2025-03-17 14:15:00,2025-03-18 09:55:00,2025-03-18 11:15:00,30,0.0017770468327829,0.0127037812488001,0.3110661664847636,0.4666666666666667,0.4945336208618882,2.367801376462373,0.2258064516129032,0.0558062118417698,0.0178852417477815,0.4134945106538429,151,161,139,162,2025,2025-01-06 14:30:00,2025-01-07 10:10:00,2025-01-07 11:00:00,24,0.0022935627258468,-9.307286547443824e-06,-0.0002006831537326,0.5833333333333334,0.1078353383619574,1.411634658268173,0.48,0.0334455132490183,0.0172094176709824,0.399686755632769
2025,motion_concentration,2328,4116,678,2.314956218623532,1.3452012675616662,27,23,0.0127400896424907,0.0104833688757866,0.0093956217246392,0.375951665588532,2330,2355,2330,2356,2025,2025-03-19 13:05:00,2025-03-19 13:15:00,2025-03-20 09:50:00,27,0.0012339932906693,0.0090901435001794,0.3632216213902521,0.074074074074074,0.0505172771811954,2.314956218623532,0.3571428571428571,0.0242340677058795,0.0127400896424907,-0.7490351781737121,4121,4139,4118,4140,2025,2025-05-15 14:05:00,2025-05-15 14:30:00,2025-05-16 10:30:00,23,0.0009839143876109,-0.0003054782244598,-0.0127300441982799,0.217391304347826,0.3305218817299145,1.3452012675616662,0.5416666666666666,0.009433343772763,0.0104833688757866,-0.6759243382098022
2025,motion_concentration,2518,10864,678,2.4326107349229527,1.3817130160977371,22,19,0.0103143479064087,0.0103204990786975,0.0106875309473032,0.3742595077478616,2525,2540,2520,2541,2025,2025-03-25 11:25:00,2025-03-25 13:30:00,2025-03-25 14:45:00,22,0.0020779222308299,-0.0055138925822448,-0.2324010655616727,0.3181818181818182,0.5787658282186984,2.4326107349229527,0.391304347826087,0.0,0.0103143479064087,-0.1467122458926616,10869,10883,10866,10884,2025,2025-12-09 10:55:00,2025-12-09 11:20:00,2025-12-09 14:00:00,19,0.0021374546550912,-0.016201423529548,-0.6066605733095344,0.2631578947368421,0.9286401223780032,1.3817130160977371,0.3,0.0121519792220557,0.0103204990786975,-0.1436335699610679
2025,motion_concentration,2720,3248,678,2.060233091508841,1.4185772995758217,35,29,0.0217432767648695,0.0211025441929093,-0.0126372485031428,-0.2356412725210604,2747,2755,2722,2756,2025,2025-03-31 13:45:00,2025-04-01 10:30:00,2025-04-01 11:10:00,35,0.0018718329972061,0.0005028640415189,0.0106967117583202,0.7714285714285715,-0.2601383315610645,2.060233091508841,0.5277777777777778,0.0249491717117532,0.0217432767648695,0.7355440235113596,3273,3277,3250,3278,2025,2025-04-16 13:45:00,2025-04-17 10:20:00,2025-04-17 10:40:00,29,0.0019074882576197,0.0131401125446618,0.2463379842793806,0.8620689655172413,-1.389511142237191,1.4185772995758217,0.3,0.1528059829619275,0.0211025441929093,0.8825400158885094
2025,motion_concentration,3158,1942,678,2.3106067286537857,1.36821661634654,19,21,0.0172638019187569,0.0147459071520872,0.0146147439038835,0.5196518994155184,3163,3177,3160,3178,2025,2025-04-14 14:15:00,2025-04-14 14:40:00,2025-04-15 10:20:00,19,0.0018250381108753,0.0153697097854912,0.5442863992964808,0.2631578947368421,1.2546343422868935,2.3106067286537857,0.3,0.2276621874958296,0.0172638019187569,-0.8978606952284025,1947,1963,1944,1964,2025,2025-03-07 11:25:00,2025-03-07 13:20:00,2025-03-07 14:40:00,21,0.0018311047530659,0.0007549658816077,0.0246344998809624,0.238095238095238,0.4236257294489962,1.36821661634654,0.4090909090909091,0.0303819196275544,0.0147459071520872,-0.7995876764993263
2025,motion_concentration,3277,2276,678,2.675854594570356,1.176712610425937,6,7,0.003226078115551,0.0031135271166444,-0.001932233440474,-0.3150937658063774,3282,3283,3279,3284,2025,2025-04-17 10:40:00,2025-04-17 11:05:00,2025-04-17 11:10:00,6,0.0019028413752815,-0.0010796911169488,-0.2017240389755149,0.8333333333333334,-1.0538416834166,2.675854594570356,0.2857142857142857,0.0,0.003226078115551,-0.3833599900402277,2277,2283,2278,2284,2025,2025-03-18 11:15:00,2025-03-18 11:20:00,2025-03-18 13:20:00,7,0.0018136237957707,0.0008525423235251,0.1133697268308624,0.1428571428571428,0.8168912480382184,1.176712610425937,0.25,0.0332670625559965,0.0031135271166444,-0.2561789211214271
2025,motion_concentration,3354,10817,678,2.5450811525725583,1.3353678756674552,26,23,0.0117980640813817,0.0112014074139468,0.0021936259267363,0.1355089754559995,3373,3380,3356,3381,2025,2025-04-18 14:35:00,2025-04-21 10:40:00,2025-04-21 11:15:00,26,0.0016318018087563,0.0078633743934991,0.3074527823168643,0.7307692307692307,0.1568713341315732,2.5450811525725583,0.5925925925925926,0.0393512644178324,0.0117980640813817,0.668176130715854,10830,10840,10819,10841,2025,2025-12-08 11:00:00,2025-12-08 13:35:00,2025-12-08 14:25:00,23,0.0018406640971468,0.0056697484667627,0.1719438068608647,0.5652173913043478,0.0641003566818251,1.3353678756674552,0.3333333333333333,0.0280612666679144,0.0112014074139468,0.4428074377775249
2025,motion_concentration,3429,11342,678,2.0994397023048315,1.2988029342881446,14,13,0.0052096992507975,0.0047058559418724,0.0020006416075505,0.2602002445350191,3439,3443,3431,3444,2025,2025-04-22 11:20:00,2025-04-22 13:40:00,2025-04-22 14:00:00,14,0.0016785995850646,-0.0023183589125208,-0.1588547562398968,0.7142857142857143,-0.0701690708153592,2.0994397023048315,0.3333333333333333,0.0293613951850679,0.0052096992507975,0.5861868611635613,11353,11355,11344,11356,2025,2025-12-23 10:45:00,2025-12-23 13:10:00,2025-12-23 13:20:00,13,0.0012504122677973,-0.0043190005200713,-0.4190550007749159,0.8461538461538461,-0.1448650029137791,1.2988029342881446,0.4285714285714285,0.0,0.0047058559418724,0.7247168065934011
2025,motion_concentration,3508,10621,678,1.924984274662079,1.3912622246202149,17,17,0.0094350170748889,0.0087250296436529,-0.0002059265466782,-0.0107914511376407,3511,3525,3510,3526,2025,2025-04-24 09:55:00,2025-04-24 10:10:00,2025-04-24 11:20:00,17,0.0009307831606305,0.0059688009841348,0.3769681875514678,0.1764705882352941,0.1896048965590867,1.924984274662079,0.5555555555555556,0.0704419939202116,0.0094350170748889,-0.6494017558475195,10622,10638,10623,10639,2025,2025-12-02 10:40:00,2025-12-02 10:45:00,2025-12-02 13:35:00,17,0.0011198016442233,0.006174727530813,0.3877596386891085,0.0588235294117647,0.9269674249399265,1.3912622246202149,0.1666666666666666,0.1524062720524479,0.0087250296436529,-0.7198121135665841
2025,motion_concentration,3785,407,678,3.614993560635341,1.379848138452758,17,20,0.0155987651545128,0.0127830946944431,-0.0107944217689688,-0.257675361722037,3793,3802,3787,3803,2025,2025-05-06 14:30:00,2025-05-07 09:40:00,2025-05-07 10:25:00,17,0.0022315360336589,-0.0191944991152103,-0.4926138510598126,0.4705882352941176,0.7472121772143466,3.614993560635341,0.1666666666666666,0.0406926382981679,0.0155987651545128,0.3387506876313245,422,427,409,428,2025,2025-01-14 11:30:00,2025-01-14 14:15:00,2025-01-14 14:40:00,20,0.0023155902110684,-0.0084000773462414,-0.2349384893377757,0.75,-0.2810584916552049,1.379848138452758,0.5714285714285714,0.003169667375891,0.0127830946944431,0.5019981897382529
2025,motion_concentration,3831,9702,678,2.146533158567006,1.2373350788018942,10,9,0.0070330902229063,0.0075125562010311,-0.0041701921712497,-0.3316237177897274,3838,3841,3833,3842,2025,2025-05-07 14:20:00,2025-05-07 14:55:00,2025-05-08 09:40:00,10,0.0023830707114042,-0.0065412444358421,-0.4490296172514684,0.7,-0.6462594378653466,2.146533158567006,0.3636363636363636,0.0442580470133794,0.0070330902229063,0.331804276524028,9705,9711,9704,9712,2025,2025-11-05 10:05:00,2025-11-05 10:20:00,2025-11-05 10:50:00,9,0.0026655881705927,-0.0023710522645923,-0.1174058994617409,0.3333333333333333,0.248542565941445,1.2373350788018942,0.6,0.0,0.0075125562010311,0.311721712848406
2025,motion_concentration,3854,11371,678,2.7386309919538547,1.4120782976407642,16,13,0.0054970362883155,0.0063192543549144,-0.000123275488548,-0.2684981429308445,3859,3870,3856,3871,2025,2025-05-08 10:45:00,2025-05-08 11:10:00,2025-05-08 13:35:00,16,0.0014499898625825,-0.0072765143271725,-0.5819246453357745,0.3125,0.4801670249634878,2.7386309919538547,0.4705882352941176,0.0033413214957327,0.0054970362883155,-0.058662291532973,11378,11384,11373,11385,2025,2025-12-23 14:40:00,2025-12-24 09:45:00,2025-12-24 10:15:00,13,0.0012409147234944,-0.0071532388386244,-0.3134265024049299,0.5384615384615384,0.0531870236664913,1.4120782976407642,0.3571428571428571,0.0,0.0063192543549144,-0.0604630114147732
2025,motion_concentration,4073,1978,678,2.282834920128566,1.2956384447452922,14,14,0.0102618898830515,0.0087195507213433,0.0007923614585215,0.0561573781873753,4076,4087,4075,4088,2025,2025-05-14 14:30:00,2025-05-14 14:45:00,2025-05-15 10:10:00,14,0.0015041472695173,0.0076979925012793,0.4962664115890267,0.2142857142857142,0.4513389116989766,2.282834920128566,0.3333333333333333,0.0661241503491858,0.0102618898830515,-0.7598883567329072,1979,1992,1980,1993,2025,2025-03-10 10:25:00,2025-03-10 10:30:00,2025-03-10 13:05:00,14,0.0016450961185224,0.0069056310427577,0.4401090334016514,0.0714285714285714,0.7104485060376297,1.2956384447452922,0.4,0.0307866641133189,0.0087195507213433,-0.8255759914607843
2025,motion_concentration,4139,4589,678,2.150689194043441,1.2444867953254155,8,10,0.0023340755287,0.0028033129932145,-0.0023359963899615,-0.4488038116726983,4142,4147,4141,4148,2025,2025-05-16 10:30:00,2025-05-16 10:45:00,2025-05-16 11:10:00,8,0.0008224300779684,-0.0011877681423789,-0.2390253377205844,0.375,0.4076120611528195,2.150689194043441,0.5555555555555556,0.0317127745908186,0.0023340755287,0.5477029075687488,4594,4599,4591,4600,2025,2025-05-29 13:30:00,2025-05-29 13:55:00,2025-05-29 14:20:00,10,0.0010022111648165,0.0011482282475826,0.2097784739521138,0.5,0.5420200273736799,1.2444867953254155,0.2727272727272727,0.0601138446274635,0.0028033129932145,0.3951099140980502
2025,motion_concentration,4222,4996,678,2.0594381534000696,1.2772544348026131,6,7,0.0048252329424816,0.0045546534079905,-0.00262238745256,-0.0289766378607041,4226,4228,4224,4229,2025,2025-05-19 14:55:00,2025-05-20 09:45:00,2025-05-20 09:55:00,6,0.0011841881334051,-0.0092986125882993,-0.9448858009652876,0.6666666666666666,0.4250378320300698,2.0594381534000696,0.2857142857142857,0.164370481720232,0.0048252329424816,0.1123870957039,5001,5003,4998,5004,2025,2025-06-12 09:55:00,2025-06-12 10:20:00,2025-06-12 10:30:00,7,0.0010804464534755,-0.0066762251357392,-0.9159091631045834,0.7142857142857143,-0.0846326036487378,1.2772544348026131,0.25,0.0671851960746728,0.0045546534079905,0.2873236920120693
2025,motion_concentration,4619,11433,678,1.999416071497795,1.4264879555773693,16,13,0.0043803160816926,0.0038815075055413,-0.0001318016270605,-0.0199502192065745,4628,4635,4621,4636,2025,2025-05-30 10:30:00,2025-05-30 11:15:00,2025-05-30 13:20:00,16,0.0014378245616823,-0.0038809404399855,-0.3554015564028593,0.5625,0.0459111629181897,1.999416071497795,0.1764705882352941,0.0145558743740151,0.0043803160816926,0.2527162703836287,11441,11446,11435,11447,2025,2025-12-25 10:20:00,2025-12-25 11:00:00,2025-12-25 11:25:00,13,0.0013830602601727,-0.0037491388129249,-0.3354513371962847,0.6153846153846154,0.1249865508460238,1.4264879555773693,0.5,0.0,0.0038815075055413,0.3778507953387003
2025,motion_concentration,4672,5257,678,2.0710382780159065,1.3769065578058182,17,17,0.0046363220288752,0.0044629494205974,-0.0024056561357371,-0.2412865773429225,4676,4689,4674,4690,2025,2025-06-03 10:55:00,2025-06-03 11:15:00,2025-06-03 13:50:00,17,0.00116410147152,-0.0045169868863953,-0.4236460582046773,0.2352941176470588,0.7116708105131755,2.0710382780159065,0.2777777777777778,0.0276981119585005,0.0046363220288752,-0.3469775245391706,5262,5274,5259,5275,2025,2025-06-19 13:10:00,2025-06-19 13:35:00,2025-06-19 14:35:00,17,0.0009029087605649,-0.0021113307506581,-0.1823594808617547,0.2941176470588235,0.3420155103272155,1.3769065578058182,0.5555555555555556,0.0,0.0044629494205974,-0.4377584751746617
2025,motion_concentration,4719,5835,678,2.003139942785677,1.2909554813451802,15,14,0.0023613719084929,0.0025652176871027,0.0003230706644198,0.1435766749382616,4727,4734,4721,4735,2025,2025-06-04 10:50:00,2025-06-04 11:30:00,2025-06-04 13:35:00,15,0.0006737475389742,-0.0032432184478768,-0.5111649711276464,0.5333333333333333,-0.4644217306290144,2.003139942785677,0.375,0.013787642754128,0.0023613719084929,0.1503501372957683,5841,5849,5837,5850,2025,2025-07-07 13:20:00,2025-07-07 13:50:00,2025-07-07 14:30:00,14,0.0007391653561737,-0.0035662891122967,-0.654741646065908,0.4285714285714285,0.3902587063752017,1.2909554813451802,0.4,0.0,0.0025652176871027,0.3150177553961694
2025,motion_concentration,4980,11355,678,3.03781255886788,1.4082132239798062,16,16,0.0083859217029509,0.0086364308771154,0.0031482813302416,0.2472480764543474,4981,4996,4982,4997,2025,2025-06-11 14:05:00,2025-06-11 14:10:00,2025-06-12 09:55:00,16,0.0008954809466457,0.0065883647117607,0.5020404014510335,0.0625,-0.0650443388145957,3.0378125588678797,0.5294117647058824,0.2332871233855278,0.0083859217029509,-0.7612679481019294,11360,11371,11357,11372,2025,2025-12-23 13:20:00,2025-12-23 13:45:00,2025-12-23 14:40:00,16,0.0012146813550054,0.003440083381519,0.254792324996686,0.3125,0.0856717284645935,1.4082132239798062,0.5882352941176471,0.0,0.0086364308771154,-0.6270896223373307
2025,motion_concentration,5176,2785,678,1.991682989568627,1.399846447238007,24,30,0.0069312139362569,0.0085468104053383,0.0002040927351258,0.0341159531748127,5185,5200,5178,5201,2025,2025-06-17 14:25:00,2025-06-18 09:40:00,2025-06-18 10:55:00,24,0.0009640605937807,0.0016841292739116,0.0795335229978344,0.375,0.5522782536583668,1.991682989568627,0.2,0.0025500825876168,0.0069312139362569,-0.0916054797911587,2794,2815,2787,2816,2025,2025-04-02 09:40:00,2025-04-02 10:25:00,2025-04-02 13:40:00,30,0.001130660716664,0.0014800365387857,0.0454175698230217,0.3,0.3404301755181403,1.399846447238007,0.4516129032258064,0.0091704196545694,0.0085468104053383,-0.2416501269756569
2025,motion_concentration,5274,7133,678,1.982610090062023,1.3287166680329394,15,12,0.0065331242822752,0.0054176498419344,-0.0028906169202718,-0.1530034552546512,5281,5289,5276,5290,2025,2025-06-19 14:35:00,2025-06-20 09:40:00,2025-06-20 10:20:00,15,0.0010906856255036,-0.0039056705305458,-0.2284205354076083,0.4666666666666667,0.4199833545340162,1.982610090062023,0.0625,0.0085053648525076,0.0065331242822752,0.0047765743847341,7141,7145,7135,7146,2025,2025-08-13 13:30:00,2025-08-13 14:10:00,2025-08-13 14:30:00,12,0.0014982594148023,-0.0010150536102739,-0.075417080152957,0.6666666666666666,-0.3058729856305035,1.3287166680329394,0.3846153846153846,0.0,0.0054176498419344,-0.1839398262380192
2025,motion_concentration,5368,10342,678,2.7005253384204955,1.2192193078326048,26,23,0.0186295353055383,0.0185738925373737,0.0135912827674314,0.4239726634537302,5386,5394,5370,5395,2025,2025-06-23 14:25:00,2025-06-24 10:25:00,2025-06-24 11:05:00,26,0.0016379026873933,0.0124039163081619,0.3922123472609155,0.6923076923076923,-0.3164866592470159,2.7005253384204955,0.2962962962962963,0.1141858620849843,0.0186295353055383,0.6652895992860075,10361,10365,10344,10366,2025,2025-11-24 11:25:00,2025-11-24 14:30:00,2025-11-24 14:50:00,23,0.0022708034050852,-0.0011873664592695,-0.0317603161928147,0.8260869565217391,-0.1991622464912966,1.2192193078326048,0.5833333333333334,0.0091131558429851,0.0185738925373737,0.6182834309273842
2025,motion_concentration,5587,1363,678,1.8603559524399809,1.2255241172054605,14,13,0.0037977638865926,0.0045359056121885,0.0033461910187221,0.1048748275518149,5597,5601,5589,5602,2025,2025-06-30 11:10:00,2025-06-30 13:30:00,2025-06-30 13:50:00,14,0.0016507975196693,-0.004447071318989,-0.5447250252197136,0.7142857142857143,-0.5631465216900047,1.8603559524399809,0.3333333333333333,0.048118209396827,0.0037977638865926,0.479363725575071,1371,1376,1365,1377,2025,2025-02-19 11:10:00,2025-02-19 13:20:00,2025-02-19 13:45:00,13,0.0018736888817305,-0.0077932623377111,-0.6495998527715285,0.6153846153846154,-0.5959578085419611,1.2255241172054605,0.2142857142857142,0.0,0.0045359056121885,0.3674798432042569
2025,motion_concentration,5601,826,678,2.845457896038904,1.2911412568091598,18,20,0.0092552026660257,0.0090059852749764,-0.0043553509835176,-0.264067858764447,5611,5619,5603,5620,2025,2025-06-30 13:50:00,2025-06-30 14:40:00,2025-07-01 09:50:00,18,0.0015992361721387,-0.0034724625774451,-0.2278439815376941,0.5555555555555556,-0.3676814712400934,2.845457896038904,0.4736842105263157,0.0049275784006665,0.0092552026660257,-0.6270160272783237,830,846,828,847,2025,2025-01-27 10:25:00,2025-01-27 10:45:00,2025-01-27 13:35:00,20,0.0015559887573913,0.0008828884060724,0.0362238772267528,0.2,0.3483530733627667,1.2911412568091598,0.3333333333333333,0.0163897560516031,0.0090059852749764,-0.4409865582344567
2025,motion_concentration,5708,2576,678,1.9180190560964048,1.3533352863318198,14,15,0.0059765386007084,0.005369166432998,0.0052635801112634,0.3919807291808651,5713,5722,5710,5723,2025,2025-07-02 14:45:00,2025-07-03 09:40:00,2025-07-03 10:25:00,14,0.0009486760675566,0.0013856275870922,0.093634817790713,0.3571428571428571,0.1938091192979407,1.9180190560964048,0.2666666666666666,0.0131372497434913,0.0059765386007084,-0.3391048683103282,2581,2591,2578,2592,2025,2025-03-26 13:45:00,2025-03-26 14:10:00,2025-03-26 15:00:00,15,0.0011631349023539,-0.0038779525241711,-0.2983459113901521,0.3333333333333333,0.9125023384533574,1.3533352863318198,0.3125,0.0018554894032164,0.005369166432998,-0.3706621931473979
2025,motion_concentration,5769,10922,678,2.3369041703082503,1.4134031803943274,45,51,0.0180952249779542,0.0153401066362119,-0.002882199031497,0.0650329192601439,5789,5814,5771,5815,2025,2025-07-04 10:20:00,2025-07-04 13:30:00,2025-07-07 10:05:00,45,0.001382407670925,0.0166649920634602,0.3657243677636093,0.4444444444444444,0.1031565830812674,2.3369041703082503,0.217391304347826,0.0,0.0180952249779542,0.1659556741310358,10939,10973,10924,10974,2025,2025-12-10 13:15:00,2025-12-10 14:40:00,2025-12-11 13:30:00,51,0.0016025379334564,0.0195471910949572,0.3006914485034653,0.3333333333333333,0.2064505889091049,1.4134031803943274,0.5192307692307693,0.0011463506135015,0.0153401066362119,0.0112797036685975
2025,motion_concentration,5996,631,678,2.922212872782173,1.324657590915303,22,21,0.0125133457247734,0.0126716012812213,0.0006197516011825,-0.0640966867722669,6013,6018,5998,6019,2025,2025-07-10 14:45:00,2025-07-11 10:40:00,2025-07-11 11:05:00,22,0.0012746591535756,-0.0040850142981483,-0.18873688036917,0.7727272727272727,-0.0554982266246755,2.922212872782173,0.6521739130434783,0.053787723141417,0.0125133457247734,0.5846669153276021,647,652,633,653,2025,2025-01-21 10:10:00,2025-01-21 11:30:00,2025-01-21 13:25:00,21,0.0018481253803379,-0.0047047658993309,-0.1246401935969031,0.7619047619047619,-1.1743111969516151,1.324657590915303,0.2272727272727272,0.0462043054762451,0.0126716012812213,0.4378932415178138
2025,motion_concentration,6048,6074,678,2.0713067477478355,1.2562749755717273,8,8,0.0029110640915019,0.0026755196004621,-0.0014425196212486,-0.1452667559497599,6053,6056,6050,6057,2025,2025-07-14 09:35:00,2025-07-14 10:00:00,2025-07-14 10:15:00,8,0.0013764615966841,-0.003243113258626,-0.504023880907469,0.625,-0.0453189529576099,2.0713067477478355,0.3333333333333333,0.0675744717197188,0.0029110640915019,0.1277239452496905,6078,6082,6076,6083,2025,2025-07-14 13:15:00,2025-07-14 13:35:00,2025-07-14 13:55:00,8,0.0009194962296047,-0.0018005936373774,-0.358757124957709,0.5,0.4384104878550437,1.2562749755717273,0.2222222222222222,0.1332537138953296,0.0026755196004621,0.1542089251491444
2025,motion_concentration,6082,4738,678,1.856622382352174,1.3271563724213864,12,11,0.00250403642523,0.0020084401785096,-0.0006873654014093,-0.1551587921771922,6088,6094,6084,6095,2025,2025-07-14 13:55:00,2025-07-14 14:25:00,2025-07-14 14:55:00,12,0.0007634996256934,-0.0002917456172888,-0.0588521705790813,0.5,-0.0957101146659002,1.856622382352174,0.2307692307692307,0.0,0.00250403642523,-0.313522437095887,4742,4749,4740,4750,2025,2025-06-04 13:55:00,2025-06-04 14:15:00,2025-06-04 14:50:00,11,0.000639464071511,0.0003956197841205,0.0963066215981109,0.3636363636363636,-0.3924055680846443,1.3271563724213864,0.3333333333333333,0.1706750687485491,0.0020084401785096,-0.2778044621022673
2025,motion_concentration,6540,7306,678,1.914128844003005,1.360116429689435,12,12,0.0063051612370532,0.0063389121860826,0.0074299488037786,0.3882061591966022,6548,6552,6542,6553,2025,2025-07-28 10:35:00,2025-07-28 11:15:00,2025-07-28 13:05:00,12,0.0016859174075607,-0.0043608867294213,-0.2897898693010046,0.6666666666666666,-0.5788019910749005,1.914128844003005,0.3846153846153846,0.1647794107332486,0.0063051612370532,0.2152634658242454,7309,7318,7308,7319,2025,2025-08-19 10:25:00,2025-08-19 10:40:00,2025-08-19 11:25:00,12,0.0021015064220598,-0.0117908355332,-0.6779960284976068,0.25,1.4852205349644374,1.360116429689435,0.3076923076923077,0.0719005957271973,0.0063389121860826,0.350861696233812
2025,motion_concentration,6660,1777,678,2.472935933285134,1.37291285078699,9,9,0.0089833575387539,0.0107394359065491,0.0013003793974906,-0.3238062924058958,6666,6669,6662,6670,2025,2025-07-30 14:05:00,2025-07-30 14:35:00,2025-07-30 14:50:00,9,0.0019461443807708,-0.0112691098964395,-0.9417150446619714,0.6666666666666666,0.0124192998821259,2.472935933285134,0.7,0.0,0.0089833575387539,0.7227131604769732,1784,1786,1779,1787,2025,2025-03-04 09:40:00,2025-03-04 10:15:00,2025-03-04 10:25:00,9,0.0024831240293429,-0.0125694892939301,-0.6179087522560756,0.7777777777777778,0.094102691343999,1.37291285078699,0.4,0.0,0.0107394359065491,0.6388823898014365
2025,motion_concentration,6764,2311,678,1.902580608055642,1.319249306444478,10,12,0.0060487642171604,0.0061022027776687,0.006592687521975,0.4028507684060528,6773,6774,6766,6775,2025,2025-08-01 14:45:00,2025-08-04 10:00:00,2025-08-04 10:05:00,10,0.0015936618876865,0.0039089628453834,0.1713771200373187,0.9,-0.9358981201279168,1.902580608055642,0.3636363636363636,0.1897200605358233,0.0060487642171604,0.6382183836903121,2321,2323,2313,2324,2025,2025-03-19 10:10:00,2025-03-19 11:00:00,2025-03-19 11:10:00,12,0.0012764780354343,-0.0026837246765916,-0.2314736483687341,0.8333333333333334,-0.0836109142049952,1.319249306444478,0.2307692307692307,0.2958210439777178,0.0061022027776687,0.6304475755723862
2025,motion_concentration,6827,6867,678,2.083941424000459,1.3507722367294366,10,8,0.0025630412254864,0.0025191204960295,-0.0001515138698143,-0.0291948050187301,6828,6837,6829,6838,2025,2025-08-05 10:30:00,2025-08-05 10:35:00,2025-08-05 11:20:00,10,0.0010746147876992,0.000286152045852,0.0467814823966424,0.1,0.868839820917296,2.083941424000459,0.1818181818181818,0.0408028551482323,0.0025630412254864,-0.1413830832721749,6870,6875,6869,6876,2025,2025-08-06 09:50:00,2025-08-06 10:05:00,2025-08-06 10:30:00,8,0.000958613795649,0.0004376659156663,0.0759762874153726,0.375,0.5914410028969359,1.3507722367294366,0.2222222222222222,0.0725847728048756,0.0025191204960295,-0.1699614911028186
2025,motion_concentration,7406,8050,678,1.8671306751913288,1.3611406013717762,7,7,0.0062227096260274,0.0065984586190186,-0.0043834540246858,-0.3521186209425005,7408,7413,7408,7414,2025,2025-08-21 10:45:00,2025-08-21 10:55:00,2025-08-21 11:20:00,7,0.0036229846276616,-0.001908702446287,-0.1888656055924397,0.2857142857142857,0.0643087167504182,1.8671306751913292,0.375,0.0,0.0062227096260274,-0.3081422715872249,8055,8057,8052,8058,2025,2025-09-09 13:55:00,2025-09-09 14:20:00,2025-09-09 14:30:00,7,0.003352996811737,0.0024747515783987,0.1632530153500607,0.7142857142857143,0.6432620520872755,1.3611406013717762,0.25,0.3140134156018099,0.0065984586190186,-0.3617061563013862
2025,motion_concentration,7997,9036,678,4.046952646516547,1.397151405341157,21,24,0.020152968319711,0.0208654304665714,-0.0337391436224518,-0.7303521029872593,8010,8018,7999,8019,2025,2025-09-08 13:30:00,2025-09-08 14:35:00,2025-09-09 09:45:00,21,0.0029158849254998,-0.0185052705961504,-0.3825838158813522,0.6190476190476191,-0.3614637073876153,4.046952646516547,0.5909090909090909,0.0840305687821762,0.020152968319711,-0.3100738957971323,9042,9060,9038,9061,2025,2025-10-16 10:35:00,2025-10-16 11:05:00,2025-10-16 14:05:00,24,0.0023544368289235,0.0152338730263013,0.3477682871059069,0.25,0.9290928363199352,1.397151405341157,0.36,0.0315478251789249,0.0208654304665714,-0.4419705873013911
2025,motion_concentration,8346,217,678,1.8676089692271325,1.3578420125368085,19,21,0.044198896395013,0.0368944443323879,0.0202541382973273,0.2188110887817805,8363,8365,8348,8366,2025,2025-09-17 14:35:00,2025-09-18 10:30:00,2025-09-18 10:40:00,19,0.0037759873489643,0.0307871542886874,0.404403643043943,0.8947368421052632,-0.609392184957242,1.8676089692271325,0.25,0.1753177890193231,0.044198896395013,0.6963940661498426,230,238,219,239,2025,2025-01-08 13:10:00,2025-01-08 14:15:00,2025-01-08 14:55:00,21,0.0027454617154465,0.0105330159913601,0.1855925542621624,0.6190476190476191,-0.0065000123214378,1.3578420125368085,0.3636363636363636,0.0021117977369403,0.0368944443323879,0.7865546057028479
2025,motion_concentration,8694,9326,678,2.102148197260584,1.3228904683368454,16,17,0.0134225538020578,0.0161152149062182,-0.0060887821420487,-0.189436109377422,8704,8710,8696,8711,2025,2025-09-29 10:05:00,2025-09-29 10:55:00,2025-09-29 11:25:00,16,0.0033663454805646,-0.012783011864084,-0.3894934113330322,0.625,0.3103288485402418,2.102148197260584,0.5294117647058824,0.0148938385565511,0.0134225538020578,0.7574561603369261,9339,9343,9328,9344,2025,2025-10-24 10:45:00,2025-10-24 13:20:00,2025-10-24 13:40:00,17,0.0030925826044067,-0.0066942297220352,-0.2000573019556101,0.7647058823529411,-0.1776425130197995,1.3228904683368454,0.5555555555555556,0.0,0.0161152149062182,0.6983815581982211
2025,motion_concentration,8727,1542,678,1.8644270923086828,1.301804175306687,21,21,0.0302678941385794,0.0318258080566549,0.0186503196742021,0.2972454763553843,8745,8748,8729,8749,2025,2025-09-29 14:20:00,2025-09-30 10:20:00,2025-09-30 10:35:00,21,0.003166035464452,0.0263315532428413,0.4298932571834112,0.8571428571428571,0.1022936784779255,1.8644270923086828,0.3181818181818182,0.1866028196523557,0.0302678941385794,0.87868322510963,1561,1563,1544,1564,2025,2025-02-25 10:05:00,2025-02-25 13:10:00,2025-02-25 13:20:00,21,0.0026647896387852,0.0076812335686392,0.1326477808280268,0.9047619047619048,-0.8007420451448433,1.301804175306687,0.2272727272727272,0.09390489585157,0.0318258080566549,0.7818023544268979
2025,motion_concentration,8760,1272,678,2.019616334634119,1.402643114868827,11,9,0.0088907880921658,0.008194744943009,0.0040948405397192,0.2207557262016146,8763,8771,8762,8772,2025,2025-09-30 13:05:00,2025-09-30 13:20:00,2025-09-30 14:00:00,11,0.0032381186764348,-0.0008003213813547,-0.0412551002462351,0.2727272727272727,1.2051754469375022,2.019616334634119,0.25,0.1797506956701868,0.0088907880921658,-0.6672026353921897,1275,1281,1274,1282,2025,2025-02-17 13:05:00,2025-02-17 13:20:00,2025-02-17 13:50:00,9,0.0031266130165758,-0.004895161921074,-0.2620108264478498,0.3333333333333333,0.2398046423495324,1.402643114868827,0.3,0.2084939008531803,0.008194744943009,-0.521542069006955
2025,motion_concentration,8801,7856,678,2.3878774670468066,1.3633889640184984,40,32,0.070663543210955,0.0615463150224826,0.0338118527510477,0.2160875911066458,8805,8841,8803,8842,2025,2025-10-09 11:00:00,2025-10-09 11:20:00,2025-10-10 10:20:00,40,0.0049661106942109,0.0562071992775242,0.4054344718577289,0.1,-0.1972804662806357,2.3878774670468066,0.5365853658536586,0.0612451397060716,0.070663543210955,-0.9261157799257914,7863,7888,7858,7889,2025,2025-09-03 13:45:00,2025-09-03 14:20:00,2025-09-04 10:55:00,32,0.0036283798100359,0.0223953465264765,0.189346880751083,0.21875,0.4661989488772389,1.3633889640184984,0.4242424242424242,0.0130904122628449,0.0615463150224826,-0.8478123679732456
2025,motion_concentration,9079,10848,678,1.891623240527636,1.302859114434877,19,16,0.0133398765123038,0.0108953952544714,-0.0070582175498386,-0.1455320589557047,9088,9098,9081,9099,2025,2025-10-17 10:10:00,2025-10-17 10:55:00,2025-10-17 13:15:00,19,0.0026880016898302,-0.0165562609753897,-0.4131966912362574,0.4736842105263157,0.0712875016063846,1.891623240527636,0.3,0.016600179978549,0.0133398765123038,0.1489523048520829,10855,10864,10850,10865,2025,2025-12-09 09:35:00,2025-12-09 10:10:00,2025-12-09 10:55:00,16,0.0020240554442523,-0.009498043425551,-0.2676646322805526,0.4375,0.3176054272113649,1.302859114434877,0.5882352941176471,0.0,0.0108953952544714,0.0457848563565469
2025,motion_concentration,9201,64,678,2.382339396222705,1.3102356277664096,18,22,0.0159374198822064,0.0189590574916627,-0.0203377945167439,-0.6177336128346687,9209,9219,9203,9220,2025,2025-10-21 13:50:00,2025-10-21 14:30:00,2025-10-22 09:50:00,18,0.0023128512543639,-0.012796081850611,-0.3703182865768649,0.4444444444444444,-0.3313646016848096,2.382339396222705,0.5263157894736842,0.0031967820929602,0.0159374198822064,-0.719811270427104,68,86,66,87,2025,2025-01-03 10:55:00,2025-01-03 11:15:00,2025-01-03 14:15:00,22,0.0025673684681567,0.0075417126661328,0.2474153262578037,0.1818181818181818,0.3743853302599585,1.3102356277664096,0.2608695652173913,0.0004381507869487,0.0189590574916627,-0.7978791525515937
2025,motion_concentration,9282,8521,678,2.1541421325454,1.288577103861149,13,11,0.0074665240279552,0.0079343811405054,-0.0010511752255569,-0.0258594971583208,9286,9295,9284,9296,2025,2025-10-23 11:05:00,2025-10-23 11:25:00,2025-10-23 13:40:00,13,0.0029102091524338,0.001783074317769,0.1087132888571824,0.3076923076923077,0.1196305322496755,2.1541421325454,0.5714285714285714,0.0,0.0074665240279552,-0.2417293511152057,8524,8532,8523,8533,2025,2025-09-23 13:10:00,2025-09-23 13:25:00,2025-09-23 14:05:00,11,0.0031183228003503,0.0028342495433259,0.1345727860155032,0.2727272727272727,0.5802016578758963,1.288577103861149,0.4166666666666667,0.0037976171570174,0.0079343811405054,-0.3700705114079985
2025,motion_concentration,9394,362,678,2.1250561409557687,1.3754864344361375,16,13,0.0075655935655465,0.0072150537801674,0.0048132372737233,0.2568542029883794,9402,9410,9396,9411,2025,2025-10-27 13:55:00,2025-10-27 14:35:00,2025-10-28 09:45:00,16,0.0034569546690957,-0.0034051170432377,-0.1112320310441925,0.5,-0.0571808973060995,2.1250561409557687,0.7058823529411765,0.0507324618500813,0.0075655935655465,-0.0447016236357657,371,375,364,376,2025,2025-01-13 13:15:00,2025-01-13 14:00:00,2025-01-13 14:20:00,13,0.0032493714061962,-0.0082183543169611,-0.3680862340325719,0.6923076923076923,-0.7075791514093369,1.3754864344361375,0.2142857142857142,0.0076101129694125,0.0072150537801674,0.1338489494256945
2025,motion_concentration,9440,11143,678,1.8672854669553507,1.3201200348199713,12,14,0.0080427109628136,0.0080489698143626,-3.2204052758577975e-05,-0.0745766208444605,9446,9452,9442,9453,2025,2025-10-28 13:45:00,2025-10-28 14:15:00,2025-10-28 14:45:00,12,0.0024473052482752,-0.0077668340418883,-0.4930352768795692,0.5,0.3973561059544628,1.8672854669553507,0.5384615384615384,0.0,0.0080427109628136,0.6188693594824706,11154,11157,11145,11158,2025,2025-12-17 10:10:00,2025-12-17 11:05:00,2025-12-17 11:20:00,14,0.0020378295929808,-0.0077346299891298,-0.4184586560351087,0.7857142857142857,-0.005563149749897,1.3201200348199713,0.7333333333333333,0.0,0.0080489698143626,0.5005267337886884
2025,motion_concentration,9518,8285,678,1.994642307909865,1.2458123638692218,11,13,0.0097694330242585,0.0095891700203418,0.001743317899809,0.0979506747617931,9519,9529,9520,9530,2025,2025-10-30 10:45:00,2025-10-30 10:50:00,2025-10-30 13:10:00,11,0.0029976640880907,-0.0026449583669359,-0.1150706868901108,0.0909090909090909,-0.1582917434029785,1.994642307909865,0.6666666666666666,0.1001774327225207,0.0097694330242585,-0.2381836866261807,8290,8298,8287,8299,2025,2025-09-16 13:30:00,2025-09-16 13:55:00,2025-09-16 14:35:00,13,0.0038064308537032,-0.004388276266745,-0.2130213616519039,0.3846153846153846,0.1816532717020736,1.2458123638692218,0.3571428571428571,0.0408398831346008,0.0095891700203418,-0.138489759278192
2025,motion_concentration,10429,3196,678,1.863409877776311,1.3606986706518875,14,13,0.0111895530721835,0.0095735631466826,-0.0050459103790274,-0.1943930169763163,10441,10443,10431,10444,2025,2025-11-26 10:40:00,2025-11-26 13:10:00,2025-11-26 13:20:00,14,0.0021285185768148,-0.0067978392762502,-0.2846085898232469,0.8571428571428571,0.1871891361595141,1.863409877776311,0.4,0.1544562237951306,0.0111895530721835,0.4881530439378904,3207,3209,3198,3210,2025,2025-04-15 13:25:00,2025-04-15 14:20:00,2025-04-15 14:30:00,13,0.0019053595159611,-0.0017519288972227,-0.0902155728469305,0.8461538461538461,-0.3835208227600865,1.3606986706518875,0.2142857142857142,0.0093977778746767,0.0095735631466826,0.7076714929597425
2025,motion_concentration,10744,7773,678,2.278652058370318,1.4090347535992578,11,10,0.0151960132987021,0.0160275731044503,-0.0109109589176865,-0.5208837394614313,10749,10755,10746,10756,2025,2025-12-04 14:25:00,2025-12-04 14:50:00,2025-12-05 09:50:00,11,0.0021735693949015,-0.0117569551347133,-0.5420319838412697,0.4545454545454545,-0.5434480096315174,2.278652058370318,0.25,0.0716126529186328,0.0151960132987021,-0.4836837729517723,7775,7783,7775,7784,2025,2025-09-01 14:50:00,2025-09-01 15:00:00,2025-09-02 10:10:00,10,0.0031231177007885,-0.0008459962170268,-0.0211482443798383,0.2,0.2968955328480408,1.4090347535992578,0.1818181818181818,0.1525761609461648,0.0160275731044503,-0.4559526563955511
2025,motion_concentration,10796,2157,678,1.9462474853955647,1.2917453777276555,16,18,0.0171605184642853,0.0154765491204305,0.0037454623320933,0.2014567593431256,10810,10812,10798,10813,2025,2025-12-05 14:45:00,2025-12-08 10:25:00,2025-12-08 10:35:00,16,0.0017532560655463,0.0133350292317549,0.4602571025653227,0.875,-1.2115287706140618,1.9462474853955647,0.2352941176470588,0.1234436540204453,0.0171605184642853,0.7649437957605738,2172,2175,2159,2176,2025,2025-03-13 14:50:00,2025-03-14 10:35:00,2025-03-14 10:50:00,18,0.0020768515244391,0.0095895668996615,0.2588003432221971,0.8333333333333334,-0.6485899021680445,1.2917453777276555,0.3684210526315789,0.1701445812492421,0.0154765491204305,0.6063803298422233
2025,motion_concentration,10840,1122,678,3.243911387733597,1.319129555017441,8,8,0.0082620580635817,0.0085928487421673,0.0055127702758592,0.3461972195263219,10842,10848,10842,10849,2025,2025-12-08 14:25:00,2025-12-08 14:35:00,2025-12-09 09:35:00,8,0.001910081086636,0.007273622995083,0.4644835007007341,0.25,-0.285261007995588,3.243911387733597,0.5555555555555556,0.0,0.0082620580635817,-0.8398738579631139,1123,1130,1124,1131,2025,2025-02-12 11:05:00,2025-02-12 11:10:00,2025-02-12 13:15:00,8,0.0023606912584891,0.0017608527192238,0.1182862811744122,0.125,0.7029894353966958,1.319129555017441,0.5555555555555556,0.0,0.0085928487421673,-0.6080457830391469
2025,motion_concentration,11202,5487,678,1.8644585069489368,1.4076521839040614,27,22,0.0085406464037705,0.0088808302427096,-0.0050825857814652,-0.201947622435129,11211,11229,11204,11230,2025,2025-12-18 11:05:00,2025-12-18 13:20:00,2025-12-18 14:50:00,27,0.0019897279946098,-0.0048981306542763,-0.1920162527238438,0.3333333333333333,0.744123092988469,1.8644585069489372,0.2142857142857142,0.0110335802246162,0.0085406464037705,-0.414952587050593,5494,5509,5489,5510,2025,2025-06-26 10:50:00,2025-06-26 11:25:00,2025-06-26 14:10:00,22,0.001460554420658,0.0001844551271888,0.0099313697112852,0.3181818181818182,0.2170945884617491,1.4076521839040614,0.4347826086956521,0.0040405786215996,0.0088808302427096,-0.5389565977180345
2025,motion_concentration,11274,1204,678,3.847065738688094,1.292138707679511,20,18,0.0154192838053974,0.013288970871911,-0.0036363581554447,-0.2068477696894632,11287,11294,11276,11295,2025,2025-12-19 14:35:00,2025-12-22 10:10:00,2025-12-22 10:45:00,20,0.0018850239549743,-0.0093992487596995,-0.3719920876068557,0.65,0.3017199173179392,3.847065738688094,0.4285714285714285,0.1090072052114056,0.0154192838053974,0.7109894316095824,1220,1222,1206,1223,2025,2025-02-14 09:55:00,2025-02-14 11:15:00,2025-02-14 11:25:00,18,0.002019764780305,-0.0057628906042548,-0.1651443179173924,0.8888888888888888,-0.6238115908187657,1.292138707679511,0.3157894736842105,0.008831900416301,0.013288970871911,0.6058773160190051
2025,motion_concentration,11324,5325,678,1.9463666198333816,1.3661071881657791,18,20,0.0096088591066374,0.0099856247412901,-0.0054280693627545,-0.3417279161173403,11333,11342,11326,11343,2025,2025-12-22 14:45:00,2025-12-23 10:00:00,2025-12-23 10:45:00,18,0.0013147463009355,-0.0093071741565987,-0.4553177337013211,0.5,0.3950846028018995,1.9463666198333816,0.3684210526315789,0.0137213516729256,0.0096088591066374,0.2601650210247301,5335,5345,5327,5346,2025,2025-06-20 14:50:00,2025-06-23 10:10:00,2025-06-23 11:00:00,20,0.0010894643041657,-0.0038791047938442,-0.1135898175839808,0.5,0.3663447992751006,1.3661071881657791,0.238095238095238,0.0154302754425668,0.0099856247412901,0.3238811346145316
2025,motion_concentration,11562,1130,678,2.4959287675336954,1.41413098572976,21,24,0.0151817487892857,0.0180823793243281,-0.0074972976310623,-0.2737614682139648,11574,11583,11564,11584,2025,2025-12-29 14:35:00,2025-12-30 10:05:00,2025-12-30 10:50:00,21,0.0018015835095867,-0.0111263799565793,-0.3614721592482948,0.5714285714285714,0.0008099727063759,2.4959287675336954,0.5,0.0,0.0151817487892857,0.5031142107867007,1150,1154,1132,1155,2025,2025-02-12 13:15:00,2025-02-12 14:55:00,2025-02-13 09:45:00,24,0.0021407668572928,-0.0036290823255169,-0.0877106910343299,0.8333333333333334,-0.3338567771896399,1.41413098572976,0.44,0.0,0.0180823793243281,0.5453595934518682
2025,motion_concentration,11590,766,678,2.00155389426568,1.412298778775543,13,11,0.0095824805546431,0.0097134644702725,-0.0061028668287286,-0.3270913308411218,11601,11603,11592,11604,2025,2025-12-30 11:25:00,2025-12-30 13:50:00,2025-12-30 14:00:00,13,0.0019006211290557,-0.0048226093217912,-0.268977416227917,0.8461538461538461,0.355209683063864,2.00155389426568,0.3571428571428571,0.0471718700147077,0.0095824805546431,0.6046226293881819,774,777,768,778,2025,2025-01-23 14:55:00,2025-01-24 10:05:00,2025-01-24 10:20:00,11,0.0018240244663688,0.0012802575069374,0.0581139146132047,0.7272727272727273,-0.3501837605318919,1.412298778775543,0.25,0.138246697758084,0.0097134644702725,0.619836609438499
2025,half_height_width,261,11096,678,0.75,0.125,15,15,0.011086897931456,0.0133766860569615,-0.0021606448824842,-0.0335582335471562,267,276,263,277,2025,2025-01-09 11:20:00,2025-01-09 13:20:00,2025-01-09 14:05:00,15,0.0024268613102961,0.0024363959072461,0.1296325712007055,0.4,0.0384240782584134,1.6939345020143468,0.75,0.0,0.011086897931456,-0.6054330632655488,11098,11111,11098,11112,2025,2025-12-16 10:15:00,2025-12-16 10:25:00,2025-12-16 11:30:00,15,0.0019390471020616,0.0045970407897304,0.1631908047478618,0.1333333333333333,1.4147170046343909,1.5001641271241668,0.125,0.1669347188537678,0.0133766860569615,-0.604949375089881
2025,half_height_width,276,2148,678,0.7,0.1,9,9,0.007187895591338,0.0080791896511467,0.0050154050363278,0.1065930274952475,282,285,278,286,2025,2025-01-09 14:05:00,2025-01-09 14:35:00,2025-01-09 14:50:00,9,0.0019665262896307,-0.0067665912175093,-0.4879511457002689,0.6666666666666666,0.1204684361316473,1.5843237274235058,0.7,0.0,0.007187895591338,0.4410012908986299,2156,2157,2150,2158,2025,2025-03-13 14:05:00,2025-03-13 14:45:00,2025-03-13 14:50:00,9,0.0019005949470602,-0.0117819962538371,-0.5945441731955164,0.8888888888888888,-0.859218628515803,1.4709934945488077,0.1,0.1953854264360619,0.0080791896511467,0.5599236247370072
2025,half_height_width,294,9830,678,0.6190476190476191,0.1578947368421052,20,18,0.0189772330643327,0.0232903982480872,-0.0058631145462075,-0.0734219654844325,300,314,296,315,2025,2025-01-10 10:05:00,2025-01-10 10:35:00,2025-01-10 13:15:00,20,0.0025554484424446,0.0056044290366606,0.1384544106980244,0.3,0.1819274275989226,1.54930161361241,0.6190476190476191,0.0,0.0189772330643327,-0.5401497179091195,9832,9848,9832,9849,2025,2025-11-07 14:15:00,2025-11-07 14:25:00,2025-11-10 10:15:00,18,0.0024006765972396,0.0114675435828681,0.211876376182457,0.1111111111111111,-0.2495128961830806,2.1093086110543853,0.1578947368421052,0.0881167353684496,0.0232903982480872,-0.4966977708054865
2025,half_height_width,337,8365,678,0.5,0.25,7,7,0.0131753933167253,0.0138301693121709,-0.016232406231132,-0.6039942465439334,341,344,339,345,2025,2025-01-13 09:40:00,2025-01-13 10:00:00,2025-01-13 10:15:00,7,0.0032308369180719,-0.0236970390046549,-0.833337735802861,0.5714285714285714,0.3349397982648454,1.4356382148102858,0.5,0.0180145856596139,0.0131753933167253,0.1088470894117635,8366,8372,8367,8373,2025,2025-09-18 10:40:00,2025-09-18 10:45:00,2025-09-18 11:15:00,7,0.0041699527139488,-0.0074646327735229,-0.2293434892589275,0.1428571428571428,0.1924885208855358,1.1914277986236248,0.25,0.1105614278928042,0.0138301693121709,-0.1225168657256884
2025,half_height_width,407,631,678,0.5714285714285714,0.2272727272727272,20,21,0.0127830946944431,0.0126716012812213,-0.0036953114469105,-0.1102982957408725,422,427,409,428,2025,2025-01-14 11:30:00,2025-01-14 14:15:00,2025-01-14 14:40:00,20,0.0023155902110684,-0.0084000773462414,-0.2349384893377757,0.75,-0.2810584916552049,1.379848138452758,0.5714285714285714,0.003169667375891,0.0127830946944431,0.5019981897382529,647,652,633,653,2025,2025-01-21 10:10:00,2025-01-21 11:30:00,2025-01-21 13:25:00,21,0.0018481253803379,-0.0047047658993309,-0.1246401935969031,0.7619047619047619,-1.1743111969516151,1.324657590915303,0.2272727272727272,0.0462043054762451,0.0126716012812213,0.4378932415178138
2025,half_height_width,435,1069,678,0.5172413793103449,0.2424242424242424,28,32,0.0142388519704867,0.0160623780101287,-0.0043537645338951,-0.0406683976173679,446,463,437,464,2025,2025-01-15 09:50:00,2025-01-15 10:45:00,2025-01-15 13:40:00,28,0.0024307376089245,0.0036251598170158,0.0983784358282046,0.3928571428571428,0.2172828754667591,1.573710731078595,0.5172413793103449,0.0,0.0142388519704867,0.2497217183433711,1084,1101,1071,1102,2025,2025-02-11 10:40:00,2025-02-11 13:25:00,2025-02-11 14:50:00,32,0.0024217678303352,0.0079789243509109,0.1390468334455726,0.46875,0.2531831834802123,1.4592147691127964,0.2424242424242424,0.0157536981742035,0.0160623780101287,0.1734500876722421
2025,half_height_width,463,6995,678,0.5454545454545454,0.1666666666666666,10,11,0.0048250011827848,0.0048085058689988,-0.0010019211504695,-0.1696340043675668,466,473,465,474,2025,2025-01-15 13:40:00,2025-01-15 13:55:00,2025-01-15 14:30:00,10,0.0018671822267256,0.00194516738578,0.2551460909590123,0.3,0.3124138654672453,1.5769803928674198,0.5454545454545454,0.0,0.0048250011827848,-0.3692058035571939,6996,7006,6997,7007,2025,2025-08-08 14:00:00,2025-08-08 14:05:00,2025-08-08 14:55:00,11,0.0018735468594075,0.0029470885362496,0.4247800953265792,0.0909090909090909,0.8989452694172676,1.245367711377259,0.1666666666666666,0.0,0.0048085058689988,-0.5910384777644224
2025,half_height_width,489,473,678,0.5,0.2352941176470588,17,16,0.0215449677689507,0.0231306233267503,0.0254287862940234,0.5767129913820688,490,506,491,507,2025,2025-01-16 10:20:00,2025-01-16 10:25:00,2025-01-16 13:15:00,17,0.0028618610665094,0.0128626157933417,0.3307534959032666,0.0588235294117647,0.2447395875010516,1.4944119257534527,0.5,0.0176239596386714,0.0215449677689507,-0.5911593527651698,481,489,475,490,2025,2025-01-15 14:30:00,2025-01-16 09:40:00,2025-01-16 10:20:00,16,0.0019275011207831,-0.0125661705006816,-0.2459594954788022,0.5,-0.0848511449606492,1.7981582143881778,0.2352941176470588,0.0,0.0231306233267503,-0.3531909207328719
2025,half_height_width,513,742,678,0.631578947368421,0.1666666666666666,18,17,0.0167874412452286,0.0168736256297119,0.0077310325059415,0.2086306428978562,518,531,515,532,2025,2025-01-16 13:50:00,2025-01-16 14:15:00,2025-01-17 09:50:00,18,0.0031522343317481,0.006959892563292,0.1816783987849189,0.2777777777777778,0.0665682731912395,1.5148453640515074,0.631578947368421,0.0012393034166686,0.0167874412452286,-0.6414090635499824,744,759,744,760,2025,2025-01-23 11:25:00,2025-01-23 13:05:00,2025-01-23 14:20:00,17,0.0023288183098074,-0.0007711399426495,-0.0269522441129372,0.1176470588235294,2.0272160321323733,1.2220428604033216,0.1666666666666666,0.0708427703298533,0.0168736256297119,-0.6410679907172473
2025,half_height_width,683,5472,678,0.5263157894736842,0.25,18,15,0.0090461143196822,0.0108039816581344,-0.0057309180266907,-0.2544353685962714,692,701,685,702,2025,2025-01-22 10:30:00,2025-01-22 11:15:00,2025-01-22 13:30:00,18,0.0017877580826906,0.0003028858097063,0.0134286888174131,0.5,-0.0162164995629174,1.4705561968478174,0.5263157894736842,0.0,0.0090461143196822,0.1619769717413092,5479,5487,5474,5488,2025,2025-06-26 09:35:00,2025-06-26 10:10:00,2025-06-26 10:50:00,15,0.0014668685622467,0.006033803836397,0.2678640574136846,0.4666666666666667,0.687173981033249,1.7942856453814904,0.25,0.1311963337883371,0.0108039816581344,0.1012608748483704
2025,half_height_width,701,2311,678,0.5833333333333334,0.2307692307692307,11,12,0.0064238178852864,0.0061022027776687,-0.0044811730551808,-0.3181085510953365,708,712,703,713,2025,2025-01-22 13:30:00,2025-01-22 14:05:00,2025-01-22 14:25:00,11,0.0017602213992464,-0.0071648977317724,-0.5495821994640706,0.6363636363636364,-0.2125369490066659,1.4120878740863616,0.5833333333333334,0.0,0.0064238178852864,0.4679996326850573,2321,2323,2313,2324,2025,2025-03-19 10:10:00,2025-03-19 11:00:00,2025-03-19 11:10:00,12,0.0012764780354343,-0.0026837246765916,-0.2314736483687341,0.8333333333333334,-0.0836109142049952,1.319249306444478,0.2307692307692307,0.2958210439777178,0.0061022027776687,0.6304475755723862
2025,half_height_width,971,1627,678,0.5333333333333333,0.1891891891891892,29,36,0.0290432500617727,0.0302931621267239,0.0150349048912284,0.273048173263309,982,1000,973,1001,2025,2025-02-07 10:30:00,2025-02-07 11:25:00,2025-02-07 14:25:00,29,0.0021211147122713,0.028104802634842,0.4481027173194831,0.3793103448275862,-0.0199395352960755,1.5141908698933113,0.5333333333333333,0.0123772204894304,0.0290432500617727,-0.6303292159773266,1634,1663,1629,1664,2025,2025-02-26 14:40:00,2025-02-27 09:45:00,2025-02-27 13:40:00,36,0.0024313741882612,0.0130698977436135,0.1750545440561741,0.1944444444444444,0.5729497989332702,1.4953262226578852,0.1891891891891892,0.0109271504703489,0.0302931621267239,-0.7022883009358103
2025,half_height_width,1000,1236,678,0.5714285714285714,0.238095238095238,20,20,0.0213207544671343,0.0243045205196752,-0.0019360111801882,-0.0611014366149267,1015,1020,1002,1021,2025,2025-02-07 14:25:00,2025-02-10 10:10:00,2025-02-10 10:35:00,20,0.0025906020142138,-0.0045333740853782,-0.1114043364278052,0.75,-0.0240788016616186,1.7252371977847725,0.5714285714285714,0.0,0.0213207544671343,0.7182272252618828,1251,1256,1238,1257,2025,2025-02-14 14:05:00,2025-02-17 09:50:00,2025-02-17 10:15:00,20,0.0023362205190307,-0.00259736290519,-0.0503028998128784,0.75,-1.385658142711787,2.44691123997674,0.238095238095238,0.061905218737445,0.0243045205196752,0.570614734240749
2025,half_height_width,1020,10812,678,0.7142857142857143,0.1666666666666666,6,5,0.0047309603903986,0.003885404181446,0.0014803965794807,0.1574513300913689,1025,1026,1022,1027,2025,2025-02-10 10:35:00,2025-02-10 11:00:00,2025-02-10 11:05:00,6,0.0024147403517318,0.002759578077861,0.3629972415578431,0.8333333333333334,-0.1211996788899292,1.5164733124151228,0.7142857142857143,0.0,0.0047309603903986,0.3972605243149677,10815,10817,10814,10818,2025,2025-12-08 10:35:00,2025-12-08 10:50:00,2025-12-08 11:00:00,5,0.0018375330792312,0.0012791814983802,0.2055459114664741,0.6,0.5283735837268047,1.3502410743891535,0.1666666666666666,0.0,0.003885404181446,0.3790422665640171
2025,half_height_width,1107,10542,678,0.5714285714285714,0.125,6,7,0.0064161763105685,0.0077437483487754,-0.0028215123331766,-0.3555283844743158,1111,1113,1109,1114,2025,2025-02-12 09:50:00,2025-02-12 10:10:00,2025-02-12 10:20:00,6,0.0023069852593244,-0.0091446433496759,-0.8395432493769209,0.6666666666666666,0.2130152941251357,1.8659802468053288,0.5714285714285714,0.0598397010175165,0.0064161763105685,0.3115708894751276,10547,10549,10544,10550,2025,2025-11-28 13:35:00,2025-11-28 14:00:00,2025-11-28 14:10:00,7,0.0022629918797056,-0.0063231310164992,-0.4840148649026051,0.7142857142857143,-0.9093430881473784,1.7519060129618291,0.125,0.0019184349142853,0.0077437483487754,0.4077640732543807
2025,half_height_width,1122,1227,678,0.5555555555555556,0.2,8,9,0.0085928487421673,0.0098809118719502,0.007257602594629,0.4314748764332587,1123,1130,1124,1131,2025,2025-02-12 11:05:00,2025-02-12 11:10:00,2025-02-12 13:15:00,8,0.0023606912584891,0.0017608527192238,0.1182862811744122,0.125,0.7029894353966958,1.319129555017441,0.5555555555555556,0.0,0.0085928487421673,-0.6080457830391469,1228,1236,1229,1237,2025,2025-02-14 13:20:00,2025-02-14 13:25:00,2025-02-14 14:05:00,9,0.0023117150317823,-0.0054967498754052,-0.3131885952588465,0.1111111111111111,1.6564971873904837,1.7303376356076308,0.2,0.1251478496008394,0.0098809118719502,-0.4577764054124474
2025,half_height_width,1175,2118,678,0.5666666666666667,0.1935483870967742,29,30,0.0217110442435766,0.0209194382669766,-0.0034942060682818,-0.1595154164980433,1183,1204,1177,1205,2025,2025-02-13 11:30:00,2025-02-13 13:40:00,2025-02-14 09:55:00,29,0.0020017113024733,0.0138075373169025,0.2539350558078348,0.2758620689655172,0.3279112699636599,2.010025473118254,0.5666666666666667,0.0043436592949768,0.0217110442435766,-0.6453514238441495,2119,2148,2120,2149,2025,2025-03-13 10:05:00,2025-03-13 10:10:00,2025-03-13 14:05:00,30,0.0019324423039606,0.0173017433851843,0.4134504723058781,0.0333333333333333,0.9602102671695404,1.616543491066146,0.1935483870967742,0.1820651357407832,0.0209194382669766,-0.8221368375007791
2025,half_height_width,1429,2276,678,0.75,0.25,7,7,0.0031982712165321,0.0031135271166444,-0.0009202854609292,-0.120838283097365,1433,1436,1431,1437,2025,2025-02-20 14:10:00,2025-02-20 14:30:00,2025-02-20 14:45:00,7,0.0018033326777774,-6.774313740407758e-05,-0.0074685562665025,0.5714285714285714,-0.0820223240903032,1.2748127256135915,0.75,0.0,0.0031982712165321,-0.0302583799957021,2277,2283,2278,2284,2025,2025-03-18 11:15:00,2025-03-18 11:20:00,2025-03-18 13:20:00,7,0.0018136237957707,0.0008525423235251,0.1133697268308624,0.1428571428571428,0.8168912480382184,1.176712610425937,0.25,0.0332670625559965,0.0031135271166444,-0.2561789211214271
2025,half_height_width,1474,8751,678,0.5833333333333334,0.2,11,9,0.0089087041468616,0.0089732174591921,-0.0141455228037937,-0.9990678087002438,1481,1485,1476,1486,2025,2025-02-21 13:55:00,2025-02-21 14:30:00,2025-02-21 14:50:00,11,0.0028263218621832,-0.0090854361393658,-0.6304239669346254,0.6363636363636364,-0.0015477309816058,1.977784306563124,0.5833333333333334,0.0917862908418865,0.0089087041468616,0.561853479803293,8757,8760,8753,8761,2025,2025-09-30 10:50:00,2025-09-30 11:20:00,2025-09-30 13:05:00,9,0.003226421806618,0.0050600866644279,0.3686438417656183,0.6666666666666666,-0.4923827005232629,2.060967805874629,0.2,0.0,0.0089732174591921,0.5616995699550023
2025,half_height_width,1516,9579,678,0.5555555555555556,0.25,8,7,0.0056713257668628,0.0050744762077128,0.0004353906918887,0.0328267384835452,1521,1524,1518,1525,2025,2025-02-24 13:25:00,2025-02-24 13:50:00,2025-02-24 14:05:00,8,0.0030391911723293,0.0024061675340421,0.2586571213617147,0.625,-0.4602532534419833,2.142346546818691,0.5555555555555556,0.0,0.0056713257668628,-0.3984250995943533,9581,9586,9581,9587,2025,2025-10-31 13:20:00,2025-10-31 13:30:00,2025-10-31 13:55:00,7,0.0032205470024264,0.0019707768421533,0.2258303828781694,0.2857142857142857,-0.2074729675577397,1.262644133762814,0.25,0.0438726221703168,0.0050744762077128,-0.3467471458597647
2025,half_height_width,1607,766,678,0.6,0.25,9,11,0.0080156997516729,0.0097134644702725,0.0034358475926285,0.3135839926018537,1613,1616,1609,1617,2025,2025-02-26 11:30:00,2025-02-26 13:30:00,2025-02-26 13:45:00,9,0.0026758109198155,0.004716105099566,0.3716979072150585,0.6666666666666666,-0.0044344684901649,1.8494793223204475,0.6,0.0,0.0080156997516729,0.5905132983584591,774,777,768,778,2025,2025-01-23 14:55:00,2025-01-24 10:05:00,2025-01-24 10:20:00,11,0.0018240244663688,0.0012802575069374,0.0581139146132047,0.7272727272727273,-0.3501837605318919,1.412298778775543,0.25,0.138246697758084,0.0097134644702725,0.619836609438499
2025,half_height_width,1795,8143,678,0.5909090909090909,0.0909090909090909,21,21,0.0238894090282792,0.0269562952458057,-0.0242053608963144,-0.4798808456863301,1810,1816,1797,1817,2025,2025-03-04 11:10:00,2025-03-04 13:55:00,2025-03-04 14:25:00,21,0.0030111452922451,-0.0186468451610893,-0.3731544535100948,0.7142857142857143,0.0986707181940188,2.169311067094667,0.5909090909090909,0.128538978644548,0.0238894090282792,0.6391789361022303,8163,8164,8145,8165,2025,2025-09-11 13:40:00,2025-09-12 09:50:00,2025-09-12 09:55:00,21,0.0038205861336317,0.005558515735225,0.1067263921762353,0.9523809523809524,-1.6862684572051212,2.3569310535876724,0.0909090909090909,0.5348388610099772,0.0269562952458057,0.5147432250425605
2025,half_height_width,1831,10092,678,0.55,0.217391304347826,19,22,0.0092819289520473,0.0106528885180168,-0.0004624564373515,0.019958783876481,1833,1850,1833,1851,2025,2025-03-05 10:10:00,2025-03-05 10:20:00,2025-03-05 13:15:00,19,0.0027323472311468,0.0063278118233673,0.2265190938652922,0.1052631578947368,0.0441464776078816,1.6375106359272882,0.55,0.0006719575738566,0.0092819289520473,-0.7239281666975466,10095,10114,10094,10115,2025,2025-11-17 10:35:00,2025-11-17 10:50:00,2025-11-17 13:55:00,22,0.0021577310288774,0.0067902682607188,0.2065603099888112,0.1363636363636363,1.043488837120764,1.740929266506999,0.217391304347826,0.0921915448570569,0.0106528885180168,-0.6401741997850686
2025,half_height_width,1904,2019,678,0.5454545454545454,0.2272727272727272,21,21,0.0123466648569268,0.0116365946639307,0.0102397955676828,0.2949447316628812,1912,1925,1906,1926,2025,2025-03-06 13:45:00,2025-03-06 14:25:00,2025-03-07 10:00:00,21,0.003431349313362,-0.0010826911481922,-0.0360954232121652,0.3809523809523809,0.0155667409976225,2.303502860212778,0.5454545454545454,0.0144115074010931,0.0123466648569268,-0.5661492369194627,2025,2040,2021,2041,2025,2025-03-11 09:50:00,2025-03-11 10:20:00,2025-03-11 13:05:00,21,0.0024429054077154,-0.0113224867158751,-0.3310401548750465,0.2857142857142857,0.7483157034464273,1.295559479700929,0.2272727272727272,0.0148285126350489,0.0116365946639307,-0.4594180521411397
2025,half_height_width,2182,10674,678,0.625,0.1428571428571428,7,6,0.0041540182877604,0.0033695035055369,-0.0007223128628104,-0.0806596439981779,2184,2189,2184,2190,2025,2025-03-14 11:25:00,2025-03-14 13:05:00,2025-03-14 13:30:00,7,0.0021265633244827,-0.0008137073137075,-0.0912727923410884,0.2857142857142857,0.2262581942560067,1.6711062111959416,0.625,0.0014361524557734,0.0041540182877604,-0.1736312149614293,10676,10680,10676,10681,2025,2025-12-03 11:05:00,2025-12-03 11:15:00,2025-12-03 13:05:00,6,0.001518272586387,-9.139445089710272e-05,-0.0106131483429105,0.3333333333333333,1.0014399834431065,1.041077725941598,0.1428571428571428,0.0405745048712499,0.0033695035055369,-0.0022604978228781
2025,half_height_width,2189,11202,678,0.6538461538461539,0.2142857142857142,25,27,0.009561767004949,0.0085406464037705,0.012156957967757,0.4665693413256035,2205,2214,2191,2215,2025,2025-03-14 13:30:00,2025-03-14 14:50:00,2025-03-17 10:05:00,25,0.001939077687432,0.0072588273134806,0.2745530886017598,0.64,-0.2306099878571219,1.7488295647314995,0.6538461538461539,0.0,0.009561767004949,-0.2644427569193291,11211,11229,11204,11230,2025,2025-12-18 11:05:00,2025-12-18 13:20:00,2025-12-18 14:50:00,27,0.0019897279946098,-0.0048981306542763,-0.1920162527238438,0.3333333333333333,0.744123092988469,1.8644585069489372,0.2142857142857142,0.0110335802246162,0.0085406464037705,-0.414952587050593
2025,half_height_width,2214,3334,678,0.5,0.238095238095238,17,20,0.0068023072114904,0.0083328855483113,0.0013001389587605,0.021165092055163,2220,2231,2216,2232,2025,2025-03-17 10:05:00,2025-03-17 10:35:00,2025-03-17 11:30:00,17,0.0015904817040786,-0.0090204614358613,-0.4974153016356403,0.3529411764705882,0.2475744384539444,1.7935723241293828,0.5,0.0,0.0068023072114904,0.4301814023290232,3349,3354,3336,3355,2025,2025-04-18 11:25:00,2025-04-18 14:10:00,2025-04-18 14:35:00,20,0.0016506784943099,-0.0103206003946219,-0.5185803936908033,0.75,-1.0108908747498062,2.0332944451949757,0.238095238095238,0.0463568939121106,0.0083328855483113,0.6794792776486519
2025,half_height_width,2355,4996,678,0.5,0.25,7,7,0.0042516357295667,0.0045546534079905,0.0008520753764875,0.3066100129219167,2360,2362,2357,2363,2025,2025-03-20 09:50:00,2025-03-20 10:15:00,2025-03-20 10:25:00,7,0.0013379656186909,-0.0058241497592517,-0.6092991501826667,0.7142857142857143,-0.6891967566257271,1.4482339043997845,0.5,0.0949478724117171,0.0042516357295667,0.2348491440390284,5001,5003,4998,5004,2025,2025-06-12 09:55:00,2025-06-12 10:20:00,2025-06-12 10:30:00,7,0.0010804464534755,-0.0066762251357392,-0.9159091631045834,0.7142857142857143,-0.0846326036487378,1.2772544348026131,0.25,0.0671851960746728,0.0045546534079905,0.2873236920120693
2025,half_height_width,2436,1786,678,0.5,0.2,9,9,0.0064103707726168,0.0062897723893762,-0.0089440549135554,-0.6944512138722093,2443,2445,2438,2446,2025,2025-03-21 14:05:00,2025-03-21 14:40:00,2025-03-21 14:50:00,9,0.0016674815500761,-0.0048968001066508,-0.3610802206376218,0.7777777777777778,-0.6460981524550279,1.384588429018924,0.5,0.043588690835262,0.0064103707726168,0.4534718710839605,1791,1795,1788,1796,2025,2025-03-04 10:25:00,2025-03-04 10:50:00,2025-03-04 11:10:00,9,0.0023590124597316,0.0040472548069045,0.3333709932345874,0.5555555555555556,0.1465178551977657,1.5891413780092334,0.2,0.0261973917329385,0.0062897723893762,0.6374982744409716
2025,half_height_width,2678,3300,678,0.6428571428571429,0.2352941176470588,13,16,0.0130509468602033,0.0121716169116847,0.0019228305031164,0.1097043279286581,2679,2691,2680,2692,2025,2025-03-28 14:15:00,2025-03-28 14:20:00,2025-03-31 09:50:00,13,0.0013370617593993,0.0102217153073399,0.4699321103091325,0.0769230769230769,-0.303929242998679,1.7377070190280373,0.6428571428571429,0.0,0.0130509468602033,-0.8827659982467643,3302,3316,3302,3317,2025,2025-04-17 14:05:00,2025-04-17 14:15:00,2025-04-18 09:55:00,16,0.0016007275825737,0.0082988848042234,0.3602277823804743,0.125,-0.2247326389204774,2.5439782583299144,0.2352941176470588,0.1832423058376149,0.0121716169116847,-0.6867268499843076
2025,half_height_width,2711,6981,678,0.5,0.1,9,9,0.0045309114695966,0.0040562199203773,-0.0005346045507462,-0.0480315653711757,2713,2720,2713,2721,2025,2025-03-31 11:30:00,2025-03-31 13:10:00,2025-03-31 13:45:00,9,0.0016931576079223,-0.0005823106051308,-0.0527434435222931,0.2222222222222222,0.6508272245895215,1.6045794142767598,0.5,0.0,0.0045309114695966,0.1285144547819245,6983,6990,6983,6991,2025,2025-08-08 11:20:00,2025-08-08 11:30:00,2025-08-08 13:35:00,9,0.0018394994655276,-4.770605438461032e-05,-0.0047118781511174,0.2222222222222222,0.6144534202810451,1.4665108196239487,0.1,0.3276236874773434,0.0040562199203773,0.0141135193593425
2025,half_height_width,2776,6827,678,0.5,0.1818181818181818,9,10,0.0025293599754183,0.0025630412254864,0.0008867310348868,0.0814784129933275,2781,2785,2778,2786,2025,2025-04-01 14:25:00,2025-04-01 14:50:00,2025-04-02 09:40:00,9,0.0014931096699172,0.0011728830807389,0.12825989538997,0.5555555555555556,-0.2921385117294902,1.7483006945912276,0.5,0.0,0.0025293599754183,-0.3902623023421537,6828,6837,6829,6838,2025,2025-08-05 10:30:00,2025-08-05 10:35:00,2025-08-05 11:20:00,10,0.0010746147876992,0.000286152045852,0.0467814823966424,0.1,0.868839820917296,2.083941424000459,0.1818181818181818,0.0408028551482323,0.0025630412254864,-0.1413830832721749
2025,half_height_width,3012,8050,678,0.6666666666666666,0.25,8,7,0.007575561768693,0.0065984586190186,-0.0053603725562347,-0.3443914561457337,3016,3020,3014,3021,2025,2025-04-09 14:05:00,2025-04-09 14:25:00,2025-04-09 14:45:00,8,0.0047563411095177,-0.0028856209778359,-0.181138440795673,0.5,-0.2066059646792107,1.281354382762284,0.6666666666666666,0.0,0.007575561768693,-0.4011792691701736,8055,8057,8052,8058,2025,2025-09-09 13:55:00,2025-09-09 14:20:00,2025-09-09 14:30:00,7,0.003352996811737,0.0024747515783987,0.1632530153500607,0.7142857142857143,0.6432620520872755,1.3611406013717762,0.25,0.3140134156018099,0.0065984586190186,-0.3617061563013862
2025,half_height_width,3177,600,678,0.5714285714285714,0.1666666666666666,6,5,0.002929694477789,0.003271204003318,0.0003897797297489,0.0668798179027504,3181,3183,3179,3184,2025,2025-04-15 10:20:00,2025-04-15 10:40:00,2025-04-15 10:50:00,6,0.001781011027422,-0.0003003123270749,-0.0566785777556016,0.6666666666666666,-0.3538541863465209,1.3176155525660196,0.5714285714285714,0.0,0.002929694477789,0.1742721599039288,603,605,602,606,2025,2025-01-20 13:05:00,2025-01-20 13:20:00,2025-01-20 13:30:00,5,0.0022355106776575,-0.0006900920568238,-0.123558395658352,0.6,0.1308309616592264,1.3776276793716775,0.1666666666666666,0.0514483230223064,0.003271204003318,0.1763126788046784
2025,half_height_width,3354,3734,678,0.5925925925925926,0.0833333333333333,26,23,0.0117980640813817,0.0139291279256568,-0.0038681755886236,-0.1290824904197529,3373,3380,3356,3381,2025,2025-04-18 14:35:00,2025-04-21 10:40:00,2025-04-21 11:15:00,26,0.0016318018087563,0.0078633743934991,0.3074527823168643,0.7307692307692307,0.1568713341315732,2.5450811525725583,0.5925925925925926,0.0393512644178324,0.0117980640813817,0.668176130715854,3755,3757,3736,3758,2025,2025-04-30 14:15:00,2025-05-06 10:30:00,2025-05-06 10:40:00,23,0.0012389600189069,0.0117315499821227,0.4365352727366172,0.9130434782608696,-2.827883775553909,1.9761244443057693,0.0833333333333333,0.6982261059969755,0.0139291279256568,0.8521824765386291
2025,half_height_width,3508,10621,678,0.5555555555555556,0.1666666666666666,17,17,0.0094350170748889,0.0087250296436529,-0.0002059265466782,-0.0107914511376407,3511,3525,3510,3526,2025,2025-04-24 09:55:00,2025-04-24 10:10:00,2025-04-24 11:20:00,17,0.0009307831606305,0.0059688009841348,0.3769681875514678,0.1764705882352941,0.1896048965590867,1.924984274662079,0.5555555555555556,0.0704419939202116,0.0094350170748889,-0.6494017558475195,10622,10638,10623,10639,2025,2025-12-02 10:40:00,2025-12-02 10:45:00,2025-12-02 13:35:00,17,0.0011198016442233,0.006174727530813,0.3877596386891085,0.0588235294117647,0.9269674249399265,1.3912622246202149,0.1666666666666666,0.1524062720524479,0.0087250296436529,-0.7198121135665841
2025,half_height_width,3577,5708,678,0.5,0.2666666666666666,13,14,0.0056311832981617,0.0059765386007084,0.0019077602630034,0.2398372251201047,3578,3590,3579,3591,2025,2025-04-25 13:10:00,2025-04-25 13:15:00,2025-04-25 14:15:00,13,0.0011422555918372,0.0032933878500956,0.3334720429108177,0.0769230769230769,0.0018997981178526,1.4209910685614722,0.5,0.1035140051128873,0.0056311832981617,-0.5548079420086771,5713,5722,5710,5723,2025,2025-07-02 14:45:00,2025-07-03 09:40:00,2025-07-03 10:25:00,14,0.0009486760675566,0.0013856275870922,0.093634817790713,0.3571428571428571,0.1938091192979407,1.9180190560964048,0.2666666666666666,0.0131372497434913,0.0059765386007084,-0.3391048683103282
2025,half_height_width,3665,4581,678,0.6363636363636364,0.2222222222222222,10,8,0.0035418100237141,0.0030494646412897,0.0001264675819178,0.1158075975131129,3673,3675,3667,3676,2025,2025-04-29 11:00:00,2025-04-29 13:10:00,2025-04-29 13:20:00,10,0.0013627563802605,-0.0047313034635458,-0.8841924024869603,0.8,-0.144811299785573,1.365192146210701,0.6363636363636364,0.0,0.0035418100237141,0.6642368427200136,4588,4589,4583,4590,2025,2025-05-29 11:20:00,2025-05-29 13:25:00,2025-05-29 13:30:00,8,0.0010010909492546,-0.0048577710454637,-1.0000000000000733,0.875,-0.7992908538018217,1.5327902467122487,0.2222222222222222,0.0,0.0030494646412897,0.4237056122567891
2025,half_height_width,3712,4444,678,0.5,0.2307692307692307,15,12,0.0036361520607703,0.0034151471886074,0.0071349367416027,0.8609219684252641,3718,3727,3714,3728,2025,2025-04-30 10:55:00,2025-04-30 11:25:00,2025-04-30 13:40:00,15,0.0010715983527733,0.0019580315189489,0.1963183076354329,0.4,0.4179566187466216,1.2962565974424611,0.5,0.0,0.0036361520607703,0.5249099261866441,4453,4456,4446,4457,2025,2025-05-26 13:25:00,2025-05-26 14:10:00,2025-05-26 14:25:00,12,0.0008866387860816,-0.0051769052226538,-0.6646036607898312,0.75,-1.0887790075233403,1.791351013337285,0.2307692307692307,0.0483975496400128,0.0034151471886074,0.3047491843934046
2025,half_height_width,3961,6074,678,0.6,0.2222222222222222,9,8,0.0026317764774397,0.0026755196004621,0.0012437952138449,0.2419548601343358,3965,3970,3963,3971,2025,2025-05-12 13:10:00,2025-05-12 13:30:00,2025-05-12 13:55:00,9,0.0013056584770546,-0.0005567984235324,-0.1168022648233732,0.4444444444444444,0.1657979170465196,1.4399697297733007,0.6,0.0,0.0026317764774397,0.162443131561811,6078,6082,6076,6083,2025,2025-07-14 13:15:00,2025-07-14 13:35:00,2025-07-14 13:55:00,8,0.0009194962296047,-0.0018005936373774,-0.358757124957709,0.5,0.4384104878550437,1.2562749755717273,0.2222222222222222,0.1332537138953296,0.0026755196004621,0.1542089251491444
2025,half_height_width,4316,4029,678,0.5652173913043478,0.1363636363636363,22,21,0.0073998921957665,0.0067694880552462,0.0030178030687607,0.1807091883124197,4325,4338,4318,4339,2025,2025-05-21 14:45:00,2025-05-22 10:00:00,2025-05-22 11:05:00,22,0.0007814172529608,-0.0003481006920736,-0.0227851868381084,0.4090909090909091,0.0918626432370846,1.725182484304557,0.5652173913043478,0.0109377475231798,0.0073998921957665,-0.4025178343645473,4033,4050,4031,4051,2025,2025-05-13 14:50:00,2025-05-14 09:40:00,2025-05-14 11:05:00,21,0.0010480385344219,-0.0033659037608344,-0.2034943751505281,0.1904761904761904,0.4052542771492867,2.442666423132779,0.1363636363636363,0.0,0.0067694880552462,-0.4321170104687092
2025,half_height_width,4734,4312,678,0.6,0.2,4,4,0.0005779262747225,0.0005625257554084,-0.0001408510505713,-0.1262935594839339,4736,4738,4736,4739,2025,2025-06-04 13:35:00,2025-06-04 13:45:00,2025-06-04 13:55:00,4,0.0006419386740713,-2.028438710778536e-05,-0.0151564029973785,0.5,0.1479067969631604,1.6741702048730391,0.6,0.0,0.0005779262747225,0.0350975043514614,4313,4316,4314,4317,2025,2025-05-21 14:25:00,2025-05-21 14:30:00,2025-05-21 14:45:00,4,0.0007979424645512,0.0001205666634636,0.1111371564865554,0.25,-1.370129839206031,1.70453053381631,0.2,0.0559821690033517,0.0005625257554084,-0.1964709982310052
2025,half_height_width,5003,4286,678,0.6086956521739131,0.1851851851851851,22,26,0.0050688385842239,0.004663415747407,-0.0010636029656522,-0.0716174329227214,5010,5025,5005,5026,2025,2025-06-12 10:30:00,2025-06-12 11:05:00,2025-06-12 13:50:00,22,0.0011112201862236,0.0017069235040469,0.122063041431701,0.3181818181818182,0.0468927426102549,1.5245692279226977,0.6086956521739131,0.055496596031534,0.0050688385842239,-0.2420314595472041,4294,4312,4288,4313,2025,2025-05-21 10:45:00,2025-05-21 11:25:00,2025-05-21 14:25:00,26,0.000798389232422,0.0027705264696991,0.1936804743544225,0.3076923076923077,0.4771511895068308,1.5202153681891706,0.1851851851851851,0.042413931442777,0.004663415747407,-0.0560062734387127
2025,half_height_width,5257,4262,678,0.5555555555555556,0.0526315789473684,17,18,0.0044629494205974,0.0046058753549838,-0.0049093769537486,-0.3619835829007921,5262,5274,5259,5275,2025,2025-06-19 13:10:00,2025-06-19 13:35:00,2025-06-19 14:35:00,17,0.0009029087605649,-0.0021113307506581,-0.1823594808617547,0.2941176470588235,0.3420155103272155,1.3769065578058182,0.5555555555555556,0.0,0.0044629494205974,-0.4377584751746617,4263,4280,4264,4281,2025,2025-05-20 14:15:00,2025-05-20 14:20:00,2025-05-21 10:15:00,18,0.0010022647680827,0.0027980462030904,0.1796241020390373,0.0555555555555555,-0.5487887553823668,1.669223747873681,0.0526315789473684,0.3073413672811438,0.0046058753549838,-0.5857444465584488
2025,half_height_width,5722,5972,678,0.625,0.2222222222222222,7,8,0.0031959965320069,0.0035568910150072,0.0012473201519698,0.117050661258037,5725,5729,5724,5730,2025,2025-07-03 10:25:00,2025-07-03 10:40:00,2025-07-03 11:00:00,7,0.0010071375341213,-0.0049880710380734,-0.8421228051900065,0.4285714285714285,0.2454744888674332,1.523560667801494,0.625,0.0,0.0031959965320069,0.1275663107079405,5978,5980,5974,5981,2025,2025-07-10 11:15:00,2025-07-10 13:15:00,2025-07-10 13:25:00,8,0.0007552813643592,-0.0062353911900432,-0.9591734664480436,0.75,-1.0791554067239788,1.7641145181415083,0.2222222222222222,0.0692013418246125,0.0035568910150072,0.3614419192659266
2025,half_height_width,5814,4863,678,0.5,0.1578947368421052,21,18,0.0047776643617201,0.0045226484899529,-3.0576575550771146e-05,-0.0309942145109792,5817,5835,5816,5836,2025,2025-07-07 10:05:00,2025-07-07 10:20:00,2025-07-07 13:20:00,21,0.0013920213078019,0.0033507371296396,0.3561970513132615,0.1428571428571428,0.3400912862524831,1.5220993444323168,0.5,0.0,0.0047776643617201,-0.6992205060510249,4866,4881,4865,4882,2025,2025-06-09 10:50:00,2025-06-09 11:05:00,2025-06-09 13:50:00,18,0.0010081885687143,0.0033813137051903,0.3871912658242407,0.1666666666666666,0.9329728152280315,1.579571407557159,0.1578947368421052,0.0792583691468958,0.0045226484899529,-0.7365808268571284
2025,half_height_width,5996,4050,678,0.6521739130434783,0.1666666666666666,22,23,0.0125133457247734,0.0129152449613672,0.0011643344179727,-0.0137790389372377,6013,6018,5998,6019,2025,2025-07-10 14:45:00,2025-07-11 10:40:00,2025-07-11 11:05:00,22,0.0012746591535756,-0.0040850142981483,-0.18873688036917,0.7727272727272727,-0.0554982266246755,2.922212872782173,0.6521739130434783,0.053787723141417,0.0125133457247734,0.5846669153276021,4064,4073,4052,4074,2025,2025-05-14 11:05:00,2025-05-14 13:45:00,2025-05-14 14:30:00,23,0.0011456283511871,-0.0052493487161211,-0.1749578414319323,0.6086956521739131,-0.8862377917070589,1.7436924686227795,0.1666666666666666,0.0325895042880191,0.0129152449613672,0.3758456019743618
2025,half_height_width,6428,3675,678,0.55,0.2368421052631578,39,37,0.0111398689172057,0.012797631068973,-0.0030556210791462,-0.0787225264403788,6461,6467,6430,6468,2025,2025-07-23 14:45:00,2025-07-24 13:30:00,2025-07-24 14:00:00,39,0.001276296130941,0.0070824074213835,0.1922905486148507,0.8461538461538461,-0.3207455198740114,1.5866630612732378,0.55,0.0054165881761858,0.0111398689172057,0.6382071330224641,3709,3712,3677,3713,2025,2025-04-29 13:20:00,2025-04-30 10:40:00,2025-04-30 10:55:00,37,0.001337509484742,0.0101380285005298,0.2710130750552296,0.918918918918919,-1.187176246029052,1.9004491973286364,0.2368421052631578,0.1352147128982296,0.012797631068973,0.7890625468954666
2025,half_height_width,6568,6867,678,0.6363636363636364,0.2222222222222222,10,8,0.0025222846673864,0.0025191204960295,-0.0003807091173824,-0.0708772513631316,6573,6578,6570,6579,2025,2025-07-28 14:25:00,2025-07-28 14:50:00,2025-07-29 09:45:00,10,0.0013569997587181,5.695679828398356e-05,0.005099036052241,0.5,-0.0439113200403903,1.5461432470619063,0.6363636363636364,0.0,0.0025222846673864,-0.0602217239832408,6870,6875,6869,6876,2025,2025-08-06 09:50:00,2025-08-06 10:05:00,2025-08-06 10:30:00,8,0.000958613795649,0.0004376659156663,0.0759762874153726,0.375,0.5914410028969359,1.3507722367294366,0.2222222222222222,0.0725847728048756,0.0025191204960295,-0.1699614911028186
2025,half_height_width,6893,5176,678,0.5483870967741935,0.2,30,24,0.0078505129061525,0.0069312139362569,-0.0066285011704542,-0.236686656055789,6915,6923,6895,6924,2025,2025-08-06 13:30:00,2025-08-07 09:50:00,2025-08-07 10:30:00,30,0.0010577679405169,-0.0049443718965426,-0.1571531330579545,0.7333333333333333,-0.3684835807177767,1.5093449166306898,0.5483870967741935,0.0,0.0078505129061525,0.0495226915487067,5185,5200,5178,5201,2025,2025-06-17 14:25:00,2025-06-18 09:40:00,2025-06-18 10:55:00,24,0.0009640605937807,0.0016841292739116,0.0795335229978344,0.375,0.5522782536583668,1.991682989568627,0.2,0.0025500825876168,0.0069312139362569,-0.0916054797911587
2025,half_height_width,7047,4538,678,0.6666666666666666,0.1538461538461538,11,12,0.0039803611963371,0.0036616514210621,1.7820872481285124e-05,-0.0370527247770374,7049,7058,7049,7059,2025,2025-08-11 14:20:00,2025-08-11 14:30:00,2025-08-12 09:45:00,11,0.0011275680241883,0.0026934628215098,0.4226115404979055,0.1818181818181818,-0.2982336543278254,1.6381623244338686,0.6666666666666666,0.0,0.0039803611963371,-0.6527293904041152,4539,4550,4540,4551,2025,2025-05-28 13:15:00,2025-05-28 13:20:00,2025-05-28 14:15:00,12,0.0008046938008284,0.0026756419490285,0.459664265274943,0.0833333333333333,2.395014374557284,1.5657695141160568,0.1538461538461538,0.2973764839897723,0.0036616514210621,-0.7138572173775547
2025,half_height_width,7180,9508,678,0.7272727272727273,0.1818181818181818,10,10,0.0120204444633094,0.013741391421691,0.0102951868688029,0.1257893705066371,7189,7190,7182,7191,2025,2025-08-14 13:25:00,2025-08-14 14:10:00,2025-08-14 14:15:00,10,0.0029013097652571,-0.0092092189120703,-0.4281396911398977,0.9,0.1661310270684078,1.4393516173584842,0.7272727272727273,0.0,0.0120204444633094,0.6672392366824329,9517,9518,9510,9519,2025,2025-10-30 09:55:00,2025-10-30 10:40:00,2025-10-30 10:45:00,10,0.0030483708323636,-0.0195044057808733,-0.5539290616465349,0.9,-0.1134818321082747,1.5432307869009911,0.1818181818181818,0.0,0.013741391421691,0.5299950459131086
2025,half_height_width,7219,6018,678,0.6521739130434783,0.2631578947368421,22,18,0.0143674464526322,0.0118757874494823,-0.0021344577635417,-0.0651445602677344,7236,7241,7221,7242,2025,2025-08-15 11:10:00,2025-08-15 14:05:00,2025-08-15 14:30:00,22,0.0020705511989859,-0.0041209541826666,-0.1456478790345443,0.7727272727272727,-0.070561954662046,1.7832287700229572,0.6521739130434783,0.0,0.0143674464526322,0.6754477024196002,6033,6036,6020,6037,2025,2025-07-11 11:05:00,2025-07-11 13:50:00,2025-07-11 14:05:00,18,0.0015332576517098,-0.0019864964191249,-0.0805033187668099,0.8333333333333334,0.3618020438889532,1.5038406597793246,0.2631578947368421,0.0192857267473294,0.0118757874494823,0.814457750089671
2025,half_height_width,7343,10244,678,0.5,0.1666666666666666,9,11,0.0074363807596196,0.0066706299506469,-0.0045095111860648,-0.3072736046454926,7347,7352,7345,7353,2025,2025-08-19 15:00:00,2025-08-20 09:50:00,2025-08-20 10:15:00,9,0.0021610612050379,-0.0102532452666717,-0.6767383032313914,0.4444444444444444,0.219643967299992,1.5755521203823757,0.5,0.1096370985284366,0.0074363807596196,-0.231118483573375,10249,10255,10246,10256,2025,2025-11-20 11:15:00,2025-11-20 13:10:00,2025-11-20 13:40:00,11,0.0018812661230615,-0.0057437340806068,-0.3694646985858988,0.4545454545454545,0.273434434425611,1.569466706643703,0.1666666666666666,0.0126444964341672,0.0066706299506469,-0.1854811180902613
2025,half_height_width,7413,64,678,0.5454545454545454,0.2608695652173913,21,22,0.0178504991042993,0.0189590574916627,0.0076837855360309,0.2182677442988966,7419,7434,7415,7435,2025,2025-08-21 11:20:00,2025-08-21 13:20:00,2025-08-21 14:35:00,21,0.0033704605565091,0.0152254982021638,0.4656830705567004,0.2857142857142857,0.1577568260000045,1.6630478700869464,0.5454545454545454,0.0,0.0178504991042993,-0.6282995663585843,68,86,66,87,2025,2025-01-03 10:55:00,2025-01-03 11:15:00,2025-01-03 14:15:00,22,0.0025673684681567,0.0075417126661328,0.2474153262578037,0.1818181818181818,0.3743853302599585,1.3102356277664096,0.2608695652173913,0.0004381507869487,0.0189590574916627,-0.7978791525515937
2025,half_height_width,7630,8346,678,0.5714285714285714,0.25,20,19,0.0472562699050946,0.044198896395013,-0.0507012666768469,-0.6329976046872359,7647,7650,7632,7651,2025,2025-08-27 14:55:00,2025-08-28 10:50:00,2025-08-28 11:05:00,20,0.0053145817353099,-0.0199141123881594,-0.2285939616432928,0.85,-0.1897953763691066,1.5115476967463044,0.5714285714285714,0.0249089902818596,0.0472562699050946,0.6207956427374082,8363,8365,8348,8366,2025,2025-09-17 14:35:00,2025-09-18 10:30:00,2025-09-18 10:40:00,19,0.0037759873489643,0.0307871542886874,0.404403643043943,0.8947368421052632,-0.609392184957242,1.8676089692271325,0.25,0.1753177890193231,0.044198896395013,0.6963940661498426
2025,half_height_width,7997,8298,678,0.5909090909090909,0.2105263157894736,21,18,0.020152968319711,0.0226467957772742,-0.0031688873872571,-0.1147581225112874,8010,8018,7999,8019,2025,2025-09-08 13:30:00,2025-09-08 14:35:00,2025-09-09 09:45:00,21,0.0029158849254998,-0.0185052705961504,-0.3825838158813522,0.6190476190476191,-0.3614637073876153,4.046952646516547,0.5909090909090909,0.0840305687821762,0.020152968319711,-0.3100738957971323,8308,8316,8300,8317,2025,2025-09-16 14:35:00,2025-09-17 09:55:00,2025-09-17 10:35:00,18,0.0032553956422418,-0.0153363832088932,-0.2678256933700648,0.5555555555555556,-0.6183483989456293,1.5549963014645112,0.2105263157894736,0.0389662049315159,0.0226467957772742,-0.1220898832026842
2025,half_height_width,8078,9872,678,0.7714285714285715,0.1714285714285714,34,34,0.0203726413637808,0.0184271188104236,0.0033269709294142,0.0238238470315619,8097,8112,8080,8113,2025,2025-09-10 10:45:00,2025-09-10 13:50:00,2025-09-11 09:35:00,34,0.002877088352194,0.0129124245074042,0.2074049231529474,0.5588235294117647,-0.0333289587697814,2.085828797623944,0.7714285714285715,0.0,0.0203726413637808,0.0212639377179654,9889,9906,9874,9907,2025,2025-11-10 13:45:00,2025-11-11 09:40:00,2025-11-11 11:05:00,34,0.0028212658906903,0.0095854535779899,0.1835810761213855,0.5,0.1080671083909426,2.153040730476384,0.1714285714285714,0.0,0.0184271188104236,-0.0319073839046889
2025,half_height_width,8316,952,678,0.55,0.1,19,19,0.0172550307417571,0.020170900828198,-0.0129620945014787,-0.3711365081146826,8331,8335,8318,8336,2025,2025-09-17 10:35:00,2025-09-17 13:20:00,2025-09-17 13:40:00,19,0.0031014622597225,-0.0028440057920888,-0.0625113571105103,0.7894736842105263,0.0015447373090577,1.5084438401740967,0.55,0.0,0.0172550307417571,0.7578594891432143,970,971,954,972,2025,2025-02-06 14:25:00,2025-02-07 10:25:00,2025-02-07 10:30:00,19,0.0020854638976564,0.0101180887093899,0.3086251510041723,0.9473684210526316,-1.2092775745618942,1.5614082472542463,0.1,0.3037136513305208,0.020170900828198,0.8592712958519609
2025,half_height_width,8447,712,678,0.6818181818181818,0.2631578947368421,21,18,0.02132838272035,0.0205735495818348,-0.0193432661205533,-0.371183727031623,8465,8468,8449,8469,2025,2025-09-19 15:00:00,2025-09-22 11:00:00,2025-09-22 11:15:00,21,0.0031547635410783,-0.0057909163170587,-0.0982073581901274,0.8571428571428571,-0.1633790242259465,1.64467369085615,0.6818181818181818,0.0135742506339191,0.02132838272035,0.5435777771584653,723,730,714,731,2025,2025-01-22 14:25:00,2025-01-23 09:50:00,2025-01-23 10:25:00,18,0.0021972111625303,0.0135523498034946,0.2729763688414955,0.6111111111111112,-0.8782184345321326,2.171108581475574,0.2631578947368421,0.030468978579445,0.0205735495818348,0.5183944294018489
2025,half_height_width,8622,7754,678,0.6470588235294118,0.25,16,19,0.0100899313375908,0.0113007229371655,-0.0175853191886325,-0.6650260174141585,8633,8638,8624,8639,2025,2025-09-25 13:35:00,2025-09-25 14:30:00,2025-09-25 14:55:00,16,0.0032225782353943,-0.0112806786175087,-0.4553795479535413,0.6875,0.0211481924304422,1.648483038834931,0.6470588235294118,0.0,0.0100899313375908,0.4400869650756895,7765,7773,7756,7774,2025,2025-09-01 13:15:00,2025-09-01 14:10:00,2025-09-01 14:50:00,19,0.0041297200270585,0.0063046405711237,0.2096464694606172,0.5789473684210527,-0.170134850249378,1.6086429556092938,0.25,0.0311008771699022,0.0113007229371655,0.5507124961395182
2025,half_height_width,8865,7895,678,0.6153846153846154,0.1818181818181818,12,10,0.0148490719548073,0.0138109550041161,0.0041578676001378,0.2914255422103686,8866,8877,8867,8878,2025,2025-10-10 13:50:00,2025-10-10 13:55:00,2025-10-10 14:50:00,12,0.0045880500803062,0.0109695346176495,0.5626067710032884,0.0833333333333333,-0.0062745074669331,1.3731432526402607,0.6153846153846154,0.0,0.0148490719548073,-0.7414803888856882,7897,7905,7897,7906,2025,2025-09-04 11:30:00,2025-09-04 13:10:00,2025-09-04 13:50:00,10,0.0041824655492168,0.0068116670175117,0.2711812287929197,0.2,1.188493661499055,1.730578353663259,0.1818181818181818,0.0763102129741185,0.0138109550041161,-0.516077370727625
2025,half_height_width,9201,9098,678,0.5263157894736842,0.1578947368421052,18,18,0.0159374198822064,0.0144683901162849,-0.0229072884068573,-0.7724553042438114,9209,9219,9203,9220,2025,2025-10-21 13:50:00,2025-10-21 14:30:00,2025-10-22 09:50:00,18,0.0023128512543639,-0.012796081850611,-0.3703182865768649,0.4444444444444444,-0.3313646016848096,2.382339396222705,0.5263157894736842,0.0031967820929602,0.0159374198822064,-0.719811270427104,9100,9116,9100,9117,2025,2025-10-17 13:15:00,2025-10-17 13:25:00,2025-10-17 14:45:00,18,0.0028000735038797,0.0101112065562462,0.4021370176669465,0.1111111111111111,0.3560293290052702,1.5503044752614707,0.1578947368421052,0.2462627005544266,0.0144683901162849,-0.677785329685875
2025,half_height_width,9219,3785,678,0.5714285714285714,0.1666666666666666,20,17,0.0147215364572073,0.0155987651545128,0.0099238106373728,0.2286920087297257,9231,9239,9221,9240,2025,2025-10-22 09:50:00,2025-10-22 10:50:00,2025-10-22 11:30:00,20,0.0024997474452929,-0.0092706884778374,-0.2639218423300868,0.6,0.0467357875199767,1.4770871101678027,0.5714285714285714,0.0,0.0147215364572073,0.2677511455570032,3793,3802,3787,3803,2025,2025-05-06 14:30:00,2025-05-07 09:40:00,2025-05-07 10:25:00,17,0.0022315360336589,-0.0191944991152103,-0.4926138510598126,0.4705882352941176,0.7472121772143466,3.614993560635341,0.1666666666666666,0.0406926382981679,0.0155987651545128,0.3387506876313245
2025,half_height_width,9282,10527,678,0.5714285714285714,0.25,13,15,0.0074665240279552,0.0065549712467651,0.0001458423033688,0.0114568334568367,9286,9295,9284,9296,2025,2025-10-23 11:05:00,2025-10-23 11:25:00,2025-10-23 13:40:00,13,0.0029102091524338,0.001783074317769,0.1087132888571824,0.3076923076923077,0.1196305322496755,2.1541421325454,0.5714285714285714,0.0,0.0074665240279552,-0.2417293511152057,10536,10542,10529,10543,2025,2025-11-28 10:50:00,2025-11-28 13:05:00,2025-11-28 13:35:00,15,0.0022547761836834,0.0016372320144002,0.0972564554003456,0.6,-0.5456007675083997,1.8071244248430225,0.25,0.0047034044647387,0.0065549712467651,-0.0589963837267123
2025,half_height_width,9326,10513,678,0.5555555555555556,0.2666666666666666,17,14,0.0161152149062182,0.0165401123584141,0.0052645743453223,0.2154460352766805,9339,9343,9328,9344,2025,2025-10-24 10:45:00,2025-10-24 13:20:00,2025-10-24 13:40:00,17,0.0030925826044067,-0.0066942297220352,-0.2000573019556101,0.7647058823529411,-0.1776425130197995,1.3228904683368454,0.5555555555555556,0.0,0.0161152149062182,0.6983815581982211,10522,10527,10515,10528,2025,2025-11-28 09:40:00,2025-11-28 10:25:00,2025-11-28 10:50:00,14,0.0023712819343877,-0.0119588040673576,-0.4155033372322906,0.6428571428571429,0.3968153753615885,1.815457878768674,0.2666666666666666,0.2377045296430154,0.0165401123584141,0.4868966992970118
2025,half_height_width,9394,362,678,0.7058823529411765,0.2142857142857142,16,13,0.0075655935655465,0.0072150537801674,0.0048132372737233,0.2568542029883794,9402,9410,9396,9411,2025,2025-10-27 13:55:00,2025-10-27 14:35:00,2025-10-28 09:45:00,16,0.0034569546690957,-0.0034051170432377,-0.1112320310441925,0.5,-0.0571808973060995,2.1250561409557687,0.7058823529411765,0.0507324618500813,0.0075655935655465,-0.0447016236357657,371,375,364,376,2025,2025-01-13 13:15:00,2025-01-13 14:00:00,2025-01-13 14:20:00,13,0.0032493714061962,-0.0082183543169611,-0.3680862340325719,0.6923076923076923,-0.7075791514093369,1.3754864344361375,0.2142857142857142,0.0076101129694125,0.0072150537801674,0.1338489494256945
2025,half_height_width,9440,3196,678,0.5384615384615384,0.2142857142857142,12,13,0.0080427109628136,0.0095735631466826,-0.0060149051446655,-0.4028197040326386,9446,9452,9442,9453,2025,2025-10-28 13:45:00,2025-10-28 14:15:00,2025-10-28 14:45:00,12,0.0024473052482752,-0.0077668340418883,-0.4930352768795692,0.5,0.3973561059544628,1.8672854669553507,0.5384615384615384,0.0,0.0080427109628136,0.6188693594824706,3207,3209,3198,3210,2025,2025-04-15 13:25:00,2025-04-15 14:20:00,2025-04-15 14:30:00,13,0.0019053595159611,-0.0017519288972227,-0.0902155728469305,0.8461538461538461,-0.3835208227600865,1.3606986706518875,0.2142857142857142,0.0093977778746767,0.0095735631466826,0.7076714929597425
2025,half_height_width,9518,11133,678,0.6666666666666666,0.1818181818181818,11,10,0.0097694330242585,0.0109961076999454,0.0121185397193314,0.6320658479119585,9519,9529,9520,9530,2025,2025-10-30 10:45:00,2025-10-30 10:50:00,2025-10-30 13:10:00,11,0.0029976640880907,-0.0026449583669359,-0.1150706868901108,0.0909090909090909,-0.1582917434029785,1.994642307909865,0.6666666666666666,0.1001774327225207,0.0097694330242585,-0.2381836866261807,11138,11143,11135,11144,2025,2025-12-16 14:50:00,2025-12-17 09:45:00,2025-12-17 10:10:00,10,0.0022022460653621,-0.0147634980862674,-0.7471365348020694,0.5,-0.0099694532295435,1.691418549412632,0.1818181818181818,0.0,0.0109961076999454,-0.1703626959771053
2025,half_height_width,9613,11116,678,0.625,0.25,7,7,0.0075393270186054,0.0088479041524491,-0.0003838939126118,-0.0628539804813963,9618,9620,9615,9621,2025,2025-11-03 10:40:00,2025-11-03 11:05:00,2025-11-03 11:15:00,7,0.0029344044303348,-0.0107402221951043,-0.8877364558421881,0.7142857142857143,-0.0535749988083773,1.3097822160546082,0.625,0.0,0.0075393270186054,0.472093259272131,11122,11123,11118,11124,2025,2025-12-16 13:25:00,2025-12-16 13:55:00,2025-12-16 14:00:00,7,0.0021118000990036,-0.0103563282824924,-0.8248824753607917,0.8571428571428571,-0.1635470916658015,1.3797217148054457,0.25,0.0957108175601599,0.0088479041524491,0.5854737142851667
2025,half_height_width,9620,2048,678,0.5909090909090909,0.25,21,23,0.0155800578849714,0.018508946258863,-0.0004151270568595,0.092300882569434,9636,9641,9622,9642,2025,2025-11-03 11:15:00,2025-11-03 14:05:00,2025-11-03 14:30:00,21,0.002991292575042,0.0118548536808026,0.3718395325219262,0.7619047619047619,0.183387333681285,1.761786481651605,0.5909090909090909,0.007630538236244,0.0155800578849714,0.7348262549430796,2069,2071,2050,2072,2025,2025-03-11 13:45:00,2025-03-12 10:00:00,2025-03-12 10:10:00,23,0.0022065233839927,0.0122699807376622,0.2795386499524921,0.9130434782608696,-0.6398360763345424,1.6981758272348262,0.25,0.0401999112947335,0.018508946258863,0.6614530960636669
2025,half_height_width,9663,10186,678,0.6666666666666666,0.1363636363636363,26,21,0.0151966809737267,0.0131413584815955,-0.0063067531167652,-0.2618903916250975,9667,9689,9665,9690,2025,2025-11-04 10:50:00,2025-11-04 11:10:00,2025-11-04 14:30:00,26,0.0017509560199282,0.0033087412807849,0.1374860341368793,0.1538461538461538,0.2233017417948109,1.4310254959740432,0.6666666666666666,0.0,0.0151966809737267,-0.7304476655278735,10190,10207,10188,10208,2025,2025-11-19 10:25:00,2025-11-19 10:45:00,2025-11-19 13:40:00,21,0.0018739845977106,0.0096154943975502,0.3993764257619768,0.1904761904761904,2.004885039964344,1.8181519513824995,0.1363636363636363,0.1538607896528923,0.0131413584815955,-0.7412502930908069
2025,half_height_width,9923,9452,678,0.5625,0.2352941176470588,15,16,0.0201326740897211,0.0195035172967497,-0.0096484899739861,-0.1926727784582199,9928,9938,9925,9939,2025,2025-11-11 14:00:00,2025-11-11 14:25:00,2025-11-12 09:45:00,15,0.0022145509058088,-0.0030059220803074,-0.0851884361056893,0.3333333333333333,0.0006052590703266,2.482585008803656,0.5625,0.1291900386835453,0.0201326740897211,-0.3848939888707962,9460,9468,9454,9469,2025,2025-10-28 14:45:00,2025-10-29 09:55:00,2025-10-29 10:35:00,16,0.0026962198408485,0.0066425678936787,0.1074843423525305,0.5,0.3306096660786491,1.778932959196359,0.2352941176470588,0.0164350621446337,0.0195035172967497,-0.20098523458078
2025,half_height_width,10443,10387,678,0.5,0.25,9,11,0.0091216810261718,0.0098412218241508,-0.0055771990778299,-0.3230695131378572,10444,10452,10445,10453,2025,2025-11-26 13:20:00,2025-11-26 13:25:00,2025-11-26 14:05:00,9,0.0021908063487031,9.4957190832468e-05,0.007946771089997,0.1111111111111111,0.4367514153329778,1.424828966333969,0.5,0.0,0.0091216810261718,-0.742352606037135,10389,10398,10389,10399,2025,2025-11-25 11:10:00,2025-11-25 11:20:00,2025-11-25 13:35:00,11,0.0020580923087071,0.0056721562686624,0.3310162842278543,0.1818181818181818,-0.1708334023828314,1.595203854441784,0.25,0.2088300356639844,0.0098412218241508,-0.5694429130008082
2025,half_height_width,10549,9906,678,0.6153846153846154,0.2666666666666666,12,14,0.0085737404546302,0.0093964030599327,-0.0088254147140838,-0.4369637485248812,10555,10561,10551,10562,2025,2025-11-28 14:10:00,2025-11-28 14:40:00,2025-12-01 09:40:00,12,0.0023039274309932,-0.0048655258207584,-0.2435486396875162,0.5,-0.3216564787592272,4.062677382970049,0.6153846153846154,0.0198710367303508,0.0085737404546302,-0.5479991049997022,9908,9920,9908,9921,2025,2025-11-11 11:05:00,2025-11-11 11:15:00,2025-11-11 13:45:00,14,0.0021197877878927,0.0039598888933254,0.1934151088373649,0.1428571428571428,1.302938327590805,1.542571900291398,0.2666666666666666,0.026856134876656,0.0093964030599327,-0.4260150793401354
2025,half_height_width,10561,128,678,0.5555555555555556,0.2,8,9,0.0047437628268598,0.0050947224531343,-0.0001033005035995,-0.0232205438162566,10563,10569,10563,10570,2025,2025-12-01 09:40:00,2025-12-01 09:50:00,2025-12-01 10:20:00,8,0.0024047603898877,-0.0007670197105198,-0.0841418035553048,0.25,0.4156635955027732,1.91928133666599,0.5555555555555556,0.0,0.0047437628268598,0.0944519399968671,132,137,130,138,2025,2025-01-06 13:45:00,2025-01-06 14:05:00,2025-01-06 14:30:00,9,0.0028399642393782,-0.0006637192069202,-0.0609212597390481,0.4444444444444444,-0.3506446809725757,1.6803177351113487,0.2,0.0117456966278773,0.0050947224531343,0.1302674649082941
2025,half_height_width,10680,11418,678,0.5,0.1875,15,15,0.0086674514838591,0.0095816576783489,0.0085260897086041,0.6198932247305431,10682,10695,10682,10696,2025,2025-12-03 13:05:00,2025-12-03 13:15:00,2025-12-03 14:20:00,15,0.0014991511260067,0.0071386291932417,0.5640246694870137,0.1333333333333333,0.3272762001807133,1.5598477486814744,0.5,0.0,0.0086674514838591,-0.7989346473807338,11423,11433,11420,11434,2025,2025-12-24 14:35:00,2025-12-24 15:00:00,2025-12-25 10:20:00,15,0.0013562510980616,-0.0013874605153623,-0.0558685552435294,0.3333333333333333,-0.1889977313193205,1.8644638987430615,0.1875,0.0649095799983259,0.0095816576783489,-0.6387485713630698
2025,half_height_width,10840,3404,678,0.5555555555555556,0.2222222222222222,8,8,0.0082620580635817,0.0087287865115515,0.0050227569123205,0.3388511081824618,10842,10848,10842,10849,2025,2025-12-08 14:25:00,2025-12-08 14:35:00,2025-12-09 09:35:00,8,0.001910081086636,0.007273622995083,0.4644835007007341,0.25,-0.285261007995588,3.243911387733597,0.5555555555555556,0.0,0.0082620580635817,-0.8398738579631139,3406,3412,3406,3413,2025,2025-04-21 14:45:00,2025-04-21 14:55:00,2025-04-22 09:55:00,8,0.0013136728552383,0.0022508660827624,0.1256323925182723,0.25,0.2190592258228767,1.644964593205935,0.2222222222222222,0.0,0.0087287865115515,-0.6282719191190403
2025,half_height_width,10848,2826,678,0.5882352941176471,0.125,16,15,0.0108953952544714,0.0112536751545064,-0.0299065346931489,-0.7041794180854176,10855,10864,10850,10865,2025,2025-12-09 09:35:00,2025-12-09 10:10:00,2025-12-09 10:55:00,16,0.0020240554442523,-0.009498043425551,-0.2676646322805526,0.4375,0.3176054272113649,1.302859114434877,0.5882352941176471,0.0,0.0108953952544714,0.0457848563565469,2835,2841,2828,2842,2025,2025-04-02 14:35:00,2025-04-03 09:50:00,2025-04-03 10:20:00,15,0.0013983348104452,0.0204084912675979,0.4365147858048649,0.6,-0.795245684683421,1.7576991270898077,0.125,0.1174519939348165,0.0112536751545064,-0.0879098319010509
2025,half_height_width,10922,5769,678,0.5192307692307693,0.217391304347826,51,45,0.0153401066362119,0.0180952249779542,0.002882199031497,-0.0650329192601439,10939,10973,10924,10974,2025,2025-12-10 13:15:00,2025-12-10 14:40:00,2025-12-11 13:30:00,51,0.0016025379334564,0.0195471910949572,0.3006914485034653,0.3333333333333333,0.2064505889091049,1.4134031803943274,0.5192307692307693,0.0011463506135015,0.0153401066362119,0.0112797036685975,5789,5814,5771,5815,2025,2025-07-04 10:20:00,2025-07-04 13:30:00,2025-07-07 10:05:00,45,0.001382407670925,0.0166649920634602,0.3657243677636093,0.4444444444444444,0.1031565830812674,2.3369041703082503,0.217391304347826,0.0,0.0180952249779542,0.1659556741310358
2025,half_height_width,10973,1154,678,0.5555555555555556,0.1818181818181818,26,21,0.0159839344951331,0.014937506509443,0.0076698996733918,0.1966454545921788,10981,10999,10975,11000,2025,2025-12-11 13:30:00,2025-12-11 14:10:00,2025-12-12 10:10:00,26,0.0014005986866822,0.0050321652872693,0.1103704514868399,0.3076923076923077,0.3058263735854891,1.7909022057464377,0.5555555555555556,0.007919173077215,0.0159839344951331,-0.6428739756145978,1158,1175,1156,1176,2025,2025-02-13 09:45:00,2025-02-13 10:05:00,2025-02-13 11:30:00,21,0.0020662117028168,-0.0026377343861224,-0.0862750031053389,0.1904761904761904,1.9506754627934764,1.920433216520288,0.1818181818181818,0.2822433876139418,0.014937506509443,-0.5483880559835788
2025,half_height_width,11157,652,678,0.5,0.1666666666666666,5,5,0.003466688627518,0.003029542905268,0.0029680278463867,0.5213194953310994,11161,11162,11159,11163,2025,2025-12-17 11:20:00,2025-12-17 13:10:00,2025-12-17 13:15:00,5,0.0019993264624403,0.0015188490508865,0.1998102243544493,0.8,-0.0388532288043246,1.2100630441032465,0.5,0.0,0.003466688627518,0.5026555472985142,655,657,654,658,2025,2025-01-21 13:25:00,2025-01-21 13:40:00,2025-01-21 13:50:00,5,0.0018809736149291,-0.0014491787955002,-0.3215092709766501,0.6,0.4366630829264454,1.4204538149163357,0.1666666666666666,0.0,0.003029542905268,0.4851241146120857
2025,half_height_width,11355,2841,678,0.5882352941176471,0.25,16,19,0.0086364308771154,0.0100897937026589,-0.003158199050108,-0.0393846395863316,11360,11371,11357,11372,2025,2025-12-23 13:20:00,2025-12-23 13:45:00,2025-12-23 14:40:00,16,0.0012146813550054,0.003440083381519,0.254792324996686,0.3125,0.0856717284645935,1.4082132239798062,0.5882352941176471,0.0,0.0086364308771154,-0.6270896223373307,2844,2860,2843,2861,2025,2025-04-03 10:20:00,2025-04-03 10:35:00,2025-04-03 13:25:00,19,0.0017894584579805,0.0065982824316271,0.2941769645830177,0.1578947368421052,1.0202212956826808,1.7286212752395005,0.25,0.0301280401742166,0.0100897937026589,-0.651923576941847
2025,half_height_width,11433,1363,678,0.5,0.2142857142857142,13,13,0.0038815075055413,0.0045359056121885,0.0040441235247861,0.3141485155752438,11441,11446,11435,11447,2025,2025-12-25 10:20:00,2025-12-25 11:00:00,2025-12-25 11:25:00,13,0.0013830602601727,-0.0037491388129249,-0.3354513371962847,0.6153846153846154,0.1249865508460238,1.4264879555773693,0.5,0.0,0.0038815075055413,0.3778507953387003,1371,1376,1365,1377,2025,2025-02-19 11:10:00,2025-02-19 13:20:00,2025-02-19 13:45:00,13,0.0018736888817305,-0.0077932623377111,-0.6495998527715285,0.6153846153846154,-0.5959578085419611,1.2255241172054605,0.2142857142857142,0.0,0.0045359056121885,0.3674798432042569
2025,half_height_width,11446,6374,678,0.5769230769230769,0.2,25,24,0.0070056071681614,0.0083563347422828,-0.0026880726259265,-0.1436320036476927,11460,11471,11448,11472,2025,2025-12-25 11:25:00,2025-12-25 14:05:00,2025-12-25 15:00:00,25,0.0012639834265234,-0.0011229427044015,-0.0570149684100026,0.56,0.1800161006296011,1.4935885214942617,0.5769230769230769,0.0031179379340552,0.0070056071681614,0.5151606401600117,6391,6398,6376,6399,2025,2025-07-22 14:15:00,2025-07-23 10:10:00,2025-07-23 10:45:00,24,0.001064121840566,0.001565129921525,0.08661703523769,0.7083333333333334,-1.129211044218688,2.5697677779922823,0.2,0.2062615495608725,0.0083563347422828,0.7092516416823715
2025,half_height_width,11562,11229,678,0.5,0.1923076923076923,21,25,0.0151817487892857,0.0130087340991593,-0.007596730505201,-0.2811770487271434,11574,11583,11564,11584,2025,2025-12-29 14:35:00,2025-12-30 10:05:00,2025-12-30 10:50:00,21,0.0018015835095867,-0.0111263799565793,-0.3614721592482948,0.5714285714285714,0.0008099727063759,2.4959287675336954,0.5,0.0,0.0151817487892857,0.5031142107867007,11242,11254,11231,11255,2025,2025-12-18 14:50:00,2025-12-19 10:25:00,2025-12-19 11:25:00,25,0.0016822559354403,-0.0035296494513783,-0.0802951105211513,0.52,0.0208770617372044,1.7752448714374665,0.1923076923076923,0.0187930066722272,0.0130087340991593,0.3485839440452069
