day,symbol,session,field,delta,grid_points,valid_points,mean_age_seconds
2025-01-02,588000.SSE,am,mid,3,2401,2401,0.0
2025-01-02,588000.SSE,am,mid,15,481,481,0.0
2025-01-02,588000.SSE,am,mid,30,241,241,0.0
2025-01-02,588000.SSE,am,mid,60,121,121,0.0
2025-01-02,588000.SSE,am,mid,300,25,25,0.0
2025-01-02,588000.SSE,am,last,3,2401,2401,0.0
2025-01-02,588000.SSE,am,last,15,481,481,0.0
2025-01-02,588000.SSE,am,last,30,241,241,0.0
2025-01-02,588000.SSE,am,last,60,121,121,0.0
2025-01-02,588000.SSE,am,last,300,25,25,0.0
2025-01-02,588000.SSE,pm,mid,3,2401,2401,0.0
2025-01-02,588000.SSE,pm,mid,15,481,481,0.0
2025-01-02,588000.SSE,pm,mid,30,241,241,0.0
2025-01-02,588000.SSE,pm,mid,60,121,121,0.0
2025-01-02,588000.SSE,pm,mid,300,25,25,0.0
2025-01-02,588000.SSE,pm,last,3,2401,2401,0.0
2025-01-02,588000.SSE,pm,last,15,481,481,0.0
2025-01-02,588000.SSE,pm,last,30,241,241,0.0
2025-01-02,588000.SSE,pm,last,60,121,121,0.0
2025-01-02,588000.SSE,pm,last,300,25,25,0.0
2025-01-02,588080.SSE,am,mid,3,2401,2400,1.99875
2025-01-02,588080.SSE,am,mid,15,481,480,1.9979166666666666
2025-01-02,588080.SSE,am,mid,30,241,240,2.0
2025-01-02,588080.SSE,am,mid,60,121,120,2.0
2025-01-02,588080.SSE,am,mid,300,25,24,2.0
2025-01-02,588080.SSE,am,last,3,2401,2400,1.99875
2025-01-02,588080.SSE,am,last,15,481,480,1.9979166666666666
2025-01-02,588080.SSE,am,last,30,241,240,2.0
2025-01-02,588080.SSE,am,last,60,121,120,2.0
2025-01-02,588080.SSE,am,last,300,25,24,2.0
2025-01-02,588080.SSE,pm,mid,3,2401,2400,1.9995833333333333
2025-01-02,588080.SSE,pm,mid,15,481,480,2.0
2025-01-02,588080.SSE,pm,mid,30,241,240,2.0
2025-01-02,588080.SSE,pm,mid,60,121,120,2.0
2025-01-02,588080.SSE,pm,mid,300,25,24,2.0
2025-01-02,588080.SSE,pm,last,3,2401,2400,1.9995833333333333
2025-01-02,588080.SSE,pm,last,15,481,480,2.0
2025-01-02,588080.SSE,pm,last,30,241,240,2.0
2025-01-02,588080.SSE,pm,last,60,121,120,2.0
2025-01-02,588080.SSE,pm,last,300,25,24,2.0
2025-01-03,588000.SSE,am,mid,3,2401,2400,1.0
2025-01-03,588000.SSE,am,mid,15,481,480,1.0
2025-01-03,588000.SSE,am,mid,30,241,240,1.0
2025-01-03,588000.SSE,am,mid,60,121,120,1.0
2025-01-03,588000.SSE,am,mid,300,25,24,1.0
2025-01-03,588000.SSE,am,last,3,2401,2400,1.0
2025-01-03,588000.SSE,am,last,15,481,480,1.0
2025-01-03,588000.SSE,am,last,30,241,240,1.0
2025-01-03,588000.SSE,am,last,60,121,120,1.0
2025-01-03,588000.SSE,am,last,300,25,24,1.0
2025-01-03,588000.SSE,pm,mid,3,2401,2400,1.0
2025-01-03,588000.SSE,pm,mid,15,481,480,1.0
2025-01-03,588000.SSE,pm,mid,30,241,240,1.0
2025-01-03,588000.SSE,pm,mid,60,121,120,1.0
2025-01-03,588000.SSE,pm,mid,300,25,24,1.0
2025-01-03,588000.SSE,pm,last,3,2401,2400,1.0
2025-01-03,588000.SSE,pm,last,15,481,480,1.0
2025-01-03,588000.SSE,pm,last,30,241,240,1.0
2025-01-03,588000.SSE,pm,last,60,121,120,1.0
2025-01-03,588000.SSE,pm,last,300,25,24,1.0
2025-01-03,588080.SSE,am,mid,3,2401,2401,0.0
2025-01-03,588080.SSE,am,mid,15,481,481,0.0
2025-01-03,588080.SSE,am,mid,30,241,241,0.0
2025-01-03,588080.SSE,am,mid,60,121,121,0.0
2025-01-03,588080.SSE,am,mid,300,25,25,0.0
2025-01-03,588080.SSE,am,last,3,2401,2401,0.0
2025-01-03,588080.SSE,am,last,15,481,481,0.0
2025-01-03,588080.SSE,am,last,30,241,241,0.0
2025-01-03,588080.SSE,am,last,60,121,121,0.0
2025-01-03,588080.SSE,am,last,300,25,25,0.0
2025-01-03,588080.SSE,pm,mid,3,2401,2401,0.0
2025-01-03,588080.SSE,pm,mid,15,481,481,0.0
2025-01-03,588080.SSE,pm,mid,30,241,241,0.0
2025-01-03,588080.SSE,pm,mid,60,121,121,0.0
2025-01-03,588080.SSE,pm,mid,300,25,25,0.0
2025-01-03,588080.SSE,pm,last,3,2401,2401,0.0
2025-01-03,588080.SSE,pm,last,15,481,481,0.0
2025-01-03,588080.SSE,pm,last,30,241,241,0.0
2025-01-03,588080.SSE,pm,last,60,121,121,0.0
2025-01-03,588080.SSE,pm,last,300,25,25,0.0
2025-01-06,588000.SSE,am,mid,3,2401,2401,0.0
2025-01-06,588000.SSE,am,mid,15,481,481,0.0
2025-01-06,588000.SSE,am,mid,30,241,241,0.0
2025-01-06,588000.SSE,am,mid,60,121,121,0.0
2025-01-06,588000.SSE,am,mid,300,25,25,0.0
2025-01-06,588000.SSE,am,last,3,2401,2401,0.0
2025-01-06,588000.SSE,am,last,15,481,481,0.0
2025-01-06,588000.SSE,am,last,30,241,241,0.0
2025-01-06,588000.SSE,am,last,60,121,121,0.0
2025-01-06,588000.SSE,am,last,300,25,25,0.0
2025-01-06,588000.SSE,pm,mid,3,2401,2401,0.0
2025-01-06,588000.SSE,pm,mid,15,481,481,0.0
2025-01-06,588000.SSE,pm,mid,30,241,241,0.0
2025-01-06,588000.SSE,pm,mid,60,121,121,0.0
2025-01-06,588000.SSE,pm,mid,300,25,25,0.0
2025-01-06,588000.SSE,pm,last,3,2401,2401,0.0
2025-01-06,588000.SSE,pm,last,15,481,481,0.0
2025-01-06,588000.SSE,pm,last,30,241,241,0.0
2025-01-06,588000.SSE,pm,last,60,121,121,0.0
2025-01-06,588000.SSE,pm,last,300,25,25,0.0
2025-01-06,588080.SSE,am,mid,3,2401,2398,2.0
2025-01-06,588080.SSE,am,mid,15,481,480,2.0
2025-01-06,588080.SSE,am,mid,30,241,240,2.0
2025-01-06,588080.SSE,am,mid,60,121,120,2.0
2025-01-06,588080.SSE,am,mid,300,25,24,2.0
2025-01-06,588080.SSE,am,last,3,2401,2398,2.0
2025-01-06,588080.SSE,am,last,15,481,480,2.0
2025-01-06,588080.SSE,am,last,30,241,240,2.0
2025-01-06,588080.SSE,am,last,60,121,120,2.0
2025-01-06,588080.SSE,am,last,300,25,24,2.0
2025-01-06,588080.SSE,pm,mid,3,2401,2399,2.0
2025-01-06,588080.SSE,pm,mid,15,481,480,2.0
2025-01-06,588080.SSE,pm,mid,30,241,240,2.0
2025-01-06,588080.SSE,pm,mid,60,121,120,2.0
2025-01-06,588080.SSE,pm,mid,300,25,24,2.0
2025-01-06,588080.SSE,pm,last,3,2401,2399,2.0
2025-01-06,588080.SSE,pm,last,15,481,480,2.0
2025-01-06,588080.SSE,pm,last,30,241,240,2.0
2025-01-06,588080.SSE,pm,last,60,121,120,2.0
2025-01-06,588080.SSE,pm,last,300,25,24,2.0
2025-01-07,588000.SSE,am,mid,3,2401,2400,1.0
2025-01-07,588000.SSE,am,mid,15,481,480,1.0
2025-01-07,588000.SSE,am,mid,30,241,240,1.0
2025-01-07,588000.SSE,am,mid,60,121,120,1.0
2025-01-07,588000.SSE,am,mid,300,25,24,1.0
2025-01-07,588000.SSE,am,last,3,2401,2400,1.0
2025-01-07,588000.SSE,am,last,15,481,480,1.0
2025-01-07,588000.SSE,am,last,30,241,240,1.0
2025-01-07,588000.SSE,am,last,60,121,120,1.0
2025-01-07,588000.SSE,am,last,300,25,24,1.0
2025-01-07,588000.SSE,pm,mid,3,2401,2400,1.0
2025-01-07,588000.SSE,pm,mid,15,481,480,1.0
2025-01-07,588000.SSE,pm,mid,30,241,240,1.0
2025-01-07,588000.SSE,pm,mid,60,121,120,1.0
2025-01-07,588000.SSE,pm,mid,300,25,24,1.0
2025-01-07,588000.SSE,pm,last,3,2401,2400,1.0
2025-01-07,588000.SSE,pm,last,15,481,480,1.0
2025-01-07,588000.SSE,pm,last,30,241,240,1.0
2025-01-07,588000.SSE,pm,last,60,121,120,1.0
2025-01-07,588000.SSE,pm,last,300,25,24,1.0
2025-01-07,588080.SSE,am,mid,3,2401,2399,0.9995831596498541
2025-01-07,588080.SSE,am,mid,15,481,480,1.0
2025-01-07,588080.SSE,am,mid,30,241,240,1.0
2025-01-07,588080.SSE,am,mid,60,121,120,1.0
2025-01-07,588080.SSE,am,mid,300,25,24,1.0
2025-01-07,588080.SSE,am,last,3,2401,2399,0.9995831596498541
2025-01-07,588080.SSE,am,last,15,481,480,1.0
2025-01-07,588080.SSE,am,last,30,241,240,1.0
2025-01-07,588080.SSE,am,last,60,121,120,1.0
2025-01-07,588080.SSE,am,last,300,25,24,1.0
2025-01-07,588080.SSE,pm,mid,3,2401,2400,1.0
2025-01-07,588080.SSE,pm,mid,15,481,480,1.0
2025-01-07,588080.SSE,pm,mid,30,241,240,1.0
2025-01-07,588080.SSE,pm,mid,60,121,120,1.0
2025-01-07,588080.SSE,pm,mid,300,25,24,1.0
2025-01-07,588080.SSE,pm,last,3,2401,2400,1.0
2025-01-07,588080.SSE,pm,last,15,481,480,1.0
2025-01-07,588080.SSE,pm,last,30,241,240,1.0
2025-01-07,588080.SSE,pm,last,60,121,120,1.0
2025-01-07,588080.SSE,pm,last,300,25,24,1.0
2025-01-08,588000.SSE,am,mid,3,2401,2400,2.0
2025-01-08,588000.SSE,am,mid,15,481,480,2.0
2025-01-08,588000.SSE,am,mid,30,241,240,2.0
2025-01-08,588000.SSE,am,mid,60,121,120,2.0
2025-01-08,588000.SSE,am,mid,300,25,24,2.0
2025-01-08,588000.SSE,am,last,3,2401,2400,2.0
2025-01-08,588000.SSE,am,last,15,481,480,2.0
2025-01-08,588000.SSE,am,last,30,241,240,2.0
2025-01-08,588000.SSE,am,last,60,121,120,2.0
2025-01-08,588000.SSE,am,last,300,25,24,2.0
2025-01-08,588000.SSE,pm,mid,3,2401,2400,2.0
2025-01-08,588000.SSE,pm,mid,15,481,480,2.0
2025-01-08,588000.SSE,pm,mid,30,241,240,2.0
2025-01-08,588000.SSE,pm,mid,60,121,120,2.0
2025-01-08,588000.SSE,pm,mid,300,25,24,2.0
2025-01-08,588000.SSE,pm,last,3,2401,2400,2.0
2025-01-08,588000.SSE,pm,last,15,481,480,2.0
2025-01-08,588000.SSE,pm,last,30,241,240,2.0
2025-01-08,588000.SSE,pm,last,60,121,120,2.0
2025-01-08,588000.SSE,pm,last,300,25,24,2.0
2025-01-08,588080.SSE,am,mid,3,2401,2401,0.003748438150770512
2025-01-08,588080.SSE,am,mid,15,481,481,0.0
2025-01-08,588080.SSE,am,mid,30,241,241,0.0
2025-01-08,588080.SSE,am,mid,60,121,121,0.0
2025-01-08,588080.SSE,am,mid,300,25,25,0.0
2025-01-08,588080.SSE,am,last,3,2401,2401,0.003748438150770512
2025-01-08,588080.SSE,am,last,15,481,481,0.0
2025-01-08,588080.SSE,am,last,30,241,241,0.0
2025-01-08,588080.SSE,am,last,60,121,121,0.0
2025-01-08,588080.SSE,am,last,300,25,25,0.0
2025-01-08,588080.SSE,pm,mid,3,2401,2401,0.003748438150770512
2025-01-08,588080.SSE,pm,mid,15,481,481,0.0
2025-01-08,588080.SSE,pm,mid,30,241,241,0.0
2025-01-08,588080.SSE,pm,mid,60,121,121,0.0
2025-01-08,588080.SSE,pm,mid,300,25,25,0.0
2025-01-08,588080.SSE,pm,last,3,2401,2401,0.003748438150770512
2025-01-08,588080.SSE,pm,last,15,481,481,0.0
2025-01-08,588080.SSE,pm,last,30,241,241,0.0
2025-01-08,588080.SSE,pm,last,60,121,121,0.0
2025-01-08,588080.SSE,pm,last,300,25,25,0.0
2025-01-09,588000.SSE,am,mid,3,2401,2400,0.9958333333333333
2025-01-09,588000.SSE,am,mid,15,481,480,0.9916666666666667
2025-01-09,588000.SSE,am,mid,30,241,240,0.9833333333333333
2025-01-09,588000.SSE,am,mid,60,121,120,0.9666666666666667
2025-01-09,588000.SSE,am,mid,300,25,24,0.9166666666666666
2025-01-09,588000.SSE,am,last,3,2401,2400,0.9958333333333333
2025-01-09,588000.SSE,am,last,15,481,480,0.9916666666666667
2025-01-09,588000.SSE,am,last,30,241,240,0.9833333333333333
2025-01-09,588000.SSE,am,last,60,121,120,0.9666666666666667
2025-01-09,588000.SSE,am,last,300,25,24,0.9166666666666666
2025-01-09,588000.SSE,pm,mid,3,2401,2400,0.9975
2025-01-09,588000.SSE,pm,mid,15,481,480,0.9979166666666667
2025-01-09,588000.SSE,pm,mid,30,241,240,0.9958333333333333
2025-01-09,588000.SSE,pm,mid,60,121,120,0.9916666666666667
2025-01-09,588000.SSE,pm,mid,300,25,24,0.9583333333333334
2025-01-09,588000.SSE,pm,last,3,2401,2400,0.9975
2025-01-09,588000.SSE,pm,last,15,481,480,0.9979166666666667
2025-01-09,588000.SSE,pm,last,30,241,240,0.9958333333333333
2025-01-09,588000.SSE,pm,last,60,121,120,0.9916666666666667
2025-01-09,588000.SSE,pm,last,300,25,24,0.9583333333333334
2025-01-09,588080.SSE,am,mid,3,2401,2400,0.6570833333333334
2025-01-09,588080.SSE,am,mid,15,481,480,0.6875
2025-01-09,588080.SSE,am,mid,30,241,240,0.6708333333333333
2025-01-09,588080.SSE,am,mid,60,121,120,0.6583333333333333
2025-01-09,588080.SSE,am,mid,300,25,24,0.5
2025-01-09,588080.SSE,am,last,3,2401,2400,0.6570833333333334
2025-01-09,588080.SSE,am,last,15,481,480,0.6875
2025-01-09,588080.SSE,am,last,30,241,240,0.6708333333333333
2025-01-09,588080.SSE,am,last,60,121,120,0.6583333333333333
2025-01-09,588080.SSE,am,last,300,25,24,0.5
2025-01-09,588080.SSE,pm,mid,3,2401,2399,0.6569403918299291
2025-01-09,588080.SSE,pm,mid,15,481,479,0.6242171189979123
2025-01-09,588080.SSE,pm,mid,30,241,239,0.6317991631799164
2025-01-09,588080.SSE,pm,mid,60,121,120,0.6333333333333333
2025-01-09,588080.SSE,pm,mid,300,25,24,0.5
2025-01-09,588080.SSE,pm,last,3,2401,2399,0.6569403918299291
2025-01-09,588080.SSE,pm,last,15,481,479,0.6242171189979123
2025-01-09,588080.SSE,pm,last,30,241,239,0.6317991631799164
2025-01-09,588080.SSE,pm,last,60,121,120,0.6333333333333333
2025-01-09,588080.SSE,pm,last,300,25,24,0.5
2025-01-10,588000.SSE,am,mid,3,2401,2401,0.0
2025-01-10,588000.SSE,am,mid,15,481,481,0.0
2025-01-10,588000.SSE,am,mid,30,241,241,0.0
2025-01-10,588000.SSE,am,mid,60,121,121,0.0
2025-01-10,588000.SSE,am,mid,300,25,25,0.0
2025-01-10,588000.SSE,am,last,3,2401,2401,0.0
2025-01-10,588000.SSE,am,last,15,481,481,0.0
2025-01-10,588000.SSE,am,last,30,241,241,0.0
2025-01-10,588000.SSE,am,last,60,121,121,0.0
2025-01-10,588000.SSE,am,last,300,25,25,0.0
2025-01-10,588000.SSE,pm,mid,3,2401,2401,0.0
2025-01-10,588000.SSE,pm,mid,15,481,481,0.0
2025-01-10,588000.SSE,pm,mid,30,241,241,0.0
2025-01-10,588000.SSE,pm,mid,60,121,121,0.0
2025-01-10,588000.SSE,pm,mid,300,25,25,0.0
2025-01-10,588000.SSE,pm,last,3,2401,2401,0.0
2025-01-10,588000.SSE,pm,last,15,481,481,0.0
2025-01-10,588000.SSE,pm,last,30,241,241,0.0
2025-01-10,588000.SSE,pm,last,60,121,121,0.0
2025-01-10,588000.SSE,pm,last,300,25,25,0.0
2025-01-10,588080.SSE,am,mid,3,2401,2400,1.0
2025-01-10,588080.SSE,am,mid,15,481,480,1.0
2025-01-10,588080.SSE,am,mid,30,241,240,1.0
2025-01-10,588080.SSE,am,mid,60,121,120,1.0
2025-01-10,588080.SSE,am,mid,300,25,24,1.0
2025-01-10,588080.SSE,am,last,3,2401,2400,1.0
2025-01-10,588080.SSE,am,last,15,481,480,1.0
2025-01-10,588080.SSE,am,last,30,241,240,1.0
2025-01-10,588080.SSE,am,last,60,121,120,1.0
2025-01-10,588080.SSE,am,last,300,25,24,1.0
2025-01-10,588080.SSE,pm,mid,3,2401,2400,1.0
2025-01-10,588080.SSE,pm,mid,15,481,480,1.0
2025-01-10,588080.SSE,pm,mid,30,241,240,1.0
2025-01-10,588080.SSE,pm,mid,60,121,120,1.0
2025-01-10,588080.SSE,pm,mid,300,25,24,1.0
2025-01-10,588080.SSE,pm,last,3,2401,2400,1.0
2025-01-10,588080.SSE,pm,last,15,481,480,1.0
2025-01-10,588080.SSE,pm,last,30,241,240,1.0
2025-01-10,588080.SSE,pm,last,60,121,120,1.0
2025-01-10,588080.SSE,pm,last,300,25,24,1.0
2025-01-13,588000.SSE,am,mid,3,2401,2400,1.0
2025-01-13,588000.SSE,am,mid,15,481,480,1.0
2025-01-13,588000.SSE,am,mid,30,241,240,1.0
2025-01-13,588000.SSE,am,mid,60,121,120,1.0
2025-01-13,588000.SSE,am,mid,300,25,24,1.0
2025-01-13,588000.SSE,am,last,3,2401,2400,1.0
2025-01-13,588000.SSE,am,last,15,481,480,1.0
2025-01-13,588000.SSE,am,last,30,241,240,1.0
2025-01-13,588000.SSE,am,last,60,121,120,1.0
2025-01-13,588000.SSE,am,last,300,25,24,1.0
2025-01-13,588000.SSE,pm,mid,3,2401,2400,0.9995833333333334
2025-01-13,588000.SSE,pm,mid,15,481,480,1.0
2025-01-13,588000.SSE,pm,mid,30,241,240,1.0
2025-01-13,588000.SSE,pm,mid,60,121,120,1.0
2025-01-13,588000.SSE,pm,mid,300,25,24,1.0
2025-01-13,588000.SSE,pm,last,3,2401,2400,0.9995833333333334
2025-01-13,588000.SSE,pm,last,15,481,480,1.0
2025-01-13,588000.SSE,pm,last,30,241,240,1.0
2025-01-13,588000.SSE,pm,last,60,121,120,1.0
2025-01-13,588000.SSE,pm,last,300,25,24,1.0
2025-01-13,588080.SSE,am,mid,3,2401,2401,0.6559766763848397
2025-01-13,588080.SSE,am,mid,15,481,481,0.5717255717255717
2025-01-13,588080.SSE,am,mid,30,241,241,0.49377593360995853
2025-01-13,588080.SSE,am,mid,60,121,121,0.4462809917355372
2025-01-13,588080.SSE,am,mid,300,25,25,0.32
2025-01-13,588080.SSE,am,last,3,2401,2401,0.6559766763848397
2025-01-13,588080.SSE,am,last,15,481,481,0.5717255717255717
2025-01-13,588080.SSE,am,last,30,241,241,0.49377593360995853
2025-01-13,588080.SSE,am,last,60,121,121,0.4462809917355372
2025-01-13,588080.SSE,am,last,300,25,25,0.32
2025-01-13,588080.SSE,pm,mid,3,2401,2401,0.6747188671386922
2025-01-13,588080.SSE,pm,mid,15,481,481,0.6237006237006237
2025-01-13,588080.SSE,pm,mid,30,241,241,0.6514522821576764
2025-01-13,588080.SSE,pm,mid,60,121,121,0.6694214876033058
2025-01-13,588080.SSE,pm,mid,300,25,25,0.48
2025-01-13,588080.SSE,pm,last,3,2401,2401,0.6747188671386922
2025-01-13,588080.SSE,pm,last,15,481,481,0.6237006237006237
2025-01-13,588080.SSE,pm,last,30,241,241,0.6514522821576764
2025-01-13,588080.SSE,pm,last,60,121,121,0.6694214876033058
2025-01-13,588080.SSE,pm,last,300,25,25,0.48
2025-01-14,588000.SSE,am,mid,3,2401,2401,0.0
2025-01-14,588000.SSE,am,mid,15,481,481,0.0
2025-01-14,588000.SSE,am,mid,30,241,241,0.0
2025-01-14,588000.SSE,am,mid,60,121,121,0.0
2025-01-14,588000.SSE,am,mid,300,25,25,0.0
2025-01-14,588000.SSE,am,last,3,2401,2401,0.0
2025-01-14,588000.SSE,am,last,15,481,481,0.0
2025-01-14,588000.SSE,am,last,30,241,241,0.0
2025-01-14,588000.SSE,am,last,60,121,121,0.0
2025-01-14,588000.SSE,am,last,300,25,25,0.0
2025-01-14,588000.SSE,pm,mid,3,2401,2401,0.0
2025-01-14,588000.SSE,pm,mid,15,481,481,0.0
2025-01-14,588000.SSE,pm,mid,30,241,241,0.0
2025-01-14,588000.SSE,pm,mid,60,121,121,0.0
2025-01-14,588000.SSE,pm,mid,300,25,25,0.0
2025-01-14,588000.SSE,pm,last,3,2401,2401,0.0
2025-01-14,588000.SSE,pm,last,15,481,481,0.0
2025-01-14,588000.SSE,pm,last,30,241,241,0.0
2025-01-14,588000.SSE,pm,last,60,121,121,0.0
2025-01-14,588000.SSE,pm,last,300,25,25,0.0
2025-01-14,588080.SSE,am,mid,3,2401,2400,1.84125
2025-01-14,588080.SSE,am,mid,15,481,480,1.8479166666666667
2025-01-14,588080.SSE,am,mid,30,241,240,1.8541666666666667
2025-01-14,588080.SSE,am,mid,60,121,120,1.85
2025-01-14,588080.SSE,am,mid,300,25,24,1.8333333333333333
2025-01-14,588080.SSE,am,last,3,2401,2400,1.84125
2025-01-14,588080.SSE,am,last,15,481,480,1.8479166666666667
2025-01-14,588080.SSE,am,last,30,241,240,1.8541666666666667
2025-01-14,588080.SSE,am,last,60,121,120,1.85
2025-01-14,588080.SSE,am,last,300,25,24,1.8333333333333333
2025-01-14,588080.SSE,pm,mid,3,2401,2400,1.7941666666666667
2025-01-14,588080.SSE,pm,mid,15,481,480,1.7729166666666667
2025-01-14,588080.SSE,pm,mid,30,241,240,1.7875
2025-01-14,588080.SSE,pm,mid,60,121,120,1.7333333333333334
2025-01-14,588080.SSE,pm,mid,300,25,24,1.6666666666666667
2025-01-14,588080.SSE,pm,last,3,2401,2400,1.7941666666666667
2025-01-14,588080.SSE,pm,last,15,481,480,1.7729166666666667
2025-01-14,588080.SSE,pm,last,30,241,240,1.7875
2025-01-14,588080.SSE,pm,last,60,121,120,1.7333333333333334
2025-01-14,588080.SSE,pm,last,300,25,24,1.6666666666666667
2025-01-15,588000.SSE,am,mid,3,2401,2400,1.0
2025-01-15,588000.SSE,am,mid,15,481,480,1.0
2025-01-15,588000.SSE,am,mid,30,241,240,1.0
2025-01-15,588000.SSE,am,mid,60,121,120,1.0
2025-01-15,588000.SSE,am,mid,300,25,24,1.0
2025-01-15,588000.SSE,am,last,3,2401,2400,1.0
2025-01-15,588000.SSE,am,last,15,481,480,1.0
2025-01-15,588000.SSE,am,last,30,241,240,1.0
2025-01-15,588000.SSE,am,last,60,121,120,1.0
2025-01-15,588000.SSE,am,last,300,25,24,1.0
2025-01-15,588000.SSE,pm,mid,3,2401,2400,1.0
2025-01-15,588000.SSE,pm,mid,15,481,480,1.0
2025-01-15,588000.SSE,pm,mid,30,241,240,1.0
2025-01-15,588000.SSE,pm,mid,60,121,120,1.0
2025-01-15,588000.SSE,pm,mid,300,25,24,1.0
2025-01-15,588000.SSE,pm,last,3,2401,2400,1.0
2025-01-15,588000.SSE,pm,last,15,481,480,1.0
2025-01-15,588000.SSE,pm,last,30,241,240,1.0
2025-01-15,588000.SSE,pm,last,60,121,120,1.0
2025-01-15,588000.SSE,pm,last,300,25,24,1.0
2025-01-15,588080.SSE,am,mid,3,2401,2399,2.0
2025-01-15,588080.SSE,am,mid,15,481,480,2.0
2025-01-15,588080.SSE,am,mid,30,241,240,2.0
2025-01-15,588080.SSE,am,mid,60,121,120,2.0
2025-01-15,588080.SSE,am,mid,300,25,24,2.0
2025-01-15,588080.SSE,am,last,3,2401,2399,2.0
2025-01-15,588080.SSE,am,last,15,481,480,2.0
2025-01-15,588080.SSE,am,last,30,241,240,2.0
2025-01-15,588080.SSE,am,last,60,121,120,2.0
2025-01-15,588080.SSE,am,last,300,25,24,2.0
2025-01-15,588080.SSE,pm,mid,3,2401,2399,2.0
2025-01-15,588080.SSE,pm,mid,15,481,480,2.0
2025-01-15,588080.SSE,pm,mid,30,241,240,2.0
2025-01-15,588080.SSE,pm,mid,60,121,120,2.0
2025-01-15,588080.SSE,pm,mid,300,25,24,2.0
2025-01-15,588080.SSE,pm,last,3,2401,2399,2.0
2025-01-15,588080.SSE,pm,last,15,481,480,2.0
2025-01-15,588080.SSE,pm,last,30,241,240,2.0
2025-01-15,588080.SSE,pm,last,60,121,120,2.0
2025-01-15,588080.SSE,pm,last,300,25,24,2.0
2025-01-16,588000.SSE,am,mid,3,2401,2401,0.0012494793835901709
2025-01-16,588000.SSE,am,mid,15,481,481,0.0
2025-01-16,588000.SSE,am,mid,30,241,241,0.0
2025-01-16,588000.SSE,am,mid,60,121,121,0.0
2025-01-16,588000.SSE,am,mid,300,25,25,0.0
2025-01-16,588000.SSE,am,last,3,2401,2401,0.0012494793835901709
2025-01-16,588000.SSE,am,last,15,481,481,0.0
2025-01-16,588000.SSE,am,last,30,241,241,0.0
2025-01-16,588000.SSE,am,last,60,121,121,0.0
2025-01-16,588000.SSE,am,last,300,25,25,0.0
2025-01-16,588000.SSE,pm,mid,3,2401,2401,0.0
2025-01-16,588000.SSE,pm,mid,15,481,481,0.0
2025-01-16,588000.SSE,pm,mid,30,241,241,0.0
2025-01-16,588000.SSE,pm,mid,60,121,121,0.0
2025-01-16,588000.SSE,pm,mid,300,25,25,0.0
2025-01-16,588000.SSE,pm,last,3,2401,2401,0.0
2025-01-16,588000.SSE,pm,last,15,481,481,0.0
2025-01-16,588000.SSE,pm,last,30,241,241,0.0
2025-01-16,588000.SSE,pm,last,60,121,121,0.0
2025-01-16,588000.SSE,pm,last,300,25,25,0.0
2025-01-16,588080.SSE,am,mid,3,2401,2401,0.0
2025-01-16,588080.SSE,am,mid,15,481,481,0.0
2025-01-16,588080.SSE,am,mid,30,241,241,0.0
2025-01-16,588080.SSE,am,mid,60,121,121,0.0
2025-01-16,588080.SSE,am,mid,300,25,25,0.0
2025-01-16,588080.SSE,am,last,3,2401,2401,0.0
2025-01-16,588080.SSE,am,last,15,481,481,0.0
2025-01-16,588080.SSE,am,last,30,241,241,0.0
2025-01-16,588080.SSE,am,last,60,121,121,0.0
2025-01-16,588080.SSE,am,last,300,25,25,0.0
2025-01-16,588080.SSE,pm,mid,3,2401,2401,0.0
2025-01-16,588080.SSE,pm,mid,15,481,481,0.0
2025-01-16,588080.SSE,pm,mid,30,241,241,0.0
2025-01-16,588080.SSE,pm,mid,60,121,121,0.0
2025-01-16,588080.SSE,pm,mid,300,25,25,0.0
2025-01-16,588080.SSE,pm,last,3,2401,2401,0.0
2025-01-16,588080.SSE,pm,last,15,481,481,0.0
2025-01-16,588080.SSE,pm,last,30,241,241,0.0
2025-01-16,588080.SSE,pm,last,60,121,121,0.0
2025-01-16,588080.SSE,pm,last,300,25,25,0.0
2025-01-17,588000.SSE,am,mid,3,2401,2400,1.0
2025-01-17,588000.SSE,am,mid,15,481,480,1.0
2025-01-17,588000.SSE,am,mid,30,241,240,1.0
2025-01-17,588000.SSE,am,mid,60,121,120,1.0
2025-01-17,588000.SSE,am,mid,300,25,24,1.0
2025-01-17,588000.SSE,am,last,3,2401,2400,1.0
2025-01-17,588000.SSE,am,last,15,481,480,1.0
2025-01-17,588000.SSE,am,last,30,241,240,1.0
2025-01-17,588000.SSE,am,last,60,121,120,1.0
2025-01-17,588000.SSE,am,last,300,25,24,1.0
2025-01-17,588000.SSE,pm,mid,3,2401,2400,1.0
2025-01-17,588000.SSE,pm,mid,15,481,480,1.0
2025-01-17,588000.SSE,pm,mid,30,241,240,1.0
2025-01-17,588000.SSE,pm,mid,60,121,120,1.0
2025-01-17,588000.SSE,pm,mid,300,25,24,1.0
2025-01-17,588000.SSE,pm,last,3,2401,2400,1.0
2025-01-17,588000.SSE,pm,last,15,481,480,1.0
2025-01-17,588000.SSE,pm,last,30,241,240,1.0
2025-01-17,588000.SSE,pm,last,60,121,120,1.0
2025-01-17,588000.SSE,pm,last,300,25,24,1.0
2025-01-17,588080.SSE,am,mid,3,2401,2398,2.0
2025-01-17,588080.SSE,am,mid,15,481,479,2.0
2025-01-17,588080.SSE,am,mid,30,241,240,2.0
2025-01-17,588080.SSE,am,mid,60,121,120,2.0
2025-01-17,588080.SSE,am,mid,300,25,24,2.0
2025-01-17,588080.SSE,am,last,3,2401,2398,2.0
2025-01-17,588080.SSE,am,last,15,481,479,2.0
2025-01-17,588080.SSE,am,last,30,241,240,2.0
2025-01-17,588080.SSE,am,last,60,121,120,2.0
2025-01-17,588080.SSE,am,last,300,25,24,2.0
2025-01-17,588080.SSE,pm,mid,3,2401,2400,2.0
2025-01-17,588080.SSE,pm,mid,15,481,480,2.0
2025-01-17,588080.SSE,pm,mid,30,241,240,2.0
2025-01-17,588080.SSE,pm,mid,60,121,120,2.0
2025-01-17,588080.SSE,pm,mid,300,25,24,2.0
2025-01-17,588080.SSE,pm,last,3,2401,2400,2.0
2025-01-17,588080.SSE,pm,last,15,481,480,2.0
2025-01-17,588080.SSE,pm,last,30,241,240,2.0
2025-01-17,588080.SSE,pm,last,60,121,120,2.0
2025-01-17,588080.SSE,pm,last,300,25,24,2.0
2025-01-20,588000.SSE,am,mid,3,2401,2401,0.0012494793835901709
2025-01-20,588000.SSE,am,mid,15,481,481,0.006237006237006237
2025-01-20,588000.SSE,am,mid,30,241,241,0.0
2025-01-20,588000.SSE,am,mid,60,121,121,0.0
2025-01-20,588000.SSE,am,mid,300,25,25,0.0
2025-01-20,588000.SSE,am,last,3,2401,2401,0.0012494793835901709
2025-01-20,588000.SSE,am,last,15,481,481,0.006237006237006237
2025-01-20,588000.SSE,am,last,30,241,241,0.0
2025-01-20,588000.SSE,am,last,60,121,121,0.0
2025-01-20,588000.SSE,am,last,300,25,25,0.0
2025-01-20,588000.SSE,pm,mid,3,2401,2401,0.0
2025-01-20,588000.SSE,pm,mid,15,481,481,0.0
2025-01-20,588000.SSE,pm,mid,30,241,241,0.0
2025-01-20,588000.SSE,pm,mid,60,121,121,0.0
2025-01-20,588000.SSE,pm,mid,300,25,25,0.0
2025-01-20,588000.SSE,pm,last,3,2401,2401,0.0
2025-01-20,588000.SSE,pm,last,15,481,481,0.0
2025-01-20,588000.SSE,pm,last,30,241,241,0.0
2025-01-20,588000.SSE,pm,last,60,121,121,0.0
2025-01-20,588000.SSE,pm,last,300,25,25,0.0
2025-01-20,588080.SSE,am,mid,3,2401,2401,0.003748438150770512
2025-01-20,588080.SSE,am,mid,15,481,481,0.012474012474012475
2025-01-20,588080.SSE,am,mid,30,241,241,0.0
2025-01-20,588080.SSE,am,mid,60,121,121,0.0
2025-01-20,588080.SSE,am,mid,300,25,25,0.0
2025-01-20,588080.SSE,am,last,3,2401,2401,0.003748438150770512
2025-01-20,588080.SSE,am,last,15,481,481,0.012474012474012475
2025-01-20,588080.SSE,am,last,30,241,241,0.0
2025-01-20,588080.SSE,am,last,60,121,121,0.0
2025-01-20,588080.SSE,am,last,300,25,25,0.0
2025-01-20,588080.SSE,pm,mid,3,2401,2400,0.0025
2025-01-20,588080.SSE,pm,mid,15,481,481,0.0
2025-01-20,588080.SSE,pm,mid,30,241,241,0.0
2025-01-20,588080.SSE,pm,mid,60,121,121,0.0
2025-01-20,588080.SSE,pm,mid,300,25,25,0.0
2025-01-20,588080.SSE,pm,last,3,2401,2400,0.0025
2025-01-20,588080.SSE,pm,last,15,481,481,0.0
2025-01-20,588080.SSE,pm,last,30,241,241,0.0
2025-01-20,588080.SSE,pm,last,60,121,121,0.0
2025-01-20,588080.SSE,pm,last,300,25,25,0.0
2025-01-21,588000.SSE,am,mid,3,2401,2400,0.02666666666666667
2025-01-21,588000.SSE,am,mid,15,481,480,0.025
2025-01-21,588000.SSE,am,mid,30,241,240,0.020833333333333332
2025-01-21,588000.SSE,am,mid,60,121,120,0.0
2025-01-21,588000.SSE,am,mid,300,25,24,0.0
2025-01-21,588000.SSE,am,last,3,2401,2400,0.02666666666666667
2025-01-21,588000.SSE,am,last,15,481,480,0.025
2025-01-21,588000.SSE,am,last,30,241,240,0.020833333333333332
2025-01-21,588000.SSE,am,last,60,121,120,0.0
2025-01-21,588000.SSE,am,last,300,25,24,0.0
2025-01-21,588000.SSE,pm,mid,3,2401,2400,0.022916666666666665
2025-01-21,588000.SSE,pm,mid,15,481,480,0.027083333333333334
2025-01-21,588000.SSE,pm,mid,30,241,240,0.016666666666666666
2025-01-21,588000.SSE,pm,mid,60,121,120,0.016666666666666666
2025-01-21,588000.SSE,pm,mid,300,25,24,0.041666666666666664
2025-01-21,588000.SSE,pm,last,3,2401,2400,0.022916666666666665
2025-01-21,588000.SSE,pm,last,15,481,480,0.027083333333333334
2025-01-21,588000.SSE,pm,last,30,241,240,0.016666666666666666
2025-01-21,588000.SSE,pm,last,60,121,120,0.016666666666666666
2025-01-21,588000.SSE,pm,last,300,25,24,0.041666666666666664
2025-01-21,588080.SSE,am,mid,3,2401,2400,1.0
2025-01-21,588080.SSE,am,mid,15,481,480,1.0
2025-01-21,588080.SSE,am,mid,30,241,240,1.0
2025-01-21,588080.SSE,am,mid,60,121,120,1.0
2025-01-21,588080.SSE,am,mid,300,25,24,1.0
2025-01-21,588080.SSE,am,last,3,2401,2400,1.0
2025-01-21,588080.SSE,am,last,15,481,480,1.0
2025-01-21,588080.SSE,am,last,30,241,240,1.0
2025-01-21,588080.SSE,am,last,60,121,120,1.0
2025-01-21,588080.SSE,am,last,300,25,24,1.0
2025-01-21,588080.SSE,pm,mid,3,2401,2400,1.0
2025-01-21,588080.SSE,pm,mid,15,481,480,1.0
2025-01-21,588080.SSE,pm,mid,30,241,240,1.0
2025-01-21,588080.SSE,pm,mid,60,121,120,1.0
2025-01-21,588080.SSE,pm,mid,300,25,24,1.0
2025-01-21,588080.SSE,pm,last,3,2401,2400,1.0
2025-01-21,588080.SSE,pm,last,15,481,480,1.0
2025-01-21,588080.SSE,pm,last,30,241,240,1.0
2025-01-21,588080.SSE,pm,last,60,121,120,1.0
2025-01-21,588080.SSE,pm,last,300,25,24,1.0
2025-01-22,588000.SSE,am,mid,3,2401,2400,2.0
2025-01-22,588000.SSE,am,mid,15,481,480,2.0
2025-01-22,588000.SSE,am,mid,30,241,240,2.0
2025-01-22,588000.SSE,am,mid,60,121,120,2.0
2025-01-22,588000.SSE,am,mid,300,25,24,2.0
2025-01-22,588000.SSE,am,last,3,2401,2400,2.0
2025-01-22,588000.SSE,am,last,15,481,480,2.0
2025-01-22,588000.SSE,am,last,30,241,240,2.0
2025-01-22,588000.SSE,am,last,60,121,120,2.0
2025-01-22,588000.SSE,am,last,300,25,24,2.0
2025-01-22,588000.SSE,pm,mid,3,2401,2400,2.0
2025-01-22,588000.SSE,pm,mid,15,481,480,2.0
2025-01-22,588000.SSE,pm,mid,30,241,240,2.0
2025-01-22,588000.SSE,pm,mid,60,121,120,2.0
2025-01-22,588000.SSE,pm,mid,300,25,24,2.0
2025-01-22,588000.SSE,pm,last,3,2401,2400,2.0
2025-01-22,588000.SSE,pm,last,15,481,480,2.0
2025-01-22,588000.SSE,pm,last,30,241,240,2.0
2025-01-22,588000.SSE,pm,last,60,121,120,2.0
2025-01-22,588000.SSE,pm,last,300,25,24,2.0
2025-01-22,588080.SSE,am,mid,3,2401,2400,1.0
2025-01-22,588080.SSE,am,mid,15,481,480,1.0
2025-01-22,588080.SSE,am,mid,30,241,240,1.0
2025-01-22,588080.SSE,am,mid,60,121,120,1.0
2025-01-22,588080.SSE,am,mid,300,25,24,1.0
2025-01-22,588080.SSE,am,last,3,2401,2400,1.0
2025-01-22,588080.SSE,am,last,15,481,480,1.0
2025-01-22,588080.SSE,am,last,30,241,240,1.0
2025-01-22,588080.SSE,am,last,60,121,120,1.0
2025-01-22,588080.SSE,am,last,300,25,24,1.0
2025-01-22,588080.SSE,pm,mid,3,2401,2399,1.0
2025-01-22,588080.SSE,pm,mid,15,481,480,1.0
2025-01-22,588080.SSE,pm,mid,30,241,240,1.0
2025-01-22,588080.SSE,pm,mid,60,121,120,1.0
2025-01-22,588080.SSE,pm,mid,300,25,24,1.0
2025-01-22,588080.SSE,pm,last,3,2401,2399,1.0
2025-01-22,588080.SSE,pm,last,15,481,480,1.0
2025-01-22,588080.SSE,pm,last,30,241,240,1.0
2025-01-22,588080.SSE,pm,last,60,121,120,1.0
2025-01-22,588080.SSE,pm,last,300,25,24,1.0
2025-01-23,588000.SSE,am,mid,3,2401,2400,2.0
2025-01-23,588000.SSE,am,mid,15,481,480,2.0
2025-01-23,588000.SSE,am,mid,30,241,240,2.0
2025-01-23,588000.SSE,am,mid,60,121,120,2.0
2025-01-23,588000.SSE,am,mid,300,25,24,2.0
2025-01-23,588000.SSE,am,last,3,2401,2400,2.0
2025-01-23,588000.SSE,am,last,15,481,480,2.0
2025-01-23,588000.SSE,am,last,30,241,240,2.0
2025-01-23,588000.SSE,am,last,60,121,120,2.0
2025-01-23,588000.SSE,am,last,300,25,24,2.0
2025-01-23,588000.SSE,pm,mid,3,2401,2400,2.0
2025-01-23,588000.SSE,pm,mid,15,481,480,2.0
2025-01-23,588000.SSE,pm,mid,30,241,240,2.0
2025-01-23,588000.SSE,pm,mid,60,121,120,2.0
2025-01-23,588000.SSE,pm,mid,300,25,24,2.0
2025-01-23,588000.SSE,pm,last,3,2401,2400,2.0
2025-01-23,588000.SSE,pm,last,15,481,480,2.0
2025-01-23,588000.SSE,pm,last,30,241,240,2.0
2025-01-23,588000.SSE,pm,last,60,121,120,2.0
2025-01-23,588000.SSE,pm,last,300,25,24,2.0
2025-01-23,588080.SSE,am,mid,3,2401,2399,2.0
2025-01-23,588080.SSE,am,mid,15,481,480,2.0
2025-01-23,588080.SSE,am,mid,30,241,240,2.0
2025-01-23,588080.SSE,am,mid,60,121,120,2.0
2025-01-23,588080.SSE,am,mid,300,25,24,2.0
2025-01-23,588080.SSE,am,last,3,2401,2399,2.0
2025-01-23,588080.SSE,am,last,15,481,480,2.0
2025-01-23,588080.SSE,am,last,30,241,240,2.0
2025-01-23,588080.SSE,am,last,60,121,120,2.0
2025-01-23,588080.SSE,am,last,300,25,24,2.0
2025-01-23,588080.SSE,pm,mid,3,2401,2399,2.0
2025-01-23,588080.SSE,pm,mid,15,481,479,2.0
2025-01-23,588080.SSE,pm,mid,30,241,239,2.0
2025-01-23,588080.SSE,pm,mid,60,121,119,2.0
2025-01-23,588080.SSE,pm,mid,300,25,24,2.0
2025-01-23,588080.SSE,pm,last,3,2401,2399,2.0
2025-01-23,588080.SSE,pm,last,15,481,479,2.0
2025-01-23,588080.SSE,pm,last,30,241,239,2.0
2025-01-23,588080.SSE,pm,last,60,121,119,2.0
2025-01-23,588080.SSE,pm,last,300,25,24,2.0
2025-01-24,588000.SSE,am,mid,3,2401,2400,1.0
2025-01-24,588000.SSE,am,mid,15,481,480,1.0
2025-01-24,588000.SSE,am,mid,30,241,240,1.0
2025-01-24,588000.SSE,am,mid,60,121,120,1.0
2025-01-24,588000.SSE,am,mid,300,25,24,1.0
2025-01-24,588000.SSE,am,last,3,2401,2400,1.0
2025-01-24,588000.SSE,am,last,15,481,480,1.0
2025-01-24,588000.SSE,am,last,30,241,240,1.0
2025-01-24,588000.SSE,am,last,60,121,120,1.0
2025-01-24,588000.SSE,am,last,300,25,24,1.0
2025-01-24,588000.SSE,pm,mid,3,2401,2400,1.0
2025-01-24,588000.SSE,pm,mid,15,481,480,1.0
2025-01-24,588000.SSE,pm,mid,30,241,240,1.0
2025-01-24,588000.SSE,pm,mid,60,121,120,1.0
2025-01-24,588000.SSE,pm,mid,300,25,24,1.0
2025-01-24,588000.SSE,pm,last,3,2401,2400,1.0
2025-01-24,588000.SSE,pm,last,15,481,480,1.0
2025-01-24,588000.SSE,pm,last,30,241,240,1.0
2025-01-24,588000.SSE,pm,last,60,121,120,1.0
2025-01-24,588000.SSE,pm,last,300,25,24,1.0
2025-01-24,588080.SSE,am,mid,3,2401,2401,0.0
2025-01-24,588080.SSE,am,mid,15,481,481,0.0
2025-01-24,588080.SSE,am,mid,30,241,241,0.0
2025-01-24,588080.SSE,am,mid,60,121,121,0.0
2025-01-24,588080.SSE,am,mid,300,25,25,0.0
2025-01-24,588080.SSE,am,last,3,2401,2401,0.0
2025-01-24,588080.SSE,am,last,15,481,481,0.0
2025-01-24,588080.SSE,am,last,30,241,241,0.0
2025-01-24,588080.SSE,am,last,60,121,121,0.0
2025-01-24,588080.SSE,am,last,300,25,25,0.0
2025-01-24,588080.SSE,pm,mid,3,2401,2401,0.003748438150770512
2025-01-24,588080.SSE,pm,mid,15,481,481,0.0
2025-01-24,588080.SSE,pm,mid,30,241,241,0.0
2025-01-24,588080.SSE,pm,mid,60,121,121,0.0
2025-01-24,588080.SSE,pm,mid,300,25,25,0.0
2025-01-24,588080.SSE,pm,last,3,2401,2401,0.003748438150770512
2025-01-24,588080.SSE,pm,last,15,481,481,0.0
2025-01-24,588080.SSE,pm,last,30,241,241,0.0
2025-01-24,588080.SSE,pm,last,60,121,121,0.0
2025-01-24,588080.SSE,pm,last,300,25,25,0.0
2025-01-27,588000.SSE,am,mid,3,2401,2401,0.0
2025-01-27,588000.SSE,am,mid,15,481,481,0.0
2025-01-27,588000.SSE,am,mid,30,241,241,0.0
2025-01-27,588000.SSE,am,mid,60,121,121,0.0
2025-01-27,588000.SSE,am,mid,300,25,25,0.0
2025-01-27,588000.SSE,am,last,3,2401,2401,0.0
2025-01-27,588000.SSE,am,last,15,481,481,0.0
2025-01-27,588000.SSE,am,last,30,241,241,0.0
2025-01-27,588000.SSE,am,last,60,121,121,0.0
2025-01-27,588000.SSE,am,last,300,25,25,0.0
2025-01-27,588000.SSE,pm,mid,3,2401,2401,0.0
2025-01-27,588000.SSE,pm,mid,15,481,481,0.0
2025-01-27,588000.SSE,pm,mid,30,241,241,0.0
2025-01-27,588000.SSE,pm,mid,60,121,121,0.0
2025-01-27,588000.SSE,pm,mid,300,25,25,0.0
2025-01-27,588000.SSE,pm,last,3,2401,2401,0.0
2025-01-27,588000.SSE,pm,last,15,481,481,0.0
2025-01-27,588000.SSE,pm,last,30,241,241,0.0
2025-01-27,588000.SSE,pm,last,60,121,121,0.0
2025-01-27,588000.SSE,pm,last,300,25,25,0.0
2025-01-27,588080.SSE,am,mid,3,2401,2401,0.003748438150770512
2025-01-27,588080.SSE,am,mid,15,481,481,0.0
2025-01-27,588080.SSE,am,mid,30,241,241,0.0
2025-01-27,588080.SSE,am,mid,60,121,121,0.0
2025-01-27,588080.SSE,am,mid,300,25,25,0.0
2025-01-27,588080.SSE,am,last,3,2401,2401,0.003748438150770512
2025-01-27,588080.SSE,am,last,15,481,481,0.0
2025-01-27,588080.SSE,am,last,30,241,241,0.0
2025-01-27,588080.SSE,am,last,60,121,121,0.0
2025-01-27,588080.SSE,am,last,300,25,25,0.0
2025-01-27,588080.SSE,pm,mid,3,2401,2401,0.0012494793835901709
2025-01-27,588080.SSE,pm,mid,15,481,481,0.006237006237006237
2025-01-27,588080.SSE,pm,mid,30,241,241,0.0
2025-01-27,588080.SSE,pm,mid,60,121,121,0.0
2025-01-27,588080.SSE,pm,mid,300,25,25,0.0
2025-01-27,588080.SSE,pm,last,3,2401,2401,0.0012494793835901709
2025-01-27,588080.SSE,pm,last,15,481,481,0.006237006237006237
2025-01-27,588080.SSE,pm,last,30,241,241,0.0
2025-01-27,588080.SSE,pm,last,60,121,121,0.0
2025-01-27,588080.SSE,pm,last,300,25,25,0.0
2025-02-05,588000.SSE,am,mid,3,2401,2401,0.0
2025-02-05,588000.SSE,am,mid,15,481,481,0.0
2025-02-05,588000.SSE,am,mid,30,241,241,0.0
2025-02-05,588000.SSE,am,mid,60,121,121,0.0
2025-02-05,588000.SSE,am,mid,300,25,25,0.0
2025-02-05,588000.SSE,am,last,3,2401,2401,0.0
2025-02-05,588000.SSE,am,last,15,481,481,0.0
2025-02-05,588000.SSE,am,last,30,241,241,0.0
2025-02-05,588000.SSE,am,last,60,121,121,0.0
2025-02-05,588000.SSE,am,last,300,25,25,0.0
2025-02-05,588000.SSE,pm,mid,3,2401,2401,0.0
2025-02-05,588000.SSE,pm,mid,15,481,481,0.0
2025-02-05,588000.SSE,pm,mid,30,241,241,0.0
2025-02-05,588000.SSE,pm,mid,60,121,121,0.0
2025-02-05,588000.SSE,pm,mid,300,25,25,0.0
2025-02-05,588000.SSE,pm,last,3,2401,2401,0.0
2025-02-05,588000.SSE,pm,last,15,481,481,0.0
2025-02-05,588000.SSE,pm,last,30,241,241,0.0
2025-02-05,588000.SSE,pm,last,60,121,121,0.0
2025-02-05,588000.SSE,pm,last,300,25,25,0.0
2025-02-05,588080.SSE,am,mid,3,2401,2401,0.15618492294877134
2025-02-05,588080.SSE,am,mid,15,481,481,0.11850311850311851
2025-02-05,588080.SSE,am,mid,30,241,241,0.06224066390041494
2025-02-05,588080.SSE,am,mid,60,121,121,0.09917355371900827
2025-02-05,588080.SSE,am,mid,300,25,25,0.0
2025-02-05,588080.SSE,am,last,3,2401,2401,0.15618492294877134
2025-02-05,588080.SSE,am,last,15,481,481,0.11850311850311851
2025-02-05,588080.SSE,am,last,30,241,241,0.06224066390041494
2025-02-05,588080.SSE,am,last,60,121,121,0.09917355371900827
2025-02-05,588080.SSE,am,last,300,25,25,0.0
2025-02-05,588080.SSE,pm,mid,3,2401,2401,0.14785506039150353
2025-02-05,588080.SSE,pm,mid,15,481,481,0.11642411642411643
2025-02-05,588080.SSE,pm,mid,30,241,241,0.14522821576763487
2025-02-05,588080.SSE,pm,mid,60,121,121,0.12396694214876033
2025-02-05,588080.SSE,pm,mid,300,25,25,0.24
2025-02-05,588080.SSE,pm,last,3,2401,2401,0.14785506039150353
2025-02-05,588080.SSE,pm,last,15,481,481,0.11642411642411643
2025-02-05,588080.SSE,pm,last,30,241,241,0.14522821576763487
2025-02-05,588080.SSE,pm,last,60,121,121,0.12396694214876033
2025-02-05,588080.SSE,pm,last,300,25,25,0.24
2025-02-06,588000.SSE,am,mid,3,2401,2400,2.0
2025-02-06,588000.SSE,am,mid,15,481,480,2.0
2025-02-06,588000.SSE,am,mid,30,241,240,2.0
2025-02-06,588000.SSE,am,mid,60,121,120,2.0
2025-02-06,588000.SSE,am,mid,300,25,24,2.0
2025-02-06,588000.SSE,am,last,3,2401,2400,2.0
2025-02-06,588000.SSE,am,last,15,481,480,2.0
2025-02-06,588000.SSE,am,last,30,241,240,2.0
2025-02-06,588000.SSE,am,last,60,121,120,2.0
2025-02-06,588000.SSE,am,last,300,25,24,2.0
2025-02-06,588000.SSE,pm,mid,3,2401,2400,2.0
2025-02-06,588000.SSE,pm,mid,15,481,480,2.0
2025-02-06,588000.SSE,pm,mid,30,241,240,2.0
2025-02-06,588000.SSE,pm,mid,60,121,120,2.0
2025-02-06,588000.SSE,pm,mid,300,25,24,2.0
2025-02-06,588000.SSE,pm,last,3,2401,2400,2.0
2025-02-06,588000.SSE,pm,last,15,481,480,2.0
2025-02-06,588000.SSE,pm,last,30,241,240,2.0
2025-02-06,588000.SSE,pm,last,60,121,120,2.0
2025-02-06,588000.SSE,pm,last,300,25,24,2.0
2025-02-06,588080.SSE,am,mid,3,2401,2401,0.0
2025-02-06,588080.SSE,am,mid,15,481,481,0.0
2025-02-06,588080.SSE,am,mid,30,241,241,0.0
2025-02-06,588080.SSE,am,mid,60,121,121,0.0
2025-02-06,588080.SSE,am,mid,300,25,25,0.0
2025-02-06,588080.SSE,am,last,3,2401,2401,0.0
2025-02-06,588080.SSE,am,last,15,481,481,0.0
2025-02-06,588080.SSE,am,last,30,241,241,0.0
2025-02-06,588080.SSE,am,last,60,121,121,0.0
2025-02-06,588080.SSE,am,last,300,25,25,0.0
2025-02-06,588080.SSE,pm,mid,3,2401,2401,0.0
2025-02-06,588080.SSE,pm,mid,15,481,481,0.0
2025-02-06,588080.SSE,pm,mid,30,241,241,0.0
2025-02-06,588080.SSE,pm,mid,60,121,121,0.0
2025-02-06,588080.SSE,pm,mid,300,25,25,0.0
2025-02-06,588080.SSE,pm,last,3,2401,2401,0.0
2025-02-06,588080.SSE,pm,last,15,481,481,0.0
2025-02-06,588080.SSE,pm,last,30,241,241,0.0
2025-02-06,588080.SSE,pm,last,60,121,121,0.0
2025-02-06,588080.SSE,pm,last,300,25,25,0.0
2025-02-07,588000.SSE,am,mid,3,2401,2401,0.0
2025-02-07,588000.SSE,am,mid,15,481,481,0.0
2025-02-07,588000.SSE,am,mid,30,241,241,0.0
2025-02-07,588000.SSE,am,mid,60,121,121,0.0
2025-02-07,588000.SSE,am,mid,300,25,25,0.0
2025-02-07,588000.SSE,am,last,3,2401,2401,0.0
2025-02-07,588000.SSE,am,last,15,481,481,0.0
2025-02-07,588000.SSE,am,last,30,241,241,0.0
2025-02-07,588000.SSE,am,last,60,121,121,0.0
2025-02-07,588000.SSE,am,last,300,25,25,0.0
2025-02-07,588000.SSE,pm,mid,3,2401,2401,0.0
2025-02-07,588000.SSE,pm,mid,15,481,481,0.0
2025-02-07,588000.SSE,pm,mid,30,241,241,0.0
2025-02-07,588000.SSE,pm,mid,60,121,121,0.0
2025-02-07,588000.SSE,pm,mid,300,25,25,0.0
2025-02-07,588000.SSE,pm,last,3,2401,2401,0.0
2025-02-07,588000.SSE,pm,last,15,481,481,0.0
2025-02-07,588000.SSE,pm,last,30,241,241,0.0
2025-02-07,588000.SSE,pm,last,60,121,121,0.0
2025-02-07,588000.SSE,pm,last,300,25,25,0.0
2025-02-07,588080.SSE,am,mid,3,2401,2400,0.0
2025-02-07,588080.SSE,am,mid,15,481,480,0.0
2025-02-07,588080.SSE,am,mid,30,241,240,0.0
2025-02-07,588080.SSE,am,mid,60,121,120,0.0
2025-02-07,588080.SSE,am,mid,300,25,24,0.0
2025-02-07,588080.SSE,am,last,3,2401,2400,0.0
2025-02-07,588080.SSE,am,last,15,481,480,0.0
2025-02-07,588080.SSE,am,last,30,241,240,0.0
2025-02-07,588080.SSE,am,last,60,121,120,0.0
2025-02-07,588080.SSE,am,last,300,25,24,0.0
2025-02-07,588080.SSE,pm,mid,3,2401,2401,0.0
2025-02-07,588080.SSE,pm,mid,15,481,481,0.0
2025-02-07,588080.SSE,pm,mid,30,241,241,0.0
2025-02-07,588080.SSE,pm,mid,60,121,121,0.0
2025-02-07,588080.SSE,pm,mid,300,25,25,0.0
2025-02-07,588080.SSE,pm,last,3,2401,2401,0.0
2025-02-07,588080.SSE,pm,last,15,481,481,0.0
2025-02-07,588080.SSE,pm,last,30,241,241,0.0
2025-02-07,588080.SSE,pm,last,60,121,121,0.0
2025-02-07,588080.SSE,pm,last,300,25,25,0.0
2025-02-10,588000.SSE,am,mid,3,2401,2400,2.0
2025-02-10,588000.SSE,am,mid,15,481,480,2.0
2025-02-10,588000.SSE,am,mid,30,241,240,2.0
2025-02-10,588000.SSE,am,mid,60,121,120,2.0
2025-02-10,588000.SSE,am,mid,300,25,24,2.0
2025-02-10,588000.SSE,am,last,3,2401,2400,2.0
2025-02-10,588000.SSE,am,last,15,481,480,2.0
2025-02-10,588000.SSE,am,last,30,241,240,2.0
2025-02-10,588000.SSE,am,last,60,121,120,2.0
2025-02-10,588000.SSE,am,last,300,25,24,2.0
2025-02-10,588000.SSE,pm,mid,3,2401,2400,2.0
2025-02-10,588000.SSE,pm,mid,15,481,480,2.0
2025-02-10,588000.SSE,pm,mid,30,241,240,2.0
2025-02-10,588000.SSE,pm,mid,60,121,120,2.0
2025-02-10,588000.SSE,pm,mid,300,25,24,2.0
2025-02-10,588000.SSE,pm,last,3,2401,2400,2.0
2025-02-10,588000.SSE,pm,last,15,481,480,2.0
2025-02-10,588000.SSE,pm,last,30,241,240,2.0
2025-02-10,588000.SSE,pm,last,60,121,120,2.0
2025-02-10,588000.SSE,pm,last,300,25,24,2.0
2025-02-10,588080.SSE,am,mid,3,2401,2401,0.0
2025-02-10,588080.SSE,am,mid,15,481,481,0.0
2025-02-10,588080.SSE,am,mid,30,241,241,0.0
2025-02-10,588080.SSE,am,mid,60,121,121,0.0
2025-02-10,588080.SSE,am,mid,300,25,25,0.0
2025-02-10,588080.SSE,am,last,3,2401,2401,0.0
2025-02-10,588080.SSE,am,last,15,481,481,0.0
2025-02-10,588080.SSE,am,last,30,241,241,0.0
2025-02-10,588080.SSE,am,last,60,121,121,0.0
2025-02-10,588080.SSE,am,last,300,25,25,0.0
2025-02-10,588080.SSE,pm,mid,3,2401,2401,0.0
2025-02-10,588080.SSE,pm,mid,15,481,481,0.0
2025-02-10,588080.SSE,pm,mid,30,241,241,0.0
2025-02-10,588080.SSE,pm,mid,60,121,121,0.0
2025-02-10,588080.SSE,pm,mid,300,25,25,0.0
2025-02-10,588080.SSE,pm,last,3,2401,2401,0.0
2025-02-10,588080.SSE,pm,last,15,481,481,0.0
2025-02-10,588080.SSE,pm,last,30,241,241,0.0
2025-02-10,588080.SSE,pm,last,60,121,121,0.0
2025-02-10,588080.SSE,pm,last,300,25,25,0.0
2025-02-11,588000.SSE,am,mid,3,2401,2400,2.0
2025-02-11,588000.SSE,am,mid,15,481,480,2.0
2025-02-11,588000.SSE,am,mid,30,241,240,2.0
2025-02-11,588000.SSE,am,mid,60,121,120,2.0
2025-02-11,588000.SSE,am,mid,300,25,24,2.0
2025-02-11,588000.SSE,am,last,3,2401,2400,2.0
2025-02-11,588000.SSE,am,last,15,481,480,2.0
2025-02-11,588000.SSE,am,last,30,241,240,2.0
2025-02-11,588000.SSE,am,last,60,121,120,2.0
2025-02-11,588000.SSE,am,last,300,25,24,2.0
2025-02-11,588000.SSE,pm,mid,3,2401,2400,2.0
2025-02-11,588000.SSE,pm,mid,15,481,480,2.0
2025-02-11,588000.SSE,pm,mid,30,241,240,2.0
2025-02-11,588000.SSE,pm,mid,60,121,120,2.0
2025-02-11,588000.SSE,pm,mid,300,25,24,2.0
2025-02-11,588000.SSE,pm,last,3,2401,2400,2.0
2025-02-11,588000.SSE,pm,last,15,481,480,2.0
2025-02-11,588000.SSE,pm,last,30,241,240,2.0
2025-02-11,588000.SSE,pm,last,60,121,120,2.0
2025-02-11,588000.SSE,pm,last,300,25,24,2.0
2025-02-11,588080.SSE,am,mid,3,2401,2400,0.5708333333333333
2025-02-11,588080.SSE,am,mid,15,481,480,0.56875
2025-02-11,588080.SSE,am,mid,30,241,240,0.5875
2025-02-11,588080.SSE,am,mid,60,121,120,0.5333333333333333
2025-02-11,588080.SSE,am,mid,300,25,24,0.5
2025-02-11,588080.SSE,am,last,3,2401,2400,0.5708333333333333
2025-02-11,588080.SSE,am,last,15,481,480,0.56875
2025-02-11,588080.SSE,am,last,30,241,240,0.5875
2025-02-11,588080.SSE,am,last,60,121,120,0.5333333333333333
2025-02-11,588080.SSE,am,last,300,25,24,0.5
2025-02-11,588080.SSE,pm,mid,3,2401,2400,0.5404166666666667
2025-02-11,588080.SSE,pm,mid,15,481,480,0.5666666666666667
2025-02-11,588080.SSE,pm,mid,30,241,240,0.5625
2025-02-11,588080.SSE,pm,mid,60,121,120,0.625
2025-02-11,588080.SSE,pm,mid,300,25,24,0.5416666666666666
2025-02-11,588080.SSE,pm,last,3,2401,2400,0.5404166666666667
2025-02-11,588080.SSE,pm,last,15,481,480,0.5666666666666667
2025-02-11,588080.SSE,pm,last,30,241,240,0.5625
2025-02-11,588080.SSE,pm,last,60,121,120,0.625
2025-02-11,588080.SSE,pm,last,300,25,24,0.5416666666666666
2025-02-12,588000.SSE,am,mid,3,2401,2401,0.0
2025-02-12,588000.SSE,am,mid,15,481,481,0.0
2025-02-12,588000.SSE,am,mid,30,241,241,0.0
2025-02-12,588000.SSE,am,mid,60,121,121,0.0
2025-02-12,588000.SSE,am,mid,300,25,25,0.0
2025-02-12,588000.SSE,am,last,3,2401,2401,0.0
2025-02-12,588000.SSE,am,last,15,481,481,0.0
2025-02-12,588000.SSE,am,last,30,241,241,0.0
2025-02-12,588000.SSE,am,last,60,121,121,0.0
2025-02-12,588000.SSE,am,last,300,25,25,0.0
2025-02-12,588000.SSE,pm,mid,3,2401,2401,0.0
2025-02-12,588000.SSE,pm,mid,15,481,481,0.0
2025-02-12,588000.SSE,pm,mid,30,241,241,0.0
2025-02-12,588000.SSE,pm,mid,60,121,121,0.0
2025-02-12,588000.SSE,pm,mid,300,25,25,0.0
2025-02-12,588000.SSE,pm,last,3,2401,2401,0.0
2025-02-12,588000.SSE,pm,last,15,481,481,0.0
2025-02-12,588000.SSE,pm,last,30,241,241,0.0
2025-02-12,588000.SSE,pm,last,60,121,121,0.0
2025-02-12,588000.SSE,pm,last,300,25,25,0.0
2025-02-12,588080.SSE,am,mid,3,2401,2400,1.0
2025-02-12,588080.SSE,am,mid,15,481,480,1.0
2025-02-12,588080.SSE,am,mid,30,241,240,1.0
2025-02-12,588080.SSE,am,mid,60,121,120,1.0
2025-02-12,588080.SSE,am,mid,300,25,24,1.0
2025-02-12,588080.SSE,am,last,3,2401,2400,1.0
2025-02-12,588080.SSE,am,last,15,481,480,1.0
2025-02-12,588080.SSE,am,last,30,241,240,1.0
2025-02-12,588080.SSE,am,last,60,121,120,1.0
2025-02-12,588080.SSE,am,last,300,25,24,1.0
2025-02-12,588080.SSE,pm,mid,3,2401,2400,1.0
2025-02-12,588080.SSE,pm,mid,15,481,480,1.0
2025-02-12,588080.SSE,pm,mid,30,241,240,1.0
2025-02-12,588080.SSE,pm,mid,60,121,120,1.0
2025-02-12,588080.SSE,pm,mid,300,25,24,1.0
2025-02-12,588080.SSE,pm,last,3,2401,2400,1.0
2025-02-12,588080.SSE,pm,last,15,481,480,1.0
2025-02-12,588080.SSE,pm,last,30,241,240,1.0
2025-02-12,588080.SSE,pm,last,60,121,120,1.0
2025-02-12,588080.SSE,pm,last,300,25,24,1.0
2025-02-13,588000.SSE,am,mid,3,2401,2400,1.0
2025-02-13,588000.SSE,am,mid,15,481,480,1.0
2025-02-13,588000.SSE,am,mid,30,241,240,1.0
2025-02-13,588000.SSE,am,mid,60,121,120,1.0
2025-02-13,588000.SSE,am,mid,300,25,24,1.0
2025-02-13,588000.SSE,am,last,3,2401,2400,1.0
2025-02-13,588000.SSE,am,last,15,481,480,1.0
2025-02-13,588000.SSE,am,last,30,241,240,1.0
2025-02-13,588000.SSE,am,last,60,121,120,1.0
2025-02-13,588000.SSE,am,last,300,25,24,1.0
2025-02-13,588000.SSE,pm,mid,3,2401,2400,1.0
2025-02-13,588000.SSE,pm,mid,15,481,480,1.0
2025-02-13,588000.SSE,pm,mid,30,241,240,1.0
2025-02-13,588000.SSE,pm,mid,60,121,120,1.0
2025-02-13,588000.SSE,pm,mid,300,25,24,1.0
2025-02-13,588000.SSE,pm,last,3,2401,2400,1.0
2025-02-13,588000.SSE,pm,last,15,481,480,1.0
2025-02-13,588000.SSE,pm,last,30,241,240,1.0
2025-02-13,588000.SSE,pm,last,60,121,120,1.0
2025-02-13,588000.SSE,pm,last,300,25,24,1.0
2025-02-13,588080.SSE,am,mid,3,2401,2400,1.0
2025-02-13,588080.SSE,am,mid,15,481,480,1.0
2025-02-13,588080.SSE,am,mid,30,241,240,1.0
2025-02-13,588080.SSE,am,mid,60,121,120,1.0
2025-02-13,588080.SSE,am,mid,300,25,24,1.0
2025-02-13,588080.SSE,am,last,3,2401,2400,1.0
2025-02-13,588080.SSE,am,last,15,481,480,1.0
2025-02-13,588080.SSE,am,last,30,241,240,1.0
2025-02-13,588080.SSE,am,last,60,121,120,1.0
2025-02-13,588080.SSE,am,last,300,25,24,1.0
2025-02-13,588080.SSE,pm,mid,3,2401,2399,1.0
2025-02-13,588080.SSE,pm,mid,15,481,480,1.0
2025-02-13,588080.SSE,pm,mid,30,241,240,1.0
2025-02-13,588080.SSE,pm,mid,60,121,120,1.0
2025-02-13,588080.SSE,pm,mid,300,25,24,1.0
2025-02-13,588080.SSE,pm,last,3,2401,2399,1.0
2025-02-13,588080.SSE,pm,last,15,481,480,1.0
2025-02-13,588080.SSE,pm,last,30,241,240,1.0
2025-02-13,588080.SSE,pm,last,60,121,120,1.0
2025-02-13,588080.SSE,pm,last,300,25,24,1.0
2025-02-14,588000.SSE,am,mid,3,2401,2400,1.0
2025-02-14,588000.SSE,am,mid,15,481,480,1.0
2025-02-14,588000.SSE,am,mid,30,241,240,1.0
2025-02-14,588000.SSE,am,mid,60,121,120,1.0
2025-02-14,588000.SSE,am,mid,300,25,24,1.0
2025-02-14,588000.SSE,am,last,3,2401,2400,1.0
2025-02-14,588000.SSE,am,last,15,481,480,1.0
2025-02-14,588000.SSE,am,last,30,241,240,1.0
2025-02-14,588000.SSE,am,last,60,121,120,1.0
2025-02-14,588000.SSE,am,last,300,25,24,1.0
2025-02-14,588000.SSE,pm,mid,3,2401,2400,1.0
2025-02-14,588000.SSE,pm,mid,15,481,480,1.0
2025-02-14,588000.SSE,pm,mid,30,241,240,1.0
2025-02-14,588000.SSE,pm,mid,60,121,120,1.0
2025-02-14,588000.SSE,pm,mid,300,25,24,1.0
2025-02-14,588000.SSE,pm,last,3,2401,2400,1.0
2025-02-14,588000.SSE,pm,last,15,481,480,1.0
2025-02-14,588000.SSE,pm,last,30,241,240,1.0
2025-02-14,588000.SSE,pm,last,60,121,120,1.0
2025-02-14,588000.SSE,pm,last,300,25,24,1.0
2025-02-14,588080.SSE,am,mid,3,2401,2400,2.0
2025-02-14,588080.SSE,am,mid,15,481,480,2.0
2025-02-14,588080.SSE,am,mid,30,241,240,2.0
2025-02-14,588080.SSE,am,mid,60,121,120,2.0
2025-02-14,588080.SSE,am,mid,300,25,24,2.0
2025-02-14,588080.SSE,am,last,3,2401,2400,2.0
2025-02-14,588080.SSE,am,last,15,481,480,2.0
2025-02-14,588080.SSE,am,last,30,241,240,2.0
2025-02-14,588080.SSE,am,last,60,121,120,2.0
2025-02-14,588080.SSE,am,last,300,25,24,2.0
2025-02-14,588080.SSE,pm,mid,3,2401,2399,2.0
2025-02-14,588080.SSE,pm,mid,15,481,479,2.0
2025-02-14,588080.SSE,pm,mid,30,241,239,2.0
2025-02-14,588080.SSE,pm,mid,60,121,120,2.0
2025-02-14,588080.SSE,pm,mid,300,25,24,2.0
2025-02-14,588080.SSE,pm,last,3,2401,2399,2.0
2025-02-14,588080.SSE,pm,last,15,481,479,2.0
2025-02-14,588080.SSE,pm,last,30,241,239,2.0
2025-02-14,588080.SSE,pm,last,60,121,120,2.0
2025-02-14,588080.SSE,pm,last,300,25,24,2.0
2025-02-17,588000.SSE,am,mid,3,2401,2401,0.0
2025-02-17,588000.SSE,am,mid,15,481,481,0.0
2025-02-17,588000.SSE,am,mid,30,241,241,0.0
2025-02-17,588000.SSE,am,mid,60,121,121,0.0
2025-02-17,588000.SSE,am,mid,300,25,25,0.0
2025-02-17,588000.SSE,am,last,3,2401,2401,0.0
2025-02-17,588000.SSE,am,last,15,481,481,0.0
2025-02-17,588000.SSE,am,last,30,241,241,0.0
2025-02-17,588000.SSE,am,last,60,121,121,0.0
2025-02-17,588000.SSE,am,last,300,25,25,0.0
2025-02-17,588000.SSE,pm,mid,3,2401,2401,0.0
2025-02-17,588000.SSE,pm,mid,15,481,481,0.0
2025-02-17,588000.SSE,pm,mid,30,241,241,0.0
2025-02-17,588000.SSE,pm,mid,60,121,121,0.0
2025-02-17,588000.SSE,pm,mid,300,25,25,0.0
2025-02-17,588000.SSE,pm,last,3,2401,2401,0.0
2025-02-17,588000.SSE,pm,last,15,481,481,0.0
2025-02-17,588000.SSE,pm,last,30,241,241,0.0
2025-02-17,588000.SSE,pm,last,60,121,121,0.0
2025-02-17,588000.SSE,pm,last,300,25,25,0.0
2025-02-17,588080.SSE,am,mid,3,2401,2399,1.8307628178407669
2025-02-17,588080.SSE,am,mid,15,481,479,1.8308977035490606
2025-02-17,588080.SSE,am,mid,30,241,240,1.825
2025-02-17,588080.SSE,am,mid,60,121,120,1.8083333333333333
2025-02-17,588080.SSE,am,mid,300,25,24,1.6666666666666667
2025-02-17,588080.SSE,am,last,3,2401,2399,1.8307628178407669
2025-02-17,588080.SSE,am,last,15,481,479,1.8308977035490606
2025-02-17,588080.SSE,am,last,30,241,240,1.825
2025-02-17,588080.SSE,am,last,60,121,120,1.8083333333333333
2025-02-17,588080.SSE,am,last,300,25,24,1.6666666666666667
2025-02-17,588080.SSE,pm,mid,3,2401,2400,1.86875
2025-02-17,588080.SSE,pm,mid,15,481,480,1.8458333333333334
2025-02-17,588080.SSE,pm,mid,30,241,240,1.8625
2025-02-17,588080.SSE,pm,mid,60,121,120,1.875
2025-02-17,588080.SSE,pm,mid,300,25,24,1.875
2025-02-17,588080.SSE,pm,last,3,2401,2400,1.86875
2025-02-17,588080.SSE,pm,last,15,481,480,1.8458333333333334
2025-02-17,588080.SSE,pm,last,30,241,240,1.8625
2025-02-17,588080.SSE,pm,last,60,121,120,1.875
2025-02-17,588080.SSE,pm,last,300,25,24,1.875
2025-02-18,588000.SSE,am,mid,3,2401,2400,0.0
2025-02-18,588000.SSE,am,mid,15,481,480,0.0
2025-02-18,588000.SSE,am,mid,30,241,240,0.0
2025-02-18,588000.SSE,am,mid,60,121,120,0.0
2025-02-18,588000.SSE,am,mid,300,25,24,0.0
2025-02-18,588000.SSE,am,last,3,2401,2400,0.0
2025-02-18,588000.SSE,am,last,15,481,480,0.0
2025-02-18,588000.SSE,am,last,30,241,240,0.0
2025-02-18,588000.SSE,am,last,60,121,120,0.0
2025-02-18,588000.SSE,am,last,300,25,24,0.0
2025-02-18,588000.SSE,pm,mid,3,2401,2400,0.0
2025-02-18,588000.SSE,pm,mid,15,481,480,0.0
2025-02-18,588000.SSE,pm,mid,30,241,240,0.0
2025-02-18,588000.SSE,pm,mid,60,121,120,0.0
2025-02-18,588000.SSE,pm,mid,300,25,24,0.0
2025-02-18,588000.SSE,pm,last,3,2401,2400,0.0
2025-02-18,588000.SSE,pm,last,15,481,480,0.0
2025-02-18,588000.SSE,pm,last,30,241,240,0.0
2025-02-18,588000.SSE,pm,last,60,121,120,0.0
2025-02-18,588000.SSE,pm,last,300,25,24,0.0
2025-02-18,588080.SSE,am,mid,3,2401,2397,1.0
2025-02-18,588080.SSE,am,mid,15,481,480,1.0
2025-02-18,588080.SSE,am,mid,30,241,240,1.0
2025-02-18,588080.SSE,am,mid,60,121,120,1.0
2025-02-18,588080.SSE,am,mid,300,25,24,1.0
2025-02-18,588080.SSE,am,last,3,2401,2397,1.0
2025-02-18,588080.SSE,am,last,15,481,480,1.0
2025-02-18,588080.SSE,am,last,30,241,240,1.0
2025-02-18,588080.SSE,am,last,60,121,120,1.0
2025-02-18,588080.SSE,am,last,300,25,24,1.0
2025-02-18,588080.SSE,pm,mid,3,2401,2400,1.0
2025-02-18,588080.SSE,pm,mid,15,481,480,1.0
2025-02-18,588080.SSE,pm,mid,30,241,240,1.0
2025-02-18,588080.SSE,pm,mid,60,121,120,1.0
2025-02-18,588080.SSE,pm,mid,300,25,24,1.0
2025-02-18,588080.SSE,pm,last,3,2401,2400,1.0
2025-02-18,588080.SSE,pm,last,15,481,480,1.0
2025-02-18,588080.SSE,pm,last,30,241,240,1.0
2025-02-18,588080.SSE,pm,last,60,121,120,1.0
2025-02-18,588080.SSE,pm,last,300,25,24,1.0
2025-02-19,588000.SSE,am,mid,3,2401,2400,2.0
2025-02-19,588000.SSE,am,mid,15,481,480,2.0
2025-02-19,588000.SSE,am,mid,30,241,240,2.0
2025-02-19,588000.SSE,am,mid,60,121,120,2.0
2025-02-19,588000.SSE,am,mid,300,25,24,2.0
2025-02-19,588000.SSE,am,last,3,2401,2400,2.0
2025-02-19,588000.SSE,am,last,15,481,480,2.0
2025-02-19,588000.SSE,am,last,30,241,240,2.0
2025-02-19,588000.SSE,am,last,60,121,120,2.0
2025-02-19,588000.SSE,am,last,300,25,24,2.0
2025-02-19,588000.SSE,pm,mid,3,2401,2400,2.0
2025-02-19,588000.SSE,pm,mid,15,481,480,2.0
2025-02-19,588000.SSE,pm,mid,30,241,240,2.0
2025-02-19,588000.SSE,pm,mid,60,121,120,2.0
2025-02-19,588000.SSE,pm,mid,300,25,24,2.0
2025-02-19,588000.SSE,pm,last,3,2401,2400,2.0
2025-02-19,588000.SSE,pm,last,15,481,480,2.0
2025-02-19,588000.SSE,pm,last,30,241,240,2.0
2025-02-19,588000.SSE,pm,last,60,121,120,2.0
2025-02-19,588000.SSE,pm,last,300,25,24,2.0
2025-02-19,588080.SSE,am,mid,3,2401,2401,0.0012494793835901709
2025-02-19,588080.SSE,am,mid,15,481,481,0.006237006237006237
2025-02-19,588080.SSE,am,mid,30,241,241,0.0
2025-02-19,588080.SSE,am,mid,60,121,121,0.0
2025-02-19,588080.SSE,am,mid,300,25,25,0.0
2025-02-19,588080.SSE,am,last,3,2401,2401,0.0012494793835901709
2025-02-19,588080.SSE,am,last,15,481,481,0.006237006237006237
2025-02-19,588080.SSE,am,last,30,241,241,0.0
2025-02-19,588080.SSE,am,last,60,121,121,0.0
2025-02-19,588080.SSE,am,last,300,25,25,0.0
2025-02-19,588080.SSE,pm,mid,3,2401,2401,0.0012494793835901709
2025-02-19,588080.SSE,pm,mid,15,481,481,0.0
2025-02-19,588080.SSE,pm,mid,30,241,241,0.0
2025-02-19,588080.SSE,pm,mid,60,121,121,0.0
2025-02-19,588080.SSE,pm,mid,300,25,25,0.0
2025-02-19,588080.SSE,pm,last,3,2401,2401,0.0012494793835901709
2025-02-19,588080.SSE,pm,last,15,481,481,0.0
2025-02-19,588080.SSE,pm,last,30,241,241,0.0
2025-02-19,588080.SSE,pm,last,60,121,121,0.0
2025-02-19,588080.SSE,pm,last,300,25,25,0.0
2025-02-20,588000.SSE,am,mid,3,2401,2400,1.9075
2025-02-20,588000.SSE,am,mid,15,481,480,1.9145833333333333
2025-02-20,588000.SSE,am,mid,30,241,240,1.9166666666666667
2025-02-20,588000.SSE,am,mid,60,121,120,1.8916666666666666
2025-02-20,588000.SSE,am,mid,300,25,24,1.9583333333333333
2025-02-20,588000.SSE,am,last,3,2401,2400,1.9075
2025-02-20,588000.SSE,am,last,15,481,480,1.9145833333333333
2025-02-20,588000.SSE,am,last,30,241,240,1.9166666666666667
2025-02-20,588000.SSE,am,last,60,121,120,1.8916666666666666
2025-02-20,588000.SSE,am,last,300,25,24,1.9583333333333333
2025-02-20,588000.SSE,pm,mid,3,2401,2400,1.9204166666666667
2025-02-20,588000.SSE,pm,mid,15,481,480,1.93125
2025-02-20,588000.SSE,pm,mid,30,241,240,1.9083333333333334
2025-02-20,588000.SSE,pm,mid,60,121,120,1.9
2025-02-20,588000.SSE,pm,mid,300,25,24,1.9166666666666667
2025-02-20,588000.SSE,pm,last,3,2401,2400,1.9204166666666667
2025-02-20,588000.SSE,pm,last,15,481,480,1.93125
2025-02-20,588000.SSE,pm,last,30,241,240,1.9083333333333334
2025-02-20,588000.SSE,pm,last,60,121,120,1.9
2025-02-20,588000.SSE,pm,last,300,25,24,1.9166666666666667
2025-02-20,588080.SSE,am,mid,3,2401,2394,1.0
2025-02-20,588080.SSE,am,mid,15,481,477,1.0
2025-02-20,588080.SSE,am,mid,30,241,238,1.0
2025-02-20,588080.SSE,am,mid,60,121,118,1.0
2025-02-20,588080.SSE,am,mid,300,25,24,1.0
2025-02-20,588080.SSE,am,last,3,2401,2394,1.0
2025-02-20,588080.SSE,am,last,15,481,477,1.0
2025-02-20,588080.SSE,am,last,30,241,238,1.0
2025-02-20,588080.SSE,am,last,60,121,118,1.0
2025-02-20,588080.SSE,am,last,300,25,24,1.0
2025-02-20,588080.SSE,pm,mid,3,2401,2397,1.0
2025-02-20,588080.SSE,pm,mid,15,481,480,1.0
2025-02-20,588080.SSE,pm,mid,30,241,240,1.0
2025-02-20,588080.SSE,pm,mid,60,121,120,1.0
2025-02-20,588080.SSE,pm,mid,300,25,24,1.0
2025-02-20,588080.SSE,pm,last,3,2401,2397,1.0
2025-02-20,588080.SSE,pm,last,15,481,480,1.0
2025-02-20,588080.SSE,pm,last,30,241,240,1.0
2025-02-20,588080.SSE,pm,last,60,121,120,1.0
2025-02-20,588080.SSE,pm,last,300,25,24,1.0
2025-02-21,588000.SSE,am,mid,3,2401,2401,0.0
2025-02-21,588000.SSE,am,mid,15,481,481,0.0
2025-02-21,588000.SSE,am,mid,30,241,241,0.0
2025-02-21,588000.SSE,am,mid,60,121,121,0.0
2025-02-21,588000.SSE,am,mid,300,25,25,0.0
2025-02-21,588000.SSE,am,last,3,2401,2401,0.0
2025-02-21,588000.SSE,am,last,15,481,481,0.0
2025-02-21,588000.SSE,am,last,30,241,241,0.0
2025-02-21,588000.SSE,am,last,60,121,121,0.0
2025-02-21,588000.SSE,am,last,300,25,25,0.0
2025-02-21,588000.SSE,pm,mid,3,2401,2401,0.0012494793835901709
2025-02-21,588000.SSE,pm,mid,15,481,481,0.006237006237006237
2025-02-21,588000.SSE,pm,mid,30,241,241,0.012448132780082987
2025-02-21,588000.SSE,pm,mid,60,121,121,0.024793388429752067
2025-02-21,588000.SSE,pm,mid,300,25,25,0.12
2025-02-21,588000.SSE,pm,last,3,2401,2401,0.0012494793835901709
2025-02-21,588000.SSE,pm,last,15,481,481,0.006237006237006237
2025-02-21,588000.SSE,pm,last,30,241,241,0.012448132780082987
2025-02-21,588000.SSE,pm,last,60,121,121,0.024793388429752067
2025-02-21,588000.SSE,pm,last,300,25,25,0.12
2025-02-21,588080.SSE,am,mid,3,2401,2401,0.0
2025-02-21,588080.SSE,am,mid,15,481,481,0.0
2025-02-21,588080.SSE,am,mid,30,241,241,0.0
2025-02-21,588080.SSE,am,mid,60,121,121,0.0
2025-02-21,588080.SSE,am,mid,300,25,25,0.0
2025-02-21,588080.SSE,am,last,3,2401,2401,0.0
2025-02-21,588080.SSE,am,last,15,481,481,0.0
2025-02-21,588080.SSE,am,last,30,241,241,0.0
2025-02-21,588080.SSE,am,last,60,121,121,0.0
2025-02-21,588080.SSE,am,last,300,25,25,0.0
2025-02-21,588080.SSE,pm,mid,3,2401,2401,0.0
2025-02-21,588080.SSE,pm,mid,15,481,481,0.0
2025-02-21,588080.SSE,pm,mid,30,241,241,0.0
2025-02-21,588080.SSE,pm,mid,60,121,121,0.0
2025-02-21,588080.SSE,pm,mid,300,25,25,0.0
2025-02-21,588080.SSE,pm,last,3,2401,2401,0.0
2025-02-21,588080.SSE,pm,last,15,481,481,0.0
2025-02-21,588080.SSE,pm,last,30,241,241,0.0
2025-02-21,588080.SSE,pm,last,60,121,121,0.0
2025-02-21,588080.SSE,pm,last,300,25,25,0.0
2025-02-24,588000.SSE,am,mid,3,2401,2400,2.0
2025-02-24,588000.SSE,am,mid,15,481,480,2.0
2025-02-24,588000.SSE,am,mid,30,241,240,2.0
2025-02-24,588000.SSE,am,mid,60,121,120,2.0
2025-02-24,588000.SSE,am,mid,300,25,24,2.0
2025-02-24,588000.SSE,am,last,3,2401,2400,2.0
2025-02-24,588000.SSE,am,last,15,481,480,2.0
2025-02-24,588000.SSE,am,last,30,241,240,2.0
2025-02-24,588000.SSE,am,last,60,121,120,2.0
2025-02-24,588000.SSE,am,last,300,25,24,2.0
2025-02-24,588000.SSE,pm,mid,3,2401,2400,2.0
2025-02-24,588000.SSE,pm,mid,15,481,480,2.0
2025-02-24,588000.SSE,pm,mid,30,241,240,2.0
2025-02-24,588000.SSE,pm,mid,60,121,120,2.0
2025-02-24,588000.SSE,pm,mid,300,25,24,2.0
2025-02-24,588000.SSE,pm,last,3,2401,2400,2.0
2025-02-24,588000.SSE,pm,last,15,481,480,2.0
2025-02-24,588000.SSE,pm,last,30,241,240,2.0
2025-02-24,588000.SSE,pm,last,60,121,120,2.0
2025-02-24,588000.SSE,pm,last,300,25,24,2.0
2025-02-24,588080.SSE,am,mid,3,2401,2400,0.9791666666666666
2025-02-24,588080.SSE,am,mid,15,481,480,0.9791666666666666
2025-02-24,588080.SSE,am,mid,30,241,240,0.975
2025-02-24,588080.SSE,am,mid,60,121,120,0.9833333333333333
2025-02-24,588080.SSE,am,mid,300,25,24,1.0
2025-02-24,588080.SSE,am,last,3,2401,2400,0.9791666666666666
2025-02-24,588080.SSE,am,last,15,481,480,0.9791666666666666
2025-02-24,588080.SSE,am,last,30,241,240,0.975
2025-02-24,588080.SSE,am,last,60,121,120,0.9833333333333333
2025-02-24,588080.SSE,am,last,300,25,24,1.0
2025-02-24,588080.SSE,pm,mid,3,2401,2400,0.975
2025-02-24,588080.SSE,pm,mid,15,481,480,0.975
2025-02-24,588080.SSE,pm,mid,30,241,240,0.9791666666666666
2025-02-24,588080.SSE,pm,mid,60,121,120,0.9833333333333333
2025-02-24,588080.SSE,pm,mid,300,25,24,0.9583333333333334
2025-02-24,588080.SSE,pm,last,3,2401,2400,0.975
2025-02-24,588080.SSE,pm,last,15,481,480,0.975
2025-02-24,588080.SSE,pm,last,30,241,240,0.9791666666666666
2025-02-24,588080.SSE,pm,last,60,121,120,0.9833333333333333
2025-02-24,588080.SSE,pm,last,300,25,24,0.9583333333333334
2025-02-25,588000.SSE,am,mid,3,2401,2401,0.0
2025-02-25,588000.SSE,am,mid,15,481,481,0.0
2025-02-25,588000.SSE,am,mid,30,241,241,0.0
2025-02-25,588000.SSE,am,mid,60,121,121,0.0
2025-02-25,588000.SSE,am,mid,300,25,25,0.0
2025-02-25,588000.SSE,am,last,3,2401,2401,0.0
2025-02-25,588000.SSE,am,last,15,481,481,0.0
2025-02-25,588000.SSE,am,last,30,241,241,0.0
2025-02-25,588000.SSE,am,last,60,121,121,0.0
2025-02-25,588000.SSE,am,last,300,25,25,0.0
2025-02-25,588000.SSE,pm,mid,3,2401,2401,0.0
2025-02-25,588000.SSE,pm,mid,15,481,481,0.0
2025-02-25,588000.SSE,pm,mid,30,241,241,0.0
2025-02-25,588000.SSE,pm,mid,60,121,121,0.0
2025-02-25,588000.SSE,pm,mid,300,25,25,0.0
2025-02-25,588000.SSE,pm,last,3,2401,2401,0.0
2025-02-25,588000.SSE,pm,last,15,481,481,0.0
2025-02-25,588000.SSE,pm,last,30,241,241,0.0
2025-02-25,588000.SSE,pm,last,60,121,121,0.0
2025-02-25,588000.SSE,pm,last,300,25,25,0.0
2025-02-25,588080.SSE,am,mid,3,2401,2401,0.0
2025-02-25,588080.SSE,am,mid,15,481,481,0.0
2025-02-25,588080.SSE,am,mid,30,241,241,0.0
2025-02-25,588080.SSE,am,mid,60,121,121,0.0
2025-02-25,588080.SSE,am,mid,300,25,25,0.0
2025-02-25,588080.SSE,am,last,3,2401,2401,0.0
2025-02-25,588080.SSE,am,last,15,481,481,0.0
2025-02-25,588080.SSE,am,last,30,241,241,0.0
2025-02-25,588080.SSE,am,last,60,121,121,0.0
2025-02-25,588080.SSE,am,last,300,25,25,0.0
2025-02-25,588080.SSE,pm,mid,3,2401,2401,0.0
2025-02-25,588080.SSE,pm,mid,15,481,481,0.0
2025-02-25,588080.SSE,pm,mid,30,241,241,0.0
2025-02-25,588080.SSE,pm,mid,60,121,121,0.0
2025-02-25,588080.SSE,pm,mid,300,25,25,0.0
2025-02-25,588080.SSE,pm,last,3,2401,2401,0.0
2025-02-25,588080.SSE,pm,last,15,481,481,0.0
2025-02-25,588080.SSE,pm,last,30,241,241,0.0
2025-02-25,588080.SSE,pm,last,60,121,121,0.0
2025-02-25,588080.SSE,pm,last,300,25,25,0.0
2025-02-26,588000.SSE,am,mid,3,2401,2401,0.0
2025-02-26,588000.SSE,am,mid,15,481,481,0.0
2025-02-26,588000.SSE,am,mid,30,241,241,0.0
2025-02-26,588000.SSE,am,mid,60,121,121,0.0
2025-02-26,588000.SSE,am,mid,300,25,25,0.0
2025-02-26,588000.SSE,am,last,3,2401,2401,0.0
2025-02-26,588000.SSE,am,last,15,481,481,0.0
2025-02-26,588000.SSE,am,last,30,241,241,0.0
2025-02-26,588000.SSE,am,last,60,121,121,0.0
2025-02-26,588000.SSE,am,last,300,25,25,0.0
2025-02-26,588000.SSE,pm,mid,3,2401,2401,0.0
2025-02-26,588000.SSE,pm,mid,15,481,481,0.0
2025-02-26,588000.SSE,pm,mid,30,241,241,0.0
2025-02-26,588000.SSE,pm,mid,60,121,121,0.0
2025-02-26,588000.SSE,pm,mid,300,25,25,0.0
2025-02-26,588000.SSE,pm,last,3,2401,2401,0.0
2025-02-26,588000.SSE,pm,last,15,481,481,0.0
2025-02-26,588000.SSE,pm,last,30,241,241,0.0
2025-02-26,588000.SSE,pm,last,60,121,121,0.0
2025-02-26,588000.SSE,pm,last,300,25,25,0.0
2025-02-26,588080.SSE,am,mid,3,2401,2400,0.6
2025-02-26,588080.SSE,am,mid,15,481,480,0.5958333333333333
2025-02-26,588080.SSE,am,mid,30,241,240,0.6125
2025-02-26,588080.SSE,am,mid,60,121,120,0.65
2025-02-26,588080.SSE,am,mid,300,25,24,0.625
2025-02-26,588080.SSE,am,last,3,2401,2400,0.6
2025-02-26,588080.SSE,am,last,15,481,480,0.5958333333333333
2025-02-26,588080.SSE,am,last,30,241,240,0.6125
2025-02-26,588080.SSE,am,last,60,121,120,0.65
2025-02-26,588080.SSE,am,last,300,25,24,0.625
2025-02-26,588080.SSE,pm,mid,3,2401,2400,0.60625
2025-02-26,588080.SSE,pm,mid,15,481,480,0.6208333333333333
2025-02-26,588080.SSE,pm,mid,30,241,240,0.6125
2025-02-26,588080.SSE,pm,mid,60,121,120,0.6666666666666666
2025-02-26,588080.SSE,pm,mid,300,25,24,0.6666666666666666
2025-02-26,588080.SSE,pm,last,3,2401,2400,0.60625
2025-02-26,588080.SSE,pm,last,15,481,480,0.6208333333333333
2025-02-26,588080.SSE,pm,last,30,241,240,0.6125
2025-02-26,588080.SSE,pm,last,60,121,120,0.6666666666666666
2025-02-26,588080.SSE,pm,last,300,25,24,0.6666666666666666
2025-02-27,588000.SSE,am,mid,3,2401,2400,2.0
2025-02-27,588000.SSE,am,mid,15,481,480,2.0
2025-02-27,588000.SSE,am,mid,30,241,240,2.0
2025-02-27,588000.SSE,am,mid,60,121,120,2.0
2025-02-27,588000.SSE,am,mid,300,25,24,2.0
2025-02-27,588000.SSE,am,last,3,2401,2400,2.0
2025-02-27,588000.SSE,am,last,15,481,480,2.0
2025-02-27,588000.SSE,am,last,30,241,240,2.0
2025-02-27,588000.SSE,am,last,60,121,120,2.0
2025-02-27,588000.SSE,am,last,300,25,24,2.0
2025-02-27,588000.SSE,pm,mid,3,2401,2400,2.0
2025-02-27,588000.SSE,pm,mid,15,481,480,2.0
2025-02-27,588000.SSE,pm,mid,30,241,240,2.0
2025-02-27,588000.SSE,pm,mid,60,121,120,2.0
2025-02-27,588000.SSE,pm,mid,300,25,24,2.0
2025-02-27,588000.SSE,pm,last,3,2401,2400,2.0
2025-02-27,588000.SSE,pm,last,15,481,480,2.0
2025-02-27,588000.SSE,pm,last,30,241,240,2.0
2025-02-27,588000.SSE,pm,last,60,121,120,2.0
2025-02-27,588000.SSE,pm,last,300,25,24,2.0
2025-02-27,588080.SSE,am,mid,3,2401,2400,1.0
2025-02-27,588080.SSE,am,mid,15,481,480,1.0
2025-02-27,588080.SSE,am,mid,30,241,240,1.0
2025-02-27,588080.SSE,am,mid,60,121,120,1.0
2025-02-27,588080.SSE,am,mid,300,25,24,1.0
2025-02-27,588080.SSE,am,last,3,2401,2400,1.0
2025-02-27,588080.SSE,am,last,15,481,480,1.0
2025-02-27,588080.SSE,am,last,30,241,240,1.0
2025-02-27,588080.SSE,am,last,60,121,120,1.0
2025-02-27,588080.SSE,am,last,300,25,24,1.0
2025-02-27,588080.SSE,pm,mid,3,2401,2400,1.0
2025-02-27,588080.SSE,pm,mid,15,481,480,1.0
2025-02-27,588080.SSE,pm,mid,30,241,240,1.0
2025-02-27,588080.SSE,pm,mid,60,121,120,1.0
2025-02-27,588080.SSE,pm,mid,300,25,24,1.0
2025-02-27,588080.SSE,pm,last,3,2401,2400,1.0
2025-02-27,588080.SSE,pm,last,15,481,480,1.0
2025-02-27,588080.SSE,pm,last,30,241,240,1.0
2025-02-27,588080.SSE,pm,last,60,121,120,1.0
2025-02-27,588080.SSE,pm,last,300,25,24,1.0
2025-02-28,588000.SSE,am,mid,3,2401,2400,2.0
2025-02-28,588000.SSE,am,mid,15,481,480,2.0
2025-02-28,588000.SSE,am,mid,30,241,240,2.0
2025-02-28,588000.SSE,am,mid,60,121,120,2.0
2025-02-28,588000.SSE,am,mid,300,25,24,2.0
2025-02-28,588000.SSE,am,last,3,2401,2400,2.0
2025-02-28,588000.SSE,am,last,15,481,480,2.0
2025-02-28,588000.SSE,am,last,30,241,240,2.0
2025-02-28,588000.SSE,am,last,60,121,120,2.0
2025-02-28,588000.SSE,am,last,300,25,24,2.0
2025-02-28,588000.SSE,pm,mid,3,2401,2400,2.0
2025-02-28,588000.SSE,pm,mid,15,481,480,2.0
2025-02-28,588000.SSE,pm,mid,30,241,240,2.0
2025-02-28,588000.SSE,pm,mid,60,121,120,2.0
2025-02-28,588000.SSE,pm,mid,300,25,24,2.0
2025-02-28,588000.SSE,pm,last,3,2401,2400,2.0
2025-02-28,588000.SSE,pm,last,15,481,480,2.0
2025-02-28,588000.SSE,pm,last,30,241,240,2.0
2025-02-28,588000.SSE,pm,last,60,121,120,2.0
2025-02-28,588000.SSE,pm,last,300,25,24,2.0
2025-02-28,588080.SSE,am,mid,3,2401,2401,0.0
2025-02-28,588080.SSE,am,mid,15,481,481,0.0
2025-02-28,588080.SSE,am,mid,30,241,241,0.0
2025-02-28,588080.SSE,am,mid,60,121,121,0.0
2025-02-28,588080.SSE,am,mid,300,25,25,0.0
2025-02-28,588080.SSE,am,last,3,2401,2401,0.0
2025-02-28,588080.SSE,am,last,15,481,481,0.0
2025-02-28,588080.SSE,am,last,30,241,241,0.0
2025-02-28,588080.SSE,am,last,60,121,121,0.0
2025-02-28,588080.SSE,am,last,300,25,25,0.0
2025-02-28,588080.SSE,pm,mid,3,2401,2401,0.0
2025-02-28,588080.SSE,pm,mid,15,481,481,0.0
2025-02-28,588080.SSE,pm,mid,30,241,241,0.0
2025-02-28,588080.SSE,pm,mid,60,121,121,0.0
2025-02-28,588080.SSE,pm,mid,300,25,25,0.0
2025-02-28,588080.SSE,pm,last,3,2401,2401,0.0
2025-02-28,588080.SSE,pm,last,15,481,481,0.0
2025-02-28,588080.SSE,pm,last,30,241,241,0.0
2025-02-28,588080.SSE,pm,last,60,121,121,0.0
2025-02-28,588080.SSE,pm,last,300,25,25,0.0
2025-03-03,588000.SSE,am,mid,3,2401,2401,0.0012494793835901709
2025-03-03,588000.SSE,am,mid,15,481,481,0.0
2025-03-03,588000.SSE,am,mid,30,241,241,0.0
2025-03-03,588000.SSE,am,mid,60,121,121,0.0
2025-03-03,588000.SSE,am,mid,300,25,25,0.0
2025-03-03,588000.SSE,am,last,3,2401,2401,0.0012494793835901709
2025-03-03,588000.SSE,am,last,15,481,481,0.0
2025-03-03,588000.SSE,am,last,30,241,241,0.0
2025-03-03,588000.SSE,am,last,60,121,121,0.0
2025-03-03,588000.SSE,am,last,300,25,25,0.0
2025-03-03,588000.SSE,pm,mid,3,2401,2401,0.0
2025-03-03,588000.SSE,pm,mid,15,481,481,0.0
2025-03-03,588000.SSE,pm,mid,30,241,241,0.0
2025-03-03,588000.SSE,pm,mid,60,121,121,0.0
2025-03-03,588000.SSE,pm,mid,300,25,25,0.0
2025-03-03,588000.SSE,pm,last,3,2401,2401,0.0
2025-03-03,588000.SSE,pm,last,15,481,481,0.0
2025-03-03,588000.SSE,pm,last,30,241,241,0.0
2025-03-03,588000.SSE,pm,last,60,121,121,0.0
2025-03-03,588000.SSE,pm,last,300,25,25,0.0
2025-03-03,588080.SSE,am,mid,3,2401,2401,0.0024989587671803417
2025-03-03,588080.SSE,am,mid,15,481,481,0.0
2025-03-03,588080.SSE,am,mid,30,241,241,0.0
2025-03-03,588080.SSE,am,mid,60,121,121,0.0
2025-03-03,588080.SSE,am,mid,300,25,25,0.0
2025-03-03,588080.SSE,am,last,3,2401,2401,0.0024989587671803417
2025-03-03,588080.SSE,am,last,15,481,481,0.0
2025-03-03,588080.SSE,am,last,30,241,241,0.0
2025-03-03,588080.SSE,am,last,60,121,121,0.0
2025-03-03,588080.SSE,am,last,300,25,25,0.0
2025-03-03,588080.SSE,pm,mid,3,2401,2401,0.0012494793835901709
2025-03-03,588080.SSE,pm,mid,15,481,481,0.0
2025-03-03,588080.SSE,pm,mid,30,241,241,0.0
2025-03-03,588080.SSE,pm,mid,60,121,121,0.0
2025-03-03,588080.SSE,pm,mid,300,25,25,0.0
2025-03-03,588080.SSE,pm,last,3,2401,2401,0.0012494793835901709
2025-03-03,588080.SSE,pm,last,15,481,481,0.0
2025-03-03,588080.SSE,pm,last,30,241,241,0.0
2025-03-03,588080.SSE,pm,last,60,121,121,0.0
2025-03-03,588080.SSE,pm,last,300,25,25,0.0
2025-03-04,588000.SSE,am,mid,3,2401,2400,1.0
2025-03-04,588000.SSE,am,mid,15,481,480,1.0
2025-03-04,588000.SSE,am,mid,30,241,240,1.0
2025-03-04,588000.SSE,am,mid,60,121,120,1.0
2025-03-04,588000.SSE,am,mid,300,25,24,1.0
2025-03-04,588000.SSE,am,last,3,2401,2400,1.0
2025-03-04,588000.SSE,am,last,15,481,480,1.0
2025-03-04,588000.SSE,am,last,30,241,240,1.0
2025-03-04,588000.SSE,am,last,60,121,120,1.0
2025-03-04,588000.SSE,am,last,300,25,24,1.0
2025-03-04,588000.SSE,pm,mid,3,2401,2400,1.0
2025-03-04,588000.SSE,pm,mid,15,481,480,1.0
2025-03-04,588000.SSE,pm,mid,30,241,240,1.0
2025-03-04,588000.SSE,pm,mid,60,121,120,1.0
2025-03-04,588000.SSE,pm,mid,300,25,24,1.0
2025-03-04,588000.SSE,pm,last,3,2401,2400,1.0
2025-03-04,588000.SSE,pm,last,15,481,480,1.0
2025-03-04,588000.SSE,pm,last,30,241,240,1.0
2025-03-04,588000.SSE,pm,last,60,121,120,1.0
2025-03-04,588000.SSE,pm,last,300,25,24,1.0
2025-03-04,588080.SSE,am,mid,3,2401,2397,2.0
2025-03-04,588080.SSE,am,mid,15,481,478,2.0
2025-03-04,588080.SSE,am,mid,30,241,240,2.0
2025-03-04,588080.SSE,am,mid,60,121,120,2.0
2025-03-04,588080.SSE,am,mid,300,25,24,2.0
2025-03-04,588080.SSE,am,last,3,2401,2397,2.0
2025-03-04,588080.SSE,am,last,15,481,478,2.0
2025-03-04,588080.SSE,am,last,30,241,240,2.0
2025-03-04,588080.SSE,am,last,60,121,120,2.0
2025-03-04,588080.SSE,am,last,300,25,24,2.0
2025-03-04,588080.SSE,pm,mid,3,2401,2400,2.0
2025-03-04,588080.SSE,pm,mid,15,481,480,2.0
2025-03-04,588080.SSE,pm,mid,30,241,240,2.0
2025-03-04,588080.SSE,pm,mid,60,121,120,2.0
2025-03-04,588080.SSE,pm,mid,300,25,24,2.0
2025-03-04,588080.SSE,pm,last,3,2401,2400,2.0
2025-03-04,588080.SSE,pm,last,15,481,480,2.0
2025-03-04,588080.SSE,pm,last,30,241,240,2.0
2025-03-04,588080.SSE,pm,last,60,121,120,2.0
2025-03-04,588080.SSE,pm,last,300,25,24,2.0
2025-03-05,588000.SSE,am,mid,3,2401,2400,1.0
2025-03-05,588000.SSE,am,mid,15,481,480,1.0
2025-03-05,588000.SSE,am,mid,30,241,240,1.0
2025-03-05,588000.SSE,am,mid,60,121,120,1.0
2025-03-05,588000.SSE,am,mid,300,25,24,1.0
2025-03-05,588000.SSE,am,last,3,2401,2400,1.0
2025-03-05,588000.SSE,am,last,15,481,480,1.0
2025-03-05,588000.SSE,am,last,30,241,240,1.0
2025-03-05,588000.SSE,am,last,60,121,120,1.0
2025-03-05,588000.SSE,am,last,300,25,24,1.0
2025-03-05,588000.SSE,pm,mid,3,2401,2400,1.0
2025-03-05,588000.SSE,pm,mid,15,481,480,1.0
2025-03-05,588000.SSE,pm,mid,30,241,240,1.0
2025-03-05,588000.SSE,pm,mid,60,121,120,1.0
2025-03-05,588000.SSE,pm,mid,300,25,24,1.0
2025-03-05,588000.SSE,pm,last,3,2401,2400,1.0
2025-03-05,588000.SSE,pm,last,15,481,480,1.0
2025-03-05,588000.SSE,pm,last,30,241,240,1.0
2025-03-05,588000.SSE,pm,last,60,121,120,1.0
2025-03-05,588000.SSE,pm,last,300,25,24,1.0
2025-03-05,588080.SSE,am,mid,3,2401,2398,2.0
2025-03-05,588080.SSE,am,mid,15,481,478,2.0
2025-03-05,588080.SSE,am,mid,30,241,239,2.0
2025-03-05,588080.SSE,am,mid,60,121,119,2.0
2025-03-05,588080.SSE,am,mid,300,25,24,2.0
2025-03-05,588080.SSE,am,last,3,2401,2398,2.0
2025-03-05,588080.SSE,am,last,15,481,478,2.0
2025-03-05,588080.SSE,am,last,30,241,239,2.0
2025-03-05,588080.SSE,am,last,60,121,119,2.0
2025-03-05,588080.SSE,am,last,300,25,24,2.0
2025-03-05,588080.SSE,pm,mid,3,2401,2397,2.0
2025-03-05,588080.SSE,pm,mid,15,481,480,2.0
2025-03-05,588080.SSE,pm,mid,30,241,240,2.0
2025-03-05,588080.SSE,pm,mid,60,121,120,2.0
2025-03-05,588080.SSE,pm,mid,300,25,24,2.0
2025-03-05,588080.SSE,pm,last,3,2401,2397,2.0
2025-03-05,588080.SSE,pm,last,15,481,480,2.0
2025-03-05,588080.SSE,pm,last,30,241,240,2.0
2025-03-05,588080.SSE,pm,last,60,121,120,2.0
2025-03-05,588080.SSE,pm,last,300,25,24,2.0
2025-03-06,588000.SSE,am,mid,3,2401,2400,1.0
2025-03-06,588000.SSE,am,mid,15,481,480,1.0
2025-03-06,588000.SSE,am,mid,30,241,240,1.0
2025-03-06,588000.SSE,am,mid,60,121,120,1.0
2025-03-06,588000.SSE,am,mid,300,25,24,1.0
2025-03-06,588000.SSE,am,last,3,2401,2400,1.0
2025-03-06,588000.SSE,am,last,15,481,480,1.0
2025-03-06,588000.SSE,am,last,30,241,240,1.0
2025-03-06,588000.SSE,am,last,60,121,120,1.0
2025-03-06,588000.SSE,am,last,300,25,24,1.0
2025-03-06,588000.SSE,pm,mid,3,2401,2400,1.0
2025-03-06,588000.SSE,pm,mid,15,481,480,1.0
2025-03-06,588000.SSE,pm,mid,30,241,240,1.0
2025-03-06,588000.SSE,pm,mid,60,121,120,1.0
2025-03-06,588000.SSE,pm,mid,300,25,24,1.0
2025-03-06,588000.SSE,pm,last,3,2401,2400,1.0
2025-03-06,588000.SSE,pm,last,15,481,480,1.0
2025-03-06,588000.SSE,pm,last,30,241,240,1.0
2025-03-06,588000.SSE,pm,last,60,121,120,1.0
2025-03-06,588000.SSE,pm,last,300,25,24,1.0
2025-03-06,588080.SSE,am,mid,3,2401,2400,1.0
2025-03-06,588080.SSE,am,mid,15,481,480,1.0
2025-03-06,588080.SSE,am,mid,30,241,240,1.0
2025-03-06,588080.SSE,am,mid,60,121,120,1.0
2025-03-06,588080.SSE,am,mid,300,25,24,1.0
2025-03-06,588080.SSE,am,last,3,2401,2400,1.0
2025-03-06,588080.SSE,am,last,15,481,480,1.0
2025-03-06,588080.SSE,am,last,30,241,240,1.0
2025-03-06,588080.SSE,am,last,60,121,120,1.0
2025-03-06,588080.SSE,am,last,300,25,24,1.0
2025-03-06,588080.SSE,pm,mid,3,2401,2400,1.0
2025-03-06,588080.SSE,pm,mid,15,481,480,1.0
2025-03-06,588080.SSE,pm,mid,30,241,240,1.0
2025-03-06,588080.SSE,pm,mid,60,121,120,1.0
2025-03-06,588080.SSE,pm,mid,300,25,24,1.0
2025-03-06,588080.SSE,pm,last,3,2401,2400,1.0
2025-03-06,588080.SSE,pm,last,15,481,480,1.0
2025-03-06,588080.SSE,pm,last,30,241,240,1.0
2025-03-06,588080.SSE,pm,last,60,121,120,1.0
2025-03-06,588080.SSE,pm,last,300,25,24,1.0
2025-03-07,588000.SSE,am,mid,3,2401,2401,0.12161599333610995
2025-03-07,588000.SSE,am,mid,15,481,481,0.12474012474012475
2025-03-07,588000.SSE,am,mid,30,241,241,0.13692946058091288
2025-03-07,588000.SSE,am,mid,60,121,121,0.09917355371900827
2025-03-07,588000.SSE,am,mid,300,25,25,0.24
2025-03-07,588000.SSE,am,last,3,2401,2401,0.12161599333610995
2025-03-07,588000.SSE,am,last,15,481,481,0.12474012474012475
2025-03-07,588000.SSE,am,last,30,241,241,0.13692946058091288
2025-03-07,588000.SSE,am,last,60,121,121,0.09917355371900827
2025-03-07,588000.SSE,am,last,300,25,25,0.24
2025-03-07,588000.SSE,pm,mid,3,2401,2401,0.12453144523115368
2025-03-07,588000.SSE,pm,mid,15,481,481,0.10602910602910603
2025-03-07,588000.SSE,pm,mid,30,241,241,0.0995850622406639
2025-03-07,588000.SSE,pm,mid,60,121,121,0.0743801652892562
2025-03-07,588000.SSE,pm,mid,300,25,25,0.12
2025-03-07,588000.SSE,pm,last,3,2401,2401,0.12453144523115368
2025-03-07,588000.SSE,pm,last,15,481,481,0.10602910602910603
2025-03-07,588000.SSE,pm,last,30,241,241,0.0995850622406639
2025-03-07,588000.SSE,pm,last,60,121,121,0.0743801652892562
2025-03-07,588000.SSE,pm,last,300,25,25,0.12
2025-03-07,588080.SSE,am,mid,3,2401,2401,0.0012494793835901709
2025-03-07,588080.SSE,am,mid,15,481,481,0.0
2025-03-07,588080.SSE,am,mid,30,241,241,0.0
2025-03-07,588080.SSE,am,mid,60,121,121,0.0
2025-03-07,588080.SSE,am,mid,300,25,25,0.0
2025-03-07,588080.SSE,am,last,3,2401,2401,0.0012494793835901709
2025-03-07,588080.SSE,am,last,15,481,481,0.0
2025-03-07,588080.SSE,am,last,30,241,241,0.0
2025-03-07,588080.SSE,am,last,60,121,121,0.0
2025-03-07,588080.SSE,am,last,300,25,25,0.0
2025-03-07,588080.SSE,pm,mid,3,2401,2401,0.0
2025-03-07,588080.SSE,pm,mid,15,481,481,0.0
2025-03-07,588080.SSE,pm,mid,30,241,241,0.0
2025-03-07,588080.SSE,pm,mid,60,121,121,0.0
2025-03-07,588080.SSE,pm,mid,300,25,25,0.0
2025-03-07,588080.SSE,pm,last,3,2401,2401,0.0
2025-03-07,588080.SSE,pm,last,15,481,481,0.0
2025-03-07,588080.SSE,pm,last,30,241,241,0.0
2025-03-07,588080.SSE,pm,last,60,121,121,0.0
2025-03-07,588080.SSE,pm,last,300,25,25,0.0
2025-03-10,588000.SSE,am,mid,3,2401,2401,0.0
2025-03-10,588000.SSE,am,mid,15,481,481,0.0
2025-03-10,588000.SSE,am,mid,30,241,241,0.0
2025-03-10,588000.SSE,am,mid,60,121,121,0.0
2025-03-10,588000.SSE,am,mid,300,25,25,0.0
2025-03-10,588000.SSE,am,last,3,2401,2401,0.0
2025-03-10,588000.SSE,am,last,15,481,481,0.0
2025-03-10,588000.SSE,am,last,30,241,241,0.0
2025-03-10,588000.SSE,am,last,60,121,121,0.0
2025-03-10,588000.SSE,am,last,300,25,25,0.0
2025-03-10,588000.SSE,pm,mid,3,2401,2401,0.0
2025-03-10,588000.SSE,pm,mid,15,481,481,0.0
2025-03-10,588000.SSE,pm,mid,30,241,241,0.0
2025-03-10,588000.SSE,pm,mid,60,121,121,0.0
2025-03-10,588000.SSE,pm,mid,300,25,25,0.0
2025-03-10,588000.SSE,pm,last,3,2401,2401,0.0
2025-03-10,588000.SSE,pm,last,15,481,481,0.0
2025-03-10,588000.SSE,pm,last,30,241,241,0.0
2025-03-10,588000.SSE,pm,last,60,121,121,0.0
2025-03-10,588000.SSE,pm,last,300,25,25,0.0
2025-03-10,588080.SSE,am,mid,3,2401,2399,2.0
2025-03-10,588080.SSE,am,mid,15,481,479,2.0
2025-03-10,588080.SSE,am,mid,30,241,239,2.0
2025-03-10,588080.SSE,am,mid,60,121,119,2.0
2025-03-10,588080.SSE,am,mid,300,25,24,2.0
2025-03-10,588080.SSE,am,last,3,2401,2399,2.0
2025-03-10,588080.SSE,am,last,15,481,479,2.0
2025-03-10,588080.SSE,am,last,30,241,239,2.0
2025-03-10,588080.SSE,am,last,60,121,119,2.0
2025-03-10,588080.SSE,am,last,300,25,24,2.0
2025-03-10,588080.SSE,pm,mid,3,2401,2399,2.0
2025-03-10,588080.SSE,pm,mid,15,481,480,2.0
2025-03-10,588080.SSE,pm,mid,30,241,240,2.0
2025-03-10,588080.SSE,pm,mid,60,121,120,2.0
2025-03-10,588080.SSE,pm,mid,300,25,24,2.0
2025-03-10,588080.SSE,pm,last,3,2401,2399,2.0
2025-03-10,588080.SSE,pm,last,15,481,480,2.0
2025-03-10,588080.SSE,pm,last,30,241,240,2.0
2025-03-10,588080.SSE,pm,last,60,121,120,2.0
2025-03-10,588080.SSE,pm,last,300,25,24,2.0
2025-03-11,588000.SSE,am,mid,3,2401,2400,2.0
2025-03-11,588000.SSE,am,mid,15,481,480,2.0
2025-03-11,588000.SSE,am,mid,30,241,240,2.0
2025-03-11,588000.SSE,am,mid,60,121,120,2.0
2025-03-11,588000.SSE,am,mid,300,25,24,2.0
2025-03-11,588000.SSE,am,last,3,2401,2400,2.0
2025-03-11,588000.SSE,am,last,15,481,480,2.0
2025-03-11,588000.SSE,am,last,30,241,240,2.0
2025-03-11,588000.SSE,am,last,60,121,120,2.0
2025-03-11,588000.SSE,am,last,300,25,24,2.0
2025-03-11,588000.SSE,pm,mid,3,2401,2400,2.0
2025-03-11,588000.SSE,pm,mid,15,481,480,2.0
2025-03-11,588000.SSE,pm,mid,30,241,240,2.0
2025-03-11,588000.SSE,pm,mid,60,121,120,2.0
2025-03-11,588000.SSE,pm,mid,300,25,24,2.0
2025-03-11,588000.SSE,pm,last,3,2401,2400,2.0
2025-03-11,588000.SSE,pm,last,15,481,480,2.0
2025-03-11,588000.SSE,pm,last,30,241,240,2.0
2025-03-11,588000.SSE,pm,last,60,121,120,2.0
2025-03-11,588000.SSE,pm,last,300,25,24,2.0
2025-03-11,588080.SSE,am,mid,3,2401,2401,0.0
2025-03-11,588080.SSE,am,mid,15,481,481,0.0
2025-03-11,588080.SSE,am,mid,30,241,241,0.0
2025-03-11,588080.SSE,am,mid,60,121,121,0.0
2025-03-11,588080.SSE,am,mid,300,25,25,0.0
2025-03-11,588080.SSE,am,last,3,2401,2401,0.0
2025-03-11,588080.SSE,am,last,15,481,481,0.0
2025-03-11,588080.SSE,am,last,30,241,241,0.0
2025-03-11,588080.SSE,am,last,60,121,121,0.0
2025-03-11,588080.SSE,am,last,300,25,25,0.0
2025-03-11,588080.SSE,pm,mid,3,2401,2401,0.0
2025-03-11,588080.SSE,pm,mid,15,481,481,0.0
2025-03-11,588080.SSE,pm,mid,30,241,241,0.0
2025-03-11,588080.SSE,pm,mid,60,121,121,0.0
2025-03-11,588080.SSE,pm,mid,300,25,25,0.0
2025-03-11,588080.SSE,pm,last,3,2401,2401,0.0
2025-03-11,588080.SSE,pm,last,15,481,481,0.0
2025-03-11,588080.SSE,pm,last,30,241,241,0.0
2025-03-11,588080.SSE,pm,last,60,121,121,0.0
2025-03-11,588080.SSE,pm,last,300,25,25,0.0
2025-03-12,588000.SSE,am,mid,3,2401,2401,0.0
2025-03-12,588000.SSE,am,mid,15,481,481,0.0
2025-03-12,588000.SSE,am,mid,30,241,241,0.0
2025-03-12,588000.SSE,am,mid,60,121,121,0.0
2025-03-12,588000.SSE,am,mid,300,25,25,0.0
2025-03-12,588000.SSE,am,last,3,2401,2401,0.0
2025-03-12,588000.SSE,am,last,15,481,481,0.0
2025-03-12,588000.SSE,am,last,30,241,241,0.0
2025-03-12,588000.SSE,am,last,60,121,121,0.0
2025-03-12,588000.SSE,am,last,300,25,25,0.0
2025-03-12,588000.SSE,pm,mid,3,2401,2401,0.0
2025-03-12,588000.SSE,pm,mid,15,481,481,0.0
2025-03-12,588000.SSE,pm,mid,30,241,241,0.0
2025-03-12,588000.SSE,pm,mid,60,121,121,0.0
2025-03-12,588000.SSE,pm,mid,300,25,25,0.0
2025-03-12,588000.SSE,pm,last,3,2401,2401,0.0
2025-03-12,588000.SSE,pm,last,15,481,481,0.0
2025-03-12,588000.SSE,pm,last,30,241,241,0.0
2025-03-12,588000.SSE,pm,last,60,121,121,0.0
2025-03-12,588000.SSE,pm,last,300,25,25,0.0
2025-03-12,588080.SSE,am,mid,3,2401,2399,1.0
2025-03-12,588080.SSE,am,mid,15,481,480,1.0
2025-03-12,588080.SSE,am,mid,30,241,240,1.0
2025-03-12,588080.SSE,am,mid,60,121,120,1.0
2025-03-12,588080.SSE,am,mid,300,25,24,1.0
2025-03-12,588080.SSE,am,last,3,2401,2399,1.0
2025-03-12,588080.SSE,am,last,15,481,480,1.0
2025-03-12,588080.SSE,am,last,30,241,240,1.0
2025-03-12,588080.SSE,am,last,60,121,120,1.0
2025-03-12,588080.SSE,am,last,300,25,24,1.0
2025-03-12,588080.SSE,pm,mid,3,2401,2400,1.0
2025-03-12,588080.SSE,pm,mid,15,481,480,1.0
2025-03-12,588080.SSE,pm,mid,30,241,240,1.0
2025-03-12,588080.SSE,pm,mid,60,121,120,1.0
2025-03-12,588080.SSE,pm,mid,300,25,24,1.0
2025-03-12,588080.SSE,pm,last,3,2401,2400,1.0
2025-03-12,588080.SSE,pm,last,15,481,480,1.0
2025-03-12,588080.SSE,pm,last,30,241,240,1.0
2025-03-12,588080.SSE,pm,last,60,121,120,1.0
2025-03-12,588080.SSE,pm,last,300,25,24,1.0
2025-03-13,588000.SSE,am,mid,3,2401,2401,0.0
2025-03-13,588000.SSE,am,mid,15,481,481,0.0
2025-03-13,588000.SSE,am,mid,30,241,241,0.0
2025-03-13,588000.SSE,am,mid,60,121,121,0.0
2025-03-13,588000.SSE,am,mid,300,25,25,0.0
2025-03-13,588000.SSE,am,last,3,2401,2401,0.0
2025-03-13,588000.SSE,am,last,15,481,481,0.0
2025-03-13,588000.SSE,am,last,30,241,241,0.0
2025-03-13,588000.SSE,am,last,60,121,121,0.0
2025-03-13,588000.SSE,am,last,300,25,25,0.0
2025-03-13,588000.SSE,pm,mid,3,2401,2401,0.0
2025-03-13,588000.SSE,pm,mid,15,481,481,0.0
2025-03-13,588000.SSE,pm,mid,30,241,241,0.0
2025-03-13,588000.SSE,pm,mid,60,121,121,0.0
2025-03-13,588000.SSE,pm,mid,300,25,25,0.0
2025-03-13,588000.SSE,pm,last,3,2401,2401,0.0
2025-03-13,588000.SSE,pm,last,15,481,481,0.0
2025-03-13,588000.SSE,pm,last,30,241,241,0.0
2025-03-13,588000.SSE,pm,last,60,121,121,0.0
2025-03-13,588000.SSE,pm,last,300,25,25,0.0
2025-03-13,588080.SSE,am,mid,3,2401,2400,1.845
2025-03-13,588080.SSE,am,mid,15,481,480,1.8604166666666666
2025-03-13,588080.SSE,am,mid,30,241,240,1.875
2025-03-13,588080.SSE,am,mid,60,121,120,1.9083333333333334
2025-03-13,588080.SSE,am,mid,300,25,24,1.9583333333333333
2025-03-13,588080.SSE,am,last,3,2401,2400,1.845
2025-03-13,588080.SSE,am,last,15,481,480,1.8604166666666666
2025-03-13,588080.SSE,am,last,30,241,240,1.875
2025-03-13,588080.SSE,am,last,60,121,120,1.9083333333333334
2025-03-13,588080.SSE,am,last,300,25,24,1.9583333333333333
2025-03-13,588080.SSE,pm,mid,3,2401,2400,1.8275
2025-03-13,588080.SSE,pm,mid,15,481,480,1.8291666666666666
2025-03-13,588080.SSE,pm,mid,30,241,240,1.8
2025-03-13,588080.SSE,pm,mid,60,121,120,1.8083333333333333
2025-03-13,588080.SSE,pm,mid,300,25,24,1.8333333333333333
2025-03-13,588080.SSE,pm,last,3,2401,2400,1.8275
2025-03-13,588080.SSE,pm,last,15,481,480,1.8291666666666666
2025-03-13,588080.SSE,pm,last,30,241,240,1.8
2025-03-13,588080.SSE,pm,last,60,121,120,1.8083333333333333
2025-03-13,588080.SSE,pm,last,300,25,24,1.8333333333333333
2025-03-14,588000.SSE,am,mid,3,2401,2400,2.0
2025-03-14,588000.SSE,am,mid,15,481,480,2.0
2025-03-14,588000.SSE,am,mid,30,241,240,2.0
2025-03-14,588000.SSE,am,mid,60,121,120,2.0
2025-03-14,588000.SSE,am,mid,300,25,24,2.0
2025-03-14,588000.SSE,am,last,3,2401,2400,2.0
2025-03-14,588000.SSE,am,last,15,481,480,2.0
2025-03-14,588000.SSE,am,last,30,241,240,2.0
2025-03-14,588000.SSE,am,last,60,121,120,2.0
2025-03-14,588000.SSE,am,last,300,25,24,2.0
2025-03-14,588000.SSE,pm,mid,3,2401,2400,2.0
2025-03-14,588000.SSE,pm,mid,15,481,480,2.0
2025-03-14,588000.SSE,pm,mid,30,241,240,2.0
2025-03-14,588000.SSE,pm,mid,60,121,120,2.0
2025-03-14,588000.SSE,pm,mid,300,25,24,2.0
2025-03-14,588000.SSE,pm,last,3,2401,2400,2.0
2025-03-14,588000.SSE,pm,last,15,481,480,2.0
2025-03-14,588000.SSE,pm,last,30,241,240,2.0
2025-03-14,588000.SSE,pm,last,60,121,120,2.0
2025-03-14,588000.SSE,pm,last,300,25,24,2.0
2025-03-14,588080.SSE,am,mid,3,2401,2400,2.0
2025-03-14,588080.SSE,am,mid,15,481,480,2.0
2025-03-14,588080.SSE,am,mid,30,241,240,2.0
2025-03-14,588080.SSE,am,mid,60,121,120,2.0
2025-03-14,588080.SSE,am,mid,300,25,24,2.0
2025-03-14,588080.SSE,am,last,3,2401,2400,2.0
2025-03-14,588080.SSE,am,last,15,481,480,2.0
2025-03-14,588080.SSE,am,last,30,241,240,2.0
2025-03-14,588080.SSE,am,last,60,121,120,2.0
2025-03-14,588080.SSE,am,last,300,25,24,2.0
2025-03-14,588080.SSE,pm,mid,3,2401,2399,2.0
2025-03-14,588080.SSE,pm,mid,15,481,480,2.0
2025-03-14,588080.SSE,pm,mid,30,241,240,2.0
2025-03-14,588080.SSE,pm,mid,60,121,120,2.0
2025-03-14,588080.SSE,pm,mid,300,25,24,2.0
2025-03-14,588080.SSE,pm,last,3,2401,2399,2.0
2025-03-14,588080.SSE,pm,last,15,481,480,2.0
2025-03-14,588080.SSE,pm,last,30,241,240,2.0
2025-03-14,588080.SSE,pm,last,60,121,120,2.0
2025-03-14,588080.SSE,pm,last,300,25,24,2.0
2025-03-17,588000.SSE,am,mid,3,2401,2400,1.0
2025-03-17,588000.SSE,am,mid,15,481,480,1.0
2025-03-17,588000.SSE,am,mid,30,241,240,1.0
2025-03-17,588000.SSE,am,mid,60,121,120,1.0
2025-03-17,588000.SSE,am,mid,300,25,24,1.0
2025-03-17,588000.SSE,am,last,3,2401,2400,1.0
2025-03-17,588000.SSE,am,last,15,481,480,1.0
2025-03-17,588000.SSE,am,last,30,241,240,1.0
2025-03-17,588000.SSE,am,last,60,121,120,1.0
2025-03-17,588000.SSE,am,last,300,25,24,1.0
2025-03-17,588000.SSE,pm,mid,3,2401,2400,1.0
2025-03-17,588000.SSE,pm,mid,15,481,480,1.0
2025-03-17,588000.SSE,pm,mid,30,241,240,1.0
2025-03-17,588000.SSE,pm,mid,60,121,120,1.0
2025-03-17,588000.SSE,pm,mid,300,25,24,1.0
2025-03-17,588000.SSE,pm,last,3,2401,2400,1.0
2025-03-17,588000.SSE,pm,last,15,481,480,1.0
2025-03-17,588000.SSE,pm,last,30,241,240,1.0
2025-03-17,588000.SSE,pm,last,60,121,120,1.0
2025-03-17,588000.SSE,pm,last,300,25,24,1.0
2025-03-17,588080.SSE,am,mid,3,2401,2397,2.0
2025-03-17,588080.SSE,am,mid,15,481,480,2.0
2025-03-17,588080.SSE,am,mid,30,241,240,2.0
2025-03-17,588080.SSE,am,mid,60,121,120,2.0
2025-03-17,588080.SSE,am,mid,300,25,24,2.0
2025-03-17,588080.SSE,am,last,3,2401,2397,2.0
2025-03-17,588080.SSE,am,last,15,481,480,2.0
2025-03-17,588080.SSE,am,last,30,241,240,2.0
2025-03-17,588080.SSE,am,last,60,121,120,2.0
2025-03-17,588080.SSE,am,last,300,25,24,2.0
2025-03-17,588080.SSE,pm,mid,3,2401,2391,2.0
2025-03-17,588080.SSE,pm,mid,15,481,478,2.0
2025-03-17,588080.SSE,pm,mid,30,241,240,2.0
2025-03-17,588080.SSE,pm,mid,60,121,120,2.0
2025-03-17,588080.SSE,pm,mid,300,25,24,2.0
2025-03-17,588080.SSE,pm,last,3,2401,2391,2.0
2025-03-17,588080.SSE,pm,last,15,481,478,2.0
2025-03-17,588080.SSE,pm,last,30,241,240,2.0
2025-03-17,588080.SSE,pm,last,60,121,120,2.0
2025-03-17,588080.SSE,pm,last,300,25,24,2.0
2025-03-18,588000.SSE,am,mid,3,2401,2401,0.0
2025-03-18,588000.SSE,am,mid,15,481,481,0.0
2025-03-18,588000.SSE,am,mid,30,241,241,0.0
2025-03-18,588000.SSE,am,mid,60,121,121,0.0
2025-03-18,588000.SSE,am,mid,300,25,25,0.0
2025-03-18,588000.SSE,am,last,3,2401,2401,0.0
2025-03-18,588000.SSE,am,last,15,481,481,0.0
2025-03-18,588000.SSE,am,last,30,241,241,0.0
2025-03-18,588000.SSE,am,last,60,121,121,0.0
2025-03-18,588000.SSE,am,last,300,25,25,0.0
2025-03-18,588000.SSE,pm,mid,3,2401,2401,0.0
2025-03-18,588000.SSE,pm,mid,15,481,481,0.0
2025-03-18,588000.SSE,pm,mid,30,241,241,0.0
2025-03-18,588000.SSE,pm,mid,60,121,121,0.0
2025-03-18,588000.SSE,pm,mid,300,25,25,0.0
2025-03-18,588000.SSE,pm,last,3,2401,2401,0.0
2025-03-18,588000.SSE,pm,last,15,481,481,0.0
2025-03-18,588000.SSE,pm,last,30,241,241,0.0
2025-03-18,588000.SSE,pm,last,60,121,121,0.0
2025-03-18,588000.SSE,pm,last,300,25,25,0.0
2025-03-18,588080.SSE,am,mid,3,2401,2395,1.0
2025-03-18,588080.SSE,am,mid,15,481,479,1.0
2025-03-18,588080.SSE,am,mid,30,241,239,1.0
2025-03-18,588080.SSE,am,mid,60,121,120,1.0
2025-03-18,588080.SSE,am,mid,300,25,24,1.0
2025-03-18,588080.SSE,am,last,3,2401,2395,1.0
2025-03-18,588080.SSE,am,last,15,481,479,1.0
2025-03-18,588080.SSE,am,last,30,241,239,1.0
2025-03-18,588080.SSE,am,last,60,121,120,1.0
2025-03-18,588080.SSE,am,last,300,25,24,1.0
2025-03-18,588080.SSE,pm,mid,3,2401,2390,1.0
2025-03-18,588080.SSE,pm,mid,15,481,478,1.0
2025-03-18,588080.SSE,pm,mid,30,241,238,1.0
2025-03-18,588080.SSE,pm,mid,60,121,119,1.0
2025-03-18,588080.SSE,pm,mid,300,25,24,1.0
2025-03-18,588080.SSE,pm,last,3,2401,2390,1.0
2025-03-18,588080.SSE,pm,last,15,481,478,1.0
2025-03-18,588080.SSE,pm,last,30,241,238,1.0
2025-03-18,588080.SSE,pm,last,60,121,119,1.0
2025-03-18,588080.SSE,pm,last,300,25,24,1.0
2025-03-19,588000.SSE,am,mid,3,2401,2400,1.0
2025-03-19,588000.SSE,am,mid,15,481,480,1.0
2025-03-19,588000.SSE,am,mid,30,241,240,1.0
2025-03-19,588000.SSE,am,mid,60,121,120,1.0
2025-03-19,588000.SSE,am,mid,300,25,24,1.0
2025-03-19,588000.SSE,am,last,3,2401,2400,1.0
2025-03-19,588000.SSE,am,last,15,481,480,1.0
2025-03-19,588000.SSE,am,last,30,241,240,1.0
2025-03-19,588000.SSE,am,last,60,121,120,1.0
2025-03-19,588000.SSE,am,last,300,25,24,1.0
2025-03-19,588000.SSE,pm,mid,3,2401,2400,1.0
2025-03-19,588000.SSE,pm,mid,15,481,480,1.0
2025-03-19,588000.SSE,pm,mid,30,241,240,1.0
2025-03-19,588000.SSE,pm,mid,60,121,120,1.0
2025-03-19,588000.SSE,pm,mid,300,25,24,1.0
2025-03-19,588000.SSE,pm,last,3,2401,2400,1.0
2025-03-19,588000.SSE,pm,last,15,481,480,1.0
2025-03-19,588000.SSE,pm,last,30,241,240,1.0
2025-03-19,588000.SSE,pm,last,60,121,120,1.0
2025-03-19,588000.SSE,pm,last,300,25,24,1.0
2025-03-19,588080.SSE,am,mid,3,2401,2396,2.0
2025-03-19,588080.SSE,am,mid,15,481,479,2.0
2025-03-19,588080.SSE,am,mid,30,241,239,2.0
2025-03-19,588080.SSE,am,mid,60,121,119,2.0
2025-03-19,588080.SSE,am,mid,300,25,24,2.0
2025-03-19,588080.SSE,am,last,3,2401,2396,2.0
2025-03-19,588080.SSE,am,last,15,481,479,2.0
2025-03-19,588080.SSE,am,last,30,241,239,2.0
2025-03-19,588080.SSE,am,last,60,121,119,2.0
2025-03-19,588080.SSE,am,last,300,25,24,2.0
2025-03-19,588080.SSE,pm,mid,3,2401,2398,2.0
2025-03-19,588080.SSE,pm,mid,15,481,480,2.0
2025-03-19,588080.SSE,pm,mid,30,241,240,2.0
2025-03-19,588080.SSE,pm,mid,60,121,120,2.0
2025-03-19,588080.SSE,pm,mid,300,25,24,2.0
2025-03-19,588080.SSE,pm,last,3,2401,2398,2.0
2025-03-19,588080.SSE,pm,last,15,481,480,2.0
2025-03-19,588080.SSE,pm,last,30,241,240,2.0
2025-03-19,588080.SSE,pm,last,60,121,120,2.0
2025-03-19,588080.SSE,pm,last,300,25,24,2.0
2025-03-20,588000.SSE,am,mid,3,2401,2400,2.0
2025-03-20,588000.SSE,am,mid,15,481,480,2.0
2025-03-20,588000.SSE,am,mid,30,241,240,2.0
2025-03-20,588000.SSE,am,mid,60,121,120,2.0
2025-03-20,588000.SSE,am,mid,300,25,24,2.0
2025-03-20,588000.SSE,am,last,3,2401,2400,2.0
2025-03-20,588000.SSE,am,last,15,481,480,2.0
2025-03-20,588000.SSE,am,last,30,241,240,2.0
2025-03-20,588000.SSE,am,last,60,121,120,2.0
2025-03-20,588000.SSE,am,last,300,25,24,2.0
2025-03-20,588000.SSE,pm,mid,3,2401,2400,2.0
2025-03-20,588000.SSE,pm,mid,15,481,480,2.0
2025-03-20,588000.SSE,pm,mid,30,241,240,2.0
2025-03-20,588000.SSE,pm,mid,60,121,120,2.0
2025-03-20,588000.SSE,pm,mid,300,25,24,2.0
2025-03-20,588000.SSE,pm,last,3,2401,2400,2.0
2025-03-20,588000.SSE,pm,last,15,481,480,2.0
2025-03-20,588000.SSE,pm,last,30,241,240,2.0
2025-03-20,588000.SSE,pm,last,60,121,120,2.0
2025-03-20,588000.SSE,pm,last,300,25,24,2.0
2025-03-20,588080.SSE,am,mid,3,2401,2400,1.0
2025-03-20,588080.SSE,am,mid,15,481,480,1.0
2025-03-20,588080.SSE,am,mid,30,241,240,1.0
2025-03-20,588080.SSE,am,mid,60,121,120,1.0
2025-03-20,588080.SSE,am,mid,300,25,24,1.0
2025-03-20,588080.SSE,am,last,3,2401,2400,1.0
2025-03-20,588080.SSE,am,last,15,481,480,1.0
2025-03-20,588080.SSE,am,last,30,241,240,1.0
2025-03-20,588080.SSE,am,last,60,121,120,1.0
2025-03-20,588080.SSE,am,last,300,25,24,1.0
2025-03-20,588080.SSE,pm,mid,3,2401,2398,1.0
2025-03-20,588080.SSE,pm,mid,15,481,479,1.0
2025-03-20,588080.SSE,pm,mid,30,241,239,1.0
2025-03-20,588080.SSE,pm,mid,60,121,119,1.0
2025-03-20,588080.SSE,pm,mid,300,25,24,1.0
2025-03-20,588080.SSE,pm,last,3,2401,2398,1.0
2025-03-20,588080.SSE,pm,last,15,481,479,1.0
2025-03-20,588080.SSE,pm,last,30,241,239,1.0
2025-03-20,588080.SSE,pm,last,60,121,119,1.0
2025-03-20,588080.SSE,pm,last,300,25,24,1.0
2025-03-21,588000.SSE,am,mid,3,2401,2400,1.0
2025-03-21,588000.SSE,am,mid,15,481,480,1.0
2025-03-21,588000.SSE,am,mid,30,241,240,1.0
2025-03-21,588000.SSE,am,mid,60,121,120,1.0
2025-03-21,588000.SSE,am,mid,300,25,24,1.0
2025-03-21,588000.SSE,am,last,3,2401,2400,1.0
2025-03-21,588000.SSE,am,last,15,481,480,1.0
2025-03-21,588000.SSE,am,last,30,241,240,1.0
2025-03-21,588000.SSE,am,last,60,121,120,1.0
2025-03-21,588000.SSE,am,last,300,25,24,1.0
2025-03-21,588000.SSE,pm,mid,3,2401,2400,1.0
2025-03-21,588000.SSE,pm,mid,15,481,480,1.0
2025-03-21,588000.SSE,pm,mid,30,241,240,1.0
2025-03-21,588000.SSE,pm,mid,60,121,120,1.0
2025-03-21,588000.SSE,pm,mid,300,25,24,1.0
2025-03-21,588000.SSE,pm,last,3,2401,2400,1.0
2025-03-21,588000.SSE,pm,last,15,481,480,1.0
2025-03-21,588000.SSE,pm,last,30,241,240,1.0
2025-03-21,588000.SSE,pm,last,60,121,120,1.0
2025-03-21,588000.SSE,pm,last,300,25,24,1.0
2025-03-21,588080.SSE,am,mid,3,2401,2400,2.0
2025-03-21,588080.SSE,am,mid,15,481,480,2.0
2025-03-21,588080.SSE,am,mid,30,241,240,2.0
2025-03-21,588080.SSE,am,mid,60,121,120,2.0
2025-03-21,588080.SSE,am,mid,300,25,24,2.0
2025-03-21,588080.SSE,am,last,3,2401,2400,2.0
2025-03-21,588080.SSE,am,last,15,481,480,2.0
2025-03-21,588080.SSE,am,last,30,241,240,2.0
2025-03-21,588080.SSE,am,last,60,121,120,2.0
2025-03-21,588080.SSE,am,last,300,25,24,2.0
2025-03-21,588080.SSE,pm,mid,3,2401,2400,2.0
2025-03-21,588080.SSE,pm,mid,15,481,480,2.0
2025-03-21,588080.SSE,pm,mid,30,241,240,2.0
2025-03-21,588080.SSE,pm,mid,60,121,120,2.0
2025-03-21,588080.SSE,pm,mid,300,25,24,2.0
2025-03-21,588080.SSE,pm,last,3,2401,2400,2.0
2025-03-21,588080.SSE,pm,last,15,481,480,2.0
2025-03-21,588080.SSE,pm,last,30,241,240,2.0
2025-03-21,588080.SSE,pm,last,60,121,120,2.0
2025-03-21,588080.SSE,pm,last,300,25,24,2.0
2025-03-24,588000.SSE,am,mid,3,2401,2400,2.0
2025-03-24,588000.SSE,am,mid,15,481,480,2.0
2025-03-24,588000.SSE,am,mid,30,241,240,2.0
2025-03-24,588000.SSE,am,mid,60,121,120,2.0
2025-03-24,588000.SSE,am,mid,300,25,24,2.0
2025-03-24,588000.SSE,am,last,3,2401,2400,2.0
2025-03-24,588000.SSE,am,last,15,481,480,2.0
2025-03-24,588000.SSE,am,last,30,241,240,2.0
2025-03-24,588000.SSE,am,last,60,121,120,2.0
2025-03-24,588000.SSE,am,last,300,25,24,2.0
2025-03-24,588000.SSE,pm,mid,3,2401,2400,2.0
2025-03-24,588000.SSE,pm,mid,15,481,480,2.0
2025-03-24,588000.SSE,pm,mid,30,241,240,2.0
2025-03-24,588000.SSE,pm,mid,60,121,120,2.0
2025-03-24,588000.SSE,pm,mid,300,25,24,2.0
2025-03-24,588000.SSE,pm,last,3,2401,2400,2.0
2025-03-24,588000.SSE,pm,last,15,481,480,2.0
2025-03-24,588000.SSE,pm,last,30,241,240,2.0
2025-03-24,588000.SSE,pm,last,60,121,120,2.0
2025-03-24,588000.SSE,pm,last,300,25,24,2.0
2025-03-24,588080.SSE,am,mid,3,2401,2394,1.0
2025-03-24,588080.SSE,am,mid,15,481,478,1.0
2025-03-24,588080.SSE,am,mid,30,241,238,1.0
2025-03-24,588080.SSE,am,mid,60,121,120,1.0
2025-03-24,588080.SSE,am,mid,300,25,24,1.0
2025-03-24,588080.SSE,am,last,3,2401,2394,1.0
2025-03-24,588080.SSE,am,last,15,481,478,1.0
2025-03-24,588080.SSE,am,last,30,241,238,1.0
2025-03-24,588080.SSE,am,last,60,121,120,1.0
2025-03-24,588080.SSE,am,last,300,25,24,1.0
2025-03-24,588080.SSE,pm,mid,3,2401,2399,1.0
2025-03-24,588080.SSE,pm,mid,15,481,480,1.0
2025-03-24,588080.SSE,pm,mid,30,241,240,1.0
2025-03-24,588080.SSE,pm,mid,60,121,120,1.0
2025-03-24,588080.SSE,pm,mid,300,25,24,1.0
2025-03-24,588080.SSE,pm,last,3,2401,2399,1.0
2025-03-24,588080.SSE,pm,last,15,481,480,1.0
2025-03-24,588080.SSE,pm,last,30,241,240,1.0
2025-03-24,588080.SSE,pm,last,60,121,120,1.0
2025-03-24,588080.SSE,pm,last,300,25,24,1.0
2025-03-25,588000.SSE,am,mid,3,2401,2401,0.0
2025-03-25,588000.SSE,am,mid,15,481,481,0.0
2025-03-25,588000.SSE,am,mid,30,241,241,0.0
2025-03-25,588000.SSE,am,mid,60,121,121,0.0
2025-03-25,588000.SSE,am,mid,300,25,25,0.0
2025-03-25,588000.SSE,am,last,3,2401,2401,0.0
2025-03-25,588000.SSE,am,last,15,481,481,0.0
2025-03-25,588000.SSE,am,last,30,241,241,0.0
2025-03-25,588000.SSE,am,last,60,121,121,0.0
2025-03-25,588000.SSE,am,last,300,25,25,0.0
2025-03-25,588000.SSE,pm,mid,3,2401,2401,0.0
2025-03-25,588000.SSE,pm,mid,15,481,481,0.0
2025-03-25,588000.SSE,pm,mid,30,241,241,0.0
2025-03-25,588000.SSE,pm,mid,60,121,121,0.0
2025-03-25,588000.SSE,pm,mid,300,25,25,0.0
2025-03-25,588000.SSE,pm,last,3,2401,2401,0.0
2025-03-25,588000.SSE,pm,last,15,481,481,0.0
2025-03-25,588000.SSE,pm,last,30,241,241,0.0
2025-03-25,588000.SSE,pm,last,60,121,121,0.0
2025-03-25,588000.SSE,pm,last,300,25,25,0.0
2025-03-25,588080.SSE,am,mid,3,2401,2399,1.0
2025-03-25,588080.SSE,am,mid,15,481,479,1.0
2025-03-25,588080.SSE,am,mid,30,241,239,1.0
2025-03-25,588080.SSE,am,mid,60,121,120,1.0
2025-03-25,588080.SSE,am,mid,300,25,24,1.0
2025-03-25,588080.SSE,am,last,3,2401,2399,1.0
2025-03-25,588080.SSE,am,last,15,481,479,1.0
2025-03-25,588080.SSE,am,last,30,241,239,1.0
2025-03-25,588080.SSE,am,last,60,121,120,1.0
2025-03-25,588080.SSE,am,last,300,25,24,1.0
2025-03-25,588080.SSE,pm,mid,3,2401,2396,1.0
2025-03-25,588080.SSE,pm,mid,15,481,478,1.0
2025-03-25,588080.SSE,pm,mid,30,241,240,1.0
2025-03-25,588080.SSE,pm,mid,60,121,120,1.0
2025-03-25,588080.SSE,pm,mid,300,25,24,1.0
2025-03-25,588080.SSE,pm,last,3,2401,2396,1.0
2025-03-25,588080.SSE,pm,last,15,481,478,1.0
2025-03-25,588080.SSE,pm,last,30,241,240,1.0
2025-03-25,588080.SSE,pm,last,60,121,120,1.0
2025-03-25,588080.SSE,pm,last,300,25,24,1.0
2025-03-26,588000.SSE,am,mid,3,2401,2400,0.9995833333333334
2025-03-26,588000.SSE,am,mid,15,481,480,1.0
2025-03-26,588000.SSE,am,mid,30,241,240,1.0
2025-03-26,588000.SSE,am,mid,60,121,120,1.0
2025-03-26,588000.SSE,am,mid,300,25,24,1.0
2025-03-26,588000.SSE,am,last,3,2401,2400,0.9995833333333334
2025-03-26,588000.SSE,am,last,15,481,480,1.0
2025-03-26,588000.SSE,am,last,30,241,240,1.0
2025-03-26,588000.SSE,am,last,60,121,120,1.0
2025-03-26,588000.SSE,am,last,300,25,24,1.0
2025-03-26,588000.SSE,pm,mid,3,2401,2400,1.0
2025-03-26,588000.SSE,pm,mid,15,481,480,1.0
2025-03-26,588000.SSE,pm,mid,30,241,240,1.0
2025-03-26,588000.SSE,pm,mid,60,121,120,1.0
2025-03-26,588000.SSE,pm,mid,300,25,24,1.0
2025-03-26,588000.SSE,pm,last,3,2401,2400,1.0
2025-03-26,588000.SSE,pm,last,15,481,480,1.0
2025-03-26,588000.SSE,pm,last,30,241,240,1.0
2025-03-26,588000.SSE,pm,last,60,121,120,1.0
2025-03-26,588000.SSE,pm,last,300,25,24,1.0
2025-03-26,588080.SSE,am,mid,3,2401,2396,2.0
2025-03-26,588080.SSE,am,mid,15,481,480,2.0
2025-03-26,588080.SSE,am,mid,30,241,240,2.0
2025-03-26,588080.SSE,am,mid,60,121,120,2.0
2025-03-26,588080.SSE,am,mid,300,25,24,2.0
2025-03-26,588080.SSE,am,last,3,2401,2396,2.0
2025-03-26,588080.SSE,am,last,15,481,480,2.0
2025-03-26,588080.SSE,am,last,30,241,240,2.0
2025-03-26,588080.SSE,am,last,60,121,120,2.0
2025-03-26,588080.SSE,am,last,300,25,24,2.0
2025-03-26,588080.SSE,pm,mid,3,2401,2394,2.0
2025-03-26,588080.SSE,pm,mid,15,481,479,2.0
2025-03-26,588080.SSE,pm,mid,30,241,239,2.0
2025-03-26,588080.SSE,pm,mid,60,121,120,2.0
2025-03-26,588080.SSE,pm,mid,300,25,24,2.0
2025-03-26,588080.SSE,pm,last,3,2401,2394,2.0
2025-03-26,588080.SSE,pm,last,15,481,479,2.0
2025-03-26,588080.SSE,pm,last,30,241,239,2.0
2025-03-26,588080.SSE,pm,last,60,121,120,2.0
2025-03-26,588080.SSE,pm,last,300,25,24,2.0
2025-03-27,588000.SSE,am,mid,3,2401,2400,2.0
2025-03-27,588000.SSE,am,mid,15,481,480,2.0
2025-03-27,588000.SSE,am,mid,30,241,240,2.0
2025-03-27,588000.SSE,am,mid,60,121,120,2.0
2025-03-27,588000.SSE,am,mid,300,25,24,2.0
2025-03-27,588000.SSE,am,last,3,2401,2400,2.0
2025-03-27,588000.SSE,am,last,15,481,480,2.0
2025-03-27,588000.SSE,am,last,30,241,240,2.0
2025-03-27,588000.SSE,am,last,60,121,120,2.0
2025-03-27,588000.SSE,am,last,300,25,24,2.0
2025-03-27,588000.SSE,pm,mid,3,2401,2400,2.0
2025-03-27,588000.SSE,pm,mid,15,481,480,2.0
2025-03-27,588000.SSE,pm,mid,30,241,240,2.0
2025-03-27,588000.SSE,pm,mid,60,121,120,2.0
2025-03-27,588000.SSE,pm,mid,300,25,24,2.0
2025-03-27,588000.SSE,pm,last,3,2401,2400,2.0
2025-03-27,588000.SSE,pm,last,15,481,480,2.0
2025-03-27,588000.SSE,pm,last,30,241,240,2.0
2025-03-27,588000.SSE,pm,last,60,121,120,2.0
2025-03-27,588000.SSE,pm,last,300,25,24,2.0
2025-03-27,588080.SSE,am,mid,3,2401,2401,0.0
2025-03-27,588080.SSE,am,mid,15,481,481,0.0
2025-03-27,588080.SSE,am,mid,30,241,241,0.0
2025-03-27,588080.SSE,am,mid,60,121,121,0.0
2025-03-27,588080.SSE,am,mid,300,25,25,0.0
2025-03-27,588080.SSE,am,last,3,2401,2401,0.0
2025-03-27,588080.SSE,am,last,15,481,481,0.0
2025-03-27,588080.SSE,am,last,30,241,241,0.0
2025-03-27,588080.SSE,am,last,60,121,121,0.0
2025-03-27,588080.SSE,am,last,300,25,25,0.0
2025-03-27,588080.SSE,pm,mid,3,2401,2401,0.013744273219491879
2025-03-27,588080.SSE,pm,mid,15,481,481,0.012474012474012475
2025-03-27,588080.SSE,pm,mid,30,241,241,0.0
2025-03-27,588080.SSE,pm,mid,60,121,121,0.0
2025-03-27,588080.SSE,pm,mid,300,25,25,0.0
2025-03-27,588080.SSE,pm,last,3,2401,2401,0.013744273219491879
2025-03-27,588080.SSE,pm,last,15,481,481,0.012474012474012475
2025-03-27,588080.SSE,pm,last,30,241,241,0.0
2025-03-27,588080.SSE,pm,last,60,121,121,0.0
2025-03-27,588080.SSE,pm,last,300,25,25,0.0
2025-03-28,588000.SSE,am,mid,3,2401,2400,0.585
2025-03-28,588000.SSE,am,mid,15,481,480,0.5916666666666667
2025-03-28,588000.SSE,am,mid,30,241,240,0.5625
2025-03-28,588000.SSE,am,mid,60,121,120,0.6
2025-03-28,588000.SSE,am,mid,300,25,24,0.4583333333333333
2025-03-28,588000.SSE,am,last,3,2401,2400,0.585
2025-03-28,588000.SSE,am,last,15,481,480,0.5916666666666667
2025-03-28,588000.SSE,am,last,30,241,240,0.5625
2025-03-28,588000.SSE,am,last,60,121,120,0.6
2025-03-28,588000.SSE,am,last,300,25,24,0.4583333333333333
2025-03-28,588000.SSE,pm,mid,3,2401,2400,0.60125
2025-03-28,588000.SSE,pm,mid,15,481,480,0.6
2025-03-28,588000.SSE,pm,mid,30,241,240,0.5791666666666667
2025-03-28,588000.SSE,pm,mid,60,121,120,0.6
2025-03-28,588000.SSE,pm,mid,300,25,24,0.5833333333333334
2025-03-28,588000.SSE,pm,last,3,2401,2400,0.60125
2025-03-28,588000.SSE,pm,last,15,481,480,0.6
2025-03-28,588000.SSE,pm,last,30,241,240,0.5791666666666667
2025-03-28,588000.SSE,pm,last,60,121,120,0.6
2025-03-28,588000.SSE,pm,last,300,25,24,0.5833333333333334
2025-03-28,588080.SSE,am,mid,3,2401,2401,0.007496876301541024
2025-03-28,588080.SSE,am,mid,15,481,481,0.006237006237006237
2025-03-28,588080.SSE,am,mid,30,241,241,0.0
2025-03-28,588080.SSE,am,mid,60,121,121,0.0
2025-03-28,588080.SSE,am,mid,300,25,25,0.0
2025-03-28,588080.SSE,am,last,3,2401,2401,0.007496876301541024
2025-03-28,588080.SSE,am,last,15,481,481,0.006237006237006237
2025-03-28,588080.SSE,am,last,30,241,241,0.0
2025-03-28,588080.SSE,am,last,60,121,121,0.0
2025-03-28,588080.SSE,am,last,300,25,25,0.0
2025-03-28,588080.SSE,pm,mid,3,2401,2401,0.012494793835901708
2025-03-28,588080.SSE,pm,mid,15,481,481,0.006237006237006237
2025-03-28,588080.SSE,pm,mid,30,241,241,0.0
2025-03-28,588080.SSE,pm,mid,60,121,121,0.0
2025-03-28,588080.SSE,pm,mid,300,25,25,0.0
2025-03-28,588080.SSE,pm,last,3,2401,2401,0.012494793835901708
2025-03-28,588080.SSE,pm,last,15,481,481,0.006237006237006237
2025-03-28,588080.SSE,pm,last,30,241,241,0.0
2025-03-28,588080.SSE,pm,last,60,121,121,0.0
2025-03-28,588080.SSE,pm,last,300,25,25,0.0
2025-03-31,588000.SSE,am,mid,3,2401,2400,2.0
2025-03-31,588000.SSE,am,mid,15,481,480,2.0
2025-03-31,588000.SSE,am,mid,30,241,240,2.0
2025-03-31,588000.SSE,am,mid,60,121,120,2.0
2025-03-31,588000.SSE,am,mid,300,25,24,2.0
2025-03-31,588000.SSE,am,last,3,2401,2400,2.0
2025-03-31,588000.SSE,am,last,15,481,480,2.0
2025-03-31,588000.SSE,am,last,30,241,240,2.0
2025-03-31,588000.SSE,am,last,60,121,120,2.0
2025-03-31,588000.SSE,am,last,300,25,24,2.0
2025-03-31,588000.SSE,pm,mid,3,2401,2400,2.0
2025-03-31,588000.SSE,pm,mid,15,481,480,2.0
2025-03-31,588000.SSE,pm,mid,30,241,240,2.0
2025-03-31,588000.SSE,pm,mid,60,121,120,2.0
2025-03-31,588000.SSE,pm,mid,300,25,24,2.0
2025-03-31,588000.SSE,pm,last,3,2401,2400,2.0
2025-03-31,588000.SSE,pm,last,15,481,480,2.0
2025-03-31,588000.SSE,pm,last,30,241,240,2.0
2025-03-31,588000.SSE,pm,last,60,121,120,2.0
2025-03-31,588000.SSE,pm,last,300,25,24,2.0
2025-03-31,588080.SSE,am,mid,3,2401,2400,2.0
2025-03-31,588080.SSE,am,mid,15,481,480,2.0
2025-03-31,588080.SSE,am,mid,30,241,240,2.0
2025-03-31,588080.SSE,am,mid,60,121,120,2.0
2025-03-31,588080.SSE,am,mid,300,25,24,2.0
2025-03-31,588080.SSE,am,last,3,2401,2400,2.0
2025-03-31,588080.SSE,am,last,15,481,480,2.0
2025-03-31,588080.SSE,am,last,30,241,240,2.0
2025-03-31,588080.SSE,am,last,60,121,120,2.0
2025-03-31,588080.SSE,am,last,300,25,24,2.0
2025-03-31,588080.SSE,pm,mid,3,2401,2397,2.0
2025-03-31,588080.SSE,pm,mid,15,481,480,2.0
2025-03-31,588080.SSE,pm,mid,30,241,240,2.0
2025-03-31,588080.SSE,pm,mid,60,121,120,2.0
2025-03-31,588080.SSE,pm,mid,300,25,24,2.0
2025-03-31,588080.SSE,pm,last,3,2401,2397,2.0
2025-03-31,588080.SSE,pm,last,15,481,480,2.0
2025-03-31,588080.SSE,pm,last,30,241,240,2.0
2025-03-31,588080.SSE,pm,last,60,121,120,2.0
2025-03-31,588080.SSE,pm,last,300,25,24,2.0
2025-04-01,588000.SSE,am,mid,3,2401,2400,1.0
2025-04-01,588000.SSE,am,mid,15,481,480,1.0
2025-04-01,588000.SSE,am,mid,30,241,240,1.0
2025-04-01,588000.SSE,am,mid,60,121,120,1.0
2025-04-01,588000.SSE,am,mid,300,25,24,1.0
2025-04-01,588000.SSE,am,last,3,2401,2400,1.0
2025-04-01,588000.SSE,am,last,15,481,480,1.0
2025-04-01,588000.SSE,am,last,30,241,240,1.0
2025-04-01,588000.SSE,am,last,60,121,120,1.0
2025-04-01,588000.SSE,am,last,300,25,24,1.0
2025-04-01,588000.SSE,pm,mid,3,2401,2400,1.0
2025-04-01,588000.SSE,pm,mid,15,481,480,1.0
2025-04-01,588000.SSE,pm,mid,30,241,240,1.0
2025-04-01,588000.SSE,pm,mid,60,121,120,1.0
2025-04-01,588000.SSE,pm,mid,300,25,24,1.0
2025-04-01,588000.SSE,pm,last,3,2401,2400,1.0
2025-04-01,588000.SSE,pm,last,15,481,480,1.0
2025-04-01,588000.SSE,pm,last,30,241,240,1.0
2025-04-01,588000.SSE,pm,last,60,121,120,1.0
2025-04-01,588000.SSE,pm,last,300,25,24,1.0
2025-04-01,588080.SSE,am,mid,3,2401,2398,1.0
2025-04-01,588080.SSE,am,mid,15,481,480,1.0
2025-04-01,588080.SSE,am,mid,30,241,240,1.0
2025-04-01,588080.SSE,am,mid,60,121,120,1.0
2025-04-01,588080.SSE,am,mid,300,25,24,1.0
2025-04-01,588080.SSE,am,last,3,2401,2398,1.0
2025-04-01,588080.SSE,am,last,15,481,480,1.0
2025-04-01,588080.SSE,am,last,30,241,240,1.0
2025-04-01,588080.SSE,am,last,60,121,120,1.0
2025-04-01,588080.SSE,am,last,300,25,24,1.0
2025-04-01,588080.SSE,pm,mid,3,2401,2393,1.0
2025-04-01,588080.SSE,pm,mid,15,481,479,1.0
2025-04-01,588080.SSE,pm,mid,30,241,239,1.0
2025-04-01,588080.SSE,pm,mid,60,121,120,1.0
2025-04-01,588080.SSE,pm,mid,300,25,24,1.0
2025-04-01,588080.SSE,pm,last,3,2401,2393,1.0
2025-04-01,588080.SSE,pm,last,15,481,479,1.0
2025-04-01,588080.SSE,pm,last,30,241,239,1.0
2025-04-01,588080.SSE,pm,last,60,121,120,1.0
2025-04-01,588080.SSE,pm,last,300,25,24,1.0
2025-04-02,588000.SSE,am,mid,3,2401,2400,2.0
2025-04-02,588000.SSE,am,mid,15,481,480,2.0
2025-04-02,588000.SSE,am,mid,30,241,240,2.0
2025-04-02,588000.SSE,am,mid,60,121,120,2.0
2025-04-02,588000.SSE,am,mid,300,25,24,2.0
2025-04-02,588000.SSE,am,last,3,2401,2400,2.0
2025-04-02,588000.SSE,am,last,15,481,480,2.0
2025-04-02,588000.SSE,am,last,30,241,240,2.0
2025-04-02,588000.SSE,am,last,60,121,120,2.0
2025-04-02,588000.SSE,am,last,300,25,24,2.0
2025-04-02,588000.SSE,pm,mid,3,2401,2400,2.0
2025-04-02,588000.SSE,pm,mid,15,481,480,2.0
2025-04-02,588000.SSE,pm,mid,30,241,240,2.0
2025-04-02,588000.SSE,pm,mid,60,121,120,2.0
2025-04-02,588000.SSE,pm,mid,300,25,24,2.0
2025-04-02,588000.SSE,pm,last,3,2401,2400,2.0
2025-04-02,588000.SSE,pm,last,15,481,480,2.0
2025-04-02,588000.SSE,pm,last,30,241,240,2.0
2025-04-02,588000.SSE,pm,last,60,121,120,2.0
2025-04-02,588000.SSE,pm,last,300,25,24,2.0
2025-04-02,588080.SSE,am,mid,3,2401,2399,1.941225510629429
2025-04-02,588080.SSE,am,mid,15,481,480,1.9354166666666666
2025-04-02,588080.SSE,am,mid,30,241,240,1.9208333333333334
2025-04-02,588080.SSE,am,mid,60,121,120,1.9333333333333333
2025-04-02,588080.SSE,am,mid,300,25,24,1.875
2025-04-02,588080.SSE,am,last,3,2401,2399,1.941225510629429
2025-04-02,588080.SSE,am,last,15,481,480,1.9354166666666666
2025-04-02,588080.SSE,am,last,30,241,240,1.9208333333333334
2025-04-02,588080.SSE,am,last,60,121,120,1.9333333333333333
2025-04-02,588080.SSE,am,last,300,25,24,1.875
2025-04-02,588080.SSE,pm,mid,3,2401,2400,1.91875
2025-04-02,588080.SSE,pm,mid,15,481,480,1.9270833333333333
2025-04-02,588080.SSE,pm,mid,30,241,240,1.9166666666666667
2025-04-02,588080.SSE,pm,mid,60,121,120,1.9333333333333333
2025-04-02,588080.SSE,pm,mid,300,25,24,1.9166666666666667
2025-04-02,588080.SSE,pm,last,3,2401,2400,1.91875
2025-04-02,588080.SSE,pm,last,15,481,480,1.9270833333333333
2025-04-02,588080.SSE,pm,last,30,241,240,1.9166666666666667
2025-04-02,588080.SSE,pm,last,60,121,120,1.9333333333333333
2025-04-02,588080.SSE,pm,last,300,25,24,1.9166666666666667
2025-04-03,588000.SSE,am,mid,3,2401,2400,2.0
2025-04-03,588000.SSE,am,mid,15,481,480,2.0
2025-04-03,588000.SSE,am,mid,30,241,240,2.0
2025-04-03,588000.SSE,am,mid,60,121,120,2.0
2025-04-03,588000.SSE,am,mid,300,25,24,2.0
2025-04-03,588000.SSE,am,last,3,2401,2400,2.0
2025-04-03,588000.SSE,am,last,15,481,480,2.0
2025-04-03,588000.SSE,am,last,30,241,240,2.0
2025-04-03,588000.SSE,am,last,60,121,120,2.0
2025-04-03,588000.SSE,am,last,300,25,24,2.0
2025-04-03,588000.SSE,pm,mid,3,2401,2400,2.0
2025-04-03,588000.SSE,pm,mid,15,481,480,2.0
2025-04-03,588000.SSE,pm,mid,30,241,240,2.0
2025-04-03,588000.SSE,pm,mid,60,121,120,2.0
2025-04-03,588000.SSE,pm,mid,300,25,24,2.0
2025-04-03,588000.SSE,pm,last,3,2401,2400,2.0
2025-04-03,588000.SSE,pm,last,15,481,480,2.0
2025-04-03,588000.SSE,pm,last,30,241,240,2.0
2025-04-03,588000.SSE,pm,last,60,121,120,2.0
2025-04-03,588000.SSE,pm,last,300,25,24,2.0
2025-04-03,588080.SSE,am,mid,3,2401,2396,2.0
2025-04-03,588080.SSE,am,mid,15,481,479,2.0
2025-04-03,588080.SSE,am,mid,30,241,239,2.0
2025-04-03,588080.SSE,am,mid,60,121,119,2.0
2025-04-03,588080.SSE,am,mid,300,25,24,2.0
2025-04-03,588080.SSE,am,last,3,2401,2396,2.0
2025-04-03,588080.SSE,am,last,15,481,479,2.0
2025-04-03,588080.SSE,am,last,30,241,239,2.0
2025-04-03,588080.SSE,am,last,60,121,119,2.0
2025-04-03,588080.SSE,am,last,300,25,24,2.0
2025-04-03,588080.SSE,pm,mid,3,2401,2398,2.0
2025-04-03,588080.SSE,pm,mid,15,481,480,2.0
2025-04-03,588080.SSE,pm,mid,30,241,240,2.0
2025-04-03,588080.SSE,pm,mid,60,121,120,2.0
2025-04-03,588080.SSE,pm,mid,300,25,24,2.0
2025-04-03,588080.SSE,pm,last,3,2401,2398,2.0
2025-04-03,588080.SSE,pm,last,15,481,480,2.0
2025-04-03,588080.SSE,pm,last,30,241,240,2.0
2025-04-03,588080.SSE,pm,last,60,121,120,2.0
2025-04-03,588080.SSE,pm,last,300,25,24,2.0
2025-04-07,588000.SSE,am,mid,3,2401,2400,1.0
2025-04-07,588000.SSE,am,mid,15,481,480,1.0
2025-04-07,588000.SSE,am,mid,30,241,240,1.0
2025-04-07,588000.SSE,am,mid,60,121,120,1.0
2025-04-07,588000.SSE,am,mid,300,25,24,1.0
2025-04-07,588000.SSE,am,last,3,2401,2400,1.0
2025-04-07,588000.SSE,am,last,15,481,480,1.0
2025-04-07,588000.SSE,am,last,30,241,240,1.0
2025-04-07,588000.SSE,am,last,60,121,120,1.0
2025-04-07,588000.SSE,am,last,300,25,24,1.0
2025-04-07,588000.SSE,pm,mid,3,2401,2400,1.0
2025-04-07,588000.SSE,pm,mid,15,481,480,1.0
2025-04-07,588000.SSE,pm,mid,30,241,240,1.0
2025-04-07,588000.SSE,pm,mid,60,121,120,1.0
2025-04-07,588000.SSE,pm,mid,300,25,24,1.0
2025-04-07,588000.SSE,pm,last,3,2401,2400,1.0
2025-04-07,588000.SSE,pm,last,15,481,480,1.0
2025-04-07,588000.SSE,pm,last,30,241,240,1.0
2025-04-07,588000.SSE,pm,last,60,121,120,1.0
2025-04-07,588000.SSE,pm,last,300,25,24,1.0
2025-04-07,588080.SSE,am,mid,3,2401,2400,1.0
2025-04-07,588080.SSE,am,mid,15,481,480,1.0
2025-04-07,588080.SSE,am,mid,30,241,240,1.0
2025-04-07,588080.SSE,am,mid,60,121,120,1.0
2025-04-07,588080.SSE,am,mid,300,25,24,1.0
2025-04-07,588080.SSE,am,last,3,2401,2400,1.0
2025-04-07,588080.SSE,am,last,15,481,480,1.0
2025-04-07,588080.SSE,am,last,30,241,240,1.0
2025-04-07,588080.SSE,am,last,60,121,120,1.0
2025-04-07,588080.SSE,am,last,300,25,24,1.0
2025-04-07,588080.SSE,pm,mid,3,2401,2400,1.0
2025-04-07,588080.SSE,pm,mid,15,481,480,1.0
2025-04-07,588080.SSE,pm,mid,30,241,240,1.0
2025-04-07,588080.SSE,pm,mid,60,121,120,1.0
2025-04-07,588080.SSE,pm,mid,300,25,24,1.0
2025-04-07,588080.SSE,pm,last,3,2401,2400,1.0
2025-04-07,588080.SSE,pm,last,15,481,480,1.0
2025-04-07,588080.SSE,pm,last,30,241,240,1.0
2025-04-07,588080.SSE,pm,last,60,121,120,1.0
2025-04-07,588080.SSE,pm,last,300,25,24,1.0
2025-04-08,588000.SSE,am,mid,3,2401,2400,2.0
2025-04-08,588000.SSE,am,mid,15,481,480,2.0
2025-04-08,588000.SSE,am,mid,30,241,240,2.0
2025-04-08,588000.SSE,am,mid,60,121,120,2.0
2025-04-08,588000.SSE,am,mid,300,25,24,2.0
2025-04-08,588000.SSE,am,last,3,2401,2400,2.0
2025-04-08,588000.SSE,am,last,15,481,480,2.0
2025-04-08,588000.SSE,am,last,30,241,240,2.0
2025-04-08,588000.SSE,am,last,60,121,120,2.0
2025-04-08,588000.SSE,am,last,300,25,24,2.0
2025-04-08,588000.SSE,pm,mid,3,2401,2400,2.0
2025-04-08,588000.SSE,pm,mid,15,481,480,2.0
2025-04-08,588000.SSE,pm,mid,30,241,240,2.0
2025-04-08,588000.SSE,pm,mid,60,121,120,2.0
2025-04-08,588000.SSE,pm,mid,300,25,24,2.0
2025-04-08,588000.SSE,pm,last,3,2401,2400,2.0
2025-04-08,588000.SSE,pm,last,15,481,480,2.0
2025-04-08,588000.SSE,pm,last,30,241,240,2.0
2025-04-08,588000.SSE,pm,last,60,121,120,2.0
2025-04-08,588000.SSE,pm,last,300,25,24,2.0
2025-04-08,588080.SSE,am,mid,3,2401,2400,1.0
2025-04-08,588080.SSE,am,mid,15,481,480,1.0
2025-04-08,588080.SSE,am,mid,30,241,240,1.0
2025-04-08,588080.SSE,am,mid,60,121,120,1.0
2025-04-08,588080.SSE,am,mid,300,25,24,1.0
2025-04-08,588080.SSE,am,last,3,2401,2400,1.0
2025-04-08,588080.SSE,am,last,15,481,480,1.0
2025-04-08,588080.SSE,am,last,30,241,240,1.0
2025-04-08,588080.SSE,am,last,60,121,120,1.0
2025-04-08,588080.SSE,am,last,300,25,24,1.0
2025-04-08,588080.SSE,pm,mid,3,2401,2400,1.0
2025-04-08,588080.SSE,pm,mid,15,481,480,1.0
2025-04-08,588080.SSE,pm,mid,30,241,240,1.0
2025-04-08,588080.SSE,pm,mid,60,121,120,1.0
2025-04-08,588080.SSE,pm,mid,300,25,24,1.0
2025-04-08,588080.SSE,pm,last,3,2401,2400,1.0
2025-04-08,588080.SSE,pm,last,15,481,480,1.0
2025-04-08,588080.SSE,pm,last,30,241,240,1.0
2025-04-08,588080.SSE,pm,last,60,121,120,1.0
2025-04-08,588080.SSE,pm,last,300,25,24,1.0
2025-04-09,588000.SSE,am,mid,3,2401,2400,1.0
2025-04-09,588000.SSE,am,mid,15,481,480,1.0
2025-04-09,588000.SSE,am,mid,30,241,240,1.0
2025-04-09,588000.SSE,am,mid,60,121,120,1.0
2025-04-09,588000.SSE,am,mid,300,25,24,1.0
2025-04-09,588000.SSE,am,last,3,2401,2400,1.0
2025-04-09,588000.SSE,am,last,15,481,480,1.0
2025-04-09,588000.SSE,am,last,30,241,240,1.0
2025-04-09,588000.SSE,am,last,60,121,120,1.0
2025-04-09,588000.SSE,am,last,300,25,24,1.0
2025-04-09,588000.SSE,pm,mid,3,2401,2400,1.0
2025-04-09,588000.SSE,pm,mid,15,481,480,1.0
2025-04-09,588000.SSE,pm,mid,30,241,240,1.0
2025-04-09,588000.SSE,pm,mid,60,121,120,1.0
2025-04-09,588000.SSE,pm,mid,300,25,24,1.0
2025-04-09,588000.SSE,pm,last,3,2401,2400,1.0
2025-04-09,588000.SSE,pm,last,15,481,480,1.0
2025-04-09,588000.SSE,pm,last,30,241,240,1.0
2025-04-09,588000.SSE,pm,last,60,121,120,1.0
2025-04-09,588000.SSE,pm,last,300,25,24,1.0
2025-04-09,588080.SSE,am,mid,3,2401,2401,0.0
2025-04-09,588080.SSE,am,mid,15,481,481,0.0
2025-04-09,588080.SSE,am,mid,30,241,241,0.0
2025-04-09,588080.SSE,am,mid,60,121,121,0.0
2025-04-09,588080.SSE,am,mid,300,25,25,0.0
2025-04-09,588080.SSE,am,last,3,2401,2401,0.0
2025-04-09,588080.SSE,am,last,15,481,481,0.0
2025-04-09,588080.SSE,am,last,30,241,241,0.0
2025-04-09,588080.SSE,am,last,60,121,121,0.0
2025-04-09,588080.SSE,am,last,300,25,25,0.0
2025-04-09,588080.SSE,pm,mid,3,2401,2401,0.0
2025-04-09,588080.SSE,pm,mid,15,481,481,0.0
2025-04-09,588080.SSE,pm,mid,30,241,241,0.0
2025-04-09,588080.SSE,pm,mid,60,121,121,0.0
2025-04-09,588080.SSE,pm,mid,300,25,25,0.0
2025-04-09,588080.SSE,pm,last,3,2401,2401,0.0
2025-04-09,588080.SSE,pm,last,15,481,481,0.0
2025-04-09,588080.SSE,pm,last,30,241,241,0.0
2025-04-09,588080.SSE,pm,last,60,121,121,0.0
2025-04-09,588080.SSE,pm,last,300,25,25,0.0
2025-04-10,588000.SSE,am,mid,3,2401,2401,0.0
2025-04-10,588000.SSE,am,mid,15,481,481,0.0
2025-04-10,588000.SSE,am,mid,30,241,241,0.0
2025-04-10,588000.SSE,am,mid,60,121,121,0.0
2025-04-10,588000.SSE,am,mid,300,25,25,0.0
2025-04-10,588000.SSE,am,last,3,2401,2401,0.0
2025-04-10,588000.SSE,am,last,15,481,481,0.0
2025-04-10,588000.SSE,am,last,30,241,241,0.0
2025-04-10,588000.SSE,am,last,60,121,121,0.0
2025-04-10,588000.SSE,am,last,300,25,25,0.0
2025-04-10,588000.SSE,pm,mid,3,2401,2401,0.0
2025-04-10,588000.SSE,pm,mid,15,481,481,0.0
2025-04-10,588000.SSE,pm,mid,30,241,241,0.0
2025-04-10,588000.SSE,pm,mid,60,121,121,0.0
2025-04-10,588000.SSE,pm,mid,300,25,25,0.0
2025-04-10,588000.SSE,pm,last,3,2401,2401,0.0
2025-04-10,588000.SSE,pm,last,15,481,481,0.0
2025-04-10,588000.SSE,pm,last,30,241,241,0.0
2025-04-10,588000.SSE,pm,last,60,121,121,0.0
2025-04-10,588000.SSE,pm,last,300,25,25,0.0
2025-04-10,588080.SSE,am,mid,3,2401,2399,2.0
2025-04-10,588080.SSE,am,mid,15,481,480,2.0
2025-04-10,588080.SSE,am,mid,30,241,240,2.0
2025-04-10,588080.SSE,am,mid,60,121,120,2.0
2025-04-10,588080.SSE,am,mid,300,25,24,2.0
2025-04-10,588080.SSE,am,last,3,2401,2399,2.0
2025-04-10,588080.SSE,am,last,15,481,480,2.0
2025-04-10,588080.SSE,am,last,30,241,240,2.0
2025-04-10,588080.SSE,am,last,60,121,120,2.0
2025-04-10,588080.SSE,am,last,300,25,24,2.0
2025-04-10,588080.SSE,pm,mid,3,2401,2400,2.0
2025-04-10,588080.SSE,pm,mid,15,481,480,2.0
2025-04-10,588080.SSE,pm,mid,30,241,240,2.0
2025-04-10,588080.SSE,pm,mid,60,121,120,2.0
2025-04-10,588080.SSE,pm,mid,300,25,24,2.0
2025-04-10,588080.SSE,pm,last,3,2401,2400,2.0
2025-04-10,588080.SSE,pm,last,15,481,480,2.0
2025-04-10,588080.SSE,pm,last,30,241,240,2.0
2025-04-10,588080.SSE,pm,last,60,121,120,2.0
2025-04-10,588080.SSE,pm,last,300,25,24,2.0
2025-04-11,588000.SSE,am,mid,3,2401,2400,2.0
2025-04-11,588000.SSE,am,mid,15,481,480,2.0
2025-04-11,588000.SSE,am,mid,30,241,240,2.0
2025-04-11,588000.SSE,am,mid,60,121,120,2.0
2025-04-11,588000.SSE,am,mid,300,25,24,2.0
2025-04-11,588000.SSE,am,last,3,2401,2400,2.0
2025-04-11,588000.SSE,am,last,15,481,480,2.0
2025-04-11,588000.SSE,am,last,30,241,240,2.0
2025-04-11,588000.SSE,am,last,60,121,120,2.0
2025-04-11,588000.SSE,am,last,300,25,24,2.0
2025-04-11,588000.SSE,pm,mid,3,2401,2400,2.0
2025-04-11,588000.SSE,pm,mid,15,481,480,2.0
2025-04-11,588000.SSE,pm,mid,30,241,240,2.0
2025-04-11,588000.SSE,pm,mid,60,121,120,2.0
2025-04-11,588000.SSE,pm,mid,300,25,24,2.0
2025-04-11,588000.SSE,pm,last,3,2401,2400,2.0
2025-04-11,588000.SSE,pm,last,15,481,480,2.0
2025-04-11,588000.SSE,pm,last,30,241,240,2.0
2025-04-11,588000.SSE,pm,last,60,121,120,2.0
2025-04-11,588000.SSE,pm,last,300,25,24,2.0
2025-04-11,588080.SSE,am,mid,3,2401,2401,0.0024989587671803417
2025-04-11,588080.SSE,am,mid,15,481,481,0.012474012474012475
2025-04-11,588080.SSE,am,mid,30,241,241,0.0
2025-04-11,588080.SSE,am,mid,60,121,121,0.0
2025-04-11,588080.SSE,am,mid,300,25,25,0.0
2025-04-11,588080.SSE,am,last,3,2401,2401,0.0024989587671803417
2025-04-11,588080.SSE,am,last,15,481,481,0.012474012474012475
2025-04-11,588080.SSE,am,last,30,241,241,0.0
2025-04-11,588080.SSE,am,last,60,121,121,0.0
2025-04-11,588080.SSE,am,last,300,25,25,0.0
2025-04-11,588080.SSE,pm,mid,3,2401,2401,0.0
2025-04-11,588080.SSE,pm,mid,15,481,481,0.0
2025-04-11,588080.SSE,pm,mid,30,241,241,0.0
2025-04-11,588080.SSE,pm,mid,60,121,121,0.0
2025-04-11,588080.SSE,pm,mid,300,25,25,0.0
2025-04-11,588080.SSE,pm,last,3,2401,2401,0.0
2025-04-11,588080.SSE,pm,last,15,481,481,0.0
2025-04-11,588080.SSE,pm,last,30,241,241,0.0
2025-04-11,588080.SSE,pm,last,60,121,121,0.0
2025-04-11,588080.SSE,pm,last,300,25,25,0.0
2025-04-14,588000.SSE,am,mid,3,2401,2400,1.0
2025-04-14,588000.SSE,am,mid,15,481,480,1.0
2025-04-14,588000.SSE,am,mid,30,241,240,1.0
2025-04-14,588000.SSE,am,mid,60,121,120,1.0
2025-04-14,588000.SSE,am,mid,300,25,24,1.0
2025-04-14,588000.SSE,am,last,3,2401,2400,1.0
2025-04-14,588000.SSE,am,last,15,481,480,1.0
2025-04-14,588000.SSE,am,last,30,241,240,1.0
2025-04-14,588000.SSE,am,last,60,121,120,1.0
2025-04-14,588000.SSE,am,last,300,25,24,1.0
2025-04-14,588000.SSE,pm,mid,3,2401,2400,1.0
2025-04-14,588000.SSE,pm,mid,15,481,480,1.0
2025-04-14,588000.SSE,pm,mid,30,241,240,1.0
2025-04-14,588000.SSE,pm,mid,60,121,120,1.0
2025-04-14,588000.SSE,pm,mid,300,25,24,1.0
2025-04-14,588000.SSE,pm,last,3,2401,2400,1.0
2025-04-14,588000.SSE,pm,last,15,481,480,1.0
2025-04-14,588000.SSE,pm,last,30,241,240,1.0
2025-04-14,588000.SSE,pm,last,60,121,120,1.0
2025-04-14,588000.SSE,pm,last,300,25,24,1.0
2025-04-14,588080.SSE,am,mid,3,2401,2401,0.0012494793835901709
2025-04-14,588080.SSE,am,mid,15,481,481,0.0
2025-04-14,588080.SSE,am,mid,30,241,241,0.0
2025-04-14,588080.SSE,am,mid,60,121,121,0.0
2025-04-14,588080.SSE,am,mid,300,25,25,0.0
2025-04-14,588080.SSE,am,last,3,2401,2401,0.0012494793835901709
2025-04-14,588080.SSE,am,last,15,481,481,0.0
2025-04-14,588080.SSE,am,last,30,241,241,0.0
2025-04-14,588080.SSE,am,last,60,121,121,0.0
2025-04-14,588080.SSE,am,last,300,25,25,0.0
2025-04-14,588080.SSE,pm,mid,3,2401,2401,0.007496876301541024
2025-04-14,588080.SSE,pm,mid,15,481,481,0.018711018711018712
2025-04-14,588080.SSE,pm,mid,30,241,241,0.03734439834024896
2025-04-14,588080.SSE,pm,mid,60,121,121,0.024793388429752067
2025-04-14,588080.SSE,pm,mid,300,25,25,0.12
2025-04-14,588080.SSE,pm,last,3,2401,2401,0.007496876301541024
2025-04-14,588080.SSE,pm,last,15,481,481,0.018711018711018712
2025-04-14,588080.SSE,pm,last,30,241,241,0.03734439834024896
2025-04-14,588080.SSE,pm,last,60,121,121,0.024793388429752067
2025-04-14,588080.SSE,pm,last,300,25,25,0.12
2025-04-15,588000.SSE,am,mid,3,2401,2400,1.7516666666666667
2025-04-15,588000.SSE,am,mid,15,481,480,1.75625
2025-04-15,588000.SSE,am,mid,30,241,240,1.7458333333333333
2025-04-15,588000.SSE,am,mid,60,121,120,1.7916666666666667
2025-04-15,588000.SSE,am,mid,300,25,24,1.7916666666666667
2025-04-15,588000.SSE,am,last,3,2401,2400,1.7516666666666667
2025-04-15,588000.SSE,am,last,15,481,480,1.75625
2025-04-15,588000.SSE,am,last,30,241,240,1.7458333333333333
2025-04-15,588000.SSE,am,last,60,121,120,1.7916666666666667
2025-04-15,588000.SSE,am,last,300,25,24,1.7916666666666667
2025-04-15,588000.SSE,pm,mid,3,2401,2400,1.7291666666666667
2025-04-15,588000.SSE,pm,mid,15,481,480,1.7458333333333333
2025-04-15,588000.SSE,pm,mid,30,241,240,1.7583333333333333
2025-04-15,588000.SSE,pm,mid,60,121,120,1.7833333333333334
2025-04-15,588000.SSE,pm,mid,300,25,24,1.75
2025-04-15,588000.SSE,pm,last,3,2401,2400,1.7291666666666667
2025-04-15,588000.SSE,pm,last,15,481,480,1.7458333333333333
2025-04-15,588000.SSE,pm,last,30,241,240,1.7583333333333333
2025-04-15,588000.SSE,pm,last,60,121,120,1.7833333333333334
2025-04-15,588000.SSE,pm,last,300,25,24,1.75
2025-04-15,588080.SSE,am,mid,3,2401,2397,1.9995828118481436
2025-04-15,588080.SSE,am,mid,15,481,479,1.9979123173277662
2025-04-15,588080.SSE,am,mid,30,241,240,1.9958333333333333
2025-04-15,588080.SSE,am,mid,60,121,120,1.9916666666666667
2025-04-15,588080.SSE,am,mid,300,25,24,1.9583333333333333
2025-04-15,588080.SSE,am,last,3,2401,2397,1.9995828118481436
2025-04-15,588080.SSE,am,last,15,481,479,1.9979123173277662
2025-04-15,588080.SSE,am,last,30,241,240,1.9958333333333333
2025-04-15,588080.SSE,am,last,60,121,120,1.9916666666666667
2025-04-15,588080.SSE,am,last,300,25,24,1.9583333333333333
2025-04-15,588080.SSE,pm,mid,3,2401,2397,2.0
2025-04-15,588080.SSE,pm,mid,15,481,480,2.0
2025-04-15,588080.SSE,pm,mid,30,241,240,2.0
2025-04-15,588080.SSE,pm,mid,60,121,120,2.0
2025-04-15,588080.SSE,pm,mid,300,25,24,2.0
2025-04-15,588080.SSE,pm,last,3,2401,2397,2.0
2025-04-15,588080.SSE,pm,last,15,481,480,2.0
2025-04-15,588080.SSE,pm,last,30,241,240,2.0
2025-04-15,588080.SSE,pm,last,60,121,120,2.0
2025-04-15,588080.SSE,pm,last,300,25,24,2.0
2025-04-16,588000.SSE,am,mid,3,2401,2400,1.0
2025-04-16,588000.SSE,am,mid,15,481,480,1.0
2025-04-16,588000.SSE,am,mid,30,241,240,1.0
2025-04-16,588000.SSE,am,mid,60,121,120,1.0
2025-04-16,588000.SSE,am,mid,300,25,24,1.0
2025-04-16,588000.SSE,am,last,3,2401,2400,1.0
2025-04-16,588000.SSE,am,last,15,481,480,1.0
2025-04-16,588000.SSE,am,last,30,241,240,1.0
2025-04-16,588000.SSE,am,last,60,121,120,1.0
2025-04-16,588000.SSE,am,last,300,25,24,1.0
2025-04-16,588000.SSE,pm,mid,3,2401,2400,1.0
2025-04-16,588000.SSE,pm,mid,15,481,480,1.0
2025-04-16,588000.SSE,pm,mid,30,241,240,1.0
2025-04-16,588000.SSE,pm,mid,60,121,120,1.0
2025-04-16,588000.SSE,pm,mid,300,25,24,1.0
2025-04-16,588000.SSE,pm,last,3,2401,2400,1.0
2025-04-16,588000.SSE,pm,last,15,481,480,1.0
2025-04-16,588000.SSE,pm,last,30,241,240,1.0
2025-04-16,588000.SSE,pm,last,60,121,120,1.0
2025-04-16,588000.SSE,pm,last,300,25,24,1.0
2025-04-16,588080.SSE,am,mid,3,2401,2401,0.012494793835901708
2025-04-16,588080.SSE,am,mid,15,481,481,0.02494802494802495
2025-04-16,588080.SSE,am,mid,30,241,241,0.012448132780082987
2025-04-16,588080.SSE,am,mid,60,121,121,0.024793388429752067
2025-04-16,588080.SSE,am,mid,300,25,25,0.0
2025-04-16,588080.SSE,am,last,3,2401,2401,0.012494793835901708
2025-04-16,588080.SSE,am,last,15,481,481,0.02494802494802495
2025-04-16,588080.SSE,am,last,30,241,241,0.012448132780082987
2025-04-16,588080.SSE,am,last,60,121,121,0.024793388429752067
2025-04-16,588080.SSE,am,last,300,25,25,0.0
2025-04-16,588080.SSE,pm,mid,3,2401,2401,0.022490628904623073
2025-04-16,588080.SSE,pm,mid,15,481,481,0.018711018711018712
2025-04-16,588080.SSE,pm,mid,30,241,241,0.012448132780082987
2025-04-16,588080.SSE,pm,mid,60,121,121,0.024793388429752067
2025-04-16,588080.SSE,pm,mid,300,25,25,0.12
2025-04-16,588080.SSE,pm,last,3,2401,2401,0.022490628904623073
2025-04-16,588080.SSE,pm,last,15,481,481,0.018711018711018712
2025-04-16,588080.SSE,pm,last,30,241,241,0.012448132780082987
2025-04-16,588080.SSE,pm,last,60,121,121,0.024793388429752067
2025-04-16,588080.SSE,pm,last,300,25,25,0.12
2025-04-17,588000.SSE,am,mid,3,2401,2400,1.0
2025-04-17,588000.SSE,am,mid,15,481,480,1.0
2025-04-17,588000.SSE,am,mid,30,241,240,1.0
2025-04-17,588000.SSE,am,mid,60,121,120,1.0
2025-04-17,588000.SSE,am,mid,300,25,24,1.0
2025-04-17,588000.SSE,am,last,3,2401,2400,1.0
2025-04-17,588000.SSE,am,last,15,481,480,1.0
2025-04-17,588000.SSE,am,last,30,241,240,1.0
2025-04-17,588000.SSE,am,last,60,121,120,1.0
2025-04-17,588000.SSE,am,last,300,25,24,1.0
2025-04-17,588000.SSE,pm,mid,3,2401,2400,1.0
2025-04-17,588000.SSE,pm,mid,15,481,480,1.0
2025-04-17,588000.SSE,pm,mid,30,241,240,1.0
2025-04-17,588000.SSE,pm,mid,60,121,120,1.0
2025-04-17,588000.SSE,pm,mid,300,25,24,1.0
2025-04-17,588000.SSE,pm,last,3,2401,2400,1.0
2025-04-17,588000.SSE,pm,last,15,481,480,1.0
2025-04-17,588000.SSE,pm,last,30,241,240,1.0
2025-04-17,588000.SSE,pm,last,60,121,120,1.0
2025-04-17,588000.SSE,pm,last,300,25,24,1.0
2025-04-17,588080.SSE,am,mid,3,2401,2390,1.0
2025-04-17,588080.SSE,am,mid,15,481,476,1.0
2025-04-17,588080.SSE,am,mid,30,241,238,1.0
2025-04-17,588080.SSE,am,mid,60,121,119,1.0
2025-04-17,588080.SSE,am,mid,300,25,24,1.0
2025-04-17,588080.SSE,am,last,3,2401,2390,1.0
2025-04-17,588080.SSE,am,last,15,481,476,1.0
2025-04-17,588080.SSE,am,last,30,241,238,1.0
2025-04-17,588080.SSE,am,last,60,121,119,1.0
2025-04-17,588080.SSE,am,last,300,25,24,1.0
2025-04-17,588080.SSE,pm,mid,3,2401,2379,1.0
2025-04-17,588080.SSE,pm,mid,15,481,478,1.0
2025-04-17,588080.SSE,pm,mid,30,241,240,1.0
2025-04-17,588080.SSE,pm,mid,60,121,120,1.0
2025-04-17,588080.SSE,pm,mid,300,25,24,1.0
2025-04-17,588080.SSE,pm,last,3,2401,2379,1.0
2025-04-17,588080.SSE,pm,last,15,481,478,1.0
2025-04-17,588080.SSE,pm,last,30,241,240,1.0
2025-04-17,588080.SSE,pm,last,60,121,120,1.0
2025-04-17,588080.SSE,pm,last,300,25,24,1.0
2025-04-18,588000.SSE,am,mid,3,2401,2400,2.0
2025-04-18,588000.SSE,am,mid,15,481,480,2.0
2025-04-18,588000.SSE,am,mid,30,241,240,2.0
2025-04-18,588000.SSE,am,mid,60,121,120,2.0
2025-04-18,588000.SSE,am,mid,300,25,24,2.0
2025-04-18,588000.SSE,am,last,3,2401,2400,2.0
2025-04-18,588000.SSE,am,last,15,481,480,2.0
2025-04-18,588000.SSE,am,last,30,241,240,2.0
2025-04-18,588000.SSE,am,last,60,121,120,2.0
2025-04-18,588000.SSE,am,last,300,25,24,2.0
2025-04-18,588000.SSE,pm,mid,3,2401,2400,2.0
2025-04-18,588000.SSE,pm,mid,15,481,480,2.0
2025-04-18,588000.SSE,pm,mid,30,241,240,2.0
2025-04-18,588000.SSE,pm,mid,60,121,120,2.0
2025-04-18,588000.SSE,pm,mid,300,25,24,2.0
2025-04-18,588000.SSE,pm,last,3,2401,2400,2.0
2025-04-18,588000.SSE,pm,last,15,481,480,2.0
2025-04-18,588000.SSE,pm,last,30,241,240,2.0
2025-04-18,588000.SSE,pm,last,60,121,120,2.0
2025-04-18,588000.SSE,pm,last,300,25,24,2.0
2025-04-18,588080.SSE,am,mid,3,2401,2401,0.024989587671803416
2025-04-18,588080.SSE,am,mid,15,481,481,0.018711018711018712
2025-04-18,588080.SSE,am,mid,30,241,241,0.012448132780082987
2025-04-18,588080.SSE,am,mid,60,121,121,0.0
2025-04-18,588080.SSE,am,mid,300,25,25,0.0
2025-04-18,588080.SSE,am,last,3,2401,2401,0.024989587671803416
2025-04-18,588080.SSE,am,last,15,481,481,0.018711018711018712
2025-04-18,588080.SSE,am,last,30,241,241,0.012448132780082987
2025-04-18,588080.SSE,am,last,60,121,121,0.0
2025-04-18,588080.SSE,am,last,300,25,25,0.0
2025-04-18,588080.SSE,pm,mid,3,2401,2400,0.03125
2025-04-18,588080.SSE,pm,mid,15,481,481,0.006237006237006237
2025-04-18,588080.SSE,pm,mid,30,241,241,0.0
2025-04-18,588080.SSE,pm,mid,60,121,121,0.0
2025-04-18,588080.SSE,pm,mid,300,25,25,0.0
2025-04-18,588080.SSE,pm,last,3,2401,2400,0.03125
2025-04-18,588080.SSE,pm,last,15,481,481,0.006237006237006237
2025-04-18,588080.SSE,pm,last,30,241,241,0.0
2025-04-18,588080.SSE,pm,last,60,121,121,0.0
2025-04-18,588080.SSE,pm,last,300,25,25,0.0
2025-04-21,588000.SSE,am,mid,3,2401,2401,0.0
2025-04-21,588000.SSE,am,mid,15,481,481,0.0
2025-04-21,588000.SSE,am,mid,30,241,241,0.0
2025-04-21,588000.SSE,am,mid,60,121,121,0.0
2025-04-21,588000.SSE,am,mid,300,25,25,0.0
2025-04-21,588000.SSE,am,last,3,2401,2401,0.0
2025-04-21,588000.SSE,am,last,15,481,481,0.0
2025-04-21,588000.SSE,am,last,30,241,241,0.0
2025-04-21,588000.SSE,am,last,60,121,121,0.0
2025-04-21,588000.SSE,am,last,300,25,25,0.0
2025-04-21,588000.SSE,pm,mid,3,2401,2401,0.0
2025-04-21,588000.SSE,pm,mid,15,481,481,0.0
2025-04-21,588000.SSE,pm,mid,30,241,241,0.0
2025-04-21,588000.SSE,pm,mid,60,121,121,0.0
2025-04-21,588000.SSE,pm,mid,300,25,25,0.0
2025-04-21,588000.SSE,pm,last,3,2401,2401,0.0
2025-04-21,588000.SSE,pm,last,15,481,481,0.0
2025-04-21,588000.SSE,pm,last,30,241,241,0.0
2025-04-21,588000.SSE,pm,last,60,121,121,0.0
2025-04-21,588000.SSE,pm,last,300,25,25,0.0
2025-04-21,588080.SSE,am,mid,3,2401,2375,2.0
2025-04-21,588080.SSE,am,mid,15,481,476,2.0
2025-04-21,588080.SSE,am,mid,30,241,238,2.0
2025-04-21,588080.SSE,am,mid,60,121,119,2.0
2025-04-21,588080.SSE,am,mid,300,25,24,2.0
2025-04-21,588080.SSE,am,last,3,2401,2375,2.0
2025-04-21,588080.SSE,am,last,15,481,476,2.0
2025-04-21,588080.SSE,am,last,30,241,238,2.0
2025-04-21,588080.SSE,am,last,60,121,119,2.0
2025-04-21,588080.SSE,am,last,300,25,24,2.0
2025-04-21,588080.SSE,pm,mid,3,2401,2389,2.0
2025-04-21,588080.SSE,pm,mid,15,481,477,2.0
2025-04-21,588080.SSE,pm,mid,30,241,239,2.0
2025-04-21,588080.SSE,pm,mid,60,121,120,2.0
2025-04-21,588080.SSE,pm,mid,300,25,24,2.0
2025-04-21,588080.SSE,pm,last,3,2401,2389,2.0
2025-04-21,588080.SSE,pm,last,15,481,477,2.0
2025-04-21,588080.SSE,pm,last,30,241,239,2.0
2025-04-21,588080.SSE,pm,last,60,121,120,2.0
2025-04-21,588080.SSE,pm,last,300,25,24,2.0
2025-04-22,588000.SSE,am,mid,3,2401,2400,2.0
2025-04-22,588000.SSE,am,mid,15,481,480,2.0
2025-04-22,588000.SSE,am,mid,30,241,240,2.0
2025-04-22,588000.SSE,am,mid,60,121,120,2.0
2025-04-22,588000.SSE,am,mid,300,25,24,2.0
2025-04-22,588000.SSE,am,last,3,2401,2400,2.0
2025-04-22,588000.SSE,am,last,15,481,480,2.0
2025-04-22,588000.SSE,am,last,30,241,240,2.0
2025-04-22,588000.SSE,am,last,60,121,120,2.0
2025-04-22,588000.SSE,am,last,300,25,24,2.0
2025-04-22,588000.SSE,pm,mid,3,2401,2400,2.0
2025-04-22,588000.SSE,pm,mid,15,481,480,2.0
2025-04-22,588000.SSE,pm,mid,30,241,240,2.0
2025-04-22,588000.SSE,pm,mid,60,121,120,2.0
2025-04-22,588000.SSE,pm,mid,300,25,24,2.0
2025-04-22,588000.SSE,pm,last,3,2401,2400,2.0
2025-04-22,588000.SSE,pm,last,15,481,480,2.0
2025-04-22,588000.SSE,pm,last,30,241,240,2.0
2025-04-22,588000.SSE,pm,last,60,121,120,2.0
2025-04-22,588000.SSE,pm,last,300,25,24,2.0
2025-04-22,588080.SSE,am,mid,3,2401,2368,1.0
2025-04-22,588080.SSE,am,mid,15,481,474,1.0
2025-04-22,588080.SSE,am,mid,30,241,236,1.0
2025-04-22,588080.SSE,am,mid,60,121,117,1.0
2025-04-22,588080.SSE,am,mid,300,25,22,1.0
2025-04-22,588080.SSE,am,last,3,2401,2368,1.0
2025-04-22,588080.SSE,am,last,15,481,474,1.0
2025-04-22,588080.SSE,am,last,30,241,236,1.0
2025-04-22,588080.SSE,am,last,60,121,117,1.0
2025-04-22,588080.SSE,am,last,300,25,22,1.0
2025-04-22,588080.SSE,pm,mid,3,2401,2379,1.0
2025-04-22,588080.SSE,pm,mid,15,481,476,1.0
2025-04-22,588080.SSE,pm,mid,30,241,239,1.0
2025-04-22,588080.SSE,pm,mid,60,121,119,1.0
2025-04-22,588080.SSE,pm,mid,300,25,24,1.0
2025-04-22,588080.SSE,pm,last,3,2401,2379,1.0
2025-04-22,588080.SSE,pm,last,15,481,476,1.0
2025-04-22,588080.SSE,pm,last,30,241,239,1.0
2025-04-22,588080.SSE,pm,last,60,121,119,1.0
2025-04-22,588080.SSE,pm,last,300,25,24,1.0
2025-04-23,588000.SSE,am,mid,3,2401,2401,0.0
2025-04-23,588000.SSE,am,mid,15,481,481,0.0
2025-04-23,588000.SSE,am,mid,30,241,241,0.0
2025-04-23,588000.SSE,am,mid,60,121,121,0.0
2025-04-23,588000.SSE,am,mid,300,25,25,0.0
2025-04-23,588000.SSE,am,last,3,2401,2401,0.0
2025-04-23,588000.SSE,am,last,15,481,481,0.0
2025-04-23,588000.SSE,am,last,30,241,241,0.0
2025-04-23,588000.SSE,am,last,60,121,121,0.0
2025-04-23,588000.SSE,am,last,300,25,25,0.0
2025-04-23,588000.SSE,pm,mid,3,2401,2401,0.0
2025-04-23,588000.SSE,pm,mid,15,481,481,0.0
2025-04-23,588000.SSE,pm,mid,30,241,241,0.0
2025-04-23,588000.SSE,pm,mid,60,121,121,0.0
2025-04-23,588000.SSE,pm,mid,300,25,25,0.0
2025-04-23,588000.SSE,pm,last,3,2401,2401,0.0
2025-04-23,588000.SSE,pm,last,15,481,481,0.0
2025-04-23,588000.SSE,pm,last,30,241,241,0.0
2025-04-23,588000.SSE,pm,last,60,121,121,0.0
2025-04-23,588000.SSE,pm,last,300,25,25,0.0
2025-04-23,588080.SSE,am,mid,3,2401,2389,1.0
2025-04-23,588080.SSE,am,mid,15,481,477,1.0
2025-04-23,588080.SSE,am,mid,30,241,238,1.0
2025-04-23,588080.SSE,am,mid,60,121,118,1.0
2025-04-23,588080.SSE,am,mid,300,25,23,1.0
2025-04-23,588080.SSE,am,last,3,2401,2389,1.0
2025-04-23,588080.SSE,am,last,15,481,477,1.0
2025-04-23,588080.SSE,am,last,30,241,238,1.0
2025-04-23,588080.SSE,am,last,60,121,118,1.0
2025-04-23,588080.SSE,am,last,300,25,23,1.0
2025-04-23,588080.SSE,pm,mid,3,2401,2394,1.0
2025-04-23,588080.SSE,pm,mid,15,481,479,1.0
2025-04-23,588080.SSE,pm,mid,30,241,240,1.0
2025-04-23,588080.SSE,pm,mid,60,121,120,1.0
2025-04-23,588080.SSE,pm,mid,300,25,24,1.0
2025-04-23,588080.SSE,pm,last,3,2401,2394,1.0
2025-04-23,588080.SSE,pm,last,15,481,479,1.0
2025-04-23,588080.SSE,pm,last,30,241,240,1.0
2025-04-23,588080.SSE,pm,last,60,121,120,1.0
2025-04-23,588080.SSE,pm,last,300,25,24,1.0
2025-04-24,588000.SSE,am,mid,3,2401,2401,0.0
2025-04-24,588000.SSE,am,mid,15,481,481,0.0
2025-04-24,588000.SSE,am,mid,30,241,241,0.0
2025-04-24,588000.SSE,am,mid,60,121,121,0.0
2025-04-24,588000.SSE,am,mid,300,25,25,0.0
2025-04-24,588000.SSE,am,last,3,2401,2401,0.0
2025-04-24,588000.SSE,am,last,15,481,481,0.0
2025-04-24,588000.SSE,am,last,30,241,241,0.0
2025-04-24,588000.SSE,am,last,60,121,121,0.0
2025-04-24,588000.SSE,am,last,300,25,25,0.0
2025-04-24,588000.SSE,pm,mid,3,2401,2401,0.0
2025-04-24,588000.SSE,pm,mid,15,481,481,0.0
2025-04-24,588000.SSE,pm,mid,30,241,241,0.0
2025-04-24,588000.SSE,pm,mid,60,121,121,0.0
2025-04-24,588000.SSE,pm,mid,300,25,25,0.0
2025-04-24,588000.SSE,pm,last,3,2401,2401,0.0
2025-04-24,588000.SSE,pm,last,15,481,481,0.0
2025-04-24,588000.SSE,pm,last,30,241,241,0.0
2025-04-24,588000.SSE,pm,last,60,121,121,0.0
2025-04-24,588000.SSE,pm,last,300,25,25,0.0
2025-04-24,588080.SSE,am,mid,3,2401,2398,1.0
2025-04-24,588080.SSE,am,mid,15,481,480,1.0
2025-04-24,588080.SSE,am,mid,30,241,240,1.0
2025-04-24,588080.SSE,am,mid,60,121,120,1.0
2025-04-24,588080.SSE,am,mid,300,25,24,1.0
2025-04-24,588080.SSE,am,last,3,2401,2398,1.0
2025-04-24,588080.SSE,am,last,15,481,480,1.0
2025-04-24,588080.SSE,am,last,30,241,240,1.0
2025-04-24,588080.SSE,am,last,60,121,120,1.0
2025-04-24,588080.SSE,am,last,300,25,24,1.0
2025-04-24,588080.SSE,pm,mid,3,2401,2377,1.0
2025-04-24,588080.SSE,pm,mid,15,481,477,1.0
2025-04-24,588080.SSE,pm,mid,30,241,240,1.0
2025-04-24,588080.SSE,pm,mid,60,121,120,1.0
2025-04-24,588080.SSE,pm,mid,300,25,24,1.0
2025-04-24,588080.SSE,pm,last,3,2401,2377,1.0
2025-04-24,588080.SSE,pm,last,15,481,477,1.0
2025-04-24,588080.SSE,pm,last,30,241,240,1.0
2025-04-24,588080.SSE,pm,last,60,121,120,1.0
2025-04-24,588080.SSE,pm,last,300,25,24,1.0
2025-04-25,588000.SSE,am,mid,3,2401,2401,0.0
2025-04-25,588000.SSE,am,mid,15,481,481,0.0
2025-04-25,588000.SSE,am,mid,30,241,241,0.0
2025-04-25,588000.SSE,am,mid,60,121,121,0.0
2025-04-25,588000.SSE,am,mid,300,25,25,0.0
2025-04-25,588000.SSE,am,last,3,2401,2401,0.0
2025-04-25,588000.SSE,am,last,15,481,481,0.0
2025-04-25,588000.SSE,am,last,30,241,241,0.0
2025-04-25,588000.SSE,am,last,60,121,121,0.0
2025-04-25,588000.SSE,am,last,300,25,25,0.0
2025-04-25,588000.SSE,pm,mid,3,2401,2401,0.0
2025-04-25,588000.SSE,pm,mid,15,481,481,0.0
2025-04-25,588000.SSE,pm,mid,30,241,241,0.0
2025-04-25,588000.SSE,pm,mid,60,121,121,0.0
2025-04-25,588000.SSE,pm,mid,300,25,25,0.0
2025-04-25,588000.SSE,pm,last,3,2401,2401,0.0
2025-04-25,588000.SSE,pm,last,15,481,481,0.0
2025-04-25,588000.SSE,pm,last,30,241,241,0.0
2025-04-25,588000.SSE,pm,last,60,121,121,0.0
2025-04-25,588000.SSE,pm,last,300,25,25,0.0
2025-04-25,588080.SSE,am,mid,3,2401,2391,2.0
2025-04-25,588080.SSE,am,mid,15,481,479,2.0
2025-04-25,588080.SSE,am,mid,30,241,239,2.0
2025-04-25,588080.SSE,am,mid,60,121,120,2.0
2025-04-25,588080.SSE,am,mid,300,25,24,2.0
2025-04-25,588080.SSE,am,last,3,2401,2391,2.0
2025-04-25,588080.SSE,am,last,15,481,479,2.0
2025-04-25,588080.SSE,am,last,30,241,239,2.0
2025-04-25,588080.SSE,am,last,60,121,120,2.0
2025-04-25,588080.SSE,am,last,300,25,24,2.0
2025-04-25,588080.SSE,pm,mid,3,2401,2371,2.0
2025-04-25,588080.SSE,pm,mid,15,481,472,2.0
2025-04-25,588080.SSE,pm,mid,30,241,234,2.0
2025-04-25,588080.SSE,pm,mid,60,121,115,2.0
2025-04-25,588080.SSE,pm,mid,300,25,23,2.0
2025-04-25,588080.SSE,pm,last,3,2401,2371,2.0
2025-04-25,588080.SSE,pm,last,15,481,472,2.0
2025-04-25,588080.SSE,pm,last,30,241,234,2.0
2025-04-25,588080.SSE,pm,last,60,121,115,2.0
2025-04-25,588080.SSE,pm,last,300,25,23,2.0
2025-04-28,588000.SSE,am,mid,3,2401,2401,0.0
2025-04-28,588000.SSE,am,mid,15,481,481,0.0
2025-04-28,588000.SSE,am,mid,30,241,241,0.0
2025-04-28,588000.SSE,am,mid,60,121,121,0.0
2025-04-28,588000.SSE,am,mid,300,25,25,0.0
2025-04-28,588000.SSE,am,last,3,2401,2401,0.0
2025-04-28,588000.SSE,am,last,15,481,481,0.0
2025-04-28,588000.SSE,am,last,30,241,241,0.0
2025-04-28,588000.SSE,am,last,60,121,121,0.0
2025-04-28,588000.SSE,am,last,300,25,25,0.0
2025-04-28,588000.SSE,pm,mid,3,2401,2401,0.0
2025-04-28,588000.SSE,pm,mid,15,481,481,0.0
2025-04-28,588000.SSE,pm,mid,30,241,241,0.0
2025-04-28,588000.SSE,pm,mid,60,121,121,0.0
2025-04-28,588000.SSE,pm,mid,300,25,25,0.0
2025-04-28,588000.SSE,pm,last,3,2401,2401,0.0
2025-04-28,588000.SSE,pm,last,15,481,481,0.0
2025-04-28,588000.SSE,pm,last,30,241,241,0.0
2025-04-28,588000.SSE,pm,last,60,121,121,0.0
2025-04-28,588000.SSE,pm,last,300,25,25,0.0
2025-04-28,588080.SSE,am,mid,3,2401,2388,0.4886934673366834
2025-04-28,588080.SSE,am,mid,15,481,479,0.4989561586638831
2025-04-28,588080.SSE,am,mid,30,241,240,0.5083333333333333
2025-04-28,588080.SSE,am,mid,60,121,120,0.475
2025-04-28,588080.SSE,am,mid,300,25,24,0.5833333333333334
2025-04-28,588080.SSE,am,last,3,2401,2388,0.4886934673366834
2025-04-28,588080.SSE,am,last,15,481,479,0.4989561586638831
2025-04-28,588080.SSE,am,last,30,241,240,0.5083333333333333
2025-04-28,588080.SSE,am,last,60,121,120,0.475
2025-04-28,588080.SSE,am,last,300,25,24,0.5833333333333334
2025-04-28,588080.SSE,pm,mid,3,2401,2363,0.5560727888277613
2025-04-28,588080.SSE,pm,mid,15,481,473,0.5919661733615222
2025-04-28,588080.SSE,pm,mid,30,241,236,0.5889830508474576
2025-04-28,588080.SSE,pm,mid,60,121,118,0.6016949152542372
2025-04-28,588080.SSE,pm,mid,300,25,24,0.5
2025-04-28,588080.SSE,pm,last,3,2401,2363,0.5560727888277613
2025-04-28,588080.SSE,pm,last,15,481,473,0.5919661733615222
2025-04-28,588080.SSE,pm,last,30,241,236,0.5889830508474576
2025-04-28,588080.SSE,pm,last,60,121,118,0.6016949152542372
2025-04-28,588080.SSE,pm,last,300,25,24,0.5
2025-04-29,588000.SSE,am,mid,3,2401,2401,0.0
2025-04-29,588000.SSE,am,mid,15,481,481,0.0
2025-04-29,588000.SSE,am,mid,30,241,241,0.0
2025-04-29,588000.SSE,am,mid,60,121,121,0.0
2025-04-29,588000.SSE,am,mid,300,25,25,0.0
2025-04-29,588000.SSE,am,last,3,2401,2401,0.0
2025-04-29,588000.SSE,am,last,15,481,481,0.0
2025-04-29,588000.SSE,am,last,30,241,241,0.0
2025-04-29,588000.SSE,am,last,60,121,121,0.0
2025-04-29,588000.SSE,am,last,300,25,25,0.0
2025-04-29,588000.SSE,pm,mid,3,2401,2401,0.0
2025-04-29,588000.SSE,pm,mid,15,481,481,0.0
2025-04-29,588000.SSE,pm,mid,30,241,241,0.0
2025-04-29,588000.SSE,pm,mid,60,121,121,0.0
2025-04-29,588000.SSE,pm,mid,300,25,25,0.0
2025-04-29,588000.SSE,pm,last,3,2401,2401,0.0
2025-04-29,588000.SSE,pm,last,15,481,481,0.0
2025-04-29,588000.SSE,pm,last,30,241,241,0.0
2025-04-29,588000.SSE,pm,last,60,121,121,0.0
2025-04-29,588000.SSE,pm,last,300,25,25,0.0
2025-04-29,588080.SSE,am,mid,3,2401,2372,1.0
2025-04-29,588080.SSE,am,mid,15,481,472,1.0
2025-04-29,588080.SSE,am,mid,30,241,235,1.0
2025-04-29,588080.SSE,am,mid,60,121,116,1.0
2025-04-29,588080.SSE,am,mid,300,25,24,1.0
2025-04-29,588080.SSE,am,last,3,2401,2372,1.0
2025-04-29,588080.SSE,am,last,15,481,472,1.0
2025-04-29,588080.SSE,am,last,30,241,235,1.0
2025-04-29,588080.SSE,am,last,60,121,116,1.0
2025-04-29,588080.SSE,am,last,300,25,24,1.0
2025-04-29,588080.SSE,pm,mid,3,2401,2370,1.0
2025-04-29,588080.SSE,pm,mid,15,481,470,1.0
2025-04-29,588080.SSE,pm,mid,30,241,234,1.0
2025-04-29,588080.SSE,pm,mid,60,121,119,1.0
2025-04-29,588080.SSE,pm,mid,300,25,24,1.0
2025-04-29,588080.SSE,pm,last,3,2401,2370,1.0
2025-04-29,588080.SSE,pm,last,15,481,470,1.0
2025-04-29,588080.SSE,pm,last,30,241,234,1.0
2025-04-29,588080.SSE,pm,last,60,121,119,1.0
2025-04-29,588080.SSE,pm,last,300,25,24,1.0
2025-04-30,588000.SSE,am,mid,3,2401,2400,1.0
2025-04-30,588000.SSE,am,mid,15,481,480,1.0
2025-04-30,588000.SSE,am,mid,30,241,240,1.0
2025-04-30,588000.SSE,am,mid,60,121,120,1.0
2025-04-30,588000.SSE,am,mid,300,25,24,1.0
2025-04-30,588000.SSE,am,last,3,2401,2400,1.0
2025-04-30,588000.SSE,am,last,15,481,480,1.0
2025-04-30,588000.SSE,am,last,30,241,240,1.0
2025-04-30,588000.SSE,am,last,60,121,120,1.0
2025-04-30,588000.SSE,am,last,300,25,24,1.0
2025-04-30,588000.SSE,pm,mid,3,2401,2400,1.0
2025-04-30,588000.SSE,pm,mid,15,481,480,1.0
2025-04-30,588000.SSE,pm,mid,30,241,240,1.0
2025-04-30,588000.SSE,pm,mid,60,121,120,1.0
2025-04-30,588000.SSE,pm,mid,300,25,24,1.0
2025-04-30,588000.SSE,pm,last,3,2401,2400,1.0
2025-04-30,588000.SSE,pm,last,15,481,480,1.0
2025-04-30,588000.SSE,pm,last,30,241,240,1.0
2025-04-30,588000.SSE,pm,last,60,121,120,1.0
2025-04-30,588000.SSE,pm,last,300,25,24,1.0
2025-04-30,588080.SSE,am,mid,3,2401,2394,0.716374269005848
2025-04-30,588080.SSE,am,mid,15,481,479,0.7035490605427975
2025-04-30,588080.SSE,am,mid,30,241,240,0.7
2025-04-30,588080.SSE,am,mid,60,121,120,0.6583333333333333
2025-04-30,588080.SSE,am,mid,300,25,24,0.5416666666666666
2025-04-30,588080.SSE,am,last,3,2401,2394,0.716374269005848
2025-04-30,588080.SSE,am,last,15,481,479,0.7035490605427975
2025-04-30,588080.SSE,am,last,30,241,240,0.7
2025-04-30,588080.SSE,am,last,60,121,120,0.6583333333333333
2025-04-30,588080.SSE,am,last,300,25,24,0.5416666666666666
2025-04-30,588080.SSE,pm,mid,3,2401,2378,0.723717409587889
2025-04-30,588080.SSE,pm,mid,15,481,474,0.7236286919831224
2025-04-30,588080.SSE,pm,mid,30,241,238,0.7184873949579832
2025-04-30,588080.SSE,pm,mid,60,121,119,0.7310924369747899
2025-04-30,588080.SSE,pm,mid,300,25,24,0.7083333333333334
2025-04-30,588080.SSE,pm,last,3,2401,2378,0.723717409587889
2025-04-30,588080.SSE,pm,last,15,481,474,0.7236286919831224
2025-04-30,588080.SSE,pm,last,30,241,238,0.7184873949579832
2025-04-30,588080.SSE,pm,last,60,121,119,0.7310924369747899
2025-04-30,588080.SSE,pm,last,300,25,24,0.7083333333333334
2025-05-06,588000.SSE,am,mid,3,2401,2400,2.0
2025-05-06,588000.SSE,am,mid,15,481,480,2.0
2025-05-06,588000.SSE,am,mid,30,241,240,2.0
2025-05-06,588000.SSE,am,mid,60,121,120,2.0
2025-05-06,588000.SSE,am,mid,300,25,24,2.0
2025-05-06,588000.SSE,am,last,3,2401,2400,2.0
2025-05-06,588000.SSE,am,last,15,481,480,2.0
2025-05-06,588000.SSE,am,last,30,241,240,2.0
2025-05-06,588000.SSE,am,last,60,121,120,2.0
2025-05-06,588000.SSE,am,last,300,25,24,2.0
2025-05-06,588000.SSE,pm,mid,3,2401,2400,2.0
2025-05-06,588000.SSE,pm,mid,15,481,480,2.0
2025-05-06,588000.SSE,pm,mid,30,241,240,2.0
2025-05-06,588000.SSE,pm,mid,60,121,120,2.0
2025-05-06,588000.SSE,pm,mid,300,25,24,2.0
2025-05-06,588000.SSE,pm,last,3,2401,2400,2.0
2025-05-06,588000.SSE,pm,last,15,481,480,2.0
2025-05-06,588000.SSE,pm,last,30,241,240,2.0
2025-05-06,588000.SSE,pm,last,60,121,120,2.0
2025-05-06,588000.SSE,pm,last,300,25,24,2.0
2025-05-06,588080.SSE,am,mid,3,2401,2400,0.015
2025-05-06,588080.SSE,am,mid,15,481,480,0.00625
2025-05-06,588080.SSE,am,mid,30,241,240,0.0
2025-05-06,588080.SSE,am,mid,60,121,121,0.0
2025-05-06,588080.SSE,am,mid,300,25,25,0.0
2025-05-06,588080.SSE,am,last,3,2401,2400,0.015
2025-05-06,588080.SSE,am,last,15,481,480,0.00625
2025-05-06,588080.SSE,am,last,30,241,240,0.0
2025-05-06,588080.SSE,am,last,60,121,121,0.0
2025-05-06,588080.SSE,am,last,300,25,25,0.0
2025-05-06,588080.SSE,pm,mid,3,2401,2401,0.009995835068721367
2025-05-06,588080.SSE,pm,mid,15,481,481,0.006237006237006237
2025-05-06,588080.SSE,pm,mid,30,241,241,0.012448132780082987
2025-05-06,588080.SSE,pm,mid,60,121,121,0.0
2025-05-06,588080.SSE,pm,mid,300,25,25,0.0
2025-05-06,588080.SSE,pm,last,3,2401,2401,0.009995835068721367
2025-05-06,588080.SSE,pm,last,15,481,481,0.006237006237006237
2025-05-06,588080.SSE,pm,last,30,241,241,0.012448132780082987
2025-05-06,588080.SSE,pm,last,60,121,121,0.0
2025-05-06,588080.SSE,pm,last,300,25,25,0.0
2025-05-07,588000.SSE,am,mid,3,2401,2401,0.4614743856726364
2025-05-07,588000.SSE,am,mid,15,481,481,0.41164241164241167
2025-05-07,588000.SSE,am,mid,30,241,241,0.43568464730290457
2025-05-07,588000.SSE,am,mid,60,121,121,0.5041322314049587
2025-05-07,588000.SSE,am,mid,300,25,25,0.68
2025-05-07,588000.SSE,am,last,3,2401,2401,0.4614743856726364
2025-05-07,588000.SSE,am,last,15,481,481,0.41164241164241167
2025-05-07,588000.SSE,am,last,30,241,241,0.43568464730290457
2025-05-07,588000.SSE,am,last,60,121,121,0.5041322314049587
2025-05-07,588000.SSE,am,last,300,25,25,0.68
2025-05-07,588000.SSE,pm,mid,3,2401,2401,0.4868804664723032
2025-05-07,588000.SSE,pm,mid,15,481,481,0.45322245322245325
2025-05-07,588000.SSE,pm,mid,30,241,241,0.42738589211618255
2025-05-07,588000.SSE,pm,mid,60,121,121,0.36363636363636365
2025-05-07,588000.SSE,pm,mid,300,25,25,0.32
2025-05-07,588000.SSE,pm,last,3,2401,2401,0.4868804664723032
2025-05-07,588000.SSE,pm,last,15,481,481,0.45322245322245325
2025-05-07,588000.SSE,pm,last,30,241,241,0.42738589211618255
2025-05-07,588000.SSE,pm,last,60,121,121,0.36363636363636365
2025-05-07,588000.SSE,pm,last,300,25,25,0.32
2025-05-07,588080.SSE,am,mid,3,2401,2386,0.9497066219614417
2025-05-07,588080.SSE,am,mid,15,481,476,0.9621848739495799
2025-05-07,588080.SSE,am,mid,30,241,237,0.9578059071729957
2025-05-07,588080.SSE,am,mid,60,121,118,0.940677966101695
2025-05-07,588080.SSE,am,mid,300,25,24,0.9166666666666666
2025-05-07,588080.SSE,am,last,3,2401,2386,0.9497066219614417
2025-05-07,588080.SSE,am,last,15,481,476,0.9621848739495799
2025-05-07,588080.SSE,am,last,30,241,237,0.9578059071729957
2025-05-07,588080.SSE,am,last,60,121,118,0.940677966101695
2025-05-07,588080.SSE,am,last,300,25,24,0.9166666666666666
2025-05-07,588080.SSE,pm,mid,3,2401,2381,0.9370012599748005
2025-05-07,588080.SSE,pm,mid,15,481,471,0.9363057324840764
2025-05-07,588080.SSE,pm,mid,30,241,235,0.9404255319148936
2025-05-07,588080.SSE,pm,mid,60,121,118,0.9830508474576272
2025-05-07,588080.SSE,pm,mid,300,25,24,0.9583333333333334
2025-05-07,588080.SSE,pm,last,3,2401,2381,0.9370012599748005
2025-05-07,588080.SSE,pm,last,15,481,471,0.9363057324840764
2025-05-07,588080.SSE,pm,last,30,241,235,0.9404255319148936
2025-05-07,588080.SSE,pm,last,60,121,118,0.9830508474576272
2025-05-07,588080.SSE,pm,last,300,25,24,0.9583333333333334
2025-05-08,588000.SSE,am,mid,3,2401,2400,1.0
2025-05-08,588000.SSE,am,mid,15,481,480,1.0
2025-05-08,588000.SSE,am,mid,30,241,240,1.0
2025-05-08,588000.SSE,am,mid,60,121,120,1.0
2025-05-08,588000.SSE,am,mid,300,25,24,1.0
2025-05-08,588000.SSE,am,last,3,2401,2400,1.0
2025-05-08,588000.SSE,am,last,15,481,480,1.0
2025-05-08,588000.SSE,am,last,30,241,240,1.0
2025-05-08,588000.SSE,am,last,60,121,120,1.0
2025-05-08,588000.SSE,am,last,300,25,24,1.0
2025-05-08,588000.SSE,pm,mid,3,2401,2400,1.0
2025-05-08,588000.SSE,pm,mid,15,481,480,1.0
2025-05-08,588000.SSE,pm,mid,30,241,240,1.0
2025-05-08,588000.SSE,pm,mid,60,121,120,1.0
2025-05-08,588000.SSE,pm,mid,300,25,24,1.0
2025-05-08,588000.SSE,pm,last,3,2401,2400,1.0
2025-05-08,588000.SSE,pm,last,15,481,480,1.0
2025-05-08,588000.SSE,pm,last,30,241,240,1.0
2025-05-08,588000.SSE,pm,last,60,121,120,1.0
2025-05-08,588000.SSE,pm,last,300,25,24,1.0
2025-05-08,588080.SSE,am,mid,3,2401,2392,2.0
2025-05-08,588080.SSE,am,mid,15,481,479,2.0
2025-05-08,588080.SSE,am,mid,30,241,240,2.0
2025-05-08,588080.SSE,am,mid,60,121,120,2.0
2025-05-08,588080.SSE,am,mid,300,25,24,2.0
2025-05-08,588080.SSE,am,last,3,2401,2392,2.0
2025-05-08,588080.SSE,am,last,15,481,479,2.0
2025-05-08,588080.SSE,am,last,30,241,240,2.0
2025-05-08,588080.SSE,am,last,60,121,120,2.0
2025-05-08,588080.SSE,am,last,300,25,24,2.0
2025-05-08,588080.SSE,pm,mid,3,2401,2391,2.0
2025-05-08,588080.SSE,pm,mid,15,481,478,2.0
2025-05-08,588080.SSE,pm,mid,30,241,240,2.0
2025-05-08,588080.SSE,pm,mid,60,121,120,2.0
2025-05-08,588080.SSE,pm,mid,300,25,24,2.0
2025-05-08,588080.SSE,pm,last,3,2401,2391,2.0
2025-05-08,588080.SSE,pm,last,15,481,478,2.0
2025-05-08,588080.SSE,pm,last,30,241,240,2.0
2025-05-08,588080.SSE,pm,last,60,121,120,2.0
2025-05-08,588080.SSE,pm,last,300,25,24,2.0
2025-05-09,588000.SSE,am,mid,3,2401,2401,0.0
2025-05-09,588000.SSE,am,mid,15,481,481,0.0
2025-05-09,588000.SSE,am,mid,30,241,241,0.0
2025-05-09,588000.SSE,am,mid,60,121,121,0.0
2025-05-09,588000.SSE,am,mid,300,25,25,0.0
2025-05-09,588000.SSE,am,last,3,2401,2401,0.0
2025-05-09,588000.SSE,am,last,15,481,481,0.0
2025-05-09,588000.SSE,am,last,30,241,241,0.0
2025-05-09,588000.SSE,am,last,60,121,121,0.0
2025-05-09,588000.SSE,am,last,300,25,25,0.0
2025-05-09,588000.SSE,pm,mid,3,2401,2401,0.0
2025-05-09,588000.SSE,pm,mid,15,481,481,0.0
2025-05-09,588000.SSE,pm,mid,30,241,241,0.0
2025-05-09,588000.SSE,pm,mid,60,121,121,0.0
2025-05-09,588000.SSE,pm,mid,300,25,25,0.0
2025-05-09,588000.SSE,pm,last,3,2401,2401,0.0
2025-05-09,588000.SSE,pm,last,15,481,481,0.0
2025-05-09,588000.SSE,pm,last,30,241,241,0.0
2025-05-09,588000.SSE,pm,last,60,121,121,0.0
2025-05-09,588000.SSE,pm,last,300,25,25,0.0
2025-05-09,588080.SSE,am,mid,3,2401,2399,2.0
2025-05-09,588080.SSE,am,mid,15,481,480,2.0
2025-05-09,588080.SSE,am,mid,30,241,240,2.0
2025-05-09,588080.SSE,am,mid,60,121,120,2.0
2025-05-09,588080.SSE,am,mid,300,25,24,2.0
2025-05-09,588080.SSE,am,last,3,2401,2399,2.0
2025-05-09,588080.SSE,am,last,15,481,480,2.0
2025-05-09,588080.SSE,am,last,30,241,240,2.0
2025-05-09,588080.SSE,am,last,60,121,120,2.0
2025-05-09,588080.SSE,am,last,300,25,24,2.0
2025-05-09,588080.SSE,pm,mid,3,2401,2399,2.0
2025-05-09,588080.SSE,pm,mid,15,481,480,2.0
2025-05-09,588080.SSE,pm,mid,30,241,240,2.0
2025-05-09,588080.SSE,pm,mid,60,121,120,2.0
2025-05-09,588080.SSE,pm,mid,300,25,24,2.0
2025-05-09,588080.SSE,pm,last,3,2401,2399,2.0
2025-05-09,588080.SSE,pm,last,15,481,480,2.0
2025-05-09,588080.SSE,pm,last,30,241,240,2.0
2025-05-09,588080.SSE,pm,last,60,121,120,2.0
2025-05-09,588080.SSE,pm,last,300,25,24,2.0
2025-05-12,588000.SSE,am,mid,3,2401,2401,0.0
2025-05-12,588000.SSE,am,mid,15,481,481,0.0
2025-05-12,588000.SSE,am,mid,30,241,241,0.0
2025-05-12,588000.SSE,am,mid,60,121,121,0.0
2025-05-12,588000.SSE,am,mid,300,25,25,0.0
2025-05-12,588000.SSE,am,last,3,2401,2401,0.0
2025-05-12,588000.SSE,am,last,15,481,481,0.0
2025-05-12,588000.SSE,am,last,30,241,241,0.0
2025-05-12,588000.SSE,am,last,60,121,121,0.0
2025-05-12,588000.SSE,am,last,300,25,25,0.0
2025-05-12,588000.SSE,pm,mid,3,2401,2401,0.0
2025-05-12,588000.SSE,pm,mid,15,481,481,0.0
2025-05-12,588000.SSE,pm,mid,30,241,241,0.0
2025-05-12,588000.SSE,pm,mid,60,121,121,0.0
2025-05-12,588000.SSE,pm,mid,300,25,25,0.0
2025-05-12,588000.SSE,pm,last,3,2401,2401,0.0
2025-05-12,588000.SSE,pm,last,15,481,481,0.0
2025-05-12,588000.SSE,pm,last,30,241,241,0.0
2025-05-12,588000.SSE,pm,last,60,121,121,0.0
2025-05-12,588000.SSE,pm,last,300,25,25,0.0
2025-05-12,588080.SSE,am,mid,3,2401,2400,0.01
2025-05-12,588080.SSE,am,mid,15,481,480,0.01875
2025-05-12,588080.SSE,am,mid,30,241,240,0.0375
2025-05-12,588080.SSE,am,mid,60,121,120,0.05
2025-05-12,588080.SSE,am,mid,300,25,24,0.0
2025-05-12,588080.SSE,am,last,3,2401,2400,0.01
2025-05-12,588080.SSE,am,last,15,481,480,0.01875
2025-05-12,588080.SSE,am,last,30,241,240,0.0375
2025-05-12,588080.SSE,am,last,60,121,120,0.05
2025-05-12,588080.SSE,am,last,300,25,24,0.0
2025-05-12,588080.SSE,pm,mid,3,2401,2401,0.0024989587671803417
2025-05-12,588080.SSE,pm,mid,15,481,481,0.0
2025-05-12,588080.SSE,pm,mid,30,241,241,0.0
2025-05-12,588080.SSE,pm,mid,60,121,121,0.0
2025-05-12,588080.SSE,pm,mid,300,25,25,0.0
2025-05-12,588080.SSE,pm,last,3,2401,2401,0.0024989587671803417
2025-05-12,588080.SSE,pm,last,15,481,481,0.0
2025-05-12,588080.SSE,pm,last,30,241,241,0.0
2025-05-12,588080.SSE,pm,last,60,121,121,0.0
2025-05-12,588080.SSE,pm,last,300,25,25,0.0
2025-05-13,588000.SSE,am,mid,3,2401,2400,2.0
2025-05-13,588000.SSE,am,mid,15,481,480,2.0
2025-05-13,588000.SSE,am,mid,30,241,240,2.0
2025-05-13,588000.SSE,am,mid,60,121,120,2.0
2025-05-13,588000.SSE,am,mid,300,25,24,2.0
2025-05-13,588000.SSE,am,last,3,2401,2400,2.0
2025-05-13,588000.SSE,am,last,15,481,480,2.0
2025-05-13,588000.SSE,am,last,30,241,240,2.0
2025-05-13,588000.SSE,am,last,60,121,120,2.0
2025-05-13,588000.SSE,am,last,300,25,24,2.0
2025-05-13,588000.SSE,pm,mid,3,2401,2400,2.0
2025-05-13,588000.SSE,pm,mid,15,481,480,2.0
2025-05-13,588000.SSE,pm,mid,30,241,240,2.0
2025-05-13,588000.SSE,pm,mid,60,121,120,2.0
2025-05-13,588000.SSE,pm,mid,300,25,24,2.0
2025-05-13,588000.SSE,pm,last,3,2401,2400,2.0
2025-05-13,588000.SSE,pm,last,15,481,480,2.0
2025-05-13,588000.SSE,pm,last,30,241,240,2.0
2025-05-13,588000.SSE,pm,last,60,121,120,2.0
2025-05-13,588000.SSE,pm,last,300,25,24,2.0
2025-05-13,588080.SSE,am,mid,3,2401,2401,0.008746355685131196
2025-05-13,588080.SSE,am,mid,15,481,481,0.0
2025-05-13,588080.SSE,am,mid,30,241,241,0.0
2025-05-13,588080.SSE,am,mid,60,121,121,0.0
2025-05-13,588080.SSE,am,mid,300,25,25,0.0
2025-05-13,588080.SSE,am,last,3,2401,2401,0.008746355685131196
2025-05-13,588080.SSE,am,last,15,481,481,0.0
2025-05-13,588080.SSE,am,last,30,241,241,0.0
2025-05-13,588080.SSE,am,last,60,121,121,0.0
2025-05-13,588080.SSE,am,last,300,25,25,0.0
2025-05-13,588080.SSE,pm,mid,3,2401,2401,0.027488546438983758
2025-05-13,588080.SSE,pm,mid,15,481,481,0.006237006237006237
2025-05-13,588080.SSE,pm,mid,30,241,241,0.0
2025-05-13,588080.SSE,pm,mid,60,121,121,0.0
2025-05-13,588080.SSE,pm,mid,300,25,25,0.0
2025-05-13,588080.SSE,pm,last,3,2401,2401,0.027488546438983758
2025-05-13,588080.SSE,pm,last,15,481,481,0.006237006237006237
2025-05-13,588080.SSE,pm,last,30,241,241,0.0
2025-05-13,588080.SSE,pm,last,60,121,121,0.0
2025-05-13,588080.SSE,pm,last,300,25,25,0.0
2025-05-14,588000.SSE,am,mid,3,2401,2401,0.0
2025-05-14,588000.SSE,am,mid,15,481,481,0.0
2025-05-14,588000.SSE,am,mid,30,241,241,0.0
2025-05-14,588000.SSE,am,mid,60,121,121,0.0
2025-05-14,588000.SSE,am,mid,300,25,25,0.0
2025-05-14,588000.SSE,am,last,3,2401,2401,0.0
2025-05-14,588000.SSE,am,last,15,481,481,0.0
2025-05-14,588000.SSE,am,last,30,241,241,0.0
2025-05-14,588000.SSE,am,last,60,121,121,0.0
2025-05-14,588000.SSE,am,last,300,25,25,0.0
2025-05-14,588000.SSE,pm,mid,3,2401,2401,0.0
2025-05-14,588000.SSE,pm,mid,15,481,481,0.0
2025-05-14,588000.SSE,pm,mid,30,241,241,0.0
2025-05-14,588000.SSE,pm,mid,60,121,121,0.0
2025-05-14,588000.SSE,pm,mid,300,25,25,0.0
2025-05-14,588000.SSE,pm,last,3,2401,2401,0.0
2025-05-14,588000.SSE,pm,last,15,481,481,0.0
2025-05-14,588000.SSE,pm,last,30,241,241,0.0
2025-05-14,588000.SSE,pm,last,60,121,121,0.0
2025-05-14,588000.SSE,pm,last,300,25,25,0.0
2025-05-14,588080.SSE,am,mid,3,2401,2387,1.0
2025-05-14,588080.SSE,am,mid,15,481,478,1.0
2025-05-14,588080.SSE,am,mid,30,241,239,1.0
2025-05-14,588080.SSE,am,mid,60,121,120,1.0
2025-05-14,588080.SSE,am,mid,300,25,24,1.0
2025-05-14,588080.SSE,am,last,3,2401,2387,1.0
2025-05-14,588080.SSE,am,last,15,481,478,1.0
2025-05-14,588080.SSE,am,last,30,241,239,1.0
2025-05-14,588080.SSE,am,last,60,121,120,1.0
2025-05-14,588080.SSE,am,last,300,25,24,1.0
2025-05-14,588080.SSE,pm,mid,3,2401,2400,1.0
2025-05-14,588080.SSE,pm,mid,15,481,480,1.0
2025-05-14,588080.SSE,pm,mid,30,241,240,1.0
2025-05-14,588080.SSE,pm,mid,60,121,120,1.0
2025-05-14,588080.SSE,pm,mid,300,25,24,1.0
2025-05-14,588080.SSE,pm,last,3,2401,2400,1.0
2025-05-14,588080.SSE,pm,last,15,481,480,1.0
2025-05-14,588080.SSE,pm,last,30,241,240,1.0
2025-05-14,588080.SSE,pm,last,60,121,120,1.0
2025-05-14,588080.SSE,pm,last,300,25,24,1.0
2025-05-15,588000.SSE,am,mid,3,2401,2400,1.0
2025-05-15,588000.SSE,am,mid,15,481,480,1.0
2025-05-15,588000.SSE,am,mid,30,241,240,1.0
2025-05-15,588000.SSE,am,mid,60,121,120,1.0
2025-05-15,588000.SSE,am,mid,300,25,24,1.0
2025-05-15,588000.SSE,am,last,3,2401,2400,1.0
2025-05-15,588000.SSE,am,last,15,481,480,1.0
2025-05-15,588000.SSE,am,last,30,241,240,1.0
2025-05-15,588000.SSE,am,last,60,121,120,1.0
2025-05-15,588000.SSE,am,last,300,25,24,1.0
2025-05-15,588000.SSE,pm,mid,3,2401,2400,1.0
2025-05-15,588000.SSE,pm,mid,15,481,480,1.0
2025-05-15,588000.SSE,pm,mid,30,241,240,1.0
2025-05-15,588000.SSE,pm,mid,60,121,120,1.0
2025-05-15,588000.SSE,pm,mid,300,25,24,1.0
2025-05-15,588000.SSE,pm,last,3,2401,2400,1.0
2025-05-15,588000.SSE,pm,last,15,481,480,1.0
2025-05-15,588000.SSE,pm,last,30,241,240,1.0
2025-05-15,588000.SSE,pm,last,60,121,120,1.0
2025-05-15,588000.SSE,pm,last,300,25,24,1.0
2025-05-15,588080.SSE,am,mid,3,2401,2401,0.006247396917950854
2025-05-15,588080.SSE,am,mid,15,481,481,0.0
2025-05-15,588080.SSE,am,mid,30,241,241,0.0
2025-05-15,588080.SSE,am,mid,60,121,121,0.0
2025-05-15,588080.SSE,am,mid,300,25,25,0.0
2025-05-15,588080.SSE,am,last,3,2401,2401,0.006247396917950854
2025-05-15,588080.SSE,am,last,15,481,481,0.0
2025-05-15,588080.SSE,am,last,30,241,241,0.0
2025-05-15,588080.SSE,am,last,60,121,121,0.0
2025-05-15,588080.SSE,am,last,300,25,25,0.0
2025-05-15,588080.SSE,pm,mid,3,2401,2401,0.0012494793835901709
2025-05-15,588080.SSE,pm,mid,15,481,481,0.0
2025-05-15,588080.SSE,pm,mid,30,241,241,0.0
2025-05-15,588080.SSE,pm,mid,60,121,121,0.0
2025-05-15,588080.SSE,pm,mid,300,25,25,0.0
2025-05-15,588080.SSE,pm,last,3,2401,2401,0.0012494793835901709
2025-05-15,588080.SSE,pm,last,15,481,481,0.0
2025-05-15,588080.SSE,pm,last,30,241,241,0.0
2025-05-15,588080.SSE,pm,last,60,121,121,0.0
2025-05-15,588080.SSE,pm,last,300,25,25,0.0
2025-05-16,588000.SSE,am,mid,3,2401,2400,0.6025
2025-05-16,588000.SSE,am,mid,15,481,480,0.6229166666666667
2025-05-16,588000.SSE,am,mid,30,241,240,0.6166666666666667
2025-05-16,588000.SSE,am,mid,60,121,120,0.5833333333333334
2025-05-16,588000.SSE,am,mid,300,25,24,0.625
2025-05-16,588000.SSE,am,last,3,2401,2400,0.6025
2025-05-16,588000.SSE,am,last,15,481,480,0.6229166666666667
2025-05-16,588000.SSE,am,last,30,241,240,0.6166666666666667
2025-05-16,588000.SSE,am,last,60,121,120,0.5833333333333334
2025-05-16,588000.SSE,am,last,300,25,24,0.625
2025-05-16,588000.SSE,pm,mid,3,2401,2400,0.6304166666666666
2025-05-16,588000.SSE,pm,mid,15,481,480,0.6541666666666667
2025-05-16,588000.SSE,pm,mid,30,241,240,0.6625
2025-05-16,588000.SSE,pm,mid,60,121,120,0.7416666666666667
2025-05-16,588000.SSE,pm,mid,300,25,24,0.6666666666666666
2025-05-16,588000.SSE,pm,last,3,2401,2400,0.6304166666666666
2025-05-16,588000.SSE,pm,last,15,481,480,0.6541666666666667
2025-05-16,588000.SSE,pm,last,30,241,240,0.6625
2025-05-16,588000.SSE,pm,last,60,121,120,0.7416666666666667
2025-05-16,588000.SSE,pm,last,300,25,24,0.6666666666666666
2025-05-16,588080.SSE,am,mid,3,2401,2401,0.0049979175343606835
2025-05-16,588080.SSE,am,mid,15,481,481,0.006237006237006237
2025-05-16,588080.SSE,am,mid,30,241,241,0.012448132780082987
2025-05-16,588080.SSE,am,mid,60,121,121,0.0
2025-05-16,588080.SSE,am,mid,300,25,25,0.0
2025-05-16,588080.SSE,am,last,3,2401,2401,0.0049979175343606835
2025-05-16,588080.SSE,am,last,15,481,481,0.006237006237006237
2025-05-16,588080.SSE,am,last,30,241,241,0.012448132780082987
2025-05-16,588080.SSE,am,last,60,121,121,0.0
2025-05-16,588080.SSE,am,last,300,25,25,0.0
2025-05-16,588080.SSE,pm,mid,3,2401,2401,0.006247396917950854
2025-05-16,588080.SSE,pm,mid,15,481,481,0.006237006237006237
2025-05-16,588080.SSE,pm,mid,30,241,241,0.012448132780082987
2025-05-16,588080.SSE,pm,mid,60,121,121,0.024793388429752067
2025-05-16,588080.SSE,pm,mid,300,25,25,0.12
2025-05-16,588080.SSE,pm,last,3,2401,2401,0.006247396917950854
2025-05-16,588080.SSE,pm,last,15,481,481,0.006237006237006237
2025-05-16,588080.SSE,pm,last,30,241,241,0.012448132780082987
2025-05-16,588080.SSE,pm,last,60,121,121,0.024793388429752067
2025-05-16,588080.SSE,pm,last,300,25,25,0.12
2025-05-19,588000.SSE,am,mid,3,2401,2400,2.0
2025-05-19,588000.SSE,am,mid,15,481,480,2.0
2025-05-19,588000.SSE,am,mid,30,241,240,2.0
2025-05-19,588000.SSE,am,mid,60,121,120,2.0
2025-05-19,588000.SSE,am,mid,300,25,24,2.0
2025-05-19,588000.SSE,am,last,3,2401,2400,2.0
2025-05-19,588000.SSE,am,last,15,481,480,2.0
2025-05-19,588000.SSE,am,last,30,241,240,2.0
2025-05-19,588000.SSE,am,last,60,121,120,2.0
2025-05-19,588000.SSE,am,last,300,25,24,2.0
2025-05-19,588000.SSE,pm,mid,3,2401,2400,2.0
2025-05-19,588000.SSE,pm,mid,15,481,480,2.0
2025-05-19,588000.SSE,pm,mid,30,241,240,2.0
2025-05-19,588000.SSE,pm,mid,60,121,120,2.0
2025-05-19,588000.SSE,pm,mid,300,25,24,2.0
2025-05-19,588000.SSE,pm,last,3,2401,2400,2.0
2025-05-19,588000.SSE,pm,last,15,481,480,2.0
2025-05-19,588000.SSE,pm,last,30,241,240,2.0
2025-05-19,588000.SSE,pm,last,60,121,120,2.0
2025-05-19,588000.SSE,pm,last,300,25,24,2.0
2025-05-19,588080.SSE,am,mid,3,2401,2401,0.019991670137442734
2025-05-19,588080.SSE,am,mid,15,481,481,0.006237006237006237
2025-05-19,588080.SSE,am,mid,30,241,241,0.012448132780082987
2025-05-19,588080.SSE,am,mid,60,121,121,0.0
2025-05-19,588080.SSE,am,mid,300,25,25,0.0
2025-05-19,588080.SSE,am,last,3,2401,2401,0.019991670137442734
2025-05-19,588080.SSE,am,last,15,481,481,0.006237006237006237
2025-05-19,588080.SSE,am,last,30,241,241,0.012448132780082987
2025-05-19,588080.SSE,am,last,60,121,121,0.0
2025-05-19,588080.SSE,am,last,300,25,25,0.0
2025-05-19,588080.SSE,pm,mid,3,2401,2399,0.02501042100875365
2025-05-19,588080.SSE,pm,mid,15,481,481,0.012474012474012475
2025-05-19,588080.SSE,pm,mid,30,241,241,0.012448132780082987
2025-05-19,588080.SSE,pm,mid,60,121,121,0.024793388429752067
2025-05-19,588080.SSE,pm,mid,300,25,25,0.0
2025-05-19,588080.SSE,pm,last,3,2401,2399,0.02501042100875365
2025-05-19,588080.SSE,pm,last,15,481,481,0.012474012474012475
2025-05-19,588080.SSE,pm,last,30,241,241,0.012448132780082987
2025-05-19,588080.SSE,pm,last,60,121,121,0.024793388429752067
2025-05-19,588080.SSE,pm,last,300,25,25,0.0
2025-05-20,588000.SSE,am,mid,3,2401,2401,0.0
2025-05-20,588000.SSE,am,mid,15,481,481,0.0
2025-05-20,588000.SSE,am,mid,30,241,241,0.0
2025-05-20,588000.SSE,am,mid,60,121,121,0.0
2025-05-20,588000.SSE,am,mid,300,25,25,0.0
2025-05-20,588000.SSE,am,last,3,2401,2401,0.0
2025-05-20,588000.SSE,am,last,15,481,481,0.0
2025-05-20,588000.SSE,am,last,30,241,241,0.0
2025-05-20,588000.SSE,am,last,60,121,121,0.0
2025-05-20,588000.SSE,am,last,300,25,25,0.0
2025-05-20,588000.SSE,pm,mid,3,2401,2401,0.0012494793835901709
2025-05-20,588000.SSE,pm,mid,15,481,481,0.0
2025-05-20,588000.SSE,pm,mid,30,241,241,0.0
2025-05-20,588000.SSE,pm,mid,60,121,121,0.0
2025-05-20,588000.SSE,pm,mid,300,25,25,0.0
2025-05-20,588000.SSE,pm,last,3,2401,2401,0.0012494793835901709
2025-05-20,588000.SSE,pm,last,15,481,481,0.0
2025-05-20,588000.SSE,pm,last,30,241,241,0.0
2025-05-20,588000.SSE,pm,last,60,121,121,0.0
2025-05-20,588000.SSE,pm,last,300,25,25,0.0
2025-05-20,588080.SSE,am,mid,3,2401,2394,0.06766917293233082
2025-05-20,588080.SSE,am,mid,15,481,480,0.05
2025-05-20,588080.SSE,am,mid,30,241,241,0.06224066390041494
2025-05-20,588080.SSE,am,mid,60,121,121,0.0743801652892562
2025-05-20,588080.SSE,am,mid,300,25,25,0.12
2025-05-20,588080.SSE,am,last,3,2401,2394,0.06766917293233082
2025-05-20,588080.SSE,am,last,15,481,480,0.05
2025-05-20,588080.SSE,am,last,30,241,241,0.06224066390041494
2025-05-20,588080.SSE,am,last,60,121,121,0.0743801652892562
2025-05-20,588080.SSE,am,last,300,25,25,0.12
2025-05-20,588080.SSE,pm,mid,3,2401,2399,0.0633597332221759
2025-05-20,588080.SSE,pm,mid,15,481,480,0.06875
2025-05-20,588080.SSE,pm,mid,30,241,241,0.07468879668049792
2025-05-20,588080.SSE,pm,mid,60,121,121,0.0743801652892562
2025-05-20,588080.SSE,pm,mid,300,25,25,0.36
2025-05-20,588080.SSE,pm,last,3,2401,2399,0.0633597332221759
2025-05-20,588080.SSE,pm,last,15,481,480,0.06875
2025-05-20,588080.SSE,pm,last,30,241,241,0.07468879668049792
2025-05-20,588080.SSE,pm,last,60,121,121,0.0743801652892562
2025-05-20,588080.SSE,pm,last,300,25,25,0.36
2025-05-21,588000.SSE,am,mid,3,2401,2401,0.0
2025-05-21,588000.SSE,am,mid,15,481,481,0.0
2025-05-21,588000.SSE,am,mid,30,241,241,0.0
2025-05-21,588000.SSE,am,mid,60,121,121,0.0
2025-05-21,588000.SSE,am,mid,300,25,25,0.0
2025-05-21,588000.SSE,am,last,3,2401,2401,0.0
2025-05-21,588000.SSE,am,last,15,481,481,0.0
2025-05-21,588000.SSE,am,last,30,241,241,0.0
2025-05-21,588000.SSE,am,last,60,121,121,0.0
2025-05-21,588000.SSE,am,last,300,25,25,0.0
2025-05-21,588000.SSE,pm,mid,3,2401,2401,0.0
2025-05-21,588000.SSE,pm,mid,15,481,481,0.0
2025-05-21,588000.SSE,pm,mid,30,241,241,0.0
2025-05-21,588000.SSE,pm,mid,60,121,121,0.0
2025-05-21,588000.SSE,pm,mid,300,25,25,0.0
2025-05-21,588000.SSE,pm,last,3,2401,2401,0.0
2025-05-21,588000.SSE,pm,last,15,481,481,0.0
2025-05-21,588000.SSE,pm,last,30,241,241,0.0
2025-05-21,588000.SSE,pm,last,60,121,121,0.0
2025-05-21,588000.SSE,pm,last,300,25,25,0.0
2025-05-21,588080.SSE,am,mid,3,2401,2400,0.0075
2025-05-21,588080.SSE,am,mid,15,481,481,0.006237006237006237
2025-05-21,588080.SSE,am,mid,30,241,241,0.012448132780082987
2025-05-21,588080.SSE,am,mid,60,121,121,0.024793388429752067
2025-05-21,588080.SSE,am,mid,300,25,25,0.0
2025-05-21,588080.SSE,am,last,3,2401,2400,0.0075
2025-05-21,588080.SSE,am,last,15,481,481,0.006237006237006237
2025-05-21,588080.SSE,am,last,30,241,241,0.012448132780082987
2025-05-21,588080.SSE,am,last,60,121,121,0.024793388429752067
2025-05-21,588080.SSE,am,last,300,25,25,0.0
2025-05-21,588080.SSE,pm,mid,3,2401,2401,0.0424822990420658
2025-05-21,588080.SSE,pm,mid,15,481,481,0.08108108108108109
2025-05-21,588080.SSE,pm,mid,30,241,241,0.07468879668049792
2025-05-21,588080.SSE,pm,mid,60,121,121,0.09917355371900827
2025-05-21,588080.SSE,pm,mid,300,25,25,0.0
2025-05-21,588080.SSE,pm,last,3,2401,2401,0.0424822990420658
2025-05-21,588080.SSE,pm,last,15,481,481,0.08108108108108109
2025-05-21,588080.SSE,pm,last,30,241,241,0.07468879668049792
2025-05-21,588080.SSE,pm,last,60,121,121,0.09917355371900827
2025-05-21,588080.SSE,pm,last,300,25,25,0.0
2025-05-22,588000.SSE,am,mid,3,2401,2400,1.0
2025-05-22,588000.SSE,am,mid,15,481,480,1.0
2025-05-22,588000.SSE,am,mid,30,241,240,1.0
2025-05-22,588000.SSE,am,mid,60,121,120,1.0
2025-05-22,588000.SSE,am,mid,300,25,24,1.0
2025-05-22,588000.SSE,am,last,3,2401,2400,1.0
2025-05-22,588000.SSE,am,last,15,481,480,1.0
2025-05-22,588000.SSE,am,last,30,241,240,1.0
2025-05-22,588000.SSE,am,last,60,121,120,1.0
2025-05-22,588000.SSE,am,last,300,25,24,1.0
2025-05-22,588000.SSE,pm,mid,3,2401,2400,1.0
2025-05-22,588000.SSE,pm,mid,15,481,480,1.0
2025-05-22,588000.SSE,pm,mid,30,241,240,1.0
2025-05-22,588000.SSE,pm,mid,60,121,120,1.0
2025-05-22,588000.SSE,pm,mid,300,25,24,1.0
2025-05-22,588000.SSE,pm,last,3,2401,2400,1.0
2025-05-22,588000.SSE,pm,last,15,481,480,1.0
2025-05-22,588000.SSE,pm,last,30,241,240,1.0
2025-05-22,588000.SSE,pm,last,60,121,120,1.0
2025-05-22,588000.SSE,pm,last,300,25,24,1.0
2025-05-22,588080.SSE,am,mid,3,2401,2377,1.0
2025-05-22,588080.SSE,am,mid,15,481,473,1.0
2025-05-22,588080.SSE,am,mid,30,241,236,1.0
2025-05-22,588080.SSE,am,mid,60,121,118,1.0
2025-05-22,588080.SSE,am,mid,300,25,24,1.0
2025-05-22,588080.SSE,am,last,3,2401,2377,1.0
2025-05-22,588080.SSE,am,last,15,481,473,1.0
2025-05-22,588080.SSE,am,last,30,241,236,1.0
2025-05-22,588080.SSE,am,last,60,121,118,1.0
2025-05-22,588080.SSE,am,last,300,25,24,1.0
2025-05-22,588080.SSE,pm,mid,3,2401,2369,1.0
2025-05-22,588080.SSE,pm,mid,15,481,474,1.0
2025-05-22,588080.SSE,pm,mid,30,241,239,1.0
2025-05-22,588080.SSE,pm,mid,60,121,120,1.0
2025-05-22,588080.SSE,pm,mid,300,25,24,1.0
2025-05-22,588080.SSE,pm,last,3,2401,2369,1.0
2025-05-22,588080.SSE,pm,last,15,481,474,1.0
2025-05-22,588080.SSE,pm,last,30,241,239,1.0
2025-05-22,588080.SSE,pm,last,60,121,120,1.0
2025-05-22,588080.SSE,pm,last,300,25,24,1.0
2025-05-23,588000.SSE,am,mid,3,2401,2400,0.9995833333333334
2025-05-23,588000.SSE,am,mid,15,481,480,1.0
2025-05-23,588000.SSE,am,mid,30,241,240,1.0
2025-05-23,588000.SSE,am,mid,60,121,120,1.0
2025-05-23,588000.SSE,am,mid,300,25,24,1.0
2025-05-23,588000.SSE,am,last,3,2401,2400,0.9995833333333334
2025-05-23,588000.SSE,am,last,15,481,480,1.0
2025-05-23,588000.SSE,am,last,30,241,240,1.0
2025-05-23,588000.SSE,am,last,60,121,120,1.0
2025-05-23,588000.SSE,am,last,300,25,24,1.0
2025-05-23,588000.SSE,pm,mid,3,2401,2400,1.0
2025-05-23,588000.SSE,pm,mid,15,481,480,1.0
2025-05-23,588000.SSE,pm,mid,30,241,240,1.0
2025-05-23,588000.SSE,pm,mid,60,121,120,1.0
2025-05-23,588000.SSE,pm,mid,300,25,24,1.0
2025-05-23,588000.SSE,pm,last,3,2401,2400,1.0
2025-05-23,588000.SSE,pm,last,15,481,480,1.0
2025-05-23,588000.SSE,pm,last,30,241,240,1.0
2025-05-23,588000.SSE,pm,last,60,121,120,1.0
2025-05-23,588000.SSE,pm,last,300,25,24,1.0
2025-05-23,588080.SSE,am,mid,3,2401,2400,0.0075
2025-05-23,588080.SSE,am,mid,15,481,480,0.0125
2025-05-23,588080.SSE,am,mid,30,241,240,0.0125
2025-05-23,588080.SSE,am,mid,60,121,120,0.025
2025-05-23,588080.SSE,am,mid,300,25,24,0.0
2025-05-23,588080.SSE,am,last,3,2401,2400,0.0075
2025-05-23,588080.SSE,am,last,15,481,480,0.0125
2025-05-23,588080.SSE,am,last,30,241,240,0.0125
2025-05-23,588080.SSE,am,last,60,121,120,0.025
2025-05-23,588080.SSE,am,last,300,25,24,0.0
2025-05-23,588080.SSE,pm,mid,3,2401,2398,0.042535446205170975
2025-05-23,588080.SSE,pm,mid,15,481,480,0.05
2025-05-23,588080.SSE,pm,mid,30,241,240,0.0625
2025-05-23,588080.SSE,pm,mid,60,121,120,0.075
2025-05-23,588080.SSE,pm,mid,300,25,24,0.0
2025-05-23,588080.SSE,pm,last,3,2401,2398,0.042535446205170975
2025-05-23,588080.SSE,pm,last,15,481,480,0.05
2025-05-23,588080.SSE,pm,last,30,241,240,0.0625
2025-05-23,588080.SSE,pm,last,60,121,120,0.075
2025-05-23,588080.SSE,pm,last,300,25,24,0.0
2025-05-26,588000.SSE,am,mid,3,2401,2401,0.0
2025-05-26,588000.SSE,am,mid,15,481,481,0.0
2025-05-26,588000.SSE,am,mid,30,241,241,0.0
2025-05-26,588000.SSE,am,mid,60,121,121,0.0
2025-05-26,588000.SSE,am,mid,300,25,25,0.0
2025-05-26,588000.SSE,am,last,3,2401,2401,0.0
2025-05-26,588000.SSE,am,last,15,481,481,0.0
2025-05-26,588000.SSE,am,last,30,241,241,0.0
2025-05-26,588000.SSE,am,last,60,121,121,0.0
2025-05-26,588000.SSE,am,last,300,25,25,0.0
2025-05-26,588000.SSE,pm,mid,3,2401,2401,0.0
2025-05-26,588000.SSE,pm,mid,15,481,481,0.0
2025-05-26,588000.SSE,pm,mid,30,241,241,0.0
2025-05-26,588000.SSE,pm,mid,60,121,121,0.0
2025-05-26,588000.SSE,pm,mid,300,25,25,0.0
2025-05-26,588000.SSE,pm,last,3,2401,2401,0.0
2025-05-26,588000.SSE,pm,last,15,481,481,0.0
2025-05-26,588000.SSE,pm,last,30,241,241,0.0
2025-05-26,588000.SSE,pm,last,60,121,121,0.0
2025-05-26,588000.SSE,pm,last,300,25,25,0.0
2025-05-26,588080.SSE,am,mid,3,2401,2386,2.0
2025-05-26,588080.SSE,am,mid,15,481,479,2.0
2025-05-26,588080.SSE,am,mid,30,241,240,2.0
2025-05-26,588080.SSE,am,mid,60,121,120,2.0
2025-05-26,588080.SSE,am,mid,300,25,24,2.0
2025-05-26,588080.SSE,am,last,3,2401,2386,2.0
2025-05-26,588080.SSE,am,last,15,481,479,2.0
2025-05-26,588080.SSE,am,last,30,241,240,2.0
2025-05-26,588080.SSE,am,last,60,121,120,2.0
2025-05-26,588080.SSE,am,last,300,25,24,2.0
2025-05-26,588080.SSE,pm,mid,3,2401,2342,2.0
2025-05-26,588080.SSE,pm,mid,15,481,468,2.0
2025-05-26,588080.SSE,pm,mid,30,241,237,2.0
2025-05-26,588080.SSE,pm,mid,60,121,119,2.0
2025-05-26,588080.SSE,pm,mid,300,25,24,2.0
2025-05-26,588080.SSE,pm,last,3,2401,2342,2.0
2025-05-26,588080.SSE,pm,last,15,481,468,2.0
2025-05-26,588080.SSE,pm,last,30,241,237,2.0
2025-05-26,588080.SSE,pm,last,60,121,119,2.0
2025-05-26,588080.SSE,pm,last,300,25,24,2.0
2025-05-27,588000.SSE,am,mid,3,2401,2400,0.62375
2025-05-27,588000.SSE,am,mid,15,481,480,0.6208333333333333
2025-05-27,588000.SSE,am,mid,30,241,240,0.6458333333333334
2025-05-27,588000.SSE,am,mid,60,121,120,0.6666666666666666
2025-05-27,588000.SSE,am,mid,300,25,24,0.7916666666666666
2025-05-27,588000.SSE,am,last,3,2401,2400,0.62375
2025-05-27,588000.SSE,am,last,15,481,480,0.6208333333333333
2025-05-27,588000.SSE,am,last,30,241,240,0.6458333333333334
2025-05-27,588000.SSE,am,last,60,121,120,0.6666666666666666
2025-05-27,588000.SSE,am,last,300,25,24,0.7916666666666666
2025-05-27,588000.SSE,pm,mid,3,2401,2400,0.62125
2025-05-27,588000.SSE,pm,mid,15,481,480,0.6125
2025-05-27,588000.SSE,pm,mid,30,241,240,0.5833333333333334
2025-05-27,588000.SSE,pm,mid,60,121,120,0.65
2025-05-27,588000.SSE,pm,mid,300,25,24,0.5416666666666666
2025-05-27,588000.SSE,pm,last,3,2401,2400,0.62125
2025-05-27,588000.SSE,pm,last,15,481,480,0.6125
2025-05-27,588000.SSE,pm,last,30,241,240,0.5833333333333334
2025-05-27,588000.SSE,pm,last,60,121,120,0.65
2025-05-27,588000.SSE,pm,last,300,25,24,0.5416666666666666
2025-05-27,588080.SSE,am,mid,3,2401,2382,2.0
2025-05-27,588080.SSE,am,mid,15,481,473,2.0
2025-05-27,588080.SSE,am,mid,30,241,235,2.0
2025-05-27,588080.SSE,am,mid,60,121,117,2.0
2025-05-27,588080.SSE,am,mid,300,25,23,2.0
2025-05-27,588080.SSE,am,last,3,2401,2382,2.0
2025-05-27,588080.SSE,am,last,15,481,473,2.0
2025-05-27,588080.SSE,am,last,30,241,235,2.0
2025-05-27,588080.SSE,am,last,60,121,117,2.0
2025-05-27,588080.SSE,am,last,300,25,23,2.0
2025-05-27,588080.SSE,pm,mid,3,2401,2392,2.0
2025-05-27,588080.SSE,pm,mid,15,481,477,2.0
2025-05-27,588080.SSE,pm,mid,30,241,239,2.0
2025-05-27,588080.SSE,pm,mid,60,121,119,2.0
2025-05-27,588080.SSE,pm,mid,300,25,23,2.0
2025-05-27,588080.SSE,pm,last,3,2401,2392,2.0
2025-05-27,588080.SSE,pm,last,15,481,477,2.0
2025-05-27,588080.SSE,pm,last,30,241,239,2.0
2025-05-27,588080.SSE,pm,last,60,121,119,2.0
2025-05-27,588080.SSE,pm,last,300,25,23,2.0
2025-05-28,588000.SSE,am,mid,3,2401,2400,2.0
2025-05-28,588000.SSE,am,mid,15,481,480,2.0
2025-05-28,588000.SSE,am,mid,30,241,240,2.0
2025-05-28,588000.SSE,am,mid,60,121,120,2.0
2025-05-28,588000.SSE,am,mid,300,25,24,2.0
2025-05-28,588000.SSE,am,last,3,2401,2400,2.0
2025-05-28,588000.SSE,am,last,15,481,480,2.0
2025-05-28,588000.SSE,am,last,30,241,240,2.0
2025-05-28,588000.SSE,am,last,60,121,120,2.0
2025-05-28,588000.SSE,am,last,300,25,24,2.0
2025-05-28,588000.SSE,pm,mid,3,2401,2400,2.0
2025-05-28,588000.SSE,pm,mid,15,481,480,2.0
2025-05-28,588000.SSE,pm,mid,30,241,240,2.0
2025-05-28,588000.SSE,pm,mid,60,121,120,2.0
2025-05-28,588000.SSE,pm,mid,300,25,24,2.0
2025-05-28,588000.SSE,pm,last,3,2401,2400,2.0
2025-05-28,588000.SSE,pm,last,15,481,480,2.0
2025-05-28,588000.SSE,pm,last,30,241,240,2.0
2025-05-28,588000.SSE,pm,last,60,121,120,2.0
2025-05-28,588000.SSE,pm,last,300,25,24,2.0
2025-05-28,588080.SSE,am,mid,3,2401,2398,0.030025020850708923
2025-05-28,588080.SSE,am,mid,15,481,479,0.012526096033402923
2025-05-28,588080.SSE,am,mid,30,241,240,0.0125
2025-05-28,588080.SSE,am,mid,60,121,120,0.025
2025-05-28,588080.SSE,am,mid,300,25,25,0.0
2025-05-28,588080.SSE,am,last,3,2401,2398,0.030025020850708923
2025-05-28,588080.SSE,am,last,15,481,479,0.012526096033402923
2025-05-28,588080.SSE,am,last,30,241,240,0.0125
2025-05-28,588080.SSE,am,last,60,121,120,0.025
2025-05-28,588080.SSE,am,last,300,25,25,0.0
2025-05-28,588080.SSE,pm,mid,3,2401,2400,0.03875
2025-05-28,588080.SSE,pm,mid,15,481,481,0.04365904365904366
2025-05-28,588080.SSE,pm,mid,30,241,241,0.04979253112033195
2025-05-28,588080.SSE,pm,mid,60,121,121,0.049586776859504134
2025-05-28,588080.SSE,pm,mid,300,25,25,0.0
2025-05-28,588080.SSE,pm,last,3,2401,2400,0.03875
2025-05-28,588080.SSE,pm,last,15,481,481,0.04365904365904366
2025-05-28,588080.SSE,pm,last,30,241,241,0.04979253112033195
2025-05-28,588080.SSE,pm,last,60,121,121,0.049586776859504134
2025-05-28,588080.SSE,pm,last,300,25,25,0.0
2025-05-29,588000.SSE,am,mid,3,2401,2400,1.0
2025-05-29,588000.SSE,am,mid,15,481,480,1.0
2025-05-29,588000.SSE,am,mid,30,241,240,1.0
2025-05-29,588000.SSE,am,mid,60,121,120,1.0
2025-05-29,588000.SSE,am,mid,300,25,24,1.0
2025-05-29,588000.SSE,am,last,3,2401,2400,1.0
2025-05-29,588000.SSE,am,last,15,481,480,1.0
2025-05-29,588000.SSE,am,last,30,241,240,1.0
2025-05-29,588000.SSE,am,last,60,121,120,1.0
2025-05-29,588000.SSE,am,last,300,25,24,1.0
2025-05-29,588000.SSE,pm,mid,3,2401,2400,1.0
2025-05-29,588000.SSE,pm,mid,15,481,480,1.0
2025-05-29,588000.SSE,pm,mid,30,241,240,1.0
2025-05-29,588000.SSE,pm,mid,60,121,120,1.0
2025-05-29,588000.SSE,pm,mid,300,25,24,1.0
2025-05-29,588000.SSE,pm,last,3,2401,2400,1.0
2025-05-29,588000.SSE,pm,last,15,481,480,1.0
2025-05-29,588000.SSE,pm,last,30,241,240,1.0
2025-05-29,588000.SSE,pm,last,60,121,120,1.0
2025-05-29,588000.SSE,pm,last,300,25,24,1.0
2025-05-29,588080.SSE,am,mid,3,2401,2401,0.0049979175343606835
2025-05-29,588080.SSE,am,mid,15,481,481,0.0
2025-05-29,588080.SSE,am,mid,30,241,241,0.0
2025-05-29,588080.SSE,am,mid,60,121,121,0.0
2025-05-29,588080.SSE,am,mid,300,25,25,0.0
2025-05-29,588080.SSE,am,last,3,2401,2401,0.0049979175343606835
2025-05-29,588080.SSE,am,last,15,481,481,0.0
2025-05-29,588080.SSE,am,last,30,241,241,0.0
2025-05-29,588080.SSE,am,last,60,121,121,0.0
2025-05-29,588080.SSE,am,last,300,25,25,0.0
2025-05-29,588080.SSE,pm,mid,3,2401,2401,0.018742190753852563
2025-05-29,588080.SSE,pm,mid,15,481,481,0.012474012474012475
2025-05-29,588080.SSE,pm,mid,30,241,241,0.0
2025-05-29,588080.SSE,pm,mid,60,121,121,0.0
2025-05-29,588080.SSE,pm,mid,300,25,25,0.0
2025-05-29,588080.SSE,pm,last,3,2401,2401,0.018742190753852563
2025-05-29,588080.SSE,pm,last,15,481,481,0.012474012474012475
2025-05-29,588080.SSE,pm,last,30,241,241,0.0
2025-05-29,588080.SSE,pm,last,60,121,121,0.0
2025-05-29,588080.SSE,pm,last,300,25,25,0.0
2025-05-30,588000.SSE,am,mid,3,2401,2400,2.0
2025-05-30,588000.SSE,am,mid,15,481,480,2.0
2025-05-30,588000.SSE,am,mid,30,241,240,2.0
2025-05-30,588000.SSE,am,mid,60,121,120,2.0
2025-05-30,588000.SSE,am,mid,300,25,24,2.0
2025-05-30,588000.SSE,am,last,3,2401,2400,2.0
2025-05-30,588000.SSE,am,last,15,481,480,2.0
2025-05-30,588000.SSE,am,last,30,241,240,2.0
2025-05-30,588000.SSE,am,last,60,121,120,2.0
2025-05-30,588000.SSE,am,last,300,25,24,2.0
2025-05-30,588000.SSE,pm,mid,3,2401,2400,2.0
2025-05-30,588000.SSE,pm,mid,15,481,480,2.0
2025-05-30,588000.SSE,pm,mid,30,241,240,2.0
2025-05-30,588000.SSE,pm,mid,60,121,120,2.0
2025-05-30,588000.SSE,pm,mid,300,25,24,2.0
2025-05-30,588000.SSE,pm,last,3,2401,2400,2.0
2025-05-30,588000.SSE,pm,last,15,481,480,2.0
2025-05-30,588000.SSE,pm,last,30,241,240,2.0
2025-05-30,588000.SSE,pm,last,60,121,120,2.0
2025-05-30,588000.SSE,pm,last,300,25,24,2.0
2025-05-30,588080.SSE,am,mid,3,2401,2401,0.03498542274052478
2025-05-30,588080.SSE,am,mid,15,481,481,0.037422037422037424
2025-05-30,588080.SSE,am,mid,30,241,241,0.024896265560165973
2025-05-30,588080.SSE,am,mid,60,121,121,0.0
2025-05-30,588080.SSE,am,mid,300,25,25,0.0
2025-05-30,588080.SSE,am,last,3,2401,2401,0.03498542274052478
2025-05-30,588080.SSE,am,last,15,481,481,0.037422037422037424
2025-05-30,588080.SSE,am,last,30,241,241,0.024896265560165973
2025-05-30,588080.SSE,am,last,60,121,121,0.0
2025-05-30,588080.SSE,am,last,300,25,25,0.0
2025-05-30,588080.SSE,pm,mid,3,2401,2399,0.08253438932888704
2025-05-30,588080.SSE,pm,mid,15,481,481,0.09355509355509356
2025-05-30,588080.SSE,pm,mid,30,241,241,0.04979253112033195
2025-05-30,588080.SSE,pm,mid,60,121,121,0.09917355371900827
2025-05-30,588080.SSE,pm,mid,300,25,25,0.0
2025-05-30,588080.SSE,pm,last,3,2401,2399,0.08253438932888704
2025-05-30,588080.SSE,pm,last,15,481,481,0.09355509355509356
2025-05-30,588080.SSE,pm,last,30,241,241,0.04979253112033195
2025-05-30,588080.SSE,pm,last,60,121,121,0.09917355371900827
2025-05-30,588080.SSE,pm,last,300,25,25,0.0
2025-06-03,588000.SSE,am,mid,3,2401,2400,1.0
2025-06-03,588000.SSE,am,mid,15,481,480,1.0
2025-06-03,588000.SSE,am,mid,30,241,240,1.0
2025-06-03,588000.SSE,am,mid,60,121,120,1.0
2025-06-03,588000.SSE,am,mid,300,25,24,1.0
2025-06-03,588000.SSE,am,last,3,2401,2400,1.0
2025-06-03,588000.SSE,am,last,15,481,480,1.0
2025-06-03,588000.SSE,am,last,30,241,240,1.0
2025-06-03,588000.SSE,am,last,60,121,120,1.0
2025-06-03,588000.SSE,am,last,300,25,24,1.0
2025-06-03,588000.SSE,pm,mid,3,2401,2400,1.0
2025-06-03,588000.SSE,pm,mid,15,481,480,1.0
2025-06-03,588000.SSE,pm,mid,30,241,240,1.0
2025-06-03,588000.SSE,pm,mid,60,121,120,1.0
2025-06-03,588000.SSE,pm,mid,300,25,24,1.0
2025-06-03,588000.SSE,pm,last,3,2401,2400,1.0
2025-06-03,588000.SSE,pm,last,15,481,480,1.0
2025-06-03,588000.SSE,pm,last,30,241,240,1.0
2025-06-03,588000.SSE,pm,last,60,121,120,1.0
2025-06-03,588000.SSE,pm,last,300,25,24,1.0
2025-06-03,588080.SSE,am,mid,3,2401,2368,1.0
2025-06-03,588080.SSE,am,mid,15,481,470,1.0
2025-06-03,588080.SSE,am,mid,30,241,233,1.0
2025-06-03,588080.SSE,am,mid,60,121,116,1.0
2025-06-03,588080.SSE,am,mid,300,25,24,1.0
2025-06-03,588080.SSE,am,last,3,2401,2368,1.0
2025-06-03,588080.SSE,am,last,15,481,470,1.0
2025-06-03,588080.SSE,am,last,30,241,233,1.0
2025-06-03,588080.SSE,am,last,60,121,116,1.0
2025-06-03,588080.SSE,am,last,300,25,24,1.0
2025-06-03,588080.SSE,pm,mid,3,2401,2306,1.0
2025-06-03,588080.SSE,pm,mid,15,481,459,1.0
2025-06-03,588080.SSE,pm,mid,30,241,230,1.0
2025-06-03,588080.SSE,pm,mid,60,121,113,1.0
2025-06-03,588080.SSE,pm,mid,300,25,22,1.0
2025-06-03,588080.SSE,pm,last,3,2401,2306,1.0
2025-06-03,588080.SSE,pm,last,15,481,459,1.0
2025-06-03,588080.SSE,pm,last,30,241,230,1.0
2025-06-03,588080.SSE,pm,last,60,121,113,1.0
2025-06-03,588080.SSE,pm,last,300,25,22,1.0
2025-06-04,588000.SSE,am,mid,3,2401,2400,1.0
2025-06-04,588000.SSE,am,mid,15,481,480,1.0
2025-06-04,588000.SSE,am,mid,30,241,240,1.0
2025-06-04,588000.SSE,am,mid,60,121,120,1.0
2025-06-04,588000.SSE,am,mid,300,25,24,1.0
2025-06-04,588000.SSE,am,last,3,2401,2400,1.0
2025-06-04,588000.SSE,am,last,15,481,480,1.0
2025-06-04,588000.SSE,am,last,30,241,240,1.0
2025-06-04,588000.SSE,am,last,60,121,120,1.0
2025-06-04,588000.SSE,am,last,300,25,24,1.0
2025-06-04,588000.SSE,pm,mid,3,2401,2400,1.0
2025-06-04,588000.SSE,pm,mid,15,481,480,1.0
2025-06-04,588000.SSE,pm,mid,30,241,240,1.0
2025-06-04,588000.SSE,pm,mid,60,121,120,1.0
2025-06-04,588000.SSE,pm,mid,300,25,24,1.0
2025-06-04,588000.SSE,pm,last,3,2401,2400,1.0
2025-06-04,588000.SSE,pm,last,15,481,480,1.0
2025-06-04,588000.SSE,pm,last,30,241,240,1.0
2025-06-04,588000.SSE,pm,last,60,121,120,1.0
2025-06-04,588000.SSE,pm,last,300,25,24,1.0
2025-06-04,588080.SSE,am,mid,3,2401,2397,0.04005006257822278
2025-06-04,588080.SSE,am,mid,15,481,479,0.04384133611691023
2025-06-04,588080.SSE,am,mid,30,241,239,0.0502092050209205
2025-06-04,588080.SSE,am,mid,60,121,120,0.025
2025-06-04,588080.SSE,am,mid,300,25,24,0.0
2025-06-04,588080.SSE,am,last,3,2401,2397,0.04005006257822278
2025-06-04,588080.SSE,am,last,15,481,479,0.04384133611691023
2025-06-04,588080.SSE,am,last,30,241,239,0.0502092050209205
2025-06-04,588080.SSE,am,last,60,121,120,0.025
2025-06-04,588080.SSE,am,last,300,25,24,0.0
2025-06-04,588080.SSE,pm,mid,3,2401,2396,0.045075125208681135
2025-06-04,588080.SSE,pm,mid,15,481,479,0.025052192066805846
2025-06-04,588080.SSE,pm,mid,30,241,239,0.02510460251046025
2025-06-04,588080.SSE,pm,mid,60,121,120,0.0
2025-06-04,588080.SSE,pm,mid,300,25,24,0.0
2025-06-04,588080.SSE,pm,last,3,2401,2396,0.045075125208681135
2025-06-04,588080.SSE,pm,last,15,481,479,0.025052192066805846
2025-06-04,588080.SSE,pm,last,30,241,239,0.02510460251046025
2025-06-04,588080.SSE,pm,last,60,121,120,0.0
2025-06-04,588080.SSE,pm,last,300,25,24,0.0
2025-06-05,588000.SSE,am,mid,3,2401,2401,0.0
2025-06-05,588000.SSE,am,mid,15,481,481,0.0
2025-06-05,588000.SSE,am,mid,30,241,241,0.0
2025-06-05,588000.SSE,am,mid,60,121,121,0.0
2025-06-05,588000.SSE,am,mid,300,25,25,0.0
2025-06-05,588000.SSE,am,last,3,2401,2401,0.0
2025-06-05,588000.SSE,am,last,15,481,481,0.0
2025-06-05,588000.SSE,am,last,30,241,241,0.0
2025-06-05,588000.SSE,am,last,60,121,121,0.0
2025-06-05,588000.SSE,am,last,300,25,25,0.0
2025-06-05,588000.SSE,pm,mid,3,2401,2401,0.0
2025-06-05,588000.SSE,pm,mid,15,481,481,0.0
2025-06-05,588000.SSE,pm,mid,30,241,241,0.0
2025-06-05,588000.SSE,pm,mid,60,121,121,0.0
2025-06-05,588000.SSE,pm,mid,300,25,25,0.0
2025-06-05,588000.SSE,pm,last,3,2401,2401,0.0
2025-06-05,588000.SSE,pm,last,15,481,481,0.0
2025-06-05,588000.SSE,pm,last,30,241,241,0.0
2025-06-05,588000.SSE,pm,last,60,121,121,0.0
2025-06-05,588000.SSE,pm,last,300,25,25,0.0
2025-06-05,588080.SSE,am,mid,3,2401,2398,0.03502919099249374
2025-06-05,588080.SSE,am,mid,15,481,481,0.031185031185031187
2025-06-05,588080.SSE,am,mid,30,241,241,0.0
2025-06-05,588080.SSE,am,mid,60,121,121,0.0
2025-06-05,588080.SSE,am,mid,300,25,25,0.0
2025-06-05,588080.SSE,am,last,3,2401,2398,0.03502919099249374
2025-06-05,588080.SSE,am,last,15,481,481,0.031185031185031187
2025-06-05,588080.SSE,am,last,30,241,241,0.0
2025-06-05,588080.SSE,am,last,60,121,121,0.0
2025-06-05,588080.SSE,am,last,300,25,25,0.0
2025-06-05,588080.SSE,pm,mid,3,2401,2401,0.0024989587671803417
2025-06-05,588080.SSE,pm,mid,15,481,481,0.006237006237006237
2025-06-05,588080.SSE,pm,mid,30,241,241,0.012448132780082987
2025-06-05,588080.SSE,pm,mid,60,121,121,0.024793388429752067
2025-06-05,588080.SSE,pm,mid,300,25,25,0.0
2025-06-05,588080.SSE,pm,last,3,2401,2401,0.0024989587671803417
2025-06-05,588080.SSE,pm,last,15,481,481,0.006237006237006237
2025-06-05,588080.SSE,pm,last,30,241,241,0.012448132780082987
2025-06-05,588080.SSE,pm,last,60,121,121,0.024793388429752067
2025-06-05,588080.SSE,pm,last,300,25,25,0.0
2025-06-06,588000.SSE,am,mid,3,2401,2401,0.0012494793835901709
2025-06-06,588000.SSE,am,mid,15,481,481,0.0
2025-06-06,588000.SSE,am,mid,30,241,241,0.0
2025-06-06,588000.SSE,am,mid,60,121,121,0.0
2025-06-06,588000.SSE,am,mid,300,25,25,0.0
2025-06-06,588000.SSE,am,last,3,2401,2401,0.0012494793835901709
2025-06-06,588000.SSE,am,last,15,481,481,0.0
2025-06-06,588000.SSE,am,last,30,241,241,0.0
2025-06-06,588000.SSE,am,last,60,121,121,0.0
2025-06-06,588000.SSE,am,last,300,25,25,0.0
2025-06-06,588000.SSE,pm,mid,3,2401,2401,0.0012494793835901709
2025-06-06,588000.SSE,pm,mid,15,481,481,0.0
2025-06-06,588000.SSE,pm,mid,30,241,241,0.0
2025-06-06,588000.SSE,pm,mid,60,121,121,0.0
2025-06-06,588000.SSE,pm,mid,300,25,25,0.0
2025-06-06,588000.SSE,pm,last,3,2401,2401,0.0012494793835901709
2025-06-06,588000.SSE,pm,last,15,481,481,0.0
2025-06-06,588000.SSE,pm,last,30,241,241,0.0
2025-06-06,588000.SSE,pm,last,60,121,121,0.0
2025-06-06,588000.SSE,pm,last,300,25,25,0.0
2025-06-06,588080.SSE,am,mid,3,2401,2399,0.03626511046269279
2025-06-06,588080.SSE,am,mid,15,481,481,0.037422037422037424
2025-06-06,588080.SSE,am,mid,30,241,241,0.03734439834024896
2025-06-06,588080.SSE,am,mid,60,121,121,0.0
2025-06-06,588080.SSE,am,mid,300,25,25,0.0
2025-06-06,588080.SSE,am,last,3,2401,2399,0.03626511046269279
2025-06-06,588080.SSE,am,last,15,481,481,0.037422037422037424
2025-06-06,588080.SSE,am,last,30,241,241,0.03734439834024896
2025-06-06,588080.SSE,am,last,60,121,121,0.0
2025-06-06,588080.SSE,am,last,300,25,25,0.0
2025-06-06,588080.SSE,pm,mid,3,2401,2399,0.06002501042100875
2025-06-06,588080.SSE,pm,mid,15,481,481,0.0498960498960499
2025-06-06,588080.SSE,pm,mid,30,241,241,0.06224066390041494
2025-06-06,588080.SSE,pm,mid,60,121,121,0.049586776859504134
2025-06-06,588080.SSE,pm,mid,300,25,25,0.0
2025-06-06,588080.SSE,pm,last,3,2401,2399,0.06002501042100875
2025-06-06,588080.SSE,pm,last,15,481,481,0.0498960498960499
2025-06-06,588080.SSE,pm,last,30,241,241,0.06224066390041494
2025-06-06,588080.SSE,pm,last,60,121,121,0.049586776859504134
2025-06-06,588080.SSE,pm,last,300,25,25,0.0
2025-06-09,588000.SSE,am,mid,3,2401,2400,2.0
2025-06-09,588000.SSE,am,mid,15,481,480,2.0
2025-06-09,588000.SSE,am,mid,30,241,240,2.0
2025-06-09,588000.SSE,am,mid,60,121,120,2.0
2025-06-09,588000.SSE,am,mid,300,25,24,2.0
2025-06-09,588000.SSE,am,last,3,2401,2400,2.0
2025-06-09,588000.SSE,am,last,15,481,480,2.0
2025-06-09,588000.SSE,am,last,30,241,240,2.0
2025-06-09,588000.SSE,am,last,60,121,120,2.0
2025-06-09,588000.SSE,am,last,300,25,24,2.0
2025-06-09,588000.SSE,pm,mid,3,2401,2400,2.0
2025-06-09,588000.SSE,pm,mid,15,481,480,2.0
2025-06-09,588000.SSE,pm,mid,30,241,240,2.0
2025-06-09,588000.SSE,pm,mid,60,121,120,2.0
2025-06-09,588000.SSE,pm,mid,300,25,24,2.0
2025-06-09,588000.SSE,pm,last,3,2401,2400,2.0
2025-06-09,588000.SSE,pm,last,15,481,480,2.0
2025-06-09,588000.SSE,pm,last,30,241,240,2.0
2025-06-09,588000.SSE,pm,last,60,121,120,2.0
2025-06-09,588000.SSE,pm,last,300,25,24,2.0
2025-06-09,588080.SSE,am,mid,3,2401,2381,1.0
2025-06-09,588080.SSE,am,mid,15,481,474,1.0
2025-06-09,588080.SSE,am,mid,30,241,237,1.0
2025-06-09,588080.SSE,am,mid,60,121,119,1.0
2025-06-09,588080.SSE,am,mid,300,25,24,1.0
2025-06-09,588080.SSE,am,last,3,2401,2381,1.0
2025-06-09,588080.SSE,am,last,15,481,474,1.0
2025-06-09,588080.SSE,am,last,30,241,237,1.0
2025-06-09,588080.SSE,am,last,60,121,119,1.0
2025-06-09,588080.SSE,am,last,300,25,24,1.0
2025-06-09,588080.SSE,pm,mid,3,2401,2372,1.0
2025-06-09,588080.SSE,pm,mid,15,481,477,1.0
2025-06-09,588080.SSE,pm,mid,30,241,239,1.0
2025-06-09,588080.SSE,pm,mid,60,121,120,1.0
2025-06-09,588080.SSE,pm,mid,300,25,24,1.0
2025-06-09,588080.SSE,pm,last,3,2401,2372,1.0
2025-06-09,588080.SSE,pm,last,15,481,477,1.0
2025-06-09,588080.SSE,pm,last,30,241,239,1.0
2025-06-09,588080.SSE,pm,last,60,121,120,1.0
2025-06-09,588080.SSE,pm,last,300,25,24,1.0
2025-06-10,588000.SSE,am,mid,3,2401,2400,1.0
2025-06-10,588000.SSE,am,mid,15,481,480,1.0
2025-06-10,588000.SSE,am,mid,30,241,240,1.0
2025-06-10,588000.SSE,am,mid,60,121,120,1.0
2025-06-10,588000.SSE,am,mid,300,25,24,1.0
2025-06-10,588000.SSE,am,last,3,2401,2400,1.0
2025-06-10,588000.SSE,am,last,15,481,480,1.0
2025-06-10,588000.SSE,am,last,30,241,240,1.0
2025-06-10,588000.SSE,am,last,60,121,120,1.0
2025-06-10,588000.SSE,am,last,300,25,24,1.0
2025-06-10,588000.SSE,pm,mid,3,2401,2400,1.0
2025-06-10,588000.SSE,pm,mid,15,481,480,1.0
2025-06-10,588000.SSE,pm,mid,30,241,240,1.0
2025-06-10,588000.SSE,pm,mid,60,121,120,1.0
2025-06-10,588000.SSE,pm,mid,300,25,24,1.0
2025-06-10,588000.SSE,pm,last,3,2401,2400,1.0
2025-06-10,588000.SSE,pm,last,15,481,480,1.0
2025-06-10,588000.SSE,pm,last,30,241,240,1.0
2025-06-10,588000.SSE,pm,last,60,121,120,1.0
2025-06-10,588000.SSE,pm,last,300,25,24,1.0
2025-06-10,588080.SSE,am,mid,3,2401,2385,2.0
2025-06-10,588080.SSE,am,mid,15,481,479,2.0
2025-06-10,588080.SSE,am,mid,30,241,239,2.0
2025-06-10,588080.SSE,am,mid,60,121,119,2.0
2025-06-10,588080.SSE,am,mid,300,25,24,2.0
2025-06-10,588080.SSE,am,last,3,2401,2385,2.0
2025-06-10,588080.SSE,am,last,15,481,479,2.0
2025-06-10,588080.SSE,am,last,30,241,239,2.0
2025-06-10,588080.SSE,am,last,60,121,119,2.0
2025-06-10,588080.SSE,am,last,300,25,24,2.0
2025-06-10,588080.SSE,pm,mid,3,2401,2399,2.0
2025-06-10,588080.SSE,pm,mid,15,481,480,2.0
2025-06-10,588080.SSE,pm,mid,30,241,240,2.0
2025-06-10,588080.SSE,pm,mid,60,121,120,2.0
2025-06-10,588080.SSE,pm,mid,300,25,24,2.0
2025-06-10,588080.SSE,pm,last,3,2401,2399,2.0
2025-06-10,588080.SSE,pm,last,15,481,480,2.0
2025-06-10,588080.SSE,pm,last,30,241,240,2.0
2025-06-10,588080.SSE,pm,last,60,121,120,2.0
2025-06-10,588080.SSE,pm,last,300,25,24,2.0
2025-06-11,588000.SSE,am,mid,3,2401,2400,1.0
2025-06-11,588000.SSE,am,mid,15,481,480,1.0
2025-06-11,588000.SSE,am,mid,30,241,240,1.0
2025-06-11,588000.SSE,am,mid,60,121,120,1.0
2025-06-11,588000.SSE,am,mid,300,25,24,1.0
2025-06-11,588000.SSE,am,last,3,2401,2400,1.0
2025-06-11,588000.SSE,am,last,15,481,480,1.0
2025-06-11,588000.SSE,am,last,30,241,240,1.0
2025-06-11,588000.SSE,am,last,60,121,120,1.0
2025-06-11,588000.SSE,am,last,300,25,24,1.0
2025-06-11,588000.SSE,pm,mid,3,2401,2400,1.0
2025-06-11,588000.SSE,pm,mid,15,481,480,1.0
2025-06-11,588000.SSE,pm,mid,30,241,240,1.0
2025-06-11,588000.SSE,pm,mid,60,121,120,1.0
2025-06-11,588000.SSE,pm,mid,300,25,24,1.0
2025-06-11,588000.SSE,pm,last,3,2401,2400,1.0
2025-06-11,588000.SSE,pm,last,15,481,480,1.0
2025-06-11,588000.SSE,pm,last,30,241,240,1.0
2025-06-11,588000.SSE,pm,last,60,121,120,1.0
2025-06-11,588000.SSE,pm,last,300,25,24,1.0
2025-06-11,588080.SSE,am,mid,3,2401,2379,1.0
2025-06-11,588080.SSE,am,mid,15,481,475,1.0
2025-06-11,588080.SSE,am,mid,30,241,237,1.0
2025-06-11,588080.SSE,am,mid,60,121,119,1.0
2025-06-11,588080.SSE,am,mid,300,25,23,1.0
2025-06-11,588080.SSE,am,last,3,2401,2379,1.0
2025-06-11,588080.SSE,am,last,15,481,475,1.0
2025-06-11,588080.SSE,am,last,30,241,237,1.0
2025-06-11,588080.SSE,am,last,60,121,119,1.0
2025-06-11,588080.SSE,am,last,300,25,23,1.0
2025-06-11,588080.SSE,pm,mid,3,2401,2387,1.0
2025-06-11,588080.SSE,pm,mid,15,481,474,1.0
2025-06-11,588080.SSE,pm,mid,30,241,236,1.0
2025-06-11,588080.SSE,pm,mid,60,121,118,1.0
2025-06-11,588080.SSE,pm,mid,300,25,24,1.0
2025-06-11,588080.SSE,pm,last,3,2401,2387,1.0
2025-06-11,588080.SSE,pm,last,15,481,474,1.0
2025-06-11,588080.SSE,pm,last,30,241,236,1.0
2025-06-11,588080.SSE,pm,last,60,121,118,1.0
2025-06-11,588080.SSE,pm,last,300,25,24,1.0
2025-06-12,588000.SSE,am,mid,3,2401,2400,2.0
2025-06-12,588000.SSE,am,mid,15,481,480,2.0
2025-06-12,588000.SSE,am,mid,30,241,240,2.0
2025-06-12,588000.SSE,am,mid,60,121,120,2.0
2025-06-12,588000.SSE,am,mid,300,25,24,2.0
2025-06-12,588000.SSE,am,last,3,2401,2400,2.0
2025-06-12,588000.SSE,am,last,15,481,480,2.0
2025-06-12,588000.SSE,am,last,30,241,240,2.0
2025-06-12,588000.SSE,am,last,60,121,120,2.0
2025-06-12,588000.SSE,am,last,300,25,24,2.0
2025-06-12,588000.SSE,pm,mid,3,2401,2400,2.0
2025-06-12,588000.SSE,pm,mid,15,481,480,2.0
2025-06-12,588000.SSE,pm,mid,30,241,240,2.0
2025-06-12,588000.SSE,pm,mid,60,121,120,2.0
2025-06-12,588000.SSE,pm,mid,300,25,24,2.0
2025-06-12,588000.SSE,pm,last,3,2401,2400,2.0
2025-06-12,588000.SSE,pm,last,15,481,480,2.0
2025-06-12,588000.SSE,pm,last,30,241,240,2.0
2025-06-12,588000.SSE,pm,last,60,121,120,2.0
2025-06-12,588000.SSE,pm,last,300,25,24,2.0
2025-06-12,588080.SSE,am,mid,3,2401,2390,1.0
2025-06-12,588080.SSE,am,mid,15,481,476,1.0
2025-06-12,588080.SSE,am,mid,30,241,238,1.0
2025-06-12,588080.SSE,am,mid,60,121,118,1.0
2025-06-12,588080.SSE,am,mid,300,25,23,1.0
2025-06-12,588080.SSE,am,last,3,2401,2390,1.0
2025-06-12,588080.SSE,am,last,15,481,476,1.0
2025-06-12,588080.SSE,am,last,30,241,238,1.0
2025-06-12,588080.SSE,am,last,60,121,118,1.0
2025-06-12,588080.SSE,am,last,300,25,23,1.0
2025-06-12,588080.SSE,pm,mid,3,2401,2394,1.0
2025-06-12,588080.SSE,pm,mid,15,481,480,1.0
2025-06-12,588080.SSE,pm,mid,30,241,240,1.0
2025-06-12,588080.SSE,pm,mid,60,121,120,1.0
2025-06-12,588080.SSE,pm,mid,300,25,24,1.0
2025-06-12,588080.SSE,pm,last,3,2401,2394,1.0
2025-06-12,588080.SSE,pm,last,15,481,480,1.0
2025-06-12,588080.SSE,pm,last,30,241,240,1.0
2025-06-12,588080.SSE,pm,last,60,121,120,1.0
2025-06-12,588080.SSE,pm,last,300,25,24,1.0
2025-06-13,588000.SSE,am,mid,3,2401,2401,0.09454394002498959
2025-06-13,588000.SSE,am,mid,15,481,481,0.11642411642411643
2025-06-13,588000.SSE,am,mid,30,241,241,0.07468879668049792
2025-06-13,588000.SSE,am,mid,60,121,121,0.0743801652892562
2025-06-13,588000.SSE,am,mid,300,25,25,0.0
2025-06-13,588000.SSE,am,last,3,2401,2401,0.09454394002498959
2025-06-13,588000.SSE,am,last,15,481,481,0.11642411642411643
2025-06-13,588000.SSE,am,last,30,241,241,0.07468879668049792
2025-06-13,588000.SSE,am,last,60,121,121,0.0743801652892562
2025-06-13,588000.SSE,am,last,300,25,25,0.0
2025-06-13,588000.SSE,pm,mid,3,2401,2401,0.13910870470637235
2025-06-13,588000.SSE,pm,mid,15,481,481,0.09147609147609148
2025-06-13,588000.SSE,pm,mid,30,241,241,0.1037344398340249
2025-06-13,588000.SSE,pm,mid,60,121,121,0.04132231404958678
2025-06-13,588000.SSE,pm,mid,300,25,25,0.0
2025-06-13,588000.SSE,pm,last,3,2401,2401,0.13910870470637235
2025-06-13,588000.SSE,pm,last,15,481,481,0.09147609147609148
2025-06-13,588000.SSE,pm,last,30,241,241,0.1037344398340249
2025-06-13,588000.SSE,pm,last,60,121,121,0.04132231404958678
2025-06-13,588000.SSE,pm,last,300,25,25,0.0
2025-06-13,588080.SSE,am,mid,3,2401,2400,1.0
2025-06-13,588080.SSE,am,mid,15,481,480,1.0
2025-06-13,588080.SSE,am,mid,30,241,240,1.0
2025-06-13,588080.SSE,am,mid,60,121,120,1.0
2025-06-13,588080.SSE,am,mid,300,25,24,1.0
2025-06-13,588080.SSE,am,last,3,2401,2400,1.0
2025-06-13,588080.SSE,am,last,15,481,480,1.0
2025-06-13,588080.SSE,am,last,30,241,240,1.0
2025-06-13,588080.SSE,am,last,60,121,120,1.0
2025-06-13,588080.SSE,am,last,300,25,24,1.0
2025-06-13,588080.SSE,pm,mid,3,2401,2398,1.0
2025-06-13,588080.SSE,pm,mid,15,481,480,1.0
2025-06-13,588080.SSE,pm,mid,30,241,240,1.0
2025-06-13,588080.SSE,pm,mid,60,121,120,1.0
2025-06-13,588080.SSE,pm,mid,300,25,24,1.0
2025-06-13,588080.SSE,pm,last,3,2401,2398,1.0
2025-06-13,588080.SSE,pm,last,15,481,480,1.0
2025-06-13,588080.SSE,pm,last,30,241,240,1.0
2025-06-13,588080.SSE,pm,last,60,121,120,1.0
2025-06-13,588080.SSE,pm,last,300,25,24,1.0
2025-06-16,588000.SSE,am,mid,3,2401,2400,2.0
2025-06-16,588000.SSE,am,mid,15,481,480,2.0
2025-06-16,588000.SSE,am,mid,30,241,240,2.0
2025-06-16,588000.SSE,am,mid,60,121,120,2.0
2025-06-16,588000.SSE,am,mid,300,25,24,2.0
2025-06-16,588000.SSE,am,last,3,2401,2400,2.0
2025-06-16,588000.SSE,am,last,15,481,480,2.0
2025-06-16,588000.SSE,am,last,30,241,240,2.0
2025-06-16,588000.SSE,am,last,60,121,120,2.0
2025-06-16,588000.SSE,am,last,300,25,24,2.0
2025-06-16,588000.SSE,pm,mid,3,2401,2400,2.0
2025-06-16,588000.SSE,pm,mid,15,481,480,2.0
2025-06-16,588000.SSE,pm,mid,30,241,240,2.0
2025-06-16,588000.SSE,pm,mid,60,121,120,2.0
2025-06-16,588000.SSE,pm,mid,300,25,24,2.0
2025-06-16,588000.SSE,pm,last,3,2401,2400,2.0
2025-06-16,588000.SSE,pm,last,15,481,480,2.0
2025-06-16,588000.SSE,pm,last,30,241,240,2.0
2025-06-16,588000.SSE,pm,last,60,121,120,2.0
2025-06-16,588000.SSE,pm,last,300,25,24,2.0
2025-06-16,588080.SSE,am,mid,3,2401,2401,0.01749271137026239
2025-06-16,588080.SSE,am,mid,15,481,481,0.012474012474012475
2025-06-16,588080.SSE,am,mid,30,241,241,0.012448132780082987
2025-06-16,588080.SSE,am,mid,60,121,121,0.024793388429752067
2025-06-16,588080.SSE,am,mid,300,25,25,0.12
2025-06-16,588080.SSE,am,last,3,2401,2401,0.01749271137026239
2025-06-16,588080.SSE,am,last,15,481,481,0.012474012474012475
2025-06-16,588080.SSE,am,last,30,241,241,0.012448132780082987
2025-06-16,588080.SSE,am,last,60,121,121,0.024793388429752067
2025-06-16,588080.SSE,am,last,300,25,25,0.12
2025-06-16,588080.SSE,pm,mid,3,2401,2401,0.006247396917950854
2025-06-16,588080.SSE,pm,mid,15,481,481,0.006237006237006237
2025-06-16,588080.SSE,pm,mid,30,241,241,0.0
2025-06-16,588080.SSE,pm,mid,60,121,121,0.0
2025-06-16,588080.SSE,pm,mid,300,25,25,0.0
2025-06-16,588080.SSE,pm,last,3,2401,2401,0.006247396917950854
2025-06-16,588080.SSE,pm,last,15,481,481,0.006237006237006237
2025-06-16,588080.SSE,pm,last,30,241,241,0.0
2025-06-16,588080.SSE,pm,last,60,121,121,0.0
2025-06-16,588080.SSE,pm,last,300,25,25,0.0
2025-06-17,588000.SSE,am,mid,3,2401,2400,1.0
2025-06-17,588000.SSE,am,mid,15,481,480,1.0
2025-06-17,588000.SSE,am,mid,30,241,240,1.0
2025-06-17,588000.SSE,am,mid,60,121,120,1.0
2025-06-17,588000.SSE,am,mid,300,25,24,1.0
2025-06-17,588000.SSE,am,last,3,2401,2400,1.0
2025-06-17,588000.SSE,am,last,15,481,480,1.0
2025-06-17,588000.SSE,am,last,30,241,240,1.0
2025-06-17,588000.SSE,am,last,60,121,120,1.0
2025-06-17,588000.SSE,am,last,300,25,24,1.0
2025-06-17,588000.SSE,pm,mid,3,2401,2400,1.0
2025-06-17,588000.SSE,pm,mid,15,481,480,1.0
2025-06-17,588000.SSE,pm,mid,30,241,240,1.0
2025-06-17,588000.SSE,pm,mid,60,121,120,1.0
2025-06-17,588000.SSE,pm,mid,300,25,24,1.0
2025-06-17,588000.SSE,pm,last,3,2401,2400,1.0
2025-06-17,588000.SSE,pm,last,15,481,480,1.0
2025-06-17,588000.SSE,pm,last,30,241,240,1.0
2025-06-17,588000.SSE,pm,last,60,121,120,1.0
2025-06-17,588000.SSE,pm,last,300,25,24,1.0
2025-06-17,588080.SSE,am,mid,3,2401,2400,1.9991666666666668
2025-06-17,588080.SSE,am,mid,15,481,480,2.0
2025-06-17,588080.SSE,am,mid,30,241,240,2.0
2025-06-17,588080.SSE,am,mid,60,121,120,2.0
2025-06-17,588080.SSE,am,mid,300,25,24,2.0
2025-06-17,588080.SSE,am,last,3,2401,2400,1.9991666666666668
2025-06-17,588080.SSE,am,last,15,481,480,2.0
2025-06-17,588080.SSE,am,last,30,241,240,2.0
2025-06-17,588080.SSE,am,last,60,121,120,2.0
2025-06-17,588080.SSE,am,last,300,25,24,2.0
2025-06-17,588080.SSE,pm,mid,3,2401,2395,1.9995824634655532
2025-06-17,588080.SSE,pm,mid,15,481,480,2.0
2025-06-17,588080.SSE,pm,mid,30,241,240,2.0
2025-06-17,588080.SSE,pm,mid,60,121,120,2.0
2025-06-17,588080.SSE,pm,mid,300,25,24,2.0
2025-06-17,588080.SSE,pm,last,3,2401,2395,1.9995824634655532
2025-06-17,588080.SSE,pm,last,15,481,480,2.0
2025-06-17,588080.SSE,pm,last,30,241,240,2.0
2025-06-17,588080.SSE,pm,last,60,121,120,2.0
2025-06-17,588080.SSE,pm,last,300,25,24,2.0
2025-06-18,588000.SSE,am,mid,3,2401,2400,1.0
2025-06-18,588000.SSE,am,mid,15,481,480,1.0
2025-06-18,588000.SSE,am,mid,30,241,240,1.0
2025-06-18,588000.SSE,am,mid,60,121,120,1.0
2025-06-18,588000.SSE,am,mid,300,25,24,1.0
2025-06-18,588000.SSE,am,last,3,2401,2400,1.0
2025-06-18,588000.SSE,am,last,15,481,480,1.0
2025-06-18,588000.SSE,am,last,30,241,240,1.0
2025-06-18,588000.SSE,am,last,60,121,120,1.0
2025-06-18,588000.SSE,am,last,300,25,24,1.0
2025-06-18,588000.SSE,pm,mid,3,2401,2400,1.0
2025-06-18,588000.SSE,pm,mid,15,481,480,1.0
2025-06-18,588000.SSE,pm,mid,30,241,240,1.0
2025-06-18,588000.SSE,pm,mid,60,121,120,1.0
2025-06-18,588000.SSE,pm,mid,300,25,24,1.0
2025-06-18,588000.SSE,pm,last,3,2401,2400,1.0
2025-06-18,588000.SSE,pm,last,15,481,480,1.0
2025-06-18,588000.SSE,pm,last,30,241,240,1.0
2025-06-18,588000.SSE,pm,last,60,121,120,1.0
2025-06-18,588000.SSE,pm,last,300,25,24,1.0
2025-06-18,588080.SSE,am,mid,3,2401,2395,1.0
2025-06-18,588080.SSE,am,mid,15,481,480,1.0
2025-06-18,588080.SSE,am,mid,30,241,240,1.0
2025-06-18,588080.SSE,am,mid,60,121,120,1.0
2025-06-18,588080.SSE,am,mid,300,25,24,1.0
2025-06-18,588080.SSE,am,last,3,2401,2395,1.0
2025-06-18,588080.SSE,am,last,15,481,480,1.0
2025-06-18,588080.SSE,am,last,30,241,240,1.0
2025-06-18,588080.SSE,am,last,60,121,120,1.0
2025-06-18,588080.SSE,am,last,300,25,24,1.0
2025-06-18,588080.SSE,pm,mid,3,2401,2394,1.0
2025-06-18,588080.SSE,pm,mid,15,481,478,1.0
2025-06-18,588080.SSE,pm,mid,30,241,238,1.0
2025-06-18,588080.SSE,pm,mid,60,121,120,1.0
2025-06-18,588080.SSE,pm,mid,300,25,24,1.0
2025-06-18,588080.SSE,pm,last,3,2401,2394,1.0
2025-06-18,588080.SSE,pm,last,15,481,478,1.0
2025-06-18,588080.SSE,pm,last,30,241,238,1.0
2025-06-18,588080.SSE,pm,last,60,121,120,1.0
2025-06-18,588080.SSE,pm,last,300,25,24,1.0
2025-06-19,588000.SSE,am,mid,3,2401,2401,0.0
2025-06-19,588000.SSE,am,mid,15,481,481,0.0
2025-06-19,588000.SSE,am,mid,30,241,241,0.0
2025-06-19,588000.SSE,am,mid,60,121,121,0.0
2025-06-19,588000.SSE,am,mid,300,25,25,0.0
2025-06-19,588000.SSE,am,last,3,2401,2401,0.0
2025-06-19,588000.SSE,am,last,15,481,481,0.0
2025-06-19,588000.SSE,am,last,30,241,241,0.0
2025-06-19,588000.SSE,am,last,60,121,121,0.0
2025-06-19,588000.SSE,am,last,300,25,25,0.0
2025-06-19,588000.SSE,pm,mid,3,2401,2401,0.0
2025-06-19,588000.SSE,pm,mid,15,481,481,0.0
2025-06-19,588000.SSE,pm,mid,30,241,241,0.0
2025-06-19,588000.SSE,pm,mid,60,121,121,0.0
2025-06-19,588000.SSE,pm,mid,300,25,25,0.0
2025-06-19,588000.SSE,pm,last,3,2401,2401,0.0
2025-06-19,588000.SSE,pm,last,15,481,481,0.0
2025-06-19,588000.SSE,pm,last,30,241,241,0.0
2025-06-19,588000.SSE,pm,last,60,121,121,0.0
2025-06-19,588000.SSE,pm,last,300,25,25,0.0
2025-06-19,588080.SSE,am,mid,3,2401,2394,1.0
2025-06-19,588080.SSE,am,mid,15,481,480,1.0
2025-06-19,588080.SSE,am,mid,30,241,240,1.0
2025-06-19,588080.SSE,am,mid,60,121,120,1.0
2025-06-19,588080.SSE,am,mid,300,25,24,1.0
2025-06-19,588080.SSE,am,last,3,2401,2394,1.0
2025-06-19,588080.SSE,am,last,15,481,480,1.0
2025-06-19,588080.SSE,am,last,30,241,240,1.0
2025-06-19,588080.SSE,am,last,60,121,120,1.0
2025-06-19,588080.SSE,am,last,300,25,24,1.0
2025-06-19,588080.SSE,pm,mid,3,2401,2391,1.0
2025-06-19,588080.SSE,pm,mid,15,481,477,1.0
2025-06-19,588080.SSE,pm,mid,30,241,239,1.0
2025-06-19,588080.SSE,pm,mid,60,121,119,1.0
2025-06-19,588080.SSE,pm,mid,300,25,24,1.0
2025-06-19,588080.SSE,pm,last,3,2401,2391,1.0
2025-06-19,588080.SSE,pm,last,15,481,477,1.0
2025-06-19,588080.SSE,pm,last,30,241,239,1.0
2025-06-19,588080.SSE,pm,last,60,121,119,1.0
2025-06-19,588080.SSE,pm,last,300,25,24,1.0
2025-06-20,588000.SSE,am,mid,3,2401,2401,0.0
2025-06-20,588000.SSE,am,mid,15,481,481,0.0
2025-06-20,588000.SSE,am,mid,30,241,241,0.0
2025-06-20,588000.SSE,am,mid,60,121,121,0.0
2025-06-20,588000.SSE,am,mid,300,25,25,0.0
2025-06-20,588000.SSE,am,last,3,2401,2401,0.0
2025-06-20,588000.SSE,am,last,15,481,481,0.0
2025-06-20,588000.SSE,am,last,30,241,241,0.0
2025-06-20,588000.SSE,am,last,60,121,121,0.0
2025-06-20,588000.SSE,am,last,300,25,25,0.0
2025-06-20,588000.SSE,pm,mid,3,2401,2401,0.0
2025-06-20,588000.SSE,pm,mid,15,481,481,0.0
2025-06-20,588000.SSE,pm,mid,30,241,241,0.0
2025-06-20,588000.SSE,pm,mid,60,121,121,0.0
2025-06-20,588000.SSE,pm,mid,300,25,25,0.0
2025-06-20,588000.SSE,pm,last,3,2401,2401,0.0
2025-06-20,588000.SSE,pm,last,15,481,481,0.0
2025-06-20,588000.SSE,pm,last,30,241,241,0.0
2025-06-20,588000.SSE,pm,last,60,121,121,0.0
2025-06-20,588000.SSE,pm,last,300,25,25,0.0
2025-06-20,588080.SSE,am,mid,3,2401,2401,0.026239067055393587
2025-06-20,588080.SSE,am,mid,15,481,481,0.006237006237006237
2025-06-20,588080.SSE,am,mid,30,241,241,0.012448132780082987
2025-06-20,588080.SSE,am,mid,60,121,121,0.0
2025-06-20,588080.SSE,am,mid,300,25,25,0.0
2025-06-20,588080.SSE,am,last,3,2401,2401,0.026239067055393587
2025-06-20,588080.SSE,am,last,15,481,481,0.006237006237006237
2025-06-20,588080.SSE,am,last,30,241,241,0.012448132780082987
2025-06-20,588080.SSE,am,last,60,121,121,0.0
2025-06-20,588080.SSE,am,last,300,25,25,0.0
2025-06-20,588080.SSE,pm,mid,3,2401,2401,0.0024989587671803417
2025-06-20,588080.SSE,pm,mid,15,481,481,0.006237006237006237
2025-06-20,588080.SSE,pm,mid,30,241,241,0.012448132780082987
2025-06-20,588080.SSE,pm,mid,60,121,121,0.0
2025-06-20,588080.SSE,pm,mid,300,25,25,0.0
2025-06-20,588080.SSE,pm,last,3,2401,2401,0.0024989587671803417
2025-06-20,588080.SSE,pm,last,15,481,481,0.006237006237006237
2025-06-20,588080.SSE,pm,last,30,241,241,0.012448132780082987
2025-06-20,588080.SSE,pm,last,60,121,121,0.0
2025-06-20,588080.SSE,pm,last,300,25,25,0.0
2025-06-23,588000.SSE,am,mid,3,2401,2400,1.0
2025-06-23,588000.SSE,am,mid,15,481,480,1.0
2025-06-23,588000.SSE,am,mid,30,241,240,1.0
2025-06-23,588000.SSE,am,mid,60,121,120,1.0
2025-06-23,588000.SSE,am,mid,300,25,24,1.0
2025-06-23,588000.SSE,am,last,3,2401,2400,1.0
2025-06-23,588000.SSE,am,last,15,481,480,1.0
2025-06-23,588000.SSE,am,last,30,241,240,1.0
2025-06-23,588000.SSE,am,last,60,121,120,1.0
2025-06-23,588000.SSE,am,last,300,25,24,1.0
2025-06-23,588000.SSE,pm,mid,3,2401,2400,1.0
2025-06-23,588000.SSE,pm,mid,15,481,480,1.0
2025-06-23,588000.SSE,pm,mid,30,241,240,1.0
2025-06-23,588000.SSE,pm,mid,60,121,120,1.0
2025-06-23,588000.SSE,pm,mid,300,25,24,1.0
2025-06-23,588000.SSE,pm,last,3,2401,2400,1.0
2025-06-23,588000.SSE,pm,last,15,481,480,1.0
2025-06-23,588000.SSE,pm,last,30,241,240,1.0
2025-06-23,588000.SSE,pm,last,60,121,120,1.0
2025-06-23,588000.SSE,pm,last,300,25,24,1.0
2025-06-23,588080.SSE,am,mid,3,2401,2374,2.0
2025-06-23,588080.SSE,am,mid,15,481,478,2.0
2025-06-23,588080.SSE,am,mid,30,241,238,2.0
2025-06-23,588080.SSE,am,mid,60,121,120,2.0
2025-06-23,588080.SSE,am,mid,300,25,24,2.0
2025-06-23,588080.SSE,am,last,3,2401,2374,2.0
2025-06-23,588080.SSE,am,last,15,481,478,2.0
2025-06-23,588080.SSE,am,last,30,241,238,2.0
2025-06-23,588080.SSE,am,last,60,121,120,2.0
2025-06-23,588080.SSE,am,last,300,25,24,2.0
2025-06-23,588080.SSE,pm,mid,3,2401,2370,2.0
2025-06-23,588080.SSE,pm,mid,15,481,473,2.0
2025-06-23,588080.SSE,pm,mid,30,241,238,2.0
2025-06-23,588080.SSE,pm,mid,60,121,120,2.0
2025-06-23,588080.SSE,pm,mid,300,25,24,2.0
2025-06-23,588080.SSE,pm,last,3,2401,2370,2.0
2025-06-23,588080.SSE,pm,last,15,481,473,2.0
2025-06-23,588080.SSE,pm,last,30,241,238,2.0
2025-06-23,588080.SSE,pm,last,60,121,120,2.0
2025-06-23,588080.SSE,pm,last,300,25,24,2.0
2025-06-24,588000.SSE,am,mid,3,2401,2400,2.0
2025-06-24,588000.SSE,am,mid,15,481,480,2.0
2025-06-24,588000.SSE,am,mid,30,241,240,2.0
2025-06-24,588000.SSE,am,mid,60,121,120,2.0
2025-06-24,588000.SSE,am,mid,300,25,24,2.0
2025-06-24,588000.SSE,am,last,3,2401,2400,2.0
2025-06-24,588000.SSE,am,last,15,481,480,2.0
2025-06-24,588000.SSE,am,last,30,241,240,2.0
2025-06-24,588000.SSE,am,last,60,121,120,2.0
2025-06-24,588000.SSE,am,last,300,25,24,2.0
2025-06-24,588000.SSE,pm,mid,3,2401,2400,2.0
2025-06-24,588000.SSE,pm,mid,15,481,480,2.0
2025-06-24,588000.SSE,pm,mid,30,241,240,2.0
2025-06-24,588000.SSE,pm,mid,60,121,120,2.0
2025-06-24,588000.SSE,pm,mid,300,25,24,2.0
2025-06-24,588000.SSE,pm,last,3,2401,2400,2.0
2025-06-24,588000.SSE,pm,last,15,481,480,2.0
2025-06-24,588000.SSE,pm,last,30,241,240,2.0
2025-06-24,588000.SSE,pm,last,60,121,120,2.0
2025-06-24,588000.SSE,pm,last,300,25,24,2.0
2025-06-24,588080.SSE,am,mid,3,2401,2396,2.0
2025-06-24,588080.SSE,am,mid,15,481,480,2.0
2025-06-24,588080.SSE,am,mid,30,241,240,2.0
2025-06-24,588080.SSE,am,mid,60,121,120,2.0
2025-06-24,588080.SSE,am,mid,300,25,24,2.0
2025-06-24,588080.SSE,am,last,3,2401,2396,2.0
2025-06-24,588080.SSE,am,last,15,481,480,2.0
2025-06-24,588080.SSE,am,last,30,241,240,2.0
2025-06-24,588080.SSE,am,last,60,121,120,2.0
2025-06-24,588080.SSE,am,last,300,25,24,2.0
2025-06-24,588080.SSE,pm,mid,3,2401,2392,2.0
2025-06-24,588080.SSE,pm,mid,15,481,476,2.0
2025-06-24,588080.SSE,pm,mid,30,241,240,2.0
2025-06-24,588080.SSE,pm,mid,60,121,120,2.0
2025-06-24,588080.SSE,pm,mid,300,25,24,2.0
2025-06-24,588080.SSE,pm,last,3,2401,2392,2.0
2025-06-24,588080.SSE,pm,last,15,481,476,2.0
2025-06-24,588080.SSE,pm,last,30,241,240,2.0
2025-06-24,588080.SSE,pm,last,60,121,120,2.0
2025-06-24,588080.SSE,pm,last,300,25,24,2.0
2025-06-25,588000.SSE,am,mid,3,2401,2401,0.0
2025-06-25,588000.SSE,am,mid,15,481,481,0.0
2025-06-25,588000.SSE,am,mid,30,241,241,0.0
2025-06-25,588000.SSE,am,mid,60,121,121,0.0
2025-06-25,588000.SSE,am,mid,300,25,25,0.0
2025-06-25,588000.SSE,am,last,3,2401,2401,0.0
2025-06-25,588000.SSE,am,last,15,481,481,0.0
2025-06-25,588000.SSE,am,last,30,241,241,0.0
2025-06-25,588000.SSE,am,last,60,121,121,0.0
2025-06-25,588000.SSE,am,last,300,25,25,0.0
2025-06-25,588000.SSE,pm,mid,3,2401,2401,0.0
2025-06-25,588000.SSE,pm,mid,15,481,481,0.0
2025-06-25,588000.SSE,pm,mid,30,241,241,0.0
2025-06-25,588000.SSE,pm,mid,60,121,121,0.0
2025-06-25,588000.SSE,pm,mid,300,25,25,0.0
2025-06-25,588000.SSE,pm,last,3,2401,2401,0.0
2025-06-25,588000.SSE,pm,last,15,481,481,0.0
2025-06-25,588000.SSE,pm,last,30,241,241,0.0
2025-06-25,588000.SSE,pm,last,60,121,121,0.0
2025-06-25,588000.SSE,pm,last,300,25,25,0.0
2025-06-25,588080.SSE,am,mid,3,2401,2395,2.0
2025-06-25,588080.SSE,am,mid,15,481,479,2.0
2025-06-25,588080.SSE,am,mid,30,241,239,2.0
2025-06-25,588080.SSE,am,mid,60,121,120,2.0
2025-06-25,588080.SSE,am,mid,300,25,24,2.0
2025-06-25,588080.SSE,am,last,3,2401,2395,2.0
2025-06-25,588080.SSE,am,last,15,481,479,2.0
2025-06-25,588080.SSE,am,last,30,241,239,2.0
2025-06-25,588080.SSE,am,last,60,121,120,2.0
2025-06-25,588080.SSE,am,last,300,25,24,2.0
2025-06-25,588080.SSE,pm,mid,3,2401,2400,2.0
2025-06-25,588080.SSE,pm,mid,15,481,480,2.0
2025-06-25,588080.SSE,pm,mid,30,241,240,2.0
2025-06-25,588080.SSE,pm,mid,60,121,120,2.0
2025-06-25,588080.SSE,pm,mid,300,25,24,2.0
2025-06-25,588080.SSE,pm,last,3,2401,2400,2.0
2025-06-25,588080.SSE,pm,last,15,481,480,2.0
2025-06-25,588080.SSE,pm,last,30,241,240,2.0
2025-06-25,588080.SSE,pm,last,60,121,120,2.0
2025-06-25,588080.SSE,pm,last,300,25,24,2.0
2025-06-26,588000.SSE,am,mid,3,2401,2400,1.0
2025-06-26,588000.SSE,am,mid,15,481,480,1.0
2025-06-26,588000.SSE,am,mid,30,241,240,1.0
2025-06-26,588000.SSE,am,mid,60,121,120,1.0
2025-06-26,588000.SSE,am,mid,300,25,24,1.0
2025-06-26,588000.SSE,am,last,3,2401,2400,1.0
2025-06-26,588000.SSE,am,last,15,481,480,1.0
2025-06-26,588000.SSE,am,last,30,241,240,1.0
2025-06-26,588000.SSE,am,last,60,121,120,1.0
2025-06-26,588000.SSE,am,last,300,25,24,1.0
2025-06-26,588000.SSE,pm,mid,3,2401,2400,1.0
2025-06-26,588000.SSE,pm,mid,15,481,480,1.0
2025-06-26,588000.SSE,pm,mid,30,241,240,1.0
2025-06-26,588000.SSE,pm,mid,60,121,120,1.0
2025-06-26,588000.SSE,pm,mid,300,25,24,1.0
2025-06-26,588000.SSE,pm,last,3,2401,2400,1.0
2025-06-26,588000.SSE,pm,last,15,481,480,1.0
2025-06-26,588000.SSE,pm,last,30,241,240,1.0
2025-06-26,588000.SSE,pm,last,60,121,120,1.0
2025-06-26,588000.SSE,pm,last,300,25,24,1.0
2025-06-26,588080.SSE,am,mid,3,2401,2400,0.12875
2025-06-26,588080.SSE,am,mid,15,481,480,0.13541666666666666
2025-06-26,588080.SSE,am,mid,30,241,240,0.14583333333333334
2025-06-26,588080.SSE,am,mid,60,121,120,0.125
2025-06-26,588080.SSE,am,mid,300,25,24,0.08333333333333333
2025-06-26,588080.SSE,am,last,3,2401,2400,0.12875
2025-06-26,588080.SSE,am,last,15,481,480,0.13541666666666666
2025-06-26,588080.SSE,am,last,30,241,240,0.14583333333333334
2025-06-26,588080.SSE,am,last,60,121,120,0.125
2025-06-26,588080.SSE,am,last,300,25,24,0.08333333333333333
2025-06-26,588080.SSE,pm,mid,3,2401,2400,0.13458333333333333
2025-06-26,588080.SSE,pm,mid,15,481,480,0.15625
2025-06-26,588080.SSE,pm,mid,30,241,240,0.14583333333333334
2025-06-26,588080.SSE,pm,mid,60,121,120,0.15
2025-06-26,588080.SSE,pm,mid,300,25,24,0.25
2025-06-26,588080.SSE,pm,last,3,2401,2400,0.13458333333333333
2025-06-26,588080.SSE,pm,last,15,481,480,0.15625
2025-06-26,588080.SSE,pm,last,30,241,240,0.14583333333333334
2025-06-26,588080.SSE,pm,last,60,121,120,0.15
2025-06-26,588080.SSE,pm,last,300,25,24,0.25
2025-06-27,588000.SSE,am,mid,3,2401,2401,0.0
2025-06-27,588000.SSE,am,mid,15,481,481,0.0
2025-06-27,588000.SSE,am,mid,30,241,241,0.0
2025-06-27,588000.SSE,am,mid,60,121,121,0.0
2025-06-27,588000.SSE,am,mid,300,25,25,0.0
2025-06-27,588000.SSE,am,last,3,2401,2401,0.0
2025-06-27,588000.SSE,am,last,15,481,481,0.0
2025-06-27,588000.SSE,am,last,30,241,241,0.0
2025-06-27,588000.SSE,am,last,60,121,121,0.0
2025-06-27,588000.SSE,am,last,300,25,25,0.0
2025-06-27,588000.SSE,pm,mid,3,2401,2401,0.0
2025-06-27,588000.SSE,pm,mid,15,481,481,0.0
2025-06-27,588000.SSE,pm,mid,30,241,241,0.0
2025-06-27,588000.SSE,pm,mid,60,121,121,0.0
2025-06-27,588000.SSE,pm,mid,300,25,25,0.0
2025-06-27,588000.SSE,pm,last,3,2401,2401,0.0
2025-06-27,588000.SSE,pm,last,15,481,481,0.0
2025-06-27,588000.SSE,pm,last,30,241,241,0.0
2025-06-27,588000.SSE,pm,last,60,121,121,0.0
2025-06-27,588000.SSE,pm,last,300,25,25,0.0
2025-06-27,588080.SSE,am,mid,3,2401,2401,0.0049979175343606835
2025-06-27,588080.SSE,am,mid,15,481,481,0.0
2025-06-27,588080.SSE,am,mid,30,241,241,0.0
2025-06-27,588080.SSE,am,mid,60,121,121,0.0
2025-06-27,588080.SSE,am,mid,300,25,25,0.0
2025-06-27,588080.SSE,am,last,3,2401,2401,0.0049979175343606835
2025-06-27,588080.SSE,am,last,15,481,481,0.0
2025-06-27,588080.SSE,am,last,30,241,241,0.0
2025-06-27,588080.SSE,am,last,60,121,121,0.0
2025-06-27,588080.SSE,am,last,300,25,25,0.0
2025-06-27,588080.SSE,pm,mid,3,2401,2401,0.0024989587671803417
2025-06-27,588080.SSE,pm,mid,15,481,481,0.006237006237006237
2025-06-27,588080.SSE,pm,mid,30,241,241,0.012448132780082987
2025-06-27,588080.SSE,pm,mid,60,121,121,0.0
2025-06-27,588080.SSE,pm,mid,300,25,25,0.0
2025-06-27,588080.SSE,pm,last,3,2401,2401,0.0024989587671803417
2025-06-27,588080.SSE,pm,last,15,481,481,0.006237006237006237
2025-06-27,588080.SSE,pm,last,30,241,241,0.012448132780082987
2025-06-27,588080.SSE,pm,last,60,121,121,0.0
2025-06-27,588080.SSE,pm,last,300,25,25,0.0
2025-06-30,588000.SSE,am,mid,3,2401,2401,0.0
2025-06-30,588000.SSE,am,mid,15,481,481,0.0
2025-06-30,588000.SSE,am,mid,30,241,241,0.0
2025-06-30,588000.SSE,am,mid,60,121,121,0.0
2025-06-30,588000.SSE,am,mid,300,25,25,0.0
2025-06-30,588000.SSE,am,last,3,2401,2401,0.0
2025-06-30,588000.SSE,am,last,15,481,481,0.0
2025-06-30,588000.SSE,am,last,30,241,241,0.0
2025-06-30,588000.SSE,am,last,60,121,121,0.0
2025-06-30,588000.SSE,am,last,300,25,25,0.0
2025-06-30,588000.SSE,pm,mid,3,2401,2401,0.0
2025-06-30,588000.SSE,pm,mid,15,481,481,0.0
2025-06-30,588000.SSE,pm,mid,30,241,241,0.0
2025-06-30,588000.SSE,pm,mid,60,121,121,0.0
2025-06-30,588000.SSE,pm,mid,300,25,25,0.0
2025-06-30,588000.SSE,pm,last,3,2401,2401,0.0
2025-06-30,588000.SSE,pm,last,15,481,481,0.0
2025-06-30,588000.SSE,pm,last,30,241,241,0.0
2025-06-30,588000.SSE,pm,last,60,121,121,0.0
2025-06-30,588000.SSE,pm,last,300,25,25,0.0
2025-06-30,588080.SSE,am,mid,3,2401,2393,1.0
2025-06-30,588080.SSE,am,mid,15,481,478,1.0
2025-06-30,588080.SSE,am,mid,30,241,239,1.0
2025-06-30,588080.SSE,am,mid,60,121,120,1.0
2025-06-30,588080.SSE,am,mid,300,25,24,1.0
2025-06-30,588080.SSE,am,last,3,2401,2393,1.0
2025-06-30,588080.SSE,am,last,15,481,478,1.0
2025-06-30,588080.SSE,am,last,30,241,239,1.0
2025-06-30,588080.SSE,am,last,60,121,120,1.0
2025-06-30,588080.SSE,am,last,300,25,24,1.0
2025-06-30,588080.SSE,pm,mid,3,2401,2399,1.0
2025-06-30,588080.SSE,pm,mid,15,481,480,1.0
2025-06-30,588080.SSE,pm,mid,30,241,240,1.0
2025-06-30,588080.SSE,pm,mid,60,121,120,1.0
2025-06-30,588080.SSE,pm,mid,300,25,24,1.0
2025-06-30,588080.SSE,pm,last,3,2401,2399,1.0
2025-06-30,588080.SSE,pm,last,15,481,480,1.0
2025-06-30,588080.SSE,pm,last,30,241,240,1.0
2025-06-30,588080.SSE,pm,last,60,121,120,1.0
2025-06-30,588080.SSE,pm,last,300,25,24,1.0
2025-07-01,588000.SSE,am,mid,3,2401,2400,1.0
2025-07-01,588000.SSE,am,mid,15,481,480,1.0
2025-07-01,588000.SSE,am,mid,30,241,240,1.0
2025-07-01,588000.SSE,am,mid,60,121,120,1.0
2025-07-01,588000.SSE,am,mid,300,25,24,1.0
2025-07-01,588000.SSE,am,last,3,2401,2400,1.0
2025-07-01,588000.SSE,am,last,15,481,480,1.0
2025-07-01,588000.SSE,am,last,30,241,240,1.0
2025-07-01,588000.SSE,am,last,60,121,120,1.0
2025-07-01,588000.SSE,am,last,300,25,24,1.0
2025-07-01,588000.SSE,pm,mid,3,2401,2400,1.0
2025-07-01,588000.SSE,pm,mid,15,481,480,1.0
2025-07-01,588000.SSE,pm,mid,30,241,240,1.0
2025-07-01,588000.SSE,pm,mid,60,121,120,1.0
2025-07-01,588000.SSE,pm,mid,300,25,24,1.0
2025-07-01,588000.SSE,pm,last,3,2401,2400,1.0
2025-07-01,588000.SSE,pm,last,15,481,480,1.0
2025-07-01,588000.SSE,pm,last,30,241,240,1.0
2025-07-01,588000.SSE,pm,last,60,121,120,1.0
2025-07-01,588000.SSE,pm,last,300,25,24,1.0
2025-07-01,588080.SSE,am,mid,3,2401,2391,2.0
2025-07-01,588080.SSE,am,mid,15,481,479,2.0
2025-07-01,588080.SSE,am,mid,30,241,240,2.0
2025-07-01,588080.SSE,am,mid,60,121,120,2.0
2025-07-01,588080.SSE,am,mid,300,25,24,2.0
2025-07-01,588080.SSE,am,last,3,2401,2391,2.0
2025-07-01,588080.SSE,am,last,15,481,479,2.0
2025-07-01,588080.SSE,am,last,30,241,240,2.0
2025-07-01,588080.SSE,am,last,60,121,120,2.0
2025-07-01,588080.SSE,am,last,300,25,24,2.0
2025-07-01,588080.SSE,pm,mid,3,2401,2380,2.0
2025-07-01,588080.SSE,pm,mid,15,481,475,2.0
2025-07-01,588080.SSE,pm,mid,30,241,236,2.0
2025-07-01,588080.SSE,pm,mid,60,121,118,2.0
2025-07-01,588080.SSE,pm,mid,300,25,23,2.0
2025-07-01,588080.SSE,pm,last,3,2401,2380,2.0
2025-07-01,588080.SSE,pm,last,15,481,475,2.0
2025-07-01,588080.SSE,pm,last,30,241,236,2.0
2025-07-01,588080.SSE,pm,last,60,121,118,2.0
2025-07-01,588080.SSE,pm,last,300,25,23,2.0
2025-07-02,588000.SSE,am,mid,3,2401,2400,2.0
2025-07-02,588000.SSE,am,mid,15,481,480,2.0
2025-07-02,588000.SSE,am,mid,30,241,240,2.0
2025-07-02,588000.SSE,am,mid,60,121,120,2.0
2025-07-02,588000.SSE,am,mid,300,25,24,2.0
2025-07-02,588000.SSE,am,last,3,2401,2400,2.0
2025-07-02,588000.SSE,am,last,15,481,480,2.0
2025-07-02,588000.SSE,am,last,30,241,240,2.0
2025-07-02,588000.SSE,am,last,60,121,120,2.0
2025-07-02,588000.SSE,am,last,300,25,24,2.0
2025-07-02,588000.SSE,pm,mid,3,2401,2400,2.0
2025-07-02,588000.SSE,pm,mid,15,481,480,2.0
2025-07-02,588000.SSE,pm,mid,30,241,240,2.0
2025-07-02,588000.SSE,pm,mid,60,121,120,2.0
2025-07-02,588000.SSE,pm,mid,300,25,24,2.0
2025-07-02,588000.SSE,pm,last,3,2401,2400,2.0
2025-07-02,588000.SSE,pm,last,15,481,480,2.0
2025-07-02,588000.SSE,pm,last,30,241,240,2.0
2025-07-02,588000.SSE,pm,last,60,121,120,2.0
2025-07-02,588000.SSE,pm,last,300,25,24,2.0
2025-07-02,588080.SSE,am,mid,3,2401,2393,2.0
2025-07-02,588080.SSE,am,mid,15,481,478,2.0
2025-07-02,588080.SSE,am,mid,30,241,239,2.0
2025-07-02,588080.SSE,am,mid,60,121,119,2.0
2025-07-02,588080.SSE,am,mid,300,25,24,2.0
2025-07-02,588080.SSE,am,last,3,2401,2393,2.0
2025-07-02,588080.SSE,am,last,15,481,478,2.0
2025-07-02,588080.SSE,am,last,30,241,239,2.0
2025-07-02,588080.SSE,am,last,60,121,119,2.0
2025-07-02,588080.SSE,am,last,300,25,24,2.0
2025-07-02,588080.SSE,pm,mid,3,2401,2396,2.0
2025-07-02,588080.SSE,pm,mid,15,481,478,2.0
2025-07-02,588080.SSE,pm,mid,30,241,240,2.0
2025-07-02,588080.SSE,pm,mid,60,121,120,2.0
2025-07-02,588080.SSE,pm,mid,300,25,24,2.0
2025-07-02,588080.SSE,pm,last,3,2401,2396,2.0
2025-07-02,588080.SSE,pm,last,15,481,478,2.0
2025-07-02,588080.SSE,pm,last,30,241,240,2.0
2025-07-02,588080.SSE,pm,last,60,121,120,2.0
2025-07-02,588080.SSE,pm,last,300,25,24,2.0
2025-07-03,588000.SSE,am,mid,3,2401,2401,0.0
2025-07-03,588000.SSE,am,mid,15,481,481,0.0
2025-07-03,588000.SSE,am,mid,30,241,241,0.0
2025-07-03,588000.SSE,am,mid,60,121,121,0.0
2025-07-03,588000.SSE,am,mid,300,25,25,0.0
2025-07-03,588000.SSE,am,last,3,2401,2401,0.0
2025-07-03,588000.SSE,am,last,15,481,481,0.0
2025-07-03,588000.SSE,am,last,30,241,241,0.0
2025-07-03,588000.SSE,am,last,60,121,121,0.0
2025-07-03,588000.SSE,am,last,300,25,25,0.0
2025-07-03,588000.SSE,pm,mid,3,2401,2401,0.0
2025-07-03,588000.SSE,pm,mid,15,481,481,0.0
2025-07-03,588000.SSE,pm,mid,30,241,241,0.0
2025-07-03,588000.SSE,pm,mid,60,121,121,0.0
2025-07-03,588000.SSE,pm,mid,300,25,25,0.0
2025-07-03,588000.SSE,pm,last,3,2401,2401,0.0
2025-07-03,588000.SSE,pm,last,15,481,481,0.0
2025-07-03,588000.SSE,pm,last,30,241,241,0.0
2025-07-03,588000.SSE,pm,last,60,121,121,0.0
2025-07-03,588000.SSE,pm,last,300,25,25,0.0
2025-07-03,588080.SSE,am,mid,3,2401,2400,0.0175
2025-07-03,588080.SSE,am,mid,15,481,480,0.0125
2025-07-03,588080.SSE,am,mid,30,241,240,0.0
2025-07-03,588080.SSE,am,mid,60,121,120,0.0
2025-07-03,588080.SSE,am,mid,300,25,24,0.0
2025-07-03,588080.SSE,am,last,3,2401,2400,0.0175
2025-07-03,588080.SSE,am,last,15,481,480,0.0125
2025-07-03,588080.SSE,am,last,30,241,240,0.0
2025-07-03,588080.SSE,am,last,60,121,120,0.0
2025-07-03,588080.SSE,am,last,300,25,24,0.0
2025-07-03,588080.SSE,pm,mid,3,2401,2400,0.00875
2025-07-03,588080.SSE,pm,mid,15,481,480,0.0125
2025-07-03,588080.SSE,pm,mid,30,241,240,0.0
2025-07-03,588080.SSE,pm,mid,60,121,120,0.0
2025-07-03,588080.SSE,pm,mid,300,25,24,0.0
2025-07-03,588080.SSE,pm,last,3,2401,2400,0.00875
2025-07-03,588080.SSE,pm,last,15,481,480,0.0125
2025-07-03,588080.SSE,pm,last,30,241,240,0.0
2025-07-03,588080.SSE,pm,last,60,121,120,0.0
2025-07-03,588080.SSE,pm,last,300,25,24,0.0
2025-07-04,588000.SSE,am,mid,3,2401,2400,2.0
2025-07-04,588000.SSE,am,mid,15,481,480,2.0
2025-07-04,588000.SSE,am,mid,30,241,240,2.0
2025-07-04,588000.SSE,am,mid,60,121,120,2.0
2025-07-04,588000.SSE,am,mid,300,25,24,2.0
2025-07-04,588000.SSE,am,last,3,2401,2400,2.0
2025-07-04,588000.SSE,am,last,15,481,480,2.0
2025-07-04,588000.SSE,am,last,30,241,240,2.0
2025-07-04,588000.SSE,am,last,60,121,120,2.0
2025-07-04,588000.SSE,am,last,300,25,24,2.0
2025-07-04,588000.SSE,pm,mid,3,2401,2400,2.0
2025-07-04,588000.SSE,pm,mid,15,481,480,2.0
2025-07-04,588000.SSE,pm,mid,30,241,240,2.0
2025-07-04,588000.SSE,pm,mid,60,121,120,2.0
2025-07-04,588000.SSE,pm,mid,300,25,24,2.0
2025-07-04,588000.SSE,pm,last,3,2401,2400,2.0
2025-07-04,588000.SSE,pm,last,15,481,480,2.0
2025-07-04,588000.SSE,pm,last,30,241,240,2.0
2025-07-04,588000.SSE,pm,last,60,121,120,2.0
2025-07-04,588000.SSE,pm,last,300,25,24,2.0
2025-07-04,588080.SSE,am,mid,3,2401,2392,2.0
2025-07-04,588080.SSE,am,mid,15,481,477,2.0
2025-07-04,588080.SSE,am,mid,30,241,239,2.0
2025-07-04,588080.SSE,am,mid,60,121,119,2.0
2025-07-04,588080.SSE,am,mid,300,25,24,2.0
2025-07-04,588080.SSE,am,last,3,2401,2392,2.0
2025-07-04,588080.SSE,am,last,15,481,477,2.0
2025-07-04,588080.SSE,am,last,30,241,239,2.0
2025-07-04,588080.SSE,am,last,60,121,119,2.0
2025-07-04,588080.SSE,am,last,300,25,24,2.0
2025-07-04,588080.SSE,pm,mid,3,2401,2399,2.0
2025-07-04,588080.SSE,pm,mid,15,481,480,2.0
2025-07-04,588080.SSE,pm,mid,30,241,240,2.0
2025-07-04,588080.SSE,pm,mid,60,121,120,2.0
2025-07-04,588080.SSE,pm,mid,300,25,24,2.0
2025-07-04,588080.SSE,pm,last,3,2401,2399,2.0
2025-07-04,588080.SSE,pm,last,15,481,480,2.0
2025-07-04,588080.SSE,pm,last,30,241,240,2.0
2025-07-04,588080.SSE,pm,last,60,121,120,2.0
2025-07-04,588080.SSE,pm,last,300,25,24,2.0
2025-07-07,588000.SSE,am,mid,3,2401,2400,1.0
2025-07-07,588000.SSE,am,mid,15,481,480,1.0
2025-07-07,588000.SSE,am,mid,30,241,240,1.0
2025-07-07,588000.SSE,am,mid,60,121,120,1.0
2025-07-07,588000.SSE,am,mid,300,25,24,1.0
2025-07-07,588000.SSE,am,last,3,2401,2400,1.0
2025-07-07,588000.SSE,am,last,15,481,480,1.0
2025-07-07,588000.SSE,am,last,30,241,240,1.0
2025-07-07,588000.SSE,am,last,60,121,120,1.0
2025-07-07,588000.SSE,am,last,300,25,24,1.0
2025-07-07,588000.SSE,pm,mid,3,2401,2400,1.0
2025-07-07,588000.SSE,pm,mid,15,481,480,1.0
2025-07-07,588000.SSE,pm,mid,30,241,240,1.0
2025-07-07,588000.SSE,pm,mid,60,121,120,1.0
2025-07-07,588000.SSE,pm,mid,300,25,24,1.0
2025-07-07,588000.SSE,pm,last,3,2401,2400,1.0
2025-07-07,588000.SSE,pm,last,15,481,480,1.0
2025-07-07,588000.SSE,pm,last,30,241,240,1.0
2025-07-07,588000.SSE,pm,last,60,121,120,1.0
2025-07-07,588000.SSE,pm,last,300,25,24,1.0
2025-07-07,588080.SSE,am,mid,3,2401,2387,1.0
2025-07-07,588080.SSE,am,mid,15,481,476,1.0
2025-07-07,588080.SSE,am,mid,30,241,236,1.0
2025-07-07,588080.SSE,am,mid,60,121,120,1.0
2025-07-07,588080.SSE,am,mid,300,25,24,1.0
2025-07-07,588080.SSE,am,last,3,2401,2387,1.0
2025-07-07,588080.SSE,am,last,15,481,476,1.0
2025-07-07,588080.SSE,am,last,30,241,236,1.0
2025-07-07,588080.SSE,am,last,60,121,120,1.0
2025-07-07,588080.SSE,am,last,300,25,24,1.0
2025-07-07,588080.SSE,pm,mid,3,2401,2393,1.0
2025-07-07,588080.SSE,pm,mid,15,481,480,1.0
2025-07-07,588080.SSE,pm,mid,30,241,240,1.0
2025-07-07,588080.SSE,pm,mid,60,121,120,1.0
2025-07-07,588080.SSE,pm,mid,300,25,24,1.0
2025-07-07,588080.SSE,pm,last,3,2401,2393,1.0
2025-07-07,588080.SSE,pm,last,15,481,480,1.0
2025-07-07,588080.SSE,pm,last,30,241,240,1.0
2025-07-07,588080.SSE,pm,last,60,121,120,1.0
2025-07-07,588080.SSE,pm,last,300,25,24,1.0
2025-07-08,588000.SSE,am,mid,3,2401,2400,1.0
2025-07-08,588000.SSE,am,mid,15,481,480,1.0
2025-07-08,588000.SSE,am,mid,30,241,240,1.0
2025-07-08,588000.SSE,am,mid,60,121,120,1.0
2025-07-08,588000.SSE,am,mid,300,25,24,1.0
2025-07-08,588000.SSE,am,last,3,2401,2400,1.0
2025-07-08,588000.SSE,am,last,15,481,480,1.0
2025-07-08,588000.SSE,am,last,30,241,240,1.0
2025-07-08,588000.SSE,am,last,60,121,120,1.0
2025-07-08,588000.SSE,am,last,300,25,24,1.0
2025-07-08,588000.SSE,pm,mid,3,2401,2400,1.0
2025-07-08,588000.SSE,pm,mid,15,481,480,1.0
2025-07-08,588000.SSE,pm,mid,30,241,240,1.0
2025-07-08,588000.SSE,pm,mid,60,121,120,1.0
2025-07-08,588000.SSE,pm,mid,300,25,24,1.0
2025-07-08,588000.SSE,pm,last,3,2401,2400,1.0
2025-07-08,588000.SSE,pm,last,15,481,480,1.0
2025-07-08,588000.SSE,pm,last,30,241,240,1.0
2025-07-08,588000.SSE,pm,last,60,121,120,1.0
2025-07-08,588000.SSE,pm,last,300,25,24,1.0
2025-07-08,588080.SSE,am,mid,3,2401,2395,2.0
2025-07-08,588080.SSE,am,mid,15,481,480,2.0
2025-07-08,588080.SSE,am,mid,30,241,240,2.0
2025-07-08,588080.SSE,am,mid,60,121,120,2.0
2025-07-08,588080.SSE,am,mid,300,25,24,2.0
2025-07-08,588080.SSE,am,last,3,2401,2395,2.0
2025-07-08,588080.SSE,am,last,15,481,480,2.0
2025-07-08,588080.SSE,am,last,30,241,240,2.0
2025-07-08,588080.SSE,am,last,60,121,120,2.0
2025-07-08,588080.SSE,am,last,300,25,24,2.0
2025-07-08,588080.SSE,pm,mid,3,2401,2399,2.0
2025-07-08,588080.SSE,pm,mid,15,481,480,2.0
2025-07-08,588080.SSE,pm,mid,30,241,240,2.0
2025-07-08,588080.SSE,pm,mid,60,121,120,2.0
2025-07-08,588080.SSE,pm,mid,300,25,24,2.0
2025-07-08,588080.SSE,pm,last,3,2401,2399,2.0
2025-07-08,588080.SSE,pm,last,15,481,480,2.0
2025-07-08,588080.SSE,pm,last,30,241,240,2.0
2025-07-08,588080.SSE,pm,last,60,121,120,2.0
2025-07-08,588080.SSE,pm,last,300,25,24,2.0
2025-07-09,588000.SSE,am,mid,3,2401,2400,0.0
2025-07-09,588000.SSE,am,mid,15,481,480,0.0
2025-07-09,588000.SSE,am,mid,30,241,240,0.0
2025-07-09,588000.SSE,am,mid,60,121,120,0.0
2025-07-09,588000.SSE,am,mid,300,25,24,0.0
2025-07-09,588000.SSE,am,last,3,2401,2400,0.0
2025-07-09,588000.SSE,am,last,15,481,480,0.0
2025-07-09,588000.SSE,am,last,30,241,240,0.0
2025-07-09,588000.SSE,am,last,60,121,120,0.0
2025-07-09,588000.SSE,am,last,300,25,24,0.0
2025-07-09,588000.SSE,pm,mid,3,2401,2401,0.0
2025-07-09,588000.SSE,pm,mid,15,481,481,0.0
2025-07-09,588000.SSE,pm,mid,30,241,241,0.0
2025-07-09,588000.SSE,pm,mid,60,121,121,0.0
2025-07-09,588000.SSE,pm,mid,300,25,25,0.0
2025-07-09,588000.SSE,pm,last,3,2401,2401,0.0
2025-07-09,588000.SSE,pm,last,15,481,481,0.0
2025-07-09,588000.SSE,pm,last,30,241,241,0.0
2025-07-09,588000.SSE,pm,last,60,121,121,0.0
2025-07-09,588000.SSE,pm,last,300,25,25,0.0
2025-07-09,588080.SSE,am,mid,3,2401,2397,1.7154776804338756
2025-07-09,588080.SSE,am,mid,15,481,478,1.709205020920502
2025-07-09,588080.SSE,am,mid,30,241,238,1.73109243697479
2025-07-09,588080.SSE,am,mid,60,121,118,1.7203389830508475
2025-07-09,588080.SSE,am,mid,300,25,24,1.7083333333333333
2025-07-09,588080.SSE,am,last,3,2401,2397,1.7154776804338756
2025-07-09,588080.SSE,am,last,15,481,478,1.709205020920502
2025-07-09,588080.SSE,am,last,30,241,238,1.73109243697479
2025-07-09,588080.SSE,am,last,60,121,118,1.7203389830508475
2025-07-09,588080.SSE,am,last,300,25,24,1.7083333333333333
2025-07-09,588080.SSE,pm,mid,3,2401,2389,1.7166178317287568
2025-07-09,588080.SSE,pm,mid,15,481,480,1.69375
2025-07-09,588080.SSE,pm,mid,30,241,240,1.675
2025-07-09,588080.SSE,pm,mid,60,121,120,1.6666666666666667
2025-07-09,588080.SSE,pm,mid,300,25,24,1.7916666666666667
2025-07-09,588080.SSE,pm,last,3,2401,2389,1.7166178317287568
2025-07-09,588080.SSE,pm,last,15,481,480,1.69375
2025-07-09,588080.SSE,pm,last,30,241,240,1.675
2025-07-09,588080.SSE,pm,last,60,121,120,1.6666666666666667
2025-07-09,588080.SSE,pm,last,300,25,24,1.7916666666666667
2025-07-10,588000.SSE,am,mid,3,2401,2400,2.0
2025-07-10,588000.SSE,am,mid,15,481,480,2.0
2025-07-10,588000.SSE,am,mid,30,241,240,2.0
2025-07-10,588000.SSE,am,mid,60,121,120,2.0
2025-07-10,588000.SSE,am,mid,300,25,24,2.0
2025-07-10,588000.SSE,am,last,3,2401,2400,2.0
2025-07-10,588000.SSE,am,last,15,481,480,2.0
2025-07-10,588000.SSE,am,last,30,241,240,2.0
2025-07-10,588000.SSE,am,last,60,121,120,2.0
2025-07-10,588000.SSE,am,last,300,25,24,2.0
2025-07-10,588000.SSE,pm,mid,3,2401,2400,2.0
2025-07-10,588000.SSE,pm,mid,15,481,480,2.0
2025-07-10,588000.SSE,pm,mid,30,241,240,2.0
2025-07-10,588000.SSE,pm,mid,60,121,120,2.0
2025-07-10,588000.SSE,pm,mid,300,25,24,2.0
2025-07-10,588000.SSE,pm,last,3,2401,2400,2.0
2025-07-10,588000.SSE,pm,last,15,481,480,2.0
2025-07-10,588000.SSE,pm,last,30,241,240,2.0
2025-07-10,588000.SSE,pm,last,60,121,120,2.0
2025-07-10,588000.SSE,pm,last,300,25,24,2.0
2025-07-10,588080.SSE,am,mid,3,2401,2398,1.0
2025-07-10,588080.SSE,am,mid,15,481,480,1.0
2025-07-10,588080.SSE,am,mid,30,241,240,1.0
2025-07-10,588080.SSE,am,mid,60,121,120,1.0
2025-07-10,588080.SSE,am,mid,300,25,24,1.0
2025-07-10,588080.SSE,am,last,3,2401,2398,1.0
2025-07-10,588080.SSE,am,last,15,481,480,1.0
2025-07-10,588080.SSE,am,last,30,241,240,1.0
2025-07-10,588080.SSE,am,last,60,121,120,1.0
2025-07-10,588080.SSE,am,last,300,25,24,1.0
2025-07-10,588080.SSE,pm,mid,3,2401,2396,1.0
2025-07-10,588080.SSE,pm,mid,15,481,480,1.0
2025-07-10,588080.SSE,pm,mid,30,241,240,1.0
2025-07-10,588080.SSE,pm,mid,60,121,120,1.0
2025-07-10,588080.SSE,pm,mid,300,25,24,1.0
2025-07-10,588080.SSE,pm,last,3,2401,2396,1.0
2025-07-10,588080.SSE,pm,last,15,481,480,1.0
2025-07-10,588080.SSE,pm,last,30,241,240,1.0
2025-07-10,588080.SSE,pm,last,60,121,120,1.0
2025-07-10,588080.SSE,pm,last,300,25,24,1.0
2025-07-11,588000.SSE,am,mid,3,2401,2400,2.0
2025-07-11,588000.SSE,am,mid,15,481,480,2.0
2025-07-11,588000.SSE,am,mid,30,241,240,2.0
2025-07-11,588000.SSE,am,mid,60,121,120,2.0
2025-07-11,588000.SSE,am,mid,300,25,24,2.0
2025-07-11,588000.SSE,am,last,3,2401,2400,2.0
2025-07-11,588000.SSE,am,last,15,481,480,2.0
2025-07-11,588000.SSE,am,last,30,241,240,2.0
2025-07-11,588000.SSE,am,last,60,121,120,2.0
2025-07-11,588000.SSE,am,last,300,25,24,2.0
2025-07-11,588000.SSE,pm,mid,3,2401,2400,2.0
2025-07-11,588000.SSE,pm,mid,15,481,480,2.0
2025-07-11,588000.SSE,pm,mid,30,241,240,2.0
2025-07-11,588000.SSE,pm,mid,60,121,120,2.0
2025-07-11,588000.SSE,pm,mid,300,25,24,2.0
2025-07-11,588000.SSE,pm,last,3,2401,2400,2.0
2025-07-11,588000.SSE,pm,last,15,481,480,2.0
2025-07-11,588000.SSE,pm,last,30,241,240,2.0
2025-07-11,588000.SSE,pm,last,60,121,120,2.0
2025-07-11,588000.SSE,pm,last,300,25,24,2.0
2025-07-11,588080.SSE,am,mid,3,2401,2401,0.003748438150770512
2025-07-11,588080.SSE,am,mid,15,481,481,0.0
2025-07-11,588080.SSE,am,mid,30,241,241,0.0
2025-07-11,588080.SSE,am,mid,60,121,121,0.0
2025-07-11,588080.SSE,am,mid,300,25,25,0.0
2025-07-11,588080.SSE,am,last,3,2401,2401,0.003748438150770512
2025-07-11,588080.SSE,am,last,15,481,481,0.0
2025-07-11,588080.SSE,am,last,30,241,241,0.0
2025-07-11,588080.SSE,am,last,60,121,121,0.0
2025-07-11,588080.SSE,am,last,300,25,25,0.0
2025-07-11,588080.SSE,pm,mid,3,2401,2401,0.0
2025-07-11,588080.SSE,pm,mid,15,481,481,0.0
2025-07-11,588080.SSE,pm,mid,30,241,241,0.0
2025-07-11,588080.SSE,pm,mid,60,121,121,0.0
2025-07-11,588080.SSE,pm,mid,300,25,25,0.0
2025-07-11,588080.SSE,pm,last,3,2401,2401,0.0
2025-07-11,588080.SSE,pm,last,15,481,481,0.0
2025-07-11,588080.SSE,pm,last,30,241,241,0.0
2025-07-11,588080.SSE,pm,last,60,121,121,0.0
2025-07-11,588080.SSE,pm,last,300,25,25,0.0
2025-07-14,588000.SSE,am,mid,3,2401,2401,0.028738025822573926
2025-07-14,588000.SSE,am,mid,15,481,481,0.031185031185031187
2025-07-14,588000.SSE,am,mid,30,241,241,0.04979253112033195
2025-07-14,588000.SSE,am,mid,60,121,121,0.049586776859504134
2025-07-14,588000.SSE,am,mid,300,25,25,0.12
2025-07-14,588000.SSE,am,last,3,2401,2401,0.028738025822573926
2025-07-14,588000.SSE,am,last,15,481,481,0.031185031185031187
2025-07-14,588000.SSE,am,last,30,241,241,0.04979253112033195
2025-07-14,588000.SSE,am,last,60,121,121,0.049586776859504134
2025-07-14,588000.SSE,am,last,300,25,25,0.12
2025-07-14,588000.SSE,pm,mid,3,2401,2401,0.052894627238650564
2025-07-14,588000.SSE,pm,mid,15,481,481,0.04365904365904366
2025-07-14,588000.SSE,pm,mid,30,241,241,0.04979253112033195
2025-07-14,588000.SSE,pm,mid,60,121,121,0.049586776859504134
2025-07-14,588000.SSE,pm,mid,300,25,25,0.24
2025-07-14,588000.SSE,pm,last,3,2401,2401,0.052894627238650564
2025-07-14,588000.SSE,pm,last,15,481,481,0.04365904365904366
2025-07-14,588000.SSE,pm,last,30,241,241,0.04979253112033195
2025-07-14,588000.SSE,pm,last,60,121,121,0.049586776859504134
2025-07-14,588000.SSE,pm,last,300,25,25,0.24
2025-07-14,588080.SSE,am,mid,3,2401,2391,2.0
2025-07-14,588080.SSE,am,mid,15,481,479,2.0
2025-07-14,588080.SSE,am,mid,30,241,239,2.0
2025-07-14,588080.SSE,am,mid,60,121,119,2.0
2025-07-14,588080.SSE,am,mid,300,25,24,2.0
2025-07-14,588080.SSE,am,last,3,2401,2391,2.0
2025-07-14,588080.SSE,am,last,15,481,479,2.0
2025-07-14,588080.SSE,am,last,30,241,239,2.0
2025-07-14,588080.SSE,am,last,60,121,119,2.0
2025-07-14,588080.SSE,am,last,300,25,24,2.0
2025-07-14,588080.SSE,pm,mid,3,2401,2390,2.0
2025-07-14,588080.SSE,pm,mid,15,481,476,2.0
2025-07-14,588080.SSE,pm,mid,30,241,238,2.0
2025-07-14,588080.SSE,pm,mid,60,121,120,2.0
2025-07-14,588080.SSE,pm,mid,300,25,24,2.0
2025-07-14,588080.SSE,pm,last,3,2401,2390,2.0
2025-07-14,588080.SSE,pm,last,15,481,476,2.0
2025-07-14,588080.SSE,pm,last,30,241,238,2.0
2025-07-14,588080.SSE,pm,last,60,121,120,2.0
2025-07-14,588080.SSE,pm,last,300,25,24,2.0
2025-07-15,588000.SSE,am,mid,3,2401,2400,0.70125
2025-07-15,588000.SSE,am,mid,15,481,480,0.7083333333333334
2025-07-15,588000.SSE,am,mid,30,241,240,0.7
2025-07-15,588000.SSE,am,mid,60,121,120,0.6833333333333333
2025-07-15,588000.SSE,am,mid,300,25,24,0.625
2025-07-15,588000.SSE,am,last,3,2401,2400,0.70125
2025-07-15,588000.SSE,am,last,15,481,480,0.7083333333333334
2025-07-15,588000.SSE,am,last,30,241,240,0.7
2025-07-15,588000.SSE,am,last,60,121,120,0.6833333333333333
2025-07-15,588000.SSE,am,last,300,25,24,0.625
2025-07-15,588000.SSE,pm,mid,3,2401,2400,0.7145833333333333
2025-07-15,588000.SSE,pm,mid,15,481,480,0.6833333333333333
2025-07-15,588000.SSE,pm,mid,30,241,240,0.7125
2025-07-15,588000.SSE,pm,mid,60,121,120,0.7416666666666667
2025-07-15,588000.SSE,pm,mid,300,25,24,0.7916666666666666
2025-07-15,588000.SSE,pm,last,3,2401,2400,0.7145833333333333
2025-07-15,588000.SSE,pm,last,15,481,480,0.6833333333333333
2025-07-15,588000.SSE,pm,last,30,241,240,0.7125
2025-07-15,588000.SSE,pm,last,60,121,120,0.7416666666666667
2025-07-15,588000.SSE,pm,last,300,25,24,0.7916666666666666
2025-07-15,588080.SSE,am,mid,3,2401,2397,1.0
2025-07-15,588080.SSE,am,mid,15,481,479,1.0
2025-07-15,588080.SSE,am,mid,30,241,240,1.0
2025-07-15,588080.SSE,am,mid,60,121,120,1.0
2025-07-15,588080.SSE,am,mid,300,25,24,1.0
2025-07-15,588080.SSE,am,last,3,2401,2397,1.0
2025-07-15,588080.SSE,am,last,15,481,479,1.0
2025-07-15,588080.SSE,am,last,30,241,240,1.0
2025-07-15,588080.SSE,am,last,60,121,120,1.0
2025-07-15,588080.SSE,am,last,300,25,24,1.0
2025-07-15,588080.SSE,pm,mid,3,2401,2398,1.0
2025-07-15,588080.SSE,pm,mid,15,481,480,1.0
2025-07-15,588080.SSE,pm,mid,30,241,240,1.0
2025-07-15,588080.SSE,pm,mid,60,121,120,1.0
2025-07-15,588080.SSE,pm,mid,300,25,24,1.0
2025-07-15,588080.SSE,pm,last,3,2401,2398,1.0
2025-07-15,588080.SSE,pm,last,15,481,480,1.0
2025-07-15,588080.SSE,pm,last,30,241,240,1.0
2025-07-15,588080.SSE,pm,last,60,121,120,1.0
2025-07-15,588080.SSE,pm,last,300,25,24,1.0
2025-07-16,588000.SSE,am,mid,3,2401,2400,1.0
2025-07-16,588000.SSE,am,mid,15,481,480,1.0
2025-07-16,588000.SSE,am,mid,30,241,240,1.0
2025-07-16,588000.SSE,am,mid,60,121,120,1.0
2025-07-16,588000.SSE,am,mid,300,25,24,1.0
2025-07-16,588000.SSE,am,last,3,2401,2400,1.0
2025-07-16,588000.SSE,am,last,15,481,480,1.0
2025-07-16,588000.SSE,am,last,30,241,240,1.0
2025-07-16,588000.SSE,am,last,60,121,120,1.0
2025-07-16,588000.SSE,am,last,300,25,24,1.0
2025-07-16,588000.SSE,pm,mid,3,2401,2400,1.0
2025-07-16,588000.SSE,pm,mid,15,481,480,1.0
2025-07-16,588000.SSE,pm,mid,30,241,240,1.0
2025-07-16,588000.SSE,pm,mid,60,121,120,1.0
2025-07-16,588000.SSE,pm,mid,300,25,24,1.0
2025-07-16,588000.SSE,pm,last,3,2401,2400,1.0
2025-07-16,588000.SSE,pm,last,15,481,480,1.0
2025-07-16,588000.SSE,pm,last,30,241,240,1.0
2025-07-16,588000.SSE,pm,last,60,121,120,1.0
2025-07-16,588000.SSE,pm,last,300,25,24,1.0
2025-07-16,588080.SSE,am,mid,3,2401,2392,2.0
2025-07-16,588080.SSE,am,mid,15,481,480,2.0
2025-07-16,588080.SSE,am,mid,30,241,240,2.0
2025-07-16,588080.SSE,am,mid,60,121,120,2.0
2025-07-16,588080.SSE,am,mid,300,25,24,2.0
2025-07-16,588080.SSE,am,last,3,2401,2392,2.0
2025-07-16,588080.SSE,am,last,15,481,480,2.0
2025-07-16,588080.SSE,am,last,30,241,240,2.0
2025-07-16,588080.SSE,am,last,60,121,120,2.0
2025-07-16,588080.SSE,am,last,300,25,24,2.0
2025-07-16,588080.SSE,pm,mid,3,2401,2395,2.0
2025-07-16,588080.SSE,pm,mid,15,481,479,2.0
2025-07-16,588080.SSE,pm,mid,30,241,240,2.0
2025-07-16,588080.SSE,pm,mid,60,121,120,2.0
2025-07-16,588080.SSE,pm,mid,300,25,24,2.0
2025-07-16,588080.SSE,pm,last,3,2401,2395,2.0
2025-07-16,588080.SSE,pm,last,15,481,479,2.0
2025-07-16,588080.SSE,pm,last,30,241,240,2.0
2025-07-16,588080.SSE,pm,last,60,121,120,2.0
2025-07-16,588080.SSE,pm,last,300,25,24,2.0
2025-07-17,588000.SSE,am,mid,3,2401,2400,2.0
2025-07-17,588000.SSE,am,mid,15,481,480,2.0
2025-07-17,588000.SSE,am,mid,30,241,240,2.0
2025-07-17,588000.SSE,am,mid,60,121,120,2.0
2025-07-17,588000.SSE,am,mid,300,25,24,2.0
2025-07-17,588000.SSE,am,last,3,2401,2400,2.0
2025-07-17,588000.SSE,am,last,15,481,480,2.0
2025-07-17,588000.SSE,am,last,30,241,240,2.0
2025-07-17,588000.SSE,am,last,60,121,120,2.0
2025-07-17,588000.SSE,am,last,300,25,24,2.0
2025-07-17,588000.SSE,pm,mid,3,2401,2400,2.0
2025-07-17,588000.SSE,pm,mid,15,481,480,2.0
2025-07-17,588000.SSE,pm,mid,30,241,240,2.0
2025-07-17,588000.SSE,pm,mid,60,121,120,2.0
2025-07-17,588000.SSE,pm,mid,300,25,24,2.0
2025-07-17,588000.SSE,pm,last,3,2401,2400,2.0
2025-07-17,588000.SSE,pm,last,15,481,480,2.0
2025-07-17,588000.SSE,pm,last,30,241,240,2.0
2025-07-17,588000.SSE,pm,last,60,121,120,2.0
2025-07-17,588000.SSE,pm,last,300,25,24,2.0
2025-07-17,588080.SSE,am,mid,3,2401,2399,2.0
2025-07-17,588080.SSE,am,mid,15,481,480,2.0
2025-07-17,588080.SSE,am,mid,30,241,240,2.0
2025-07-17,588080.SSE,am,mid,60,121,120,2.0
2025-07-17,588080.SSE,am,mid,300,25,24,2.0
2025-07-17,588080.SSE,am,last,3,2401,2399,2.0
2025-07-17,588080.SSE,am,last,15,481,480,2.0
2025-07-17,588080.SSE,am,last,30,241,240,2.0
2025-07-17,588080.SSE,am,last,60,121,120,2.0
2025-07-17,588080.SSE,am,last,300,25,24,2.0
2025-07-17,588080.SSE,pm,mid,3,2401,2400,2.0
2025-07-17,588080.SSE,pm,mid,15,481,480,2.0
2025-07-17,588080.SSE,pm,mid,30,241,240,2.0
2025-07-17,588080.SSE,pm,mid,60,121,120,2.0
2025-07-17,588080.SSE,pm,mid,300,25,24,2.0
2025-07-17,588080.SSE,pm,last,3,2401,2400,2.0
2025-07-17,588080.SSE,pm,last,15,481,480,2.0
2025-07-17,588080.SSE,pm,last,30,241,240,2.0
2025-07-17,588080.SSE,pm,last,60,121,120,2.0
2025-07-17,588080.SSE,pm,last,300,25,24,2.0
2025-07-18,588000.SSE,am,mid,3,2401,2400,0.9995833333333334
2025-07-18,588000.SSE,am,mid,15,481,480,1.0
2025-07-18,588000.SSE,am,mid,30,241,240,1.0
2025-07-18,588000.SSE,am,mid,60,121,120,1.0
2025-07-18,588000.SSE,am,mid,300,25,24,1.0
2025-07-18,588000.SSE,am,last,3,2401,2400,0.9995833333333334
2025-07-18,588000.SSE,am,last,15,481,480,1.0
2025-07-18,588000.SSE,am,last,30,241,240,1.0
2025-07-18,588000.SSE,am,last,60,121,120,1.0
2025-07-18,588000.SSE,am,last,300,25,24,1.0
2025-07-18,588000.SSE,pm,mid,3,2401,2400,1.0
2025-07-18,588000.SSE,pm,mid,15,481,480,1.0
2025-07-18,588000.SSE,pm,mid,30,241,240,1.0
2025-07-18,588000.SSE,pm,mid,60,121,120,1.0
2025-07-18,588000.SSE,pm,mid,300,25,24,1.0
2025-07-18,588000.SSE,pm,last,3,2401,2400,1.0
2025-07-18,588000.SSE,pm,last,15,481,480,1.0
2025-07-18,588000.SSE,pm,last,30,241,240,1.0
2025-07-18,588000.SSE,pm,last,60,121,120,1.0
2025-07-18,588000.SSE,pm,last,300,25,24,1.0
2025-07-18,588080.SSE,am,mid,3,2401,2394,2.0
2025-07-18,588080.SSE,am,mid,15,481,479,2.0
2025-07-18,588080.SSE,am,mid,30,241,239,2.0
2025-07-18,588080.SSE,am,mid,60,121,120,2.0
2025-07-18,588080.SSE,am,mid,300,25,24,2.0
2025-07-18,588080.SSE,am,last,3,2401,2394,2.0
2025-07-18,588080.SSE,am,last,15,481,479,2.0
2025-07-18,588080.SSE,am,last,30,241,239,2.0
2025-07-18,588080.SSE,am,last,60,121,120,2.0
2025-07-18,588080.SSE,am,last,300,25,24,2.0
2025-07-18,588080.SSE,pm,mid,3,2401,2394,2.0
2025-07-18,588080.SSE,pm,mid,15,481,476,2.0
2025-07-18,588080.SSE,pm,mid,30,241,238,2.0
2025-07-18,588080.SSE,pm,mid,60,121,118,2.0
2025-07-18,588080.SSE,pm,mid,300,25,24,2.0
2025-07-18,588080.SSE,pm,last,3,2401,2394,2.0
2025-07-18,588080.SSE,pm,last,15,481,476,2.0
2025-07-18,588080.SSE,pm,last,30,241,238,2.0
2025-07-18,588080.SSE,pm,last,60,121,118,2.0
2025-07-18,588080.SSE,pm,last,300,25,24,2.0
2025-07-21,588000.SSE,am,mid,3,2401,2400,1.0
2025-07-21,588000.SSE,am,mid,15,481,480,1.0
2025-07-21,588000.SSE,am,mid,30,241,240,1.0
2025-07-21,588000.SSE,am,mid,60,121,120,1.0
2025-07-21,588000.SSE,am,mid,300,25,24,1.0
2025-07-21,588000.SSE,am,last,3,2401,2400,1.0
2025-07-21,588000.SSE,am,last,15,481,480,1.0
2025-07-21,588000.SSE,am,last,30,241,240,1.0
2025-07-21,588000.SSE,am,last,60,121,120,1.0
2025-07-21,588000.SSE,am,last,300,25,24,1.0
2025-07-21,588000.SSE,pm,mid,3,2401,2400,1.0
2025-07-21,588000.SSE,pm,mid,15,481,480,1.0
2025-07-21,588000.SSE,pm,mid,30,241,240,1.0
2025-07-21,588000.SSE,pm,mid,60,121,120,1.0
2025-07-21,588000.SSE,pm,mid,300,25,24,1.0
2025-07-21,588000.SSE,pm,last,3,2401,2400,1.0
2025-07-21,588000.SSE,pm,last,15,481,480,1.0
2025-07-21,588000.SSE,pm,last,30,241,240,1.0
2025-07-21,588000.SSE,pm,last,60,121,120,1.0
2025-07-21,588000.SSE,pm,last,300,25,24,1.0
2025-07-21,588080.SSE,am,mid,3,2401,2397,2.0
2025-07-21,588080.SSE,am,mid,15,481,480,2.0
2025-07-21,588080.SSE,am,mid,30,241,240,2.0
2025-07-21,588080.SSE,am,mid,60,121,120,2.0
2025-07-21,588080.SSE,am,mid,300,25,24,2.0
2025-07-21,588080.SSE,am,last,3,2401,2397,2.0
2025-07-21,588080.SSE,am,last,15,481,480,2.0
2025-07-21,588080.SSE,am,last,30,241,240,2.0
2025-07-21,588080.SSE,am,last,60,121,120,2.0
2025-07-21,588080.SSE,am,last,300,25,24,2.0
2025-07-21,588080.SSE,pm,mid,3,2401,2400,2.0
2025-07-21,588080.SSE,pm,mid,15,481,480,2.0
2025-07-21,588080.SSE,pm,mid,30,241,240,2.0
2025-07-21,588080.SSE,pm,mid,60,121,120,2.0
2025-07-21,588080.SSE,pm,mid,300,25,24,2.0
2025-07-21,588080.SSE,pm,last,3,2401,2400,2.0
2025-07-21,588080.SSE,pm,last,15,481,480,2.0
2025-07-21,588080.SSE,pm,last,30,241,240,2.0
2025-07-21,588080.SSE,pm,last,60,121,120,2.0
2025-07-21,588080.SSE,pm,last,300,25,24,2.0
2025-07-22,588000.SSE,am,mid,3,2401,2400,1.0
2025-07-22,588000.SSE,am,mid,15,481,480,1.0
2025-07-22,588000.SSE,am,mid,30,241,240,1.0
2025-07-22,588000.SSE,am,mid,60,121,120,1.0
2025-07-22,588000.SSE,am,mid,300,25,24,1.0
2025-07-22,588000.SSE,am,last,3,2401,2400,1.0
2025-07-22,588000.SSE,am,last,15,481,480,1.0
2025-07-22,588000.SSE,am,last,30,241,240,1.0
2025-07-22,588000.SSE,am,last,60,121,120,1.0
2025-07-22,588000.SSE,am,last,300,25,24,1.0
2025-07-22,588000.SSE,pm,mid,3,2401,2400,1.0
2025-07-22,588000.SSE,pm,mid,15,481,480,1.0
2025-07-22,588000.SSE,pm,mid,30,241,240,1.0
2025-07-22,588000.SSE,pm,mid,60,121,120,1.0
2025-07-22,588000.SSE,pm,mid,300,25,24,1.0
2025-07-22,588000.SSE,pm,last,3,2401,2400,1.0
2025-07-22,588000.SSE,pm,last,15,481,480,1.0
2025-07-22,588000.SSE,pm,last,30,241,240,1.0
2025-07-22,588000.SSE,pm,last,60,121,120,1.0
2025-07-22,588000.SSE,pm,last,300,25,24,1.0
2025-07-22,588080.SSE,am,mid,3,2401,2400,2.0
2025-07-22,588080.SSE,am,mid,15,481,480,2.0
2025-07-22,588080.SSE,am,mid,30,241,240,2.0
2025-07-22,588080.SSE,am,mid,60,121,120,2.0
2025-07-22,588080.SSE,am,mid,300,25,24,2.0
2025-07-22,588080.SSE,am,last,3,2401,2400,2.0
2025-07-22,588080.SSE,am,last,15,481,480,2.0
2025-07-22,588080.SSE,am,last,30,241,240,2.0
2025-07-22,588080.SSE,am,last,60,121,120,2.0
2025-07-22,588080.SSE,am,last,300,25,24,2.0
2025-07-22,588080.SSE,pm,mid,3,2401,2400,2.0
2025-07-22,588080.SSE,pm,mid,15,481,480,2.0
2025-07-22,588080.SSE,pm,mid,30,241,240,2.0
2025-07-22,588080.SSE,pm,mid,60,121,120,2.0
2025-07-22,588080.SSE,pm,mid,300,25,24,2.0
2025-07-22,588080.SSE,pm,last,3,2401,2400,2.0
2025-07-22,588080.SSE,pm,last,15,481,480,2.0
2025-07-22,588080.SSE,pm,last,30,241,240,2.0
2025-07-22,588080.SSE,pm,last,60,121,120,2.0
2025-07-22,588080.SSE,pm,last,300,25,24,2.0
2025-07-23,588000.SSE,am,mid,3,2401,2400,1.94375
2025-07-23,588000.SSE,am,mid,15,481,480,1.9395833333333334
2025-07-23,588000.SSE,am,mid,30,241,240,1.9166666666666667
2025-07-23,588000.SSE,am,mid,60,121,120,1.9333333333333333
2025-07-23,588000.SSE,am,mid,300,25,24,1.9583333333333333
2025-07-23,588000.SSE,am,last,3,2401,2400,1.94375
2025-07-23,588000.SSE,am,last,15,481,480,1.9395833333333334
2025-07-23,588000.SSE,am,last,30,241,240,1.9166666666666667
2025-07-23,588000.SSE,am,last,60,121,120,1.9333333333333333
2025-07-23,588000.SSE,am,last,300,25,24,1.9583333333333333
2025-07-23,588000.SSE,pm,mid,3,2401,2400,1.93
2025-07-23,588000.SSE,pm,mid,15,481,480,1.95
2025-07-23,588000.SSE,pm,mid,30,241,240,1.9541666666666666
2025-07-23,588000.SSE,pm,mid,60,121,120,1.9416666666666667
2025-07-23,588000.SSE,pm,mid,300,25,24,1.7916666666666667
2025-07-23,588000.SSE,pm,last,3,2401,2400,1.93
2025-07-23,588000.SSE,pm,last,15,481,480,1.95
2025-07-23,588000.SSE,pm,last,30,241,240,1.9541666666666666
2025-07-23,588000.SSE,pm,last,60,121,120,1.9416666666666667
2025-07-23,588000.SSE,pm,last,300,25,24,1.7916666666666667
2025-07-23,588080.SSE,am,mid,3,2401,2400,1.0
2025-07-23,588080.SSE,am,mid,15,481,480,1.0
2025-07-23,588080.SSE,am,mid,30,241,240,1.0
2025-07-23,588080.SSE,am,mid,60,121,120,1.0
2025-07-23,588080.SSE,am,mid,300,25,24,1.0
2025-07-23,588080.SSE,am,last,3,2401,2400,1.0
2025-07-23,588080.SSE,am,last,15,481,480,1.0
2025-07-23,588080.SSE,am,last,30,241,240,1.0
2025-07-23,588080.SSE,am,last,60,121,120,1.0
2025-07-23,588080.SSE,am,last,300,25,24,1.0
2025-07-23,588080.SSE,pm,mid,3,2401,2400,1.0
2025-07-23,588080.SSE,pm,mid,15,481,480,1.0
2025-07-23,588080.SSE,pm,mid,30,241,240,1.0
2025-07-23,588080.SSE,pm,mid,60,121,120,1.0
2025-07-23,588080.SSE,pm,mid,300,25,24,1.0
2025-07-23,588080.SSE,pm,last,3,2401,2400,1.0
2025-07-23,588080.SSE,pm,last,15,481,480,1.0
2025-07-23,588080.SSE,pm,last,30,241,240,1.0
2025-07-23,588080.SSE,pm,last,60,121,120,1.0
2025-07-23,588080.SSE,pm,last,300,25,24,1.0
2025-07-24,588000.SSE,am,mid,3,2401,2401,0.0
2025-07-24,588000.SSE,am,mid,15,481,481,0.0
2025-07-24,588000.SSE,am,mid,30,241,241,0.0
2025-07-24,588000.SSE,am,mid,60,121,121,0.0
2025-07-24,588000.SSE,am,mid,300,25,25,0.0
2025-07-24,588000.SSE,am,last,3,2401,2401,0.0
2025-07-24,588000.SSE,am,last,15,481,481,0.0
2025-07-24,588000.SSE,am,last,30,241,241,0.0
2025-07-24,588000.SSE,am,last,60,121,121,0.0
2025-07-24,588000.SSE,am,last,300,25,25,0.0
2025-07-24,588000.SSE,pm,mid,3,2401,2401,0.0
2025-07-24,588000.SSE,pm,mid,15,481,481,0.0
2025-07-24,588000.SSE,pm,mid,30,241,241,0.0
2025-07-24,588000.SSE,pm,mid,60,121,121,0.0
2025-07-24,588000.SSE,pm,mid,300,25,25,0.0
2025-07-24,588000.SSE,pm,last,3,2401,2401,0.0
2025-07-24,588000.SSE,pm,last,15,481,481,0.0
2025-07-24,588000.SSE,pm,last,30,241,241,0.0
2025-07-24,588000.SSE,pm,last,60,121,121,0.0
2025-07-24,588000.SSE,pm,last,300,25,25,0.0
2025-07-24,588080.SSE,am,mid,3,2401,2400,1.0
2025-07-24,588080.SSE,am,mid,15,481,480,1.0
2025-07-24,588080.SSE,am,mid,30,241,240,1.0
2025-07-24,588080.SSE,am,mid,60,121,120,1.0
2025-07-24,588080.SSE,am,mid,300,25,24,1.0
2025-07-24,588080.SSE,am,last,3,2401,2400,1.0
2025-07-24,588080.SSE,am,last,15,481,480,1.0
2025-07-24,588080.SSE,am,last,30,241,240,1.0
2025-07-24,588080.SSE,am,last,60,121,120,1.0
2025-07-24,588080.SSE,am,last,300,25,24,1.0
2025-07-24,588080.SSE,pm,mid,3,2401,2399,1.0
2025-07-24,588080.SSE,pm,mid,15,481,479,1.0
2025-07-24,588080.SSE,pm,mid,30,241,240,1.0
2025-07-24,588080.SSE,pm,mid,60,121,120,1.0
2025-07-24,588080.SSE,pm,mid,300,25,24,1.0
2025-07-24,588080.SSE,pm,last,3,2401,2399,1.0
2025-07-24,588080.SSE,pm,last,15,481,479,1.0
2025-07-24,588080.SSE,pm,last,30,241,240,1.0
2025-07-24,588080.SSE,pm,last,60,121,120,1.0
2025-07-24,588080.SSE,pm,last,300,25,24,1.0
2025-07-25,588000.SSE,am,mid,3,2401,2401,0.0
2025-07-25,588000.SSE,am,mid,15,481,481,0.0
2025-07-25,588000.SSE,am,mid,30,241,241,0.0
2025-07-25,588000.SSE,am,mid,60,121,121,0.0
2025-07-25,588000.SSE,am,mid,300,25,25,0.0
2025-07-25,588000.SSE,am,last,3,2401,2401,0.0
2025-07-25,588000.SSE,am,last,15,481,481,0.0
2025-07-25,588000.SSE,am,last,30,241,241,0.0
2025-07-25,588000.SSE,am,last,60,121,121,0.0
2025-07-25,588000.SSE,am,last,300,25,25,0.0
2025-07-25,588000.SSE,pm,mid,3,2401,2401,0.0
2025-07-25,588000.SSE,pm,mid,15,481,481,0.0
2025-07-25,588000.SSE,pm,mid,30,241,241,0.0
2025-07-25,588000.SSE,pm,mid,60,121,121,0.0
2025-07-25,588000.SSE,pm,mid,300,25,25,0.0
2025-07-25,588000.SSE,pm,last,3,2401,2401,0.0
2025-07-25,588000.SSE,pm,last,15,481,481,0.0
2025-07-25,588000.SSE,pm,last,30,241,241,0.0
2025-07-25,588000.SSE,pm,last,60,121,121,0.0
2025-07-25,588000.SSE,pm,last,300,25,25,0.0
2025-07-25,588080.SSE,am,mid,3,2401,2397,2.0
2025-07-25,588080.SSE,am,mid,15,481,478,2.0
2025-07-25,588080.SSE,am,mid,30,241,238,2.0
2025-07-25,588080.SSE,am,mid,60,121,120,2.0
2025-07-25,588080.SSE,am,mid,300,25,24,2.0
2025-07-25,588080.SSE,am,last,3,2401,2397,2.0
2025-07-25,588080.SSE,am,last,15,481,478,2.0
2025-07-25,588080.SSE,am,last,30,241,238,2.0
2025-07-25,588080.SSE,am,last,60,121,120,2.0
2025-07-25,588080.SSE,am,last,300,25,24,2.0
2025-07-25,588080.SSE,pm,mid,3,2401,2400,2.0
2025-07-25,588080.SSE,pm,mid,15,481,480,2.0
2025-07-25,588080.SSE,pm,mid,30,241,240,2.0
2025-07-25,588080.SSE,pm,mid,60,121,120,2.0
2025-07-25,588080.SSE,pm,mid,300,25,24,2.0
2025-07-25,588080.SSE,pm,last,3,2401,2400,2.0
2025-07-25,588080.SSE,pm,last,15,481,480,2.0
2025-07-25,588080.SSE,pm,last,30,241,240,2.0
2025-07-25,588080.SSE,pm,last,60,121,120,2.0
2025-07-25,588080.SSE,pm,last,300,25,24,2.0
2025-07-28,588000.SSE,am,mid,3,2401,2400,2.0
2025-07-28,588000.SSE,am,mid,15,481,480,2.0
2025-07-28,588000.SSE,am,mid,30,241,240,2.0
2025-07-28,588000.SSE,am,mid,60,121,120,2.0
2025-07-28,588000.SSE,am,mid,300,25,24,2.0
2025-07-28,588000.SSE,am,last,3,2401,2400,2.0
2025-07-28,588000.SSE,am,last,15,481,480,2.0
2025-07-28,588000.SSE,am,last,30,241,240,2.0
2025-07-28,588000.SSE,am,last,60,121,120,2.0
2025-07-28,588000.SSE,am,last,300,25,24,2.0
2025-07-28,588000.SSE,pm,mid,3,2401,2400,2.0
2025-07-28,588000.SSE,pm,mid,15,481,480,2.0
2025-07-28,588000.SSE,pm,mid,30,241,240,2.0
2025-07-28,588000.SSE,pm,mid,60,121,120,2.0
2025-07-28,588000.SSE,pm,mid,300,25,24,2.0
2025-07-28,588000.SSE,pm,last,3,2401,2400,2.0
2025-07-28,588000.SSE,pm,last,15,481,480,2.0
2025-07-28,588000.SSE,pm,last,30,241,240,2.0
2025-07-28,588000.SSE,pm,last,60,121,120,2.0
2025-07-28,588000.SSE,pm,last,300,25,24,2.0
2025-07-28,588080.SSE,am,mid,3,2401,2400,2.0
2025-07-28,588080.SSE,am,mid,15,481,480,2.0
2025-07-28,588080.SSE,am,mid,30,241,240,2.0
2025-07-28,588080.SSE,am,mid,60,121,120,2.0
2025-07-28,588080.SSE,am,mid,300,25,24,2.0
2025-07-28,588080.SSE,am,last,3,2401,2400,2.0
2025-07-28,588080.SSE,am,last,15,481,480,2.0
2025-07-28,588080.SSE,am,last,30,241,240,2.0
2025-07-28,588080.SSE,am,last,60,121,120,2.0
2025-07-28,588080.SSE,am,last,300,25,24,2.0
2025-07-28,588080.SSE,pm,mid,3,2401,2398,2.0
2025-07-28,588080.SSE,pm,mid,15,481,480,2.0
2025-07-28,588080.SSE,pm,mid,30,241,240,2.0
2025-07-28,588080.SSE,pm,mid,60,121,120,2.0
2025-07-28,588080.SSE,pm,mid,300,25,24,2.0
2025-07-28,588080.SSE,pm,last,3,2401,2398,2.0
2025-07-28,588080.SSE,pm,last,15,481,480,2.0
2025-07-28,588080.SSE,pm,last,30,241,240,2.0
2025-07-28,588080.SSE,pm,last,60,121,120,2.0
2025-07-28,588080.SSE,pm,last,300,25,24,2.0
2025-07-29,588000.SSE,am,mid,3,2401,2400,1.0
2025-07-29,588000.SSE,am,mid,15,481,480,1.0
2025-07-29,588000.SSE,am,mid,30,241,240,1.0
2025-07-29,588000.SSE,am,mid,60,121,120,1.0
2025-07-29,588000.SSE,am,mid,300,25,24,1.0
2025-07-29,588000.SSE,am,last,3,2401,2400,1.0
2025-07-29,588000.SSE,am,last,15,481,480,1.0
2025-07-29,588000.SSE,am,last,30,241,240,1.0
2025-07-29,588000.SSE,am,last,60,121,120,1.0
2025-07-29,588000.SSE,am,last,300,25,24,1.0
2025-07-29,588000.SSE,pm,mid,3,2401,2400,1.0
2025-07-29,588000.SSE,pm,mid,15,481,480,1.0
2025-07-29,588000.SSE,pm,mid,30,241,240,1.0
2025-07-29,588000.SSE,pm,mid,60,121,120,1.0
2025-07-29,588000.SSE,pm,mid,300,25,24,1.0
2025-07-29,588000.SSE,pm,last,3,2401,2400,1.0
2025-07-29,588000.SSE,pm,last,15,481,480,1.0
2025-07-29,588000.SSE,pm,last,30,241,240,1.0
2025-07-29,588000.SSE,pm,last,60,121,120,1.0
2025-07-29,588000.SSE,pm,last,300,25,24,1.0
2025-07-29,588080.SSE,am,mid,3,2401,2401,0.0
2025-07-29,588080.SSE,am,mid,15,481,481,0.0
2025-07-29,588080.SSE,am,mid,30,241,241,0.0
2025-07-29,588080.SSE,am,mid,60,121,121,0.0
2025-07-29,588080.SSE,am,mid,300,25,25,0.0
2025-07-29,588080.SSE,am,last,3,2401,2401,0.0
2025-07-29,588080.SSE,am,last,15,481,481,0.0
2025-07-29,588080.SSE,am,last,30,241,241,0.0
2025-07-29,588080.SSE,am,last,60,121,121,0.0
2025-07-29,588080.SSE,am,last,300,25,25,0.0
2025-07-29,588080.SSE,pm,mid,3,2401,2401,0.0024989587671803417
2025-07-29,588080.SSE,pm,mid,15,481,481,0.0
2025-07-29,588080.SSE,pm,mid,30,241,241,0.0
2025-07-29,588080.SSE,pm,mid,60,121,121,0.0
2025-07-29,588080.SSE,pm,mid,300,25,25,0.0
2025-07-29,588080.SSE,pm,last,3,2401,2401,0.0024989587671803417
2025-07-29,588080.SSE,pm,last,15,481,481,0.0
2025-07-29,588080.SSE,pm,last,30,241,241,0.0
2025-07-29,588080.SSE,pm,last,60,121,121,0.0
2025-07-29,588080.SSE,pm,last,300,25,25,0.0
2025-07-30,588000.SSE,am,mid,3,2401,2400,2.0
2025-07-30,588000.SSE,am,mid,15,481,480,2.0
2025-07-30,588000.SSE,am,mid,30,241,240,2.0
2025-07-30,588000.SSE,am,mid,60,121,120,2.0
2025-07-30,588000.SSE,am,mid,300,25,24,2.0
2025-07-30,588000.SSE,am,last,3,2401,2400,2.0
2025-07-30,588000.SSE,am,last,15,481,480,2.0
2025-07-30,588000.SSE,am,last,30,241,240,2.0
2025-07-30,588000.SSE,am,last,60,121,120,2.0
2025-07-30,588000.SSE,am,last,300,25,24,2.0
2025-07-30,588000.SSE,pm,mid,3,2401,2400,2.0
2025-07-30,588000.SSE,pm,mid,15,481,480,2.0
2025-07-30,588000.SSE,pm,mid,30,241,240,2.0
2025-07-30,588000.SSE,pm,mid,60,121,120,2.0
2025-07-30,588000.SSE,pm,mid,300,25,24,2.0
2025-07-30,588000.SSE,pm,last,3,2401,2400,2.0
2025-07-30,588000.SSE,pm,last,15,481,480,2.0
2025-07-30,588000.SSE,pm,last,30,241,240,2.0
2025-07-30,588000.SSE,pm,last,60,121,120,2.0
2025-07-30,588000.SSE,pm,last,300,25,24,2.0
2025-07-30,588080.SSE,am,mid,3,2401,2400,1.0
2025-07-30,588080.SSE,am,mid,15,481,480,1.0
2025-07-30,588080.SSE,am,mid,30,241,240,1.0
2025-07-30,588080.SSE,am,mid,60,121,120,1.0
2025-07-30,588080.SSE,am,mid,300,25,24,1.0
2025-07-30,588080.SSE,am,last,3,2401,2400,1.0
2025-07-30,588080.SSE,am,last,15,481,480,1.0
2025-07-30,588080.SSE,am,last,30,241,240,1.0
2025-07-30,588080.SSE,am,last,60,121,120,1.0
2025-07-30,588080.SSE,am,last,300,25,24,1.0
2025-07-30,588080.SSE,pm,mid,3,2401,2400,1.0
2025-07-30,588080.SSE,pm,mid,15,481,480,1.0
2025-07-30,588080.SSE,pm,mid,30,241,240,1.0
2025-07-30,588080.SSE,pm,mid,60,121,120,1.0
2025-07-30,588080.SSE,pm,mid,300,25,24,1.0
2025-07-30,588080.SSE,pm,last,3,2401,2400,1.0
2025-07-30,588080.SSE,pm,last,15,481,480,1.0
2025-07-30,588080.SSE,pm,last,30,241,240,1.0
2025-07-30,588080.SSE,pm,last,60,121,120,1.0
2025-07-30,588080.SSE,pm,last,300,25,24,1.0
2025-07-31,588000.SSE,am,mid,3,2401,2400,2.0
2025-07-31,588000.SSE,am,mid,15,481,480,2.0
2025-07-31,588000.SSE,am,mid,30,241,240,2.0
2025-07-31,588000.SSE,am,mid,60,121,120,2.0
2025-07-31,588000.SSE,am,mid,300,25,24,2.0
2025-07-31,588000.SSE,am,last,3,2401,2400,2.0
2025-07-31,588000.SSE,am,last,15,481,480,2.0
2025-07-31,588000.SSE,am,last,30,241,240,2.0
2025-07-31,588000.SSE,am,last,60,121,120,2.0
2025-07-31,588000.SSE,am,last,300,25,24,2.0
2025-07-31,588000.SSE,pm,mid,3,2401,2400,2.0
2025-07-31,588000.SSE,pm,mid,15,481,480,2.0
2025-07-31,588000.SSE,pm,mid,30,241,240,2.0
2025-07-31,588000.SSE,pm,mid,60,121,120,2.0
2025-07-31,588000.SSE,pm,mid,300,25,24,2.0
2025-07-31,588000.SSE,pm,last,3,2401,2400,2.0
2025-07-31,588000.SSE,pm,last,15,481,480,2.0
2025-07-31,588000.SSE,pm,last,30,241,240,2.0
2025-07-31,588000.SSE,pm,last,60,121,120,2.0
2025-07-31,588000.SSE,pm,last,300,25,24,2.0
2025-07-31,588080.SSE,am,mid,3,2401,2399,2.0
2025-07-31,588080.SSE,am,mid,15,481,480,2.0
2025-07-31,588080.SSE,am,mid,30,241,240,2.0
2025-07-31,588080.SSE,am,mid,60,121,120,2.0
2025-07-31,588080.SSE,am,mid,300,25,24,2.0
2025-07-31,588080.SSE,am,last,3,2401,2399,2.0
2025-07-31,588080.SSE,am,last,15,481,480,2.0
2025-07-31,588080.SSE,am,last,30,241,240,2.0
2025-07-31,588080.SSE,am,last,60,121,120,2.0
2025-07-31,588080.SSE,am,last,300,25,24,2.0
2025-07-31,588080.SSE,pm,mid,3,2401,2400,2.0
2025-07-31,588080.SSE,pm,mid,15,481,480,2.0
2025-07-31,588080.SSE,pm,mid,30,241,240,2.0
2025-07-31,588080.SSE,pm,mid,60,121,120,2.0
2025-07-31,588080.SSE,pm,mid,300,25,24,2.0
2025-07-31,588080.SSE,pm,last,3,2401,2400,2.0
2025-07-31,588080.SSE,pm,last,15,481,480,2.0
2025-07-31,588080.SSE,pm,last,30,241,240,2.0
2025-07-31,588080.SSE,pm,last,60,121,120,2.0
2025-07-31,588080.SSE,pm,last,300,25,24,2.0
2025-08-01,588000.SSE,am,mid,3,2401,2400,1.0
2025-08-01,588000.SSE,am,mid,15,481,480,1.0
2025-08-01,588000.SSE,am,mid,30,241,240,1.0
2025-08-01,588000.SSE,am,mid,60,121,120,1.0
2025-08-01,588000.SSE,am,mid,300,25,24,1.0
2025-08-01,588000.SSE,am,last,3,2401,2400,1.0
2025-08-01,588000.SSE,am,last,15,481,480,1.0
2025-08-01,588000.SSE,am,last,30,241,240,1.0
2025-08-01,588000.SSE,am,last,60,121,120,1.0
2025-08-01,588000.SSE,am,last,300,25,24,1.0
2025-08-01,588000.SSE,pm,mid,3,2401,2400,1.0
2025-08-01,588000.SSE,pm,mid,15,481,480,1.0
2025-08-01,588000.SSE,pm,mid,30,241,240,1.0
2025-08-01,588000.SSE,pm,mid,60,121,120,1.0
2025-08-01,588000.SSE,pm,mid,300,25,24,1.0
2025-08-01,588000.SSE,pm,last,3,2401,2400,1.0
2025-08-01,588000.SSE,pm,last,15,481,480,1.0
2025-08-01,588000.SSE,pm,last,30,241,240,1.0
2025-08-01,588000.SSE,pm,last,60,121,120,1.0
2025-08-01,588000.SSE,pm,last,300,25,24,1.0
2025-08-01,588080.SSE,am,mid,3,2401,2398,1.0
2025-08-01,588080.SSE,am,mid,15,481,480,1.0
2025-08-01,588080.SSE,am,mid,30,241,240,1.0
2025-08-01,588080.SSE,am,mid,60,121,120,1.0
2025-08-01,588080.SSE,am,mid,300,25,24,1.0
2025-08-01,588080.SSE,am,last,3,2401,2398,1.0
2025-08-01,588080.SSE,am,last,15,481,480,1.0
2025-08-01,588080.SSE,am,last,30,241,240,1.0
2025-08-01,588080.SSE,am,last,60,121,120,1.0
2025-08-01,588080.SSE,am,last,300,25,24,1.0
2025-08-01,588080.SSE,pm,mid,3,2401,2400,1.0
2025-08-01,588080.SSE,pm,mid,15,481,480,1.0
2025-08-01,588080.SSE,pm,mid,30,241,240,1.0
2025-08-01,588080.SSE,pm,mid,60,121,120,1.0
2025-08-01,588080.SSE,pm,mid,300,25,24,1.0
2025-08-01,588080.SSE,pm,last,3,2401,2400,1.0
2025-08-01,588080.SSE,pm,last,15,481,480,1.0
2025-08-01,588080.SSE,pm,last,30,241,240,1.0
2025-08-01,588080.SSE,pm,last,60,121,120,1.0
2025-08-01,588080.SSE,pm,last,300,25,24,1.0
2025-08-04,588000.SSE,am,mid,3,2401,2400,2.0
2025-08-04,588000.SSE,am,mid,15,481,480,2.0
2025-08-04,588000.SSE,am,mid,30,241,240,2.0
2025-08-04,588000.SSE,am,mid,60,121,120,2.0
2025-08-04,588000.SSE,am,mid,300,25,24,2.0
2025-08-04,588000.SSE,am,last,3,2401,2400,2.0
2025-08-04,588000.SSE,am,last,15,481,480,2.0
2025-08-04,588000.SSE,am,last,30,241,240,2.0
2025-08-04,588000.SSE,am,last,60,121,120,2.0
2025-08-04,588000.SSE,am,last,300,25,24,2.0
2025-08-04,588000.SSE,pm,mid,3,2401,2400,2.0
2025-08-04,588000.SSE,pm,mid,15,481,480,2.0
2025-08-04,588000.SSE,pm,mid,30,241,240,2.0
2025-08-04,588000.SSE,pm,mid,60,121,120,2.0
2025-08-04,588000.SSE,pm,mid,300,25,24,2.0
2025-08-04,588000.SSE,pm,last,3,2401,2400,2.0
2025-08-04,588000.SSE,pm,last,15,481,480,2.0
2025-08-04,588000.SSE,pm,last,30,241,240,2.0
2025-08-04,588000.SSE,pm,last,60,121,120,2.0
2025-08-04,588000.SSE,pm,last,300,25,24,2.0
2025-08-04,588080.SSE,am,mid,3,2401,2398,1.0
2025-08-04,588080.SSE,am,mid,15,481,479,1.0
2025-08-04,588080.SSE,am,mid,30,241,239,1.0
2025-08-04,588080.SSE,am,mid,60,121,119,1.0
2025-08-04,588080.SSE,am,mid,300,25,24,1.0
2025-08-04,588080.SSE,am,last,3,2401,2398,1.0
2025-08-04,588080.SSE,am,last,15,481,479,1.0
2025-08-04,588080.SSE,am,last,30,241,239,1.0
2025-08-04,588080.SSE,am,last,60,121,119,1.0
2025-08-04,588080.SSE,am,last,300,25,24,1.0
2025-08-04,588080.SSE,pm,mid,3,2401,2385,1.0
2025-08-04,588080.SSE,pm,mid,15,481,476,1.0
2025-08-04,588080.SSE,pm,mid,30,241,239,1.0
2025-08-04,588080.SSE,pm,mid,60,121,119,1.0
2025-08-04,588080.SSE,pm,mid,300,25,24,1.0
2025-08-04,588080.SSE,pm,last,3,2401,2385,1.0
2025-08-04,588080.SSE,pm,last,15,481,476,1.0
2025-08-04,588080.SSE,pm,last,30,241,239,1.0
2025-08-04,588080.SSE,pm,last,60,121,119,1.0
2025-08-04,588080.SSE,pm,last,300,25,24,1.0
2025-08-05,588000.SSE,am,mid,3,2401,2400,1.0
2025-08-05,588000.SSE,am,mid,15,481,480,1.0
2025-08-05,588000.SSE,am,mid,30,241,240,1.0
2025-08-05,588000.SSE,am,mid,60,121,120,1.0
2025-08-05,588000.SSE,am,mid,300,25,24,1.0
2025-08-05,588000.SSE,am,last,3,2401,2400,1.0
2025-08-05,588000.SSE,am,last,15,481,480,1.0
2025-08-05,588000.SSE,am,last,30,241,240,1.0
2025-08-05,588000.SSE,am,last,60,121,120,1.0
2025-08-05,588000.SSE,am,last,300,25,24,1.0
2025-08-05,588000.SSE,pm,mid,3,2401,2400,1.0
2025-08-05,588000.SSE,pm,mid,15,481,480,1.0
2025-08-05,588000.SSE,pm,mid,30,241,240,1.0
2025-08-05,588000.SSE,pm,mid,60,121,120,1.0
2025-08-05,588000.SSE,pm,mid,300,25,24,1.0
2025-08-05,588000.SSE,pm,last,3,2401,2400,1.0
2025-08-05,588000.SSE,pm,last,15,481,480,1.0
2025-08-05,588000.SSE,pm,last,30,241,240,1.0
2025-08-05,588000.SSE,pm,last,60,121,120,1.0
2025-08-05,588000.SSE,pm,last,300,25,24,1.0
2025-08-05,588080.SSE,am,mid,3,2401,2400,0.015
2025-08-05,588080.SSE,am,mid,15,481,481,0.006237006237006237
2025-08-05,588080.SSE,am,mid,30,241,241,0.012448132780082987
2025-08-05,588080.SSE,am,mid,60,121,121,0.024793388429752067
2025-08-05,588080.SSE,am,mid,300,25,25,0.0
2025-08-05,588080.SSE,am,last,3,2401,2400,0.015
2025-08-05,588080.SSE,am,last,15,481,481,0.006237006237006237
2025-08-05,588080.SSE,am,last,30,241,241,0.012448132780082987
2025-08-05,588080.SSE,am,last,60,121,121,0.024793388429752067
2025-08-05,588080.SSE,am,last,300,25,25,0.0
2025-08-05,588080.SSE,pm,mid,3,2401,2401,0.0024989587671803417
2025-08-05,588080.SSE,pm,mid,15,481,481,0.006237006237006237
2025-08-05,588080.SSE,pm,mid,30,241,241,0.0
2025-08-05,588080.SSE,pm,mid,60,121,121,0.0
2025-08-05,588080.SSE,pm,mid,300,25,25,0.0
2025-08-05,588080.SSE,pm,last,3,2401,2401,0.0024989587671803417
2025-08-05,588080.SSE,pm,last,15,481,481,0.006237006237006237
2025-08-05,588080.SSE,pm,last,30,241,241,0.0
2025-08-05,588080.SSE,pm,last,60,121,121,0.0
2025-08-05,588080.SSE,pm,last,300,25,25,0.0
2025-08-06,588000.SSE,am,mid,3,2401,2400,1.0
2025-08-06,588000.SSE,am,mid,15,481,480,1.0
2025-08-06,588000.SSE,am,mid,30,241,240,1.0
2025-08-06,588000.SSE,am,mid,60,121,120,1.0
2025-08-06,588000.SSE,am,mid,300,25,24,1.0
2025-08-06,588000.SSE,am,last,3,2401,2400,1.0
2025-08-06,588000.SSE,am,last,15,481,480,1.0
2025-08-06,588000.SSE,am,last,30,241,240,1.0
2025-08-06,588000.SSE,am,last,60,121,120,1.0
2025-08-06,588000.SSE,am,last,300,25,24,1.0
2025-08-06,588000.SSE,pm,mid,3,2401,2400,1.0
2025-08-06,588000.SSE,pm,mid,15,481,480,1.0
2025-08-06,588000.SSE,pm,mid,30,241,240,1.0
2025-08-06,588000.SSE,pm,mid,60,121,120,1.0
2025-08-06,588000.SSE,pm,mid,300,25,24,1.0
2025-08-06,588000.SSE,pm,last,3,2401,2400,1.0
2025-08-06,588000.SSE,pm,last,15,481,480,1.0
2025-08-06,588000.SSE,pm,last,30,241,240,1.0
2025-08-06,588000.SSE,pm,last,60,121,120,1.0
2025-08-06,588000.SSE,pm,last,300,25,24,1.0
2025-08-06,588080.SSE,am,mid,3,2401,2395,1.0
2025-08-06,588080.SSE,am,mid,15,481,479,1.0
2025-08-06,588080.SSE,am,mid,30,241,240,1.0
2025-08-06,588080.SSE,am,mid,60,121,120,1.0
2025-08-06,588080.SSE,am,mid,300,25,24,1.0
2025-08-06,588080.SSE,am,last,3,2401,2395,1.0
2025-08-06,588080.SSE,am,last,15,481,479,1.0
2025-08-06,588080.SSE,am,last,30,241,240,1.0
2025-08-06,588080.SSE,am,last,60,121,120,1.0
2025-08-06,588080.SSE,am,last,300,25,24,1.0
2025-08-06,588080.SSE,pm,mid,3,2401,2400,1.0
2025-08-06,588080.SSE,pm,mid,15,481,480,1.0
2025-08-06,588080.SSE,pm,mid,30,241,240,1.0
2025-08-06,588080.SSE,pm,mid,60,121,120,1.0
2025-08-06,588080.SSE,pm,mid,300,25,24,1.0
2025-08-06,588080.SSE,pm,last,3,2401,2400,1.0
2025-08-06,588080.SSE,pm,last,15,481,480,1.0
2025-08-06,588080.SSE,pm,last,30,241,240,1.0
2025-08-06,588080.SSE,pm,last,60,121,120,1.0
2025-08-06,588080.SSE,pm,last,300,25,24,1.0
2025-08-07,588000.SSE,am,mid,3,2401,2401,0.0
2025-08-07,588000.SSE,am,mid,15,481,481,0.0
2025-08-07,588000.SSE,am,mid,30,241,241,0.0
2025-08-07,588000.SSE,am,mid,60,121,121,0.0
2025-08-07,588000.SSE,am,mid,300,25,25,0.0
2025-08-07,588000.SSE,am,last,3,2401,2401,0.0
2025-08-07,588000.SSE,am,last,15,481,481,0.0
2025-08-07,588000.SSE,am,last,30,241,241,0.0
2025-08-07,588000.SSE,am,last,60,121,121,0.0
2025-08-07,588000.SSE,am,last,300,25,25,0.0
2025-08-07,588000.SSE,pm,mid,3,2401,2401,0.0
2025-08-07,588000.SSE,pm,mid,15,481,481,0.0
2025-08-07,588000.SSE,pm,mid,30,241,241,0.0
2025-08-07,588000.SSE,pm,mid,60,121,121,0.0
2025-08-07,588000.SSE,pm,mid,300,25,25,0.0
2025-08-07,588000.SSE,pm,last,3,2401,2401,0.0
2025-08-07,588000.SSE,pm,last,15,481,481,0.0
2025-08-07,588000.SSE,pm,last,30,241,241,0.0
2025-08-07,588000.SSE,pm,last,60,121,121,0.0
2025-08-07,588000.SSE,pm,last,300,25,25,0.0
2025-08-07,588080.SSE,am,mid,3,2401,2401,0.008746355685131196
2025-08-07,588080.SSE,am,mid,15,481,481,0.018711018711018712
2025-08-07,588080.SSE,am,mid,30,241,241,0.012448132780082987
2025-08-07,588080.SSE,am,mid,60,121,121,0.024793388429752067
2025-08-07,588080.SSE,am,mid,300,25,25,0.0
2025-08-07,588080.SSE,am,last,3,2401,2401,0.008746355685131196
2025-08-07,588080.SSE,am,last,15,481,481,0.018711018711018712
2025-08-07,588080.SSE,am,last,30,241,241,0.012448132780082987
2025-08-07,588080.SSE,am,last,60,121,121,0.024793388429752067
2025-08-07,588080.SSE,am,last,300,25,25,0.0
2025-08-07,588080.SSE,pm,mid,3,2401,2401,0.008746355685131196
2025-08-07,588080.SSE,pm,mid,15,481,481,0.012474012474012475
2025-08-07,588080.SSE,pm,mid,30,241,241,0.024896265560165973
2025-08-07,588080.SSE,pm,mid,60,121,121,0.024793388429752067
2025-08-07,588080.SSE,pm,mid,300,25,25,0.0
2025-08-07,588080.SSE,pm,last,3,2401,2401,0.008746355685131196
2025-08-07,588080.SSE,pm,last,15,481,481,0.012474012474012475
2025-08-07,588080.SSE,pm,last,30,241,241,0.024896265560165973
2025-08-07,588080.SSE,pm,last,60,121,121,0.024793388429752067
2025-08-07,588080.SSE,pm,last,300,25,25,0.0
2025-08-08,588000.SSE,am,mid,3,2401,2400,2.0
2025-08-08,588000.SSE,am,mid,15,481,480,2.0
2025-08-08,588000.SSE,am,mid,30,241,240,2.0
2025-08-08,588000.SSE,am,mid,60,121,120,2.0
2025-08-08,588000.SSE,am,mid,300,25,24,2.0
2025-08-08,588000.SSE,am,last,3,2401,2400,2.0
2025-08-08,588000.SSE,am,last,15,481,480,2.0
2025-08-08,588000.SSE,am,last,30,241,240,2.0
2025-08-08,588000.SSE,am,last,60,121,120,2.0
2025-08-08,588000.SSE,am,last,300,25,24,2.0
2025-08-08,588000.SSE,pm,mid,3,2401,2400,2.0
2025-08-08,588000.SSE,pm,mid,15,481,480,2.0
2025-08-08,588000.SSE,pm,mid,30,241,240,2.0
2025-08-08,588000.SSE,pm,mid,60,121,120,2.0
2025-08-08,588000.SSE,pm,mid,300,25,24,2.0
2025-08-08,588000.SSE,pm,last,3,2401,2400,2.0
2025-08-08,588000.SSE,pm,last,15,481,480,2.0
2025-08-08,588000.SSE,pm,last,30,241,240,2.0
2025-08-08,588000.SSE,pm,last,60,121,120,2.0
2025-08-08,588000.SSE,pm,last,300,25,24,2.0
2025-08-08,588080.SSE,am,mid,3,2401,2395,1.0
2025-08-08,588080.SSE,am,mid,15,481,480,1.0
2025-08-08,588080.SSE,am,mid,30,241,240,1.0
2025-08-08,588080.SSE,am,mid,60,121,120,1.0
2025-08-08,588080.SSE,am,mid,300,25,24,1.0
2025-08-08,588080.SSE,am,last,3,2401,2395,1.0
2025-08-08,588080.SSE,am,last,15,481,480,1.0
2025-08-08,588080.SSE,am,last,30,241,240,1.0
2025-08-08,588080.SSE,am,last,60,121,120,1.0
2025-08-08,588080.SSE,am,last,300,25,24,1.0
2025-08-08,588080.SSE,pm,mid,3,2401,2393,1.0
2025-08-08,588080.SSE,pm,mid,15,481,479,1.0
2025-08-08,588080.SSE,pm,mid,30,241,239,1.0
2025-08-08,588080.SSE,pm,mid,60,121,119,1.0
2025-08-08,588080.SSE,pm,mid,300,25,24,1.0
2025-08-08,588080.SSE,pm,last,3,2401,2393,1.0
2025-08-08,588080.SSE,pm,last,15,481,479,1.0
2025-08-08,588080.SSE,pm,last,30,241,239,1.0
2025-08-08,588080.SSE,pm,last,60,121,119,1.0
2025-08-08,588080.SSE,pm,last,300,25,24,1.0
2025-08-11,588000.SSE,am,mid,3,2401,2400,0.98875
2025-08-11,588000.SSE,am,mid,15,481,480,0.9916666666666667
2025-08-11,588000.SSE,am,mid,30,241,240,0.9916666666666667
2025-08-11,588000.SSE,am,mid,60,121,120,1.0
2025-08-11,588000.SSE,am,mid,300,25,24,1.0
2025-08-11,588000.SSE,am,last,3,2401,2400,0.98875
2025-08-11,588000.SSE,am,last,15,481,480,0.9916666666666667
2025-08-11,588000.SSE,am,last,30,241,240,0.9916666666666667
2025-08-11,588000.SSE,am,last,60,121,120,1.0
2025-08-11,588000.SSE,am,last,300,25,24,1.0
2025-08-11,588000.SSE,pm,mid,3,2401,2400,0.9908333333333333
2025-08-11,588000.SSE,pm,mid,15,481,480,0.9875
2025-08-11,588000.SSE,pm,mid,30,241,240,0.9833333333333333
2025-08-11,588000.SSE,pm,mid,60,121,120,0.9916666666666667
2025-08-11,588000.SSE,pm,mid,300,25,24,1.0
2025-08-11,588000.SSE,pm,last,3,2401,2400,0.9908333333333333
2025-08-11,588000.SSE,pm,last,15,481,480,0.9875
2025-08-11,588000.SSE,pm,last,30,241,240,0.9833333333333333
2025-08-11,588000.SSE,pm,last,60,121,120,0.9916666666666667
2025-08-11,588000.SSE,pm,last,300,25,24,1.0
2025-08-11,588080.SSE,am,mid,3,2401,2389,1.0
2025-08-11,588080.SSE,am,mid,15,481,479,1.0
2025-08-11,588080.SSE,am,mid,30,241,240,1.0
2025-08-11,588080.SSE,am,mid,60,121,120,1.0
2025-08-11,588080.SSE,am,mid,300,25,24,1.0
2025-08-11,588080.SSE,am,last,3,2401,2389,1.0
2025-08-11,588080.SSE,am,last,15,481,479,1.0
2025-08-11,588080.SSE,am,last,30,241,240,1.0
2025-08-11,588080.SSE,am,last,60,121,120,1.0
2025-08-11,588080.SSE,am,last,300,25,24,1.0
2025-08-11,588080.SSE,pm,mid,3,2401,2394,1.0
2025-08-11,588080.SSE,pm,mid,15,481,478,1.0
2025-08-11,588080.SSE,pm,mid,30,241,240,1.0
2025-08-11,588080.SSE,pm,mid,60,121,120,1.0
2025-08-11,588080.SSE,pm,mid,300,25,24,1.0
2025-08-11,588080.SSE,pm,last,3,2401,2394,1.0
2025-08-11,588080.SSE,pm,last,15,481,478,1.0
2025-08-11,588080.SSE,pm,last,30,241,240,1.0
2025-08-11,588080.SSE,pm,last,60,121,120,1.0
2025-08-11,588080.SSE,pm,last,300,25,24,1.0
2025-08-12,588000.SSE,am,mid,3,2401,2400,1.0
2025-08-12,588000.SSE,am,mid,15,481,480,1.0
2025-08-12,588000.SSE,am,mid,30,241,240,1.0
2025-08-12,588000.SSE,am,mid,60,121,120,1.0
2025-08-12,588000.SSE,am,mid,300,25,24,1.0
2025-08-12,588000.SSE,am,last,3,2401,2400,1.0
2025-08-12,588000.SSE,am,last,15,481,480,1.0
2025-08-12,588000.SSE,am,last,30,241,240,1.0
2025-08-12,588000.SSE,am,last,60,121,120,1.0
2025-08-12,588000.SSE,am,last,300,25,24,1.0
2025-08-12,588000.SSE,pm,mid,3,2401,2400,1.0
2025-08-12,588000.SSE,pm,mid,15,481,480,1.0
2025-08-12,588000.SSE,pm,mid,30,241,240,1.0
2025-08-12,588000.SSE,pm,mid,60,121,120,1.0
2025-08-12,588000.SSE,pm,mid,300,25,24,1.0
2025-08-12,588000.SSE,pm,last,3,2401,2400,1.0
2025-08-12,588000.SSE,pm,last,15,481,480,1.0
2025-08-12,588000.SSE,pm,last,30,241,240,1.0
2025-08-12,588000.SSE,pm,last,60,121,120,1.0
2025-08-12,588000.SSE,pm,last,300,25,24,1.0
2025-08-12,588080.SSE,am,mid,3,2401,2400,2.0
2025-08-12,588080.SSE,am,mid,15,481,480,2.0
2025-08-12,588080.SSE,am,mid,30,241,240,2.0
2025-08-12,588080.SSE,am,mid,60,121,120,2.0
2025-08-12,588080.SSE,am,mid,300,25,24,2.0
2025-08-12,588080.SSE,am,last,3,2401,2400,2.0
2025-08-12,588080.SSE,am,last,15,481,480,2.0
2025-08-12,588080.SSE,am,last,30,241,240,2.0
2025-08-12,588080.SSE,am,last,60,121,120,2.0
2025-08-12,588080.SSE,am,last,300,25,24,2.0
2025-08-12,588080.SSE,pm,mid,3,2401,2400,2.0
2025-08-12,588080.SSE,pm,mid,15,481,480,2.0
2025-08-12,588080.SSE,pm,mid,30,241,240,2.0
2025-08-12,588080.SSE,pm,mid,60,121,120,2.0
2025-08-12,588080.SSE,pm,mid,300,25,24,2.0
2025-08-12,588080.SSE,pm,last,3,2401,2400,2.0
2025-08-12,588080.SSE,pm,last,15,481,480,2.0
2025-08-12,588080.SSE,pm,last,30,241,240,2.0
2025-08-12,588080.SSE,pm,last,60,121,120,2.0
2025-08-12,588080.SSE,pm,last,300,25,24,2.0
2025-08-13,588000.SSE,am,mid,3,2401,2401,0.0
2025-08-13,588000.SSE,am,mid,15,481,481,0.0
2025-08-13,588000.SSE,am,mid,30,241,241,0.0
2025-08-13,588000.SSE,am,mid,60,121,121,0.0
2025-08-13,588000.SSE,am,mid,300,25,25,0.0
2025-08-13,588000.SSE,am,last,3,2401,2401,0.0
2025-08-13,588000.SSE,am,last,15,481,481,0.0
2025-08-13,588000.SSE,am,last,30,241,241,0.0
2025-08-13,588000.SSE,am,last,60,121,121,0.0
2025-08-13,588000.SSE,am,last,300,25,25,0.0
2025-08-13,588000.SSE,pm,mid,3,2401,2401,0.0
2025-08-13,588000.SSE,pm,mid,15,481,481,0.0
2025-08-13,588000.SSE,pm,mid,30,241,241,0.0
2025-08-13,588000.SSE,pm,mid,60,121,121,0.0
2025-08-13,588000.SSE,pm,mid,300,25,25,0.0
2025-08-13,588000.SSE,pm,last,3,2401,2401,0.0
2025-08-13,588000.SSE,pm,last,15,481,481,0.0
2025-08-13,588000.SSE,pm,last,30,241,241,0.0
2025-08-13,588000.SSE,pm,last,60,121,121,0.0
2025-08-13,588000.SSE,pm,last,300,25,25,0.0
2025-08-13,588080.SSE,am,mid,3,2401,2400,1.0
2025-08-13,588080.SSE,am,mid,15,481,480,1.0
2025-08-13,588080.SSE,am,mid,30,241,240,1.0
2025-08-13,588080.SSE,am,mid,60,121,120,1.0
2025-08-13,588080.SSE,am,mid,300,25,24,1.0
2025-08-13,588080.SSE,am,last,3,2401,2400,1.0
2025-08-13,588080.SSE,am,last,15,481,480,1.0
2025-08-13,588080.SSE,am,last,30,241,240,1.0
2025-08-13,588080.SSE,am,last,60,121,120,1.0
2025-08-13,588080.SSE,am,last,300,25,24,1.0
2025-08-13,588080.SSE,pm,mid,3,2401,2400,1.0
2025-08-13,588080.SSE,pm,mid,15,481,480,1.0
2025-08-13,588080.SSE,pm,mid,30,241,240,1.0
2025-08-13,588080.SSE,pm,mid,60,121,120,1.0
2025-08-13,588080.SSE,pm,mid,300,25,24,1.0
2025-08-13,588080.SSE,pm,last,3,2401,2400,1.0
2025-08-13,588080.SSE,pm,last,15,481,480,1.0
2025-08-13,588080.SSE,pm,last,30,241,240,1.0
2025-08-13,588080.SSE,pm,last,60,121,120,1.0
2025-08-13,588080.SSE,pm,last,300,25,24,1.0
2025-08-14,588000.SSE,am,mid,3,2401,2400,2.0
2025-08-14,588000.SSE,am,mid,15,481,480,2.0
2025-08-14,588000.SSE,am,mid,30,241,240,2.0
2025-08-14,588000.SSE,am,mid,60,121,120,2.0
2025-08-14,588000.SSE,am,mid,300,25,24,2.0
2025-08-14,588000.SSE,am,last,3,2401,2400,2.0
2025-08-14,588000.SSE,am,last,15,481,480,2.0
2025-08-14,588000.SSE,am,last,30,241,240,2.0
2025-08-14,588000.SSE,am,last,60,121,120,2.0
2025-08-14,588000.SSE,am,last,300,25,24,2.0
2025-08-14,588000.SSE,pm,mid,3,2401,2400,2.0
2025-08-14,588000.SSE,pm,mid,15,481,480,2.0
2025-08-14,588000.SSE,pm,mid,30,241,240,2.0
2025-08-14,588000.SSE,pm,mid,60,121,120,2.0
2025-08-14,588000.SSE,pm,mid,300,25,24,2.0
2025-08-14,588000.SSE,pm,last,3,2401,2400,2.0
2025-08-14,588000.SSE,pm,last,15,481,480,2.0
2025-08-14,588000.SSE,pm,last,30,241,240,2.0
2025-08-14,588000.SSE,pm,last,60,121,120,2.0
2025-08-14,588000.SSE,pm,last,300,25,24,2.0
2025-08-14,588080.SSE,am,mid,3,2401,2400,1.0
2025-08-14,588080.SSE,am,mid,15,481,480,1.0
2025-08-14,588080.SSE,am,mid,30,241,240,1.0
2025-08-14,588080.SSE,am,mid,60,121,120,1.0
2025-08-14,588080.SSE,am,mid,300,25,24,1.0
2025-08-14,588080.SSE,am,last,3,2401,2400,1.0
2025-08-14,588080.SSE,am,last,15,481,480,1.0
2025-08-14,588080.SSE,am,last,30,241,240,1.0
2025-08-14,588080.SSE,am,last,60,121,120,1.0
2025-08-14,588080.SSE,am,last,300,25,24,1.0
2025-08-14,588080.SSE,pm,mid,3,2401,2399,1.0
2025-08-14,588080.SSE,pm,mid,15,481,480,1.0
2025-08-14,588080.SSE,pm,mid,30,241,240,1.0
2025-08-14,588080.SSE,pm,mid,60,121,120,1.0
2025-08-14,588080.SSE,pm,mid,300,25,24,1.0
2025-08-14,588080.SSE,pm,last,3,2401,2399,1.0
2025-08-14,588080.SSE,pm,last,15,481,480,1.0
2025-08-14,588080.SSE,pm,last,30,241,240,1.0
2025-08-14,588080.SSE,pm,last,60,121,120,1.0
2025-08-14,588080.SSE,pm,last,300,25,24,1.0
2025-08-15,588000.SSE,am,mid,3,2401,2401,0.0012494793835901709
2025-08-15,588000.SSE,am,mid,15,481,481,0.0
2025-08-15,588000.SSE,am,mid,30,241,241,0.0
2025-08-15,588000.SSE,am,mid,60,121,121,0.0
2025-08-15,588000.SSE,am,mid,300,25,25,0.0
2025-08-15,588000.SSE,am,last,3,2401,2401,0.0012494793835901709
2025-08-15,588000.SSE,am,last,15,481,481,0.0
2025-08-15,588000.SSE,am,last,30,241,241,0.0
2025-08-15,588000.SSE,am,last,60,121,121,0.0
2025-08-15,588000.SSE,am,last,300,25,25,0.0
2025-08-15,588000.SSE,pm,mid,3,2401,2401,0.0
2025-08-15,588000.SSE,pm,mid,15,481,481,0.0
2025-08-15,588000.SSE,pm,mid,30,241,241,0.0
2025-08-15,588000.SSE,pm,mid,60,121,121,0.0
2025-08-15,588000.SSE,pm,mid,300,25,25,0.0
2025-08-15,588000.SSE,pm,last,3,2401,2401,0.0
2025-08-15,588000.SSE,pm,last,15,481,481,0.0
2025-08-15,588000.SSE,pm,last,30,241,241,0.0
2025-08-15,588000.SSE,pm,last,60,121,121,0.0
2025-08-15,588000.SSE,pm,last,300,25,25,0.0
2025-08-15,588080.SSE,am,mid,3,2401,2401,0.0024989587671803417
2025-08-15,588080.SSE,am,mid,15,481,481,0.0
2025-08-15,588080.SSE,am,mid,30,241,241,0.0
2025-08-15,588080.SSE,am,mid,60,121,121,0.0
2025-08-15,588080.SSE,am,mid,300,25,25,0.0
2025-08-15,588080.SSE,am,last,3,2401,2401,0.0024989587671803417
2025-08-15,588080.SSE,am,last,15,481,481,0.0
2025-08-15,588080.SSE,am,last,30,241,241,0.0
2025-08-15,588080.SSE,am,last,60,121,121,0.0
2025-08-15,588080.SSE,am,last,300,25,25,0.0
2025-08-15,588080.SSE,pm,mid,3,2401,2401,0.0
2025-08-15,588080.SSE,pm,mid,15,481,481,0.0
2025-08-15,588080.SSE,pm,mid,30,241,241,0.0
2025-08-15,588080.SSE,pm,mid,60,121,121,0.0
2025-08-15,588080.SSE,pm,mid,300,25,25,0.0
2025-08-15,588080.SSE,pm,last,3,2401,2401,0.0
2025-08-15,588080.SSE,pm,last,15,481,481,0.0
2025-08-15,588080.SSE,pm,last,30,241,241,0.0
2025-08-15,588080.SSE,pm,last,60,121,121,0.0
2025-08-15,588080.SSE,pm,last,300,25,25,0.0
2025-08-18,588000.SSE,am,mid,3,2401,2400,0.0
2025-08-18,588000.SSE,am,mid,15,481,480,0.0
2025-08-18,588000.SSE,am,mid,30,241,240,0.0
2025-08-18,588000.SSE,am,mid,60,121,120,0.0
2025-08-18,588000.SSE,am,mid,300,25,24,0.0
2025-08-18,588000.SSE,am,last,3,2401,2400,0.0
2025-08-18,588000.SSE,am,last,15,481,480,0.0
2025-08-18,588000.SSE,am,last,30,241,240,0.0
2025-08-18,588000.SSE,am,last,60,121,120,0.0
2025-08-18,588000.SSE,am,last,300,25,24,0.0
2025-08-18,588000.SSE,pm,mid,3,2401,2400,0.00125
2025-08-18,588000.SSE,pm,mid,15,481,480,0.0
2025-08-18,588000.SSE,pm,mid,30,241,240,0.0
2025-08-18,588000.SSE,pm,mid,60,121,120,0.0
2025-08-18,588000.SSE,pm,mid,300,25,24,0.0
2025-08-18,588000.SSE,pm,last,3,2401,2400,0.00125
2025-08-18,588000.SSE,pm,last,15,481,480,0.0
2025-08-18,588000.SSE,pm,last,30,241,240,0.0
2025-08-18,588000.SSE,pm,last,60,121,120,0.0
2025-08-18,588000.SSE,pm,last,300,25,24,0.0
2025-08-18,588080.SSE,am,mid,3,2401,2400,2.0
2025-08-18,588080.SSE,am,mid,15,481,480,2.0
2025-08-18,588080.SSE,am,mid,30,241,240,2.0
2025-08-18,588080.SSE,am,mid,60,121,120,2.0
2025-08-18,588080.SSE,am,mid,300,25,24,2.0
2025-08-18,588080.SSE,am,last,3,2401,2400,2.0
2025-08-18,588080.SSE,am,last,15,481,480,2.0
2025-08-18,588080.SSE,am,last,30,241,240,2.0
2025-08-18,588080.SSE,am,last,60,121,120,2.0
2025-08-18,588080.SSE,am,last,300,25,24,2.0
2025-08-18,588080.SSE,pm,mid,3,2401,2400,2.0
2025-08-18,588080.SSE,pm,mid,15,481,480,2.0
2025-08-18,588080.SSE,pm,mid,30,241,240,2.0
2025-08-18,588080.SSE,pm,mid,60,121,120,2.0
2025-08-18,588080.SSE,pm,mid,300,25,24,2.0
2025-08-18,588080.SSE,pm,last,3,2401,2400,2.0
2025-08-18,588080.SSE,pm,last,15,481,480,2.0
2025-08-18,588080.SSE,pm,last,30,241,240,2.0
2025-08-18,588080.SSE,pm,last,60,121,120,2.0
2025-08-18,588080.SSE,pm,last,300,25,24,2.0
2025-08-19,588000.SSE,am,mid,3,2401,2400,1.6733333333333333
2025-08-19,588000.SSE,am,mid,15,481,480,1.6708333333333334
2025-08-19,588000.SSE,am,mid,30,241,240,1.65
2025-08-19,588000.SSE,am,mid,60,121,120,1.6666666666666667
2025-08-19,588000.SSE,am,mid,300,25,24,1.6666666666666667
2025-08-19,588000.SSE,am,last,3,2401,2400,1.6733333333333333
2025-08-19,588000.SSE,am,last,15,481,480,1.6708333333333334
2025-08-19,588000.SSE,am,last,30,241,240,1.65
2025-08-19,588000.SSE,am,last,60,121,120,1.6666666666666667
2025-08-19,588000.SSE,am,last,300,25,24,1.6666666666666667
2025-08-19,588000.SSE,pm,mid,3,2401,2400,1.6879166666666667
2025-08-19,588000.SSE,pm,mid,15,481,480,1.7041666666666666
2025-08-19,588000.SSE,pm,mid,30,241,240,1.7125
2025-08-19,588000.SSE,pm,mid,60,121,120,1.7166666666666666
2025-08-19,588000.SSE,pm,mid,300,25,24,1.7083333333333333
2025-08-19,588000.SSE,pm,last,3,2401,2400,1.6879166666666667
2025-08-19,588000.SSE,pm,last,15,481,480,1.7041666666666666
2025-08-19,588000.SSE,pm,last,30,241,240,1.7125
2025-08-19,588000.SSE,pm,last,60,121,120,1.7166666666666666
2025-08-19,588000.SSE,pm,last,300,25,24,1.7083333333333333
2025-08-19,588080.SSE,am,mid,3,2401,2399,1.0
2025-08-19,588080.SSE,am,mid,15,481,480,1.0
2025-08-19,588080.SSE,am,mid,30,241,240,1.0
2025-08-19,588080.SSE,am,mid,60,121,120,1.0
2025-08-19,588080.SSE,am,mid,300,25,24,1.0
2025-08-19,588080.SSE,am,last,3,2401,2399,1.0
2025-08-19,588080.SSE,am,last,15,481,480,1.0
2025-08-19,588080.SSE,am,last,30,241,240,1.0
2025-08-19,588080.SSE,am,last,60,121,120,1.0
2025-08-19,588080.SSE,am,last,300,25,24,1.0
2025-08-19,588080.SSE,pm,mid,3,2401,2400,1.0
2025-08-19,588080.SSE,pm,mid,15,481,480,1.0
2025-08-19,588080.SSE,pm,mid,30,241,240,1.0
2025-08-19,588080.SSE,pm,mid,60,121,120,1.0
2025-08-19,588080.SSE,pm,mid,300,25,24,1.0
2025-08-19,588080.SSE,pm,last,3,2401,2400,1.0
2025-08-19,588080.SSE,pm,last,15,481,480,1.0
2025-08-19,588080.SSE,pm,last,30,241,240,1.0
2025-08-19,588080.SSE,pm,last,60,121,120,1.0
2025-08-19,588080.SSE,pm,last,300,25,24,1.0
2025-08-20,588000.SSE,am,mid,3,2401,2401,0.0
2025-08-20,588000.SSE,am,mid,15,481,481,0.0
2025-08-20,588000.SSE,am,mid,30,241,241,0.0
2025-08-20,588000.SSE,am,mid,60,121,121,0.0
2025-08-20,588000.SSE,am,mid,300,25,25,0.0
2025-08-20,588000.SSE,am,last,3,2401,2401,0.0
2025-08-20,588000.SSE,am,last,15,481,481,0.0
2025-08-20,588000.SSE,am,last,30,241,241,0.0
2025-08-20,588000.SSE,am,last,60,121,121,0.0
2025-08-20,588000.SSE,am,last,300,25,25,0.0
2025-08-20,588000.SSE,pm,mid,3,2401,2401,0.0
2025-08-20,588000.SSE,pm,mid,15,481,481,0.0
2025-08-20,588000.SSE,pm,mid,30,241,241,0.0
2025-08-20,588000.SSE,pm,mid,60,121,121,0.0
2025-08-20,588000.SSE,pm,mid,300,25,25,0.0
2025-08-20,588000.SSE,pm,last,3,2401,2401,0.0
2025-08-20,588000.SSE,pm,last,15,481,481,0.0
2025-08-20,588000.SSE,pm,last,30,241,241,0.0
2025-08-20,588000.SSE,pm,last,60,121,121,0.0
2025-08-20,588000.SSE,pm,last,300,25,25,0.0
2025-08-20,588080.SSE,am,mid,3,2401,2401,0.0012494793835901709
2025-08-20,588080.SSE,am,mid,15,481,481,0.0
2025-08-20,588080.SSE,am,mid,30,241,241,0.0
2025-08-20,588080.SSE,am,mid,60,121,121,0.0
2025-08-20,588080.SSE,am,mid,300,25,25,0.0
2025-08-20,588080.SSE,am,last,3,2401,2401,0.0012494793835901709
2025-08-20,588080.SSE,am,last,15,481,481,0.0
2025-08-20,588080.SSE,am,last,30,241,241,0.0
2025-08-20,588080.SSE,am,last,60,121,121,0.0
2025-08-20,588080.SSE,am,last,300,25,25,0.0
2025-08-20,588080.SSE,pm,mid,3,2401,2401,0.0024989587671803417
2025-08-20,588080.SSE,pm,mid,15,481,481,0.0
2025-08-20,588080.SSE,pm,mid,30,241,241,0.0
2025-08-20,588080.SSE,pm,mid,60,121,121,0.0
2025-08-20,588080.SSE,pm,mid,300,25,25,0.0
2025-08-20,588080.SSE,pm,last,3,2401,2401,0.0024989587671803417
2025-08-20,588080.SSE,pm,last,15,481,481,0.0
2025-08-20,588080.SSE,pm,last,30,241,241,0.0
2025-08-20,588080.SSE,pm,last,60,121,121,0.0
2025-08-20,588080.SSE,pm,last,300,25,25,0.0
2025-08-21,588000.SSE,am,mid,3,2401,2400,0.0
2025-08-21,588000.SSE,am,mid,15,481,480,0.0
2025-08-21,588000.SSE,am,mid,30,241,240,0.0
2025-08-21,588000.SSE,am,mid,60,121,120,0.0
2025-08-21,588000.SSE,am,mid,300,25,24,0.0
2025-08-21,588000.SSE,am,last,3,2401,2400,0.0
2025-08-21,588000.SSE,am,last,15,481,480,0.0
2025-08-21,588000.SSE,am,last,30,241,240,0.0
2025-08-21,588000.SSE,am,last,60,121,120,0.0
2025-08-21,588000.SSE,am,last,300,25,24,0.0
2025-08-21,588000.SSE,pm,mid,3,2401,2400,0.0
2025-08-21,588000.SSE,pm,mid,15,481,480,0.0
2025-08-21,588000.SSE,pm,mid,30,241,240,0.0
2025-08-21,588000.SSE,pm,mid,60,121,120,0.0
2025-08-21,588000.SSE,pm,mid,300,25,24,0.0
2025-08-21,588000.SSE,pm,last,3,2401,2400,0.0
2025-08-21,588000.SSE,pm,last,15,481,480,0.0
2025-08-21,588000.SSE,pm,last,30,241,240,0.0
2025-08-21,588000.SSE,pm,last,60,121,120,0.0
2025-08-21,588000.SSE,pm,last,300,25,24,0.0
2025-08-21,588080.SSE,am,mid,3,2401,2400,1.0
2025-08-21,588080.SSE,am,mid,15,481,480,1.0
2025-08-21,588080.SSE,am,mid,30,241,240,1.0
2025-08-21,588080.SSE,am,mid,60,121,120,1.0
2025-08-21,588080.SSE,am,mid,300,25,24,1.0
2025-08-21,588080.SSE,am,last,3,2401,2400,1.0
2025-08-21,588080.SSE,am,last,15,481,480,1.0
2025-08-21,588080.SSE,am,last,30,241,240,1.0
2025-08-21,588080.SSE,am,last,60,121,120,1.0
2025-08-21,588080.SSE,am,last,300,25,24,1.0
2025-08-21,588080.SSE,pm,mid,3,2401,2399,1.0
2025-08-21,588080.SSE,pm,mid,15,481,480,1.0
2025-08-21,588080.SSE,pm,mid,30,241,240,1.0
2025-08-21,588080.SSE,pm,mid,60,121,120,1.0
2025-08-21,588080.SSE,pm,mid,300,25,24,1.0
2025-08-21,588080.SSE,pm,last,3,2401,2399,1.0
2025-08-21,588080.SSE,pm,last,15,481,480,1.0
2025-08-21,588080.SSE,pm,last,30,241,240,1.0
2025-08-21,588080.SSE,pm,last,60,121,120,1.0
2025-08-21,588080.SSE,pm,last,300,25,24,1.0
2025-08-22,588000.SSE,am,mid,3,2401,2400,0.0275
2025-08-22,588000.SSE,am,mid,15,481,481,0.018711018711018712
2025-08-22,588000.SSE,am,mid,30,241,241,0.012448132780082987
2025-08-22,588000.SSE,am,mid,60,121,121,0.0
2025-08-22,588000.SSE,am,mid,300,25,25,0.0
2025-08-22,588000.SSE,am,last,3,2401,2400,0.0275
2025-08-22,588000.SSE,am,last,15,481,481,0.018711018711018712
2025-08-22,588000.SSE,am,last,30,241,241,0.012448132780082987
2025-08-22,588000.SSE,am,last,60,121,121,0.0
2025-08-22,588000.SSE,am,last,300,25,25,0.0
2025-08-22,588000.SSE,pm,mid,3,2401,2400,0.01875
2025-08-22,588000.SSE,pm,mid,15,481,481,0.031185031185031187
2025-08-22,588000.SSE,pm,mid,30,241,241,0.024896265560165973
2025-08-22,588000.SSE,pm,mid,60,121,121,0.0
2025-08-22,588000.SSE,pm,mid,300,25,25,0.0
2025-08-22,588000.SSE,pm,last,3,2401,2400,0.01875
2025-08-22,588000.SSE,pm,last,15,481,481,0.031185031185031187
2025-08-22,588000.SSE,pm,last,30,241,241,0.024896265560165973
2025-08-22,588000.SSE,pm,last,60,121,121,0.0
2025-08-22,588000.SSE,pm,last,300,25,25,0.0
2025-08-22,588080.SSE,am,mid,3,2401,2399,0.02751146310962901
2025-08-22,588080.SSE,am,mid,15,481,480,0.025
2025-08-22,588080.SSE,am,mid,30,241,240,0.0
2025-08-22,588080.SSE,am,mid,60,121,120,0.0
2025-08-22,588080.SSE,am,mid,300,25,25,0.0
2025-08-22,588080.SSE,am,last,3,2401,2399,0.02751146310962901
2025-08-22,588080.SSE,am,last,15,481,480,0.025
2025-08-22,588080.SSE,am,last,30,241,240,0.0
2025-08-22,588080.SSE,am,last,60,121,120,0.0
2025-08-22,588080.SSE,am,last,300,25,25,0.0
2025-08-22,588080.SSE,pm,mid,3,2401,2401,0.01749271137026239
2025-08-22,588080.SSE,pm,mid,15,481,481,0.031185031185031187
2025-08-22,588080.SSE,pm,mid,30,241,241,0.03734439834024896
2025-08-22,588080.SSE,pm,mid,60,121,121,0.024793388429752067
2025-08-22,588080.SSE,pm,mid,300,25,25,0.0
2025-08-22,588080.SSE,pm,last,3,2401,2401,0.01749271137026239
2025-08-22,588080.SSE,pm,last,15,481,481,0.031185031185031187
2025-08-22,588080.SSE,pm,last,30,241,241,0.03734439834024896
2025-08-22,588080.SSE,pm,last,60,121,121,0.024793388429752067
2025-08-22,588080.SSE,pm,last,300,25,25,0.0
2025-08-25,588000.SSE,am,mid,3,2401,2401,0.0
2025-08-25,588000.SSE,am,mid,15,481,481,0.0
2025-08-25,588000.SSE,am,mid,30,241,241,0.0
2025-08-25,588000.SSE,am,mid,60,121,121,0.0
2025-08-25,588000.SSE,am,mid,300,25,25,0.0
2025-08-25,588000.SSE,am,last,3,2401,2401,0.0
2025-08-25,588000.SSE,am,last,15,481,481,0.0
2025-08-25,588000.SSE,am,last,30,241,241,0.0
2025-08-25,588000.SSE,am,last,60,121,121,0.0
2025-08-25,588000.SSE,am,last,300,25,25,0.0
2025-08-25,588000.SSE,pm,mid,3,2401,2401,0.0
2025-08-25,588000.SSE,pm,mid,15,481,481,0.0
2025-08-25,588000.SSE,pm,mid,30,241,241,0.0
2025-08-25,588000.SSE,pm,mid,60,121,121,0.0
2025-08-25,588000.SSE,pm,mid,300,25,25,0.0
2025-08-25,588000.SSE,pm,last,3,2401,2401,0.0
2025-08-25,588000.SSE,pm,last,15,481,481,0.0
2025-08-25,588000.SSE,pm,last,30,241,241,0.0
2025-08-25,588000.SSE,pm,last,60,121,121,0.0
2025-08-25,588000.SSE,pm,last,300,25,25,0.0
2025-08-25,588080.SSE,am,mid,3,2401,2401,0.0
2025-08-25,588080.SSE,am,mid,15,481,481,0.0
2025-08-25,588080.SSE,am,mid,30,241,241,0.0
2025-08-25,588080.SSE,am,mid,60,121,121,0.0
2025-08-25,588080.SSE,am,mid,300,25,25,0.0
2025-08-25,588080.SSE,am,last,3,2401,2401,0.0
2025-08-25,588080.SSE,am,last,15,481,481,0.0
2025-08-25,588080.SSE,am,last,30,241,241,0.0
2025-08-25,588080.SSE,am,last,60,121,121,0.0
2025-08-25,588080.SSE,am,last,300,25,25,0.0
2025-08-25,588080.SSE,pm,mid,3,2401,2401,0.0
2025-08-25,588080.SSE,pm,mid,15,481,481,0.0
2025-08-25,588080.SSE,pm,mid,30,241,241,0.0
2025-08-25,588080.SSE,pm,mid,60,121,121,0.0
2025-08-25,588080.SSE,pm,mid,300,25,25,0.0
2025-08-25,588080.SSE,pm,last,3,2401,2401,0.0
2025-08-25,588080.SSE,pm,last,15,481,481,0.0
2025-08-25,588080.SSE,pm,last,30,241,241,0.0
2025-08-25,588080.SSE,pm,last,60,121,121,0.0
2025-08-25,588080.SSE,pm,last,300,25,25,0.0
2025-08-26,588000.SSE,am,mid,3,2401,2400,2.0
2025-08-26,588000.SSE,am,mid,15,481,480,2.0
2025-08-26,588000.SSE,am,mid,30,241,240,2.0
2025-08-26,588000.SSE,am,mid,60,121,120,2.0
2025-08-26,588000.SSE,am,mid,300,25,24,2.0
2025-08-26,588000.SSE,am,last,3,2401,2400,2.0
2025-08-26,588000.SSE,am,last,15,481,480,2.0
2025-08-26,588000.SSE,am,last,30,241,240,2.0
2025-08-26,588000.SSE,am,last,60,121,120,2.0
2025-08-26,588000.SSE,am,last,300,25,24,2.0
2025-08-26,588000.SSE,pm,mid,3,2401,2400,2.0
2025-08-26,588000.SSE,pm,mid,15,481,480,2.0
2025-08-26,588000.SSE,pm,mid,30,241,240,2.0
2025-08-26,588000.SSE,pm,mid,60,121,120,2.0
2025-08-26,588000.SSE,pm,mid,300,25,24,2.0
2025-08-26,588000.SSE,pm,last,3,2401,2400,2.0
2025-08-26,588000.SSE,pm,last,15,481,480,2.0
2025-08-26,588000.SSE,pm,last,30,241,240,2.0
2025-08-26,588000.SSE,pm,last,60,121,120,2.0
2025-08-26,588000.SSE,pm,last,300,25,24,2.0
2025-08-26,588080.SSE,am,mid,3,2401,2400,2.0
2025-08-26,588080.SSE,am,mid,15,481,480,2.0
2025-08-26,588080.SSE,am,mid,30,241,240,2.0
2025-08-26,588080.SSE,am,mid,60,121,120,2.0
2025-08-26,588080.SSE,am,mid,300,25,24,2.0
2025-08-26,588080.SSE,am,last,3,2401,2400,2.0
2025-08-26,588080.SSE,am,last,15,481,480,2.0
2025-08-26,588080.SSE,am,last,30,241,240,2.0
2025-08-26,588080.SSE,am,last,60,121,120,2.0
2025-08-26,588080.SSE,am,last,300,25,24,2.0
2025-08-26,588080.SSE,pm,mid,3,2401,2400,2.0
2025-08-26,588080.SSE,pm,mid,15,481,480,2.0
2025-08-26,588080.SSE,pm,mid,30,241,240,2.0
2025-08-26,588080.SSE,pm,mid,60,121,120,2.0
2025-08-26,588080.SSE,pm,mid,300,25,24,2.0
2025-08-26,588080.SSE,pm,last,3,2401,2400,2.0
2025-08-26,588080.SSE,pm,last,15,481,480,2.0
2025-08-26,588080.SSE,pm,last,30,241,240,2.0
2025-08-26,588080.SSE,pm,last,60,121,120,2.0
2025-08-26,588080.SSE,pm,last,300,25,24,2.0
2025-08-27,588000.SSE,am,mid,3,2401,2400,2.0
2025-08-27,588000.SSE,am,mid,15,481,480,2.0
2025-08-27,588000.SSE,am,mid,30,241,240,2.0
2025-08-27,588000.SSE,am,mid,60,121,120,2.0
2025-08-27,588000.SSE,am,mid,300,25,24,2.0
2025-08-27,588000.SSE,am,last,3,2401,2400,2.0
2025-08-27,588000.SSE,am,last,15,481,480,2.0
2025-08-27,588000.SSE,am,last,30,241,240,2.0
2025-08-27,588000.SSE,am,last,60,121,120,2.0
2025-08-27,588000.SSE,am,last,300,25,24,2.0
2025-08-27,588000.SSE,pm,mid,3,2401,2400,2.0
2025-08-27,588000.SSE,pm,mid,15,481,480,2.0
2025-08-27,588000.SSE,pm,mid,30,241,240,2.0
2025-08-27,588000.SSE,pm,mid,60,121,120,2.0
2025-08-27,588000.SSE,pm,mid,300,25,24,2.0
2025-08-27,588000.SSE,pm,last,3,2401,2400,2.0
2025-08-27,588000.SSE,pm,last,15,481,480,2.0
2025-08-27,588000.SSE,pm,last,30,241,240,2.0
2025-08-27,588000.SSE,pm,last,60,121,120,2.0
2025-08-27,588000.SSE,pm,last,300,25,24,2.0
2025-08-27,588080.SSE,am,mid,3,2401,2400,0.11791666666666667
2025-08-27,588080.SSE,am,mid,15,481,480,0.11458333333333333
2025-08-27,588080.SSE,am,mid,30,241,240,0.12083333333333333
2025-08-27,588080.SSE,am,mid,60,121,120,0.175
2025-08-27,588080.SSE,am,mid,300,25,24,0.08333333333333333
2025-08-27,588080.SSE,am,last,3,2401,2400,0.11791666666666667
2025-08-27,588080.SSE,am,last,15,481,480,0.11458333333333333
2025-08-27,588080.SSE,am,last,30,241,240,0.12083333333333333
2025-08-27,588080.SSE,am,last,60,121,120,0.175
2025-08-27,588080.SSE,am,last,300,25,24,0.08333333333333333
2025-08-27,588080.SSE,pm,mid,3,2401,2400,0.12166666666666667
2025-08-27,588080.SSE,pm,mid,15,481,480,0.13958333333333334
2025-08-27,588080.SSE,pm,mid,30,241,240,0.15833333333333333
2025-08-27,588080.SSE,pm,mid,60,121,120,0.125
2025-08-27,588080.SSE,pm,mid,300,25,24,0.08333333333333333
2025-08-27,588080.SSE,pm,last,3,2401,2400,0.12166666666666667
2025-08-27,588080.SSE,pm,last,15,481,480,0.13958333333333334
2025-08-27,588080.SSE,pm,last,30,241,240,0.15833333333333333
2025-08-27,588080.SSE,pm,last,60,121,120,0.125
2025-08-27,588080.SSE,pm,last,300,25,24,0.08333333333333333
2025-08-28,588000.SSE,am,mid,3,2401,2400,2.0
2025-08-28,588000.SSE,am,mid,15,481,480,2.0
2025-08-28,588000.SSE,am,mid,30,241,240,2.0
2025-08-28,588000.SSE,am,mid,60,121,120,2.0
2025-08-28,588000.SSE,am,mid,300,25,24,2.0
2025-08-28,588000.SSE,am,last,3,2401,2400,2.0
2025-08-28,588000.SSE,am,last,15,481,480,2.0
2025-08-28,588000.SSE,am,last,30,241,240,2.0
2025-08-28,588000.SSE,am,last,60,121,120,2.0
2025-08-28,588000.SSE,am,last,300,25,24,2.0
2025-08-28,588000.SSE,pm,mid,3,2401,2400,2.0
2025-08-28,588000.SSE,pm,mid,15,481,480,2.0
2025-08-28,588000.SSE,pm,mid,30,241,240,2.0
2025-08-28,588000.SSE,pm,mid,60,121,120,2.0
2025-08-28,588000.SSE,pm,mid,300,25,24,2.0
2025-08-28,588000.SSE,pm,last,3,2401,2400,2.0
2025-08-28,588000.SSE,pm,last,15,481,480,2.0
2025-08-28,588000.SSE,pm,last,30,241,240,2.0
2025-08-28,588000.SSE,pm,last,60,121,120,2.0
2025-08-28,588000.SSE,pm,last,300,25,24,2.0
2025-08-28,588080.SSE,am,mid,3,2401,2400,2.0
2025-08-28,588080.SSE,am,mid,15,481,480,2.0
2025-08-28,588080.SSE,am,mid,30,241,240,2.0
2025-08-28,588080.SSE,am,mid,60,121,120,2.0
2025-08-28,588080.SSE,am,mid,300,25,24,2.0
2025-08-28,588080.SSE,am,last,3,2401,2400,2.0
2025-08-28,588080.SSE,am,last,15,481,480,2.0
2025-08-28,588080.SSE,am,last,30,241,240,2.0
2025-08-28,588080.SSE,am,last,60,121,120,2.0
2025-08-28,588080.SSE,am,last,300,25,24,2.0
2025-08-28,588080.SSE,pm,mid,3,2401,2400,2.0
2025-08-28,588080.SSE,pm,mid,15,481,480,2.0
2025-08-28,588080.SSE,pm,mid,30,241,240,2.0
2025-08-28,588080.SSE,pm,mid,60,121,120,2.0
2025-08-28,588080.SSE,pm,mid,300,25,24,2.0
2025-08-28,588080.SSE,pm,last,3,2401,2400,2.0
2025-08-28,588080.SSE,pm,last,15,481,480,2.0
2025-08-28,588080.SSE,pm,last,30,241,240,2.0
2025-08-28,588080.SSE,pm,last,60,121,120,2.0
2025-08-28,588080.SSE,pm,last,300,25,24,2.0
2025-08-29,588000.SSE,am,mid,3,2401,2401,0.0
2025-08-29,588000.SSE,am,mid,15,481,481,0.0
2025-08-29,588000.SSE,am,mid,30,241,241,0.0
2025-08-29,588000.SSE,am,mid,60,121,121,0.0
2025-08-29,588000.SSE,am,mid,300,25,25,0.0
2025-08-29,588000.SSE,am,last,3,2401,2401,0.0
2025-08-29,588000.SSE,am,last,15,481,481,0.0
2025-08-29,588000.SSE,am,last,30,241,241,0.0
2025-08-29,588000.SSE,am,last,60,121,121,0.0
2025-08-29,588000.SSE,am,last,300,25,25,0.0
2025-08-29,588000.SSE,pm,mid,3,2401,2401,0.0
2025-08-29,588000.SSE,pm,mid,15,481,481,0.0
2025-08-29,588000.SSE,pm,mid,30,241,241,0.0
2025-08-29,588000.SSE,pm,mid,60,121,121,0.0
2025-08-29,588000.SSE,pm,mid,300,25,25,0.0
2025-08-29,588000.SSE,pm,last,3,2401,2401,0.0
2025-08-29,588000.SSE,pm,last,15,481,481,0.0
2025-08-29,588000.SSE,pm,last,30,241,241,0.0
2025-08-29,588000.SSE,pm,last,60,121,121,0.0
2025-08-29,588000.SSE,pm,last,300,25,25,0.0
2025-08-29,588080.SSE,am,mid,3,2401,2401,0.0012494793835901709
2025-08-29,588080.SSE,am,mid,15,481,481,0.0
2025-08-29,588080.SSE,am,mid,30,241,241,0.0
2025-08-29,588080.SSE,am,mid,60,121,121,0.0
2025-08-29,588080.SSE,am,mid,300,25,25,0.0
2025-08-29,588080.SSE,am,last,3,2401,2401,0.0012494793835901709
2025-08-29,588080.SSE,am,last,15,481,481,0.0
2025-08-29,588080.SSE,am,last,30,241,241,0.0
2025-08-29,588080.SSE,am,last,60,121,121,0.0
2025-08-29,588080.SSE,am,last,300,25,25,0.0
2025-08-29,588080.SSE,pm,mid,3,2401,2401,0.0
2025-08-29,588080.SSE,pm,mid,15,481,481,0.0
2025-08-29,588080.SSE,pm,mid,30,241,241,0.0
2025-08-29,588080.SSE,pm,mid,60,121,121,0.0
2025-08-29,588080.SSE,pm,mid,300,25,25,0.0
2025-08-29,588080.SSE,pm,last,3,2401,2401,0.0
2025-08-29,588080.SSE,pm,last,15,481,481,0.0
2025-08-29,588080.SSE,pm,last,30,241,241,0.0
2025-08-29,588080.SSE,pm,last,60,121,121,0.0
2025-08-29,588080.SSE,pm,last,300,25,25,0.0
2025-09-01,588000.SSE,am,mid,3,2401,2401,0.0
2025-09-01,588000.SSE,am,mid,15,481,481,0.0
2025-09-01,588000.SSE,am,mid,30,241,241,0.0
2025-09-01,588000.SSE,am,mid,60,121,121,0.0
2025-09-01,588000.SSE,am,mid,300,25,25,0.0
2025-09-01,588000.SSE,am,last,3,2401,2401,0.0
2025-09-01,588000.SSE,am,last,15,481,481,0.0
2025-09-01,588000.SSE,am,last,30,241,241,0.0
2025-09-01,588000.SSE,am,last,60,121,121,0.0
2025-09-01,588000.SSE,am,last,300,25,25,0.0
2025-09-01,588000.SSE,pm,mid,3,2401,2401,0.0
2025-09-01,588000.SSE,pm,mid,15,481,481,0.0
2025-09-01,588000.SSE,pm,mid,30,241,241,0.0
2025-09-01,588000.SSE,pm,mid,60,121,121,0.0
2025-09-01,588000.SSE,pm,mid,300,25,25,0.0
2025-09-01,588000.SSE,pm,last,3,2401,2401,0.0
2025-09-01,588000.SSE,pm,last,15,481,481,0.0
2025-09-01,588000.SSE,pm,last,30,241,241,0.0
2025-09-01,588000.SSE,pm,last,60,121,121,0.0
2025-09-01,588000.SSE,pm,last,300,25,25,0.0
2025-09-01,588080.SSE,am,mid,3,2401,2400,1.0
2025-09-01,588080.SSE,am,mid,15,481,480,1.0
2025-09-01,588080.SSE,am,mid,30,241,240,1.0
2025-09-01,588080.SSE,am,mid,60,121,120,1.0
2025-09-01,588080.SSE,am,mid,300,25,24,1.0
2025-09-01,588080.SSE,am,last,3,2401,2400,1.0
2025-09-01,588080.SSE,am,last,15,481,480,1.0
2025-09-01,588080.SSE,am,last,30,241,240,1.0
2025-09-01,588080.SSE,am,last,60,121,120,1.0
2025-09-01,588080.SSE,am,last,300,25,24,1.0
2025-09-01,588080.SSE,pm,mid,3,2401,2400,1.0
2025-09-01,588080.SSE,pm,mid,15,481,480,1.0
2025-09-01,588080.SSE,pm,mid,30,241,240,1.0
2025-09-01,588080.SSE,pm,mid,60,121,120,1.0
2025-09-01,588080.SSE,pm,mid,300,25,24,1.0
2025-09-01,588080.SSE,pm,last,3,2401,2400,1.0
2025-09-01,588080.SSE,pm,last,15,481,480,1.0
2025-09-01,588080.SSE,pm,last,30,241,240,1.0
2025-09-01,588080.SSE,pm,last,60,121,120,1.0
2025-09-01,588080.SSE,pm,last,300,25,24,1.0
2025-09-02,588000.SSE,am,mid,3,2401,2401,0.0
2025-09-02,588000.SSE,am,mid,15,481,481,0.0
2025-09-02,588000.SSE,am,mid,30,241,241,0.0
2025-09-02,588000.SSE,am,mid,60,121,121,0.0
2025-09-02,588000.SSE,am,mid,300,25,25,0.0
2025-09-02,588000.SSE,am,last,3,2401,2401,0.0
2025-09-02,588000.SSE,am,last,15,481,481,0.0
2025-09-02,588000.SSE,am,last,30,241,241,0.0
2025-09-02,588000.SSE,am,last,60,121,121,0.0
2025-09-02,588000.SSE,am,last,300,25,25,0.0
2025-09-02,588000.SSE,pm,mid,3,2401,2401,0.0
2025-09-02,588000.SSE,pm,mid,15,481,481,0.0
2025-09-02,588000.SSE,pm,mid,30,241,241,0.0
2025-09-02,588000.SSE,pm,mid,60,121,121,0.0
2025-09-02,588000.SSE,pm,mid,300,25,25,0.0
2025-09-02,588000.SSE,pm,last,3,2401,2401,0.0
2025-09-02,588000.SSE,pm,last,15,481,481,0.0
2025-09-02,588000.SSE,pm,last,30,241,241,0.0
2025-09-02,588000.SSE,pm,last,60,121,121,0.0
2025-09-02,588000.SSE,pm,last,300,25,25,0.0
2025-09-02,588080.SSE,am,mid,3,2401,2401,0.32736359850062474
2025-09-02,588080.SSE,am,mid,15,481,481,0.26403326403326405
2025-09-02,588080.SSE,am,mid,30,241,241,0.23651452282157676
2025-09-02,588080.SSE,am,mid,60,121,121,0.23140495867768596
2025-09-02,588080.SSE,am,mid,300,25,25,0.36
2025-09-02,588080.SSE,am,last,3,2401,2401,0.32736359850062474
2025-09-02,588080.SSE,am,last,15,481,481,0.26403326403326405
2025-09-02,588080.SSE,am,last,30,241,241,0.23651452282157676
2025-09-02,588080.SSE,am,last,60,121,121,0.23140495867768596
2025-09-02,588080.SSE,am,last,300,25,25,0.36
2025-09-02,588080.SSE,pm,mid,3,2401,2401,0.4106622240733028
2025-09-02,588080.SSE,pm,mid,15,481,481,0.43243243243243246
2025-09-02,588080.SSE,pm,mid,30,241,241,0.44398340248962653
2025-09-02,588080.SSE,pm,mid,60,121,121,0.47107438016528924
2025-09-02,588080.SSE,pm,mid,300,25,25,0.64
2025-09-02,588080.SSE,pm,last,3,2401,2401,0.4106622240733028
2025-09-02,588080.SSE,pm,last,15,481,481,0.43243243243243246
2025-09-02,588080.SSE,pm,last,30,241,241,0.44398340248962653
2025-09-02,588080.SSE,pm,last,60,121,121,0.47107438016528924
2025-09-02,588080.SSE,pm,last,300,25,25,0.64
2025-09-03,588000.SSE,am,mid,3,2401,2401,0.0
2025-09-03,588000.SSE,am,mid,15,481,481,0.0
2025-09-03,588000.SSE,am,mid,30,241,241,0.0
2025-09-03,588000.SSE,am,mid,60,121,121,0.0
2025-09-03,588000.SSE,am,mid,300,25,25,0.0
2025-09-03,588000.SSE,am,last,3,2401,2401,0.0
2025-09-03,588000.SSE,am,last,15,481,481,0.0
2025-09-03,588000.SSE,am,last,30,241,241,0.0
2025-09-03,588000.SSE,am,last,60,121,121,0.0
2025-09-03,588000.SSE,am,last,300,25,25,0.0
2025-09-03,588000.SSE,pm,mid,3,2401,2401,0.0
2025-09-03,588000.SSE,pm,mid,15,481,481,0.0
2025-09-03,588000.SSE,pm,mid,30,241,241,0.0
2025-09-03,588000.SSE,pm,mid,60,121,121,0.0
2025-09-03,588000.SSE,pm,mid,300,25,25,0.0
2025-09-03,588000.SSE,pm,last,3,2401,2401,0.0
2025-09-03,588000.SSE,pm,last,15,481,481,0.0
2025-09-03,588000.SSE,pm,last,30,241,241,0.0
2025-09-03,588000.SSE,pm,last,60,121,121,0.0
2025-09-03,588000.SSE,pm,last,300,25,25,0.0
2025-09-03,588080.SSE,am,mid,3,2401,2401,0.5547688463140358
2025-09-03,588080.SSE,am,mid,15,481,481,0.49272349272349275
2025-09-03,588080.SSE,am,mid,30,241,241,0.49377593360995853
2025-09-03,588080.SSE,am,mid,60,121,121,0.5867768595041323
2025-09-03,588080.SSE,am,mid,300,25,25,0.36
2025-09-03,588080.SSE,am,last,3,2401,2401,0.5547688463140358
2025-09-03,588080.SSE,am,last,15,481,481,0.49272349272349275
2025-09-03,588080.SSE,am,last,30,241,241,0.49377593360995853
2025-09-03,588080.SSE,am,last,60,121,121,0.5867768595041323
2025-09-03,588080.SSE,am,last,300,25,25,0.36
2025-09-03,588080.SSE,pm,mid,3,2401,2401,0.5514369012911287
2025-09-03,588080.SSE,pm,mid,15,481,481,0.553014553014553
2025-09-03,588080.SSE,pm,mid,30,241,241,0.5477178423236515
2025-09-03,588080.SSE,pm,mid,60,121,121,0.6363636363636364
2025-09-03,588080.SSE,pm,mid,300,25,25,0.64
2025-09-03,588080.SSE,pm,last,3,2401,2401,0.5514369012911287
2025-09-03,588080.SSE,pm,last,15,481,481,0.553014553014553
2025-09-03,588080.SSE,pm,last,30,241,241,0.5477178423236515
2025-09-03,588080.SSE,pm,last,60,121,121,0.6363636363636364
2025-09-03,588080.SSE,pm,last,300,25,25,0.64
2025-09-04,588000.SSE,am,mid,3,2401,2400,2.0
2025-09-04,588000.SSE,am,mid,15,481,480,2.0
2025-09-04,588000.SSE,am,mid,30,241,240,2.0
2025-09-04,588000.SSE,am,mid,60,121,120,2.0
2025-09-04,588000.SSE,am,mid,300,25,24,2.0
2025-09-04,588000.SSE,am,last,3,2401,2400,2.0
2025-09-04,588000.SSE,am,last,15,481,480,2.0
2025-09-04,588000.SSE,am,last,30,241,240,2.0
2025-09-04,588000.SSE,am,last,60,121,120,2.0
2025-09-04,588000.SSE,am,last,300,25,24,2.0
2025-09-04,588000.SSE,pm,mid,3,2401,2400,2.0
2025-09-04,588000.SSE,pm,mid,15,481,480,2.0
2025-09-04,588000.SSE,pm,mid,30,241,240,2.0
2025-09-04,588000.SSE,pm,mid,60,121,120,2.0
2025-09-04,588000.SSE,pm,mid,300,25,24,2.0
2025-09-04,588000.SSE,pm,last,3,2401,2400,2.0
2025-09-04,588000.SSE,pm,last,15,481,480,2.0
2025-09-04,588000.SSE,pm,last,30,241,240,2.0
2025-09-04,588000.SSE,pm,last,60,121,120,2.0
2025-09-04,588000.SSE,pm,last,300,25,24,2.0
2025-09-04,588080.SSE,am,mid,3,2401,2401,0.0
2025-09-04,588080.SSE,am,mid,15,481,481,0.0
2025-09-04,588080.SSE,am,mid,30,241,241,0.0
2025-09-04,588080.SSE,am,mid,60,121,121,0.0
2025-09-04,588080.SSE,am,mid,300,25,25,0.0
2025-09-04,588080.SSE,am,last,3,2401,2401,0.0
2025-09-04,588080.SSE,am,last,15,481,481,0.0
2025-09-04,588080.SSE,am,last,30,241,241,0.0
2025-09-04,588080.SSE,am,last,60,121,121,0.0
2025-09-04,588080.SSE,am,last,300,25,25,0.0
2025-09-04,588080.SSE,pm,mid,3,2401,2401,0.0
2025-09-04,588080.SSE,pm,mid,15,481,481,0.0
2025-09-04,588080.SSE,pm,mid,30,241,241,0.0
2025-09-04,588080.SSE,pm,mid,60,121,121,0.0
2025-09-04,588080.SSE,pm,mid,300,25,25,0.0
2025-09-04,588080.SSE,pm,last,3,2401,2401,0.0
2025-09-04,588080.SSE,pm,last,15,481,481,0.0
2025-09-04,588080.SSE,pm,last,30,241,241,0.0
2025-09-04,588080.SSE,pm,last,60,121,121,0.0
2025-09-04,588080.SSE,pm,last,300,25,25,0.0
2025-09-05,588000.SSE,am,mid,3,2401,2400,1.0
2025-09-05,588000.SSE,am,mid,15,481,480,1.0
2025-09-05,588000.SSE,am,mid,30,241,240,1.0
2025-09-05,588000.SSE,am,mid,60,121,120,1.0
2025-09-05,588000.SSE,am,mid,300,25,24,1.0
2025-09-05,588000.SSE,am,last,3,2401,2400,1.0
2025-09-05,588000.SSE,am,last,15,481,480,1.0
2025-09-05,588000.SSE,am,last,30,241,240,1.0
2025-09-05,588000.SSE,am,last,60,121,120,1.0
2025-09-05,588000.SSE,am,last,300,25,24,1.0
2025-09-05,588000.SSE,pm,mid,3,2401,2400,1.0
2025-09-05,588000.SSE,pm,mid,15,481,480,1.0
2025-09-05,588000.SSE,pm,mid,30,241,240,1.0
2025-09-05,588000.SSE,pm,mid,60,121,120,1.0
2025-09-05,588000.SSE,pm,mid,300,25,24,1.0
2025-09-05,588000.SSE,pm,last,3,2401,2400,1.0
2025-09-05,588000.SSE,pm,last,15,481,480,1.0
2025-09-05,588000.SSE,pm,last,30,241,240,1.0
2025-09-05,588000.SSE,pm,last,60,121,120,1.0
2025-09-05,588000.SSE,pm,last,300,25,24,1.0
2025-09-05,588080.SSE,am,mid,3,2401,2400,1.0
2025-09-05,588080.SSE,am,mid,15,481,480,1.0
2025-09-05,588080.SSE,am,mid,30,241,240,1.0
2025-09-05,588080.SSE,am,mid,60,121,120,1.0
2025-09-05,588080.SSE,am,mid,300,25,24,1.0
2025-09-05,588080.SSE,am,last,3,2401,2400,1.0
2025-09-05,588080.SSE,am,last,15,481,480,1.0
2025-09-05,588080.SSE,am,last,30,241,240,1.0
2025-09-05,588080.SSE,am,last,60,121,120,1.0
2025-09-05,588080.SSE,am,last,300,25,24,1.0
2025-09-05,588080.SSE,pm,mid,3,2401,2400,1.0
2025-09-05,588080.SSE,pm,mid,15,481,480,1.0
2025-09-05,588080.SSE,pm,mid,30,241,240,1.0
2025-09-05,588080.SSE,pm,mid,60,121,120,1.0
2025-09-05,588080.SSE,pm,mid,300,25,24,1.0
2025-09-05,588080.SSE,pm,last,3,2401,2400,1.0
2025-09-05,588080.SSE,pm,last,15,481,480,1.0
2025-09-05,588080.SSE,pm,last,30,241,240,1.0
2025-09-05,588080.SSE,pm,last,60,121,120,1.0
2025-09-05,588080.SSE,pm,last,300,25,24,1.0
2025-09-08,588000.SSE,am,mid,3,2401,2400,1.0
2025-09-08,588000.SSE,am,mid,15,481,480,1.0
2025-09-08,588000.SSE,am,mid,30,241,240,1.0
2025-09-08,588000.SSE,am,mid,60,121,120,1.0
2025-09-08,588000.SSE,am,mid,300,25,24,1.0
2025-09-08,588000.SSE,am,last,3,2401,2400,1.0
2025-09-08,588000.SSE,am,last,15,481,480,1.0
2025-09-08,588000.SSE,am,last,30,241,240,1.0
2025-09-08,588000.SSE,am,last,60,121,120,1.0
2025-09-08,588000.SSE,am,last,300,25,24,1.0
2025-09-08,588000.SSE,pm,mid,3,2401,2400,1.0
2025-09-08,588000.SSE,pm,mid,15,481,480,1.0
2025-09-08,588000.SSE,pm,mid,30,241,240,1.0
2025-09-08,588000.SSE,pm,mid,60,121,120,1.0
2025-09-08,588000.SSE,pm,mid,300,25,24,1.0
2025-09-08,588000.SSE,pm,last,3,2401,2400,1.0
2025-09-08,588000.SSE,pm,last,15,481,480,1.0
2025-09-08,588000.SSE,pm,last,30,241,240,1.0
2025-09-08,588000.SSE,pm,last,60,121,120,1.0
2025-09-08,588000.SSE,pm,last,300,25,24,1.0
2025-09-08,588080.SSE,am,mid,3,2401,2400,2.0
2025-09-08,588080.SSE,am,mid,15,481,480,2.0
2025-09-08,588080.SSE,am,mid,30,241,240,2.0
2025-09-08,588080.SSE,am,mid,60,121,120,2.0
2025-09-08,588080.SSE,am,mid,300,25,24,2.0
2025-09-08,588080.SSE,am,last,3,2401,2400,2.0
2025-09-08,588080.SSE,am,last,15,481,480,2.0
2025-09-08,588080.SSE,am,last,30,241,240,2.0
2025-09-08,588080.SSE,am,last,60,121,120,2.0
2025-09-08,588080.SSE,am,last,300,25,24,2.0
2025-09-08,588080.SSE,pm,mid,3,2401,2399,2.0
2025-09-08,588080.SSE,pm,mid,15,481,480,2.0
2025-09-08,588080.SSE,pm,mid,30,241,240,2.0
2025-09-08,588080.SSE,pm,mid,60,121,120,2.0
2025-09-08,588080.SSE,pm,mid,300,25,24,2.0
2025-09-08,588080.SSE,pm,last,3,2401,2399,2.0
2025-09-08,588080.SSE,pm,last,15,481,480,2.0
2025-09-08,588080.SSE,pm,last,30,241,240,2.0
2025-09-08,588080.SSE,pm,last,60,121,120,2.0
2025-09-08,588080.SSE,pm,last,300,25,24,2.0
2025-09-09,588000.SSE,am,mid,3,2401,2400,1.0
2025-09-09,588000.SSE,am,mid,15,481,480,1.0
2025-09-09,588000.SSE,am,mid,30,241,240,1.0
2025-09-09,588000.SSE,am,mid,60,121,120,1.0
2025-09-09,588000.SSE,am,mid,300,25,24,1.0
2025-09-09,588000.SSE,am,last,3,2401,2400,1.0
2025-09-09,588000.SSE,am,last,15,481,480,1.0
2025-09-09,588000.SSE,am,last,30,241,240,1.0
2025-09-09,588000.SSE,am,last,60,121,120,1.0
2025-09-09,588000.SSE,am,last,300,25,24,1.0
2025-09-09,588000.SSE,pm,mid,3,2401,2399,1.0
2025-09-09,588000.SSE,pm,mid,15,481,479,1.0
2025-09-09,588000.SSE,pm,mid,30,241,240,1.0
2025-09-09,588000.SSE,pm,mid,60,121,120,1.0
2025-09-09,588000.SSE,pm,mid,300,25,24,1.0
2025-09-09,588000.SSE,pm,last,3,2401,2399,1.0
2025-09-09,588000.SSE,pm,last,15,481,479,1.0
2025-09-09,588000.SSE,pm,last,30,241,240,1.0
2025-09-09,588000.SSE,pm,last,60,121,120,1.0
2025-09-09,588000.SSE,pm,last,300,25,24,1.0
2025-09-09,588080.SSE,am,mid,3,2401,2401,0.0012494793835901709
2025-09-09,588080.SSE,am,mid,15,481,481,0.0
2025-09-09,588080.SSE,am,mid,30,241,241,0.0
2025-09-09,588080.SSE,am,mid,60,121,121,0.0
2025-09-09,588080.SSE,am,mid,300,25,25,0.0
2025-09-09,588080.SSE,am,last,3,2401,2401,0.0012494793835901709
2025-09-09,588080.SSE,am,last,15,481,481,0.0
2025-09-09,588080.SSE,am,last,30,241,241,0.0
2025-09-09,588080.SSE,am,last,60,121,121,0.0
2025-09-09,588080.SSE,am,last,300,25,25,0.0
2025-09-09,588080.SSE,pm,mid,3,2401,2401,0.008746355685131196
2025-09-09,588080.SSE,pm,mid,15,481,481,0.0
2025-09-09,588080.SSE,pm,mid,30,241,241,0.0
2025-09-09,588080.SSE,pm,mid,60,121,121,0.0
2025-09-09,588080.SSE,pm,mid,300,25,25,0.0
2025-09-09,588080.SSE,pm,last,3,2401,2401,0.008746355685131196
2025-09-09,588080.SSE,pm,last,15,481,481,0.0
2025-09-09,588080.SSE,pm,last,30,241,241,0.0
2025-09-09,588080.SSE,pm,last,60,121,121,0.0
2025-09-09,588080.SSE,pm,last,300,25,25,0.0
2025-09-10,588000.SSE,am,mid,3,2401,2401,0.0
2025-09-10,588000.SSE,am,mid,15,481,481,0.0
2025-09-10,588000.SSE,am,mid,30,241,241,0.0
2025-09-10,588000.SSE,am,mid,60,121,121,0.0
2025-09-10,588000.SSE,am,mid,300,25,25,0.0
2025-09-10,588000.SSE,am,last,3,2401,2401,0.0
2025-09-10,588000.SSE,am,last,15,481,481,0.0
2025-09-10,588000.SSE,am,last,30,241,241,0.0
2025-09-10,588000.SSE,am,last,60,121,121,0.0
2025-09-10,588000.SSE,am,last,300,25,25,0.0
2025-09-10,588000.SSE,pm,mid,3,2401,2401,0.0
2025-09-10,588000.SSE,pm,mid,15,481,481,0.0
2025-09-10,588000.SSE,pm,mid,30,241,241,0.0
2025-09-10,588000.SSE,pm,mid,60,121,121,0.0
2025-09-10,588000.SSE,pm,mid,300,25,25,0.0
2025-09-10,588000.SSE,pm,last,3,2401,2401,0.0
2025-09-10,588000.SSE,pm,last,15,481,481,0.0
2025-09-10,588000.SSE,pm,last,30,241,241,0.0
2025-09-10,588000.SSE,pm,last,60,121,121,0.0
2025-09-10,588000.SSE,pm,last,300,25,25,0.0
2025-09-10,588080.SSE,am,mid,3,2401,2400,2.0
2025-09-10,588080.SSE,am,mid,15,481,480,2.0
2025-09-10,588080.SSE,am,mid,30,241,240,2.0
2025-09-10,588080.SSE,am,mid,60,121,120,2.0
2025-09-10,588080.SSE,am,mid,300,25,24,2.0
2025-09-10,588080.SSE,am,last,3,2401,2400,2.0
2025-09-10,588080.SSE,am,last,15,481,480,2.0
2025-09-10,588080.SSE,am,last,30,241,240,2.0
2025-09-10,588080.SSE,am,last,60,121,120,2.0
2025-09-10,588080.SSE,am,last,300,25,24,2.0
2025-09-10,588080.SSE,pm,mid,3,2401,2400,2.0
2025-09-10,588080.SSE,pm,mid,15,481,480,2.0
2025-09-10,588080.SSE,pm,mid,30,241,240,2.0
2025-09-10,588080.SSE,pm,mid,60,121,120,2.0
2025-09-10,588080.SSE,pm,mid,300,25,24,2.0
2025-09-10,588080.SSE,pm,last,3,2401,2400,2.0
2025-09-10,588080.SSE,pm,last,15,481,480,2.0
2025-09-10,588080.SSE,pm,last,30,241,240,2.0
2025-09-10,588080.SSE,pm,last,60,121,120,2.0
2025-09-10,588080.SSE,pm,last,300,25,24,2.0
2025-09-11,588000.SSE,am,mid,3,2401,2400,2.0
2025-09-11,588000.SSE,am,mid,15,481,480,2.0
2025-09-11,588000.SSE,am,mid,30,241,240,2.0
2025-09-11,588000.SSE,am,mid,60,121,120,2.0
2025-09-11,588000.SSE,am,mid,300,25,24,2.0
2025-09-11,588000.SSE,am,last,3,2401,2400,2.0
2025-09-11,588000.SSE,am,last,15,481,480,2.0
2025-09-11,588000.SSE,am,last,30,241,240,2.0
2025-09-11,588000.SSE,am,last,60,121,120,2.0
2025-09-11,588000.SSE,am,last,300,25,24,2.0
2025-09-11,588000.SSE,pm,mid,3,2401,2400,2.0
2025-09-11,588000.SSE,pm,mid,15,481,480,2.0
2025-09-11,588000.SSE,pm,mid,30,241,240,2.0
2025-09-11,588000.SSE,pm,mid,60,121,120,2.0
2025-09-11,588000.SSE,pm,mid,300,25,24,2.0
2025-09-11,588000.SSE,pm,last,3,2401,2400,2.0
2025-09-11,588000.SSE,pm,last,15,481,480,2.0
2025-09-11,588000.SSE,pm,last,30,241,240,2.0
2025-09-11,588000.SSE,pm,last,60,121,120,2.0
2025-09-11,588000.SSE,pm,last,300,25,24,2.0
2025-09-11,588080.SSE,am,mid,3,2401,2400,0.9995833333333334
2025-09-11,588080.SSE,am,mid,15,481,480,0.9979166666666667
2025-09-11,588080.SSE,am,mid,30,241,240,0.9958333333333333
2025-09-11,588080.SSE,am,mid,60,121,120,1.0
2025-09-11,588080.SSE,am,mid,300,25,24,1.0
2025-09-11,588080.SSE,am,last,3,2401,2400,0.9995833333333334
2025-09-11,588080.SSE,am,last,15,481,480,0.9979166666666667
2025-09-11,588080.SSE,am,last,30,241,240,0.9958333333333333
2025-09-11,588080.SSE,am,last,60,121,120,1.0
2025-09-11,588080.SSE,am,last,300,25,24,1.0
2025-09-11,588080.SSE,pm,mid,3,2401,2400,1.0
2025-09-11,588080.SSE,pm,mid,15,481,480,1.0
2025-09-11,588080.SSE,pm,mid,30,241,240,1.0
2025-09-11,588080.SSE,pm,mid,60,121,120,1.0
2025-09-11,588080.SSE,pm,mid,300,25,24,1.0
2025-09-11,588080.SSE,pm,last,3,2401,2400,1.0
2025-09-11,588080.SSE,pm,last,15,481,480,1.0
2025-09-11,588080.SSE,pm,last,30,241,240,1.0
2025-09-11,588080.SSE,pm,last,60,121,120,1.0
2025-09-11,588080.SSE,pm,last,300,25,24,1.0
2025-09-12,588000.SSE,am,mid,3,2401,2400,1.9883333333333333
2025-09-12,588000.SSE,am,mid,15,481,480,1.9875
2025-09-12,588000.SSE,am,mid,30,241,240,1.9833333333333334
2025-09-12,588000.SSE,am,mid,60,121,120,1.9916666666666667
2025-09-12,588000.SSE,am,mid,300,25,24,1.9583333333333333
2025-09-12,588000.SSE,am,last,3,2401,2400,1.9883333333333333
2025-09-12,588000.SSE,am,last,15,481,480,1.9875
2025-09-12,588000.SSE,am,last,30,241,240,1.9833333333333334
2025-09-12,588000.SSE,am,last,60,121,120,1.9916666666666667
2025-09-12,588000.SSE,am,last,300,25,24,1.9583333333333333
2025-09-12,588000.SSE,pm,mid,3,2401,2400,1.9883333333333333
2025-09-12,588000.SSE,pm,mid,15,481,480,1.975
2025-09-12,588000.SSE,pm,mid,30,241,240,1.9833333333333334
2025-09-12,588000.SSE,pm,mid,60,121,120,1.9916666666666667
2025-09-12,588000.SSE,pm,mid,300,25,24,2.0
2025-09-12,588000.SSE,pm,last,3,2401,2400,1.9883333333333333
2025-09-12,588000.SSE,pm,last,15,481,480,1.975
2025-09-12,588000.SSE,pm,last,30,241,240,1.9833333333333334
2025-09-12,588000.SSE,pm,last,60,121,120,1.9916666666666667
2025-09-12,588000.SSE,pm,last,300,25,24,2.0
2025-09-12,588080.SSE,am,mid,3,2401,2401,0.0
2025-09-12,588080.SSE,am,mid,15,481,481,0.0
2025-09-12,588080.SSE,am,mid,30,241,241,0.0
2025-09-12,588080.SSE,am,mid,60,121,121,0.0
2025-09-12,588080.SSE,am,mid,300,25,25,0.0
2025-09-12,588080.SSE,am,last,3,2401,2401,0.0
2025-09-12,588080.SSE,am,last,15,481,481,0.0
2025-09-12,588080.SSE,am,last,30,241,241,0.0
2025-09-12,588080.SSE,am,last,60,121,121,0.0
2025-09-12,588080.SSE,am,last,300,25,25,0.0
2025-09-12,588080.SSE,pm,mid,3,2401,2401,0.0
2025-09-12,588080.SSE,pm,mid,15,481,481,0.0
2025-09-12,588080.SSE,pm,mid,30,241,241,0.0
2025-09-12,588080.SSE,pm,mid,60,121,121,0.0
2025-09-12,588080.SSE,pm,mid,300,25,25,0.0
2025-09-12,588080.SSE,pm,last,3,2401,2401,0.0
2025-09-12,588080.SSE,pm,last,15,481,481,0.0
2025-09-12,588080.SSE,pm,last,30,241,241,0.0
2025-09-12,588080.SSE,pm,last,60,121,121,0.0
2025-09-12,588080.SSE,pm,last,300,25,25,0.0
2025-09-15,588000.SSE,am,mid,3,2401,2401,0.0
2025-09-15,588000.SSE,am,mid,15,481,481,0.0
2025-09-15,588000.SSE,am,mid,30,241,241,0.0
2025-09-15,588000.SSE,am,mid,60,121,121,0.0
2025-09-15,588000.SSE,am,mid,300,25,25,0.0
2025-09-15,588000.SSE,am,last,3,2401,2401,0.0
2025-09-15,588000.SSE,am,last,15,481,481,0.0
2025-09-15,588000.SSE,am,last,30,241,241,0.0
2025-09-15,588000.SSE,am,last,60,121,121,0.0
2025-09-15,588000.SSE,am,last,300,25,25,0.0
2025-09-15,588000.SSE,pm,mid,3,2401,2401,0.0
2025-09-15,588000.SSE,pm,mid,15,481,481,0.0
2025-09-15,588000.SSE,pm,mid,30,241,241,0.0
2025-09-15,588000.SSE,pm,mid,60,121,121,0.0
2025-09-15,588000.SSE,pm,mid,300,25,25,0.0
2025-09-15,588000.SSE,pm,last,3,2401,2401,0.0
2025-09-15,588000.SSE,pm,last,15,481,481,0.0
2025-09-15,588000.SSE,pm,last,30,241,241,0.0
2025-09-15,588000.SSE,pm,last,60,121,121,0.0
2025-09-15,588000.SSE,pm,last,300,25,25,0.0
2025-09-15,588080.SSE,am,mid,3,2401,2400,2.0
2025-09-15,588080.SSE,am,mid,15,481,480,2.0
2025-09-15,588080.SSE,am,mid,30,241,240,2.0
2025-09-15,588080.SSE,am,mid,60,121,120,2.0
2025-09-15,588080.SSE,am,mid,300,25,24,2.0
2025-09-15,588080.SSE,am,last,3,2401,2400,2.0
2025-09-15,588080.SSE,am,last,15,481,480,2.0
2025-09-15,588080.SSE,am,last,30,241,240,2.0
2025-09-15,588080.SSE,am,last,60,121,120,2.0
2025-09-15,588080.SSE,am,last,300,25,24,2.0
2025-09-15,588080.SSE,pm,mid,3,2401,2400,2.0
2025-09-15,588080.SSE,pm,mid,15,481,480,2.0
2025-09-15,588080.SSE,pm,mid,30,241,240,2.0
2025-09-15,588080.SSE,pm,mid,60,121,120,2.0
2025-09-15,588080.SSE,pm,mid,300,25,24,2.0
2025-09-15,588080.SSE,pm,last,3,2401,2400,2.0
2025-09-15,588080.SSE,pm,last,15,481,480,2.0
2025-09-15,588080.SSE,pm,last,30,241,240,2.0
2025-09-15,588080.SSE,pm,last,60,121,120,2.0
2025-09-15,588080.SSE,pm,last,300,25,24,2.0
2025-09-16,588000.SSE,am,mid,3,2401,2400,2.0
2025-09-16,588000.SSE,am,mid,15,481,480,2.0
2025-09-16,588000.SSE,am,mid,30,241,240,2.0
2025-09-16,588000.SSE,am,mid,60,121,120,2.0
2025-09-16,588000.SSE,am,mid,300,25,24,2.0
2025-09-16,588000.SSE,am,last,3,2401,2400,2.0
2025-09-16,588000.SSE,am,last,15,481,480,2.0
2025-09-16,588000.SSE,am,last,30,241,240,2.0
2025-09-16,588000.SSE,am,last,60,121,120,2.0
2025-09-16,588000.SSE,am,last,300,25,24,2.0
2025-09-16,588000.SSE,pm,mid,3,2401,2400,2.0
2025-09-16,588000.SSE,pm,mid,15,481,480,2.0
2025-09-16,588000.SSE,pm,mid,30,241,240,2.0
2025-09-16,588000.SSE,pm,mid,60,121,120,2.0
2025-09-16,588000.SSE,pm,mid,300,25,24,2.0
2025-09-16,588000.SSE,pm,last,3,2401,2400,2.0
2025-09-16,588000.SSE,pm,last,15,481,480,2.0
2025-09-16,588000.SSE,pm,last,30,241,240,2.0
2025-09-16,588000.SSE,pm,last,60,121,120,2.0
2025-09-16,588000.SSE,pm,last,300,25,24,2.0
2025-09-16,588080.SSE,am,mid,3,2401,2401,0.0
2025-09-16,588080.SSE,am,mid,15,481,481,0.0
2025-09-16,588080.SSE,am,mid,30,241,241,0.0
2025-09-16,588080.SSE,am,mid,60,121,121,0.0
2025-09-16,588080.SSE,am,mid,300,25,25,0.0
2025-09-16,588080.SSE,am,last,3,2401,2401,0.0
2025-09-16,588080.SSE,am,last,15,481,481,0.0
2025-09-16,588080.SSE,am,last,30,241,241,0.0
2025-09-16,588080.SSE,am,last,60,121,121,0.0
2025-09-16,588080.SSE,am,last,300,25,25,0.0
2025-09-16,588080.SSE,pm,mid,3,2401,2401,0.0
2025-09-16,588080.SSE,pm,mid,15,481,481,0.0
2025-09-16,588080.SSE,pm,mid,30,241,241,0.0
2025-09-16,588080.SSE,pm,mid,60,121,121,0.0
2025-09-16,588080.SSE,pm,mid,300,25,25,0.0
2025-09-16,588080.SSE,pm,last,3,2401,2401,0.0
2025-09-16,588080.SSE,pm,last,15,481,481,0.0
2025-09-16,588080.SSE,pm,last,30,241,241,0.0
2025-09-16,588080.SSE,pm,last,60,121,121,0.0
2025-09-16,588080.SSE,pm,last,300,25,25,0.0
2025-09-17,588000.SSE,am,mid,3,2401,2400,1.0
2025-09-17,588000.SSE,am,mid,15,481,480,1.0
2025-09-17,588000.SSE,am,mid,30,241,240,1.0
2025-09-17,588000.SSE,am,mid,60,121,120,1.0
2025-09-17,588000.SSE,am,mid,300,25,24,1.0
2025-09-17,588000.SSE,am,last,3,2401,2400,1.0
2025-09-17,588000.SSE,am,last,15,481,480,1.0
2025-09-17,588000.SSE,am,last,30,241,240,1.0
2025-09-17,588000.SSE,am,last,60,121,120,1.0
2025-09-17,588000.SSE,am,last,300,25,24,1.0
2025-09-17,588000.SSE,pm,mid,3,2401,2400,1.0
2025-09-17,588000.SSE,pm,mid,15,481,480,1.0
2025-09-17,588000.SSE,pm,mid,30,241,240,1.0
2025-09-17,588000.SSE,pm,mid,60,121,120,1.0
2025-09-17,588000.SSE,pm,mid,300,25,24,1.0
2025-09-17,588000.SSE,pm,last,3,2401,2400,1.0
2025-09-17,588000.SSE,pm,last,15,481,480,1.0
2025-09-17,588000.SSE,pm,last,30,241,240,1.0
2025-09-17,588000.SSE,pm,last,60,121,120,1.0
2025-09-17,588000.SSE,pm,last,300,25,24,1.0
2025-09-17,588080.SSE,am,mid,3,2401,2400,2.0
2025-09-17,588080.SSE,am,mid,15,481,480,2.0
2025-09-17,588080.SSE,am,mid,30,241,240,2.0
2025-09-17,588080.SSE,am,mid,60,121,120,2.0
2025-09-17,588080.SSE,am,mid,300,25,24,2.0
2025-09-17,588080.SSE,am,last,3,2401,2400,2.0
2025-09-17,588080.SSE,am,last,15,481,480,2.0
2025-09-17,588080.SSE,am,last,30,241,240,2.0
2025-09-17,588080.SSE,am,last,60,121,120,2.0
2025-09-17,588080.SSE,am,last,300,25,24,2.0
2025-09-17,588080.SSE,pm,mid,3,2401,2400,2.0
2025-09-17,588080.SSE,pm,mid,15,481,480,2.0
2025-09-17,588080.SSE,pm,mid,30,241,240,2.0
2025-09-17,588080.SSE,pm,mid,60,121,120,2.0
2025-09-17,588080.SSE,pm,mid,300,25,24,2.0
2025-09-17,588080.SSE,pm,last,3,2401,2400,2.0
2025-09-17,588080.SSE,pm,last,15,481,480,2.0
2025-09-17,588080.SSE,pm,last,30,241,240,2.0
2025-09-17,588080.SSE,pm,last,60,121,120,2.0
2025-09-17,588080.SSE,pm,last,300,25,24,2.0
2025-09-18,588000.SSE,am,mid,3,2401,2401,0.0
2025-09-18,588000.SSE,am,mid,15,481,481,0.0
2025-09-18,588000.SSE,am,mid,30,241,241,0.0
2025-09-18,588000.SSE,am,mid,60,121,121,0.0
2025-09-18,588000.SSE,am,mid,300,25,25,0.0
2025-09-18,588000.SSE,am,last,3,2401,2401,0.0
2025-09-18,588000.SSE,am,last,15,481,481,0.0
2025-09-18,588000.SSE,am,last,30,241,241,0.0
2025-09-18,588000.SSE,am,last,60,121,121,0.0
2025-09-18,588000.SSE,am,last,300,25,25,0.0
2025-09-18,588000.SSE,pm,mid,3,2401,2401,0.0
2025-09-18,588000.SSE,pm,mid,15,481,481,0.0
2025-09-18,588000.SSE,pm,mid,30,241,241,0.0
2025-09-18,588000.SSE,pm,mid,60,121,121,0.0
2025-09-18,588000.SSE,pm,mid,300,25,25,0.0
2025-09-18,588000.SSE,pm,last,3,2401,2401,0.0
2025-09-18,588000.SSE,pm,last,15,481,481,0.0
2025-09-18,588000.SSE,pm,last,30,241,241,0.0
2025-09-18,588000.SSE,pm,last,60,121,121,0.0
2025-09-18,588000.SSE,pm,last,300,25,25,0.0
2025-09-18,588080.SSE,am,mid,3,2401,2400,0.76625
2025-09-18,588080.SSE,am,mid,15,481,480,0.76875
2025-09-18,588080.SSE,am,mid,30,241,240,0.7416666666666667
2025-09-18,588080.SSE,am,mid,60,121,120,0.775
2025-09-18,588080.SSE,am,mid,300,25,24,0.75
2025-09-18,588080.SSE,am,last,3,2401,2400,0.76625
2025-09-18,588080.SSE,am,last,15,481,480,0.76875
2025-09-18,588080.SSE,am,last,30,241,240,0.7416666666666667
2025-09-18,588080.SSE,am,last,60,121,120,0.775
2025-09-18,588080.SSE,am,last,300,25,24,0.75
2025-09-18,588080.SSE,pm,mid,3,2401,2400,0.7804166666666666
2025-09-18,588080.SSE,pm,mid,15,481,480,0.7791666666666667
2025-09-18,588080.SSE,pm,mid,30,241,240,0.7666666666666667
2025-09-18,588080.SSE,pm,mid,60,121,120,0.7916666666666666
2025-09-18,588080.SSE,pm,mid,300,25,24,0.7083333333333334
2025-09-18,588080.SSE,pm,last,3,2401,2400,0.7804166666666666
2025-09-18,588080.SSE,pm,last,15,481,480,0.7791666666666667
2025-09-18,588080.SSE,pm,last,30,241,240,0.7666666666666667
2025-09-18,588080.SSE,pm,last,60,121,120,0.7916666666666666
2025-09-18,588080.SSE,pm,last,300,25,24,0.7083333333333334
2025-09-19,588000.SSE,am,mid,3,2401,2401,0.0
2025-09-19,588000.SSE,am,mid,15,481,481,0.0
2025-09-19,588000.SSE,am,mid,30,241,241,0.0
2025-09-19,588000.SSE,am,mid,60,121,121,0.0
2025-09-19,588000.SSE,am,mid,300,25,25,0.0
2025-09-19,588000.SSE,am,last,3,2401,2401,0.0
2025-09-19,588000.SSE,am,last,15,481,481,0.0
2025-09-19,588000.SSE,am,last,30,241,241,0.0
2025-09-19,588000.SSE,am,last,60,121,121,0.0
2025-09-19,588000.SSE,am,last,300,25,25,0.0
2025-09-19,588000.SSE,pm,mid,3,2401,2401,0.0
2025-09-19,588000.SSE,pm,mid,15,481,481,0.0
2025-09-19,588000.SSE,pm,mid,30,241,241,0.0
2025-09-19,588000.SSE,pm,mid,60,121,121,0.0
2025-09-19,588000.SSE,pm,mid,300,25,25,0.0
2025-09-19,588000.SSE,pm,last,3,2401,2401,0.0
2025-09-19,588000.SSE,pm,last,15,481,481,0.0
2025-09-19,588000.SSE,pm,last,30,241,241,0.0
2025-09-19,588000.SSE,pm,last,60,121,121,0.0
2025-09-19,588000.SSE,pm,last,300,25,25,0.0
2025-09-19,588080.SSE,am,mid,3,2401,2400,2.0
2025-09-19,588080.SSE,am,mid,15,481,480,2.0
2025-09-19,588080.SSE,am,mid,30,241,240,2.0
2025-09-19,588080.SSE,am,mid,60,121,120,2.0
2025-09-19,588080.SSE,am,mid,300,25,24,2.0
2025-09-19,588080.SSE,am,last,3,2401,2400,2.0
2025-09-19,588080.SSE,am,last,15,481,480,2.0
2025-09-19,588080.SSE,am,last,30,241,240,2.0
2025-09-19,588080.SSE,am,last,60,121,120,2.0
2025-09-19,588080.SSE,am,last,300,25,24,2.0
2025-09-19,588080.SSE,pm,mid,3,2401,2400,2.0
2025-09-19,588080.SSE,pm,mid,15,481,480,2.0
2025-09-19,588080.SSE,pm,mid,30,241,240,2.0
2025-09-19,588080.SSE,pm,mid,60,121,120,2.0
2025-09-19,588080.SSE,pm,mid,300,25,24,2.0
2025-09-19,588080.SSE,pm,last,3,2401,2400,2.0
2025-09-19,588080.SSE,pm,last,15,481,480,2.0
2025-09-19,588080.SSE,pm,last,30,241,240,2.0
2025-09-19,588080.SSE,pm,last,60,121,120,2.0
2025-09-19,588080.SSE,pm,last,300,25,24,2.0
2025-09-22,588000.SSE,am,mid,3,2401,2400,2.0
2025-09-22,588000.SSE,am,mid,15,481,480,2.0
2025-09-22,588000.SSE,am,mid,30,241,240,2.0
2025-09-22,588000.SSE,am,mid,60,121,120,2.0
2025-09-22,588000.SSE,am,mid,300,25,24,2.0
2025-09-22,588000.SSE,am,last,3,2401,2400,2.0
2025-09-22,588000.SSE,am,last,15,481,480,2.0
2025-09-22,588000.SSE,am,last,30,241,240,2.0
2025-09-22,588000.SSE,am,last,60,121,120,2.0
2025-09-22,588000.SSE,am,last,300,25,24,2.0
2025-09-22,588000.SSE,pm,mid,3,2401,2400,2.0
2025-09-22,588000.SSE,pm,mid,15,481,480,2.0
2025-09-22,588000.SSE,pm,mid,30,241,240,2.0
2025-09-22,588000.SSE,pm,mid,60,121,120,2.0
2025-09-22,588000.SSE,pm,mid,300,25,24,2.0
2025-09-22,588000.SSE,pm,last,3,2401,2400,2.0
2025-09-22,588000.SSE,pm,last,15,481,480,2.0
2025-09-22,588000.SSE,pm,last,30,241,240,2.0
2025-09-22,588000.SSE,pm,last,60,121,120,2.0
2025-09-22,588000.SSE,pm,last,300,25,24,2.0
2025-09-22,588080.SSE,am,mid,3,2401,2401,0.0012494793835901709
2025-09-22,588080.SSE,am,mid,15,481,481,0.006237006237006237
2025-09-22,588080.SSE,am,mid,30,241,241,0.012448132780082987
2025-09-22,588080.SSE,am,mid,60,121,121,0.0
2025-09-22,588080.SSE,am,mid,300,25,25,0.0
2025-09-22,588080.SSE,am,last,3,2401,2401,0.0012494793835901709
2025-09-22,588080.SSE,am,last,15,481,481,0.006237006237006237
2025-09-22,588080.SSE,am,last,30,241,241,0.012448132780082987
2025-09-22,588080.SSE,am,last,60,121,121,0.0
2025-09-22,588080.SSE,am,last,300,25,25,0.0
2025-09-22,588080.SSE,pm,mid,3,2401,2401,0.0
2025-09-22,588080.SSE,pm,mid,15,481,481,0.0
2025-09-22,588080.SSE,pm,mid,30,241,241,0.0
2025-09-22,588080.SSE,pm,mid,60,121,121,0.0
2025-09-22,588080.SSE,pm,mid,300,25,25,0.0
2025-09-22,588080.SSE,pm,last,3,2401,2401,0.0
2025-09-22,588080.SSE,pm,last,15,481,481,0.0
2025-09-22,588080.SSE,pm,last,30,241,241,0.0
2025-09-22,588080.SSE,pm,last,60,121,121,0.0
2025-09-22,588080.SSE,pm,last,300,25,25,0.0
2025-09-23,588000.SSE,am,mid,3,2401,2401,0.0
2025-09-23,588000.SSE,am,mid,15,481,481,0.0
2025-09-23,588000.SSE,am,mid,30,241,241,0.0
2025-09-23,588000.SSE,am,mid,60,121,121,0.0
2025-09-23,588000.SSE,am,mid,300,25,25,0.0
2025-09-23,588000.SSE,am,last,3,2401,2401,0.0
2025-09-23,588000.SSE,am,last,15,481,481,0.0
2025-09-23,588000.SSE,am,last,30,241,241,0.0
2025-09-23,588000.SSE,am,last,60,121,121,0.0
2025-09-23,588000.SSE,am,last,300,25,25,0.0
2025-09-23,588000.SSE,pm,mid,3,2401,2401,0.0
2025-09-23,588000.SSE,pm,mid,15,481,481,0.0
2025-09-23,588000.SSE,pm,mid,30,241,241,0.0
2025-09-23,588000.SSE,pm,mid,60,121,121,0.0
2025-09-23,588000.SSE,pm,mid,300,25,25,0.0
2025-09-23,588000.SSE,pm,last,3,2401,2401,0.0
2025-09-23,588000.SSE,pm,last,15,481,481,0.0
2025-09-23,588000.SSE,pm,last,30,241,241,0.0
2025-09-23,588000.SSE,pm,last,60,121,121,0.0
2025-09-23,588000.SSE,pm,last,300,25,25,0.0
2025-09-23,588080.SSE,am,mid,3,2401,2401,0.0
2025-09-23,588080.SSE,am,mid,15,481,481,0.0
2025-09-23,588080.SSE,am,mid,30,241,241,0.0
2025-09-23,588080.SSE,am,mid,60,121,121,0.0
2025-09-23,588080.SSE,am,mid,300,25,25,0.0
2025-09-23,588080.SSE,am,last,3,2401,2401,0.0
2025-09-23,588080.SSE,am,last,15,481,481,0.0
2025-09-23,588080.SSE,am,last,30,241,241,0.0
2025-09-23,588080.SSE,am,last,60,121,121,0.0
2025-09-23,588080.SSE,am,last,300,25,25,0.0
2025-09-23,588080.SSE,pm,mid,3,2401,2401,0.0
2025-09-23,588080.SSE,pm,mid,15,481,481,0.0
2025-09-23,588080.SSE,pm,mid,30,241,241,0.0
2025-09-23,588080.SSE,pm,mid,60,121,121,0.0
2025-09-23,588080.SSE,pm,mid,300,25,25,0.0
2025-09-23,588080.SSE,pm,last,3,2401,2401,0.0
2025-09-23,588080.SSE,pm,last,15,481,481,0.0
2025-09-23,588080.SSE,pm,last,30,241,241,0.0
2025-09-23,588080.SSE,pm,last,60,121,121,0.0
2025-09-23,588080.SSE,pm,last,300,25,25,0.0
2025-09-24,588000.SSE,am,mid,3,2401,2400,1.0
2025-09-24,588000.SSE,am,mid,15,481,480,1.0
2025-09-24,588000.SSE,am,mid,30,241,240,1.0
2025-09-24,588000.SSE,am,mid,60,121,120,1.0
2025-09-24,588000.SSE,am,mid,300,25,24,1.0
2025-09-24,588000.SSE,am,last,3,2401,2400,1.0
2025-09-24,588000.SSE,am,last,15,481,480,1.0
2025-09-24,588000.SSE,am,last,30,241,240,1.0
2025-09-24,588000.SSE,am,last,60,121,120,1.0
2025-09-24,588000.SSE,am,last,300,25,24,1.0
2025-09-24,588000.SSE,pm,mid,3,2401,2400,1.0
2025-09-24,588000.SSE,pm,mid,15,481,480,1.0
2025-09-24,588000.SSE,pm,mid,30,241,240,1.0
2025-09-24,588000.SSE,pm,mid,60,121,120,1.0
2025-09-24,588000.SSE,pm,mid,300,25,24,1.0
2025-09-24,588000.SSE,pm,last,3,2401,2400,1.0
2025-09-24,588000.SSE,pm,last,15,481,480,1.0
2025-09-24,588000.SSE,pm,last,30,241,240,1.0
2025-09-24,588000.SSE,pm,last,60,121,120,1.0
2025-09-24,588000.SSE,pm,last,300,25,24,1.0
2025-09-24,588080.SSE,am,mid,3,2401,2400,0.25833333333333336
2025-09-24,588080.SSE,am,mid,15,481,480,0.2520833333333333
2025-09-24,588080.SSE,am,mid,30,241,240,0.275
2025-09-24,588080.SSE,am,mid,60,121,120,0.3333333333333333
2025-09-24,588080.SSE,am,mid,300,25,24,0.3333333333333333
2025-09-24,588080.SSE,am,last,3,2401,2400,0.25833333333333336
2025-09-24,588080.SSE,am,last,15,481,480,0.2520833333333333
2025-09-24,588080.SSE,am,last,30,241,240,0.275
2025-09-24,588080.SSE,am,last,60,121,120,0.3333333333333333
2025-09-24,588080.SSE,am,last,300,25,24,0.3333333333333333
2025-09-24,588080.SSE,pm,mid,3,2401,2400,0.2425
2025-09-24,588080.SSE,pm,mid,15,481,480,0.26875
2025-09-24,588080.SSE,pm,mid,30,241,240,0.24583333333333332
2025-09-24,588080.SSE,pm,mid,60,121,120,0.26666666666666666
2025-09-24,588080.SSE,pm,mid,300,25,24,0.375
2025-09-24,588080.SSE,pm,last,3,2401,2400,0.2425
2025-09-24,588080.SSE,pm,last,15,481,480,0.26875
2025-09-24,588080.SSE,pm,last,30,241,240,0.24583333333333332
2025-09-24,588080.SSE,pm,last,60,121,120,0.26666666666666666
2025-09-24,588080.SSE,pm,last,300,25,24,0.375
2025-09-25,588000.SSE,am,mid,3,2401,2400,2.0
2025-09-25,588000.SSE,am,mid,15,481,480,2.0
2025-09-25,588000.SSE,am,mid,30,241,240,2.0
2025-09-25,588000.SSE,am,mid,60,121,120,2.0
2025-09-25,588000.SSE,am,mid,300,25,24,2.0
2025-09-25,588000.SSE,am,last,3,2401,2400,2.0
2025-09-25,588000.SSE,am,last,15,481,480,2.0
2025-09-25,588000.SSE,am,last,30,241,240,2.0
2025-09-25,588000.SSE,am,last,60,121,120,2.0
2025-09-25,588000.SSE,am,last,300,25,24,2.0
2025-09-25,588000.SSE,pm,mid,3,2401,2400,2.0
2025-09-25,588000.SSE,pm,mid,15,481,480,2.0
2025-09-25,588000.SSE,pm,mid,30,241,240,2.0
2025-09-25,588000.SSE,pm,mid,60,121,120,2.0
2025-09-25,588000.SSE,pm,mid,300,25,24,2.0
2025-09-25,588000.SSE,pm,last,3,2401,2400,2.0
2025-09-25,588000.SSE,pm,last,15,481,480,2.0
2025-09-25,588000.SSE,pm,last,30,241,240,2.0
2025-09-25,588000.SSE,pm,last,60,121,120,2.0
2025-09-25,588000.SSE,pm,last,300,25,24,2.0
2025-09-25,588080.SSE,am,mid,3,2401,2400,1.0
2025-09-25,588080.SSE,am,mid,15,481,480,1.0
2025-09-25,588080.SSE,am,mid,30,241,240,1.0
2025-09-25,588080.SSE,am,mid,60,121,120,1.0
2025-09-25,588080.SSE,am,mid,300,25,24,1.0
2025-09-25,588080.SSE,am,last,3,2401,2400,1.0
2025-09-25,588080.SSE,am,last,15,481,480,1.0
2025-09-25,588080.SSE,am,last,30,241,240,1.0
2025-09-25,588080.SSE,am,last,60,121,120,1.0
2025-09-25,588080.SSE,am,last,300,25,24,1.0
2025-09-25,588080.SSE,pm,mid,3,2401,2400,1.0
2025-09-25,588080.SSE,pm,mid,15,481,480,1.0
2025-09-25,588080.SSE,pm,mid,30,241,240,1.0
2025-09-25,588080.SSE,pm,mid,60,121,120,1.0
2025-09-25,588080.SSE,pm,mid,300,25,24,1.0
2025-09-25,588080.SSE,pm,last,3,2401,2400,1.0
2025-09-25,588080.SSE,pm,last,15,481,480,1.0
2025-09-25,588080.SSE,pm,last,30,241,240,1.0
2025-09-25,588080.SSE,pm,last,60,121,120,1.0
2025-09-25,588080.SSE,pm,last,300,25,24,1.0
2025-09-26,588000.SSE,am,mid,3,2401,2400,1.0
2025-09-26,588000.SSE,am,mid,15,481,480,1.0
2025-09-26,588000.SSE,am,mid,30,241,240,1.0
2025-09-26,588000.SSE,am,mid,60,121,120,1.0
2025-09-26,588000.SSE,am,mid,300,25,24,1.0
2025-09-26,588000.SSE,am,last,3,2401,2400,1.0
2025-09-26,588000.SSE,am,last,15,481,480,1.0
2025-09-26,588000.SSE,am,last,30,241,240,1.0
2025-09-26,588000.SSE,am,last,60,121,120,1.0
2025-09-26,588000.SSE,am,last,300,25,24,1.0
2025-09-26,588000.SSE,pm,mid,3,2401,2400,1.0
2025-09-26,588000.SSE,pm,mid,15,481,480,1.0
2025-09-26,588000.SSE,pm,mid,30,241,240,1.0
2025-09-26,588000.SSE,pm,mid,60,121,120,1.0
2025-09-26,588000.SSE,pm,mid,300,25,24,1.0
2025-09-26,588000.SSE,pm,last,3,2401,2400,1.0
2025-09-26,588000.SSE,pm,last,15,481,480,1.0
2025-09-26,588000.SSE,pm,last,30,241,240,1.0
2025-09-26,588000.SSE,pm,last,60,121,120,1.0
2025-09-26,588000.SSE,pm,last,300,25,24,1.0
2025-09-26,588080.SSE,am,mid,3,2401,2401,0.0
2025-09-26,588080.SSE,am,mid,15,481,481,0.0
2025-09-26,588080.SSE,am,mid,30,241,241,0.0
2025-09-26,588080.SSE,am,mid,60,121,121,0.0
2025-09-26,588080.SSE,am,mid,300,25,25,0.0
2025-09-26,588080.SSE,am,last,3,2401,2401,0.0
2025-09-26,588080.SSE,am,last,15,481,481,0.0
2025-09-26,588080.SSE,am,last,30,241,241,0.0
2025-09-26,588080.SSE,am,last,60,121,121,0.0
2025-09-26,588080.SSE,am,last,300,25,25,0.0
2025-09-26,588080.SSE,pm,mid,3,2401,2401,0.0
2025-09-26,588080.SSE,pm,mid,15,481,481,0.0
2025-09-26,588080.SSE,pm,mid,30,241,241,0.0
2025-09-26,588080.SSE,pm,mid,60,121,121,0.0
2025-09-26,588080.SSE,pm,mid,300,25,25,0.0
2025-09-26,588080.SSE,pm,last,3,2401,2401,0.0
2025-09-26,588080.SSE,pm,last,15,481,481,0.0
2025-09-26,588080.SSE,pm,last,30,241,241,0.0
2025-09-26,588080.SSE,pm,last,60,121,121,0.0
2025-09-26,588080.SSE,pm,last,300,25,25,0.0
2025-09-29,588000.SSE,am,mid,3,2401,2400,0.8679166666666667
2025-09-29,588000.SSE,am,mid,15,481,480,0.8520833333333333
2025-09-29,588000.SSE,am,mid,30,241,240,0.8375
2025-09-29,588000.SSE,am,mid,60,121,120,0.8333333333333334
2025-09-29,588000.SSE,am,mid,300,25,24,0.8333333333333334
2025-09-29,588000.SSE,am,last,3,2401,2400,0.8679166666666667
2025-09-29,588000.SSE,am,last,15,481,480,0.8520833333333333
2025-09-29,588000.SSE,am,last,30,241,240,0.8375
2025-09-29,588000.SSE,am,last,60,121,120,0.8333333333333334
2025-09-29,588000.SSE,am,last,300,25,24,0.8333333333333334
2025-09-29,588000.SSE,pm,mid,3,2401,2400,0.8583333333333333
2025-09-29,588000.SSE,pm,mid,15,481,480,0.85
2025-09-29,588000.SSE,pm,mid,30,241,240,0.8541666666666666
2025-09-29,588000.SSE,pm,mid,60,121,120,0.8583333333333333
2025-09-29,588000.SSE,pm,mid,300,25,24,0.8333333333333334
2025-09-29,588000.SSE,pm,last,3,2401,2400,0.8583333333333333
2025-09-29,588000.SSE,pm,last,15,481,480,0.85
2025-09-29,588000.SSE,pm,last,30,241,240,0.8541666666666666
2025-09-29,588000.SSE,pm,last,60,121,120,0.8583333333333333
2025-09-29,588000.SSE,pm,last,300,25,24,0.8333333333333334
2025-09-29,588080.SSE,am,mid,3,2401,2401,0.0
2025-09-29,588080.SSE,am,mid,15,481,481,0.0
2025-09-29,588080.SSE,am,mid,30,241,241,0.0
2025-09-29,588080.SSE,am,mid,60,121,121,0.0
2025-09-29,588080.SSE,am,mid,300,25,25,0.0
2025-09-29,588080.SSE,am,last,3,2401,2401,0.0
2025-09-29,588080.SSE,am,last,15,481,481,0.0
2025-09-29,588080.SSE,am,last,30,241,241,0.0
2025-09-29,588080.SSE,am,last,60,121,121,0.0
2025-09-29,588080.SSE,am,last,300,25,25,0.0
2025-09-29,588080.SSE,pm,mid,3,2401,2401,0.0
2025-09-29,588080.SSE,pm,mid,15,481,481,0.0
2025-09-29,588080.SSE,pm,mid,30,241,241,0.0
2025-09-29,588080.SSE,pm,mid,60,121,121,0.0
2025-09-29,588080.SSE,pm,mid,300,25,25,0.0
2025-09-29,588080.SSE,pm,last,3,2401,2401,0.0
2025-09-29,588080.SSE,pm,last,15,481,481,0.0
2025-09-29,588080.SSE,pm,last,30,241,241,0.0
2025-09-29,588080.SSE,pm,last,60,121,121,0.0
2025-09-29,588080.SSE,pm,last,300,25,25,0.0
2025-09-30,588000.SSE,am,mid,3,2401,2400,2.0
2025-09-30,588000.SSE,am,mid,15,481,480,2.0
2025-09-30,588000.SSE,am,mid,30,241,240,2.0
2025-09-30,588000.SSE,am,mid,60,121,120,2.0
2025-09-30,588000.SSE,am,mid,300,25,24,2.0
2025-09-30,588000.SSE,am,last,3,2401,2400,2.0
2025-09-30,588000.SSE,am,last,15,481,480,2.0
2025-09-30,588000.SSE,am,last,30,241,240,2.0
2025-09-30,588000.SSE,am,last,60,121,120,2.0
2025-09-30,588000.SSE,am,last,300,25,24,2.0
2025-09-30,588000.SSE,pm,mid,3,2401,2400,2.0
2025-09-30,588000.SSE,pm,mid,15,481,480,2.0
2025-09-30,588000.SSE,pm,mid,30,241,240,2.0
2025-09-30,588000.SSE,pm,mid,60,121,120,2.0
2025-09-30,588000.SSE,pm,mid,300,25,24,2.0
2025-09-30,588000.SSE,pm,last,3,2401,2400,2.0
2025-09-30,588000.SSE,pm,last,15,481,480,2.0
2025-09-30,588000.SSE,pm,last,30,241,240,2.0
2025-09-30,588000.SSE,pm,last,60,121,120,2.0
2025-09-30,588000.SSE,pm,last,300,25,24,2.0
2025-09-30,588080.SSE,am,mid,3,2401,2401,0.0
2025-09-30,588080.SSE,am,mid,15,481,481,0.0
2025-09-30,588080.SSE,am,mid,30,241,241,0.0
2025-09-30,588080.SSE,am,mid,60,121,121,0.0
2025-09-30,588080.SSE,am,mid,300,25,25,0.0
2025-09-30,588080.SSE,am,last,3,2401,2401,0.0
2025-09-30,588080.SSE,am,last,15,481,481,0.0
2025-09-30,588080.SSE,am,last,30,241,241,0.0
2025-09-30,588080.SSE,am,last,60,121,121,0.0
2025-09-30,588080.SSE,am,last,300,25,25,0.0
2025-09-30,588080.SSE,pm,mid,3,2401,2401,0.0
2025-09-30,588080.SSE,pm,mid,15,481,481,0.0
2025-09-30,588080.SSE,pm,mid,30,241,241,0.0
2025-09-30,588080.SSE,pm,mid,60,121,121,0.0
2025-09-30,588080.SSE,pm,mid,300,25,25,0.0
2025-09-30,588080.SSE,pm,last,3,2401,2401,0.0
2025-09-30,588080.SSE,pm,last,15,481,481,0.0
2025-09-30,588080.SSE,pm,last,30,241,241,0.0
2025-09-30,588080.SSE,pm,last,60,121,121,0.0
2025-09-30,588080.SSE,pm,last,300,25,25,0.0
2025-10-09,588000.SSE,am,mid,3,2401,2400,2.0
2025-10-09,588000.SSE,am,mid,15,481,480,2.0
2025-10-09,588000.SSE,am,mid,30,241,240,2.0
2025-10-09,588000.SSE,am,mid,60,121,120,2.0
2025-10-09,588000.SSE,am,mid,300,25,24,2.0
2025-10-09,588000.SSE,am,last,3,2401,2400,2.0
2025-10-09,588000.SSE,am,last,15,481,480,2.0
2025-10-09,588000.SSE,am,last,30,241,240,2.0
2025-10-09,588000.SSE,am,last,60,121,120,2.0
2025-10-09,588000.SSE,am,last,300,25,24,2.0
2025-10-09,588000.SSE,pm,mid,3,2401,2400,2.0
2025-10-09,588000.SSE,pm,mid,15,481,480,2.0
2025-10-09,588000.SSE,pm,mid,30,241,240,2.0
2025-10-09,588000.SSE,pm,mid,60,121,120,2.0
2025-10-09,588000.SSE,pm,mid,300,25,24,2.0
2025-10-09,588000.SSE,pm,last,3,2401,2400,2.0
2025-10-09,588000.SSE,pm,last,15,481,480,2.0
2025-10-09,588000.SSE,pm,last,30,241,240,2.0
2025-10-09,588000.SSE,pm,last,60,121,120,2.0
2025-10-09,588000.SSE,pm,last,300,25,24,2.0
2025-10-09,588080.SSE,am,mid,3,2401,2400,2.0
2025-10-09,588080.SSE,am,mid,15,481,480,2.0
2025-10-09,588080.SSE,am,mid,30,241,240,2.0
2025-10-09,588080.SSE,am,mid,60,121,120,2.0
2025-10-09,588080.SSE,am,mid,300,25,24,2.0
2025-10-09,588080.SSE,am,last,3,2401,2400,2.0
2025-10-09,588080.SSE,am,last,15,481,480,2.0
2025-10-09,588080.SSE,am,last,30,241,240,2.0
2025-10-09,588080.SSE,am,last,60,121,120,2.0
2025-10-09,588080.SSE,am,last,300,25,24,2.0
2025-10-09,588080.SSE,pm,mid,3,2401,2400,2.0
2025-10-09,588080.SSE,pm,mid,15,481,480,2.0
2025-10-09,588080.SSE,pm,mid,30,241,240,2.0
2025-10-09,588080.SSE,pm,mid,60,121,120,2.0
2025-10-09,588080.SSE,pm,mid,300,25,24,2.0
2025-10-09,588080.SSE,pm,last,3,2401,2400,2.0
2025-10-09,588080.SSE,pm,last,15,481,480,2.0
2025-10-09,588080.SSE,pm,last,30,241,240,2.0
2025-10-09,588080.SSE,pm,last,60,121,120,2.0
2025-10-09,588080.SSE,pm,last,300,25,24,2.0
2025-10-10,588000.SSE,am,mid,3,2401,2401,0.0
2025-10-10,588000.SSE,am,mid,15,481,481,0.0
2025-10-10,588000.SSE,am,mid,30,241,241,0.0
2025-10-10,588000.SSE,am,mid,60,121,121,0.0
2025-10-10,588000.SSE,am,mid,300,25,25,0.0
2025-10-10,588000.SSE,am,last,3,2401,2401,0.0
2025-10-10,588000.SSE,am,last,15,481,481,0.0
2025-10-10,588000.SSE,am,last,30,241,241,0.0
2025-10-10,588000.SSE,am,last,60,121,121,0.0
2025-10-10,588000.SSE,am,last,300,25,25,0.0
2025-10-10,588000.SSE,pm,mid,3,2401,2401,0.0
2025-10-10,588000.SSE,pm,mid,15,481,481,0.0
2025-10-10,588000.SSE,pm,mid,30,241,241,0.0
2025-10-10,588000.SSE,pm,mid,60,121,121,0.0
2025-10-10,588000.SSE,pm,mid,300,25,25,0.0
2025-10-10,588000.SSE,pm,last,3,2401,2401,0.0
2025-10-10,588000.SSE,pm,last,15,481,481,0.0
2025-10-10,588000.SSE,pm,last,30,241,241,0.0
2025-10-10,588000.SSE,pm,last,60,121,121,0.0
2025-10-10,588000.SSE,pm,last,300,25,25,0.0
2025-10-10,588080.SSE,am,mid,3,2401,2400,1.7608333333333333
2025-10-10,588080.SSE,am,mid,15,481,480,1.7583333333333333
2025-10-10,588080.SSE,am,mid,30,241,240,1.75
2025-10-10,588080.SSE,am,mid,60,121,120,1.7833333333333334
2025-10-10,588080.SSE,am,mid,300,25,24,1.8333333333333333
2025-10-10,588080.SSE,am,last,3,2401,2400,1.7608333333333333
2025-10-10,588080.SSE,am,last,15,481,480,1.7583333333333333
2025-10-10,588080.SSE,am,last,30,241,240,1.75
2025-10-10,588080.SSE,am,last,60,121,120,1.7833333333333334
2025-10-10,588080.SSE,am,last,300,25,24,1.8333333333333333
2025-10-10,588080.SSE,pm,mid,3,2401,2400,1.7583333333333333
2025-10-10,588080.SSE,pm,mid,15,481,480,1.7666666666666666
2025-10-10,588080.SSE,pm,mid,30,241,240,1.8083333333333333
2025-10-10,588080.SSE,pm,mid,60,121,120,1.8
2025-10-10,588080.SSE,pm,mid,300,25,24,1.6666666666666667
2025-10-10,588080.SSE,pm,last,3,2401,2400,1.7583333333333333
2025-10-10,588080.SSE,pm,last,15,481,480,1.7666666666666666
2025-10-10,588080.SSE,pm,last,30,241,240,1.8083333333333333
2025-10-10,588080.SSE,pm,last,60,121,120,1.8
2025-10-10,588080.SSE,pm,last,300,25,24,1.6666666666666667
2025-10-13,588000.SSE,am,mid,3,2401,2400,1.0
2025-10-13,588000.SSE,am,mid,15,481,480,1.0
2025-10-13,588000.SSE,am,mid,30,241,240,1.0
2025-10-13,588000.SSE,am,mid,60,121,120,1.0
2025-10-13,588000.SSE,am,mid,300,25,24,1.0
2025-10-13,588000.SSE,am,last,3,2401,2400,1.0
2025-10-13,588000.SSE,am,last,15,481,480,1.0
2025-10-13,588000.SSE,am,last,30,241,240,1.0
2025-10-13,588000.SSE,am,last,60,121,120,1.0
2025-10-13,588000.SSE,am,last,300,25,24,1.0
2025-10-13,588000.SSE,pm,mid,3,2401,2400,1.0
2025-10-13,588000.SSE,pm,mid,15,481,480,1.0
2025-10-13,588000.SSE,pm,mid,30,241,240,1.0
2025-10-13,588000.SSE,pm,mid,60,121,120,1.0
2025-10-13,588000.SSE,pm,mid,300,25,24,1.0
2025-10-13,588000.SSE,pm,last,3,2401,2400,1.0
2025-10-13,588000.SSE,pm,last,15,481,480,1.0
2025-10-13,588000.SSE,pm,last,30,241,240,1.0
2025-10-13,588000.SSE,pm,last,60,121,120,1.0
2025-10-13,588000.SSE,pm,last,300,25,24,1.0
2025-10-13,588080.SSE,am,mid,3,2401,2400,2.0
2025-10-13,588080.SSE,am,mid,15,481,480,2.0
2025-10-13,588080.SSE,am,mid,30,241,240,2.0
2025-10-13,588080.SSE,am,mid,60,121,120,2.0
2025-10-13,588080.SSE,am,mid,300,25,24,2.0
2025-10-13,588080.SSE,am,last,3,2401,2400,2.0
2025-10-13,588080.SSE,am,last,15,481,480,2.0
2025-10-13,588080.SSE,am,last,30,241,240,2.0
2025-10-13,588080.SSE,am,last,60,121,120,2.0
2025-10-13,588080.SSE,am,last,300,25,24,2.0
2025-10-13,588080.SSE,pm,mid,3,2401,2400,2.0
2025-10-13,588080.SSE,pm,mid,15,481,480,2.0
2025-10-13,588080.SSE,pm,mid,30,241,240,2.0
2025-10-13,588080.SSE,pm,mid,60,121,120,2.0
2025-10-13,588080.SSE,pm,mid,300,25,24,2.0
2025-10-13,588080.SSE,pm,last,3,2401,2400,2.0
2025-10-13,588080.SSE,pm,last,15,481,480,2.0
2025-10-13,588080.SSE,pm,last,30,241,240,2.0
2025-10-13,588080.SSE,pm,last,60,121,120,2.0
2025-10-13,588080.SSE,pm,last,300,25,24,2.0
2025-10-14,588000.SSE,am,mid,3,2401,2401,0.0012494793835901709
2025-10-14,588000.SSE,am,mid,15,481,481,0.0
2025-10-14,588000.SSE,am,mid,30,241,241,0.0
2025-10-14,588000.SSE,am,mid,60,121,121,0.0
2025-10-14,588000.SSE,am,mid,300,25,25,0.0
2025-10-14,588000.SSE,am,last,3,2401,2401,0.0012494793835901709
2025-10-14,588000.SSE,am,last,15,481,481,0.0
2025-10-14,588000.SSE,am,last,30,241,241,0.0
2025-10-14,588000.SSE,am,last,60,121,121,0.0
2025-10-14,588000.SSE,am,last,300,25,25,0.0
2025-10-14,588000.SSE,pm,mid,3,2401,2401,0.0012494793835901709
2025-10-14,588000.SSE,pm,mid,15,481,481,0.0
2025-10-14,588000.SSE,pm,mid,30,241,241,0.0
2025-10-14,588000.SSE,pm,mid,60,121,121,0.0
2025-10-14,588000.SSE,pm,mid,300,25,25,0.0
2025-10-14,588000.SSE,pm,last,3,2401,2401,0.0012494793835901709
2025-10-14,588000.SSE,pm,last,15,481,481,0.0
2025-10-14,588000.SSE,pm,last,30,241,241,0.0
2025-10-14,588000.SSE,pm,last,60,121,121,0.0
2025-10-14,588000.SSE,pm,last,300,25,25,0.0
2025-10-14,588080.SSE,am,mid,3,2401,2400,1.0
2025-10-14,588080.SSE,am,mid,15,481,480,1.0
2025-10-14,588080.SSE,am,mid,30,241,240,1.0
2025-10-14,588080.SSE,am,mid,60,121,120,1.0
2025-10-14,588080.SSE,am,mid,300,25,24,1.0
2025-10-14,588080.SSE,am,last,3,2401,2400,1.0
2025-10-14,588080.SSE,am,last,15,481,480,1.0
2025-10-14,588080.SSE,am,last,30,241,240,1.0
2025-10-14,588080.SSE,am,last,60,121,120,1.0
2025-10-14,588080.SSE,am,last,300,25,24,1.0
2025-10-14,588080.SSE,pm,mid,3,2401,2400,1.0
2025-10-14,588080.SSE,pm,mid,15,481,480,1.0
2025-10-14,588080.SSE,pm,mid,30,241,240,1.0
2025-10-14,588080.SSE,pm,mid,60,121,120,1.0
2025-10-14,588080.SSE,pm,mid,300,25,24,1.0
2025-10-14,588080.SSE,pm,last,3,2401,2400,1.0
2025-10-14,588080.SSE,pm,last,15,481,480,1.0
2025-10-14,588080.SSE,pm,last,30,241,240,1.0
2025-10-14,588080.SSE,pm,last,60,121,120,1.0
2025-10-14,588080.SSE,pm,last,300,25,24,1.0
2025-10-15,588000.SSE,am,mid,3,2401,2401,0.9216992919616827
2025-10-15,588000.SSE,am,mid,15,481,481,0.9064449064449065
2025-10-15,588000.SSE,am,mid,30,241,241,0.991701244813278
2025-10-15,588000.SSE,am,mid,60,121,121,1.024793388429752
2025-10-15,588000.SSE,am,mid,300,25,25,1.48
2025-10-15,588000.SSE,am,last,3,2401,2401,0.9216992919616827
2025-10-15,588000.SSE,am,last,15,481,481,0.9064449064449065
2025-10-15,588000.SSE,am,last,30,241,241,0.991701244813278
2025-10-15,588000.SSE,am,last,60,121,121,1.024793388429752
2025-10-15,588000.SSE,am,last,300,25,25,1.48
2025-10-15,588000.SSE,pm,mid,3,2401,2401,0.8721366097459392
2025-10-15,588000.SSE,pm,mid,15,481,481,0.9126819126819127
2025-10-15,588000.SSE,pm,mid,30,241,241,0.8381742738589212
2025-10-15,588000.SSE,pm,mid,60,121,121,0.8181818181818182
2025-10-15,588000.SSE,pm,mid,300,25,25,1.28
2025-10-15,588000.SSE,pm,last,3,2401,2401,0.8721366097459392
2025-10-15,588000.SSE,pm,last,15,481,481,0.9126819126819127
2025-10-15,588000.SSE,pm,last,30,241,241,0.8381742738589212
2025-10-15,588000.SSE,pm,last,60,121,121,0.8181818181818182
2025-10-15,588000.SSE,pm,last,300,25,25,1.28
2025-10-15,588080.SSE,am,mid,3,2401,2400,1.7325
2025-10-15,588080.SSE,am,mid,15,481,480,1.7333333333333334
2025-10-15,588080.SSE,am,mid,30,241,240,1.7333333333333334
2025-10-15,588080.SSE,am,mid,60,121,120,1.725
2025-10-15,588080.SSE,am,mid,300,25,24,1.7916666666666667
2025-10-15,588080.SSE,am,last,3,2401,2400,1.7325
2025-10-15,588080.SSE,am,last,15,481,480,1.7333333333333334
2025-10-15,588080.SSE,am,last,30,241,240,1.7333333333333334
2025-10-15,588080.SSE,am,last,60,121,120,1.725
2025-10-15,588080.SSE,am,last,300,25,24,1.7916666666666667
2025-10-15,588080.SSE,pm,mid,3,2401,2400,1.7558333333333334
2025-10-15,588080.SSE,pm,mid,15,481,480,1.7354166666666666
2025-10-15,588080.SSE,pm,mid,30,241,240,1.7208333333333334
2025-10-15,588080.SSE,pm,mid,60,121,120,1.7583333333333333
2025-10-15,588080.SSE,pm,mid,300,25,24,1.9166666666666667
2025-10-15,588080.SSE,pm,last,3,2401,2400,1.7558333333333334
2025-10-15,588080.SSE,pm,last,15,481,480,1.7354166666666666
2025-10-15,588080.SSE,pm,last,30,241,240,1.7208333333333334
2025-10-15,588080.SSE,pm,last,60,121,120,1.7583333333333333
2025-10-15,588080.SSE,pm,last,300,25,24,1.9166666666666667
2025-10-16,588000.SSE,am,mid,3,2401,2401,0.0
2025-10-16,588000.SSE,am,mid,15,481,481,0.0
2025-10-16,588000.SSE,am,mid,30,241,241,0.0
2025-10-16,588000.SSE,am,mid,60,121,121,0.0
2025-10-16,588000.SSE,am,mid,300,25,25,0.0
2025-10-16,588000.SSE,am,last,3,2401,2401,0.0
2025-10-16,588000.SSE,am,last,15,481,481,0.0
2025-10-16,588000.SSE,am,last,30,241,241,0.0
2025-10-16,588000.SSE,am,last,60,121,121,0.0
2025-10-16,588000.SSE,am,last,300,25,25,0.0
2025-10-16,588000.SSE,pm,mid,3,2401,2401,0.0
2025-10-16,588000.SSE,pm,mid,15,481,481,0.0
2025-10-16,588000.SSE,pm,mid,30,241,241,0.0
2025-10-16,588000.SSE,pm,mid,60,121,121,0.0
2025-10-16,588000.SSE,pm,mid,300,25,25,0.0
2025-10-16,588000.SSE,pm,last,3,2401,2401,0.0
2025-10-16,588000.SSE,pm,last,15,481,481,0.0
2025-10-16,588000.SSE,pm,last,30,241,241,0.0
2025-10-16,588000.SSE,pm,last,60,121,121,0.0
2025-10-16,588000.SSE,pm,last,300,25,25,0.0
2025-10-16,588080.SSE,am,mid,3,2401,2401,0.0
2025-10-16,588080.SSE,am,mid,15,481,481,0.0
2025-10-16,588080.SSE,am,mid,30,241,241,0.0
2025-10-16,588080.SSE,am,mid,60,121,121,0.0
2025-10-16,588080.SSE,am,mid,300,25,25,0.0
2025-10-16,588080.SSE,am,last,3,2401,2401,0.0
2025-10-16,588080.SSE,am,last,15,481,481,0.0
2025-10-16,588080.SSE,am,last,30,241,241,0.0
2025-10-16,588080.SSE,am,last,60,121,121,0.0
2025-10-16,588080.SSE,am,last,300,25,25,0.0
2025-10-16,588080.SSE,pm,mid,3,2401,2401,0.0
2025-10-16,588080.SSE,pm,mid,15,481,481,0.0
2025-10-16,588080.SSE,pm,mid,30,241,241,0.0
2025-10-16,588080.SSE,pm,mid,60,121,121,0.0
2025-10-16,588080.SSE,pm,mid,300,25,25,0.0
2025-10-16,588080.SSE,pm,last,3,2401,2401,0.0
2025-10-16,588080.SSE,pm,last,15,481,481,0.0
2025-10-16,588080.SSE,pm,last,30,241,241,0.0
2025-10-16,588080.SSE,pm,last,60,121,121,0.0
2025-10-16,588080.SSE,pm,last,300,25,25,0.0
2025-10-17,588000.SSE,am,mid,3,2401,2400,0.9091666666666667
2025-10-17,588000.SSE,am,mid,15,481,480,0.8833333333333333
2025-10-17,588000.SSE,am,mid,30,241,240,0.8833333333333333
2025-10-17,588000.SSE,am,mid,60,121,120,0.8416666666666667
2025-10-17,588000.SSE,am,mid,300,25,24,0.7083333333333334
2025-10-17,588000.SSE,am,last,3,2401,2400,0.9091666666666667
2025-10-17,588000.SSE,am,last,15,481,480,0.8833333333333333
2025-10-17,588000.SSE,am,last,30,241,240,0.8833333333333333
2025-10-17,588000.SSE,am,last,60,121,120,0.8416666666666667
2025-10-17,588000.SSE,am,last,300,25,24,0.7083333333333334
2025-10-17,588000.SSE,pm,mid,3,2401,2400,0.8975
2025-10-17,588000.SSE,pm,mid,15,481,480,0.9041666666666667
2025-10-17,588000.SSE,pm,mid,30,241,240,0.8916666666666667
2025-10-17,588000.SSE,pm,mid,60,121,120,0.8833333333333333
2025-10-17,588000.SSE,pm,mid,300,25,24,0.9166666666666666
2025-10-17,588000.SSE,pm,last,3,2401,2400,0.8975
2025-10-17,588000.SSE,pm,last,15,481,480,0.9041666666666667
2025-10-17,588000.SSE,pm,last,30,241,240,0.8916666666666667
2025-10-17,588000.SSE,pm,last,60,121,120,0.8833333333333333
2025-10-17,588000.SSE,pm,last,300,25,24,0.9166666666666666
2025-10-17,588080.SSE,am,mid,3,2401,2401,0.003748438150770512
2025-10-17,588080.SSE,am,mid,15,481,481,0.012474012474012475
2025-10-17,588080.SSE,am,mid,30,241,241,0.024896265560165973
2025-10-17,588080.SSE,am,mid,60,121,121,0.024793388429752067
2025-10-17,588080.SSE,am,mid,300,25,25,0.0
2025-10-17,588080.SSE,am,last,3,2401,2401,0.003748438150770512
2025-10-17,588080.SSE,am,last,15,481,481,0.012474012474012475
2025-10-17,588080.SSE,am,last,30,241,241,0.024896265560165973
2025-10-17,588080.SSE,am,last,60,121,121,0.024793388429752067
2025-10-17,588080.SSE,am,last,300,25,25,0.0
2025-10-17,588080.SSE,pm,mid,3,2401,2401,0.0012494793835901709
2025-10-17,588080.SSE,pm,mid,15,481,481,0.006237006237006237
2025-10-17,588080.SSE,pm,mid,30,241,241,0.012448132780082987
2025-10-17,588080.SSE,pm,mid,60,121,121,0.024793388429752067
2025-10-17,588080.SSE,pm,mid,300,25,25,0.12
2025-10-17,588080.SSE,pm,last,3,2401,2401,0.0012494793835901709
2025-10-17,588080.SSE,pm,last,15,481,481,0.006237006237006237
2025-10-17,588080.SSE,pm,last,30,241,241,0.012448132780082987
2025-10-17,588080.SSE,pm,last,60,121,121,0.024793388429752067
2025-10-17,588080.SSE,pm,last,300,25,25,0.12
2025-10-20,588000.SSE,am,mid,3,2401,2400,1.0
2025-10-20,588000.SSE,am,mid,15,481,480,1.0
2025-10-20,588000.SSE,am,mid,30,241,240,1.0
2025-10-20,588000.SSE,am,mid,60,121,120,1.0
2025-10-20,588000.SSE,am,mid,300,25,24,1.0
2025-10-20,588000.SSE,am,last,3,2401,2400,1.0
2025-10-20,588000.SSE,am,last,15,481,480,1.0
2025-10-20,588000.SSE,am,last,30,241,240,1.0
2025-10-20,588000.SSE,am,last,60,121,120,1.0
2025-10-20,588000.SSE,am,last,300,25,24,1.0
2025-10-20,588000.SSE,pm,mid,3,2401,2400,1.0
2025-10-20,588000.SSE,pm,mid,15,481,480,1.0
2025-10-20,588000.SSE,pm,mid,30,241,240,1.0
2025-10-20,588000.SSE,pm,mid,60,121,120,1.0
2025-10-20,588000.SSE,pm,mid,300,25,24,1.0
2025-10-20,588000.SSE,pm,last,3,2401,2400,1.0
2025-10-20,588000.SSE,pm,last,15,481,480,1.0
2025-10-20,588000.SSE,pm,last,30,241,240,1.0
2025-10-20,588000.SSE,pm,last,60,121,120,1.0
2025-10-20,588000.SSE,pm,last,300,25,24,1.0
2025-10-20,588080.SSE,am,mid,3,2401,2401,0.0
2025-10-20,588080.SSE,am,mid,15,481,481,0.0
2025-10-20,588080.SSE,am,mid,30,241,241,0.0
2025-10-20,588080.SSE,am,mid,60,121,121,0.0
2025-10-20,588080.SSE,am,mid,300,25,25,0.0
2025-10-20,588080.SSE,am,last,3,2401,2401,0.0
2025-10-20,588080.SSE,am,last,15,481,481,0.0
2025-10-20,588080.SSE,am,last,30,241,241,0.0
2025-10-20,588080.SSE,am,last,60,121,121,0.0
2025-10-20,588080.SSE,am,last,300,25,25,0.0
2025-10-20,588080.SSE,pm,mid,3,2401,2401,0.0
2025-10-20,588080.SSE,pm,mid,15,481,481,0.0
2025-10-20,588080.SSE,pm,mid,30,241,241,0.0
2025-10-20,588080.SSE,pm,mid,60,121,121,0.0
2025-10-20,588080.SSE,pm,mid,300,25,25,0.0
2025-10-20,588080.SSE,pm,last,3,2401,2401,0.0
2025-10-20,588080.SSE,pm,last,15,481,481,0.0
2025-10-20,588080.SSE,pm,last,30,241,241,0.0
2025-10-20,588080.SSE,pm,last,60,121,121,0.0
2025-10-20,588080.SSE,pm,last,300,25,25,0.0
2025-10-21,588000.SSE,am,mid,3,2401,2400,1.0
2025-10-21,588000.SSE,am,mid,15,481,480,1.0
2025-10-21,588000.SSE,am,mid,30,241,240,1.0
2025-10-21,588000.SSE,am,mid,60,121,120,1.0
2025-10-21,588000.SSE,am,mid,300,25,24,1.0
2025-10-21,588000.SSE,am,last,3,2401,2400,1.0
2025-10-21,588000.SSE,am,last,15,481,480,1.0
2025-10-21,588000.SSE,am,last,30,241,240,1.0
2025-10-21,588000.SSE,am,last,60,121,120,1.0
2025-10-21,588000.SSE,am,last,300,25,24,1.0
2025-10-21,588000.SSE,pm,mid,3,2401,2400,1.0
2025-10-21,588000.SSE,pm,mid,15,481,480,1.0
2025-10-21,588000.SSE,pm,mid,30,241,240,1.0
2025-10-21,588000.SSE,pm,mid,60,121,120,1.0
2025-10-21,588000.SSE,pm,mid,300,25,24,1.0
2025-10-21,588000.SSE,pm,last,3,2401,2400,1.0
2025-10-21,588000.SSE,pm,last,15,481,480,1.0
2025-10-21,588000.SSE,pm,last,30,241,240,1.0
2025-10-21,588000.SSE,pm,last,60,121,120,1.0
2025-10-21,588000.SSE,pm,last,300,25,24,1.0
2025-10-21,588080.SSE,am,mid,3,2401,2400,2.0
2025-10-21,588080.SSE,am,mid,15,481,480,2.0
2025-10-21,588080.SSE,am,mid,30,241,240,2.0
2025-10-21,588080.SSE,am,mid,60,121,120,2.0
2025-10-21,588080.SSE,am,mid,300,25,24,2.0
2025-10-21,588080.SSE,am,last,3,2401,2400,2.0
2025-10-21,588080.SSE,am,last,15,481,480,2.0
2025-10-21,588080.SSE,am,last,30,241,240,2.0
2025-10-21,588080.SSE,am,last,60,121,120,2.0
2025-10-21,588080.SSE,am,last,300,25,24,2.0
2025-10-21,588080.SSE,pm,mid,3,2401,2400,2.0
2025-10-21,588080.SSE,pm,mid,15,481,480,2.0
2025-10-21,588080.SSE,pm,mid,30,241,240,2.0
2025-10-21,588080.SSE,pm,mid,60,121,120,2.0
2025-10-21,588080.SSE,pm,mid,300,25,24,2.0
2025-10-21,588080.SSE,pm,last,3,2401,2400,2.0
2025-10-21,588080.SSE,pm,last,15,481,480,2.0
2025-10-21,588080.SSE,pm,last,30,241,240,2.0
2025-10-21,588080.SSE,pm,last,60,121,120,2.0
2025-10-21,588080.SSE,pm,last,300,25,24,2.0
2025-10-22,588000.SSE,am,mid,3,2401,2400,2.0
2025-10-22,588000.SSE,am,mid,15,481,480,2.0
2025-10-22,588000.SSE,am,mid,30,241,240,2.0
2025-10-22,588000.SSE,am,mid,60,121,120,2.0
2025-10-22,588000.SSE,am,mid,300,25,24,2.0
2025-10-22,588000.SSE,am,last,3,2401,2400,2.0
2025-10-22,588000.SSE,am,last,15,481,480,2.0
2025-10-22,588000.SSE,am,last,30,241,240,2.0
2025-10-22,588000.SSE,am,last,60,121,120,2.0
2025-10-22,588000.SSE,am,last,300,25,24,2.0
2025-10-22,588000.SSE,pm,mid,3,2401,2400,2.0
2025-10-22,588000.SSE,pm,mid,15,481,480,2.0
2025-10-22,588000.SSE,pm,mid,30,241,240,2.0
2025-10-22,588000.SSE,pm,mid,60,121,120,2.0
2025-10-22,588000.SSE,pm,mid,300,25,24,2.0
2025-10-22,588000.SSE,pm,last,3,2401,2400,2.0
2025-10-22,588000.SSE,pm,last,15,481,480,2.0
2025-10-22,588000.SSE,pm,last,30,241,240,2.0
2025-10-22,588000.SSE,pm,last,60,121,120,2.0
2025-10-22,588000.SSE,pm,last,300,25,24,2.0
2025-10-22,588080.SSE,am,mid,3,2401,2401,0.0
2025-10-22,588080.SSE,am,mid,15,481,481,0.0
2025-10-22,588080.SSE,am,mid,30,241,241,0.0
2025-10-22,588080.SSE,am,mid,60,121,121,0.0
2025-10-22,588080.SSE,am,mid,300,25,25,0.0
2025-10-22,588080.SSE,am,last,3,2401,2401,0.0
2025-10-22,588080.SSE,am,last,15,481,481,0.0
2025-10-22,588080.SSE,am,last,30,241,241,0.0
2025-10-22,588080.SSE,am,last,60,121,121,0.0
2025-10-22,588080.SSE,am,last,300,25,25,0.0
2025-10-22,588080.SSE,pm,mid,3,2401,2401,0.0
2025-10-22,588080.SSE,pm,mid,15,481,481,0.0
2025-10-22,588080.SSE,pm,mid,30,241,241,0.0
2025-10-22,588080.SSE,pm,mid,60,121,121,0.0
2025-10-22,588080.SSE,pm,mid,300,25,25,0.0
2025-10-22,588080.SSE,pm,last,3,2401,2401,0.0
2025-10-22,588080.SSE,pm,last,15,481,481,0.0
2025-10-22,588080.SSE,pm,last,30,241,241,0.0
2025-10-22,588080.SSE,pm,last,60,121,121,0.0
2025-10-22,588080.SSE,pm,last,300,25,25,0.0
2025-10-23,588000.SSE,am,mid,3,2401,2400,2.0
2025-10-23,588000.SSE,am,mid,15,481,480,2.0
2025-10-23,588000.SSE,am,mid,30,241,240,2.0
2025-10-23,588000.SSE,am,mid,60,121,120,2.0
2025-10-23,588000.SSE,am,mid,300,25,24,2.0
2025-10-23,588000.SSE,am,last,3,2401,2400,2.0
2025-10-23,588000.SSE,am,last,15,481,480,2.0
2025-10-23,588000.SSE,am,last,30,241,240,2.0
2025-10-23,588000.SSE,am,last,60,121,120,2.0
2025-10-23,588000.SSE,am,last,300,25,24,2.0
2025-10-23,588000.SSE,pm,mid,3,2401,2400,2.0
2025-10-23,588000.SSE,pm,mid,15,481,480,2.0
2025-10-23,588000.SSE,pm,mid,30,241,240,2.0
2025-10-23,588000.SSE,pm,mid,60,121,120,2.0
2025-10-23,588000.SSE,pm,mid,300,25,24,2.0
2025-10-23,588000.SSE,pm,last,3,2401,2400,2.0
2025-10-23,588000.SSE,pm,last,15,481,480,2.0
2025-10-23,588000.SSE,pm,last,30,241,240,2.0
2025-10-23,588000.SSE,pm,last,60,121,120,2.0
2025-10-23,588000.SSE,pm,last,300,25,24,2.0
2025-10-23,588080.SSE,am,mid,3,2401,2400,1.0
2025-10-23,588080.SSE,am,mid,15,481,480,1.0
2025-10-23,588080.SSE,am,mid,30,241,240,1.0
2025-10-23,588080.SSE,am,mid,60,121,120,1.0
2025-10-23,588080.SSE,am,mid,300,25,24,1.0
2025-10-23,588080.SSE,am,last,3,2401,2400,1.0
2025-10-23,588080.SSE,am,last,15,481,480,1.0
2025-10-23,588080.SSE,am,last,30,241,240,1.0
2025-10-23,588080.SSE,am,last,60,121,120,1.0
2025-10-23,588080.SSE,am,last,300,25,24,1.0
2025-10-23,588080.SSE,pm,mid,3,2401,2399,1.0
2025-10-23,588080.SSE,pm,mid,15,481,480,1.0
2025-10-23,588080.SSE,pm,mid,30,241,240,1.0
2025-10-23,588080.SSE,pm,mid,60,121,120,1.0
2025-10-23,588080.SSE,pm,mid,300,25,24,1.0
2025-10-23,588080.SSE,pm,last,3,2401,2399,1.0
2025-10-23,588080.SSE,pm,last,15,481,480,1.0
2025-10-23,588080.SSE,pm,last,30,241,240,1.0
2025-10-23,588080.SSE,pm,last,60,121,120,1.0
2025-10-23,588080.SSE,pm,last,300,25,24,1.0
2025-10-24,588000.SSE,am,mid,3,2401,2400,1.0
2025-10-24,588000.SSE,am,mid,15,481,480,1.0
2025-10-24,588000.SSE,am,mid,30,241,240,1.0
2025-10-24,588000.SSE,am,mid,60,121,120,1.0
2025-10-24,588000.SSE,am,mid,300,25,24,1.0
2025-10-24,588000.SSE,am,last,3,2401,2400,1.0
2025-10-24,588000.SSE,am,last,15,481,480,1.0
2025-10-24,588000.SSE,am,last,30,241,240,1.0
2025-10-24,588000.SSE,am,last,60,121,120,1.0
2025-10-24,588000.SSE,am,last,300,25,24,1.0
2025-10-24,588000.SSE,pm,mid,3,2401,2400,1.0
2025-10-24,588000.SSE,pm,mid,15,481,480,1.0
2025-10-24,588000.SSE,pm,mid,30,241,240,1.0
2025-10-24,588000.SSE,pm,mid,60,121,120,1.0
2025-10-24,588000.SSE,pm,mid,300,25,24,1.0
2025-10-24,588000.SSE,pm,last,3,2401,2400,1.0
2025-10-24,588000.SSE,pm,last,15,481,480,1.0
2025-10-24,588000.SSE,pm,last,30,241,240,1.0
2025-10-24,588000.SSE,pm,last,60,121,120,1.0
2025-10-24,588000.SSE,pm,last,300,25,24,1.0
2025-10-24,588080.SSE,am,mid,3,2401,2400,2.0
2025-10-24,588080.SSE,am,mid,15,481,480,2.0
2025-10-24,588080.SSE,am,mid,30,241,240,2.0
2025-10-24,588080.SSE,am,mid,60,121,120,2.0
2025-10-24,588080.SSE,am,mid,300,25,24,2.0
2025-10-24,588080.SSE,am,last,3,2401,2400,2.0
2025-10-24,588080.SSE,am,last,15,481,480,2.0
2025-10-24,588080.SSE,am,last,30,241,240,2.0
2025-10-24,588080.SSE,am,last,60,121,120,2.0
2025-10-24,588080.SSE,am,last,300,25,24,2.0
2025-10-24,588080.SSE,pm,mid,3,2401,2400,2.0
2025-10-24,588080.SSE,pm,mid,15,481,480,2.0
2025-10-24,588080.SSE,pm,mid,30,241,240,2.0
2025-10-24,588080.SSE,pm,mid,60,121,120,2.0
2025-10-24,588080.SSE,pm,mid,300,25,24,2.0
2025-10-24,588080.SSE,pm,last,3,2401,2400,2.0
2025-10-24,588080.SSE,pm,last,15,481,480,2.0
2025-10-24,588080.SSE,pm,last,30,241,240,2.0
2025-10-24,588080.SSE,pm,last,60,121,120,2.0
2025-10-24,588080.SSE,pm,last,300,25,24,2.0
2025-10-27,588000.SSE,am,mid,3,2401,2400,1.0
2025-10-27,588000.SSE,am,mid,15,481,480,1.0
2025-10-27,588000.SSE,am,mid,30,241,240,1.0
2025-10-27,588000.SSE,am,mid,60,121,120,1.0
2025-10-27,588000.SSE,am,mid,300,25,24,1.0
2025-10-27,588000.SSE,am,last,3,2401,2400,1.0
2025-10-27,588000.SSE,am,last,15,481,480,1.0
2025-10-27,588000.SSE,am,last,30,241,240,1.0
2025-10-27,588000.SSE,am,last,60,121,120,1.0
2025-10-27,588000.SSE,am,last,300,25,24,1.0
2025-10-27,588000.SSE,pm,mid,3,2401,2400,1.0
2025-10-27,588000.SSE,pm,mid,15,481,480,1.0
2025-10-27,588000.SSE,pm,mid,30,241,240,1.0
2025-10-27,588000.SSE,pm,mid,60,121,120,1.0
2025-10-27,588000.SSE,pm,mid,300,25,24,1.0
2025-10-27,588000.SSE,pm,last,3,2401,2400,1.0
2025-10-27,588000.SSE,pm,last,15,481,480,1.0
2025-10-27,588000.SSE,pm,last,30,241,240,1.0
2025-10-27,588000.SSE,pm,last,60,121,120,1.0
2025-10-27,588000.SSE,pm,last,300,25,24,1.0
2025-10-27,588080.SSE,am,mid,3,2401,2400,1.0
2025-10-27,588080.SSE,am,mid,15,481,480,1.0
2025-10-27,588080.SSE,am,mid,30,241,240,1.0
2025-10-27,588080.SSE,am,mid,60,121,120,1.0
2025-10-27,588080.SSE,am,mid,300,25,24,1.0
2025-10-27,588080.SSE,am,last,3,2401,2400,1.0
2025-10-27,588080.SSE,am,last,15,481,480,1.0
2025-10-27,588080.SSE,am,last,30,241,240,1.0
2025-10-27,588080.SSE,am,last,60,121,120,1.0
2025-10-27,588080.SSE,am,last,300,25,24,1.0
2025-10-27,588080.SSE,pm,mid,3,2401,2400,1.0
2025-10-27,588080.SSE,pm,mid,15,481,480,1.0
2025-10-27,588080.SSE,pm,mid,30,241,240,1.0
2025-10-27,588080.SSE,pm,mid,60,121,120,1.0
2025-10-27,588080.SSE,pm,mid,300,25,24,1.0
2025-10-27,588080.SSE,pm,last,3,2401,2400,1.0
2025-10-27,588080.SSE,pm,last,15,481,480,1.0
2025-10-27,588080.SSE,pm,last,30,241,240,1.0
2025-10-27,588080.SSE,pm,last,60,121,120,1.0
2025-10-27,588080.SSE,pm,last,300,25,24,1.0
2025-10-28,588000.SSE,am,mid,3,2401,2401,0.0
2025-10-28,588000.SSE,am,mid,15,481,481,0.0
2025-10-28,588000.SSE,am,mid,30,241,241,0.0
2025-10-28,588000.SSE,am,mid,60,121,121,0.0
2025-10-28,588000.SSE,am,mid,300,25,25,0.0
2025-10-28,588000.SSE,am,last,3,2401,2401,0.0
2025-10-28,588000.SSE,am,last,15,481,481,0.0
2025-10-28,588000.SSE,am,last,30,241,241,0.0
2025-10-28,588000.SSE,am,last,60,121,121,0.0
2025-10-28,588000.SSE,am,last,300,25,25,0.0
2025-10-28,588000.SSE,pm,mid,3,2401,2401,0.0
2025-10-28,588000.SSE,pm,mid,15,481,481,0.0
2025-10-28,588000.SSE,pm,mid,30,241,241,0.0
2025-10-28,588000.SSE,pm,mid,60,121,121,0.0
2025-10-28,588000.SSE,pm,mid,300,25,25,0.0
2025-10-28,588000.SSE,pm,last,3,2401,2401,0.0
2025-10-28,588000.SSE,pm,last,15,481,481,0.0
2025-10-28,588000.SSE,pm,last,30,241,241,0.0
2025-10-28,588000.SSE,pm,last,60,121,121,0.0
2025-10-28,588000.SSE,pm,last,300,25,25,0.0
2025-10-28,588080.SSE,am,mid,3,2401,2400,2.0
2025-10-28,588080.SSE,am,mid,15,481,480,2.0
2025-10-28,588080.SSE,am,mid,30,241,240,2.0
2025-10-28,588080.SSE,am,mid,60,121,120,2.0
2025-10-28,588080.SSE,am,mid,300,25,24,2.0
2025-10-28,588080.SSE,am,last,3,2401,2400,2.0
2025-10-28,588080.SSE,am,last,15,481,480,2.0
2025-10-28,588080.SSE,am,last,30,241,240,2.0
2025-10-28,588080.SSE,am,last,60,121,120,2.0
2025-10-28,588080.SSE,am,last,300,25,24,2.0
2025-10-28,588080.SSE,pm,mid,3,2401,2400,2.0
2025-10-28,588080.SSE,pm,mid,15,481,480,2.0
2025-10-28,588080.SSE,pm,mid,30,241,240,2.0
2025-10-28,588080.SSE,pm,mid,60,121,120,2.0
2025-10-28,588080.SSE,pm,mid,300,25,24,2.0
2025-10-28,588080.SSE,pm,last,3,2401,2400,2.0
2025-10-28,588080.SSE,pm,last,15,481,480,2.0
2025-10-28,588080.SSE,pm,last,30,241,240,2.0
2025-10-28,588080.SSE,pm,last,60,121,120,2.0
2025-10-28,588080.SSE,pm,last,300,25,24,2.0
2025-10-29,588000.SSE,am,mid,3,2401,2401,0.0
2025-10-29,588000.SSE,am,mid,15,481,481,0.0
2025-10-29,588000.SSE,am,mid,30,241,241,0.0
2025-10-29,588000.SSE,am,mid,60,121,121,0.0
2025-10-29,588000.SSE,am,mid,300,25,25,0.0
2025-10-29,588000.SSE,am,last,3,2401,2401,0.0
2025-10-29,588000.SSE,am,last,15,481,481,0.0
2025-10-29,588000.SSE,am,last,30,241,241,0.0
2025-10-29,588000.SSE,am,last,60,121,121,0.0
2025-10-29,588000.SSE,am,last,300,25,25,0.0
2025-10-29,588000.SSE,pm,mid,3,2401,2401,0.0
2025-10-29,588000.SSE,pm,mid,15,481,481,0.0
2025-10-29,588000.SSE,pm,mid,30,241,241,0.0
2025-10-29,588000.SSE,pm,mid,60,121,121,0.0
2025-10-29,588000.SSE,pm,mid,300,25,25,0.0
2025-10-29,588000.SSE,pm,last,3,2401,2401,0.0
2025-10-29,588000.SSE,pm,last,15,481,481,0.0
2025-10-29,588000.SSE,pm,last,30,241,241,0.0
2025-10-29,588000.SSE,pm,last,60,121,121,0.0
2025-10-29,588000.SSE,pm,last,300,25,25,0.0
2025-10-29,588080.SSE,am,mid,3,2401,2401,0.0
2025-10-29,588080.SSE,am,mid,15,481,481,0.0
2025-10-29,588080.SSE,am,mid,30,241,241,0.0
2025-10-29,588080.SSE,am,mid,60,121,121,0.0
2025-10-29,588080.SSE,am,mid,300,25,25,0.0
2025-10-29,588080.SSE,am,last,3,2401,2401,0.0
2025-10-29,588080.SSE,am,last,15,481,481,0.0
2025-10-29,588080.SSE,am,last,30,241,241,0.0
2025-10-29,588080.SSE,am,last,60,121,121,0.0
2025-10-29,588080.SSE,am,last,300,25,25,0.0
2025-10-29,588080.SSE,pm,mid,3,2401,2401,0.0
2025-10-29,588080.SSE,pm,mid,15,481,481,0.0
2025-10-29,588080.SSE,pm,mid,30,241,241,0.0
2025-10-29,588080.SSE,pm,mid,60,121,121,0.0
2025-10-29,588080.SSE,pm,mid,300,25,25,0.0
2025-10-29,588080.SSE,pm,last,3,2401,2401,0.0
2025-10-29,588080.SSE,pm,last,15,481,481,0.0
2025-10-29,588080.SSE,pm,last,30,241,241,0.0
2025-10-29,588080.SSE,pm,last,60,121,121,0.0
2025-10-29,588080.SSE,pm,last,300,25,25,0.0
2025-10-30,588000.SSE,am,mid,3,2401,2400,1.6966666666666668
2025-10-30,588000.SSE,am,mid,15,481,480,1.69375
2025-10-30,588000.SSE,am,mid,30,241,240,1.7041666666666666
2025-10-30,588000.SSE,am,mid,60,121,120,1.675
2025-10-30,588000.SSE,am,mid,300,25,24,1.6666666666666667
2025-10-30,588000.SSE,am,last,3,2401,2400,1.6966666666666668
2025-10-30,588000.SSE,am,last,15,481,480,1.69375
2025-10-30,588000.SSE,am,last,30,241,240,1.7041666666666666
2025-10-30,588000.SSE,am,last,60,121,120,1.675
2025-10-30,588000.SSE,am,last,300,25,24,1.6666666666666667
2025-10-30,588000.SSE,pm,mid,3,2401,2400,1.7370833333333333
2025-10-30,588000.SSE,pm,mid,15,481,480,1.71875
2025-10-30,588000.SSE,pm,mid,30,241,240,1.75
2025-10-30,588000.SSE,pm,mid,60,121,120,1.7083333333333333
2025-10-30,588000.SSE,pm,mid,300,25,24,1.7916666666666667
2025-10-30,588000.SSE,pm,last,3,2401,2400,1.7370833333333333
2025-10-30,588000.SSE,pm,last,15,481,480,1.71875
2025-10-30,588000.SSE,pm,last,30,241,240,1.75
2025-10-30,588000.SSE,pm,last,60,121,120,1.7083333333333333
2025-10-30,588000.SSE,pm,last,300,25,24,1.7916666666666667
2025-10-30,588080.SSE,am,mid,3,2401,2400,0.9833333333333333
2025-10-30,588080.SSE,am,mid,15,481,480,0.98125
2025-10-30,588080.SSE,am,mid,30,241,240,0.9791666666666666
2025-10-30,588080.SSE,am,mid,60,121,120,0.9833333333333333
2025-10-30,588080.SSE,am,mid,300,25,24,1.0
2025-10-30,588080.SSE,am,last,3,2401,2400,0.9833333333333333
2025-10-30,588080.SSE,am,last,15,481,480,0.98125
2025-10-30,588080.SSE,am,last,30,241,240,0.9791666666666666
2025-10-30,588080.SSE,am,last,60,121,120,0.9833333333333333
2025-10-30,588080.SSE,am,last,300,25,24,1.0
2025-10-30,588080.SSE,pm,mid,3,2401,2399,0.9829095456440183
2025-10-30,588080.SSE,pm,mid,15,481,480,0.9875
2025-10-30,588080.SSE,pm,mid,30,241,240,0.9958333333333333
2025-10-30,588080.SSE,pm,mid,60,121,120,0.9916666666666667
2025-10-30,588080.SSE,pm,mid,300,25,24,1.0
2025-10-30,588080.SSE,pm,last,3,2401,2399,0.9829095456440183
2025-10-30,588080.SSE,pm,last,15,481,480,0.9875
2025-10-30,588080.SSE,pm,last,30,241,240,0.9958333333333333
2025-10-30,588080.SSE,pm,last,60,121,120,0.9916666666666667
2025-10-30,588080.SSE,pm,last,300,25,24,1.0
2025-10-31,588000.SSE,am,mid,3,2401,2400,1.0
2025-10-31,588000.SSE,am,mid,15,481,480,1.0
2025-10-31,588000.SSE,am,mid,30,241,240,1.0
2025-10-31,588000.SSE,am,mid,60,121,120,1.0
2025-10-31,588000.SSE,am,mid,300,25,24,1.0
2025-10-31,588000.SSE,am,last,3,2401,2400,1.0
2025-10-31,588000.SSE,am,last,15,481,480,1.0
2025-10-31,588000.SSE,am,last,30,241,240,1.0
2025-10-31,588000.SSE,am,last,60,121,120,1.0
2025-10-31,588000.SSE,am,last,300,25,24,1.0
2025-10-31,588000.SSE,pm,mid,3,2401,2400,1.0
2025-10-31,588000.SSE,pm,mid,15,481,480,1.0
2025-10-31,588000.SSE,pm,mid,30,241,240,1.0
2025-10-31,588000.SSE,pm,mid,60,121,120,1.0
2025-10-31,588000.SSE,pm,mid,300,25,24,1.0
2025-10-31,588000.SSE,pm,last,3,2401,2400,1.0
2025-10-31,588000.SSE,pm,last,15,481,480,1.0
2025-10-31,588000.SSE,pm,last,30,241,240,1.0
2025-10-31,588000.SSE,pm,last,60,121,120,1.0
2025-10-31,588000.SSE,pm,last,300,25,24,1.0
2025-10-31,588080.SSE,am,mid,3,2401,2400,0.87125
2025-10-31,588080.SSE,am,mid,15,481,480,0.8770833333333333
2025-10-31,588080.SSE,am,mid,30,241,240,0.8833333333333333
2025-10-31,588080.SSE,am,mid,60,121,120,0.8833333333333333
2025-10-31,588080.SSE,am,mid,300,25,24,0.9166666666666666
2025-10-31,588080.SSE,am,last,3,2401,2400,0.87125
2025-10-31,588080.SSE,am,last,15,481,480,0.8770833333333333
2025-10-31,588080.SSE,am,last,30,241,240,0.8833333333333333
2025-10-31,588080.SSE,am,last,60,121,120,0.8833333333333333
2025-10-31,588080.SSE,am,last,300,25,24,0.9166666666666666
2025-10-31,588080.SSE,pm,mid,3,2401,2400,0.8908333333333334
2025-10-31,588080.SSE,pm,mid,15,481,480,0.8916666666666667
2025-10-31,588080.SSE,pm,mid,30,241,240,0.8833333333333333
2025-10-31,588080.SSE,pm,mid,60,121,120,0.875
2025-10-31,588080.SSE,pm,mid,300,25,24,0.8333333333333334
2025-10-31,588080.SSE,pm,last,3,2401,2400,0.8908333333333334
2025-10-31,588080.SSE,pm,last,15,481,480,0.8916666666666667
2025-10-31,588080.SSE,pm,last,30,241,240,0.8833333333333333
2025-10-31,588080.SSE,pm,last,60,121,120,0.875
2025-10-31,588080.SSE,pm,last,300,25,24,0.8333333333333334
2025-11-03,588000.SSE,am,mid,3,2401,2400,2.0
2025-11-03,588000.SSE,am,mid,15,481,480,2.0
2025-11-03,588000.SSE,am,mid,30,241,240,2.0
2025-11-03,588000.SSE,am,mid,60,121,120,2.0
2025-11-03,588000.SSE,am,mid,300,25,24,2.0
2025-11-03,588000.SSE,am,last,3,2401,2400,2.0
2025-11-03,588000.SSE,am,last,15,481,480,2.0
2025-11-03,588000.SSE,am,last,30,241,240,2.0
2025-11-03,588000.SSE,am,last,60,121,120,2.0
2025-11-03,588000.SSE,am,last,300,25,24,2.0
2025-11-03,588000.SSE,pm,mid,3,2401,2400,2.0
2025-11-03,588000.SSE,pm,mid,15,481,480,2.0
2025-11-03,588000.SSE,pm,mid,30,241,240,2.0
2025-11-03,588000.SSE,pm,mid,60,121,120,2.0
2025-11-03,588000.SSE,pm,mid,300,25,24,2.0
2025-11-03,588000.SSE,pm,last,3,2401,2400,2.0
2025-11-03,588000.SSE,pm,last,15,481,480,2.0
2025-11-03,588000.SSE,pm,last,30,241,240,2.0
2025-11-03,588000.SSE,pm,last,60,121,120,2.0
2025-11-03,588000.SSE,pm,last,300,25,24,2.0
2025-11-03,588080.SSE,am,mid,3,2401,2400,1.0
2025-11-03,588080.SSE,am,mid,15,481,480,1.0
2025-11-03,588080.SSE,am,mid,30,241,240,1.0
2025-11-03,588080.SSE,am,mid,60,121,120,1.0
2025-11-03,588080.SSE,am,mid,300,25,24,1.0
2025-11-03,588080.SSE,am,last,3,2401,2400,1.0
2025-11-03,588080.SSE,am,last,15,481,480,1.0
2025-11-03,588080.SSE,am,last,30,241,240,1.0
2025-11-03,588080.SSE,am,last,60,121,120,1.0
2025-11-03,588080.SSE,am,last,300,25,24,1.0
2025-11-03,588080.SSE,pm,mid,3,2401,2400,1.0
2025-11-03,588080.SSE,pm,mid,15,481,480,1.0
2025-11-03,588080.SSE,pm,mid,30,241,240,1.0
2025-11-03,588080.SSE,pm,mid,60,121,120,1.0
2025-11-03,588080.SSE,pm,mid,300,25,24,1.0
2025-11-03,588080.SSE,pm,last,3,2401,2400,1.0
2025-11-03,588080.SSE,pm,last,15,481,480,1.0
2025-11-03,588080.SSE,pm,last,30,241,240,1.0
2025-11-03,588080.SSE,pm,last,60,121,120,1.0
2025-11-03,588080.SSE,pm,last,300,25,24,1.0
2025-11-04,588000.SSE,am,mid,3,2401,2400,2.0
2025-11-04,588000.SSE,am,mid,15,481,480,2.0
2025-11-04,588000.SSE,am,mid,30,241,240,2.0
2025-11-04,588000.SSE,am,mid,60,121,120,2.0
2025-11-04,588000.SSE,am,mid,300,25,24,2.0
2025-11-04,588000.SSE,am,last,3,2401,2400,2.0
2025-11-04,588000.SSE,am,last,15,481,480,2.0
2025-11-04,588000.SSE,am,last,30,241,240,2.0
2025-11-04,588000.SSE,am,last,60,121,120,2.0
2025-11-04,588000.SSE,am,last,300,25,24,2.0
2025-11-04,588000.SSE,pm,mid,3,2401,2400,2.0
2025-11-04,588000.SSE,pm,mid,15,481,480,2.0
2025-11-04,588000.SSE,pm,mid,30,241,240,2.0
2025-11-04,588000.SSE,pm,mid,60,121,120,2.0
2025-11-04,588000.SSE,pm,mid,300,25,24,2.0
2025-11-04,588000.SSE,pm,last,3,2401,2400,2.0
2025-11-04,588000.SSE,pm,last,15,481,480,2.0
2025-11-04,588000.SSE,pm,last,30,241,240,2.0
2025-11-04,588000.SSE,pm,last,60,121,120,2.0
2025-11-04,588000.SSE,pm,last,300,25,24,2.0
2025-11-04,588080.SSE,am,mid,3,2401,2401,0.0012494793835901709
2025-11-04,588080.SSE,am,mid,15,481,481,0.0
2025-11-04,588080.SSE,am,mid,30,241,241,0.0
2025-11-04,588080.SSE,am,mid,60,121,121,0.0
2025-11-04,588080.SSE,am,mid,300,25,25,0.0
2025-11-04,588080.SSE,am,last,3,2401,2401,0.0012494793835901709
2025-11-04,588080.SSE,am,last,15,481,481,0.0
2025-11-04,588080.SSE,am,last,30,241,241,0.0
2025-11-04,588080.SSE,am,last,60,121,121,0.0
2025-11-04,588080.SSE,am,last,300,25,25,0.0
2025-11-04,588080.SSE,pm,mid,3,2401,2401,0.0
2025-11-04,588080.SSE,pm,mid,15,481,481,0.0
2025-11-04,588080.SSE,pm,mid,30,241,241,0.0
2025-11-04,588080.SSE,pm,mid,60,121,121,0.0
2025-11-04,588080.SSE,pm,mid,300,25,25,0.0
2025-11-04,588080.SSE,pm,last,3,2401,2401,0.0
2025-11-04,588080.SSE,pm,last,15,481,481,0.0
2025-11-04,588080.SSE,pm,last,30,241,241,0.0
2025-11-04,588080.SSE,pm,last,60,121,121,0.0
2025-11-04,588080.SSE,pm,last,300,25,25,0.0
2025-11-05,588000.SSE,am,mid,3,2401,2400,2.0
2025-11-05,588000.SSE,am,mid,15,481,480,2.0
2025-11-05,588000.SSE,am,mid,30,241,240,2.0
2025-11-05,588000.SSE,am,mid,60,121,120,2.0
2025-11-05,588000.SSE,am,mid,300,25,24,2.0
2025-11-05,588000.SSE,am,last,3,2401,2400,2.0
2025-11-05,588000.SSE,am,last,15,481,480,2.0
2025-11-05,588000.SSE,am,last,30,241,240,2.0
2025-11-05,588000.SSE,am,last,60,121,120,2.0
2025-11-05,588000.SSE,am,last,300,25,24,2.0
2025-11-05,588000.SSE,pm,mid,3,2401,2400,2.0
2025-11-05,588000.SSE,pm,mid,15,481,480,2.0
2025-11-05,588000.SSE,pm,mid,30,241,240,2.0
2025-11-05,588000.SSE,pm,mid,60,121,120,2.0
2025-11-05,588000.SSE,pm,mid,300,25,24,2.0
2025-11-05,588000.SSE,pm,last,3,2401,2400,2.0
2025-11-05,588000.SSE,pm,last,15,481,480,2.0
2025-11-05,588000.SSE,pm,last,30,241,240,2.0
2025-11-05,588000.SSE,pm,last,60,121,120,2.0
2025-11-05,588000.SSE,pm,last,300,25,24,2.0
2025-11-05,588080.SSE,am,mid,3,2401,2400,2.0
2025-11-05,588080.SSE,am,mid,15,481,480,2.0
2025-11-05,588080.SSE,am,mid,30,241,240,2.0
2025-11-05,588080.SSE,am,mid,60,121,120,2.0
2025-11-05,588080.SSE,am,mid,300,25,24,2.0
2025-11-05,588080.SSE,am,last,3,2401,2400,2.0
2025-11-05,588080.SSE,am,last,15,481,480,2.0
2025-11-05,588080.SSE,am,last,30,241,240,2.0
2025-11-05,588080.SSE,am,last,60,121,120,2.0
2025-11-05,588080.SSE,am,last,300,25,24,2.0
2025-11-05,588080.SSE,pm,mid,3,2401,2399,2.0
2025-11-05,588080.SSE,pm,mid,15,481,480,2.0
2025-11-05,588080.SSE,pm,mid,30,241,240,2.0
2025-11-05,588080.SSE,pm,mid,60,121,120,2.0
2025-11-05,588080.SSE,pm,mid,300,25,24,2.0
2025-11-05,588080.SSE,pm,last,3,2401,2399,2.0
2025-11-05,588080.SSE,pm,last,15,481,480,2.0
2025-11-05,588080.SSE,pm,last,30,241,240,2.0
2025-11-05,588080.SSE,pm,last,60,121,120,2.0
2025-11-05,588080.SSE,pm,last,300,25,24,2.0
2025-11-06,588000.SSE,am,mid,3,2401,2401,0.0
2025-11-06,588000.SSE,am,mid,15,481,481,0.0
2025-11-06,588000.SSE,am,mid,30,241,241,0.0
2025-11-06,588000.SSE,am,mid,60,121,121,0.0
2025-11-06,588000.SSE,am,mid,300,25,25,0.0
2025-11-06,588000.SSE,am,last,3,2401,2401,0.0
2025-11-06,588000.SSE,am,last,15,481,481,0.0
2025-11-06,588000.SSE,am,last,30,241,241,0.0
2025-11-06,588000.SSE,am,last,60,121,121,0.0
2025-11-06,588000.SSE,am,last,300,25,25,0.0
2025-11-06,588000.SSE,pm,mid,3,2401,2401,0.0
2025-11-06,588000.SSE,pm,mid,15,481,481,0.0
2025-11-06,588000.SSE,pm,mid,30,241,241,0.0
2025-11-06,588000.SSE,pm,mid,60,121,121,0.0
2025-11-06,588000.SSE,pm,mid,300,25,25,0.0
2025-11-06,588000.SSE,pm,last,3,2401,2401,0.0
2025-11-06,588000.SSE,pm,last,15,481,481,0.0
2025-11-06,588000.SSE,pm,last,30,241,241,0.0
2025-11-06,588000.SSE,pm,last,60,121,121,0.0
2025-11-06,588000.SSE,pm,last,300,25,25,0.0
2025-11-06,588080.SSE,am,mid,3,2401,2400,1.0
2025-11-06,588080.SSE,am,mid,15,481,480,1.0
2025-11-06,588080.SSE,am,mid,30,241,240,1.0
2025-11-06,588080.SSE,am,mid,60,121,120,1.0
2025-11-06,588080.SSE,am,mid,300,25,24,1.0
2025-11-06,588080.SSE,am,last,3,2401,2400,1.0
2025-11-06,588080.SSE,am,last,15,481,480,1.0
2025-11-06,588080.SSE,am,last,30,241,240,1.0
2025-11-06,588080.SSE,am,last,60,121,120,1.0
2025-11-06,588080.SSE,am,last,300,25,24,1.0
2025-11-06,588080.SSE,pm,mid,3,2401,2400,1.0
2025-11-06,588080.SSE,pm,mid,15,481,480,1.0
2025-11-06,588080.SSE,pm,mid,30,241,240,1.0
2025-11-06,588080.SSE,pm,mid,60,121,120,1.0
2025-11-06,588080.SSE,pm,mid,300,25,24,1.0
2025-11-06,588080.SSE,pm,last,3,2401,2400,1.0
2025-11-06,588080.SSE,pm,last,15,481,480,1.0
2025-11-06,588080.SSE,pm,last,30,241,240,1.0
2025-11-06,588080.SSE,pm,last,60,121,120,1.0
2025-11-06,588080.SSE,pm,last,300,25,24,1.0
2025-11-07,588000.SSE,am,mid,3,2401,2401,0.0
2025-11-07,588000.SSE,am,mid,15,481,481,0.0
2025-11-07,588000.SSE,am,mid,30,241,241,0.0
2025-11-07,588000.SSE,am,mid,60,121,121,0.0
2025-11-07,588000.SSE,am,mid,300,25,25,0.0
2025-11-07,588000.SSE,am,last,3,2401,2401,0.0
2025-11-07,588000.SSE,am,last,15,481,481,0.0
2025-11-07,588000.SSE,am,last,30,241,241,0.0
2025-11-07,588000.SSE,am,last,60,121,121,0.0
2025-11-07,588000.SSE,am,last,300,25,25,0.0
2025-11-07,588000.SSE,pm,mid,3,2401,2401,0.0
2025-11-07,588000.SSE,pm,mid,15,481,481,0.0
2025-11-07,588000.SSE,pm,mid,30,241,241,0.0
2025-11-07,588000.SSE,pm,mid,60,121,121,0.0
2025-11-07,588000.SSE,pm,mid,300,25,25,0.0
2025-11-07,588000.SSE,pm,last,3,2401,2401,0.0
2025-11-07,588000.SSE,pm,last,15,481,481,0.0
2025-11-07,588000.SSE,pm,last,30,241,241,0.0
2025-11-07,588000.SSE,pm,last,60,121,121,0.0
2025-11-07,588000.SSE,pm,last,300,25,25,0.0
2025-11-07,588080.SSE,am,mid,3,2401,2400,0.9991666666666666
2025-11-07,588080.SSE,am,mid,15,481,480,1.0
2025-11-07,588080.SSE,am,mid,30,241,240,1.0
2025-11-07,588080.SSE,am,mid,60,121,120,1.0
2025-11-07,588080.SSE,am,mid,300,25,24,1.0
2025-11-07,588080.SSE,am,last,3,2401,2400,0.9991666666666666
2025-11-07,588080.SSE,am,last,15,481,480,1.0
2025-11-07,588080.SSE,am,last,30,241,240,1.0
2025-11-07,588080.SSE,am,last,60,121,120,1.0
2025-11-07,588080.SSE,am,last,300,25,24,1.0
2025-11-07,588080.SSE,pm,mid,3,2401,2399,1.0
2025-11-07,588080.SSE,pm,mid,15,481,480,1.0
2025-11-07,588080.SSE,pm,mid,30,241,240,1.0
2025-11-07,588080.SSE,pm,mid,60,121,120,1.0
2025-11-07,588080.SSE,pm,mid,300,25,24,1.0
2025-11-07,588080.SSE,pm,last,3,2401,2399,1.0
2025-11-07,588080.SSE,pm,last,15,481,480,1.0
2025-11-07,588080.SSE,pm,last,30,241,240,1.0
2025-11-07,588080.SSE,pm,last,60,121,120,1.0
2025-11-07,588080.SSE,pm,last,300,25,24,1.0
2025-11-10,588000.SSE,am,mid,3,2401,2400,2.0
2025-11-10,588000.SSE,am,mid,15,481,480,2.0
2025-11-10,588000.SSE,am,mid,30,241,240,2.0
2025-11-10,588000.SSE,am,mid,60,121,120,2.0
2025-11-10,588000.SSE,am,mid,300,25,24,2.0
2025-11-10,588000.SSE,am,last,3,2401,2400,2.0
2025-11-10,588000.SSE,am,last,15,481,480,2.0
2025-11-10,588000.SSE,am,last,30,241,240,2.0
2025-11-10,588000.SSE,am,last,60,121,120,2.0
2025-11-10,588000.SSE,am,last,300,25,24,2.0
2025-11-10,588000.SSE,pm,mid,3,2401,2400,2.0
2025-11-10,588000.SSE,pm,mid,15,481,480,2.0
2025-11-10,588000.SSE,pm,mid,30,241,240,2.0
2025-11-10,588000.SSE,pm,mid,60,121,120,2.0
2025-11-10,588000.SSE,pm,mid,300,25,24,2.0
2025-11-10,588000.SSE,pm,last,3,2401,2400,2.0
2025-11-10,588000.SSE,pm,last,15,481,480,2.0
2025-11-10,588000.SSE,pm,last,30,241,240,2.0
2025-11-10,588000.SSE,pm,last,60,121,120,2.0
2025-11-10,588000.SSE,pm,last,300,25,24,2.0
2025-11-10,588080.SSE,am,mid,3,2401,2400,2.0
2025-11-10,588080.SSE,am,mid,15,481,480,2.0
2025-11-10,588080.SSE,am,mid,30,241,240,2.0
2025-11-10,588080.SSE,am,mid,60,121,120,2.0
2025-11-10,588080.SSE,am,mid,300,25,24,2.0
2025-11-10,588080.SSE,am,last,3,2401,2400,2.0
2025-11-10,588080.SSE,am,last,15,481,480,2.0
2025-11-10,588080.SSE,am,last,30,241,240,2.0
2025-11-10,588080.SSE,am,last,60,121,120,2.0
2025-11-10,588080.SSE,am,last,300,25,24,2.0
2025-11-10,588080.SSE,pm,mid,3,2401,2400,2.0
2025-11-10,588080.SSE,pm,mid,15,481,480,2.0
2025-11-10,588080.SSE,pm,mid,30,241,240,2.0
2025-11-10,588080.SSE,pm,mid,60,121,120,2.0
2025-11-10,588080.SSE,pm,mid,300,25,24,2.0
2025-11-10,588080.SSE,pm,last,3,2401,2400,2.0
2025-11-10,588080.SSE,pm,last,15,481,480,2.0
2025-11-10,588080.SSE,pm,last,30,241,240,2.0
2025-11-10,588080.SSE,pm,last,60,121,120,2.0
2025-11-10,588080.SSE,pm,last,300,25,24,2.0
2025-11-11,588000.SSE,am,mid,3,2401,2401,0.0
2025-11-11,588000.SSE,am,mid,15,481,481,0.0
2025-11-11,588000.SSE,am,mid,30,241,241,0.0
2025-11-11,588000.SSE,am,mid,60,121,121,0.0
2025-11-11,588000.SSE,am,mid,300,25,25,0.0
2025-11-11,588000.SSE,am,last,3,2401,2401,0.0
2025-11-11,588000.SSE,am,last,15,481,481,0.0
2025-11-11,588000.SSE,am,last,30,241,241,0.0
2025-11-11,588000.SSE,am,last,60,121,121,0.0
2025-11-11,588000.SSE,am,last,300,25,25,0.0
2025-11-11,588000.SSE,pm,mid,3,2401,2401,0.0
2025-11-11,588000.SSE,pm,mid,15,481,481,0.0
2025-11-11,588000.SSE,pm,mid,30,241,241,0.0
2025-11-11,588000.SSE,pm,mid,60,121,121,0.0
2025-11-11,588000.SSE,pm,mid,300,25,25,0.0
2025-11-11,588000.SSE,pm,last,3,2401,2401,0.0
2025-11-11,588000.SSE,pm,last,15,481,481,0.0
2025-11-11,588000.SSE,pm,last,30,241,241,0.0
2025-11-11,588000.SSE,pm,last,60,121,121,0.0
2025-11-11,588000.SSE,pm,last,300,25,25,0.0
2025-11-11,588080.SSE,am,mid,3,2401,2399,2.0
2025-11-11,588080.SSE,am,mid,15,481,480,2.0
2025-11-11,588080.SSE,am,mid,30,241,240,2.0
2025-11-11,588080.SSE,am,mid,60,121,120,2.0
2025-11-11,588080.SSE,am,mid,300,25,24,2.0
2025-11-11,588080.SSE,am,last,3,2401,2399,2.0
2025-11-11,588080.SSE,am,last,15,481,480,2.0
2025-11-11,588080.SSE,am,last,30,241,240,2.0
2025-11-11,588080.SSE,am,last,60,121,120,2.0
2025-11-11,588080.SSE,am,last,300,25,24,2.0
2025-11-11,588080.SSE,pm,mid,3,2401,2400,2.0
2025-11-11,588080.SSE,pm,mid,15,481,480,2.0
2025-11-11,588080.SSE,pm,mid,30,241,240,2.0
2025-11-11,588080.SSE,pm,mid,60,121,120,2.0
2025-11-11,588080.SSE,pm,mid,300,25,24,2.0
2025-11-11,588080.SSE,pm,last,3,2401,2400,2.0
2025-11-11,588080.SSE,pm,last,15,481,480,2.0
2025-11-11,588080.SSE,pm,last,30,241,240,2.0
2025-11-11,588080.SSE,pm,last,60,121,120,2.0
2025-11-11,588080.SSE,pm,last,300,25,24,2.0
2025-11-12,588000.SSE,am,mid,3,2401,2400,2.0
2025-11-12,588000.SSE,am,mid,15,481,480,2.0
2025-11-12,588000.SSE,am,mid,30,241,240,2.0
2025-11-12,588000.SSE,am,mid,60,121,120,2.0
2025-11-12,588000.SSE,am,mid,300,25,24,2.0
2025-11-12,588000.SSE,am,last,3,2401,2400,2.0
2025-11-12,588000.SSE,am,last,15,481,480,2.0
2025-11-12,588000.SSE,am,last,30,241,240,2.0
2025-11-12,588000.SSE,am,last,60,121,120,2.0
2025-11-12,588000.SSE,am,last,300,25,24,2.0
2025-11-12,588000.SSE,pm,mid,3,2401,2400,2.0
2025-11-12,588000.SSE,pm,mid,15,481,480,2.0
2025-11-12,588000.SSE,pm,mid,30,241,240,2.0
2025-11-12,588000.SSE,pm,mid,60,121,120,2.0
2025-11-12,588000.SSE,pm,mid,300,25,24,2.0
2025-11-12,588000.SSE,pm,last,3,2401,2400,2.0
2025-11-12,588000.SSE,pm,last,15,481,480,2.0
2025-11-12,588000.SSE,pm,last,30,241,240,2.0
2025-11-12,588000.SSE,pm,last,60,121,120,2.0
2025-11-12,588000.SSE,pm,last,300,25,24,2.0
2025-11-12,588080.SSE,am,mid,3,2401,2400,2.0
2025-11-12,588080.SSE,am,mid,15,481,480,2.0
2025-11-12,588080.SSE,am,mid,30,241,240,2.0
2025-11-12,588080.SSE,am,mid,60,121,120,2.0
2025-11-12,588080.SSE,am,mid,300,25,24,2.0
2025-11-12,588080.SSE,am,last,3,2401,2400,2.0
2025-11-12,588080.SSE,am,last,15,481,480,2.0
2025-11-12,588080.SSE,am,last,30,241,240,2.0
2025-11-12,588080.SSE,am,last,60,121,120,2.0
2025-11-12,588080.SSE,am,last,300,25,24,2.0
2025-11-12,588080.SSE,pm,mid,3,2401,2400,2.0
2025-11-12,588080.SSE,pm,mid,15,481,480,2.0
2025-11-12,588080.SSE,pm,mid,30,241,240,2.0
2025-11-12,588080.SSE,pm,mid,60,121,120,2.0
2025-11-12,588080.SSE,pm,mid,300,25,24,2.0
2025-11-12,588080.SSE,pm,last,3,2401,2400,2.0
2025-11-12,588080.SSE,pm,last,15,481,480,2.0
2025-11-12,588080.SSE,pm,last,30,241,240,2.0
2025-11-12,588080.SSE,pm,last,60,121,120,2.0
2025-11-12,588080.SSE,pm,last,300,25,24,2.0
2025-11-13,588000.SSE,am,mid,3,2401,2400,2.0
2025-11-13,588000.SSE,am,mid,15,481,480,2.0
2025-11-13,588000.SSE,am,mid,30,241,240,2.0
2025-11-13,588000.SSE,am,mid,60,121,120,2.0
2025-11-13,588000.SSE,am,mid,300,25,24,2.0
2025-11-13,588000.SSE,am,last,3,2401,2400,2.0
2025-11-13,588000.SSE,am,last,15,481,480,2.0
2025-11-13,588000.SSE,am,last,30,241,240,2.0
2025-11-13,588000.SSE,am,last,60,121,120,2.0
2025-11-13,588000.SSE,am,last,300,25,24,2.0
2025-11-13,588000.SSE,pm,mid,3,2401,2400,2.0
2025-11-13,588000.SSE,pm,mid,15,481,480,2.0
2025-11-13,588000.SSE,pm,mid,30,241,240,2.0
2025-11-13,588000.SSE,pm,mid,60,121,120,2.0
2025-11-13,588000.SSE,pm,mid,300,25,24,2.0
2025-11-13,588000.SSE,pm,last,3,2401,2400,2.0
2025-11-13,588000.SSE,pm,last,15,481,480,2.0
2025-11-13,588000.SSE,pm,last,30,241,240,2.0
2025-11-13,588000.SSE,pm,last,60,121,120,2.0
2025-11-13,588000.SSE,pm,last,300,25,24,2.0
2025-11-13,588080.SSE,am,mid,3,2401,2401,0.0
2025-11-13,588080.SSE,am,mid,15,481,481,0.0
2025-11-13,588080.SSE,am,mid,30,241,241,0.0
2025-11-13,588080.SSE,am,mid,60,121,121,0.0
2025-11-13,588080.SSE,am,mid,300,25,25,0.0
2025-11-13,588080.SSE,am,last,3,2401,2401,0.0
2025-11-13,588080.SSE,am,last,15,481,481,0.0
2025-11-13,588080.SSE,am,last,30,241,241,0.0
2025-11-13,588080.SSE,am,last,60,121,121,0.0
2025-11-13,588080.SSE,am,last,300,25,25,0.0
2025-11-13,588080.SSE,pm,mid,3,2401,2401,0.0024989587671803417
2025-11-13,588080.SSE,pm,mid,15,481,481,0.0
2025-11-13,588080.SSE,pm,mid,30,241,241,0.0
2025-11-13,588080.SSE,pm,mid,60,121,121,0.0
2025-11-13,588080.SSE,pm,mid,300,25,25,0.0
2025-11-13,588080.SSE,pm,last,3,2401,2401,0.0024989587671803417
2025-11-13,588080.SSE,pm,last,15,481,481,0.0
2025-11-13,588080.SSE,pm,last,30,241,241,0.0
2025-11-13,588080.SSE,pm,last,60,121,121,0.0
2025-11-13,588080.SSE,pm,last,300,25,25,0.0
2025-11-14,588000.SSE,am,mid,3,2401,2400,2.0
2025-11-14,588000.SSE,am,mid,15,481,480,2.0
2025-11-14,588000.SSE,am,mid,30,241,240,2.0
2025-11-14,588000.SSE,am,mid,60,121,120,2.0
2025-11-14,588000.SSE,am,mid,300,25,24,2.0
2025-11-14,588000.SSE,am,last,3,2401,2400,2.0
2025-11-14,588000.SSE,am,last,15,481,480,2.0
2025-11-14,588000.SSE,am,last,30,241,240,2.0
2025-11-14,588000.SSE,am,last,60,121,120,2.0
2025-11-14,588000.SSE,am,last,300,25,24,2.0
2025-11-14,588000.SSE,pm,mid,3,2401,2400,2.0
2025-11-14,588000.SSE,pm,mid,15,481,480,2.0
2025-11-14,588000.SSE,pm,mid,30,241,240,2.0
2025-11-14,588000.SSE,pm,mid,60,121,120,2.0
2025-11-14,588000.SSE,pm,mid,300,25,24,2.0
2025-11-14,588000.SSE,pm,last,3,2401,2400,2.0
2025-11-14,588000.SSE,pm,last,15,481,480,2.0
2025-11-14,588000.SSE,pm,last,30,241,240,2.0
2025-11-14,588000.SSE,pm,last,60,121,120,2.0
2025-11-14,588000.SSE,pm,last,300,25,24,2.0
2025-11-14,588080.SSE,am,mid,3,2401,2401,0.0012494793835901709
2025-11-14,588080.SSE,am,mid,15,481,481,0.0
2025-11-14,588080.SSE,am,mid,30,241,241,0.0
2025-11-14,588080.SSE,am,mid,60,121,121,0.0
2025-11-14,588080.SSE,am,mid,300,25,25,0.0
2025-11-14,588080.SSE,am,last,3,2401,2401,0.0012494793835901709
2025-11-14,588080.SSE,am,last,15,481,481,0.0
2025-11-14,588080.SSE,am,last,30,241,241,0.0
2025-11-14,588080.SSE,am,last,60,121,121,0.0
2025-11-14,588080.SSE,am,last,300,25,25,0.0
2025-11-14,588080.SSE,pm,mid,3,2401,2401,0.0012494793835901709
2025-11-14,588080.SSE,pm,mid,15,481,481,0.0
2025-11-14,588080.SSE,pm,mid,30,241,241,0.0
2025-11-14,588080.SSE,pm,mid,60,121,121,0.0
2025-11-14,588080.SSE,pm,mid,300,25,25,0.0
2025-11-14,588080.SSE,pm,last,3,2401,2401,0.0012494793835901709
2025-11-14,588080.SSE,pm,last,15,481,481,0.0
2025-11-14,588080.SSE,pm,last,30,241,241,0.0
2025-11-14,588080.SSE,pm,last,60,121,121,0.0
2025-11-14,588080.SSE,pm,last,300,25,25,0.0
2025-11-17,588000.SSE,am,mid,3,2401,2401,0.0
2025-11-17,588000.SSE,am,mid,15,481,481,0.0
2025-11-17,588000.SSE,am,mid,30,241,241,0.0
2025-11-17,588000.SSE,am,mid,60,121,121,0.0
2025-11-17,588000.SSE,am,mid,300,25,25,0.0
2025-11-17,588000.SSE,am,last,3,2401,2401,0.0
2025-11-17,588000.SSE,am,last,15,481,481,0.0
2025-11-17,588000.SSE,am,last,30,241,241,0.0
2025-11-17,588000.SSE,am,last,60,121,121,0.0
2025-11-17,588000.SSE,am,last,300,25,25,0.0
2025-11-17,588000.SSE,pm,mid,3,2401,2401,0.0
2025-11-17,588000.SSE,pm,mid,15,481,481,0.0
2025-11-17,588000.SSE,pm,mid,30,241,241,0.0
2025-11-17,588000.SSE,pm,mid,60,121,121,0.0
2025-11-17,588000.SSE,pm,mid,300,25,25,0.0
2025-11-17,588000.SSE,pm,last,3,2401,2401,0.0
2025-11-17,588000.SSE,pm,last,15,481,481,0.0
2025-11-17,588000.SSE,pm,last,30,241,241,0.0
2025-11-17,588000.SSE,pm,last,60,121,121,0.0
2025-11-17,588000.SSE,pm,last,300,25,25,0.0
2025-11-17,588080.SSE,am,mid,3,2401,2400,1.9383333333333332
2025-11-17,588080.SSE,am,mid,15,481,480,1.94375
2025-11-17,588080.SSE,am,mid,30,241,240,1.95
2025-11-17,588080.SSE,am,mid,60,121,120,1.925
2025-11-17,588080.SSE,am,mid,300,25,24,2.0
2025-11-17,588080.SSE,am,last,3,2401,2400,1.9383333333333332
2025-11-17,588080.SSE,am,last,15,481,480,1.94375
2025-11-17,588080.SSE,am,last,30,241,240,1.95
2025-11-17,588080.SSE,am,last,60,121,120,1.925
2025-11-17,588080.SSE,am,last,300,25,24,2.0
2025-11-17,588080.SSE,pm,mid,3,2401,2400,1.9454166666666666
2025-11-17,588080.SSE,pm,mid,15,481,480,1.9604166666666667
2025-11-17,588080.SSE,pm,mid,30,241,240,1.9708333333333334
2025-11-17,588080.SSE,pm,mid,60,121,120,1.975
2025-11-17,588080.SSE,pm,mid,300,25,24,2.0
2025-11-17,588080.SSE,pm,last,3,2401,2400,1.9454166666666666
2025-11-17,588080.SSE,pm,last,15,481,480,1.9604166666666667
2025-11-17,588080.SSE,pm,last,30,241,240,1.9708333333333334
2025-11-17,588080.SSE,pm,last,60,121,120,1.975
2025-11-17,588080.SSE,pm,last,300,25,24,2.0
2025-11-18,588000.SSE,am,mid,3,2401,2400,1.8508333333333333
2025-11-18,588000.SSE,am,mid,15,481,480,1.8583333333333334
2025-11-18,588000.SSE,am,mid,30,241,240,1.8416666666666666
2025-11-18,588000.SSE,am,mid,60,121,120,1.85
2025-11-18,588000.SSE,am,mid,300,25,24,1.875
2025-11-18,588000.SSE,am,last,3,2401,2400,1.8508333333333333
2025-11-18,588000.SSE,am,last,15,481,480,1.8583333333333334
2025-11-18,588000.SSE,am,last,30,241,240,1.8416666666666666
2025-11-18,588000.SSE,am,last,60,121,120,1.85
2025-11-18,588000.SSE,am,last,300,25,24,1.875
2025-11-18,588000.SSE,pm,mid,3,2401,2400,1.8575
2025-11-18,588000.SSE,pm,mid,15,481,480,1.85625
2025-11-18,588000.SSE,pm,mid,30,241,240,1.875
2025-11-18,588000.SSE,pm,mid,60,121,120,1.8833333333333333
2025-11-18,588000.SSE,pm,mid,300,25,24,1.8333333333333333
2025-11-18,588000.SSE,pm,last,3,2401,2400,1.8575
2025-11-18,588000.SSE,pm,last,15,481,480,1.85625
2025-11-18,588000.SSE,pm,last,30,241,240,1.875
2025-11-18,588000.SSE,pm,last,60,121,120,1.8833333333333333
2025-11-18,588000.SSE,pm,last,300,25,24,1.8333333333333333
2025-11-18,588080.SSE,am,mid,3,2401,2399,2.0
2025-11-18,588080.SSE,am,mid,15,481,480,2.0
2025-11-18,588080.SSE,am,mid,30,241,240,2.0
2025-11-18,588080.SSE,am,mid,60,121,120,2.0
2025-11-18,588080.SSE,am,mid,300,25,24,2.0
2025-11-18,588080.SSE,am,last,3,2401,2399,2.0
2025-11-18,588080.SSE,am,last,15,481,480,2.0
2025-11-18,588080.SSE,am,last,30,241,240,2.0
2025-11-18,588080.SSE,am,last,60,121,120,2.0
2025-11-18,588080.SSE,am,last,300,25,24,2.0
2025-11-18,588080.SSE,pm,mid,3,2401,2399,2.0
2025-11-18,588080.SSE,pm,mid,15,481,480,2.0
2025-11-18,588080.SSE,pm,mid,30,241,240,2.0
2025-11-18,588080.SSE,pm,mid,60,121,120,2.0
2025-11-18,588080.SSE,pm,mid,300,25,24,2.0
2025-11-18,588080.SSE,pm,last,3,2401,2399,2.0
2025-11-18,588080.SSE,pm,last,15,481,480,2.0
2025-11-18,588080.SSE,pm,last,30,241,240,2.0
2025-11-18,588080.SSE,pm,last,60,121,120,2.0
2025-11-18,588080.SSE,pm,last,300,25,24,2.0
2025-11-19,588000.SSE,am,mid,3,2401,2400,1.0
2025-11-19,588000.SSE,am,mid,15,481,480,1.0
2025-11-19,588000.SSE,am,mid,30,241,240,1.0
2025-11-19,588000.SSE,am,mid,60,121,120,1.0
2025-11-19,588000.SSE,am,mid,300,25,24,1.0
2025-11-19,588000.SSE,am,last,3,2401,2400,1.0
2025-11-19,588000.SSE,am,last,15,481,480,1.0
2025-11-19,588000.SSE,am,last,30,241,240,1.0
2025-11-19,588000.SSE,am,last,60,121,120,1.0
2025-11-19,588000.SSE,am,last,300,25,24,1.0
2025-11-19,588000.SSE,pm,mid,3,2401,2400,1.0
2025-11-19,588000.SSE,pm,mid,15,481,480,1.0
2025-11-19,588000.SSE,pm,mid,30,241,240,1.0
2025-11-19,588000.SSE,pm,mid,60,121,120,1.0
2025-11-19,588000.SSE,pm,mid,300,25,24,1.0
2025-11-19,588000.SSE,pm,last,3,2401,2400,1.0
2025-11-19,588000.SSE,pm,last,15,481,480,1.0
2025-11-19,588000.SSE,pm,last,30,241,240,1.0
2025-11-19,588000.SSE,pm,last,60,121,120,1.0
2025-11-19,588000.SSE,pm,last,300,25,24,1.0
2025-11-19,588080.SSE,am,mid,3,2401,2400,2.0
2025-11-19,588080.SSE,am,mid,15,481,480,2.0
2025-11-19,588080.SSE,am,mid,30,241,240,2.0
2025-11-19,588080.SSE,am,mid,60,121,120,2.0
2025-11-19,588080.SSE,am,mid,300,25,24,2.0
2025-11-19,588080.SSE,am,last,3,2401,2400,2.0
2025-11-19,588080.SSE,am,last,15,481,480,2.0
2025-11-19,588080.SSE,am,last,30,241,240,2.0
2025-11-19,588080.SSE,am,last,60,121,120,2.0
2025-11-19,588080.SSE,am,last,300,25,24,2.0
2025-11-19,588080.SSE,pm,mid,3,2401,2400,2.0
2025-11-19,588080.SSE,pm,mid,15,481,480,2.0
2025-11-19,588080.SSE,pm,mid,30,241,240,2.0
2025-11-19,588080.SSE,pm,mid,60,121,120,2.0
2025-11-19,588080.SSE,pm,mid,300,25,24,2.0
2025-11-19,588080.SSE,pm,last,3,2401,2400,2.0
2025-11-19,588080.SSE,pm,last,15,481,480,2.0
2025-11-19,588080.SSE,pm,last,30,241,240,2.0
2025-11-19,588080.SSE,pm,last,60,121,120,2.0
2025-11-19,588080.SSE,pm,last,300,25,24,2.0
2025-11-20,588000.SSE,am,mid,3,2401,2400,2.0
2025-11-20,588000.SSE,am,mid,15,481,480,2.0
2025-11-20,588000.SSE,am,mid,30,241,240,2.0
2025-11-20,588000.SSE,am,mid,60,121,120,2.0
2025-11-20,588000.SSE,am,mid,300,25,24,2.0
2025-11-20,588000.SSE,am,last,3,2401,2400,2.0
2025-11-20,588000.SSE,am,last,15,481,480,2.0
2025-11-20,588000.SSE,am,last,30,241,240,2.0
2025-11-20,588000.SSE,am,last,60,121,120,2.0
2025-11-20,588000.SSE,am,last,300,25,24,2.0
2025-11-20,588000.SSE,pm,mid,3,2401,2400,2.0
2025-11-20,588000.SSE,pm,mid,15,481,480,2.0
2025-11-20,588000.SSE,pm,mid,30,241,240,2.0
2025-11-20,588000.SSE,pm,mid,60,121,120,2.0
2025-11-20,588000.SSE,pm,mid,300,25,24,2.0
2025-11-20,588000.SSE,pm,last,3,2401,2400,2.0
2025-11-20,588000.SSE,pm,last,15,481,480,2.0
2025-11-20,588000.SSE,pm,last,30,241,240,2.0
2025-11-20,588000.SSE,pm,last,60,121,120,2.0
2025-11-20,588000.SSE,pm,last,300,25,24,2.0
2025-11-20,588080.SSE,am,mid,3,2401,2401,0.0
2025-11-20,588080.SSE,am,mid,15,481,481,0.0
2025-11-20,588080.SSE,am,mid,30,241,241,0.0
2025-11-20,588080.SSE,am,mid,60,121,121,0.0
2025-11-20,588080.SSE,am,mid,300,25,25,0.0
2025-11-20,588080.SSE,am,last,3,2401,2401,0.0
2025-11-20,588080.SSE,am,last,15,481,481,0.0
2025-11-20,588080.SSE,am,last,30,241,241,0.0
2025-11-20,588080.SSE,am,last,60,121,121,0.0
2025-11-20,588080.SSE,am,last,300,25,25,0.0
2025-11-20,588080.SSE,pm,mid,3,2401,2401,0.0
2025-11-20,588080.SSE,pm,mid,15,481,481,0.0
2025-11-20,588080.SSE,pm,mid,30,241,241,0.0
2025-11-20,588080.SSE,pm,mid,60,121,121,0.0
2025-11-20,588080.SSE,pm,mid,300,25,25,0.0
2025-11-20,588080.SSE,pm,last,3,2401,2401,0.0
2025-11-20,588080.SSE,pm,last,15,481,481,0.0
2025-11-20,588080.SSE,pm,last,30,241,241,0.0
2025-11-20,588080.SSE,pm,last,60,121,121,0.0
2025-11-20,588080.SSE,pm,last,300,25,25,0.0
2025-11-21,588000.SSE,am,mid,3,2401,2400,2.0
2025-11-21,588000.SSE,am,mid,15,481,480,2.0
2025-11-21,588000.SSE,am,mid,30,241,240,2.0
2025-11-21,588000.SSE,am,mid,60,121,120,2.0
2025-11-21,588000.SSE,am,mid,300,25,24,2.0
2025-11-21,588000.SSE,am,last,3,2401,2400,2.0
2025-11-21,588000.SSE,am,last,15,481,480,2.0
2025-11-21,588000.SSE,am,last,30,241,240,2.0
2025-11-21,588000.SSE,am,last,60,121,120,2.0
2025-11-21,588000.SSE,am,last,300,25,24,2.0
2025-11-21,588000.SSE,pm,mid,3,2401,2400,2.0
2025-11-21,588000.SSE,pm,mid,15,481,480,2.0
2025-11-21,588000.SSE,pm,mid,30,241,240,2.0
2025-11-21,588000.SSE,pm,mid,60,121,120,2.0
2025-11-21,588000.SSE,pm,mid,300,25,24,2.0
2025-11-21,588000.SSE,pm,last,3,2401,2400,2.0
2025-11-21,588000.SSE,pm,last,15,481,480,2.0
2025-11-21,588000.SSE,pm,last,30,241,240,2.0
2025-11-21,588000.SSE,pm,last,60,121,120,2.0
2025-11-21,588000.SSE,pm,last,300,25,24,2.0
2025-11-21,588080.SSE,am,mid,3,2401,2400,1.0
2025-11-21,588080.SSE,am,mid,15,481,480,1.0
2025-11-21,588080.SSE,am,mid,30,241,240,1.0
2025-11-21,588080.SSE,am,mid,60,121,120,1.0
2025-11-21,588080.SSE,am,mid,300,25,24,1.0
2025-11-21,588080.SSE,am,last,3,2401,2400,1.0
2025-11-21,588080.SSE,am,last,15,481,480,1.0
2025-11-21,588080.SSE,am,last,30,241,240,1.0
2025-11-21,588080.SSE,am,last,60,121,120,1.0
2025-11-21,588080.SSE,am,last,300,25,24,1.0
2025-11-21,588080.SSE,pm,mid,3,2401,2400,1.0
2025-11-21,588080.SSE,pm,mid,15,481,480,1.0
2025-11-21,588080.SSE,pm,mid,30,241,240,1.0
2025-11-21,588080.SSE,pm,mid,60,121,120,1.0
2025-11-21,588080.SSE,pm,mid,300,25,24,1.0
2025-11-21,588080.SSE,pm,last,3,2401,2400,1.0
2025-11-21,588080.SSE,pm,last,15,481,480,1.0
2025-11-21,588080.SSE,pm,last,30,241,240,1.0
2025-11-21,588080.SSE,pm,last,60,121,120,1.0
2025-11-21,588080.SSE,pm,last,300,25,24,1.0
2025-11-24,588000.SSE,am,mid,3,2401,2400,1.0
2025-11-24,588000.SSE,am,mid,15,481,480,1.0
2025-11-24,588000.SSE,am,mid,30,241,240,1.0
2025-11-24,588000.SSE,am,mid,60,121,120,1.0
2025-11-24,588000.SSE,am,mid,300,25,24,1.0
2025-11-24,588000.SSE,am,last,3,2401,2400,1.0
2025-11-24,588000.SSE,am,last,15,481,480,1.0
2025-11-24,588000.SSE,am,last,30,241,240,1.0
2025-11-24,588000.SSE,am,last,60,121,120,1.0
2025-11-24,588000.SSE,am,last,300,25,24,1.0
2025-11-24,588000.SSE,pm,mid,3,2401,2400,1.0
2025-11-24,588000.SSE,pm,mid,15,481,480,1.0
2025-11-24,588000.SSE,pm,mid,30,241,240,1.0
2025-11-24,588000.SSE,pm,mid,60,121,120,1.0
2025-11-24,588000.SSE,pm,mid,300,25,24,1.0
2025-11-24,588000.SSE,pm,last,3,2401,2400,1.0
2025-11-24,588000.SSE,pm,last,15,481,480,1.0
2025-11-24,588000.SSE,pm,last,30,241,240,1.0
2025-11-24,588000.SSE,pm,last,60,121,120,1.0
2025-11-24,588000.SSE,pm,last,300,25,24,1.0
2025-11-24,588080.SSE,am,mid,3,2401,2400,1.0
2025-11-24,588080.SSE,am,mid,15,481,480,1.0
2025-11-24,588080.SSE,am,mid,30,241,240,1.0
2025-11-24,588080.SSE,am,mid,60,121,120,1.0
2025-11-24,588080.SSE,am,mid,300,25,24,1.0
2025-11-24,588080.SSE,am,last,3,2401,2400,1.0
2025-11-24,588080.SSE,am,last,15,481,480,1.0
2025-11-24,588080.SSE,am,last,30,241,240,1.0
2025-11-24,588080.SSE,am,last,60,121,120,1.0
2025-11-24,588080.SSE,am,last,300,25,24,1.0
2025-11-24,588080.SSE,pm,mid,3,2401,2400,1.0
2025-11-24,588080.SSE,pm,mid,15,481,480,1.0
2025-11-24,588080.SSE,pm,mid,30,241,240,1.0
2025-11-24,588080.SSE,pm,mid,60,121,120,1.0
2025-11-24,588080.SSE,pm,mid,300,25,24,1.0
2025-11-24,588080.SSE,pm,last,3,2401,2400,1.0
2025-11-24,588080.SSE,pm,last,15,481,480,1.0
2025-11-24,588080.SSE,pm,last,30,241,240,1.0
2025-11-24,588080.SSE,pm,last,60,121,120,1.0
2025-11-24,588080.SSE,pm,last,300,25,24,1.0
2025-11-25,588000.SSE,am,mid,3,2401,2400,2.0
2025-11-25,588000.SSE,am,mid,15,481,480,2.0
2025-11-25,588000.SSE,am,mid,30,241,240,2.0
2025-11-25,588000.SSE,am,mid,60,121,120,2.0
2025-11-25,588000.SSE,am,mid,300,25,24,2.0
2025-11-25,588000.SSE,am,last,3,2401,2400,2.0
2025-11-25,588000.SSE,am,last,15,481,480,2.0
2025-11-25,588000.SSE,am,last,30,241,240,2.0
2025-11-25,588000.SSE,am,last,60,121,120,2.0
2025-11-25,588000.SSE,am,last,300,25,24,2.0
2025-11-25,588000.SSE,pm,mid,3,2401,2400,2.0
2025-11-25,588000.SSE,pm,mid,15,481,480,2.0
2025-11-25,588000.SSE,pm,mid,30,241,240,2.0
2025-11-25,588000.SSE,pm,mid,60,121,120,2.0
2025-11-25,588000.SSE,pm,mid,300,25,24,2.0
2025-11-25,588000.SSE,pm,last,3,2401,2400,2.0
2025-11-25,588000.SSE,pm,last,15,481,480,2.0
2025-11-25,588000.SSE,pm,last,30,241,240,2.0
2025-11-25,588000.SSE,pm,last,60,121,120,2.0
2025-11-25,588000.SSE,pm,last,300,25,24,2.0
2025-11-25,588080.SSE,am,mid,3,2401,2401,0.0
2025-11-25,588080.SSE,am,mid,15,481,481,0.0
2025-11-25,588080.SSE,am,mid,30,241,241,0.0
2025-11-25,588080.SSE,am,mid,60,121,121,0.0
2025-11-25,588080.SSE,am,mid,300,25,25,0.0
2025-11-25,588080.SSE,am,last,3,2401,2401,0.0
2025-11-25,588080.SSE,am,last,15,481,481,0.0
2025-11-25,588080.SSE,am,last,30,241,241,0.0
2025-11-25,588080.SSE,am,last,60,121,121,0.0
2025-11-25,588080.SSE,am,last,300,25,25,0.0
2025-11-25,588080.SSE,pm,mid,3,2401,2401,0.0
2025-11-25,588080.SSE,pm,mid,15,481,481,0.0
2025-11-25,588080.SSE,pm,mid,30,241,241,0.0
2025-11-25,588080.SSE,pm,mid,60,121,121,0.0
2025-11-25,588080.SSE,pm,mid,300,25,25,0.0
2025-11-25,588080.SSE,pm,last,3,2401,2401,0.0
2025-11-25,588080.SSE,pm,last,15,481,481,0.0
2025-11-25,588080.SSE,pm,last,30,241,241,0.0
2025-11-25,588080.SSE,pm,last,60,121,121,0.0
2025-11-25,588080.SSE,pm,last,300,25,25,0.0
2025-11-26,588000.SSE,am,mid,3,2401,2400,1.0
2025-11-26,588000.SSE,am,mid,15,481,480,1.0
2025-11-26,588000.SSE,am,mid,30,241,240,1.0
2025-11-26,588000.SSE,am,mid,60,121,120,1.0
2025-11-26,588000.SSE,am,mid,300,25,24,1.0
2025-11-26,588000.SSE,am,last,3,2401,2400,1.0
2025-11-26,588000.SSE,am,last,15,481,480,1.0
2025-11-26,588000.SSE,am,last,30,241,240,1.0
2025-11-26,588000.SSE,am,last,60,121,120,1.0
2025-11-26,588000.SSE,am,last,300,25,24,1.0
2025-11-26,588000.SSE,pm,mid,3,2401,2400,1.0
2025-11-26,588000.SSE,pm,mid,15,481,480,1.0
2025-11-26,588000.SSE,pm,mid,30,241,240,1.0
2025-11-26,588000.SSE,pm,mid,60,121,120,1.0
2025-11-26,588000.SSE,pm,mid,300,25,24,1.0
2025-11-26,588000.SSE,pm,last,3,2401,2400,1.0
2025-11-26,588000.SSE,pm,last,15,481,480,1.0
2025-11-26,588000.SSE,pm,last,30,241,240,1.0
2025-11-26,588000.SSE,pm,last,60,121,120,1.0
2025-11-26,588000.SSE,pm,last,300,25,24,1.0
2025-11-26,588080.SSE,am,mid,3,2401,2400,1.0
2025-11-26,588080.SSE,am,mid,15,481,480,1.0
2025-11-26,588080.SSE,am,mid,30,241,240,1.0
2025-11-26,588080.SSE,am,mid,60,121,120,1.0
2025-11-26,588080.SSE,am,mid,300,25,24,1.0
2025-11-26,588080.SSE,am,last,3,2401,2400,1.0
2025-11-26,588080.SSE,am,last,15,481,480,1.0
2025-11-26,588080.SSE,am,last,30,241,240,1.0
2025-11-26,588080.SSE,am,last,60,121,120,1.0
2025-11-26,588080.SSE,am,last,300,25,24,1.0
2025-11-26,588080.SSE,pm,mid,3,2401,2399,0.9995831596498541
2025-11-26,588080.SSE,pm,mid,15,481,480,1.0
2025-11-26,588080.SSE,pm,mid,30,241,240,1.0
2025-11-26,588080.SSE,pm,mid,60,121,120,1.0
2025-11-26,588080.SSE,pm,mid,300,25,24,1.0
2025-11-26,588080.SSE,pm,last,3,2401,2399,0.9995831596498541
2025-11-26,588080.SSE,pm,last,15,481,480,1.0
2025-11-26,588080.SSE,pm,last,30,241,240,1.0
2025-11-26,588080.SSE,pm,last,60,121,120,1.0
2025-11-26,588080.SSE,pm,last,300,25,24,1.0
2025-11-27,588000.SSE,am,mid,3,2401,2401,0.0
2025-11-27,588000.SSE,am,mid,15,481,481,0.0
2025-11-27,588000.SSE,am,mid,30,241,241,0.0
2025-11-27,588000.SSE,am,mid,60,121,121,0.0
2025-11-27,588000.SSE,am,mid,300,25,25,0.0
2025-11-27,588000.SSE,am,last,3,2401,2401,0.0
2025-11-27,588000.SSE,am,last,15,481,481,0.0
2025-11-27,588000.SSE,am,last,30,241,241,0.0
2025-11-27,588000.SSE,am,last,60,121,121,0.0
2025-11-27,588000.SSE,am,last,300,25,25,0.0
2025-11-27,588000.SSE,pm,mid,3,2401,2401,0.0
2025-11-27,588000.SSE,pm,mid,15,481,481,0.0
2025-11-27,588000.SSE,pm,mid,30,241,241,0.0
2025-11-27,588000.SSE,pm,mid,60,121,121,0.0
2025-11-27,588000.SSE,pm,mid,300,25,25,0.0
2025-11-27,588000.SSE,pm,last,3,2401,2401,0.0
2025-11-27,588000.SSE,pm,last,15,481,481,0.0
2025-11-27,588000.SSE,pm,last,30,241,241,0.0
2025-11-27,588000.SSE,pm,last,60,121,121,0.0
2025-11-27,588000.SSE,pm,last,300,25,25,0.0
2025-11-27,588080.SSE,am,mid,3,2401,2398,0.8461217681401167
2025-11-27,588080.SSE,am,mid,15,481,479,0.8705636743215032
2025-11-27,588080.SSE,am,mid,30,241,239,0.8619246861924686
2025-11-27,588080.SSE,am,mid,60,121,120,0.8583333333333333
2025-11-27,588080.SSE,am,mid,300,25,24,0.9166666666666666
2025-11-27,588080.SSE,am,last,3,2401,2398,0.8461217681401167
2025-11-27,588080.SSE,am,last,15,481,479,0.8705636743215032
2025-11-27,588080.SSE,am,last,30,241,239,0.8619246861924686
2025-11-27,588080.SSE,am,last,60,121,120,0.8583333333333333
2025-11-27,588080.SSE,am,last,300,25,24,0.9166666666666666
2025-11-27,588080.SSE,pm,mid,3,2401,2400,0.8591666666666666
2025-11-27,588080.SSE,pm,mid,15,481,480,0.8416666666666667
2025-11-27,588080.SSE,pm,mid,30,241,240,0.8541666666666666
2025-11-27,588080.SSE,pm,mid,60,121,120,0.9
2025-11-27,588080.SSE,pm,mid,300,25,24,0.875
2025-11-27,588080.SSE,pm,last,3,2401,2400,0.8591666666666666
2025-11-27,588080.SSE,pm,last,15,481,480,0.8416666666666667
2025-11-27,588080.SSE,pm,last,30,241,240,0.8541666666666666
2025-11-27,588080.SSE,pm,last,60,121,120,0.9
2025-11-27,588080.SSE,pm,last,300,25,24,0.875
2025-11-28,588000.SSE,am,mid,3,2401,2401,0.0
2025-11-28,588000.SSE,am,mid,15,481,481,0.0
2025-11-28,588000.SSE,am,mid,30,241,241,0.0
2025-11-28,588000.SSE,am,mid,60,121,121,0.0
2025-11-28,588000.SSE,am,mid,300,25,25,0.0
2025-11-28,588000.SSE,am,last,3,2401,2401,0.0
2025-11-28,588000.SSE,am,last,15,481,481,0.0
2025-11-28,588000.SSE,am,last,30,241,241,0.0
2025-11-28,588000.SSE,am,last,60,121,121,0.0
2025-11-28,588000.SSE,am,last,300,25,25,0.0
2025-11-28,588000.SSE,pm,mid,3,2401,2401,0.0
2025-11-28,588000.SSE,pm,mid,15,481,481,0.0
2025-11-28,588000.SSE,pm,mid,30,241,241,0.0
2025-11-28,588000.SSE,pm,mid,60,121,121,0.0
2025-11-28,588000.SSE,pm,mid,300,25,25,0.0
2025-11-28,588000.SSE,pm,last,3,2401,2401,0.0
2025-11-28,588000.SSE,pm,last,15,481,481,0.0
2025-11-28,588000.SSE,pm,last,30,241,241,0.0
2025-11-28,588000.SSE,pm,last,60,121,121,0.0
2025-11-28,588000.SSE,pm,last,300,25,25,0.0
2025-11-28,588080.SSE,am,mid,3,2401,2400,2.0
2025-11-28,588080.SSE,am,mid,15,481,480,2.0
2025-11-28,588080.SSE,am,mid,30,241,240,2.0
2025-11-28,588080.SSE,am,mid,60,121,120,2.0
2025-11-28,588080.SSE,am,mid,300,25,24,2.0
2025-11-28,588080.SSE,am,last,3,2401,2400,2.0
2025-11-28,588080.SSE,am,last,15,481,480,2.0
2025-11-28,588080.SSE,am,last,30,241,240,2.0
2025-11-28,588080.SSE,am,last,60,121,120,2.0
2025-11-28,588080.SSE,am,last,300,25,24,2.0
2025-11-28,588080.SSE,pm,mid,3,2401,2396,2.0
2025-11-28,588080.SSE,pm,mid,15,481,480,2.0
2025-11-28,588080.SSE,pm,mid,30,241,240,2.0
2025-11-28,588080.SSE,pm,mid,60,121,120,2.0
2025-11-28,588080.SSE,pm,mid,300,25,24,2.0
2025-11-28,588080.SSE,pm,last,3,2401,2396,2.0
2025-11-28,588080.SSE,pm,last,15,481,480,2.0
2025-11-28,588080.SSE,pm,last,30,241,240,2.0
2025-11-28,588080.SSE,pm,last,60,121,120,2.0
2025-11-28,588080.SSE,pm,last,300,25,24,2.0
2025-12-01,588000.SSE,am,mid,3,2401,2401,0.0
2025-12-01,588000.SSE,am,mid,15,481,481,0.0
2025-12-01,588000.SSE,am,mid,30,241,241,0.0
2025-12-01,588000.SSE,am,mid,60,121,121,0.0
2025-12-01,588000.SSE,am,mid,300,25,25,0.0
2025-12-01,588000.SSE,am,last,3,2401,2401,0.0
2025-12-01,588000.SSE,am,last,15,481,481,0.0
2025-12-01,588000.SSE,am,last,30,241,241,0.0
2025-12-01,588000.SSE,am,last,60,121,121,0.0
2025-12-01,588000.SSE,am,last,300,25,25,0.0
2025-12-01,588000.SSE,pm,mid,3,2401,2401,0.0
2025-12-01,588000.SSE,pm,mid,15,481,481,0.0
2025-12-01,588000.SSE,pm,mid,30,241,241,0.0
2025-12-01,588000.SSE,pm,mid,60,121,121,0.0
2025-12-01,588000.SSE,pm,mid,300,25,25,0.0
2025-12-01,588000.SSE,pm,last,3,2401,2401,0.0
2025-12-01,588000.SSE,pm,last,15,481,481,0.0
2025-12-01,588000.SSE,pm,last,30,241,241,0.0
2025-12-01,588000.SSE,pm,last,60,121,121,0.0
2025-12-01,588000.SSE,pm,last,300,25,25,0.0
2025-12-01,588080.SSE,am,mid,3,2401,2401,0.0
2025-12-01,588080.SSE,am,mid,15,481,481,0.0
2025-12-01,588080.SSE,am,mid,30,241,241,0.0
2025-12-01,588080.SSE,am,mid,60,121,121,0.0
2025-12-01,588080.SSE,am,mid,300,25,25,0.0
2025-12-01,588080.SSE,am,last,3,2401,2401,0.0
2025-12-01,588080.SSE,am,last,15,481,481,0.0
2025-12-01,588080.SSE,am,last,30,241,241,0.0
2025-12-01,588080.SSE,am,last,60,121,121,0.0
2025-12-01,588080.SSE,am,last,300,25,25,0.0
2025-12-01,588080.SSE,pm,mid,3,2401,2400,0.0075
2025-12-01,588080.SSE,pm,mid,15,481,481,0.006237006237006237
2025-12-01,588080.SSE,pm,mid,30,241,241,0.012448132780082987
2025-12-01,588080.SSE,pm,mid,60,121,121,0.0
2025-12-01,588080.SSE,pm,mid,300,25,25,0.0
2025-12-01,588080.SSE,pm,last,3,2401,2400,0.0075
2025-12-01,588080.SSE,pm,last,15,481,481,0.006237006237006237
2025-12-01,588080.SSE,pm,last,30,241,241,0.012448132780082987
2025-12-01,588080.SSE,pm,last,60,121,121,0.0
2025-12-01,588080.SSE,pm,last,300,25,25,0.0
2025-12-02,588000.SSE,am,mid,3,2401,2401,0.0
2025-12-02,588000.SSE,am,mid,15,481,481,0.0
2025-12-02,588000.SSE,am,mid,30,241,241,0.0
2025-12-02,588000.SSE,am,mid,60,121,121,0.0
2025-12-02,588000.SSE,am,mid,300,25,25,0.0
2025-12-02,588000.SSE,am,last,3,2401,2401,0.0
2025-12-02,588000.SSE,am,last,15,481,481,0.0
2025-12-02,588000.SSE,am,last,30,241,241,0.0
2025-12-02,588000.SSE,am,last,60,121,121,0.0
2025-12-02,588000.SSE,am,last,300,25,25,0.0
2025-12-02,588000.SSE,pm,mid,3,2401,2401,0.0
2025-12-02,588000.SSE,pm,mid,15,481,481,0.0
2025-12-02,588000.SSE,pm,mid,30,241,241,0.0
2025-12-02,588000.SSE,pm,mid,60,121,121,0.0
2025-12-02,588000.SSE,pm,mid,300,25,25,0.0
2025-12-02,588000.SSE,pm,last,3,2401,2401,0.0
2025-12-02,588000.SSE,pm,last,15,481,481,0.0
2025-12-02,588000.SSE,pm,last,30,241,241,0.0
2025-12-02,588000.SSE,pm,last,60,121,121,0.0
2025-12-02,588000.SSE,pm,last,300,25,25,0.0
2025-12-02,588080.SSE,am,mid,3,2401,2400,1.0
2025-12-02,588080.SSE,am,mid,15,481,480,1.0
2025-12-02,588080.SSE,am,mid,30,241,240,1.0
2025-12-02,588080.SSE,am,mid,60,121,120,1.0
2025-12-02,588080.SSE,am,mid,300,25,24,1.0
2025-12-02,588080.SSE,am,last,3,2401,2400,1.0
2025-12-02,588080.SSE,am,last,15,481,480,1.0
2025-12-02,588080.SSE,am,last,30,241,240,1.0
2025-12-02,588080.SSE,am,last,60,121,120,1.0
2025-12-02,588080.SSE,am,last,300,25,24,1.0
2025-12-02,588080.SSE,pm,mid,3,2401,2399,1.0
2025-12-02,588080.SSE,pm,mid,15,481,480,1.0
2025-12-02,588080.SSE,pm,mid,30,241,240,1.0
2025-12-02,588080.SSE,pm,mid,60,121,120,1.0
2025-12-02,588080.SSE,pm,mid,300,25,24,1.0
2025-12-02,588080.SSE,pm,last,3,2401,2399,1.0
2025-12-02,588080.SSE,pm,last,15,481,480,1.0
2025-12-02,588080.SSE,pm,last,30,241,240,1.0
2025-12-02,588080.SSE,pm,last,60,121,120,1.0
2025-12-02,588080.SSE,pm,last,300,25,24,1.0
2025-12-03,588000.SSE,am,mid,3,2401,2401,0.0
2025-12-03,588000.SSE,am,mid,15,481,481,0.0
2025-12-03,588000.SSE,am,mid,30,241,241,0.0
2025-12-03,588000.SSE,am,mid,60,121,121,0.0
2025-12-03,588000.SSE,am,mid,300,25,25,0.0
2025-12-03,588000.SSE,am,last,3,2401,2401,0.0
2025-12-03,588000.SSE,am,last,15,481,481,0.0
2025-12-03,588000.SSE,am,last,30,241,241,0.0
2025-12-03,588000.SSE,am,last,60,121,121,0.0
2025-12-03,588000.SSE,am,last,300,25,25,0.0
2025-12-03,588000.SSE,pm,mid,3,2401,2401,0.0
2025-12-03,588000.SSE,pm,mid,15,481,481,0.0
2025-12-03,588000.SSE,pm,mid,30,241,241,0.0
2025-12-03,588000.SSE,pm,mid,60,121,121,0.0
2025-12-03,588000.SSE,pm,mid,300,25,25,0.0
2025-12-03,588000.SSE,pm,last,3,2401,2401,0.0
2025-12-03,588000.SSE,pm,last,15,481,481,0.0
2025-12-03,588000.SSE,pm,last,30,241,241,0.0
2025-12-03,588000.SSE,pm,last,60,121,121,0.0
2025-12-03,588000.SSE,pm,last,300,25,25,0.0
2025-12-03,588080.SSE,am,mid,3,2401,2396,1.0
2025-12-03,588080.SSE,am,mid,15,481,478,1.0
2025-12-03,588080.SSE,am,mid,30,241,240,1.0
2025-12-03,588080.SSE,am,mid,60,121,120,1.0
2025-12-03,588080.SSE,am,mid,300,25,24,1.0
2025-12-03,588080.SSE,am,last,3,2401,2396,1.0
2025-12-03,588080.SSE,am,last,15,481,478,1.0
2025-12-03,588080.SSE,am,last,30,241,240,1.0
2025-12-03,588080.SSE,am,last,60,121,120,1.0
2025-12-03,588080.SSE,am,last,300,25,24,1.0
2025-12-03,588080.SSE,pm,mid,3,2401,2397,1.0
2025-12-03,588080.SSE,pm,mid,15,481,479,1.0
2025-12-03,588080.SSE,pm,mid,30,241,239,1.0
2025-12-03,588080.SSE,pm,mid,60,121,119,1.0
2025-12-03,588080.SSE,pm,mid,300,25,24,1.0
2025-12-03,588080.SSE,pm,last,3,2401,2397,1.0
2025-12-03,588080.SSE,pm,last,15,481,479,1.0
2025-12-03,588080.SSE,pm,last,30,241,239,1.0
2025-12-03,588080.SSE,pm,last,60,121,119,1.0
2025-12-03,588080.SSE,pm,last,300,25,24,1.0
2025-12-04,588000.SSE,am,mid,3,2401,2400,1.0
2025-12-04,588000.SSE,am,mid,15,481,480,1.0
2025-12-04,588000.SSE,am,mid,30,241,240,1.0
2025-12-04,588000.SSE,am,mid,60,121,120,1.0
2025-12-04,588000.SSE,am,mid,300,25,24,1.0
2025-12-04,588000.SSE,am,last,3,2401,2400,1.0
2025-12-04,588000.SSE,am,last,15,481,480,1.0
2025-12-04,588000.SSE,am,last,30,241,240,1.0
2025-12-04,588000.SSE,am,last,60,121,120,1.0
2025-12-04,588000.SSE,am,last,300,25,24,1.0
2025-12-04,588000.SSE,pm,mid,3,2401,2400,1.0
2025-12-04,588000.SSE,pm,mid,15,481,480,1.0
2025-12-04,588000.SSE,pm,mid,30,241,240,1.0
2025-12-04,588000.SSE,pm,mid,60,121,120,1.0
2025-12-04,588000.SSE,pm,mid,300,25,24,1.0
2025-12-04,588000.SSE,pm,last,3,2401,2400,1.0
2025-12-04,588000.SSE,pm,last,15,481,480,1.0
2025-12-04,588000.SSE,pm,last,30,241,240,1.0
2025-12-04,588000.SSE,pm,last,60,121,120,1.0
2025-12-04,588000.SSE,pm,last,300,25,24,1.0
2025-12-04,588080.SSE,am,mid,3,2401,2400,1.0
2025-12-04,588080.SSE,am,mid,15,481,480,1.0
2025-12-04,588080.SSE,am,mid,30,241,240,1.0
2025-12-04,588080.SSE,am,mid,60,121,120,1.0
2025-12-04,588080.SSE,am,mid,300,25,24,1.0
2025-12-04,588080.SSE,am,last,3,2401,2400,1.0
2025-12-04,588080.SSE,am,last,15,481,480,1.0
2025-12-04,588080.SSE,am,last,30,241,240,1.0
2025-12-04,588080.SSE,am,last,60,121,120,1.0
2025-12-04,588080.SSE,am,last,300,25,24,1.0
2025-12-04,588080.SSE,pm,mid,3,2401,2399,1.0
2025-12-04,588080.SSE,pm,mid,15,481,479,1.0
2025-12-04,588080.SSE,pm,mid,30,241,239,1.0
2025-12-04,588080.SSE,pm,mid,60,121,120,1.0
2025-12-04,588080.SSE,pm,mid,300,25,24,1.0
2025-12-04,588080.SSE,pm,last,3,2401,2399,1.0
2025-12-04,588080.SSE,pm,last,15,481,479,1.0
2025-12-04,588080.SSE,pm,last,30,241,239,1.0
2025-12-04,588080.SSE,pm,last,60,121,120,1.0
2025-12-04,588080.SSE,pm,last,300,25,24,1.0
2025-12-05,588000.SSE,am,mid,3,2401,2400,1.0
2025-12-05,588000.SSE,am,mid,15,481,480,1.0
2025-12-05,588000.SSE,am,mid,30,241,240,1.0
2025-12-05,588000.SSE,am,mid,60,121,120,1.0
2025-12-05,588000.SSE,am,mid,300,25,24,1.0
2025-12-05,588000.SSE,am,last,3,2401,2400,1.0
2025-12-05,588000.SSE,am,last,15,481,480,1.0
2025-12-05,588000.SSE,am,last,30,241,240,1.0
2025-12-05,588000.SSE,am,last,60,121,120,1.0
2025-12-05,588000.SSE,am,last,300,25,24,1.0
2025-12-05,588000.SSE,pm,mid,3,2401,2400,1.0
2025-12-05,588000.SSE,pm,mid,15,481,480,1.0
2025-12-05,588000.SSE,pm,mid,30,241,240,1.0
2025-12-05,588000.SSE,pm,mid,60,121,120,1.0
2025-12-05,588000.SSE,pm,mid,300,25,24,1.0
2025-12-05,588000.SSE,pm,last,3,2401,2400,1.0
2025-12-05,588000.SSE,pm,last,15,481,480,1.0
2025-12-05,588000.SSE,pm,last,30,241,240,1.0
2025-12-05,588000.SSE,pm,last,60,121,120,1.0
2025-12-05,588000.SSE,pm,last,300,25,24,1.0
2025-12-05,588080.SSE,am,mid,3,2401,2401,0.0
2025-12-05,588080.SSE,am,mid,15,481,481,0.0
2025-12-05,588080.SSE,am,mid,30,241,241,0.0
2025-12-05,588080.SSE,am,mid,60,121,121,0.0
2025-12-05,588080.SSE,am,mid,300,25,25,0.0
2025-12-05,588080.SSE,am,last,3,2401,2401,0.0
2025-12-05,588080.SSE,am,last,15,481,481,0.0
2025-12-05,588080.SSE,am,last,30,241,241,0.0
2025-12-05,588080.SSE,am,last,60,121,121,0.0
2025-12-05,588080.SSE,am,last,300,25,25,0.0
2025-12-05,588080.SSE,pm,mid,3,2401,2401,0.0012494793835901709
2025-12-05,588080.SSE,pm,mid,15,481,481,0.006237006237006237
2025-12-05,588080.SSE,pm,mid,30,241,241,0.012448132780082987
2025-12-05,588080.SSE,pm,mid,60,121,121,0.0
2025-12-05,588080.SSE,pm,mid,300,25,25,0.0
2025-12-05,588080.SSE,pm,last,3,2401,2401,0.0012494793835901709
2025-12-05,588080.SSE,pm,last,15,481,481,0.006237006237006237
2025-12-05,588080.SSE,pm,last,30,241,241,0.012448132780082987
2025-12-05,588080.SSE,pm,last,60,121,121,0.0
2025-12-05,588080.SSE,pm,last,300,25,25,0.0
2025-12-08,588000.SSE,am,mid,3,2401,2400,1.7333333333333334
2025-12-08,588000.SSE,am,mid,15,481,480,1.7229166666666667
2025-12-08,588000.SSE,am,mid,30,241,240,1.7458333333333333
2025-12-08,588000.SSE,am,mid,60,121,120,1.725
2025-12-08,588000.SSE,am,mid,300,25,24,1.75
2025-12-08,588000.SSE,am,last,3,2401,2400,1.7333333333333334
2025-12-08,588000.SSE,am,last,15,481,480,1.7229166666666667
2025-12-08,588000.SSE,am,last,30,241,240,1.7458333333333333
2025-12-08,588000.SSE,am,last,60,121,120,1.725
2025-12-08,588000.SSE,am,last,300,25,24,1.75
2025-12-08,588000.SSE,pm,mid,3,2401,2400,1.7233333333333334
2025-12-08,588000.SSE,pm,mid,15,481,480,1.7208333333333334
2025-12-08,588000.SSE,pm,mid,30,241,240,1.7291666666666667
2025-12-08,588000.SSE,pm,mid,60,121,120,1.775
2025-12-08,588000.SSE,pm,mid,300,25,24,1.8333333333333333
2025-12-08,588000.SSE,pm,last,3,2401,2400,1.7233333333333334
2025-12-08,588000.SSE,pm,last,15,481,480,1.7208333333333334
2025-12-08,588000.SSE,pm,last,30,241,240,1.7291666666666667
2025-12-08,588000.SSE,pm,last,60,121,120,1.775
2025-12-08,588000.SSE,pm,last,300,25,24,1.8333333333333333
2025-12-08,588080.SSE,am,mid,3,2401,2399,1.0
2025-12-08,588080.SSE,am,mid,15,481,479,1.0
2025-12-08,588080.SSE,am,mid,30,241,240,1.0
2025-12-08,588080.SSE,am,mid,60,121,120,1.0
2025-12-08,588080.SSE,am,mid,300,25,24,1.0
2025-12-08,588080.SSE,am,last,3,2401,2399,1.0
2025-12-08,588080.SSE,am,last,15,481,479,1.0
2025-12-08,588080.SSE,am,last,30,241,240,1.0
2025-12-08,588080.SSE,am,last,60,121,120,1.0
2025-12-08,588080.SSE,am,last,300,25,24,1.0
2025-12-08,588080.SSE,pm,mid,3,2401,2399,1.0
2025-12-08,588080.SSE,pm,mid,15,481,479,1.0
2025-12-08,588080.SSE,pm,mid,30,241,239,1.0
2025-12-08,588080.SSE,pm,mid,60,121,119,1.0
2025-12-08,588080.SSE,pm,mid,300,25,24,1.0
2025-12-08,588080.SSE,pm,last,3,2401,2399,1.0
2025-12-08,588080.SSE,pm,last,15,481,479,1.0
2025-12-08,588080.SSE,pm,last,30,241,239,1.0
2025-12-08,588080.SSE,pm,last,60,121,119,1.0
2025-12-08,588080.SSE,pm,last,300,25,24,1.0
2025-12-09,588000.SSE,am,mid,3,2401,2400,2.0
2025-12-09,588000.SSE,am,mid,15,481,480,2.0
2025-12-09,588000.SSE,am,mid,30,241,240,2.0
2025-12-09,588000.SSE,am,mid,60,121,120,2.0
2025-12-09,588000.SSE,am,mid,300,25,24,2.0
2025-12-09,588000.SSE,am,last,3,2401,2400,2.0
2025-12-09,588000.SSE,am,last,15,481,480,2.0
2025-12-09,588000.SSE,am,last,30,241,240,2.0
2025-12-09,588000.SSE,am,last,60,121,120,2.0
2025-12-09,588000.SSE,am,last,300,25,24,2.0
2025-12-09,588000.SSE,pm,mid,3,2401,2400,2.0
2025-12-09,588000.SSE,pm,mid,15,481,480,2.0
2025-12-09,588000.SSE,pm,mid,30,241,240,2.0
2025-12-09,588000.SSE,pm,mid,60,121,120,2.0
2025-12-09,588000.SSE,pm,mid,300,25,24,2.0
2025-12-09,588000.SSE,pm,last,3,2401,2400,2.0
2025-12-09,588000.SSE,pm,last,15,481,480,2.0
2025-12-09,588000.SSE,pm,last,30,241,240,2.0
2025-12-09,588000.SSE,pm,last,60,121,120,2.0
2025-12-09,588000.SSE,pm,last,300,25,24,2.0
2025-12-09,588080.SSE,am,mid,3,2401,2399,2.0
2025-12-09,588080.SSE,am,mid,15,481,480,2.0
2025-12-09,588080.SSE,am,mid,30,241,240,2.0
2025-12-09,588080.SSE,am,mid,60,121,120,2.0
2025-12-09,588080.SSE,am,mid,300,25,24,2.0
2025-12-09,588080.SSE,am,last,3,2401,2399,2.0
2025-12-09,588080.SSE,am,last,15,481,480,2.0
2025-12-09,588080.SSE,am,last,30,241,240,2.0
2025-12-09,588080.SSE,am,last,60,121,120,2.0
2025-12-09,588080.SSE,am,last,300,25,24,2.0
2025-12-09,588080.SSE,pm,mid,3,2401,2400,2.0
2025-12-09,588080.SSE,pm,mid,15,481,480,2.0
2025-12-09,588080.SSE,pm,mid,30,241,240,2.0
2025-12-09,588080.SSE,pm,mid,60,121,120,2.0
2025-12-09,588080.SSE,pm,mid,300,25,24,2.0
2025-12-09,588080.SSE,pm,last,3,2401,2400,2.0
2025-12-09,588080.SSE,pm,last,15,481,480,2.0
2025-12-09,588080.SSE,pm,last,30,241,240,2.0
2025-12-09,588080.SSE,pm,last,60,121,120,2.0
2025-12-09,588080.SSE,pm,last,300,25,24,2.0
2025-12-10,588000.SSE,am,mid,3,2401,2400,2.0
2025-12-10,588000.SSE,am,mid,15,481,480,2.0
2025-12-10,588000.SSE,am,mid,30,241,240,2.0
2025-12-10,588000.SSE,am,mid,60,121,120,2.0
2025-12-10,588000.SSE,am,mid,300,25,24,2.0
2025-12-10,588000.SSE,am,last,3,2401,2400,2.0
2025-12-10,588000.SSE,am,last,15,481,480,2.0
2025-12-10,588000.SSE,am,last,30,241,240,2.0
2025-12-10,588000.SSE,am,last,60,121,120,2.0
2025-12-10,588000.SSE,am,last,300,25,24,2.0
2025-12-10,588000.SSE,pm,mid,3,2401,2400,2.0
2025-12-10,588000.SSE,pm,mid,15,481,480,2.0
2025-12-10,588000.SSE,pm,mid,30,241,240,2.0
2025-12-10,588000.SSE,pm,mid,60,121,120,2.0
2025-12-10,588000.SSE,pm,mid,300,25,24,2.0
2025-12-10,588000.SSE,pm,last,3,2401,2400,2.0
2025-12-10,588000.SSE,pm,last,15,481,480,2.0
2025-12-10,588000.SSE,pm,last,30,241,240,2.0
2025-12-10,588000.SSE,pm,last,60,121,120,2.0
2025-12-10,588000.SSE,pm,last,300,25,24,2.0
2025-12-10,588080.SSE,am,mid,3,2401,2399,1.0
2025-12-10,588080.SSE,am,mid,15,481,479,1.0
2025-12-10,588080.SSE,am,mid,30,241,239,1.0
2025-12-10,588080.SSE,am,mid,60,121,119,1.0
2025-12-10,588080.SSE,am,mid,300,25,24,1.0
2025-12-10,588080.SSE,am,last,3,2401,2399,1.0
2025-12-10,588080.SSE,am,last,15,481,479,1.0
2025-12-10,588080.SSE,am,last,30,241,239,1.0
2025-12-10,588080.SSE,am,last,60,121,119,1.0
2025-12-10,588080.SSE,am,last,300,25,24,1.0
2025-12-10,588080.SSE,pm,mid,3,2401,2398,1.0
2025-12-10,588080.SSE,pm,mid,15,481,480,1.0
2025-12-10,588080.SSE,pm,mid,30,241,240,1.0
2025-12-10,588080.SSE,pm,mid,60,121,120,1.0
2025-12-10,588080.SSE,pm,mid,300,25,24,1.0
2025-12-10,588080.SSE,pm,last,3,2401,2398,1.0
2025-12-10,588080.SSE,pm,last,15,481,480,1.0
2025-12-10,588080.SSE,pm,last,30,241,240,1.0
2025-12-10,588080.SSE,pm,last,60,121,120,1.0
2025-12-10,588080.SSE,pm,last,300,25,24,1.0
2025-12-11,588000.SSE,am,mid,3,2401,2401,0.0
2025-12-11,588000.SSE,am,mid,15,481,481,0.0
2025-12-11,588000.SSE,am,mid,30,241,241,0.0
2025-12-11,588000.SSE,am,mid,60,121,121,0.0
2025-12-11,588000.SSE,am,mid,300,25,25,0.0
2025-12-11,588000.SSE,am,last,3,2401,2401,0.0
2025-12-11,588000.SSE,am,last,15,481,481,0.0
2025-12-11,588000.SSE,am,last,30,241,241,0.0
2025-12-11,588000.SSE,am,last,60,121,121,0.0
2025-12-11,588000.SSE,am,last,300,25,25,0.0
2025-12-11,588000.SSE,pm,mid,3,2401,2401,0.0
2025-12-11,588000.SSE,pm,mid,15,481,481,0.0
2025-12-11,588000.SSE,pm,mid,30,241,241,0.0
2025-12-11,588000.SSE,pm,mid,60,121,121,0.0
2025-12-11,588000.SSE,pm,mid,300,25,25,0.0
2025-12-11,588000.SSE,pm,last,3,2401,2401,0.0
2025-12-11,588000.SSE,pm,last,15,481,481,0.0
2025-12-11,588000.SSE,pm,last,30,241,241,0.0
2025-12-11,588000.SSE,pm,last,60,121,121,0.0
2025-12-11,588000.SSE,pm,last,300,25,25,0.0
2025-12-11,588080.SSE,am,mid,3,2401,2398,2.0
2025-12-11,588080.SSE,am,mid,15,481,479,2.0
2025-12-11,588080.SSE,am,mid,30,241,239,2.0
2025-12-11,588080.SSE,am,mid,60,121,119,2.0
2025-12-11,588080.SSE,am,mid,300,25,24,2.0
2025-12-11,588080.SSE,am,last,3,2401,2398,2.0
2025-12-11,588080.SSE,am,last,15,481,479,2.0
2025-12-11,588080.SSE,am,last,30,241,239,2.0
2025-12-11,588080.SSE,am,last,60,121,119,2.0
2025-12-11,588080.SSE,am,last,300,25,24,2.0
2025-12-11,588080.SSE,pm,mid,3,2401,2400,2.0
2025-12-11,588080.SSE,pm,mid,15,481,480,2.0
2025-12-11,588080.SSE,pm,mid,30,241,240,2.0
2025-12-11,588080.SSE,pm,mid,60,121,120,2.0
2025-12-11,588080.SSE,pm,mid,300,25,24,2.0
2025-12-11,588080.SSE,pm,last,3,2401,2400,2.0
2025-12-11,588080.SSE,pm,last,15,481,480,2.0
2025-12-11,588080.SSE,pm,last,30,241,240,2.0
2025-12-11,588080.SSE,pm,last,60,121,120,2.0
2025-12-11,588080.SSE,pm,last,300,25,24,2.0
2025-12-12,588000.SSE,am,mid,3,2401,2401,0.0
2025-12-12,588000.SSE,am,mid,15,481,481,0.0
2025-12-12,588000.SSE,am,mid,30,241,241,0.0
2025-12-12,588000.SSE,am,mid,60,121,121,0.0
2025-12-12,588000.SSE,am,mid,300,25,25,0.0
2025-12-12,588000.SSE,am,last,3,2401,2401,0.0
2025-12-12,588000.SSE,am,last,15,481,481,0.0
2025-12-12,588000.SSE,am,last,30,241,241,0.0
2025-12-12,588000.SSE,am,last,60,121,121,0.0
2025-12-12,588000.SSE,am,last,300,25,25,0.0
2025-12-12,588000.SSE,pm,mid,3,2401,2401,0.0
2025-12-12,588000.SSE,pm,mid,15,481,481,0.0
2025-12-12,588000.SSE,pm,mid,30,241,241,0.0
2025-12-12,588000.SSE,pm,mid,60,121,121,0.0
2025-12-12,588000.SSE,pm,mid,300,25,25,0.0
2025-12-12,588000.SSE,pm,last,3,2401,2401,0.0
2025-12-12,588000.SSE,pm,last,15,481,481,0.0
2025-12-12,588000.SSE,pm,last,30,241,241,0.0
2025-12-12,588000.SSE,pm,last,60,121,121,0.0
2025-12-12,588000.SSE,pm,last,300,25,25,0.0
2025-12-12,588080.SSE,am,mid,3,2401,2400,1.0
2025-12-12,588080.SSE,am,mid,15,481,480,1.0
2025-12-12,588080.SSE,am,mid,30,241,240,1.0
2025-12-12,588080.SSE,am,mid,60,121,120,1.0
2025-12-12,588080.SSE,am,mid,300,25,24,1.0
2025-12-12,588080.SSE,am,last,3,2401,2400,1.0
2025-12-12,588080.SSE,am,last,15,481,480,1.0
2025-12-12,588080.SSE,am,last,30,241,240,1.0
2025-12-12,588080.SSE,am,last,60,121,120,1.0
2025-12-12,588080.SSE,am,last,300,25,24,1.0
2025-12-12,588080.SSE,pm,mid,3,2401,2400,1.0
2025-12-12,588080.SSE,pm,mid,15,481,480,1.0
2025-12-12,588080.SSE,pm,mid,30,241,240,1.0
2025-12-12,588080.SSE,pm,mid,60,121,120,1.0
2025-12-12,588080.SSE,pm,mid,300,25,24,1.0
2025-12-12,588080.SSE,pm,last,3,2401,2400,1.0
2025-12-12,588080.SSE,pm,last,15,481,480,1.0
2025-12-12,588080.SSE,pm,last,30,241,240,1.0
2025-12-12,588080.SSE,pm,last,60,121,120,1.0
2025-12-12,588080.SSE,pm,last,300,25,24,1.0
2025-12-15,588000.SSE,am,mid,3,2401,2401,0.0
2025-12-15,588000.SSE,am,mid,15,481,481,0.0
2025-12-15,588000.SSE,am,mid,30,241,241,0.0
2025-12-15,588000.SSE,am,mid,60,121,121,0.0
2025-12-15,588000.SSE,am,mid,300,25,25,0.0
2025-12-15,588000.SSE,am,last,3,2401,2401,0.0
2025-12-15,588000.SSE,am,last,15,481,481,0.0
2025-12-15,588000.SSE,am,last,30,241,241,0.0
2025-12-15,588000.SSE,am,last,60,121,121,0.0
2025-12-15,588000.SSE,am,last,300,25,25,0.0
2025-12-15,588000.SSE,pm,mid,3,2401,2401,0.0
2025-12-15,588000.SSE,pm,mid,15,481,481,0.0
2025-12-15,588000.SSE,pm,mid,30,241,241,0.0
2025-12-15,588000.SSE,pm,mid,60,121,121,0.0
2025-12-15,588000.SSE,pm,mid,300,25,25,0.0
2025-12-15,588000.SSE,pm,last,3,2401,2401,0.0
2025-12-15,588000.SSE,pm,last,15,481,481,0.0
2025-12-15,588000.SSE,pm,last,30,241,241,0.0
2025-12-15,588000.SSE,pm,last,60,121,121,0.0
2025-12-15,588000.SSE,pm,last,300,25,25,0.0
2025-12-15,588080.SSE,am,mid,3,2401,2400,2.0
2025-12-15,588080.SSE,am,mid,15,481,480,2.0
2025-12-15,588080.SSE,am,mid,30,241,240,2.0
2025-12-15,588080.SSE,am,mid,60,121,120,2.0
2025-12-15,588080.SSE,am,mid,300,25,24,2.0
2025-12-15,588080.SSE,am,last,3,2401,2400,2.0
2025-12-15,588080.SSE,am,last,15,481,480,2.0
2025-12-15,588080.SSE,am,last,30,241,240,2.0
2025-12-15,588080.SSE,am,last,60,121,120,2.0
2025-12-15,588080.SSE,am,last,300,25,24,2.0
2025-12-15,588080.SSE,pm,mid,3,2401,2398,1.999582985821518
2025-12-15,588080.SSE,pm,mid,15,481,480,2.0
2025-12-15,588080.SSE,pm,mid,30,241,240,2.0
2025-12-15,588080.SSE,pm,mid,60,121,120,2.0
2025-12-15,588080.SSE,pm,mid,300,25,24,2.0
2025-12-15,588080.SSE,pm,last,3,2401,2398,1.999582985821518
2025-12-15,588080.SSE,pm,last,15,481,480,2.0
2025-12-15,588080.SSE,pm,last,30,241,240,2.0
2025-12-15,588080.SSE,pm,last,60,121,120,2.0
2025-12-15,588080.SSE,pm,last,300,25,24,2.0
2025-12-16,588000.SSE,am,mid,3,2401,2401,0.0
2025-12-16,588000.SSE,am,mid,15,481,481,0.0
2025-12-16,588000.SSE,am,mid,30,241,241,0.0
2025-12-16,588000.SSE,am,mid,60,121,121,0.0
2025-12-16,588000.SSE,am,mid,300,25,25,0.0
2025-12-16,588000.SSE,am,last,3,2401,2401,0.0
2025-12-16,588000.SSE,am,last,15,481,481,0.0
2025-12-16,588000.SSE,am,last,30,241,241,0.0
2025-12-16,588000.SSE,am,last,60,121,121,0.0
2025-12-16,588000.SSE,am,last,300,25,25,0.0
2025-12-16,588000.SSE,pm,mid,3,2401,2401,0.0
2025-12-16,588000.SSE,pm,mid,15,481,481,0.0
2025-12-16,588000.SSE,pm,mid,30,241,241,0.0
2025-12-16,588000.SSE,pm,mid,60,121,121,0.0
2025-12-16,588000.SSE,pm,mid,300,25,25,0.0
2025-12-16,588000.SSE,pm,last,3,2401,2401,0.0
2025-12-16,588000.SSE,pm,last,15,481,481,0.0
2025-12-16,588000.SSE,pm,last,30,241,241,0.0
2025-12-16,588000.SSE,pm,last,60,121,121,0.0
2025-12-16,588000.SSE,pm,last,300,25,25,0.0
2025-12-16,588080.SSE,am,mid,3,2401,2401,0.0012494793835901709
2025-12-16,588080.SSE,am,mid,15,481,481,0.0
2025-12-16,588080.SSE,am,mid,30,241,241,0.0
2025-12-16,588080.SSE,am,mid,60,121,121,0.0
2025-12-16,588080.SSE,am,mid,300,25,25,0.0
2025-12-16,588080.SSE,am,last,3,2401,2401,0.0012494793835901709
2025-12-16,588080.SSE,am,last,15,481,481,0.0
2025-12-16,588080.SSE,am,last,30,241,241,0.0
2025-12-16,588080.SSE,am,last,60,121,121,0.0
2025-12-16,588080.SSE,am,last,300,25,25,0.0
2025-12-16,588080.SSE,pm,mid,3,2401,2401,0.0024989587671803417
2025-12-16,588080.SSE,pm,mid,15,481,481,0.0
2025-12-16,588080.SSE,pm,mid,30,241,241,0.0
2025-12-16,588080.SSE,pm,mid,60,121,121,0.0
2025-12-16,588080.SSE,pm,mid,300,25,25,0.0
2025-12-16,588080.SSE,pm,last,3,2401,2401,0.0024989587671803417
2025-12-16,588080.SSE,pm,last,15,481,481,0.0
2025-12-16,588080.SSE,pm,last,30,241,241,0.0
2025-12-16,588080.SSE,pm,last,60,121,121,0.0
2025-12-16,588080.SSE,pm,last,300,25,25,0.0
2025-12-17,588000.SSE,am,mid,3,2401,2342,2.0
2025-12-17,588000.SSE,am,mid,15,481,468,2.0
2025-12-17,588000.SSE,am,mid,30,241,234,2.0
2025-12-17,588000.SSE,am,mid,60,121,117,2.0
2025-12-17,588000.SSE,am,mid,300,25,23,2.0
2025-12-17,588000.SSE,am,last,3,2401,2342,2.0
2025-12-17,588000.SSE,am,last,15,481,468,2.0
2025-12-17,588000.SSE,am,last,30,241,234,2.0
2025-12-17,588000.SSE,am,last,60,121,117,2.0
2025-12-17,588000.SSE,am,last,300,25,23,2.0
2025-12-17,588000.SSE,pm,mid,3,2401,2400,2.0
2025-12-17,588000.SSE,pm,mid,15,481,480,2.0
2025-12-17,588000.SSE,pm,mid,30,241,240,2.0
2025-12-17,588000.SSE,pm,mid,60,121,120,2.0
2025-12-17,588000.SSE,pm,mid,300,25,24,2.0
2025-12-17,588000.SSE,pm,last,3,2401,2400,2.0
2025-12-17,588000.SSE,pm,last,15,481,480,2.0
2025-12-17,588000.SSE,pm,last,30,241,240,2.0
2025-12-17,588000.SSE,pm,last,60,121,120,2.0
2025-12-17,588000.SSE,pm,last,300,25,24,2.0
2025-12-17,588080.SSE,am,mid,3,2401,2336,1.0
2025-12-17,588080.SSE,am,mid,15,481,466,1.0
2025-12-17,588080.SSE,am,mid,30,241,234,1.0
2025-12-17,588080.SSE,am,mid,60,121,117,1.0
2025-12-17,588080.SSE,am,mid,300,25,23,1.0
2025-12-17,588080.SSE,am,last,3,2401,2336,1.0
2025-12-17,588080.SSE,am,last,15,481,466,1.0
2025-12-17,588080.SSE,am,last,30,241,234,1.0
2025-12-17,588080.SSE,am,last,60,121,117,1.0
2025-12-17,588080.SSE,am,last,300,25,23,1.0
2025-12-17,588080.SSE,pm,mid,3,2401,2394,1.0
2025-12-17,588080.SSE,pm,mid,15,481,478,1.0
2025-12-17,588080.SSE,pm,mid,30,241,239,1.0
2025-12-17,588080.SSE,pm,mid,60,121,120,1.0
2025-12-17,588080.SSE,pm,mid,300,25,24,1.0
2025-12-17,588080.SSE,pm,last,3,2401,2394,1.0
2025-12-17,588080.SSE,pm,last,15,481,478,1.0
2025-12-17,588080.SSE,pm,last,30,241,239,1.0
2025-12-17,588080.SSE,pm,last,60,121,120,1.0
2025-12-17,588080.SSE,pm,last,300,25,24,1.0
2025-12-18,588000.SSE,am,mid,3,2401,2400,2.0
2025-12-18,588000.SSE,am,mid,15,481,480,2.0
2025-12-18,588000.SSE,am,mid,30,241,240,2.0
2025-12-18,588000.SSE,am,mid,60,121,120,2.0
2025-12-18,588000.SSE,am,mid,300,25,24,2.0
2025-12-18,588000.SSE,am,last,3,2401,2400,2.0
2025-12-18,588000.SSE,am,last,15,481,480,2.0
2025-12-18,588000.SSE,am,last,30,241,240,2.0
2025-12-18,588000.SSE,am,last,60,121,120,2.0
2025-12-18,588000.SSE,am,last,300,25,24,2.0
2025-12-18,588000.SSE,pm,mid,3,2401,2400,2.0
2025-12-18,588000.SSE,pm,mid,15,481,480,2.0
2025-12-18,588000.SSE,pm,mid,30,241,240,2.0
2025-12-18,588000.SSE,pm,mid,60,121,120,2.0
2025-12-18,588000.SSE,pm,mid,300,25,24,2.0
2025-12-18,588000.SSE,pm,last,3,2401,2400,2.0
2025-12-18,588000.SSE,pm,last,15,481,480,2.0
2025-12-18,588000.SSE,pm,last,30,241,240,2.0
2025-12-18,588000.SSE,pm,last,60,121,120,2.0
2025-12-18,588000.SSE,pm,last,300,25,24,2.0
2025-12-18,588080.SSE,am,mid,3,2401,2396,2.0
2025-12-18,588080.SSE,am,mid,15,481,479,2.0
2025-12-18,588080.SSE,am,mid,30,241,239,2.0
2025-12-18,588080.SSE,am,mid,60,121,120,2.0
2025-12-18,588080.SSE,am,mid,300,25,24,2.0
2025-12-18,588080.SSE,am,last,3,2401,2396,2.0
2025-12-18,588080.SSE,am,last,15,481,479,2.0
2025-12-18,588080.SSE,am,last,30,241,239,2.0
2025-12-18,588080.SSE,am,last,60,121,120,2.0
2025-12-18,588080.SSE,am,last,300,25,24,2.0
2025-12-18,588080.SSE,pm,mid,3,2401,2399,2.0
2025-12-18,588080.SSE,pm,mid,15,481,479,2.0
2025-12-18,588080.SSE,pm,mid,30,241,239,2.0
2025-12-18,588080.SSE,pm,mid,60,121,120,2.0
2025-12-18,588080.SSE,pm,mid,300,25,24,2.0
2025-12-18,588080.SSE,pm,last,3,2401,2399,2.0
2025-12-18,588080.SSE,pm,last,15,481,479,2.0
2025-12-18,588080.SSE,pm,last,30,241,239,2.0
2025-12-18,588080.SSE,pm,last,60,121,120,2.0
2025-12-18,588080.SSE,pm,last,300,25,24,2.0
2025-12-19,588000.SSE,am,mid,3,2401,2401,0.0
2025-12-19,588000.SSE,am,mid,15,481,481,0.0
2025-12-19,588000.SSE,am,mid,30,241,241,0.0
2025-12-19,588000.SSE,am,mid,60,121,121,0.0
2025-12-19,588000.SSE,am,mid,300,25,25,0.0
2025-12-19,588000.SSE,am,last,3,2401,2401,0.0
2025-12-19,588000.SSE,am,last,15,481,481,0.0
2025-12-19,588000.SSE,am,last,30,241,241,0.0
2025-12-19,588000.SSE,am,last,60,121,121,0.0
2025-12-19,588000.SSE,am,last,300,25,25,0.0
2025-12-19,588000.SSE,pm,mid,3,2401,2401,0.0
2025-12-19,588000.SSE,pm,mid,15,481,481,0.0
2025-12-19,588000.SSE,pm,mid,30,241,241,0.0
2025-12-19,588000.SSE,pm,mid,60,121,121,0.0
2025-12-19,588000.SSE,pm,mid,300,25,25,0.0
2025-12-19,588000.SSE,pm,last,3,2401,2401,0.0
2025-12-19,588000.SSE,pm,last,15,481,481,0.0
2025-12-19,588000.SSE,pm,last,30,241,241,0.0
2025-12-19,588000.SSE,pm,last,60,121,121,0.0
2025-12-19,588000.SSE,pm,last,300,25,25,0.0
2025-12-19,588080.SSE,am,mid,3,2401,2396,1.0
2025-12-19,588080.SSE,am,mid,15,481,480,1.0
2025-12-19,588080.SSE,am,mid,30,241,240,1.0
2025-12-19,588080.SSE,am,mid,60,121,120,1.0
2025-12-19,588080.SSE,am,mid,300,25,24,1.0
2025-12-19,588080.SSE,am,last,3,2401,2396,1.0
2025-12-19,588080.SSE,am,last,15,481,480,1.0
2025-12-19,588080.SSE,am,last,30,241,240,1.0
2025-12-19,588080.SSE,am,last,60,121,120,1.0
2025-12-19,588080.SSE,am,last,300,25,24,1.0
2025-12-19,588080.SSE,pm,mid,3,2401,2396,1.0
2025-12-19,588080.SSE,pm,mid,15,481,476,1.0
2025-12-19,588080.SSE,pm,mid,30,241,237,1.0
2025-12-19,588080.SSE,pm,mid,60,121,119,1.0
2025-12-19,588080.SSE,pm,mid,300,25,24,1.0
2025-12-19,588080.SSE,pm,last,3,2401,2396,1.0
2025-12-19,588080.SSE,pm,last,15,481,476,1.0
2025-12-19,588080.SSE,pm,last,30,241,237,1.0
2025-12-19,588080.SSE,pm,last,60,121,119,1.0
2025-12-19,588080.SSE,pm,last,300,25,24,1.0
2025-12-22,588000.SSE,am,mid,3,2401,2400,2.0
2025-12-22,588000.SSE,am,mid,15,481,480,2.0
2025-12-22,588000.SSE,am,mid,30,241,240,2.0
2025-12-22,588000.SSE,am,mid,60,121,120,2.0
2025-12-22,588000.SSE,am,mid,300,25,24,2.0
2025-12-22,588000.SSE,am,last,3,2401,2400,2.0
2025-12-22,588000.SSE,am,last,15,481,480,2.0
2025-12-22,588000.SSE,am,last,30,241,240,2.0
2025-12-22,588000.SSE,am,last,60,121,120,2.0
2025-12-22,588000.SSE,am,last,300,25,24,2.0
2025-12-22,588000.SSE,pm,mid,3,2401,2400,2.0
2025-12-22,588000.SSE,pm,mid,15,481,480,2.0
2025-12-22,588000.SSE,pm,mid,30,241,240,2.0
2025-12-22,588000.SSE,pm,mid,60,121,120,2.0
2025-12-22,588000.SSE,pm,mid,300,25,24,2.0
2025-12-22,588000.SSE,pm,last,3,2401,2400,2.0
2025-12-22,588000.SSE,pm,last,15,481,480,2.0
2025-12-22,588000.SSE,pm,last,30,241,240,2.0
2025-12-22,588000.SSE,pm,last,60,121,120,2.0
2025-12-22,588000.SSE,pm,last,300,25,24,2.0
2025-12-22,588080.SSE,am,mid,3,2401,2400,0.0
2025-12-22,588080.SSE,am,mid,15,481,480,0.0
2025-12-22,588080.SSE,am,mid,30,241,240,0.0
2025-12-22,588080.SSE,am,mid,60,121,120,0.0
2025-12-22,588080.SSE,am,mid,300,25,24,0.0
2025-12-22,588080.SSE,am,last,3,2401,2400,0.0
2025-12-22,588080.SSE,am,last,15,481,480,0.0
2025-12-22,588080.SSE,am,last,30,241,240,0.0
2025-12-22,588080.SSE,am,last,60,121,120,0.0
2025-12-22,588080.SSE,am,last,300,25,24,0.0
2025-12-22,588080.SSE,pm,mid,3,2401,2400,0.00125
2025-12-22,588080.SSE,pm,mid,15,481,480,0.0
2025-12-22,588080.SSE,pm,mid,30,241,240,0.0
2025-12-22,588080.SSE,pm,mid,60,121,120,0.0
2025-12-22,588080.SSE,pm,mid,300,25,24,0.0
2025-12-22,588080.SSE,pm,last,3,2401,2400,0.00125
2025-12-22,588080.SSE,pm,last,15,481,480,0.0
2025-12-22,588080.SSE,pm,last,30,241,240,0.0
2025-12-22,588080.SSE,pm,last,60,121,120,0.0
2025-12-22,588080.SSE,pm,last,300,25,24,0.0
2025-12-23,588000.SSE,am,mid,3,2401,2400,2.0
2025-12-23,588000.SSE,am,mid,15,481,480,2.0
2025-12-23,588000.SSE,am,mid,30,241,240,2.0
2025-12-23,588000.SSE,am,mid,60,121,120,2.0
2025-12-23,588000.SSE,am,mid,300,25,24,2.0
2025-12-23,588000.SSE,am,last,3,2401,2400,2.0
2025-12-23,588000.SSE,am,last,15,481,480,2.0
2025-12-23,588000.SSE,am,last,30,241,240,2.0
2025-12-23,588000.SSE,am,last,60,121,120,2.0
2025-12-23,588000.SSE,am,last,300,25,24,2.0
2025-12-23,588000.SSE,pm,mid,3,2401,2400,2.0
2025-12-23,588000.SSE,pm,mid,15,481,480,2.0
2025-12-23,588000.SSE,pm,mid,30,241,240,2.0
2025-12-23,588000.SSE,pm,mid,60,121,120,2.0
2025-12-23,588000.SSE,pm,mid,300,25,24,2.0
2025-12-23,588000.SSE,pm,last,3,2401,2400,2.0
2025-12-23,588000.SSE,pm,last,15,481,480,2.0
2025-12-23,588000.SSE,pm,last,30,241,240,2.0
2025-12-23,588000.SSE,pm,last,60,121,120,2.0
2025-12-23,588000.SSE,pm,last,300,25,24,2.0
2025-12-23,588080.SSE,am,mid,3,2401,2400,1.0
2025-12-23,588080.SSE,am,mid,15,481,480,1.0
2025-12-23,588080.SSE,am,mid,30,241,240,1.0
2025-12-23,588080.SSE,am,mid,60,121,120,1.0
2025-12-23,588080.SSE,am,mid,300,25,24,1.0
2025-12-23,588080.SSE,am,last,3,2401,2400,1.0
2025-12-23,588080.SSE,am,last,15,481,480,1.0
2025-12-23,588080.SSE,am,last,30,241,240,1.0
2025-12-23,588080.SSE,am,last,60,121,120,1.0
2025-12-23,588080.SSE,am,last,300,25,24,1.0
2025-12-23,588080.SSE,pm,mid,3,2401,2397,1.0
2025-12-23,588080.SSE,pm,mid,15,481,479,1.0
2025-12-23,588080.SSE,pm,mid,30,241,239,1.0
2025-12-23,588080.SSE,pm,mid,60,121,119,1.0
2025-12-23,588080.SSE,pm,mid,300,25,24,1.0
2025-12-23,588080.SSE,pm,last,3,2401,2397,1.0
2025-12-23,588080.SSE,pm,last,15,481,479,1.0
2025-12-23,588080.SSE,pm,last,30,241,239,1.0
2025-12-23,588080.SSE,pm,last,60,121,119,1.0
2025-12-23,588080.SSE,pm,last,300,25,24,1.0
2025-12-24,588000.SSE,am,mid,3,2401,2400,1.0
2025-12-24,588000.SSE,am,mid,15,481,480,1.0
2025-12-24,588000.SSE,am,mid,30,241,240,1.0
2025-12-24,588000.SSE,am,mid,60,121,120,1.0
2025-12-24,588000.SSE,am,mid,300,25,24,1.0
2025-12-24,588000.SSE,am,last,3,2401,2400,1.0
2025-12-24,588000.SSE,am,last,15,481,480,1.0
2025-12-24,588000.SSE,am,last,30,241,240,1.0
2025-12-24,588000.SSE,am,last,60,121,120,1.0
2025-12-24,588000.SSE,am,last,300,25,24,1.0
2025-12-24,588000.SSE,pm,mid,3,2401,2400,1.0
2025-12-24,588000.SSE,pm,mid,15,481,480,1.0
2025-12-24,588000.SSE,pm,mid,30,241,240,1.0
2025-12-24,588000.SSE,pm,mid,60,121,120,1.0
2025-12-24,588000.SSE,pm,mid,300,25,24,1.0
2025-12-24,588000.SSE,pm,last,3,2401,2400,1.0
2025-12-24,588000.SSE,pm,last,15,481,480,1.0
2025-12-24,588000.SSE,pm,last,30,241,240,1.0
2025-12-24,588000.SSE,pm,last,60,121,120,1.0
2025-12-24,588000.SSE,pm,last,300,25,24,1.0
2025-12-24,588080.SSE,am,mid,3,2401,2392,2.0
2025-12-24,588080.SSE,am,mid,15,481,479,2.0
2025-12-24,588080.SSE,am,mid,30,241,240,2.0
2025-12-24,588080.SSE,am,mid,60,121,120,2.0
2025-12-24,588080.SSE,am,mid,300,25,24,2.0
2025-12-24,588080.SSE,am,last,3,2401,2392,2.0
2025-12-24,588080.SSE,am,last,15,481,479,2.0
2025-12-24,588080.SSE,am,last,30,241,240,2.0
2025-12-24,588080.SSE,am,last,60,121,120,2.0
2025-12-24,588080.SSE,am,last,300,25,24,2.0
2025-12-24,588080.SSE,pm,mid,3,2401,2398,2.0
2025-12-24,588080.SSE,pm,mid,15,481,479,2.0
2025-12-24,588080.SSE,pm,mid,30,241,240,2.0
2025-12-24,588080.SSE,pm,mid,60,121,120,2.0
2025-12-24,588080.SSE,pm,mid,300,25,24,2.0
2025-12-24,588080.SSE,pm,last,3,2401,2398,2.0
2025-12-24,588080.SSE,pm,last,15,481,479,2.0
2025-12-24,588080.SSE,pm,last,30,241,240,2.0
2025-12-24,588080.SSE,pm,last,60,121,120,2.0
2025-12-24,588080.SSE,pm,last,300,25,24,2.0
2025-12-25,588000.SSE,am,mid,3,2401,2400,0.0
2025-12-25,588000.SSE,am,mid,15,481,480,0.0
2025-12-25,588000.SSE,am,mid,30,241,240,0.0
2025-12-25,588000.SSE,am,mid,60,121,120,0.0
2025-12-25,588000.SSE,am,mid,300,25,24,0.0
2025-12-25,588000.SSE,am,last,3,2401,2400,0.0
2025-12-25,588000.SSE,am,last,15,481,480,0.0
2025-12-25,588000.SSE,am,last,30,241,240,0.0
2025-12-25,588000.SSE,am,last,60,121,120,0.0
2025-12-25,588000.SSE,am,last,300,25,24,0.0
2025-12-25,588000.SSE,pm,mid,3,2401,2400,0.0
2025-12-25,588000.SSE,pm,mid,15,481,480,0.0
2025-12-25,588000.SSE,pm,mid,30,241,240,0.0
2025-12-25,588000.SSE,pm,mid,60,121,120,0.0
2025-12-25,588000.SSE,pm,mid,300,25,24,0.0
2025-12-25,588000.SSE,pm,last,3,2401,2400,0.0
2025-12-25,588000.SSE,pm,last,15,481,480,0.0
2025-12-25,588000.SSE,pm,last,30,241,240,0.0
2025-12-25,588000.SSE,pm,last,60,121,120,0.0
2025-12-25,588000.SSE,pm,last,300,25,24,0.0
2025-12-25,588080.SSE,am,mid,3,2401,2401,0.007496876301541024
2025-12-25,588080.SSE,am,mid,15,481,481,0.018711018711018712
2025-12-25,588080.SSE,am,mid,30,241,241,0.0
2025-12-25,588080.SSE,am,mid,60,121,121,0.0
2025-12-25,588080.SSE,am,mid,300,25,25,0.0
2025-12-25,588080.SSE,am,last,3,2401,2401,0.007496876301541024
2025-12-25,588080.SSE,am,last,15,481,481,0.018711018711018712
2025-12-25,588080.SSE,am,last,30,241,241,0.0
2025-12-25,588080.SSE,am,last,60,121,121,0.0
2025-12-25,588080.SSE,am,last,300,25,25,0.0
2025-12-25,588080.SSE,pm,mid,3,2401,2401,0.003748438150770512
2025-12-25,588080.SSE,pm,mid,15,481,481,0.0
2025-12-25,588080.SSE,pm,mid,30,241,241,0.0
2025-12-25,588080.SSE,pm,mid,60,121,121,0.0
2025-12-25,588080.SSE,pm,mid,300,25,25,0.0
2025-12-25,588080.SSE,pm,last,3,2401,2401,0.003748438150770512
2025-12-25,588080.SSE,pm,last,15,481,481,0.0
2025-12-25,588080.SSE,pm,last,30,241,241,0.0
2025-12-25,588080.SSE,pm,last,60,121,121,0.0
2025-12-25,588080.SSE,pm,last,300,25,25,0.0
2025-12-26,588000.SSE,am,mid,3,2401,2400,2.0
2025-12-26,588000.SSE,am,mid,15,481,480,2.0
2025-12-26,588000.SSE,am,mid,30,241,240,2.0
2025-12-26,588000.SSE,am,mid,60,121,120,2.0
2025-12-26,588000.SSE,am,mid,300,25,24,2.0
2025-12-26,588000.SSE,am,last,3,2401,2400,2.0
2025-12-26,588000.SSE,am,last,15,481,480,2.0
2025-12-26,588000.SSE,am,last,30,241,240,2.0
2025-12-26,588000.SSE,am,last,60,121,120,2.0
2025-12-26,588000.SSE,am,last,300,25,24,2.0
2025-12-26,588000.SSE,pm,mid,3,2401,2400,2.0
2025-12-26,588000.SSE,pm,mid,15,481,480,2.0
2025-12-26,588000.SSE,pm,mid,30,241,240,2.0
2025-12-26,588000.SSE,pm,mid,60,121,120,2.0
2025-12-26,588000.SSE,pm,mid,300,25,24,2.0
2025-12-26,588000.SSE,pm,last,3,2401,2400,2.0
2025-12-26,588000.SSE,pm,last,15,481,480,2.0
2025-12-26,588000.SSE,pm,last,30,241,240,2.0
2025-12-26,588000.SSE,pm,last,60,121,120,2.0
2025-12-26,588000.SSE,pm,last,300,25,24,2.0
2025-12-26,588080.SSE,am,mid,3,2401,2401,0.0
2025-12-26,588080.SSE,am,mid,15,481,481,0.0
2025-12-26,588080.SSE,am,mid,30,241,241,0.0
2025-12-26,588080.SSE,am,mid,60,121,121,0.0
2025-12-26,588080.SSE,am,mid,300,25,25,0.0
2025-12-26,588080.SSE,am,last,3,2401,2401,0.0
2025-12-26,588080.SSE,am,last,15,481,481,0.0
2025-12-26,588080.SSE,am,last,30,241,241,0.0
2025-12-26,588080.SSE,am,last,60,121,121,0.0
2025-12-26,588080.SSE,am,last,300,25,25,0.0
2025-12-26,588080.SSE,pm,mid,3,2401,2401,0.003748438150770512
2025-12-26,588080.SSE,pm,mid,15,481,481,0.0
2025-12-26,588080.SSE,pm,mid,30,241,241,0.0
2025-12-26,588080.SSE,pm,mid,60,121,121,0.0
2025-12-26,588080.SSE,pm,mid,300,25,25,0.0
2025-12-26,588080.SSE,pm,last,3,2401,2401,0.003748438150770512
2025-12-26,588080.SSE,pm,last,15,481,481,0.0
2025-12-26,588080.SSE,pm,last,30,241,241,0.0
2025-12-26,588080.SSE,pm,last,60,121,121,0.0
2025-12-26,588080.SSE,pm,last,300,25,25,0.0
2025-12-29,588000.SSE,am,mid,3,2401,2400,2.0
2025-12-29,588000.SSE,am,mid,15,481,480,2.0
2025-12-29,588000.SSE,am,mid,30,241,240,2.0
2025-12-29,588000.SSE,am,mid,60,121,120,2.0
2025-12-29,588000.SSE,am,mid,300,25,24,2.0
2025-12-29,588000.SSE,am,last,3,2401,2400,2.0
2025-12-29,588000.SSE,am,last,15,481,480,2.0
2025-12-29,588000.SSE,am,last,30,241,240,2.0
2025-12-29,588000.SSE,am,last,60,121,120,2.0
2025-12-29,588000.SSE,am,last,300,25,24,2.0
2025-12-29,588000.SSE,pm,mid,3,2401,2400,2.0
2025-12-29,588000.SSE,pm,mid,15,481,480,2.0
2025-12-29,588000.SSE,pm,mid,30,241,240,2.0
2025-12-29,588000.SSE,pm,mid,60,121,120,2.0
2025-12-29,588000.SSE,pm,mid,300,25,24,2.0
2025-12-29,588000.SSE,pm,last,3,2401,2400,2.0
2025-12-29,588000.SSE,pm,last,15,481,480,2.0
2025-12-29,588000.SSE,pm,last,30,241,240,2.0
2025-12-29,588000.SSE,pm,last,60,121,120,2.0
2025-12-29,588000.SSE,pm,last,300,25,24,2.0
2025-12-29,588080.SSE,am,mid,3,2401,2401,0.0012494793835901709
2025-12-29,588080.SSE,am,mid,15,481,481,0.0
2025-12-29,588080.SSE,am,mid,30,241,241,0.0
2025-12-29,588080.SSE,am,mid,60,121,121,0.0
2025-12-29,588080.SSE,am,mid,300,25,25,0.0
2025-12-29,588080.SSE,am,last,3,2401,2401,0.0012494793835901709
2025-12-29,588080.SSE,am,last,15,481,481,0.0
2025-12-29,588080.SSE,am,last,30,241,241,0.0
2025-12-29,588080.SSE,am,last,60,121,121,0.0
2025-12-29,588080.SSE,am,last,300,25,25,0.0
2025-12-29,588080.SSE,pm,mid,3,2401,2401,0.006247396917950854
2025-12-29,588080.SSE,pm,mid,15,481,481,0.012474012474012475
2025-12-29,588080.SSE,pm,mid,30,241,241,0.0
2025-12-29,588080.SSE,pm,mid,60,121,121,0.0
2025-12-29,588080.SSE,pm,mid,300,25,25,0.0
2025-12-29,588080.SSE,pm,last,3,2401,2401,0.006247396917950854
2025-12-29,588080.SSE,pm,last,15,481,481,0.012474012474012475
2025-12-29,588080.SSE,pm,last,30,241,241,0.0
2025-12-29,588080.SSE,pm,last,60,121,121,0.0
2025-12-29,588080.SSE,pm,last,300,25,25,0.0
2025-12-30,588000.SSE,am,mid,3,2401,2401,0.0
2025-12-30,588000.SSE,am,mid,15,481,481,0.0
2025-12-30,588000.SSE,am,mid,30,241,241,0.0
2025-12-30,588000.SSE,am,mid,60,121,121,0.0
2025-12-30,588000.SSE,am,mid,300,25,25,0.0
2025-12-30,588000.SSE,am,last,3,2401,2401,0.0
2025-12-30,588000.SSE,am,last,15,481,481,0.0
2025-12-30,588000.SSE,am,last,30,241,241,0.0
2025-12-30,588000.SSE,am,last,60,121,121,0.0
2025-12-30,588000.SSE,am,last,300,25,25,0.0
2025-12-30,588000.SSE,pm,mid,3,2401,2401,0.0
2025-12-30,588000.SSE,pm,mid,15,481,481,0.0
2025-12-30,588000.SSE,pm,mid,30,241,241,0.0
2025-12-30,588000.SSE,pm,mid,60,121,121,0.0
2025-12-30,588000.SSE,pm,mid,300,25,25,0.0
2025-12-30,588000.SSE,pm,last,3,2401,2401,0.0
2025-12-30,588000.SSE,pm,last,15,481,481,0.0
2025-12-30,588000.SSE,pm,last,30,241,241,0.0
2025-12-30,588000.SSE,pm,last,60,121,121,0.0
2025-12-30,588000.SSE,pm,last,300,25,25,0.0
2025-12-30,588080.SSE,am,mid,3,2401,2401,0.0049979175343606835
2025-12-30,588080.SSE,am,mid,15,481,481,0.012474012474012475
2025-12-30,588080.SSE,am,mid,30,241,241,0.0
2025-12-30,588080.SSE,am,mid,60,121,121,0.0
2025-12-30,588080.SSE,am,mid,300,25,25,0.0
2025-12-30,588080.SSE,am,last,3,2401,2401,0.0049979175343606835
2025-12-30,588080.SSE,am,last,15,481,481,0.012474012474012475
2025-12-30,588080.SSE,am,last,30,241,241,0.0
2025-12-30,588080.SSE,am,last,60,121,121,0.0
2025-12-30,588080.SSE,am,last,300,25,25,0.0
2025-12-30,588080.SSE,pm,mid,3,2401,2401,0.0049979175343606835
2025-12-30,588080.SSE,pm,mid,15,481,481,0.006237006237006237
2025-12-30,588080.SSE,pm,mid,30,241,241,0.0
2025-12-30,588080.SSE,pm,mid,60,121,121,0.0
2025-12-30,588080.SSE,pm,mid,300,25,25,0.0
2025-12-30,588080.SSE,pm,last,3,2401,2401,0.0049979175343606835
2025-12-30,588080.SSE,pm,last,15,481,481,0.006237006237006237
2025-12-30,588080.SSE,pm,last,30,241,241,0.0
2025-12-30,588080.SSE,pm,last,60,121,121,0.0
2025-12-30,588080.SSE,pm,last,300,25,25,0.0
2025-12-31,588000.SSE,am,mid,3,2401,2400,1.0
2025-12-31,588000.SSE,am,mid,15,481,480,1.0
2025-12-31,588000.SSE,am,mid,30,241,240,1.0
2025-12-31,588000.SSE,am,mid,60,121,120,1.0
2025-12-31,588000.SSE,am,mid,300,25,24,1.0
2025-12-31,588000.SSE,am,last,3,2401,2400,1.0
2025-12-31,588000.SSE,am,last,15,481,480,1.0
2025-12-31,588000.SSE,am,last,30,241,240,1.0
2025-12-31,588000.SSE,am,last,60,121,120,1.0
2025-12-31,588000.SSE,am,last,300,25,24,1.0
2025-12-31,588000.SSE,pm,mid,3,2401,2400,1.0
2025-12-31,588000.SSE,pm,mid,15,481,480,1.0
2025-12-31,588000.SSE,pm,mid,30,241,240,1.0
2025-12-31,588000.SSE,pm,mid,60,121,120,1.0
2025-12-31,588000.SSE,pm,mid,300,25,24,1.0
2025-12-31,588000.SSE,pm,last,3,2401,2400,1.0
2025-12-31,588000.SSE,pm,last,15,481,480,1.0
2025-12-31,588000.SSE,pm,last,30,241,240,1.0
2025-12-31,588000.SSE,pm,last,60,121,120,1.0
2025-12-31,588000.SSE,pm,last,300,25,24,1.0
2025-12-31,588080.SSE,am,mid,3,2401,2400,1.53875
2025-12-31,588080.SSE,am,mid,15,481,480,1.5479166666666666
2025-12-31,588080.SSE,am,mid,30,241,240,1.5083333333333333
2025-12-31,588080.SSE,am,mid,60,121,120,1.5166666666666666
2025-12-31,588080.SSE,am,mid,300,25,24,1.4166666666666667
2025-12-31,588080.SSE,am,last,3,2401,2400,1.53875
2025-12-31,588080.SSE,am,last,15,481,480,1.5479166666666666
2025-12-31,588080.SSE,am,last,30,241,240,1.5083333333333333
2025-12-31,588080.SSE,am,last,60,121,120,1.5166666666666666
2025-12-31,588080.SSE,am,last,300,25,24,1.4166666666666667
2025-12-31,588080.SSE,pm,mid,3,2401,2399,1.5381408920383493
2025-12-31,588080.SSE,pm,mid,15,481,480,1.575
2025-12-31,588080.SSE,pm,mid,30,241,240,1.6166666666666667
2025-12-31,588080.SSE,pm,mid,60,121,120,1.5583333333333333
2025-12-31,588080.SSE,pm,mid,300,25,24,1.6666666666666667
2025-12-31,588080.SSE,pm,last,3,2401,2399,1.5381408920383493
2025-12-31,588080.SSE,pm,last,15,481,480,1.575
2025-12-31,588080.SSE,pm,last,30,241,240,1.6166666666666667
2025-12-31,588080.SSE,pm,last,60,121,120,1.5583333333333333
2025-12-31,588080.SSE,pm,last,300,25,24,1.6666666666666667
