trading_day,eff_1d,fast_share_1d,slow_work_velocity_5d,threshold_work_amplitude_5d,pnl_log,year,eligible,day_index,stage
2021-01-04,0.39082420106103294,0.88492638445077876,0.6370493866682907,1.1796796111433896,0.016795524424544558,2021,True,0,0
2021-01-05,0.033449936618422174,0.94766961621239598,0.64071454496247526,1.2626754193261482,-0.0066142347932966906,2021,True,1,0
2021-01-06,0.10692669367489359,0.9155134330296093,0.67329735367808974,1.2486672665963938,-0.014585021007220372,2021,True,2,0
2021-01-07,0.35812298710543955,0.71627752483380158,0.53037951228733482,1.0723181665890031,0.0064057986583353549,2021,True,3,0
2021-01-08,0.027136841014467068,0.93045457280828225,0.38656002532724221,1.0536825776071255,-0.034845297109675044,2021,True,4,0
2021-01-11,0.087180142250255624,0.89871506236334964,0.28356801678086696,0.99418130267288463,0.0187644170370488,2021,True,5,1
2021-01-12,0.20368226375298609,0.87397963131568712,0.30459015584619681,1.0163252125697304,-0.014571067579486809,2021,True,6,1
2021-01-13,0.019504915197643104,0.89461473154814042,0.32578277121628907,0.97357710858354474,-0.015034033815699522,2021,True,7,1
2021-01-14,0.21422480363266275,0.78724770314788384,0.34150683550356992,0.77902126455845877,0.029643682361838321,2021,True,8,1
2021-01-15,0.0023681241744644933,0.85232617101249397,0.3343228610231761,0.760890977089697,-0.0055377405892729319,2021,True,9,1
2021-01-18,0.25790834492985493,0.88828921500585556,0.34549806879978429,0.78981181723421701,-0.011753838766788776,2021,True,10,2
2021-01-19,0.35944960931363806,0.87339132369866856,0.32784065815506597,0.76076417214901193,0.012374817130044444,2021,True,11,2
2021-01-20,0.32712127741120728,0.869220591126039,0.29268737614364915,0.76960209773418109,0.0060380391727532304,2021,True,12,2
2021-01-21,0.0089430790696316959,0.88249113385974998,0.21819608037534147,0.91925667724588134,-0.0040406571707412254,2021,True,13,2
2021-01-22,0.039585819978710926,0.87966380273455624,0.21466158177667263,0.91557020239002174,0.020271838127568432,2021,True,14,2
2021-01-25,0.10031351269323988,0.83389420502540268,0.1662180376080713,0.88223746617591181,0.0017122650823080765,2021,True,15,3
2021-01-26,0.15664389228248723,0.90813948279976031,0.25206390666708739,0.91326719365348286,-0.015089554461755975,2021,True,16,3
2021-01-27,0.16321893843667798,0.87425034712845118,0.28979037833179588,0.96743143895189065,0.0027933535184808816,2021,True,17,3
2021-01-28,0.28559927769920401,0.9543959907261641,0.35013517646050918,1.0802635959232385,0.012576445488693081,2021,True,18,3
2021-01-29,0.0024988053935882616,0.86639057078126991,0.31653578743434391,1.0282988593354709,-0.006179110900829122,2021,True,19,3
2021-02-01,0.0047891864127305242,0.90501033709321943,0.32372203818870698,1.0556352557988575,0.00020014881840758262,2021,True,20,4
2021-02-02,0.22056099536196641,0.85457963047024643,0.28427225413686863,1.0801804088699996,-0.0075708109051002047,2021,True,21,4
2021-02-03,0.2849406517662107,0.83912999879715688,0.31559138332711173,0.99173704083392022,0.0031825177190227009,2021,True,22,4
2021-02-04,0.10863657282462073,0.87620090675799345,0.2725801587433071,0.86828547563180714,0.015225390260606299,2021,True,23,4
2021-02-05,0.24146800455142634,0.9166986811378447,0.30645902711230333,0.9141957976578563,0.022104562341126403,2021,True,24,4
2021-02-08,0.15949756956074021,0.90746867096974315,0.33795274646646889,0.86867025537574882,-0.0005279364493888663,2021,True,25,5
2021-02-09,0.4808907992528777,0.83229318189451373,0.4197767481614269,0.85328281269581208,0.014666159360719288,2021,True,26,5
2021-02-10,0.11014785166718692,0.84195050002491634,0.38703617974183169,0.95633636372212361,-0.010995465415789631,2021,True,27,5
2021-02-18,0.062927442659672608,0.89495806093649322,0.36293166870395105,1.0746741577310914,-0.0048279832106172581,2021,True,28,5
2021-02-19,0.016906618116725506,0.88428292000747,0.35763142730008374,1.0475822854539107,0.019726587398783531,2021,True,29,5
2021-02-22,0.33132164407810805,0.87895871807872872,0.38010039773732601,1.1347494508341838,0.01362491312467891,2021,True,30,6
2021-02-23,0.0061750479295382037,0.8859819740291166,0.3400607617827906,1.1671482779205971,-0.0018284922410954096,2021,True,31,6
2021-02-24,0.26784316908406419,0.93197744694582296,0.40372381010112335,1.1670891818154572,-0.0082627663092428149,2021,True,32,6
2021-02-25,0.21505827629802277,0.8519692243135073,0.47116701172575826,1.1549279661020351,0.00023955561806788595,2021,True,33,6
2021-02-26,0.27680405164007799,0.88564016295937231,0.44319841819888584,1.1656637040608568,-0.0004987640181342574,2021,True,34,6
2021-03-01,0.41616755530406824,0.89204845653008458,0.42312222122700144,1.2459561466029199,-0.0018686548093674266,2021,True,35,7
2021-03-02,0.065756176470784397,0.92621299545068969,0.40848559365448034,1.1535856610522528,0.0068887494935415371,2021,True,36,7
2021-03-03,0.099744303930755965,0.91960135368841445,0.3206254054558037,1.0930266240607598,-0.0081275231040328511,2021,True,37,7
2021-03-04,0.44950364045518809,0.89090861048958536,0.32371652892246267,1.1203813626322614,-0.0012672589470074862,2021,True,38,7
2021-03-05,0.051856994103584825,0.92055156303539409,0.41472197246807996,1.1800791526963454,-0.0048835500459415097,2021,True,39,7
2021-03-08,0.65430178780762671,0.73424740808735811,0.73182908257211099,1.0583377090251807,0.040309327612385169,2021,True,40,8
2021-03-09,0.23812274284635709,0.8980936304665309,0.54681050564575706,0.90069448661697915,0.018116319561447006,2021,True,41,8
2021-03-10,0.021004553932717961,0.95841135441534886,0.50587964462088919,1.071082994396938,-0.029363188466089894,2021,True,42,8
2021-03-11,0.31226228936202233,0.90110620635777183,0.45549230660271789,1.0804254358061527,-0.027830252537327235,2021,True,43,8
2021-03-12,0.087980120924453176,0.86207349175096981,0.44416797711950934,1.0699544198748872,-0.019301117072437368,2021,True,44,8
2021-03-15,0.34747433141952005,0.92308112846463941,0.3118908927052973,1.1902993170125724,0.033672179013293384,2021,True,45,9
2021-03-16,0.035125340024669466,0.93658735519991987,0.25819211096147543,1.4406930728626322,0.0031429324132547483,2021,True,46,9
2021-03-17,0.22295457686315687,0.90598268860892206,0.28153765157881461,1.2794628785734528,-0.0096614544162193401,2021,True,47,9
2021-03-18,0.086558246707812855,0.83962791443407103,0.30147201688430342,1.2823876142439792,0.0013171348895940037,2021,True,48,9
2021-03-19,0.11445446644935346,0.95120234792843861,0.276411181260873,1.2994056101814377,-0.016219690376658442,2021,True,49,9
2021-03-22,0.1545049341828009,0.86862982700566949,0.16208139641246772,1.1870893774798525,0.0072618359118734243,2021,True,50,10
2021-03-23,0.076670361110591612,0.94802596387310423,0.17744413828611025,1.195007596906241,0.013951576125937672,2021,True,51,10
2021-03-24,0.21432202158523944,0.95839256094886083,0.17246005274724108,1.2536417327360796,0.0021222586977802617,2021,True,52,10
2021-03-25,0.024855881885038494,0.90745211179852647,0.20074000551709725,1.195479299419401,-0.0097729043984620869,2021,True,53,10
2021-03-26,0.54247609454040502,0.89648374163321831,0.31345228147949156,1.3059578389900792,0.0066556557194465136,2021,True,54,10
2021-03-29,0.092993447513376362,0.91130756655725431,0.3655537407101232,1.264966355209159,-0.011482606226355876,2021,True,55,11
2021-03-30,0.043869133414442506,0.92511492192337208,0.36348569053205543,1.2729285507217756,-0.0034423797345599309,2021,True,56,11
2021-03-31,0.00017576169725795339,0.90044133313660424,0.39368393072452829,1.0927303806645223,0.0029742189537231337,2021,True,57,11
2021-04-01,0.26200720513920622,0.87592262229301288,0.57746724814862138,0.98268795461962799,0.0071146121395438454,2021,True,58,11
2021-04-02,0.40366317193886025,0.89093014123821579,0.53172712521802301,0.93515971663725461,0.018953338029204195,2021,True,59,11
2021-04-06,0.068157797415748747,0.89425823213318112,0.5311118490772373,0.94085149039830962,-0.012982100398848536,2021,True,60,12
2021-04-07,0.038630494037098971,0.84494814982339661,0.50756633710427213,0.89353490074785413,-0.0028904186953326201,2021,True,61,12
2021-04-08,0.11209000967499554,0.84877475101318478,0.46679523625331032,0.91606469924938394,-0.018172348996762785,2021,True,62,12
2021-04-09,0.32043307453027564,0.91536888517387505,0.43704755876000817,1.0887420173491964,0.0076231266684867807,2021,True,63,12
2021-04-12,0.33563465425325639,0.93816212327205506,0.46396849054119665,1.0889326333728027,0.0065730484941834057,2021,True,64,12
2021-04-13,0.029233720332170893,0.93155908590853398,0.43845813478853179,1.0736241951512173,-0.00019349810271237269,2021,True,65,13
2021-04-14,0.19914937109005668,0.86370676246848921,0.41847057048012709,1.1363608335962516,-0.017438420089033981,2021,True,66,13
2021-04-15,0.1349666142464066,0.91414343706557133,0.45213273821024108,1.1872708676936456,0.0024714519784250822,2021,True,67,13
2021-04-16,0.16180043117620099,0.88253401003956033,0.43162408027455401,1.1301152793237805,-0.0104682111952531,2021,True,68,13
2021-04-19,0.42970618081882744,0.80932709422031579,0.43125512364789542,1.0139874813156535,0.0030433481229237723,2021,True,69,13
2021-04-20,0.13132067608765691,0.92474967224828852,0.45147300443095467,1.0797273240807348,-0.022634578990411883,2021,True,70,14
2021-04-21,0.059673411862445999,0.82875366722644617,0.48207427375710576,0.93900698025718232,0.0032491663242045078,2021,True,71,14
2021-04-22,0.27876106322398864,0.88617507188844402,0.47550832088746897,0.95545348290885956,-0.013376023758488446,2021,True,72,14
2021-04-23,0.11227248108355158,0.89392742751184806,0.40791093062867978,0.9095927435300043,-0.0018537115002381431,2021,True,73,14
2021-04-26,0.038592423458462817,0.89216536008260605,0.29858703959207922,0.95814663906691377,0.011129299170467819,2021,True,74,14
2021-04-27,0.043658791338028545,0.91173811761646184,0.29898165021709849,0.91443099884164469,0.014612042843371875,2021,True,75,15
2021-04-28,0.19593712351456036,0.91366002334028329,0.29950807707985366,1.0480691119776806,-0.01393324217201722,2021,True,76,15
2021-04-29,0.0024562582133830814,0.90777674364767524,0.21255300338996255,0.99315417300375597,0.010113770773774252,2021,True,77,15
2021-04-30,0.02359611492384138,0.8627427059541648,0.17587357686011837,1.0146925019610042,-0.0056121071098071944,2021,True,78,15
2021-05-06,0.12889201812511711,0.90461922217973878,0.29806740781217095,1.0274547455312546,-0.012265625295404002,2021,True,79,15
2021-05-07,0.60853990440134553,0.82372407293302996,0.50672619893492477,1.1168225477018032,0.02556107070316796,2021,True,80,16
2021-05-10,0.12515036348950126,0.9174434816660999,0.54277729944292064,1.058234294255094,0.0096502714428910279,2021,True,81,16
2021-05-11,0.052631389700845695,0.91463212701338992,0.5659288050347957,1.0812848239208988,0.0072349610836067472,2021,True,82,16
2021-05-12,0.19614026162674941,0.89749794413741235,0.6189967776164006,1.1312888655324429,-0.0032965597805631047,2021,True,83,16
2021-05-13,0.051206159594789469,0.92086349503268761,0.62520081330081423,1.1344295318878204,0.0028901905271219892,2021,True,84,16
2021-05-14,0.37863120954584079,0.8868138962648382,0.59163324202156964,1.0512218136062068,0.0060627929642584092,2021,True,85,17
2021-05-17,0.36758167603069419,0.85756562328343588,0.58178879971191721,1.0033697614145749,0.026845802978272507,2021,True,86,17
2021-05-18,0.13849769550583382,0.88441624325459156,0.59686250207559244,1.0149845839577991,-0.0071283227643681966,2021,True,87,17
2021-05-19,0.072230591968790336,0.88543698627487377,0.56685226143183998,1.0014423051225914,0.00041229768592332741,2021,True,88,17
2021-05-20,0.051178819341255281,0.94448618353591163,0.53023639689785451,1.1263074710043295,-0.024051470456612808,2021,True,89,17
2021-05-21,0.18669877033505944,0.90379563469613555,0.31459959026704581,1.2688884544470544,-0.0079616719019589607,2021,True,90,18
2021-05-24,0.23286669177463618,0.7958133177907788,0.33022232765066301,1.083579417437319,0.010030493750222757,2021,True,91,18
2021-05-25,0.66779757159717379,0.86308043254998656,0.49635357783483486,1.0698102294864158,0.029213704367246723,2021,True,92,18
2021-05-26,0.11342254698791601,0.83235020800827808,0.57751126983040635,1.0144291330280433,-0.012749033475539419,2021,True,93,18
2021-05-27,0.40584172383965966,0.88528496744137197,0.67294312817539792,0.89571980175924293,0.0013695884357064955,2021,True,94,18
2021-05-28,0.14332534502720534,0.76001390106772759,0.63280314596504361,0.63551237283511219,0.021029874530847786,2021,True,95,19
2021-05-31,0.62035242844210237,0.85380902475802367,0.60563944416052495,0.77270006349948717,0.036586380102214898,2021,True,96,19
2021-06-01,0.18634868120197481,0.80831353523842875,0.4664140590756059,0.75037439023074159,0.0068392950493837588,2021,True,97,19
2021-06-02,0.34796102175388544,0.86275131660359705,0.42513786100256906,0.82694959505645893,0.011033176449540919,2021,True,98,19
2021-06-03,0.13023763937496666,0.84123747510775548,0.35217054165934736,0.79222914547190915,-0.0049044985655245848,2021,True,99,19
2021-06-04,0.15154714299053512,0.8114442918361594,0.29211581881645882,0.94697069859290828,-0.0089371515815232956,2021,True,100,20
2021-06-07,0.0211816784810329,0.92969952148349455,0.17021015813868293,0.92016404503391525,-0.017258652822748553,2021,True,101,20
2021-06-08,0.16310769936412456,0.8868127911495024,0.13727577388875206,0.92201630500967147,0.01367797050743054,2021,True,102,20
2021-06-09,0.096649884917910836,0.83346421555611472,0.093809730382756903,0.87864493997298798,0.00013783384998774397,2021,True,103,20
2021-06-10,0.29526620467782461,0.90456323698063001,0.13651094185086943,0.96413334596685141,0.0075586040468982197,2021,True,104,20
2021-06-11,0.14744087683984827,0.89129431612056831,0.15341425459309338,1.000518443952048,0.00076917022474461637,2021,True,105,21
2021-06-15,0.10846606527598053,0.87182500881202762,0.16266642899796249,0.9624484277020019,-0.0087032486606814698,2021,True,106,21
2021-06-16,0.35957457497798573,0.84169998018369097,0.18985195370082059,0.93072683839640524,0.029462514313646656,2021,True,107,21
2021-06-17,0.49628624857363446,0.84363888009212618,0.39427750574437231,0.96096021906085949,0.021402392637099307,2021,True,108,21
2021-06-18,0.15447748924921975,0.86729407669142078,0.44923881037516683,0.95837331558005923,0.0039725517344606038,2021,True,109,21
2021-06-21,0.26957304692087797,0.9180348162287264,0.48845813151666728,1.0073860072957461,0.011455998075050908,2021,True,110,22
2021-06-22,0.054092545529764224,0.89026430009245883,0.52116512197920273,1.0035072942555334,-0.0050349570671020839,2021,True,111,22
2021-06-23,0.097738557684944077,0.85286157492007053,0.52358673333466121,1.0019937990599597,-0.00702234393610357,2021,True,112,22
2021-06-24,0.31434699284890499,0.81293242469595006,0.42128741619968435,0.99510987920005156,0.0038134622429087778,2021,True,113,22
2021-06-25,0.27058301769688314,0.90187052576159421,0.39660262059867513,1.0212325503100927,0.012509923729678057,2021,True,114,22
2021-06-28,0.27359835757016138,0.80341417416168026,0.38410250833713655,0.90647869931966929,0.024146316030807684,2021,True,115,23
2021-06-29,0.0083655034271486167,0.83852147574827618,0.37615938116091763,0.8770906285197384,-0.019182077467049641,2021,True,116,23
2021-06-30,0.26265406690668447,0.7266789708620538,0.36475278703804903,0.87482758270304251,0.0067207605267268489,2021,True,117,23
2021-07-01,0.065501379162236514,0.85620886769772597,0.35902035007131416,0.76773620107030982,-0.015459654936932504,2021,True,118,23
2021-07-02,0.24261588608830459,0.88495456452830634,0.26087613399711979,0.73701325699155529,0.017675774069953711,2021,True,119,23
2021-07-05,0.28945515262997423,0.84737168793583828,0.18099634073694743,0.82958431476693395,-0.028598842421251883,2021,True,120,24
2021-07-06,0.24351284874697782,0.78713086413018774,0.15219079692134824,0.74790758641858757,0.0013897694061372251,2021,True,121,24
2021-07-07,0.29191367768092902,0.894704556683935,0.21846904931690694,0.82205267789222125,0.022364936755553493,2021,True,122,24
2021-07-08,0.25496821227729194,0.877222884194097,0.21863417347828895,0.86607850974913481,-0.014490831665361768,2021,True,123,24
2021-07-09,0.18429963643476169,0.78266119595054251,0.20600165633490686,0.88000140805166494,-0.019855179991053858,2021,True,124,24
2021-07-12,0.15178923757340995,0.92155323783514564,0.22565576110856883,0.85227368244703117,-0.0050987291495025516,2021,True,125,25
2021-07-13,0.079482669291856406,0.91618323307158545,0.26632643931122774,1.0458539638748259,-0.012500824659963349,2021,True,126,25
2021-07-14,0.24510071632374553,0.937760595229157,0.23176954419963638,1.0518286626529445,0.00073686583435725555,2021,True,127,25
2021-07-15,0.034113907465325763,0.93803236860183137,0.26118735374089685,1.1870260985483001,0.015320562441046589,2021,True,128,25
2021-07-16,0.33502883728059885,0.91549548630125865,0.38051987517193875,1.3136286334430851,0.010354201466012359,2021,True,129,25
2021-07-19,0.098504836428625037,0.92963460801743136,0.38200052904639165,1.3250126135052909,-0.014507758087077455,2021,True,130,26
2021-07-20,0.088338539704389471,0.92550599009570522,0.43401103664001939,1.3409217142954071,0.0082871568032258161,2021,True,131,26
2021-07-21,0.46566984387903548,0.694294302143738,0.45094553874355636,1.1895306265495194,0.024844890422154303,2021,True,132,26
2021-07-22,0.15825389093368666,0.9426705880539582,0.43870752586364298,1.1290217940384397,0.016520399203451702,2021,True,133,26
2021-07-23,0.12123808333584386,0.91181188675888036,0.35774614489857698,1.0711828772186107,-0.010864327254162974,2021,True,134,26
2021-07-26,0.032675597779411793,0.85477884356126133,0.33165429925409246,0.78102162525096908,0.034471809094700094,2021,True,135,27
2021-07-27,0.042560748367601459,0.84383523513688363,0.26950291338829646,0.69591175772442504,0.073905447958095713,2021,True,136,27
2021-07-28,0.082134814539885359,0.8987397737092051,0.16432125462080321,0.76151392589131495,0.019873891282475159,2021,True,137,27
2021-07-29,0.37444269084153858,0.91045378931095877,0.19806061123009727,0.86191750303648851,0.037589484367700127,2021,True,138,27
2021-07-30,0.015104389801711466,0.90229210059772147,0.19459980747453517,0.8873516092669419,0.0049973948303332263,2021,True,139,27
2021-08-02,0.044829044158392388,0.93425055026389214,0.18560642404097091,0.9780267532473822,0.010178023021412288,2021,True,140,28
2021-08-03,0.1733901659560928,0.95332065801758081,0.16637823241774627,1.1435969335853928,-0.012580922488091539,2021,True,141,28
2021-08-04,0.35929567924650063,0.82551271673940729,0.21301608870956967,1.3331027782593463,-0.0016238509051968056,2021,True,142,28
2021-08-05,0.0069977837501242939,0.93635750643577464,0.12827663447443491,1.2364893728116266,-0.032258886066160938,2021,True,143,28
2021-08-06,0.12599974831399033,0.93420654113695689,0.16007218020609681,1.251699343609032,0.014890350120753156,2021,True,144,28
2021-08-09,0.096850880868250916,0.9090593360796444,0.16959348285978915,1.2366417266760596,-0.011608644566847393,2021,True,145,29
2021-08-10,0.11359351931155226,0.90699182160126801,0.1786872990266595,1.2008321712870931,-0.018481932960719108,2021,True,146,29
2021-08-11,0.079462732119140525,0.87110074953912953,0.14781369485847509,1.1361507946243856,0.0026741840362599517,2021,True,147,29
2021-08-12,0.061149801937393729,0.92862734060864005,0.17082641410039714,1.0919364993327738,-0.01458703431568268,2021,True,148,29
2021-08-13,0.25574280409784972,0.87610512331860291,0.2014355487210395,1.1304439442015315,0.015438507860732061,2021,True,149,29
2021-08-16,0.041710283080566152,0.94866568693488174,0.25810995491192695,1.1960602787172967,0.0075965026594975171,2021,True,150,30
2021-08-17,0.33908480824368975,0.93701110464656412,0.33865845737232192,1.1415962288902337,0.021623725042313611,2021,True,151,30
2021-08-18,0.010423598879335187,0.93542467432599452,0.349915289925258,1.2144243884972403,0.0025120031917791898,2021,True,152,30
2021-08-19,0.34164661326968054,0.87953975770164594,0.35997114770748906,1.212673811186421,-0.012898166436296186,2021,True,153,30
2021-08-20,0.13073619901766606,0.86823661842522171,0.30887345516989617,1.1273380539922766,0.00046288856593421383,2021,True,154,30
2021-08-23,0.3608116405886625,0.75574289998460187,0.30388607520952149,1.0253200020497526,0.011129093097296284,2021,True,155,31
2021-08-24,0.14504399938903606,0.85151051585222015,0.25742178042427716,0.96623542994881684,-0.021576937854450095,2021,True,156,31
2021-08-25,0.39533014342469025,0.76071364282082743,0.34744608740611588,0.90274382074160398,0.013414401798688136,2021,True,157,31
2021-08-26,0.44973603020391156,0.91543209925974944,0.45801257574144494,0.86641595115452863,0.018571512628885428,2021,True,158,31
2021-08-27,0.17386677779819648,0.9132353822572622,0.5731485866910957,0.87906154661403824,0.001903453634492291,2021,True,159,31
2021-08-30,0.082089406667940248,0.75660877757150413,0.59194496764727544,0.81278304327049589,0.0089836581287693999,2021,True,160,32
2021-08-31,0.29603012681815394,0.91044021228047789,0.66083942664813311,0.90545007063366545,0.0091265648295746002,2021,True,161,32
2021-09-01,0.1184896436931084,0.93647521154958546,0.61406404472983711,1.0064555073535735,-0.0070183631317479889,2021,True,162,32
2021-09-02,0.28250624964082049,0.95122854698177206,0.55398194893187791,1.0706006045978722,0.001226765676121705,2021,True,163,32
2021-09-03,0.010651308183886925,0.85977821001651555,0.43019888789025967,0.99069979326176527,-0.017278391343190432,2021,True,164,32
2021-09-06,0.37273872603721708,0.91181643303053239,0.39097921451971634,1.2180840827091997,0.011544019822302942,2021,True,165,33
2021-09-07,0.0059701362056763388,0.96723104376856672,0.27991338947880645,1.2321413909414263,-0.013129760014905262,2021,True,166,33
2021-09-08,0.25596129785499699,0.94888475258555238,0.29939439069817142,1.2354175867229527,-0.0011064621064005211,2021,True,167,33
2021-09-09,0.13570605066662358,0.91135455989070258,0.27159834588937432,1.1515084939894369,-0.012543701839811581,2021,True,168,33
2021-09-10,0.23238406706989631,0.88693103948932139,0.32976604433406154,1.2243802962614529,-0.0023757463334642807,2021,True,169,33
2021-09-13,0.54531679425215152,0.85416418998534271,0.31937908797584774,1.0076549293777537,0.015782044434558908,2021,True,170,34
2021-09-14,0.15296693304430847,0.87105404820010868,0.3236569172212892,0.94189795890339112,0.0034764703257143519,2021,True,171,34
2021-09-15,0.16437602338563248,0.89739206072354349,0.35846986118471769,0.91099553381513509,0.00068867804426359254,2021,True,172,34
2021-09-16,0.3691654009702629,0.88972854461979412,0.43695007329713831,0.9163766271699032,0.014409698038480223,2021,True,173,34
2021-09-17,0.014502521783874581,0.93221963907805794,0.44107711069458572,1.0162277051011308,0.00058093299504802145,2021,True,174,34
2021-09-22,0.068513081725321764,0.9767879168374286,0.45118288107003535,1.1684167719840106,-0.016083521976450996,2021,True,175,35
2021-09-23,0.13113177823448194,0.87679364342342203,0.45816927047033745,1.1432146249212753,0.0048982698271263225,2021,True,176,35
2021-09-24,0.14951797128127006,0.85383024284950226,0.3514587795929508,1.0601060002313103,0.014889546602846811,2021,True,177,35
2021-09-27,0.051611331686368493,0.92419198528155566,0.20627671010186582,1.0247593702264901,-0.019918538871768199,2021,True,178,35
2021-09-28,0.15859366594514138,0.92274299531176163,0.21743706267537968,1.1608799018287539,-0.0033142616918809742,2021,True,179,35
2021-09-29,0.084695760507528708,0.91321649397878257,0.1922959662513411,1.0496703978237918,-0.00099833141828611872,2021,True,180,36
2021-09-30,0.37992602159986444,0.89880804382425661,0.17746916395121787,1.1969689500633545,-0.01216387199008785,2021,True,181,36
2021-10-08,0.058439597748081551,0.83810384034462548,0.17324894734047425,1.2360080164657161,0.0049754103284707293,2021,True,182,36
2021-10-11,0.2023493586158818,0.87772233709171088,0.24912683411681885,1.2997991592992439,0.012550136680808158,2021,True,183,36
2021-10-12,0.38154633217260797,0.83046245359346016,0.30362136720566413,0.94205273505657083,0.023124756622204458,2021,True,184,36
2021-10-13,0.3185477455909298,0.89007080708983621,0.32992036897695692,1.0108948733906948,0.0058598480011005129,2021,True,185,37
2021-10-14,0.034810800152009665,0.94145874279380881,0.33943887938050793,0.95426288098162837,-0.0022537830535368925,2021,True,186,37
2021-10-15,0.22614137729227413,0.91999436721291195,0.37999144221133935,0.93300643791644666,0.0011427935354722319,2021,True,187,37
2021-10-18,0.13590866605841395,0.89498341237229551,0.32873231290455596,0.91807984744518167,0.019225502070954154,2021,True,188,37
2021-10-19,0.23937631008752652,0.89686643580502423,0.3020586775398591,1.1452715819262547,0.0058764141512098493,2021,True,189,37
2021-10-20,0.089967883836242504,0.93483869878061732,0.28924392644593505,1.1431157339998743,0.0078447767115685414,2021,True,190,38
2021-10-21,0.17186470813103322,0.90822694051317654,0.27509273951667124,1.0487920935909598,-0.0040199457281810983,2021,True,191,38
2021-10-22,0.079647563519169476,0.94762538686694298,0.2690007167721975,1.2262354317212079,-0.00037511839163125495,2021,True,192,38
2021-10-25,0.15922813359815324,0.94698659107017535,0.25475967419460283,1.402559503923688,0.0051935480565528979,2021,True,193,38
2021-10-26,0.063635208957295394,0.92211525351496271,0.20234527680574915,1.3663886406060384,0.0027306751728429302,2021,True,194,38
2021-10-27,0.2074677073119168,0.92746105765248132,0.23340549556692861,1.3809545289356167,0.014436687905940427,2021,True,195,39
2021-10-28,0.060514460871739,0.96306912041644532,0.30566375174922727,1.3998052340475677,-0.0073298601499738707,2021,True,196,39
2021-10-29,0.42279711770887746,0.92571514857655124,0.5028327185433068,1.4840572830630696,0.012710295403405278,2021,True,197,39
2021-11-01,0.094763787777266933,0.90106269790402649,0.51608929934963321,1.2523627935148975,0.00091343640597959315,2021,True,198,39
2021-11-02,0.012006290836197432,0.89549133129165515,0.41986432612219526,1.1565512031883149,-0.014271148123077341,2021,True,199,39
2021-11-03,0.062228880496286998,0.89065738319239107,0.38506963777061948,1.106837761903404,-0.0012253109139792218,2021,True,200,40
2021-11-04,0.15283025021430602,0.92128538987307373,0.35545281196716116,1.1149908607715346,0.010851239505885044,2021,True,201,40
2021-11-05,0.18142718787997292,0.93509990483988903,0.22741468125179418,1.0472245593301448,-0.0026736183108441169,2021,True,202,40
2021-11-08,0.064294696864304959,0.91678557719218867,0.16062889323913343,1.0849852670652056,0.0080849097249824607,2021,True,203,40
2021-11-09,0.31714626710694305,0.9184762990375902,0.24490520674693447,1.1346654799951383,0.005782471244982797,2021,True,204,40
2021-11-10,0.00072736100343399803,0.87338705226279278,0.29277137938153447,1.1019252823096928,0.0079500456744744236,2021,True,205,41
2021-11-11,0.25344458374736206,0.82179734331459842,0.35027530145652575,1.0325273353691811,0.0075789460349059493,2021,True,206,41
2021-11-12,0.045004444263178157,0.94941722289734087,0.33453431569730907,1.0732248907230091,-0.00581699859669094,2021,True,207,41
2021-11-15,0.12190228414530857,0.90208459753719927,0.32586943603074403,1.0775846729995067,-0.013601551315947442,2021,True,208,41
2021-11-16,0.19190179793392279,0.84596897594181053,0.2750627132155356,1.0964568993379331,-0.0022318950964207184,2021,True,209,41
2021-11-17,0.24026728254480986,0.89095814108150151,0.25233729228206536,1.083836641932761,-0.0033015064032305493,2021,True,210,42
2021-11-18,0.17643957104137833,0.83526904707645677,0.19557952291860706,1.0125941823518467,0.0079920137427075891,2021,True,211,42
2021-11-19,0.30778667171815638,0.87495441627408044,0.349103577613601,0.93895944238699292,-0.015487581420315462,2021,True,212,42
2021-11-22,0.48784944542885134,0.90471387898297839,0.43956624539602662,0.98466039585931853,0.025402513164842749,2021,True,213,42
2021-11-23,0.069969363945033225,0.94133718350067841,0.47179778854263743,0.97809848582096892,-0.0027256708451961881,2021,True,214,42
2021-11-24,0.062523250035729491,0.91805587568104507,0.47541828417579729,1.0806977615718119,0.0030604868395622598,2021,True,215,43
2021-11-25,0.072598775137944827,0.93876975017466935,0.51936000763892476,1.2372539439664572,-0.0035940870215956759,2021,True,216,43
2021-11-26,0.13633142918782853,0.88538909639071639,0.4841537133170129,1.2373742701526389,0.010972866399087636,2021,True,217,43
2021-11-29,0.17694887000462414,0.95418043480896275,0.27700633485914461,1.2719616185477534,0.0060508561639809489,2021,True,218,43
2021-11-30,0.056909997475513271,0.91747496740281009,0.25799059902591637,1.2137809991275783,-0.003031385745636001,2021,True,219,43
2021-12-01,0.38239939319460126,0.8772328993506785,0.41689762779347711,1.1260640513844169,0.0064622434232081572,2021,True,220,44
2021-12-02,0.37155485134071065,0.89600031076338182,0.47471783113595906,1.0437883821186638,-0.0012880657146881037,2021,True,221,44
2021-12-03,0.25571978149287755,0.88661075252260302,0.48682660227549418,0.9920696844272896,-0.00082670293828691985,2021,True,222,44
2021-12-06,0.56157696120186185,0.88373804701565462,0.55497667147093788,1.0013113628051593,-0.00089473383408242779,2021,True,223,44
2021-12-07,0.203281789180634,0.83559193562502332,0.5511766844362157,0.86291432411879343,0.011948157108048583,2021,True,224,44
2021-12-08,0.37035180510119325,0.93638912860246271,0.50860753442472761,1.0046159682099156,0.018426340305170909,2021,True,225,45
2021-12-09,0.32221014891336497,0.81226996418951924,0.50882611353198626,0.95973023591962758,0.0070239023001472355,2021,True,226,45
2021-12-10,0.020666618698157529,0.91104911906391983,0.51208603479289116,1.0320729231559462,0.0056435941011382298,2021,True,227,45
2021-12-13,0.17673782481114389,0.92048220518953539,0.44246627630991203,0.97903348038990423,-0.0041705944912796182,2021,True,228,45
2021-12-14,0.10519667663380074,0.95132714835300269,0.46715171100750186,1.2507949031334713,5.8106041135921427e-05,2021,True,229,45
2021-12-15,0.27182732560795475,0.92697436418396839,0.51696997684279844,1.0800287158019402,0.010816034456746842,2021,True,230,46
2021-12-16,0.017434712240828858,0.94740451802336467,0.57853069511338595,1.2306407918539048,-0.013009500715214962,2021,True,231,46
2021-12-17,0.4628596852754131,0.80820875941153736,0.72222651002181859,1.1217313787942633,0.014587665075674036,2021,True,232,46
2021-12-20,0.44074777098246926,0.88769117020867017,0.77724511800013318,1.0208521214449977,0.024595666662160592,2021,True,233,46
2021-12-21,0.16164769343432395,0.88538652785562144,0.65462940140101311,0.99873117137679712,-0.0093230617995033564,2021,True,234,46
2021-12-22,0.0074592794645176536,0.91367050056827004,0.59408782925964532,1.0281733133590554,0.010357382909687705,2021,True,235,47
2021-12-23,0.013759141807061266,0.96413026959876424,0.53629914284273938,1.0795642697103904,-0.017358107369214879,2021,True,236,47
2021-12-24,0.23665738038481629,0.8935529640717893,0.39550924222220457,1.1175031421717725,0.0040907493703229419,2021,True,237,47
2021-12-27,0.048092068769061566,0.95139994486511437,0.24428368803970665,1.2426266377334385,-0.0038936960240862602,2021,True,238,47
2021-12-28,0.24813717458554732,0.91964921776568953,0.27527122087658484,1.2549451981719622,-0.0024293852709207789,2021,True,239,47
2021-12-29,0.24349450394605329,0.88842994916108298,0.31075741539933699,1.1446543451757518,0.00048989120966513693,2021,True,240,48
2021-12-30,0.3349385929490441,0.82873971650253009,0.34182802893535291,0.98231960031599674,0.013080999922681837,2021,True,241,48
2021-12-31,0.38010590135403627,0.86919535512785329,0.33501269481614504,0.87020539078381909,0.016575084649364625,2021,True,242,48
2022-01-04,0.42604628394937061,0.74918072104409972,0.49238033878103193,0.72995599695014857,0.010733062472748004,2022,True,0,0
2022-01-05,0.45865608786552087,0.8507708663746405,0.60378229349149282,0.74277665431270312,0.021566724233159799,2022,True,1,0
2022-01-06,0.16311374252212824,0.88107402296626969,0.57748409147433588,0.75663760326092733,0.0076783184461697209,2022,True,2,0
2022-01-07,0.21480148745758529,0.91361518249260731,0.55613507086809599,0.80183644058077874,-0.0036639036301732049,2022,True,3,0
2022-01-10,0.14889616938908451,0.85087200115254924,0.47402331853802226,0.84934744300442466,-0.004099556754959488,2022,True,4,0
2022-01-11,0.3759641693210149,0.87497477927135681,0.41064670069356857,0.90821741592791216,0.013550145342281647,2022,True,5,1
2022-01-12,0.30903329668936913,0.87390013584019,0.24191577266792599,0.86080740149579271,-0.0050560029700673758,2022,True,6,1
2022-01-13,0.28289465537033409,0.87065544331866018,0.17425627465657362,0.89008506525761144,-0.01846625202584987,2022,True,7,1
2022-01-14,0.258620077362953,0.88935213416330261,0.22580844101561431,0.88892412271476406,0.0037513743669717204,2022,True,8,1
2022-01-17,0.35137845579811272,0.8616905190861508,0.31540749063421708,0.95917963079601865,-0.0060395104767822531,2022,True,9,1
2022-01-18,0.056220486138183215,0.83872774582562992,0.29298075449898831,0.93417255428394153,-8.891420170624182e-05,2022,True,10,2
2022-01-19,0.25185356815639204,0.90467880173813919,0.35783474031115065,1.0342758744139569,-0.0037302735012041577,2022,True,11,2
2022-01-20,0.25747391354706528,0.9495076380750731,0.45793387497535709,1.1479930773083185,0.0075154222408668698,2022,True,12,2
2022-01-21,0.19646627055637328,0.96654731049957254,0.44315894690464519,1.2469438076936874,0.003102743556931944,2022,True,13,2
2022-01-24,0.23459280416623302,0.82099492198801627,0.3616505675904782,1.2218609481481533,-0.018434493433880334,2022,True,14,2
2022-01-25,0.42405590338675619,0.85561358202387139,0.46020206716006967,1.419846035142754,0.0036661466817081369,2022,True,15,3
2022-01-26,0.0068428978085057829,0.92529147925956634,0.46981247218395206,1.3141424700009583,-0.026046098808860465,2022,True,16,3
2022-01-27,0.40814854779691961,0.88147048650719828,0.47175692563203098,1.2113974435709252,0.0092075624083011922,2022,True,17,3
2022-01-28,0.098044178974984228,0.88279910158355179,0.39252554316614185,1.1067304077514744,-0.014606857543109603,2022,True,18,3
2022-02-07,0.048520657610995638,0.91202730472188465,0.40611088858180194,1.1805294253865961,-0.033331259196475817,2022,True,19,3
2022-02-08,0.30695678777588375,0.88649191514243086,0.41406060513531567,1.1475083636368013,0.031697763547530698,2022,True,20,4
2022-02-09,0.095325209710350134,0.82152888675112601,0.38306752058141175,1.0948317696834886,-0.02626837656929381,2022,True,21,4
2022-02-10,0.26303042702660595,0.90839359439927503,0.3600839458311742,1.1303658123210092,0.0046198066803888552,2022,True,22,4
2022-02-11,0.29998779574058432,0.94842530728732066,0.41604968161932288,1.1811564459492327,-0.0018363645469326698,2022,True,23,4
2022-02-14,0.0018594432867461016,0.91573154610320773,0.42927959437024293,1.0031516977757478,-0.0093932155303451809,2022,True,24,4
2022-02-15,0.43273974621048422,0.87976748900182022,0.39985289630348403,1.0563973527184345,0.010607666173445506,2022,True,25,5
2022-02-16,0.1013385929633055,0.95520362206030096,0.43766383644344908,1.1342897880261973,-0.010085952848171374,2022,True,26,5
2022-02-17,0.14312529755953138,0.92004780768031391,0.39934783512413335,1.0611957188856329,0.0039106186197354767,2022,True,27,5
2022-02-18,0.055985985432459438,0.93284585705769185,0.34980865937330335,1.061544408466196,0.0011483404082449982,2022,True,28,5
2022-02-21,0.20193173087877075,0.88006379724255945,0.34610912786032161,1.1999950137636473,-0.0041004019531946326,2022,True,29,5
2022-02-22,0.11421746429632881,0.87359204052979744,0.26846269891312213,0.83640858373083349,0.0074605428487159392,2022,True,30,6
2022-02-23,0.63380027590001964,0.83889040341516641,0.3827267728348121,0.85269090675615189,0.039696228043518987,2022,True,31,6
2022-02-24,0.14466341403063243,0.84679793920068647,0.34122013506699911,0.71225765150669973,0.0025757893284967144,2022,True,32,6
2022-02-25,0.23132380632340233,0.92655474095781565,0.33356421784557333,0.76497456842994016,0.02433419322083091,2022,True,33,6
2022-02-28,0.11643993187828375,0.93465633648200341,0.33083094959692066,0.80196291250491858,-0.015012825756374772,2022,True,34,6
2022-03-01,0.17969156313381676,0.91769523524292196,0.34230833624048035,0.86741279117257275,0.0016451078548195732,2022,True,35,7
2022-03-02,0.11131535373416057,0.90318686151181982,0.23190860340896802,0.82972036904795432,-0.015966153350922122,2022,True,36,7
2022-03-03,0.33789345797776554,0.86077469021702901,0.30836377483146526,1.0846725577906262,-0.0082175680342261755,2022,True,37,7
2022-03-04,0.087422492030646004,0.86618214098236013,0.45319231496003137,1.0022591406624375,0.015712129592247447,2022,True,38,7
2022-03-07,0.39284342244585141,0.91906372575532003,0.54238442371427042,1.0460201129578699,0.01771589685440926,2022,True,39,7
2022-03-08,0.25789134951636755,0.87421975404335639,0.49256953045155444,0.95482423569066965,0.015972849194599716,2022,True,40,8
2022-03-09,0.043254417758905837,0.88123495680879582,0.40978393782288464,0.83674668578909683,-0.004402815897629541,2022,True,41,8
2022-03-10,0.20594034285438823,0.94037126710736996,0.348500199172948,0.98593698650827211,0.0019938097486709564,2022,True,42,8
2022-03-11,0.052428223138278184,0.9436072426359805,0.29279474277267248,1.0201903663828338,0.031414570186217412,2022,True,43,8
2022-03-14,0.30159364327250049,0.91998719303978405,0.22645496674060209,1.0556027901020666,-0.011853839965781683,2022,True,44,8
2022-03-15,0.21216018777484161,0.87492837861917183,0.1759070217845625,1.0491685407696136,0.035498215474186315,2022,True,45,9
2022-03-16,0.17166678406513641,0.89689399324530861,0.20849110180227418,1.091550432727006,0.038747115343108637,2022,True,46,9
2022-03-17,0.14842777360578469,0.92663492802093683,0.24456701334062844,1.0398123279329894,0.034146522330690758,2022,True,47,9
2022-03-18,0.020324376790522743,0.91596994691424127,0.25573573393115323,1.044292500786822,0.01729440373014049,2022,True,48,9
2022-03-21,0.088858986339742957,0.89824069611335411,0.24056769898421326,0.94178375585598217,0.013788551066944849,2022,True,49,9
2022-03-22,0.2374733320961056,0.94045884591664552,0.27350913432946317,1.0205320856608051,-0.0082774821881253791,2022,True,50,10
2022-03-23,0.13953824999678791,0.87203292134526256,0.2507201785722753,1.15949293370048,-0.011458434637247451,2022,True,51,10
2022-03-24,0.10747369795862773,0.92978266377222518,0.23574739921087803,1.0827795999395657,-0.013518160562463501,2022,True,52,10
2022-03-25,0.36382629143240713,0.91775058907658535,0.39148082450291299,1.1192070103598384,0.019435263082883202,2022,True,53,10
2022-03-28,0.22240310429899987,0.8560190035358296,0.45844042761723414,1.1638503924868693,0.007301027295011751,2022,True,54,10
2022-03-29,0.15393709395689439,0.87547949834438854,0.43218654446819715,0.98086425170227931,-0.013489251183788102,2022,True,55,11
2022-03-30,0.48395258178683564,0.83317369319509682,0.40084563740854506,1.0046582702339235,0.0015029211967441045,2022,True,56,11
2022-03-31,0.34060880745277239,0.91066567928039055,0.43030697008584029,1.0185885188537307,-0.0029706501843253129,2022,True,57,11
2022-04-01,0.02565699845873633,0.85382089928750837,0.34952283446583987,0.91229382132828041,-0.0080518561426770711,2022,True,58,11
2022-04-06,0.56233697123135296,0.92239151063672176,0.45279528361968158,0.99342957773401563,0.027573307144849221,2022,True,59,11
2022-04-07,0.27371268868987714,0.94157598790660357,0.57064533933262396,1.2020214826050093,0.0092316387883063979,2022,True,60,12
2022-04-08,0.11985011558665638,0.77626247243099511,0.6214284831902922,1.0053490561231262,0.0016317739509642002,2022,True,61,12
2022-04-11,0.50765680702130089,0.84696570742106758,0.66072633767145883,0.98441563482719807,0.029173962358853864,2022,True,62,12
2022-04-12,0.059440484832592559,0.89798087193388443,0.62989046777879332,0.933746946233033,0.0090084591284037979,2022,True,63,12
2022-04-13,0.38659789444957982,0.84527848962602814,0.52354279969909479,0.9245578243325826,0.00073855754605701214,2022,True,64,12
2022-04-14,0.1168876598621388,0.90014662344852359,0.43017680983207768,0.86214731938547096,-0.030689275425144234,2022,True,65,13
2022-04-15,0.023908866787585231,0.92637442514175006,0.36462418348907349,0.99456495504945552,0.0070890703766245348,2022,True,66,13
2022-04-18,0.38179035051148402,0.81946474478203324,0.25705721245891111,0.95734590170172185,0.024698977064990333,2022,True,67,13
2022-04-19,0.2369508060056093,0.93817083935230383,0.25286088368107362,1.0537247277510091,-0.0050553880528293824,2022,True,68,13
2022-04-20,0.26366243038087672,0.92637407162409058,0.31864326625895989,1.009581237952633,0.011126424967991471,2022,True,69,13
2022-04-21,0.1820546669909632,0.87210482427967362,0.46093599617140635,1.0774898119146896,-0.002869652072571424,2022,True,70,14
2022-04-22,0.20455841084817208,0.85244817110499327,0.64250093895237537,0.93058579001159614,0.009464185026316135,2022,True,71,14
2022-04-25,0.44050207888246906,0.89668146182624131,0.64239091155152594,0.9737435766646898,0.020557264912691539,2022,True,72,14
2022-04-26,0.1746443570173439,0.84064033171219033,0.61717057888387139,0.91825695349869996,0.022391661496216662,2022,True,73,14
2022-04-27,0.27113811984384684,0.87681808267198624,0.53125862170180238,0.79727985810308477,0.040819712346245665,2022,True,74,14
2022-04-28,0.032512758424037572,0.85046643925014365,0.47415457145521039,0.84689436286341147,-0.025318912422813786,2022,True,75,15
2022-04-29,0.38822182522457499,0.8749063376574856,0.45424830379987163,0.90721186575843049,0.047241830057463623,2022,True,76,15
2022-05-05,0.12276994238846976,0.82389568725354911,0.42088966376985487,0.86811326760521945,0.014662259938472907,2022,True,77,15
2022-05-06,0.13753585119358649,0.93968552213136336,0.3840381410749435,0.92510241251957281,0.015821985648825258,2022,True,78,15
2022-05-09,0.069149567326248454,0.86761806526591356,0.4308063993362079,1.096596435632498,-0.018339909032251189,2022,True,79,15
2022-05-10,0.24249938544919719,0.83889615059088585,0.50298783832771909,0.92063077730670018,0.016901195663192807,2022,True,80,16
2022-05-11,0.29989332696737392,0.70779584416512686,0.45176286065395282,0.83486249417967073,0.033475731077349996,2022,True,81,16
2022-05-12,0.1297085825968303,0.89334990482825738,0.4260252588852303,0.81216918140959127,0.005133651152547436,2022,True,82,16
2022-05-13,0.029942360786097008,0.87942103555747619,0.44762232973325666,0.76933899109679393,-0.026948865048007968,2022,True,83,16
2022-05-16,0.1513543865543367,0.94770558383540682,0.40725219583069605,0.84953741596663912,0.011189619463480929,2022,True,84,16
2022-05-17,0.15820484226938505,0.93493372193651436,0.30382591329085357,1.0826172512194414,-0.019322504508155005,2022,True,85,17
2022-05-18,0.045138503206209692,0.94715462373016368,0.18134083473792137,1.4387404060053495,-0.010802062037099516,2022,True,86,17
2022-05-19,0.3001541163578556,0.81461281396654783,0.24347983359592951,1.3446255091496604,0.0017817001753095258,2022,True,87,17
2022-05-20,0.12047478908565498,0.90384605823906583,0.26098445757387911,1.208990181504378,0.0094482885654660342,2022,True,88,17
2022-05-23,0.012769035307211993,0.92076795609435824,0.29966318704063416,1.0987679008495128,0.0070689676013334125,2022,True,89,17
2022-05-24,0.54619768419000092,0.9032264333366975,0.42815109960287545,1.0787093490139279,0.023298235766493463,2022,True,90,18
2022-05-25,0.11484914984977103,0.92862548909883247,0.41672085106722828,1.049308644124582,-0.023814752438071317,2022,True,91,18
2022-05-26,0.024383152825740693,0.8348286849837242,0.32208185801602357,1.0542019100746272,0.0034944943217953888,2022,True,92,18
2022-05-27,0.14320652481463486,0.89593413114445575,0.32155217403510011,1.0938543285899311,-0.017025618591636846,2022,True,93,18
2022-05-30,0.092643417738879352,0.95183718224745228,0.32806234860207889,1.2334127140853635,-0.0014090006421701353,2022,True,94,18
2022-05-31,0.37370468630419146,0.88071226741117603,0.34206983989228218,1.0580486885700908,0.016225762968793724,2022,True,95,19
2022-06-01,0.048464154848814701,0.85776973993829086,0.43852791935071189,1.0212963796069572,-0.035326510734602086,2022,True,96,19
2022-06-02,0.45663259769979869,0.80410464110225721,0.74811002743488164,1.0296502778408581,0.03299220408775505,2022,True,97,19
2022-06-06,0.36676757871807547,0.82019333922640614,0.71947094678306889,0.96321935823298199,0.034780104108809384,2022,True,98,19
2022-06-07,0.10276480510000111,0.92356686830049295,0.69316888955786371,0.94506592143166412,-0.029391363559946541,2022,True,99,19
2022-06-08,0.0024608784559940703,0.8270807991993111,0.5953849165767886,0.877391249275006,0.031193660522023159,2022,True,100,20
2022-06-09,0.32962025612320883,0.86173826256917663,0.54711534094745395,0.88394119558248863,0.0047996401057235601,2022,True,101,20
2022-06-10,0.27188633294462333,0.90046760655033986,0.34772466847255995,0.91606351902270666,-0.0082907734672289183,2022,True,102,20
2022-06-13,0.1628342864528193,0.84993165069360166,0.2370524843107974,0.87784531832808521,-0.024504400714214902,2022,True,103,20
2022-06-14,0.13169827170213469,0.84313656285183258,0.23732560248059206,0.83607231761504985,0.021037994976125102,2022,True,104,20
2022-06-15,0.06793858249357039,0.89861386281206967,0.23096707734486899,0.93407309941858097,-0.0035555895596968258,2022,True,105,21
2022-06-16,0.15725671577125835,0.89086541649194462,0.20421255518005607,0.97852276140396799,-0.022635442180704152,2022,True,106,21
2022-06-17,0.12512936122808233,0.8910942320021874,0.20597060775601236,0.99248328300786637,0.010249579864184023,2022,True,107,21
2022-06-20,0.027185030834055792,0.94325095342096688,0.16644011843256792,1.1140805489329579,-0.018255100249342335,2022,True,108,21
2022-06-21,0.12130487127377231,0.87275949157464294,0.15142559755143423,1.1638458224573842,-0.014410859959878243,2022,True,109,21
2022-06-22,0.22932243339440758,0.92459837346354723,0.15459003178325259,1.2867467817763891,-0.0080809921765978166,2022,True,110,22
2022-06-23,0.2516001342955011,0.81999954383828588,0.20564095010617658,1.1916784378035472,0.0021173992856173898,2022,True,111,22
2022-06-24,0.22504292487568184,0.88885652768387668,0.25377749612097883,1.1903800843093981,0.026048729365844438,2022,True,112,22
2022-06-27,0.021339543924339927,0.93323070112449336,0.25932282683876789,1.1752573988283408,0.00049496796527996557,2022,True,113,22
2022-06-28,0.13880181202538697,0.85073489231223909,0.26192529131116593,1.0517505320321225,0.029793446650091031,2022,True,114,22
2022-06-29,0.22560468541748532,0.90663961420352057,0.23741379009398009,1.0535947007778637,0.0029542346351025864,2022,True,115,23
2022-06-30,0.15100729814462507,0.93176873866511367,0.19051581492181788,1.1493205468960621,-0.012935880814953614,2022,True,116,23
2022-07-01,0.21076753850760099,0.89420787120644929,0.14045562374466961,1.2056261569879212,-0.010232254621206376,2022,True,117,23
2022-07-04,0.08102540465438933,0.94118209291896315,0.13605498836050026,1.1718704003133928,0.010336101862229033,2022,True,118,23
2022-07-05,0.044028559058806711,0.89069391511601015,0.14910143638633197,1.225257039665298,-0.0042144422006146331,2022,True,119,23
2022-07-06,0.11975717074054419,0.83424676745671511,0.17045091408378982,1.0746371591126347,0.023288971385687467,2022,True,120,24
2022-07-07,0.13436085903194359,0.89130449559929736,0.17402343736438278,1.0279246033862388,0.0041308837036682523,2022,True,121,24
2022-07-08,0.092423445470924528,0.91740600275507034,0.23346503370212987,0.99405685949838152,-0.03489100849890072,2022,True,122,24
2022-07-11,0.26180935792613758,0.89393139715523728,0.35484676179910152,0.93738759581220643,0.031071807133423737,2022,True,123,24
2022-07-12,0.35580954117536867,0.90001230123034015,0.38482621534989403,1.1041117950367176,-0.016589209840150991,2022,True,124,24
2022-07-13,0.046392895008186621,0.87304891679345131,0.37781269301529913,1.0958799248415787,-0.0047926335346708069,2022,True,125,25
2022-07-14,0.28913441217620545,0.88397192933311131,0.40412642254490189,1.0372364083105532,0.017244993838688508,2022,True,126,25
2022-07-15,0.046875676434918065,0.91829884257885164,0.37413827376667885,1.0252470118845958,0.0014003915809736457,2022,True,127,25
2022-07-18,0.035101537742781512,0.88893996137550968,0.26796749112677914,0.985512392029396,0.012451059553128887,2022,True,128,25
2022-07-19,0.11309999709227912,0.88472727888445379,0.22498808059042499,0.87808252121100538,0.0024087390758433889,2022,True,129,25
2022-07-20,0.28795451435673391,0.88991610986951153,0.29972381886967714,0.91167443928495828,0.0062337456528406103,2022,True,130,26
2022-07-21,0.12934043048813226,0.84052882761572478,0.23869155280997359,0.92056839160557435,0.030919771662870733,2022,True,131,26
2022-07-22,0.081229062623037071,0.89985364679701874,0.23761918017974493,0.92184185631759719,-0.0043669245756414706,2022,True,132,26
2022-07-25,0.12368937215272653,0.96833824121613199,0.25181405913110411,1.0638821022898828,-0.011549399356364939,2022,True,133,26
2022-07-26,0.16713714421504444,0.90802491284246001,0.25520175178574639,1.1439985195138975,0.0056885465033575866,2022,True,134,26
2022-07-27,0.16708156646514774,0.9317060501495551,0.23667605224941732,1.2153442613811671,-0.00053234205303052181,2022,True,135,27
2022-07-28,0.1702052155286615,0.88821749090194924,0.28276112228956768,1.259638662551682,0.011944537847721547,2022,True,136,27
2022-07-29,0.24907565297292908,0.90452981792466502,0.28889720723026152,1.3090302731334311,0.0065260530909092337,2022,True,137,27
2022-08-01,0.10587103135874851,0.9332471824692784,0.24185807550530974,1.237590956752783,0.0074333010656460318,2022,True,138,27
2022-08-02,0.038130301616844456,0.89284811820866194,0.18634426138530999,1.1785184727963895,-0.043450140747290276,2022,True,139,27
2022-08-03,0.043167131160183621,0.82618010552616872,0.16355027090147167,0.98405934580255439,0.0024657271646100626,2022,True,140,28
2022-08-04,0.10516148954235692,0.90830110590998747,0.21109990951236657,1.0188608638246601,-0.0075964931839680909,2022,True,141,28
2022-08-05,0.43371792534660142,0.87629290582973518,0.27249651777924333,1.0360659108781005,0.040174899484357512,2022,True,142,28
2022-08-08,0.056568101679961416,0.95397910155271748,0.30201052737371703,1.0073659858704842,-0.01519143334567407,2022,True,143,28
2022-08-09,0.12736526881998297,0.89692646425548439,0.35022443924305385,0.9821260283358797,-0.010717920954377128,2022,True,144,28
2022-08-10,0.075183350529555729,0.93618279266545978,0.40703508501696045,1.2105722163223758,-0.013775334420620384,2022,True,145,29
2022-08-11,0.23925559428709306,0.84017278199908374,0.35653083737233332,1.2676284240948013,-0.014191873462535764,2022,True,146,29
2022-08-12,0.3834026608540273,0.93476945904155229,0.2833632876977305,1.3016522469144114,0.012981075383848682,2022,True,147,29
2022-08-15,0.035617322623757261,0.92970522104711917,0.25991131270395484,1.2388469305276339,-0.002029024800878024,2022,True,148,29
2022-08-16,0.096811802835038444,0.93186838739267686,0.26796034305368449,1.2900188299790307,0.0006240954200265736,2022,True,149,29
2022-08-17,0.072290797019259251,0.94390469656987508,0.27567953962945174,1.2971157009150291,-0.0069405577457754136,2022,True,150,30
2022-08-18,0.23122531712824454,0.89251740753426956,0.33308645795985831,1.46084018090782,0.0076144105932939264,2022,True,151,30
2022-08-19,0.40591123618674035,0.86731163247197529,0.41298606618852157,1.2858764176312163,0.014107333694897582,2022,True,152,30
2022-08-22,0.020472260182069015,0.88561400462693174,0.45453835706524864,1.249823204953977,-0.00035872326792886619,2022,True,153,30
2022-08-23,0.00035996124338179232,0.94230928867249464,0.54929526906059556,1.1853666273167194,0.0074639178603721637,2022,True,154,30
2022-08-24,0.45718903515104642,0.86591463400042223,0.71306625204968999,1.0805075877299879,0.028590657074998298,2022,True,155,31
2022-08-25,0.16482095131186647,0.8584409969350818,0.67202990635062976,1.0246420109775973,0.010927179946927688,2022,True,156,31
2022-08-26,0.16040934643254662,0.8775250036311657,0.64289093484477655,0.96457818606128432,0.016270795510436663,2022,True,157,31
2022-08-29,0.14051846540026305,0.86966920777210899,0.55863464089705395,0.96473842312716007,-0.018669352352427823,2022,True,158,31
2022-08-30,0.05352274288538892,0.93056695148652013,0.49307798602734126,0.97914468895555362,-0.019685349976892346,2022,True,159,31
2022-08-31,0.22528236064322477,0.86087830956109301,0.2985378235640741,0.98324638305420842,0.021811677801584321,2022,True,160,32
2022-09-01,0.067533744676831459,0.90446207643494281,0.22784503116225654,1.053100279475514,-0.016811019658704643,2022,True,161,32
2022-09-02,0.077688821942036829,0.93174312576095819,0.21408151322544561,1.1353140777224078,-0.0068298227240027104,2022,True,162,32
2022-09-05,0.090346254485573915,0.91610309766235887,0.22265132340279425,1.1342808932429671,-0.013399894034772961,2022,True,163,32
2022-09-06,0.14315387568613913,0.90508551593898734,0.24726199072016111,1.0270978426136459,-0.0094547877884416862,2022,True,164,32
2022-09-07,0.21660526277926453,0.8098329077513835,0.25666736278476288,0.97550222378475648,0.023494535929364006,2022,True,165,33
2022-09-08,0.17474590303275028,0.90387128865613331,0.28937959435937266,0.93629469839002966,-0.016821368608162756,2022,True,166,33
2022-09-09,0.11241470655974556,0.87759108387898199,0.28708605623156147,0.92520792873016844,0.0016462156646761474,2022,True,167,33
2022-09-13,0.051013622011777969,0.90566695891969251,0.30370526074105308,0.90472861130554783,-0.004710862226782464,2022,True,168,33
2022-09-14,0.0022348451774056922,0.80020230239542156,0.28837495588277967,0.87795409855813267,0.0097024627169733507,2022,True,169,33
2022-09-15,0.39591756057828797,0.8650634430967109,0.36529021440994253,0.86206162048811497,0.018034155080137025,2022,True,170,34
2022-09-16,0.020703983086499511,0.89816980018679216,0.41318881331874696,0.86234859440246503,0.02292308425970354,2022,True,171,34
2022-09-19,0.30839959407916134,0.89762847718490668,0.46162894400495225,0.8541082131855251,-0.0046853527833438709,2022,True,172,34
2022-09-20,0.12377620706941553,0.90465376025611921,0.43653862175893449,0.86422086955311883,0.017965232735806011,2022,True,173,34
2022-09-21,0.18941779088902203,0.92733949851313013,0.42391898802698857,1.032416640387777,-0.028217746571217207,2022,True,174,34
2022-09-22,0.084475646719782346,0.84840267033342276,0.33766003790849514,1.1271458729694595,-0.021361036516644699,2022,True,175,35
2022-09-23,0.18867985032506193,0.88600662501837502,0.25509557713598818,1.1103136769033422,-0.008933312111335653,2022,True,176,35
2022-09-26,0.012120126128100544,0.93248895367615803,0.17284627553669479,1.1524696367089229,0.0027674862661822941,2022,True,177,35
2022-09-27,0.20704627683839824,0.89636836042674217,0.15078295479313339,1.1179025420577242,-0.0026370559685929057,2022,True,178,35
2022-09-28,0.31212262208116737,0.90956633514275698,0.15710722069437605,1.0503215448638734,0.00028323743079885924,2022,True,179,35
2022-09-29,0.069088219801973036,0.9376888198433796,0.24687693595373805,1.1026735332531414,-0.013280296839573911,2022,True,180,36
2022-09-30,0.30709270440360614,0.8900198920421355,0.52717299959778741,1.0773243132631596,0.0022039223143511654,2022,True,181,36
2022-10-10,0.39873876563986066,0.9501784935142521,0.66913737432845977,1.1368520238140565,0.04446822963887808,2022,True,182,36
2022-10-11,0.06341740782026499,0.95600950305094534,0.7090859292533277,1.2652387485169216,-0.0038025450009726422,2022,True,183,36
2022-10-12,0.27710834108591437,0.77286473240469378,0.64044910665500976,0.99221515590314491,0.037611509404921438,2022,True,184,36
2022-10-13,0.02193519911575369,0.83339955143982558,0.6644765631997569,0.91048645698486874,0.017685548671208515,2022,True,185,37
2022-10-14,0.27590360224111582,0.93070174703493991,0.5811495537548006,0.97911658513233146,0.023620709475602804,2022,True,186,37
2022-10-17,0.11174295643535234,0.93969260269945931,0.50710235075668664,0.8987642612475456,9.3841476953505009e-05,2022,True,187,37
2022-10-18,0.058001136722571393,0.90102456396282671,0.49428430433232645,0.84340779874353922,-0.0097553071672435033,2022,True,188,37
2022-10-19,0.18078515529872327,0.89282469074857662,0.4803842377584836,1.0346716924482275,-0.0033487218767644803,2022,True,189,37
2022-10-20,0.13452604296580009,0.85991438773463202,0.29632563991833688,0.97654119327828159,0.023511929705757918,2022,True,190,38
2022-10-21,0.046425592372148661,0.89821494923680889,0.19799204953785324,0.98270959894882748,8.4933384633837294e-05,2022,True,191,38
2022-10-24,0.012761466880721491,0.92839960533370092,0.15272886660047974,1.0619118982100562,-0.024384345485110176,2022,True,192,38
2022-10-25,0.015090889839608027,0.91980420031015397,0.19880689771632792,1.0976100349933613,-0.044201350834196691,2022,True,193,38
2022-10-26,0.40550852164530493,0.78823123906773507,0.2726993653723227,1.0589347268597804,0.012758615042163681,2022,True,194,38
2022-10-27,0.015753350778556049,0.89956933972506792,0.27729404544753655,1.1354154212963909,0.020937364001540289,2022,True,195,39
2022-10-28,0.11262961848620413,0.91165806263102556,0.26410818825328086,1.0983025350280418,-0.016170700987107278,2022,True,196,39
2022-10-31,0.16585659677976763,0.93936992288362442,0.2723896075210917,1.1448161542636965,-0.037225096891498562,2022,True,197,39
2022-11-01,0.16755964202439444,0.7506135661947374,0.27736996564123023,1.0271566850280613,-0.0048264599866422809,2022,True,198,39
2022-11-02,0.14930771965288422,0.94185836068083628,0.27289769269781672,1.0781590150599487,0.014825777592646541,2022,True,199,39
2022-11-03,0.110508517218258,0.95512467117869648,0.3216922570439435,1.2312937991629858,-0.017346030791709665,2022,True,200,40
2022-11-04,0.29992333677535704,0.95267650263596559,0.37187228115415288,1.325946365125293,0.024160933192620769,2022,True,201,40
2022-11-07,0.13571204638330076,0.90266684839613487,0.40131108879423644,1.16815348161868,-0.0024775648270135009,2022,True,202,40
2022-11-08,0.13047738742949952,0.89450238807834292,0.45693837258521131,1.4617640807536347,-0.006181582002419612,2022,True,203,40
2022-11-09,0.19772166030734115,0.88063029098821932,0.35959978776716534,1.471767719939481,-0.016837845626447759,2022,True,204,40
2022-11-10,0.20537853168675396,0.83116762427965774,0.2905157858370408,1.1279269665163407,-0.0032690019921919194,2022,True,205,41
2022-11-11,0.0017637622207859215,0.94673496543125168,0.21763899439651777,1.1785725637772724,-0.016299004606704366,2022,True,206,41
2022-11-14,0.005328821811711632,0.88579803093570153,0.20795401785369921,1.1303296118085491,-0.0071800965224345197,2022,True,207,41
2022-11-15,0.36106769233713332,0.89635305340489946,0.20433626489398088,1.1065169536247006,0.021589887774301646,2022,True,208,41
2022-11-16,0.22065342878948638,0.9304558887062182,0.20919071275130385,1.0873808116656767,-0.0037408406868480945,2022,True,209,41
2022-11-17,0.064819660699446779,0.86123985317073892,0.20906943045664891,1.136349625648982,0.02877462581248634,2022,True,210,42
2022-11-18,0.13429788904665357,0.95013935342764844,0.26978225304174441,1.0346909937369011,-0.0021923024502554507,2022,True,211,42
2022-11-21,0.0084737032118569686,0.87126310347020319,0.27660707371896931,1.093342252571162,-0.0017524326672393579,2022,True,212,42
2022-11-22,0.21515418168822439,0.93195152089199818,0.29020433996213202,1.1183114082655847,-0.0054744853494134828,2022,True,213,42
2022-11-23,0.0089535312413260033,0.89142554214493996,0.24826410426090784,0.95915298440939467,0.0244666196397515,2022,True,214,42
2022-11-24,0.02766508475078077,0.95290141346110369,0.28923376059164041,1.1016566402225634,-0.018253822422958869,2022,True,215,43
2022-11-25,0.27614147018188501,0.95206455598508966,0.3360320401421768,1.1071863602431165,0.014992665573028899,2022,True,216,43
2022-11-28,0.11706742512031112,0.96005500998666649,0.35498383168958664,1.199381002744812,0.0071735787856905316,2022,True,217,43
2022-11-29,0.19907921380439758,0.9106285229093134,0.30494711945286257,1.1491306850690317,-0.0083460655558905885,2022,True,218,43
2022-11-30,0.039203322292799367,0.83392436059627073,0.32672452965396709,1.2265098843579223,-0.00088763973521275186,2022,True,219,43
2022-12-01,0.15690308644836179,0.88266832876509715,0.2975418853690211,1.0656206140150544,-0.0095367245718750195,2022,True,220,44
2022-12-02,0.024234432771812892,0.87741016384730919,0.21800305617758592,0.96414208191809214,0.0030071189657693703,2022,True,221,44
2022-12-05,0.13632033880717095,0.89842376047817507,0.20753527076897679,0.8735211514793928,-0.00073657210421331876,2022,True,222,44
2022-12-06,0.0091706821174171987,0.88334959758692211,0.19274538337630984,0.816797241400392,0.0022692533641424009,2022,True,223,44
2022-12-07,0.06662099094436906,0.89518268386830702,0.18746459106474236,0.97569167750943753,0.0016066936749626211,2022,True,224,44
2022-12-08,0.069869594876753913,0.97538578721016667,0.16798303644451429,1.0977621413002534,-0.0029017568379603692,2022,True,225,45
2022-12-09,0.089579120980133833,0.92997379656443124,0.14597009013750414,1.2315296591812763,-0.013003127815077493,2022,True,226,45
2022-12-12,0.063956466954189328,0.89017002544154233,0.13839872282488996,1.1123816116646454,0.0012766617169656456,2022,True,227,45
2022-12-13,0.46967217459020277,0.86702342964829571,0.24042201746602698,1.2054931236606847,0.014269840275219025,2022,True,228,45
2022-12-14,0.095181114452186591,0.96034850637771485,0.29027481424198942,1.2777933740511438,-0.013313108975540586,2022,True,229,45
2022-12-15,0.11650723568694958,0.8905526120076428,0.33030871392371491,1.1270415065120032,-0.0085308723554182644,2022,True,230,46
2022-12-16,0.23844801233615051,0.92847521875074635,0.49220817446763299,1.1025797847261627,0.0004736738513936925,2022,True,231,46
2022-12-19,0.42218093023757558,0.94352517058524765,0.67078936984091986,1.2623332882650542,0.013192215987898444,2022,True,232,46
2022-12-20,0.078938860818057011,0.94227505474933182,0.72467498602010338,1.3467691678093392,-0.016557279237308854,2022,True,233,46
2022-12-21,0.23407914203223712,0.93929932357354096,0.81688127184783499,1.2270312135646462,0.0071565655618471089,2022,True,234,46
2022-12-22,0.24417459457162047,0.90108925813028706,0.919149626362607,1.3488820177932901,0.0087534437390774933,2022,True,235,47
2022-12-23,0.17656860528952933,0.91622282090981266,0.75112815769781827,0.97907618716137146,0.011671531365754753,2022,True,236,47
2022-12-26,0.59298026820988492,0.83374370402770559,0.62630391253287121,0.92917277386120634,0.032217938891428127,2022,True,237,47
2022-12-27,0.20359143937824778,0.94262031277964031,0.60379105240706255,0.90519691049356998,0.012078276007255835,2022,True,238,47
2022-12-28,0.15525373590395425,0.89159668879693832,0.53866145026981949,0.92744841905429642,-0.0013522296811817954,2022,True,239,47
2022-12-29,0.10686876065116875,0.88268646837882969,0.46009491825041599,0.92126975621185758,-0.013058720672739327,2022,True,240,48
2022-12-30,0.050312755529806241,0.95249418601389868,0.4598222337633987,1.1582475494156086,-0.0011566745162151261,2022,True,241,48
2023-01-03,0.37446102611952786,0.88556063878936597,0.38987901433746075,1.0817873894756735,0.0029194414809098905,2023,True,0,0
2023-01-04,0.21148410138259241,0.84396537046909348,0.32094504166801957,1.056994946974378,0.012424150647235236,2023,True,1,0
2023-01-05,0.32020162333123436,0.89379576635663338,0.40859241606350039,1.0021044830801817,0.010465627742742369,2023,True,2,0
2023-01-06,0.17614959939099792,0.68900634743182632,0.41380320044939511,0.84928588732987265,0.021024327321280047,2023,True,3,0
2023-01-09,0.058879967039256693,0.86413300235388213,0.39798558284252544,0.77013540144821846,0.0045250406718581621,2023,True,4,0
2023-01-10,0.045406486912332525,0.92646293423712722,0.38082146316760501,0.80838855478758287,-0.0037295438273918092,2023,True,5,1
2023-01-11,0.48534878347154486,0.84290436971661931,0.42042254378276922,0.82300836103101838,0.0051542733276890747,2023,True,6,1
2023-01-12,0.0064848161307585906,0.9162773798190178,0.31759897278393134,0.85366499950927777,-0.0013119908841969946,2023,True,7,1
2023-01-13,0.0037069800970578083,0.81020005772050041,0.43208340727494099,0.81976164100483884,0.0034797579621541636,2023,True,8,1
2023-01-16,0.37574808774824964,0.72815237247956188,0.5265773750282704,0.73265378867252984,0.023394447152080174,2023,True,9,1
2023-01-17,0.23930097448561027,0.77575085822399581,0.50306681781960827,0.71432754306433721,-0.01302744286966551,2023,True,10,2
2023-01-18,0.081275445425469633,0.90623316109459195,0.50882181002363569,0.71906499433767601,-0.0026325610295111178,2023,True,11,2
2023-01-19,0.52023367564083978,0.81948951473960097,0.57329123077173094,0.70039865821979697,0.011107714045205132,2023,True,12,2
2023-01-20,0.13295509493919055,0.76479121295427943,0.50122479823917032,0.76996866818977061,0.0055943766275604366,2023,True,13,2
2023-01-30,0.03314868059572821,0.97061582894528065,0.43578751520471898,1.0784086240725128,0.011797961230963551,2023,True,14,2
2023-01-31,0.39754620092828308,0.90620121716280988,0.43966444450811304,1.1341373535468722,0.016359203882721867,2023,True,15,3
2023-02-01,0.24284256831560733,0.83012071834909551,0.3628640559882923,1.0957111495697061,0.0027541203469850593,2023,True,16,3
2023-02-02,0.079568853691198121,0.93065317596286712,0.25464109032978427,1.1543603678165291,0.0019924595738679126,2023,True,17,3
2023-02-03,0.033024195453022362,0.88376983021206346,0.20901426862808578,1.2225792309181012,0.020805059440506292,2023,True,18,3
2023-02-06,0.15648834694981337,0.91319306599999828,0.19987034525540148,1.1325532343562283,-0.017433142260821047,2023,True,19,3
2023-02-07,0.080783855190137005,0.92435608589511653,0.17333472943153361,1.1167599226254636,-0.0082159635370630032,2023,True,20,4
2023-02-08,0.21783193281503349,0.91879291184217282,0.15095773027264447,1.1898135270806018,0.0055704331865629054,2023,True,21,4
2023-02-09,0.43115509119214585,0.89685632174170404,0.19237798136791326,1.1079927587592622,0.017888575993058518,2023,True,22,4
2023-02-10,0.25284091452468005,0.87253460729527033,0.20533765641931942,1.1217665835813184,0.0063168409566072437,2023,True,23,4
2023-02-13,0.01200527363225139,0.93046849731947412,0.20718252237458584,1.1120327442171656,-0.0012592498024315633,2023,True,24,4
2023-02-14,0.03461310155835419,0.92391482813209247,0.21075152314570417,1.0814249274214678,-0.0019691374390894004,2023,True,25,5
2023-02-15,0.029449026230605517,0.93293566238017767,0.21709103922281442,1.0896748369840463,-0.0043304011871226934,2023,True,26,5
2023-02-16,0.25800320749733285,0.89483092670173259,0.39675522614610914,1.0228495772441759,0.0081900137945423255,2023,True,27,5
2023-02-17,0.34522549786504747,0.88551871919266723,0.52270396926113738,1.1037628391338552,0.010578332543049192,2023,True,28,5
2023-02-20,0.20644804878762699,0.91419122544175091,0.50806553125086484,1.0549782969123642,0.011604009025373146,2023,True,29,5
2023-02-21,0.059909622177279402,0.95409455890589756,0.50220138342750398,1.1223081084659763,-0.012510604766968044,2023,True,30,6
2023-02-22,0.13770690533451671,0.94469031117319513,0.51250324552479887,1.153685455795193,-0.016067252562716818,2023,True,31,6
2023-02-23,0.055349220226506589,0.95242022063120402,0.39436860682867053,1.4372441075949693,-0.0012150660159361056,2023,True,32,6
2023-02-24,0.038231693699680776,0.90426952614128775,0.12812370291446259,1.3877877911935843,-0.013082979041508522,2023,True,33,6
2023-02-27,0.091019908460234986,0.92568505693119152,0.12056871911126847,1.5279555490477921,-0.023480447890139457,2023,True,34,6
2023-02-28,0.084633200423468308,0.90581703566835692,0.10547525088462496,1.3166469198614279,-0.0022582439352448001,2023,True,35,7
2023-03-01,0.089405328963280795,0.91885229047313477,0.13040583941629541,1.2758637968805104,-0.0084186106667238705,2023,True,36,7
2023-03-02,0.1633942694016246,0.84674530392472025,0.13618133710189884,1.1717349329681896,-0.0095120433848492406,2023,True,37,7
2023-03-03,0.18717560899885388,0.90228174653002624,0.14440553730157626,1.1058317708881364,-0.014554179302579734,2023,True,38,7
2023-03-06,0.17394481150235899,0.8316281248010251,0.15758212058496243,0.93513178199610691,0.0045704897534643591,2023,True,39,7
2023-03-07,0.34397173813670257,0.92197304549065096,0.19206281793835059,0.9534540898208469,0.0088767110964314729,2023,True,40,8
2023-03-08,0.099246181801202052,0.9268332862070271,0.18561726747364479,0.94291220504051587,-0.0095182716116585016,2023,True,41,8
2023-03-09,0.071299024804734976,0.90379069025656045,0.18487566941990621,0.98078826405057407,-0.001230786276320146,2023,True,42,8
2023-03-10,0.079956964324934571,0.87536270327972221,0.16321208402301859,0.909146492800888,0.015402331913825878,2023,True,43,8
2023-03-13,0.10522646200380135,0.94449870102775502,0.15993716361223551,1.1385542395258041,-0.022330600123206618,2023,True,44,8
2023-03-14,0.18155173589463344,0.89392337230907526,0.21685105235517591,1.0614442625113425,-0.0024403199379190309,2023,True,45,9
2023-03-15,0.11838152997448896,0.83762759510957496,0.20717240675942158,1.0187005301701173,0.016325270862931725,2023,True,46,9
2023-03-16,0.25988633614596041,0.90129628789998517,0.21284487940612284,0.92770081356958123,0.0099787620713878873,2023,True,47,9
2023-03-17,0.32354309174094426,0.8424447025810502,0.30464566120450703,0.94794758225241593,0.00954736934740371,2023,True,48,9
2023-03-20,0.11629670243053923,0.93213128157452729,0.31804300596388541,0.96394413365310438,0.011021184898784765,2023,True,49,9
2023-03-21,0.077532959318494327,0.95380067433831639,0.32330916259760095,1.0263156523690475,-0.0075452516855448876,2023,True,50,10
2023-03-22,0.053345007101317107,0.95485918231051581,0.39565492486591208,1.0499223239596813,0.00071465354010965241,2023,True,51,10
2023-03-23,0.35578281257780114,0.87808681121325904,0.4379113228933228,1.2202383737518829,0.013284639977920693,2023,True,52,10
2023-03-24,0.033892338263452677,0.93248762820587705,0.44992586279828434,1.3213771197564297,-0.0028679232331350938,2023,True,53,10
2023-03-27,0.041238917492771095,0.87404069199550705,0.37752401665322016,1.0927795312051274,0.003036351697684903,2023,True,54,10
2023-03-28,0.27494451115312568,0.88185716529817582,0.3284308388992308,1.0367043255716237,0.003664885955323566,2023,True,55,11
2023-03-29,0.24981937980066674,0.85471820631424655,0.29013039698434256,0.88326900105554873,0.0073544083349904414,2023,True,56,11
2023-03-30,0.043366918391212282,0.90519556462515105,0.26028136597665741,0.88179075930727746,-0.011382085400241675,2023,True,57,11
2023-03-31,0.20551568774761192,0.88839016204710586,0.42873523306134864,0.87611082130921691,0.013556472635426076,2023,True,58,11
2023-04-03,0.41305969130162223,0.89083230944396574,0.57443435081456495,0.98640386752982667,0.020863922163604491,2023,True,59,11
2023-04-04,0.01797288787009213,0.84754833238295813,0.5038047038545288,0.86083993090397892,-9.6277692199219601e-05,2023,True,60,12
2023-04-06,0.14015950653498743,0.87422538072916456,0.47576264685996605,0.9887715621751737,-0.0053554087356123582,2023,True,61,12
2023-04-07,0.14485473758579387,0.95587899315740921,0.47125385968169953,1.0515439165703977,-0.023076894555189471,2023,True,62,12
2023-04-10,0.23507562828341894,0.90052232825262013,0.39192375611699015,1.1090745681206606,-0.0024395553969262392,2023,True,63,12
2023-04-11,0.063474790746285481,0.9055842571922138,0.2882542778655024,1.0626522175186479,-0.020042632093510055,2023,True,64,12
2023-04-12,0.098651785809235532,0.9306338434652176,0.26414720829716254,1.3235564832515523,0.0091115338931071627,2023,True,65,13
2023-04-13,0.32531019654667465,0.91217247594892492,0.27076600586165284,1.3347585448151129,0.014168898432231458,2023,True,66,13
2023-04-14,0.33011106740336288,0.8798679015699532,0.29861728661182824,1.1468842225732949,0.0071837592436944714,2023,True,67,13
2023-04-17,0.048127312217487103,0.92230331524915021,0.28752959727652677,1.1152645895260174,-0.010485902867633448,2023,True,68,13
2023-04-18,0.10941428586615015,0.86002069997794084,0.24239491226349733,1.0591823626295251,0.0050992019002666523,2023,True,69,13
2023-04-19,0.04554836649710986,0.89859185776714445,0.22718766113666178,0.96048153693678107,-0.0094977537940572534,2023,True,70,14
2023-04-20,0.34351658146116271,0.84892522802370063,0.21929931864155749,0.93150086284493094,-0.016817296990515193,2023,True,71,14
2023-04-21,0.45891046506944799,0.86870407272470751,0.35905870273747587,0.91801292424304248,0.011364586793314205,2023,True,72,14
2023-04-24,0.18216240187019692,0.9014749749990737,0.43066558233731511,0.9183385511584502,0.007635358620490711,2023,True,73,14
2023-04-25,0.15630313989226893,0.90202827466384339,0.45347499563054322,0.96019917144312539,-0.030691304026343711,2023,True,74,14
2023-04-26,0.068453074479069551,0.89287082667272522,0.44346066568547865,1.0170409318452844,-0.00040436602109304763,2023,True,75,15
2023-04-27,0.01369854415054399,0.89369526249982401,0.45155271427569732,1.0511946162812176,-0.013900204998867734,2023,True,76,15
2023-04-28,0.25195441967777726,0.90157351396275121,0.35133862255023729,1.0487582504644122,0.0044779838453992259,2023,True,77,15
2023-05-04,0.44714362072299818,0.81728416210909038,0.26761356200030767,1.0627375304133875,0.0057079850719274124,2023,True,78,15
2023-05-05,0.26506693897780109,0.88200695656587946,0.23050526645132693,1.0383788848086091,-0.007005337681505696,2023,True,79,15
2023-05-08,0.12049999735293157,0.92747130616092366,0.24986655101509042,1.1301236216472119,0.0036357934395682273,2023,True,80,16
2023-05-09,0.36044172946562747,0.91303910016412693,0.37032295403779031,1.1341088122884646,0.012072837983245177,2023,True,81,16
2023-05-10,0.12368027108340494,0.86488842502502383,0.4190878418061007,1.155380040523782,0.01129328488115601,2023,True,82,16
2023-05-11,0.0051775218064531439,0.89258643628284284,0.40901037014045444,1.1131026149509116,0.013187051512116917,2023,True,83,16
2023-05-12,0.19095326459039907,0.9472928337885872,0.39884102467253496,1.2219381152145148,-0.0065730171944681373,2023,True,84,16
2023-05-15,0.20717116096987781,0.88402938360612182,0.40102662025788605,1.0519404513613759,0.0041164326387447339,2023,True,85,17
2023-05-16,0.0014897773561025906,0.93799774561151561,0.29279516783073939,1.0493016734471772,0.0015295284423214105,2023,True,86,17
2023-05-17,0.079208317444043649,0.94767228380799862,0.26576112212233083,1.1919585286826717,-0.0043672785336827287,2023,True,87,17
2023-05-18,0.10616824973682101,0.90384412380455348,0.29043214248272481,1.1346601374910485,0.0057727530758453077,2023,True,88,17
2023-05-19,0.090918102915709606,0.92377901814014141,0.24014946706992571,1.1028003707486185,0.0037849482823889558,2023,True,89,17
2023-05-22,0.15807128093624551,0.92582919864245938,0.30246801220594022,1.2282937875907141,-0.0014988561442952422,2023,True,90,18
2023-05-23,0.36122383261193319,0.86241691368716533,0.33935182278876036,1.2012389797488323,-0.0024464387498728743,2023,True,91,18
2023-05-24,0.0672112044080099,0.88461508694675239,0.28801530823416316,0.9824756185147725,0.021024729943581684,2023,True,92,18
2023-05-25,0.12330995153391726,0.93110986337362878,0.28427485437884709,1.0118464402791754,-0.0078845602254013283,2023,True,93,18
2023-05-26,0.26809836711439233,0.94178419120415402,0.34553570719135368,1.0389557958203997,0.0046174848347288414,2023,True,94,18
2023-05-29,0.20671645391500845,0.92029168309930531,0.30993383777260858,1.0635108900323056,-0.013221988730497694,2023,True,95,19
2023-05-30,0.22156715643646932,0.89876268935721204,0.29997382857346028,1.0177816382561651,0.014512651787071871,2023,True,96,19
2023-05-31,0.16549582832951018,0.90642866218972407,0.38136334574911407,1.0938177362474901,-0.00091818079156348966,2023,True,97,19
2023-06-01,0.0050580027183014875,0.93355890784526474,0.39819263187963427,1.142665488067546,0.017702995431017124,2023,True,98,19
2023-06-02,0.0055905401787354246,0.90297719876421068,0.33661111059238402,1.04493849841344,0.0019832299590838713,2023,True,99,19
2023-06-05,0.023796056972497374,0.89584544812950551,0.36795904635748167,1.0079756065933443,-0.0084860826531006992,2023,True,100,20
2023-06-06,0.46803385648602025,0.90244939740279251,0.51451125778929341,1.1126688795476112,0.027539870207876696,2023,True,101,20
2023-06-07,0.091100159520644375,0.91569660399077157,0.57374168700636252,1.1916792976337434,-0.0060271958909044517,2023,True,102,20
2023-06-08,0.2124601771258133,0.94293438869713764,0.56521562495708622,1.279280518980755,-0.014490239748824527,2023,True,103,20
2023-06-09,0.38837298348142968,0.88315550420834643,0.57867583003161704,1.2138182645176638,0.0055107259509415505,2023,True,104,20
2023-06-12,0.11430014736219107,0.94003006873588613,0.62094640413049362,1.3282435557306833,-0.0087406342657886174,2023,True,105,21
2023-06-13,0.24411081820585601,0.8759718793653275,0.48121492312101188,1.1738221593237534,0.0080864640147892807,2023,True,106,21
2023-06-14,0.074976439422890562,0.93052762519313736,0.36424718118956256,1.184871560567369,-0.0068323112906810432,2023,True,107,21
2023-06-15,0.04550772356865191,0.91147417258705798,0.3878782101544902,1.0828241391105156,-0.0017923283343373117,2023,True,108,21
2023-06-16,0.33843179315869604,0.89631787602378554,0.40033574148322471,1.2320589044759538,0.0098410931926225798,2023,True,109,21
2023-06-19,0.049541236857111731,0.93107762132216809,0.35625433567442671,1.1904758788255647,-0.0052050207309321953,2023,True,110,22
2023-06-20,0.00051863277934303942,0.92194341575328265,0.36522967365033543,1.0628014251622719,0.0016458178070769271,2023,True,111,22
2023-06-21,0.4767161584892492,0.80719947877040543,0.44974084946482151,1.0673933312822588,0.005236097760859617,2023,True,112,22
2023-06-26,0.099682210936875348,0.88340051491684302,0.38250484484981478,0.94540187915448581,0.020294638384114775,2023,True,113,22
2023-06-27,0.016714110242936692,0.95288018702028043,0.36890142634283435,1.0091108177752468,-0.025174152557482551,2023,True,114,22
2023-06-28,0.037117179591730012,0.90169385146817282,0.33358631300704694,1.0277750487935406,-0.015812352008452407,2023,True,115,23
2023-06-29,0.16307248851566636,0.91590329836672557,0.31860016018871784,1.1404822956515244,-0.009434319498745302,2023,True,116,23
2023-06-30,0.067183343053147146,0.96846324341917633,0.2241494429739754,1.1276840998017346,-0.0090871177429040217,2023,True,117,23
2023-07-03,0.050367984442863611,0.89242271471271994,0.15833300675118134,1.3352823580317623,0.0012504531883294593,2023,True,118,23
2023-07-04,0.16027896969939653,0.8424864993908352,0.12610109289542556,1.1619333675687138,0.0080788230741701203,2023,True,119,23
2023-07-05,0.26234947239237705,0.95947576107029231,0.17915286240067615,1.2133071014008041,0.0048037312773878986,2023,True,120,24
2023-07-06,0.085062066613847617,0.92556010992258775,0.25488459187178786,1.1146693555602294,0.0086987135046059944,2023,True,121,24
2023-07-07,0.22390775160411108,0.82027505311734195,0.25165374250438927,0.95895623754784809,0.0049717149701207879,2023,True,122,24
2023-07-10,0.050291971674223841,0.8773627380714123,0.27204639207600145,0.97061692861205418,-0.00098726501439641004,2023,True,123,24
2023-07-11,0.17421182596611767,0.92810839732651551,0.27668638369930215,1.0576987968969798,-0.003191986313641852,2023,True,124,24
2023-07-12,0.41647137400072526,0.91200220054732173,0.2438779007963188,1.0283491276565404,-0.0013887097675996933,2023,True,125,25
2023-07-13,0.26157502382631781,0.9341111555914301,0.16344047028116862,1.1315314219708998,-0.0044139841137430533,2023,True,126,25
2023-07-14,0.11099520171760517,0.94010015679737802,0.20508965458970738,1.3411177864828383,-0.0012531802548366266,2023,True,127,25
2023-07-17,0.17982842004532892,0.96782202385235461,0.30460983128308139,1.5086137807831361,0.0074227061409586903,2023,True,128,25
2023-07-18,0.17162640105900323,0.91620166268553282,0.38549438965126709,1.555953990096514,-0.007041029474591837,2023,True,129,25
2023-07-19,0.11579140906071671,0.97284527093500706,0.51544609421783893,2.0100902958971383,-0.011907201394621012,2023,True,130,26
2023-07-20,0.39338142890980354,0.89630706627499068,0.68627115563881946,1.833230086387305,0.0029610241246226417,2023,True,131,26
2023-07-21,0.15034395250502816,0.92314812015170367,0.67605362273013136,1.693238751682494,-0.004808167343630463,2023,True,132,26
2023-07-24,0.168660193928413,0.89822680337656413,0.56867027966369688,1.2272370514234956,0.001812330334094074,2023,True,133,26
2023-07-25,0.38184970527159656,0.93978122261298724,0.50272537779895832,1.3805431853204901,-0.0035570926137552354,2023,True,134,26
2023-07-26,0.077156015518165255,0.95118423852868084,0.4330874395576384,1.2718586155111249,-0.0094301009107574402,2023,True,135,27
2023-07-27,0.37926554818390079,0.90996549791069725,0.31090719375313969,1.2382380115641343,0.0040583168945318576,2023,True,136,27
2023-07-28,0.30414298421903557,0.84703571448475667,0.3078554251555346,1.0585317985266491,0.014324309436830648,2023,True,137,27
2023-07-31,0.17239635487385868,0.8740738417039261,0.3330913884396442,1.0976508496327619,0.0083717106854191634,2023,True,138,27
2023-08-01,0.026741861945668324,0.95830635406780784,0.35483792722052454,0.99044853015372614,-0.0049254689959598325,2023,True,139,27
2023-08-02,0.038009788738635912,0.95773613104149258,0.36263166653332568,0.94021201247444708,0.0004772413114867395,2023,True,140,28
2023-08-03,0.057105166642271221,0.94144013405532079,0.33401028003736011,0.98323611068788075,-0.0027172482687791593,2023,True,141,28
2023-08-04,0.13855236096474416,0.92822785629514015,0.21814493241542174,1.1369781704179189,-0.0026241152493599782,2023,True,142,28
2023-08-07,0.22531959754352601,0.90970077941233829,0.21237509914311525,1.364043970165888,-0.0040780835359000992,2023,True,143,28
2023-08-08,0.12646609059922434,0.95068228592738135,0.30533176749265478,1.3002002463226521,-0.0032115994984018097,2023,True,144,28
2023-08-09,0.26406691995793047,0.92805157353365897,0.42162949177083642,1.3212960551445396,0.00761117691333618,2023,True,145,29
2023-08-10,0.069576521494544685,0.86274606411593824,0.55148911345464013,1.1633641425450312,0.00090896340626084792,2023,True,146,29
2023-08-11,0.67895175372309791,0.77841847083491666,0.93992867303702909,1.0926910729505381,0.01581631524391058,2023,True,147,29
2023-08-14,0.16995589152826301,0.8749520041754264,0.93191129075461632,0.82269695658911457,0.022563912067665989,2023,True,148,29
2023-08-15,0.30520015531735389,0.90301931590489148,0.87172300412137538,0.84133919831984882,0.0055447874179491456,2023,True,149,29
2023-08-16,0.32193713805390306,0.90910254929305412,0.82036478397374657,0.87694055467211462,0.0049104862803253241,2023,True,150,30
2023-08-17,0.1507919879485646,0.85407765920631484,0.64699567173666206,0.87028715275299129,0.00024088399517888646,2023,True,151,30
2023-08-18,0.11242471794561608,0.91264251356049286,0.47273491844125326,0.95530110583566663,0.011430070262809624,2023,True,152,30
2023-08-21,0.22342406133993795,0.95111459673772647,0.42846968257218404,1.1359855612105616,-0.0065013655820399703,2023,True,153,30
2023-08-22,0.12578836584377434,0.70233625756149698,0.26908871723315253,0.73784322429021398,0.020189484223422711,2023,True,154,30
2023-08-23,0.34549899789803207,0.89251822414718585,0.22978415362690005,0.81910871433391641,0.0050400795146268882,2023,True,155,31
2023-08-24,0.094972280904071046,0.88713732490893937,0.23416510590796089,0.85122752616901609,-0.0042925169138003892,2023,True,156,31
2023-08-25,0.27072653253531781,0.77073537768945721,0.19689864317844297,0.70537254632850843,0.0029219728220181724,2023,True,157,31
2023-08-28,0.094744802273798862,0.94276833055152542,0.18156415517227958,0.8302997199001475,0.036662839567011503,2023,True,158,31
2023-08-29,0.46808030294562303,0.78522799211513905,0.32409146523703508,0.93204730083518095,0.021527370452196062,2023,True,159,31
2023-08-30,0.25637804632202854,0.81214651783532876,0.32212721870002847,0.88136718835691208,0.021391312626043154,2023,True,160,32
2023-08-31,0.055032537781765131,0.89034485235868333,0.32375738630453504,0.88076280770742188,-0.0046121009127667962,2023,True,161,32
2023-09-01,0.15802495733228836,0.93137322986079374,0.35267804036202927,0.98970400587649476,-0.0066560216330935444,2023,True,162,32
2023-09-04,0.13066579184803276,0.89475829716233579,0.40433901418050777,0.87479985288440187,-0.018902505613204678,2023,True,163,32
2023-09-05,0.18405328782595856,0.93494999334909734,0.26353537278532291,0.98856887022240347,0.0055434089845509179,2023,True,164,32
2023-09-06,0.070229162858461786,0.85842485592202,0.25611793333685273,1.0412577736006579,0.0047239580001245396,2023,True,165,33
2023-09-07,0.69866993832988866,0.85565407092118784,0.3978337980067721,1.1406590376824575,0.019003586383638103,2023,True,166,33
2023-09-08,0.034415775558932604,0.88682109738115267,0.39889632493738414,1.0747118127495059,-0.015692653080596235,2023,True,167,33
2023-09-11,0.13095014938651925,0.88439314011304615,0.40894813456084217,1.028931742494352,-0.0063346314176383756,2023,True,168,33
2023-09-12,0.1510201879134945,0.88947344698383202,0.43272818939060365,0.97119936210262225,0.0023224763425610741,2023,True,169,33
2023-09-13,0.24623168139227453,0.88036424225832755,0.50303221849506929,1.1011366172333905,0.021563932047331737,2023,True,170,34
2023-09-14,0.19744380540657791,0.9218291292095161,0.39939405945931139,1.0147591563275451,-0.0013293697678896949,2023,True,171,34
2023-09-15,0.10176589031935696,0.92199389128591258,0.37629853630461796,0.97492450797001873,-0.01121243469849293,2023,True,172,34
2023-09-18,0.14627578274136535,0.94969311559919889,0.40432905857941293,1.0702516247944474,-0.0051157241906847279,2023,True,173,34
2023-09-19,0.13551171320442185,0.8943549073460122,0.35470191777841747,1.0863170590609981,-0.011312299947590169,2023,True,174,34
2023-09-20,0.3237806467061361,0.92926025372100207,0.28205943152452195,1.1751615761706979,-0.00090225680557404653,2023,True,175,35
2023-09-21,0.14992588364717951,0.94241820912469876,0.26939104030533395,1.0949760581827579,-0.0091037875960240985,2023,True,176,35
2023-09-22,0.44819348672382708,0.81574857885754548,0.30906585350608218,1.0209827947290908,0.0093378825980941649,2023,True,177,35
2023-09-25,0.26124775571283476,0.85738692040992914,0.29499548845110557,0.96557752424384691,-0.0088421094219622472,2023,True,178,35
2023-09-26,0.038045788173832321,0.89382091759182258,0.27788166301965356,0.97376891303608382,-0.013764477778689641,2023,True,179,35
2023-09-27,0.10405521866464695,0.92180009608097369,0.23797981315840533,0.97259496713182747,-0.005200666924752833,2023,True,180,36
2023-09-28,0.23211243296961498,0.83991216024085436,0.23706380461775364,0.93783954214222065,-0.0058306278012443527,2023,True,181,36
2023-10-09,0.013678368136951028,0.88192874650144593,0.16966004313088942,1.086506987007152,-0.0030998247332218783,2023,True,182,36
2023-10-10,0.14543573885227712,0.9139235689116173,0.16344692239927167,0.9967240697103128,0.0001803606699283663,2023,True,183,36
2023-10-11,0.23267278282391263,0.83764132114776857,0.16297213727229273,0.94257608877852306,0.006149908745529644,2023,True,184,36
2023-10-12,0.15021785315814501,0.91971831822273409,0.14859615513077826,0.91950722442395127,0.0020537237638801895,2023,True,185,37
2023-10-13,0.23567809646338717,0.90212055756482434,0.21574862075678647,0.96805630923350583,-0.015118896425408474,2023,True,186,37
2023-10-16,0.37818218331572728,0.88238789161637099,0.29535388983318756,0.94380489842009951,0.0058273366637088039,2023,True,187,37
2023-10-17,0.1746714975312014,0.7833482673572234,0.27328666874521973,0.90043369668344597,-0.0096953325253363951,2023,True,188,37
2023-10-18,0.26172679452662118,0.90358840011432129,0.28939911640073041,0.95379119076278374,-0.0094510570638108634,2023,True,189,37
2023-10-19,0.00609886593794811,0.93309863267822701,0.32849015404097198,0.99483691772274785,-0.0049850966691111116,2023,True,190,38
2023-10-20,0.14558011073414562,0.95447674214608025,0.4017547848481805,1.0701079782884813,-0.0010601173655473944,2023,True,191,38
2023-10-23,0.43579502331731679,0.7940266588887166,0.39570955410047642,0.96973292353910057,0.021415559188196345,2023,True,192,38
2023-10-24,0.15830069845432304,0.83803745667288498,0.34557476668578302,0.93791095855544482,0.0086399136448210307,2023,True,193,38
2023-10-25,0.042713916769649349,0.92964972515357636,0.33518957492766854,0.96082006932648567,0.010437323763927669,2023,True,194,38
2023-10-26,0.016186816392926268,0.83471980807786728,0.32926328312813963,0.89335001402056935,0.018317232078403366,2023,True,195,39
2023-10-27,0.19703826413219719,0.93794821818833052,0.33273932841762627,0.91324166197781909,-0.0034937329670497717,2023,True,196,39
2023-10-30,0.28128263402273607,0.91728262215329393,0.35386037115043323,0.98245576123761447,0.00015201571475436293,2023,True,197,39
2023-10-31,0.089129011286642912,0.89742135346623197,0.44043794193723201,1.1320813335592437,0.0014126207007772746,2023,True,198,39
2023-11-01,0.10905193451531098,0.92726744761673874,0.4581706317937263,1.1713551683997889,-0.0087615755488417695,2023,True,199,39
2023-11-02,0.23825627947067454,0.92928705902028064,0.46185698356933791,1.19780379491665,-0.0022464664524359844,2023,True,200,40
2023-11-03,0.34307408940294748,0.89783432298120924,0.38951113246624763,1.1620745699282957,-0.0064610733630686163,2023,True,201,40
2023-11-06,0.31257821544996817,0.95075037831805853,0.36964276752687997,1.350903424138328,0.016625213640596624,2023,True,202,40
2023-11-07,0.030362138480119226,0.89765859967474493,0.41021749132169838,1.3061625817919331,-0.004344405741969818,2023,True,203,40
2023-11-08,0.16806936543628306,0.80586893400169601,0.39501874518458319,1.0533733149877491,0.016793518008886621,2023,True,204,40
2023-11-09,0.11405778053642245,0.89102171755648518,0.37026788679691702,1.1390681598542411,-0.0060081199906938951,2023,True,205,41
2023-11-10,0.082418677095584703,0.94994421311738897,0.30011009717777476,1.2205747086460863,-0.0025141723174970602,2023,True,206,41
2023-11-13,0.1744596830076264,0.93718607732814141,0.24030556749033793,1.1012737296969373,-0.0023602768700654543,2023,True,207,41
2023-11-14,0.18456562491143211,0.82422316726609668,0.19458456758332107,1.0347190455771906,0.002705066901073333,2023,True,208,41
2023-11-15,0.055554410912177603,0.87964355991333476,0.22357960469681903,1.1752977048630979,0.0052049248499146297,2023,True,209,41
2023-11-16,0.41086441300834586,0.85801110950278536,0.31138068607312896,1.1466911574688252,0.012197858631010083,2023,True,210,42
2023-11-17,0.13236056106396421,0.92284188565606085,0.34214195362971017,1.0102357831973239,-0.0075498054675221691,2023,True,211,42
2023-11-20,0.035500690676215821,0.79094729540705377,0.28666800896108313,0.90888564571499753,-0.0018626029869909964,2023,True,212,42
2023-11-21,0.19487464737823321,0.9246941572338736,0.36752399296654409,0.98038707079739118,-0.0030294496602549749,2023,True,213,42
2023-11-22,0.39465501474673681,0.91064285092694885,0.4654504739189132,1.0215377980059015,0.016117264816884431,2023,True,214,42
2023-11-23,0.17833300296989021,0.83798097229256863,0.38746922109293969,0.86842507736062513,-0.0033462375123626351,2023,True,215,43
2023-11-24,0.34045894196542748,0.9172842378705538,0.40066049723871844,0.9506932059100851,0.00092668123544752557,2023,True,216,43
2023-11-27,0.081740138025612238,0.9314597677485108,0.43304652308915514,1.0928409091298512,-0.0050410655619056582,2023,True,217,43
2023-11-28,0.11782911316486606,0.88867482292913336,0.34945200960827866,1.0923068292183182,-0.0047773942231382196,2023,True,218,43
2023-11-29,0.28488067504714681,0.95023404688793145,0.25023388684060321,1.134523650186769,-0.0048794075597780925,2023,True,219,43
2023-11-30,0.08897202460854467,0.92740842312537319,0.23096295554749213,1.4146544502426961,-0.0029030548701455311,2023,True,220,44
2023-12-01,0.043542786442467528,0.80809770449840823,0.15652430322941904,1.1516490636267986,-0.0071686738393795446,2023,True,221,44
2023-12-04,0.15832757483724544,0.88088339070755439,0.23781804199758666,1.0991713828961833,0.001837848813079863,2023,True,222,44
2023-12-05,0.36386798188808911,0.90738854939966562,0.33644981057424872,1.0949995841526035,0.014801550474669576,2023,True,223,44
2023-12-06,0.075072203358317852,0.91829082442215448,0.31059985921280603,1.0519246644923428,-0.018608690012148755,2023,True,224,44
2023-12-07,0.030505989220312849,0.90282656065912914,0.3326607096849809,1.0428421996064026,0.005501394286556595,2023,True,225,45
2023-12-08,0.39558746942832373,0.95008012866871139,0.47084243138360032,1.1624109091161776,0.016599831750805292,2023,True,226,45
2023-12-11,0.16907437435819039,0.94828431638466248,0.46214902467476404,1.2086734506359034,0.010889534503641794,2023,True,227,45
2023-12-12,0.2498403671136783,0.91039233909666817,0.41957053636181579,1.2689304443246132,0.0019298852298360639,2023,True,228,45
2023-12-13,0.24195547126522618,0.91377295092675037,0.4433003911405915,1.2947411680235219,-0.0041701639952988583,2023,True,229,45
2023-12-14,0.11487784172871585,0.9341837125129453,0.46519090596854618,1.4344950355594468,-0.015391541129550471,2023,True,230,46
2023-12-15,0.22865899128173608,0.91582099806288531,0.44714362299183713,1.4226853717022656,0.0013512107546565994,2023,True,231,46
2023-12-18,0.22453523861068631,0.93804931943262271,0.47913760976651132,1.5430692925848661,0.0014486511061252599,2023,True,232,46
2023-12-19,0.13142227496091735,0.84407083802018235,0.42825189220458432,1.3421834040409268,0.0072020363165152985,2023,True,233,46
2023-12-20,0.28088631825343563,0.95605763448116232,0.4174952898616931,1.4024388014109443,0.00284662668005373,2023,True,234,46
2023-12-21,0.21200831921772342,0.92114810005750858,0.34166939102607097,1.100820489317337,0.0003190338774582567,2023,True,235,47
2023-12-22,0.082041250441226815,0.91399392685463643,0.22337824237422138,1.018919682885205,0.0046133536203978925,2023,True,236,47
2023-12-25,0.13933244340946652,0.94695519527114258,0.22777778360288506,1.1119705281332444,-0.011405054318512638,2023,True,237,47
2023-12-26,0.27378324858517383,0.8866543953335756,0.26239448322620434,1.0874412733882926,0.008494764092285596,2023,True,238,47
2023-12-27,0.11019155694766285,0.93826499943960007,0.31682827913426082,1.085714376072479,-0.0025635973702564053,2023,True,239,47
2023-12-28,0.41477204649657357,0.8379847987528366,0.42023206132685931,1.1144442663490943,0.020092135288324361,2023,True,240,48
2023-12-29,0.037327383115253257,0.96604970976676918,0.47190517767265727,1.2319797288689462,-0.012191180720889549,2023,True,241,48
2024-01-02,0.34398992692829106,0.90751774554136855,0.48734631576167819,1.1977814428582718,-0.0075753971163675191,2024,True,0,0
2024-01-03,0.30711775639831135,0.85159560008630208,0.62383224150475836,1.1817187608392024,0.010727236749507651,2024,True,1,0
2024-01-04,0.19789970005764615,0.85854111396235633,0.70710320147719952,1.0934188483501737,0.0099602374568402256,2024,True,2,0
2024-01-05,0.42957875370616899,0.83158421998740761,0.92384966362884535,1.1355583588559157,0.010978928091750294,2024,True,3,0
2024-01-08,0.47301351826909033,0.90368047561076115,0.97809535602803743,1.0366869291718757,0.016800710678764406,2024,True,4,0
2024-01-09,0.025588397223229916,0.88089978047205331,0.7752257095405739,0.91685949632935559,0.0060433733235079968,2024,True,5,1
2024-01-10,0.087614930064393859,0.8969555842493756,0.55729570237507164,0.99600117064173532,-0.0013890931446929751,2024,True,6,1
2024-01-11,0.2160460650399425,0.92076243939490865,0.47014888545280231,1.0794071745674716,-0.021975950574071011,2024,True,7,1
2024-01-12,0.32132965498601468,0.84493102652196972,0.34079509961245569,1.1465305761587072,0.0026072441388798901,2024,True,8,1
2024-01-15,0.098377872926519949,0.85937066701723486,0.20880105629857371,1.115567957766805,-0.00016982536194342171,2024,True,9,1
2024-01-16,0.078178961870845207,0.92076731101656106,0.21604526622355605,1.0756623914154615,0.014272494926417068,2024,True,10,2
2024-01-17,0.46311888717714023,0.81181520538817731,0.32165558864141258,1.0851283968837924,0.0081470313621586597,2024,True,11,2
2024-01-18,0.12744895560791389,0.85579968351417091,0.29723494769928843,0.86537669723247901,0.0075470397584672597,2024,True,12,2
2024-01-19,0.04891779886486837,0.90026627365920919,0.27340693933824856,0.85514853980521732,-0.021925695995835881,2024,True,13,2
2024-01-22,0.26817527011458675,0.9426096012901416,0.29739623774747537,0.86974670635526352,0.018380417576069785,2024,True,14,2
2024-01-23,0.089994254648044947,0.89841559341380028,0.24543346241520586,0.96868542341005515,-0.027625275882642984,2024,True,15,3
2024-01-24,0.0064070893663196677,0.88278190347488883,0.20360427352529331,0.93291616444634229,0.044268007148544807,2024,True,16,3
2024-01-25,0.24889332360077024,0.86575531343941126,0.21622146090744612,1.0505516532934691,0.0033937978583799227,2024,True,17,3
2024-01-26,0.3622609757742597,0.92345246482690435,0.31480641466839138,1.0959190959286758,-0.0025470900523818802,2024,True,18,3
2024-01-29,0.30136371263588224,0.89038109306199364,0.46934029763813456,1.1087952436813648,0.0098420246489472861,2024,True,19,3
2024-01-30,0.38075987935579808,0.93150159108791541,0.68685286705335669,1.1908937509937207,0.040005615725659964,2024,True,20,4
2024-01-31,0.16604028968085865,0.83132852564420068,0.65347579694926683,1.0595336826995454,0.034569026210160225,2024,True,21,4
2024-02-01,0.07364858509156906,0.742451672425683,0.54478896328058846,0.88464794153187454,-6.4775736305076035e-05,2024,True,22,4
2024-02-02,0.14990640600465574,0.88501198564286021,0.43863480701385099,0.83095994197265022,0.025830090986168699,2024,True,23,4
2024-02-05,0.019318250351872891,0.87577782298416573,0.33282891206750737,0.76526740291411399,0.029739233956802794,2024,True,24,4
2024-02-06,0.41171360273154556,0.8811548588221394,0.40225654840410585,0.85566018309843905,0.032473629441700715,2024,True,25,5
2024-02-07,0.27001565305933062,0.8610035624765352,0.45398724410225566,0.8924046920968528,0.017829803466125605,2024,True,26,5
2024-02-08,0.085335297211417568,0.94389046969589208,0.48266747514042491,0.95353847013604032,0.032262730512758034,2024,True,27,5
2024-02-19,0.17688788421109228,0.92131970956464593,0.52290448829823832,0.97119087366188805,-0.00096618734806771796,2024,True,28,5
2024-02-20,0.14545950593734622,0.92396946222926513,0.66315240740565862,1.2027587153896271,-0.0097105268158137123,2024,True,29,5
2024-02-21,0.0067381441200099861,0.87725037751694801,0.47217181049547235,0.98729377882167768,0.0015440229311019283,2024,True,30,6
2024-02-22,0.12490995186513348,0.87605750550288641,0.23485033947167033,1.0931489534262779,-0.026175561201089444,2024,True,31,6
2024-02-23,0.039217041449970486,0.91717553336138169,0.17238042326040381,1.1216364580564075,0.0097318597967689484,2024,True,32,6
2024-02-26,0.07391407365897068,0.86601117096226155,0.23665563590587413,1.1371082131507118,-0.0070358909667523973,2024,True,33,6
2024-02-27,0.45177014034917384,0.73765066789552725,0.37405227634408883,0.88695719492987835,0.035224680072007498,2024,True,34,6
2024-02-28,0.23335509629228327,0.85196120362896455,0.33158071210322165,0.75625509066819618,0.034405328667424975,2024,True,35,7
2024-02-29,0.38137910464255975,0.88409749472691468,0.33979379337726956,0.77244460068249599,0.0041701448259124346,2024,True,36,7
2024-03-01,0.11484595307090112,0.93626636011531084,0.35197252836012172,0.82405880019665501,0.00097253889599419215,2024,True,37,7
2024-03-04,0.043743963543847665,0.91131452834166338,0.32323602751426883,0.86997879545477774,-0.0010739965549539556,2024,True,38,7
2024-03-05,0.0097015257969297157,0.96430532911353739,0.25109375807799772,0.97381897762712444,-0.016811076097441924,2024,True,39,7
2024-03-06,0.079620881890306736,0.91623799993075983,0.27824343458603407,1.2584336436134624,0.015390619304562002,2024,True,40,8
2024-03-07,0.31885398233003237,0.86715159938865283,0.30465737809058263,1.3019636370021552,0.0066346920539590414,2024,True,41,8
2024-03-08,0.17730879187809148,0.9159897246791785,0.25182047639278166,1.275463323563929,0.00084040783859626539,2024,True,42,8
2024-03-11,0.29485807807757175,0.9243743194687476,0.34053200487268587,1.2561002827809091,0.0095259164371079147,2024,True,43,8
2024-03-12,0.01207570713637488,0.89564155982513027,0.32234498949500012,1.1464347484633128,-0.013389404788486705,2024,True,44,8
2024-03-13,0.057579215856828798,0.90001312938443145,0.34045453644159307,1.1467150529211427,0.008922720760032506,2024,True,45,9
2024-03-14,0.18721694957109919,0.8960627294875938,0.30559501255369831,1.1291219903025593,0.013917763117468821,2024,True,46,9
2024-03-15,0.082286866681621176,0.84503512473635867,0.32717825099400033,1.0563374218693826,0.0090489837123426901,2024,True,47,9
2024-03-18,0.39104727667413752,0.89926715703172333,0.30572077190540831,1.0469767854725183,0.020506762751886346,2024,True,48,9
2024-03-19,0.26615189366530834,0.94223952031920843,0.3389237284086743,1.1245925162244752,-0.0023160347197284607,2024,True,49,9
2024-03-20,0.047128762970312668,0.87786748943304693,0.33646053387760005,1.2022467193001569,-0.0067630656214696929,2024,True,50,10
2024-03-21,0.14306403965173758,0.90349375875410887,0.35229732099670363,1.0309570803532944,0.010647582362720764,2024,True,51,10
2024-03-22,0.21014210574700801,0.89912069318992549,0.40570091296942556,1.0613470730228933,0.0057339261141206802,2024,True,52,10
2024-03-25,0.22594786122729418,0.92273842848692189,0.45873577468425869,1.0330709641203533,0.012032283405064806,2024,True,53,10
2024-03-26,0.14735707998590267,0.92904084525894448,0.52546100366316451,1.0297193839252325,-0.0036769884494130788,2024,True,54,10
2024-03-27,0.35363879290067657,0.90737680753220729,0.53882258000142569,1.04423019437621,0.010984249900140753,2024,True,55,11
2024-03-28,0.21564488334453105,0.84244134130513459,0.54234403423690969,1.0317560794210334,0.015743271006287227,2024,True,56,11
2024-03-29,0.0098243903920729944,0.91615940266273643,0.51069543956385155,1.064766838536704,0.015811349272756046,2024,True,57,11
2024-04-01,0.28706149368964839,0.91433908530877506,0.4423334751011746,1.0941916469987261,0.011284462992182437,2024,True,58,11
2024-04-02,0.16608652449552433,0.89971454237991688,0.33846368720405068,1.0620252163883082,-0.0053463349329875634,2024,True,59,11
2024-04-03,0.25438785040580292,0.84151882975898817,0.36265323172411634,0.99649784551728582,-0.008687433763531642,2024,True,60,12
2024-04-08,0.49860311858955653,0.90676202648850679,0.46603969581639343,1.1714883739436652,0.0226780405460007,2024,True,61,12
2024-04-09,0.2154158401589755,0.89146010062748859,0.44916348782943871,1.0725831630526581,-0.013803425842817935,2024,True,62,12
2024-04-10,0.40206920537458912,0.86561695399887562,0.44188738123567761,1.0007171423664647,-0.00057641869301213117,2024,True,63,12
2024-04-11,0.069051087759208721,0.81715862723075028,0.36566905898815555,0.92635086111549303,-0.0053247108460309691,2024,True,64,12
2024-04-12,0.0052773037519529649,0.92966615718366041,0.29001162361873312,0.9549836459566009,-0.0037301994764325553,2024,True,65,13
2024-04-15,0.19810258812666526,0.92374387046189643,0.15100940191381501,0.94741016351268514,-0.0064638492639744576,2024,True,66,13
2024-04-16,0.31350450839532124,0.91437298472180384,0.13379405440612926,0.99348150019837633,0.0067877953618901239,2024,True,67,13
2024-04-17,0.4559164155748156,0.85923740358777678,0.11422696019344679,1.026979318136005,0.0025314069770601064,2024,True,68,13
2024-04-18,0.084940342467010557,0.92893884207613076,0.17491962544756001,1.1069707920699505,-0.0063101128197873219,2024,True,69,13
2024-04-19,0.32117085161633208,0.86624641291996018,0.2355624327433794,1.1185927390227575,0.014269198414737909,2024,True,70,14
2024-04-22,0.023398089735393809,0.91783056009401309,0.2281117138173662,1.174314041971662,-0.0047401830209130641,2024,True,71,14
2024-04-23,0.096884398708304884,0.93039591184120363,0.2405682593975188,1.2432841110919917,0.0041233188737781245,2024,True,72,14
2024-04-24,0.29415964011945278,0.94630962657466977,0.28352554267281382,1.2447997418266652,-0.005759989141185173,2024,True,73,14
2024-04-25,0.14339427884561354,0.82942372614780435,0.3274249921299669,1.14033373309342,0.0017250729194867914,2024,True,74,14
2024-04-26,0.37755159113616471,0.85572921385407608,0.48117673333960231,1.0188596968321468,-0.0056967548227597102,2024,True,75,15
2024-04-29,0.44492924901444586,0.82425419188319526,0.60499497283769832,0.84052325452184462,0.028006826326870047,2024,True,76,15
2024-04-30,0.23563567593341944,0.83517741875267337,0.58425219400742501,0.80053931685469282,0.00090535072391587231,2024,True,77,15
2024-05-06,0.20115514327868628,0.91841558200810491,0.5066548649021605,0.85619790963372755,-0.015045644190469184,2024,True,78,15
2024-05-07,0.24497203938377068,0.9001798072678332,0.50565416786140438,0.91301178424946317,-6.8168412327196761e-05,2024,True,79,15
2024-05-08,0.26450307254429928,0.89767557815174381,0.36708031793446666,0.92550856144591986,0.003614182953032168,2024,True,80,16
2024-05-09,0.39563145976584035,0.8729343022585202,0.20370901021638735,0.96111359816367348,0.0087226075599342989,2024,True,81,16
2024-05-10,0.33123068566555092,0.76997858927685681,0.19513989516781752,1.0100548045543623,-0.018424157048264937,2024,True,82,16
2024-05-13,0.096867323917200834,0.90729820012771556,0.2362035309199145,0.95947106993822973,-0.0057007975976555462,2024,True,83,16
2024-05-14,0.089067737354596874,0.9227834192108989,0.23413493602404534,1.0268813725042032,-0.019698854332267784,2024,True,84,16
2024-05-15,0.29635596038709694,0.9463851718172287,0.2746822251534301,1.1713667447538547,0.0084362971096227368,2024,True,85,17
2024-05-16,0.090362802852985619,0.92579886276202861,0.30514940419750486,1.3420171816337043,-0.0051489128004299431,2024,True,86,17
2024-05-17,0.17324467814822125,0.8926307685935303,0.28857089113412304,1.465826377027589,-0.0010117663985238228,2024,True,87,17
2024-05-20,0.023408796230327239,0.88358689344660002,0.26386987823365354,1.2250971804596473,0.0052811487331060475,2024,True,88,17
2024-05-21,0.22952206464765351,0.92936440777152396,0.2547405592068695,1.1607145887768004,0.0013576897139122325,2024,True,89,17
2024-05-22,0.23053130515151937,0.74530948901881167,0.18293312817321444,0.82545078027235019,0.0060331635819312369,2024,True,90,18
2024-05-23,0.3572217743270607,0.84644715691341921,0.25093927617837419,0.83627665126811368,0.011519892256068791,2024,True,91,18
2024-05-24,0.46335655820149357,0.77551312182290677,0.37015806538802837,0.79675864630325433,0.0069549694047460406,2024,True,92,18
2024-05-27,0.24880395602957045,0.8455927602881389,0.37316609096237979,0.7180088287012002,0.030596741529987662,2024,True,93,18
2024-05-28,0.10753446581530661,0.84297633278791106,0.33886502198140223,0.74321931340377145,0.01327839576111527,2024,True,94,18
2024-05-29,0.015209270482213698,0.90865339505032094,0.34035961904734274,0.86195970073901329,-0.0079626784370227625,2024,True,95,19
2024-05-30,0.175341881024589,0.91710158589144175,0.31449371442085283,0.89571985732341419,-0.0035890496302500075,2024,True,96,19
2024-05-31,0.013962987479832522,0.86643884829235085,0.23024163944842801,0.895510031829857,-0.0056716165069533022,2024,True,97,19
2024-06-03,0.15143555869239378,0.85892741755261814,0.20433720849920872,0.95488308059392246,0.0053357374513543551,2024,True,98,19
2024-06-04,0.10802092818633616,0.89405590373916588,0.22692810768352514,0.96700426555111052,-0.0056974221740162083,2024,True,99,19
2024-06-05,0.048160602102023248,0.85424795895610939,0.22891028198785662,0.98453215180122089,0.011042131609534777,2024,True,100,20
2024-06-06,0.15672555770693916,0.91369264921645355,0.2433332235111782,1.011476443443837,-0.011577395104015302,2024,True,101,20
2024-06-07,0.094185359294516768,0.91568134843913607,0.24477874583612388,1.0763357992311071,-0.0093566474664375059,2024,True,102,20
2024-06-11,0.42028453201616672,0.83453324870771883,0.33647152756400373,1.152018479209552,0.023672832537862353,2024,True,103,20
2024-06-12,0.023827342695102026,0.9706481227432866,0.35307704637800941,1.202561045365202,0.0042429007838248461,2024,True,104,20
2024-06-13,0.085833828364856188,0.87714119190679141,0.3331356341160514,1.1284143872214503,-0.0032489695247352986,2024,True,105,21
2024-06-14,0.098485573214698335,0.93643694849167269,0.31208092576153162,1.1232537473040984,4.5848930045909453e-05,2024,True,106,21
2024-06-17,0.082901368357590779,0.92515042916117984,0.31808742420649383,1.1428341101500179,-0.0023246456615589025,2024,True,107,21
2024-06-18,0.0060043554854614101,0.89038234346498168,0.1988927524212471,1.1802699163766206,-0.016164973585243405,2024,True,108,21
2024-06-19,0.15145622502204747,0.85698226678702072,0.12551295968010695,1.0470138387375629,-0.0048235410783498568,2024,True,109,21
2024-06-20,0.060285767063722566,0.89829029375736202,0.13870385018511056,1.1095162997813366,0.0077328699704716656,2024,True,110,22
2024-06-21,0.061487907934996019,0.93271549620595795,0.17652692641812187,1.1183155278468762,0.017212777358153044,2024,True,111,22
2024-06-24,0.38654322462278601,0.85021483731340197,0.42315423465193303,0.9894123353820139,0.0093648707915925077,2024,True,112,22
2024-06-25,0.33971242639564964,0.86250778785625504,0.52147995916979273,0.96145125911669382,0.0096307302326464131,2024,True,113,22
2024-06-26,0.22280234572432359,0.88215926535362954,0.49881249254791521,0.92202591158277269,0.015456879022985089,2024,True,114,22
2024-06-27,0.31950103076801317,0.88894285086802249,0.49723888651798981,1.002632785973286,-0.01272724994404368,2024,True,115,23
2024-06-28,0.079187120150681203,0.89011572336666656,0.52711472612851129,0.95300716744825109,-0.004276651217134218,2024,True,116,23
2024-07-01,0.049139662675001049,0.8910529934389676,0.42378079304378136,0.93587454736393993,0.027712468939558518,2024,True,117,23
2024-07-02,0.26246292076392258,0.941669750625032,0.3237629580592753,0.99525983634970661,0.0046917442433237954,2024,True,118,23
2024-07-03,0.054624081976096688,0.89988611633746918,0.32673394635865949,1.0545607806619348,0.0081440385225385603,2024,True,119,23
2024-07-04,0.2923664460982503,0.88998271632835824,0.36383284392060661,0.99745841345644548,7.966428574446825e-05,2024,True,120,24
2024-07-05,0.17986189609002196,0.86771979558506862,0.31264219512763386,0.88847289840018295,0.021036834050854904,2024,True,121,24
2024-07-08,0.17590648714655319,0.92459776862549736,0.30136030688811394,1.0088831511092708,0.0065237401252193055,2024,True,122,24
2024-07-09,0.26300684285333176,0.91305852231249507,0.34018059817913759,0.94826752588158136,0.0020801913491740442,2024,True,123,24
2024-07-10,0.013925319236232218,0.89090322968934388,0.39107637701153858,1.0146253431179055,0.0011832536728885608,2024,True,124,24
2024-07-11,0.15818662854841081,0.88814855886551802,0.32847339352550819,0.95850528142167923,-0.0085806935879222286,2024,True,125,25
2024-07-12,0.0073575195066362398,0.91160102442373825,0.31852595665747396,1.0710935736381531,-0.016072819345942378,2024,True,126,25
2024-07-15,0.068899052277709288,0.9362365403920605,0.32220845341841581,1.093881288304823,0.00323252195537345,2024,True,127,25
2024-07-16,0.34945219954832607,0.91093762550347823,0.32823731767356007,1.0902822543815414,0.006759013063022859,2024,True,128,25
2024-07-17,0.077037876396392105,0.87787783515315498,0.2893479625173106,1.1119941111944012,-0.01000656415223582,2024,True,129,25
2024-07-18,0.096226622001409051,0.91426499681357598,0.37986358954329796,0.99056822985772641,0.026695023002780555,2024,True,130,26
2024-07-19,0.28285655272227744,0.90559899910598174,0.44302189165120665,1.0178412413675209,0.0083768935604799418,2024,True,131,26
2024-07-22,0.050751739595729671,0.90830979249096044,0.43329907975160997,0.93697319943494872,-0.0049313793978777339,2024,True,132,26
2024-07-23,0.71417672572776769,0.83235451940248018,0.49477311175511807,0.95963229746772316,0.021328725572732975,2024,True,133,26
2024-07-24,0.15809728500812362,0.9391215180432384,0.54609148209421599,1.0089867715724858,-0.009654338956709212,2024,True,134,26
2024-07-25,0.010198067736353036,0.93627192386085611,0.51670805545474807,1.1839266987416459,-0.012662986030563915,2024,True,135,27
2024-07-26,0.14131752630479288,0.82241119163622767,0.44884244844230842,1.1116479137546842,-0.015963455206851648,2024,True,136,27
2024-07-29,0.34285373182051276,0.87364800468495152,0.45159292722347877,1.2503234755861865,0.0088206235660057506,2024,True,137,27
2024-07-30,0.053971234736454474,0.88980255854000168,0.35395744390053202,1.0190969050467862,0.0093454758487508012,2024,True,138,27
2024-07-31,0.55828924718648087,0.79641018363115212,0.43568642244011463,0.93072442619004703,0.045238163141173238,2024,True,139,27
2024-08-01,0.085526101732750728,0.90392376834206711,0.44190240077348519,0.89040683692596567,-0.0030207024916167899,2024,True,140,28
2024-08-02,0.35863276035096164,0.90841363115067331,0.56924654487361448,0.90244312641514113,0.016741530966735602,2024,True,141,28
2024-08-05,0.34206742609314328,0.87994759105496645,0.53388035060412409,0.88372683625649917,-0.0048589940165965212,2024,True,142,28
2024-08-06,0.20471921924446757,0.82399892255689422,0.47009440912037159,1.0331207630148229,-0.017914567846525752,2024,True,143,28
2024-08-07,0.15209510124634862,0.91343243783586625,0.35895309272725867,1.1114825921370306,-0.010461024324441792,2024,True,144,28
2024-08-08,0.02594161234549925,0.88009717199411508,0.33703197412599717,1.0165746669769167,0.018124651530432034,2024,True,145,29
2024-08-09,0.073090731821067859,0.94153605389868089,0.24950140999117779,1.0703652264931056,-0.0073242672341452594,2024,True,146,29
2024-08-12,0.054338619458559577,0.94548102008155788,0.12332894446067509,1.1544551551648881,-0.021807924620658756,2024,True,147,29
2024-08-13,0.092943503412491052,0.9188269509061382,0.10026114450322768,1.1480821020662315,-0.011189417759092749,2024,True,148,29
2024-08-14,0.38293717912821773,0.86650193887074756,0.087923469744984786,1.0823739909887713,-0.003650481337980749,2024,True,149,29
2024-08-15,0.13963079673526188,0.89130210398860943,0.09531448450758119,1.1642258443738898,0.019394305014682974,2024,True,150,30
2024-08-16,0.055298813384254034,0.96164750610046412,0.082614220542308756,1.1468366240872241,-0.006715759424502264,2024,True,151,30
2024-08-19,0.058218701761665076,0.95030239165750019,0.17548234206208843,1.160464061352805,0.0058271848435676628,2024,True,152,30
2024-08-20,0.32710540570483349,0.89240011683875164,0.30190908054608162,1.114818212136625,0.012748668250082713,2024,True,153,30
2024-08-21,0.066453639984637838,0.91745891920998568,0.37106230255906303,1.148437296294351,0.00064456178502692366,2024,True,154,30
2024-08-22,0.18267429779555849,0.91573729447171548,0.49736114276032756,1.5187063650528412,-0.010192774252820763,2024,True,155,31
2024-08-23,0.0056246476446701211,0.87957640513710988,0.46032729306209469,1.2395278488697341,0.0099134054952954402,2024,True,156,31
2024-08-26,0.087775525217838671,0.94244283648505989,0.43172215179799467,1.1852740129289339,-0.00780484911641878,2024,True,157,31
2024-08-27,0.19791096975806924,0.94079282765227734,0.36686949753807974,1.2656719976219637,-0.014623241392489645,2024,True,158,31
2024-08-28,0.11124928659654133,0.90522526454722296,0.31819079718757898,1.3322712621032951,-0.010091702240097877,2024,True,159,31
2024-08-29,0.20360648511307292,0.8709888859878282,0.32582683108789023,1.1130754270631824,0.0053447458720770041,2024,True,160,32
2024-08-30,0.3134793356919473,0.79119579243761362,0.3299521154363349,0.97801056107627049,0.014259915881894802,2024,True,161,32
2024-09-02,0.68590949921875677,0.81562663217604248,0.36805189081901268,0.91961066196582664,0.033991005115225327,2024,True,162,32
2024-09-03,0.1110431847960601,0.92487801521099622,0.34817535600243493,0.93477699872967768,-0.011200900940197109,2024,True,163,32
2024-09-04,0.06516341311513911,0.95760993003325168,0.34228344008051315,0.95716786718565916,0.0018038343312472796,2024,True,164,32
2024-09-05,0.024708079262899217,0.95690836796320389,0.32386017751656626,1.0797439260771788,0.00070386310148668006,2024,True,165,33
2024-09-06,0.3710455147114437,0.88741592290557603,0.43236474995002183,1.3137891982758252,0.0039074019200729159,2024,True,166,33
2024-09-09,0.22292408945910702,0.9191800291636385,0.42876218139279826,1.4437967847474971,-0.00044160452673374913,2024,True,167,33
2024-09-10,0.10159695914636994,0.87376459695907349,0.38510964254309782,1.2607575755458671,-0.011591030388869708,2024,True,168,33
2024-09-11,0.16602793818513209,0.90077589460834118,0.40163160398557757,1.2571900410542611,0.0024692882930030893,2024,True,169,33
2024-09-12,0.15172131485797488,0.93490723879735593,0.37286873683957222,1.2035092202753743,0.0089757398256239164,2024,True,170,34
2024-09-13,0.1032556882324101,0.95454143610197895,0.34908732822811411,1.285476350343739,0.0063294115810364291,2024,True,171,34
2024-09-18,0.17863630090642688,0.91954279663918947,0.30403017056765452,1.259371283005132,0.0098294936730754703,2024,True,172,34
2024-09-19,0.075095556825749546,0.89600105093359494,0.28354006720513131,1.2991698413314703,-0.024021307665419728,2024,True,173,34
2024-09-20,0.091376253071509914,0.80396517400642031,0.27117476191608525,1.2039388047431798,0.019856341063926201,2024,True,174,34
2024-09-23,0.15749849152681203,0.82213225542149626,0.29846451732293272,1.1856251027516955,0.0031411956873715957,2024,True,175,35
2024-09-24,0.37009790196920378,0.81537924579980436,0.41605416502188747,0.85833839438320525,-0.0068662755310787797,2024,True,176,35
2024-09-25,0.0043335986957305558,0.79391890134100684,0.48604471866158844,0.82499901751802451,0.030537028420364255,2024,True,177,35
2024-09-26,0.36995089366109346,0.77172570132932194,0.93141966584158875,0.75847356300509838,0.02039502439609139,2024,True,178,35
2024-09-27,0.6466060654690936,0.70925146478063661,1.013164131350424,0.5778833275325711,0.05975481558005815,2024,True,179,35
2024-09-30,0.46317480535592082,0.89836230260820238,0.81185532574299024,0.70317642495130184,-0.018637999010638104,2024,True,180,36
2024-10-08,0.43410635481749166,0.93685538666897261,0.6287901835534756,0.91058978076081432,0.15954010176077948,2024,True,181,36
2024-10-09,0.051983685882956876,0.89706289039840781,0.56386983695956094,0.91187588809943287,0.025893618820096991,2024,True,182,36
2024-10-10,0.12651137778066157,0.93471341666324081,0.53669368327380385,1.0256555565851919,0.044374523677146782,2024,True,183,36
2024-10-11,0.29570322314930692,0.84908191452780724,0.47627886874113029,1.0925271313036853,0.023432527289859836,2024,True,184,36
2024-10-14,0.13762978305305959,0.88467467894427188,0.33301247373469373,1.0589716829169751,-0.0046477152116856015,2024,True,185,37
2024-10-15,0.17666709208139803,0.91904453991144786,0.26285126855752744,0.92408620273571129,0.026294402886459664,2024,True,186,37
2024-10-16,0.16130324995297016,0.93405485556939249,0.36104259013859558,1.1070543878281349,0.020464586467728425,2024,True,187,37
2024-10-17,0.031997504233117584,0.88751846095771791,0.35290117435405444,1.0821420985557515,0.018845802584777707,2024,True,188,37
2024-10-18,0.4014081815793199,0.83782294295709625,0.45092999219474506,0.8845836627632695,0.092189469374453908,2024,True,189,37
2024-10-21,0.063358434614422768,0.94921810238651372,0.46195605323310696,1.0613222188396689,0.0041515282605733743,2024,True,190,38
2024-10-22,0.091664197000127262,0.90984657883750109,0.44291214348922231,1.0848583909232814,-0.018585330771626947,2024,True,191,38
2024-10-23,0.060557976619061267,0.87294234961583428,0.44288497911479069,1.0864174653920653,-0.0057071144748177104,2024,True,192,38
2024-10-24,0.020085048341104968,0.91287274306712363,0.43184101059853036,1.0486516888539581,-0.0015611805886373063,2024,True,193,38
2024-10-25,0.12025066342204914,0.92493096303428968,0.2595620497046458,1.2843338644694298,0.001608357520876932,2024,True,194,38
2024-10-28,0.059276506877154925,0.89776327127664413,0.081300676706127395,1.280368240320414,-0.0010524035258942738,2024,True,195,39
2024-10-29,0.11143309841287334,0.90982015266071248,0.16631160247839993,1.1431821989108457,0.02739885864302562,2024,True,196,39
2024-10-30,0.1716990571595905,0.88725855473567972,0.23510278863420875,1.0919058223646247,0.0065503084025595269,2024,True,197,39
2024-10-31,0.08378656386665162,0.90568618434106074,0.21184332210533008,1.0246133710219427,-0.020562047508860645,2024,True,198,39
2024-11-01,0.28345124690623624,0.94679455548027647,0.22073348345757943,1.1593258613154807,0.01395282263762113,2024,True,199,39
2024-11-04,0.21434971867608263,0.87431364484835983,0.303292825897791,0.98952932758733636,0.0016202502112353146,2024,True,200,40
2024-11-05,0.38784104886747289,0.87697023762623882,0.41178833788261737,0.99677485820233735,0.031845520434724155,2024,True,201,40
2024-11-06,0.012167781901092318,0.90293934916082885,0.38748256660017794,1.0435505267529317,-0.045271089305146721,2024,True,202,40
2024-11-07,0.29742281712669111,0.84409574116325359,0.50538310259754915,1.1063344629928349,0.010125110513736157,2024,True,203,40
2024-11-08,0.013433395889553893,0.9394155257597615,0.47878994707095784,0.90925261705903626,0.037460198863529977,2024,True,204,40
2024-11-11,0.25934498368930275,0.90288283455861396,0.38934170556148417,1.0999186634564508,-0.036831757421321179,2024,True,205,41
2024-11-12,0.16858361371324113,0.9416921348118541,0.33192532477415271,1.1435484052680882,-0.0087469051193778419,2024,True,206,41
2024-11-13,0.092540109748263058,0.90525166832659953,0.32684963701180142,1.1591570091296113,0.00029488372277429627,2024,True,207,41
2024-11-14,0.33088745334697656,0.93462704661658103,0.32090070972212659,1.2244598056370615,-0.0033199265991876469,2024,True,208,41
2024-11-15,0.35951306369816904,0.83768250426622881,0.39594367585157686,1.5097784273594514,0.0081612881646978396,2024,True,209,41
2024-11-18,0.14878413982890593,0.83102604613221098,0.44565174987748774,1.1035519236163913,0.02249819110939992,2024,True,210,42
2024-11-19,0.24373237966013889,0.86114270412152871,0.41738966350462497,0.96533330438139309,-0.017554498066980936,2024,True,211,42
2024-11-20,0.043564884873368202,0.9299706726605137,0.43447761182392247,0.96622383320774141,-0.027353097002126143,2024,True,212,42
2024-11-21,0.11439926245248351,0.91861443565976642,0.37524778166707179,0.94495336632797211,0.0055909304214764623,2024,True,213,42
2024-11-22,0.42438847683868253,0.85406217605827839,0.36396954483014099,0.92298547868514969,0.04062558160615614,2024,True,214,42
2024-11-25,0.12510135762991642,0.85132559424327237,0.41769560524004296,0.9868091188669611,0.028879160014562828,2024,True,215,43
2024-11-26,0.093357242834494883,0.91753905082699394,0.48516175424585639,1.15574849939784,0.00088353596797591315,2024,True,216,43
2024-11-27,0.29744853212802774,0.89470558662107991,0.49270736806511051,0.96984716514477642,0.044161773286031353,2024,True,217,43
2024-11-28,0.025865214440662965,0.89412064735519503,0.50164313169015495,0.96129689221136938,0.0035694452599575287,2024,True,218,43
2024-11-29,0.19435268742694131,0.84587320650172659,0.37334589193332351,0.83932830271701309,-0.0044521229252342618,2024,True,219,43
2024-12-02,0.10243578041432329,0.92908092967497258,0.33905752100850151,0.92330901242834573,-0.022911380254306734,2024,True,220,44
2024-12-03,0.11983982377704208,0.91744579082167454,0.32651794543879825,0.90655295040346817,-0.026899036846019696,2024,True,221,44
2024-12-04,0.061359920707425915,0.94934651096606137,0.26943346419913766,1.0538303084591825,-8.1920020820794824e-05,2024,True,222,44
2024-12-05,0.037153569193593035,0.95474266532437579,0.22258008636149546,1.058949382697506,-0.020432931554729382,2024,True,223,44
2024-12-06,0.16388929218757975,0.82716645805259692,0.14134604518303454,1.2957887767432188,0.0085708265794396492,2024,True,224,44
2024-12-09,0.16442328487332883,0.8335284795063892,0.1348065460239562,1.0169163423952001,0.015623600978957618,2024,True,225,45
2024-12-10,0.075102493645292034,0.9356060505189091,0.14088825460059448,1.0321662862163723,0.035478289375530159,2024,True,226,45
2024-12-11,0.053404738821251248,0.95885462142765721,0.16615832524044358,0.94953338627497641,-0.010317403814900285,2024,True,227,45
2024-12-12,0.060983056754263555,0.93152120379743464,0.19020537187293782,0.91938485933306691,0.00020582834758990718,2024,True,228,45
2024-12-13,0.3181761989783653,0.85623222505662733,0.27125972380558228,0.95133626842186636,0.00047122600253669648,2024,True,229,45
2024-12-16,0.26929974184392363,0.91900503027585034,0.34515718887668051,1.115422890866449,0.014897759863153118,2024,True,230,46
2024-12-17,0.12947081778177055,0.94213793729682538,0.44696225462147765,1.1531823402552577,-0.01131322826454717,2024,True,231,46
2024-12-18,0.23519514749606188,0.91149547522388108,0.45744423665170969,1.1371600285896137,-0.011367671880761633,2024,True,232,46
2024-12-19,0.12866338408733546,0.94391955213363476,0.50472012290547619,1.169645699195953,0.0039395393992476355,2024,True,233,46
2024-12-20,0.2079619726196538,0.86954222085737853,0.44336796502965298,1.1905660925855317,0.0041771498346203769,2024,True,234,46
2024-12-23,0.14203419303376458,0.90601556664155192,0.3437385797197815,1.1717065467974028,0.00067550575421922382,2024,True,235,47
2024-12-24,0.18429300038683452,0.91907232445471421,0.33856983330003149,1.2268776963896646,-0.0027471660610776769,2024,True,236,47
2024-12-25,0.045221055494068775,0.91752386062781455,0.32175225286433257,1.1954911592699016,0.0045412073057879464,2024,True,237,47
2024-12-26,0.17166703596400001,0.92065016730019156,0.26325597724479366,1.199263908653067,-0.012392874761846494,2024,True,238,47
2024-12-27,0.10546924637932073,0.85466964449955662,0.23501848542986159,1.1077165862726746,0.017885729661490088,2024,True,239,47
2024-12-30,0.029671271254705374,0.89674302124394301,0.34677142884682288,1.0512963217824456,-0.011818777000408506,2024,True,240,48
2024-12-31,0.40008877609059706,0.86818625330354726,0.5602322881089451,1.0134566083286176,0.0007608515811177146,2024,True,241,48
2025-01-02,0.36438417626646852,0.90643398318649482,0.69027263659088001,1.0080383907904291,0.030226398640627868,2025,True,0,0
2025-01-03,0.16035122380196221,0.92224650521295548,0.68676181561809024,1.0425705258205575,-0.011711893366932095,2025,True,1,0
2025-01-06,0.032513080271402234,0.94513671799352938,0.67551145285350711,1.2349608897934792,-0.010647527293785286,2025,True,2,0
2025-01-07,0.31475371714444134,0.89215599965424763,0.64777830577403295,1.1594172877433846,0.022261641755512193,2025,True,3,0
2025-01-08,0.0039895087585604212,0.72557557892670921,0.41721323566538515,0.89632793614206852,0.02181571739871328,2025,True,4,0
2025-01-09,0.051993006747175198,0.94070262186669662,0.26591738891544053,0.92098375225892659,-0.022626151714374911,2025,True,5,1
2025-01-10,0.1145786783297701,0.88292869414841724,0.19751954426982929,0.90851001081166582,-0.00062413631981262123,2025,True,6,1
2025-01-13,0.015284422138558034,0.94420474785122022,0.19757414781900534,0.90721095270892582,-0.0091048888206543485,2025,True,7,1
2025-01-14,0.31962168679231345,0.87358024570113757,0.24038356531923213,0.95910906844882515,0.0065113362327735569,2025,True,8,1
2025-01-15,0.069815881063498605,0.86614025853886467,0.26855420149267845,1.2920099234118592,0.009899078731347908,2025,True,9,1
2025-01-16,0.18215408807503009,0.91681063052905076,0.26100811767999377,1.2543346668498385,-0.010951849534742873,2025,True,10,2
2025-01-17,0.087495583526054035,0.91247795299067014,0.23830775952425243,1.1475408761404902,0.012224635325555159,2025,True,11,2
2025-01-20,0.033479350622908681,0.95028889722298338,0.23996936656548878,1.2010167231109981,-0.0061822027798073822,2025,True,12,2
2025-01-21,0.12089901358497324,0.95042421974159008,0.16503070727930672,1.2075059054175294,-0.017341113609991111,2025,True,13,2
2025-01-22,0.013957032352790263,0.90588894449190127,0.15927296645266886,1.1846989624303175,-0.0076660101064961956,2025,True,14,2
2025-01-23,0.1150317319985284,0.80771275013422517,0.11527562773553704,1.0836899359296606,0.015497845757155763,2025,True,15,3
2025-01-24,0.15567825861961357,0.94272213742536548,0.11772412305207089,1.2760863996266723,0.0036926310882789016,2025,True,16,3
2025-01-27,0.30708735364141998,0.86745829631357552,0.15524294953244644,0.96282532364241258,-0.0013714877358106759,2025,True,17,3
2025-02-05,0.30066027025628045,0.90674591456952391,0.25811141704856794,1.0053611516535019,-0.014742980384485528,2025,True,18,3
2025-02-06,0.33186491800850337,0.88122804359428675,0.37789221237281168,0.99057088970667051,0.0036654586552511198,2025,True,19,3
2025-02-07,0.072852165101925784,0.83659434412078482,0.40171043703645271,0.87896554529708337,0.033763083005031447,2025,True,20,4
2025-02-10,0.25689310949136768,0.91904095834387289,0.40006641496507284,0.88393189016939244,0.005775205313787524,2025,True,21,4
2025-02-11,0.13365665934273593,0.90333144158676593,0.38354094714036713,0.97128308752980208,-0.00098836139171280639,2025,True,22,4
2025-02-12,0.20019433387342483,0.93625876717037226,0.36901967153633719,0.91172006623535484,-0.0077318154367357426,2025,True,23,4
2025-02-13,0.33947588846969279,0.84285191668922554,0.21371369088852146,0.90423272293623169,-0.0042880189175138073,2025,True,24,4
2025-02-14,0.059471790115896872,0.92433438959126313,0.14622930002169729,1.0291387251674515,-0.0095748970385134864,2025,True,25,5
2025-02-17,0.1551500004414326,0.93659498843549227,0.11156380989513656,1.1052427471564912,-0.012713707622563072,2025,True,26,5
2025-02-18,0.32848532545325732,0.90153038480856218,0.11881025188834655,1.0216456408405723,0.0040188248298634668,2025,True,27,5
2025-02-19,0.40878607333424405,0.76460916362584863,0.18352125298413144,0.97549430492011469,0.0021285394144705313,2025,True,28,5
2025-02-20,0.020910952793151492,0.87751016123027659,0.36436377980661933,0.93629032835212112,-0.0015676936441910221,2025,True,29,5
2025-02-21,0.49298730233172611,0.87624790617456505,0.5985679990381344,0.95638406446481938,0.027498635607406334,2025,True,30,6
2025-02-24,0.048361337978379097,0.91234558943593602,0.60384781618780703,0.96537364315097618,-0.020546262762049058,2025,True,31,6
2025-02-25,0.021478322440790169,0.88890037164706992,0.55701395255777697,0.95424792099469358,-0.00039268334779142718,2025,True,32,6
2025-02-26,0.21632089176423833,0.93979818577433394,0.55967388752507408,1.026662880018214,0.011129491516656683,2025,True,33,6
2025-02-27,0.0038695250548822684,0.86372266967961031,0.44387755319487526,0.94864244518633756,0.015158506643052337,2025,True,34,6
2025-02-28,0.35147622707860171,0.87227445982971397,0.29597449211542237,1.0238903562524178,-0.0096793961661796567,2025,True,35,7
2025-03-03,0.13413149594488077,0.93224391941558571,0.28357100512875588,1.0154313006516371,0.019276869900432203,2025,True,36,7
2025-03-04,0.16757694764463338,0.90242066601070969,0.27605369802308694,1.0730137774945074,-0.017706518227947991,2025,True,37,7
2025-03-05,0.041208491879178133,0.87945311369886836,0.31289545470644137,0.99732511334834095,-0.00061151622980488356,2025,True,38,7
2025-03-06,0.42081502760395806,0.87866397816609587,0.33003934912240612,1.1499311605960625,0.018506985563591351,2025,True,39,7
2025-03-07,0.1729159628992894,0.91831117697612907,0.31156214077009187,1.0613142801690647,-0.0095186593553976701,2025,True,40,8
2025-03-10,0.032433590293299223,0.85061639301360259,0.30346441172668387,0.9282063158242877,0.011510678267566365,2025,True,41,8
2025-03-11,0.053496931422877939,0.91012275518357644,0.31056776246773476,0.97525504869122992,-0.020459358645776582,2025,True,42,8
2025-03-12,0.084533452463237943,0.93088306683839639,0.25752684935144998,1.0646342288180006,0.0034793414554939138,2025,True,43,8
2025-03-13,0.26402830654661247,0.91776203772110232,0.28085672179618465,1.0518456017664486,0.01332665490345754,2025,True,44,8
2025-03-14,0.24631650337421196,0.92964210582251683,0.27563944274543001,1.0832245837008658,0.018548832935916852,2025,True,45,9
2025-03-17,0.10094807264201804,0.90120531047601504,0.29319459949897242,1.2383254835733819,-0.011905336004425796,2025,True,46,9
2025-03-18,0.10631960578742122,0.83349977018052013,0.2895185320340678,1.1204004121062587,0.012984056363308938,2025,True,47,9
2025-03-19,0.24882091400088691,0.84660961078973174,0.31341085657006251,1.1043184056168003,0.0094554343645268015,2025,True,48,9
2025-03-20,0.22448787004083784,0.94157106268199475,0.3981318398733803,1.1759231785204756,0.0067746337936401202,2025,True,49,9
2025-03-21,0.30995582178336839,0.92078850973950654,0.53628820271412914,1.0526806591781181,0.021464996919398172,2025,True,50,10
2025-03-24,0.047742000997154664,0.79642033635897358,0.49293939989025948,0.97355462579716023,0.0012144201027400117,2025,True,51,10
2025-03-25,0.2116248656394159,0.90987842314024125,0.51179526260761921,0.97383250332724425,-0.014472607248954168,2025,True,52,10
2025-03-26,0.059421609899835359,0.86130036204221216,0.48030844691765928,1.028482452832693,-0.015914627204199158,2025,True,53,10
2025-03-27,0.1974092228488129,0.88809239585783639,0.35876210741576092,0.95374864228984013,0.0071649465985329421,2025,True,54,10
2025-03-28,0.20780670468050602,0.93951675210272489,0.24187713522621421,1.0039950597509795,0.0029228892047159613,2025,True,55,11
2025-03-31,0.094854311455334669,0.85513322230517375,0.22777798767441906,1.0372875010799611,-0.0032996570303486651,2025,True,56,11
2025-04-01,0.03505645747097566,0.89607438609840484,0.2492636675679418,1.0704649103150334,0.011451785674630895,2025,True,57,11
2025-04-02,0.03618133178719133,0.90883621474864673,0.39374003884622077,1.0507737075491652,0.001241288770908808,2025,True,58,11
2025-04-03,0.069786953225317513,0.73588737975325413,0.54891958114812445,0.52054306960143659,0.020795597659175026,2025,True,59,11
2025-04-07,0.29227185463381566,0.86022009945284772,0.30957579609508662,0.52825183938854448,-0.0083836297514770265,2025,True,60,12
2025-04-08,0.10230588931461024,0.93207612507938198,0.30849393690038157,0.71426114401294727,-0.0069053229684156048,2025,True,61,12
2025-04-09,0.24361677853416672,0.76422064886957386,0.30449214671145985,0.74537087894317955,0.028891529794671838,2025,True,62,12
2025-04-10,0.13209134672270875,0.77185063006211363,0.30104347368702378,0.78728846057044444,-0.02332619580175568,2025,True,63,12
2025-04-11,0.20766639767179826,0.83561066906582082,0.26280966764559271,0.87758385547344975,0.0029606318774940683,2025,True,64,12
2025-04-14,0.043459351424781779,0.91103461382069717,0.28843053678959929,0.9962373503808073,-0.00031693702743137465,2025,True,65,13
2025-04-15,0.11102981493885775,0.89104313891286402,0.2856412492300609,0.81196438996486686,0.0068521146589627735,2025,True,66,13
2025-04-16,0.10933551366707595,0.92919077291287566,0.28202854138364697,0.93661293833531289,-0.010965436606954686,2025,True,67,13
2025-04-17,0.03748649410690192,0.93055377195907185,0.24761266618336419,0.95759319095173334,0.0089984013023786339,2025,True,68,13
2025-04-18,0.17126377823862407,0.93345487998568843,0.19316641614668173,1.2424250248228217,0.0022384876757010324,2025,True,69,13
2025-04-21,0.25524460985394559,0.94127228244714212,0.20116924720954865,1.2612116374872613,0.0050220436398835354,2025,True,70,14
2025-04-22,0.053042684200020285,0.95030861841526659,0.21939862063808122,1.343401858879369,-0.01552109466397637,2025,True,71,14
2025-04-23,0.08034963743657228,0.92989803151541162,0.23531224647395341,1.3309055680204631,0.0070777856869882081,2025,True,72,14
2025-04-24,0.25887911038390399,0.89957970808687526,0.2622880077038906,1.367601712276248,0.0081659991090889152,2025,True,73,14
2025-04-25,0.028221654259069633,0.93198045270520469,0.26758831013521323,1.3558774001281149,-0.00017671163628927807,2025,True,74,14
2025-04-28,0.039633445131521443,0.88835856153332571,0.23020080037521221,1.2296792396149874,0.005509243794889168,2025,True,75,15
2025-04-29,0.02413962869912022,0.94152782579122873,0.28751161491060095,1.242935181819903,-0.0013957233720928049,2025,True,76,15
2025-04-30,0.22926456712488849,0.89582179311659416,0.3658519065977261,1.2376107113350616,0.0090750574470731468,2025,True,77,15
2025-05-06,0.33713205786731215,0.89143271207926222,0.37424069591580483,1.2400538855045757,0.01034585166014408,2025,True,78,15
2025-05-07,0.055681049592383007,0.95563564886108698,0.33262906953221616,1.3286800147380367,-0.0133490655171282,2025,True,79,15
2025-05-08,0.087785272194852146,0.92758732741313554,0.37132459157381059,1.2865897303407794,-0.010946305357979276,2025,True,80,16
2025-05-09,0.48256950475780969,0.86442163059937593,0.37249962031089345,1.237526566752571,-0.0020040612292345624,2025,True,81,16
2025-05-12,0.11037073605688261,0.8644447871540295,0.28802180351384649,1.2120622532210106,-0.0035817377636645203,2025,True,82,16
2025-05-13,0.034167312830601829,0.90867555120906562,0.22719131200003312,1.1696992498751619,0.002622774713453512,2025,True,83,16
2025-05-14,0.084839544021147989,0.90953923522875046,0.25086947973907664,0.99204033302072847,-0.01019436892049993,2025,True,84,16
2025-05-15,0.343294551480397,0.91031081578490491,0.27438394116835241,1.0669048893028281,0.0090244559134772737,2025,True,85,17
2025-05-16,0.17188842003592972,0.86939084599968641,0.25914187630683261,1.0182438564739722,9.2882833332175966e-05,2025,True,86,17
2025-05-19,0.0002497931151286005,0.86972048411972958,0.27355915807007808,1.0145537425926754,0.0027220338452497725,2025,True,87,17
2025-05-20,0.075288000321592843,0.96081964030355671,0.30912981184922239,1.1142255222128243,-0.006822148418380327,2025,True,88,17
2025-05-21,0.073807619735116847,0.94157580895583748,0.33870730363009499,1.3055981564882824,0.0048873223975436642,2025,True,89,17
2025-05-22,0.14432303844865507,0.86505684337200572,0.26737257529265779,1.1469012740121891,-0.0021790931847804084,2025,True,90,18
2025-05-23,0.27040378145383021,0.78678376802774241,0.28234270582461612,0.90894752220830488,0.013400199131838266,2025,True,91,18
2025-05-26,0.061576140444749093,0.88132127281174621,0.36994948146129475,0.92883130908650402,-0.0049635188942922697,2025,True,92,18
2025-05-27,0.33098751586216285,0.96134622820880511,0.41008229339114244,0.88807100168889563,0.0060756904480862477,2025,True,93,18
2025-05-28,0.088394542215174288,0.90368431549403749,0.40310868252821097,0.81817106342414092,-0.0051566781407383841,2025,True,94,18
2025-05-29,0.42369858281374323,0.79791889364492274,0.36557352000885807,0.75266810511415283,0.0012368783634892219,2025,True,95,19
2025-05-30,0.25838162349285132,0.90773116227433914,0.29541701617853577,0.92763350874784878,-0.011155721261133976,2025,True,96,19
2025-06-03,0.13692285869591445,0.87347272969380696,0.23613727042546731,0.91723986457423878,-0.004902853367344643,2025,True,97,19
2025-06-04,0.20040698697999274,0.89351674633941769,0.21932990788337159,0.88422697798368477,-0.0043051398680237496,2025,True,98,19
2025-06-05,0.31704267029329108,0.87353573661689521,0.2418656577835234,0.87443798413834817,0.0044397320984352348,2025,True,99,19
2025-06-06,0.18417024623581968,0.89210638851831103,0.23616011180048138,0.97967179916590397,-0.0058041575808609989,2025,True,100,20
2025-06-09,0.17845738197909192,0.89020122401574175,0.26013820246627622,0.93349939178763952,0.0070514833894900148,2025,True,101,20
2025-06-10,0.37007697131182338,0.85997146340128661,0.3099207025770539,0.83467318394470302,0.012878153213562874,2025,True,102,20
2025-06-11,0.059907707282809385,0.838695159070867,0.31231674876346732,0.88138222654439224,0.0037405751496727732,2025,True,103,20
2025-06-12,0.089036656189858357,0.93094347892328388,0.33982475790614441,0.98635075458318278,-0.002011383066801679,2025,True,104,20
2025-06-13,0.10095464124237932,0.94079317886296177,0.3609148846320665,0.99004070177755699,0.0069334356422334981,2025,True,105,21
2025-06-16,0.092324270672206582,0.92960029888315077,0.39271234345267869,1.0531667311804978,-0.0044728388585735324,2025,True,106,21
2025-06-17,0.2735315128189667,0.87786160775627164,0.39023540365721959,1.1768183887009398,-0.0031642613679301718,2025,True,107,21
2025-06-18,0.13246436164289058,0.88332715652744687,0.33834593706361965,1.0994230969704462,0.0028611741466643254,2025,True,108,21
2025-06-19,0.15226019386892928,0.84825113168711186,0.2705555337554113,1.0018961393679711,0.00031000829312303785,2025,True,109,21
2025-06-20,0.13882953292754446,0.94904240839301102,0.23269354756024752,1.062635502151952,-0.0053789231264348503,2025,True,110,22
2025-06-23,0.084239576521828424,0.88946626162756293,0.28350640320547854,0.97110729577439081,-0.0082860553576795254,2025,True,111,22
2025-06-24,0.37388698427146078,0.90385073840457764,0.38808368377196273,1.0324211318528029,0.0084112101791877641,2025,True,112,22
2025-06-25,0.32996175229377611,0.78115015085319617,0.44029404377114673,0.94048341030954519,0.02238695630144175,2025,True,113,22
2025-06-26,0.11734370362484003,0.86716742537007996,0.4286930628372736,0.98711851512048121,0.0079427728453346537,2025,True,114,22
2025-06-27,0.04105997061892936,0.90134752052238964,0.41441268239088813,0.88624997874312439,0.0040468680819653463,2025,True,115,23
2025-06-30,0.33454383187397219,0.90325105240952319,0.36834354004152475,0.97492833006979063,-0.011681179219525181,2025,True,116,23
2025-07-01,0.22783957427208901,0.86482130949515545,0.3106663612970908,0.92523478085900668,-0.016188792698246059,2025,True,117,23
2025-07-02,0.40497567476207524,0.85006182166674948,0.25931474413298633,0.99639794485788047,0.011075942542468605,2025,True,118,23
2025-07-03,0.06685244606125916,0.96008280110074262,0.25718931554167057,1.0313515600968999,0.0002420705497277099,2025,True,119,23
2025-07-04,0.0032078079857407057,0.80362444666978516,0.22051979342550085,0.92035801687274399,0.012600557985767464,2025,True,120,24
2025-07-07,0.30308822499896254,0.82616018533864122,0.24611232988940709,0.87040127964005665,0.0044749692666307128,2025,True,121,24
2025-07-08,0.35636907395005452,0.90607897399096871,0.23297188390759679,0.86362771313345965,0.0059288151483914663,2025,True,122,24
2025-07-09,0.29567893329451828,0.91318489129251668,0.16368569852082959,0.8714257511498531,-0.0011243388800822006,2025,True,123,24
2025-07-10,0.091106745741000833,0.89897354922284589,0.17531370388585449,0.80382112299916963,-0.0023323034548295325,2025,True,124,24
2025-07-11,0.27009680487115073,0.88774954479428825,0.2713581664628763,1.1269887583635081,-0.0096149390024666773,2025,True,125,25
2025-07-14,0.088781588094979338,0.9256071270191466,0.27200599571806489,1.2143002872621216,-0.0050736054467068817,2025,True,126,25
2025-07-15,0.087415469110703498,0.8949887116134212,0.2519611298542585,1.130114289050566,-0.011501582689177696,2025,True,127,25
2025-07-16,0.035591361438075633,0.80656803913719399,0.24078135530372449,1.0098305444451956,0.0067458030640278792,2025,True,128,25
2025-07-17,0.19856447578235836,0.93279019526880791,0.2816837948563799,1.0588379107607497,0.0023387615486846476,2025,True,129,25
2025-07-18,0.052418938917272208,0.91490452779682274,0.29827349552442728,1.0721369789292741,0.00093462989972971529,2025,True,130,26
2025-07-21,0.011773022946572705,0.95159738622684364,0.34828375234725695,1.0007810513827322,0.0007342880497722596,2025,True,131,26
2025-07-22,0.21130657114823764,0.90834375155128722,0.44165186354754482,1.0193033938229892,0.00690371619423359,2025,True,132,26
2025-07-23,0.095867445083279434,0.88594987023144733,0.48611345237214093,1.0210377986678807,0.011032118470847877,2025,True,133,26
2025-07-24,0.27602800418735235,0.93721328725600006,0.5383240041728059,1.0837520269512462,0.0038070740429085523,2025,True,134,26
2025-07-25,0.3515602536928113,0.86371912662404127,0.58638269685191635,0.85997712376046664,0.019727017875694655,2025,True,135,27
2025-07-28,0.018903008133770726,0.91338821781164004,0.59840997665726059,0.96450469875254385,-0.02555546262189011,2025,True,136,27
2025-07-29,0.26714124610237128,0.94484684972050426,0.57360902689328819,1.0627766984188003,0.00028167880710601445,2025,True,137,27
2025-07-30,0.1678063822953689,0.91325788978829814,0.50808299314971339,1.1082393431963249,-0.010309093295173984,2025,True,138,27
2025-07-31,0.14151399798259359,0.86100294350244377,0.4290051948073681,1.0353698747080382,0.011733106389771729,2025,True,139,27
2025-08-01,0.17704098448298697,0.84982773356722319,0.36029447981252949,1.1514981189658213,0.005481663427585496,2025,True,140,28
2025-08-04,0.25800997265773029,0.95486528104608426,0.29754741026087794,1.1524594387765184,0.0033077811567928375,2025,True,141,28
2025-08-05,0.11240395331252169,0.9671139548689659,0.28890925088386898,1.1133512677724895,-0.00030891267692737001,2025,True,142,28
2025-08-06,0.13916922256287487,0.93658201503216254,0.32494466695590013,1.1302542225496721,-0.0077435491196045023,2025,True,143,28
2025-08-07,0.029123575769136444,0.81060961446472291,0.27756314518832526,1.0854966176157737,-0.00055451887913555715,2025,True,144,28
2025-08-08,0.26952941531381147,0.89134641399527581,0.20962161062026999,1.098442096755063,0.011259406761265489,2025,True,145,29
2025-08-11,0.13911585302886295,0.9134148904006465,0.24194800097930325,1.0278867746116278,-0.0045637016970036422,2025,True,146,29
2025-08-12,0.29574543534837217,0.86279198708460403,0.36088986464031703,0.90336340819331751,0.015834716383822296,2025,True,147,29
2025-08-13,0.1227427174372623,0.87284903589278562,0.43080445550309665,0.85686215237237051,-0.019781250413337056,2025,True,148,29
2025-08-14,0.064854934300676736,0.83153780981318759,0.3630737224613238,0.82816529013675566,-0.0092916797555273895,2025,True,149,29
2025-08-15,0.21403945641282326,0.8902838223463061,0.43274390687521691,0.83337744982140471,-0.01697497950762937,2025,True,150,30
2025-08-18,0.25333720839289425,0.90736489186162683,0.44914196234379988,0.8672588296788627,0.031439626643130936,2025,True,151,30
2025-08-19,0.14453389353191598,0.91133688919320355,0.41742324265527742,0.96483012951854386,0.0073803879222481021,2025,True,152,30
2025-08-20,0.32948700034648781,0.86584906455463828,0.47927772105645117,0.96778589954223826,0.0025171473655271246,2025,True,153,30
2025-08-21,0.0079052568044929526,0.86904405639460225,0.68079668196779208,0.79451828326752516,0.01799417635388979,2025,True,154,30
2025-08-22,0.52192476180474345,0.81537567277431766,0.65493609156601906,0.83567788114635289,0.041182943770373827,2025,True,155,31
2025-08-25,0.13872927845840294,0.97227256133377804,0.60147541857245068,0.99426440055030996,0.035916490283563779,2025,True,156,31
2025-08-26,0.12488526347591106,0.91963164071381409,0.58831597678935965,1.0570958131941353,-0.038826308917177768,2025,True,157,31
2025-08-27,0.0068834950803116583,0.91565372698608682,0.52542045030916762,1.0486157483956291,0.023063874631155817,2025,True,158,31
2025-08-28,0.29225991934078033,0.92336699361788876,0.43216459042413385,1.1869117870877264,0.014649811387733918,2025,True,159,31
2025-08-29,0.12217291383976897,0.93786060416830841,0.28695731891675624,1.3066213112199068,-0.034943017463651353,2025,True,160,32
2025-09-01,0.085431573015912934,0.93583207401031587,0.22922946115379364,1.2734391099735498,0.0053379233795240438,2025,True,161,32
2025-09-02,0.1451131891831208,0.93094764185666024,0.23185658498489048,1.2553203258948962,-0.017371881510293272,2025,True,162,32
2025-09-03,0.11300483190186142,0.91655578739708321,0.30496594677316996,1.3460814352857362,-0.027301967114065712,2025,True,163,32
2025-09-04,0.35225650680369425,0.90034342544586632,0.3979141430527936,1.3883332559087342,0.050281174045942997,2025,True,164,32
2025-09-05,0.3615928375389324,0.87125417699745789,0.45168963251196065,1.2701589673440294,0.033039446317618709,2025,True,165,33
2025-09-08,0.056014402964730044,0.93963416888351292,0.47792133443632734,1.2040500253346018,-0.0078804605870428663,2025,True,166,33
2025-09-09,0.20995598352012282,0.95422201967265918,0.47288808358267781,1.2282447491095938,-0.0102768342349041,2025,True,167,33
2025-09-10,0.11379175502981198,0.86998534175603415,0.40985294904828617,1.3004597649956346,0.00064775330010648962,2025,True,168,33
2025-09-11,0.35707069564861554,0.89008844213038874,0.45765337653522647,1.087333644131466,0.039798545711918931,2025,True,169,33
2025-09-12,0.068131887008539546,0.93252197477977727,0.46621527629395049,1.071913146968998,0.0073866112153040432,2025,True,170,34
2025-09-15,0.018221012192412976,0.92934704696617521,0.48230995717294101,1.1062520584758728,-0.008924124653496502,2025,True,171,34
2025-09-16,0.099952206095800675,0.95774032110944651,0.48085015765285133,1.1358550186695788,-0.053068755903945358,2025,True,172,34
2025-09-17,0.079329914850065603,0.9034418965826212,0.45179150049137223,1.1426178522295076,-0.014472668448409725,2025,True,173,34
2025-09-18,0.037665478181879715,0.89831770171559311,0.27521503326123947,1.1246394203638868,0.043308673935409187,2025,True,174,34
2025-09-19,0.093732411049095146,0.94498353750198583,0.21639212142763167,1.1648181736875272,-0.019490382460424838,2025,True,175,35
2025-09-22,0.25757874129049818,0.8683817626151592,0.19474198769858353,1.1288848934647444,-0.025566039703973188,2025,True,176,35
2025-09-23,0.0069129743865033828,0.84278588412376043,0.22599885729935998,0.96043753813386501,0.0076726621978658437,2025,True,177,35
2025-09-24,0.26109924549465247,0.89543704208260788,0.3032587749968042,0.98869279881127492,0.026228952900912577,2025,True,178,35
2025-09-25,0.10946170956237247,0.96806041344986105,0.35972340570299055,1.1663744244216865,-0.016756319930858875,2025,True,179,35
2025-09-26,0.12234567904411114,0.95017235866005545,0.37294997626749676,1.1359277386380053,-0.0096028711281386462,2025,True,180,36
2025-09-29,0.13395299090885232,0.87959446626430793,0.41342714761160265,1.1490049950063355,0.018191546796324436,2025,True,181,36
2025-09-30,0.17089959721960898,0.87949914015134534,0.45056328486767838,1.1661776112694486,0.01718428361042075,2025,True,182,36
2025-10-09,0.16592031288665199,0.87991285064047642,0.3672384598122404,1.0100462427838552,0.019688358593677544,2025,True,183,36
2025-10-10,0.44325167348055339,0.88427477014530231,0.38499366180146288,0.98329755751701142,0.055323693051275477,2025,True,184,36
2025-10-13,0.10237144128535818,0.94661318822267793,0.39339636311930187,1.0001831722657595,-0.010856308363923307,2025,True,185,37
2025-10-14,0.29566220960128814,0.92373916237795728,0.43004870413216473,0.98769614014074048,0.026534738436893482,2025,True,186,37
2025-10-15,0.11166829473632318,0.94941873754896056,0.39658477771121248,1.1216009219485843,-0.0038508897436391235,2025,True,187,37
2025-10-16,0.11305256960682003,0.87425692575024117,0.42751106794571309,1.248197854314018,0.013953398868190792,2025,True,188,37
2025-10-17,0.38395901999184456,0.79688339660628371,0.3656777715524091,1.115578649148762,0.024265988718345937,2025,True,189,37
2025-10-20,0.036475123555362192,0.88954778696708592,0.33962367322088843,0.98863986127895809,0.0080830156553755965,2025,True,190,38
2025-10-21,0.31126636235940752,0.91194109090077491,0.27143922407124582,1.0122571340137116,0.023802506981880488,2025,True,191,38
2025-10-22,0.0065197320073546519,0.81351333024922401,0.24113017940731271,0.8725986860736531,-0.037553742211904564,2025,True,192,38
2025-10-23,0.036243111482795791,0.78949546022798067,0.25792652698067053,0.86338631526135923,0.0029519658528217598,2025,True,193,38
2025-10-24,0.38176479764653365,0.86605917287547807,0.35907872385513662,0.90572715143116134,0.030490586356419439,2025,True,194,38
2025-10-27,0.13709492694997716,0.94479949950117648,0.39388893343470405,1.0140928212744227,0.016247720592971592,2025,True,195,39
2025-10-28,0.095126832009067741,0.90825562184906994,0.37252381602015155,1.0101125041228964,-0.011111879509263983,2025,True,196,39
2025-10-29,0.11412656409487382,0.94428304914917494,0.40944447568153586,1.119285254555779,0.0073456718191039589,2025,True,197,39
2025-10-30,0.15413034176379806,0.95223937785232593,0.43169560813893604,1.334468455888125,-0.025815546126518256,2025,True,198,39
2025-10-31,0.30990136366258175,0.8993903777204969,0.44627577646178856,1.3507712824748843,0.031644120243976358,2025,True,199,39
2025-11-03,0.10675457509654813,0.8776362320800426,0.43202367321436613,1.2048543459050016,0.03461499256214276,2025,True,200,40
2025-11-04,0.15547138354692913,0.83140630368605428,0.45043514421655995,1.193505257094577,0.0048362040928483282,2025,True,201,40
2025-11-05,0.022248145454608351,0.9076850990388533,0.46133617997144405,1.1278675828042963,-0.012061921887847082,2025,True,202,40
2025-11-06,0.30379378252582151,0.94155900085009403,0.43473632756572728,1.1338141361329448,0.022962213336690285,2025,True,203,40
2025-11-07,0.19328944888106719,0.95293054099550178,0.33240403681380382,1.152544348303332,-0.017416280962831331,2025,True,204,40
2025-11-10,0.054423129455916534,0.9583918936486171,0.32799898073615902,1.3355775633565357,0.017429512197274281,2025,True,205,41
2025-11-11,0.1793714121917491,0.93993413759403621,0.35404708086609055,1.3813946770488563,0.0015750323629609782,2025,True,206,41
2025-11-12,0.060932619160962778,0.92121722675447981,0.32052953689891189,1.464303462813636,-0.0032077402474763907,2025,True,207,41
2025-11-13,0.20159159238135591,0.8840939134178305,0.26838537270273588,1.4370857465788911,0.012077999086381408,2025,True,208,41
2025-11-14,0.35045507678097748,0.95116008254036111,0.28152937270585826,1.5484676738320107,-0.021924895495802756,2025,True,209,41
2025-11-17,0.065813079888286122,0.94907275888104614,0.28688115949516058,1.500463536860112,-0.011880108201271843,2025,True,210,42
2025-11-18,0.042356669250043048,0.9197138210872301,0.26603940434244105,1.4981760910190514,0.011282566518505649,2025,True,211,42
2025-11-19,0.1427860312670397,0.9435722547805947,0.35598808858376502,1.5676275517187874,0.010974115679908032,2025,True,212,42
2025-11-20,0.16827116234481576,0.90086848697377053,0.49066049643475201,1.3730508313914418,0.01571911062915821,2025,True,213,42
2025-11-21,0.26575387197487199,0.91423617078548569,0.4706550471349874,1.0996268069278372,0.032525751791540193,2025,True,214,42
2025-11-24,0.095430133004073034,0.86803842366151363,0.42056547517248799,1.059233476954061,-0.0015022163945512443,2025,True,215,43
2025-11-25,0.063254712674678193,0.83938303408575277,0.4031212050424956,0.99691813900324999,-0.0054664894285406662,2025,True,216,43
2025-11-26,0.11904741683478989,0.87974137303880273,0.35772414904919952,0.95332795138924364,-0.0082543721220203186,2025,True,217,43
2025-11-27,0.035755044164993491,0.83014628723851858,0.24056811062864367,0.95070466845635804,0.0058899210344364105,2025,True,218,43
2025-11-28,0.16372474734730469,0.89624742080983388,0.16273323257772945,0.93575830989584763,-0.013759923062477659,2025,True,219,43
2025-12-01,0.11477022387461926,0.92976300810927226,0.1576583820845478,0.93702510926999527,-0.0020090830415080358,2025,True,220,44
2025-12-02,0.27596327960423095,0.92383377710375048,0.15551381934734795,0.96371031402940477,0.0014593300112896816,2025,True,221,44
2025-12-03,0.15078872656976575,0.92465018337456839,0.12121383618604543,1.0284126137958347,-0.010974577836555409,2025,True,222,44
2025-12-04,0.16478422624636355,0.91459445321180022,0.16096058079067785,1.123642589671529,-0.0020895714732926209,2025,False,223,44
2025-12-05,0.000585361941587186,0.88434463032763622,0.24559984718652433,1.1337088982588883,-0.011549494683679504,2025,False,224,44
2025-12-08,0.25502193294410719,0.91270952194773858,0.29465201024038656,1.1429301242890841,0.020741571580773957,2025,False,225,45
2025-12-09,0.033527274011669751,0.90447429770801213,0.25632505040346748,1.1418628771213624,-0.01889606061890188,2025,False,226,45
2025-12-10,0.0038038351160673799,0.87621020193499077,0.22162750724647054,1.0690462971393551,-0.0019342628821438005,2025,False,227,45
2025-12-11,0.26882832573819737,0.89992261926168005,0.22559765108215957,1.1072783519703742,0.0042228325868700874,2025,False,228,45
2025-12-12,0.22534639081353716,0.90978737335906323,0.18299169708547836,0.98059076738723394,0.014862123799677489,2025,False,229,45
2025-12-15,0.40525958282254765,0.89645386155646645,0.24182714735919844,0.99806355237146416,0.00027442975238749885,2025,False,230,46
2025-12-16,0.24141272534479463,0.91631229679139492,0.29642793738596757,1.0021091911508573,0.010073439034698328,2025,False,231,46
2025-12-17,0.31368587863238423,0.83636457824492971,0.32925651367248654,0.9240107359641625,-0.00069148965400230586,2025,False,232,46
2025-12-18,0.24109332724279939,0.94063763765851893,0.32601167141602344,0.97896874481729113,-0.0071006660606769585,2025,False,233,46
2025-12-19,0.038507893613711819,0.89191653388495906,0.34854087739457168,1.0748969781299222,-0.00047072693128053948,2025,False,234,46
2025-12-22,0.38864961596367692,0.8864142817155255,0.3016502859971586,1.083216955404956,-0.0097195943242355722,2025,False,235,47
2025-12-23,0.073665921244112753,0.85246780665977528,0.2725610935100955,1.0164992450674319,-0.01414139571006141,2025,False,236,47
2025-12-24,0.17866693404696335,0.95478455152090225,0.31843024311081958,1.2287826834013604,0.00094661208248743777,2025,False,237,47
2025-12-25,0.050474115603104441,0.89162704239467327,0.3195871333821208,1.1295026319966375,-0.0096699098715042064,2025,False,238,47
2025-12-26,0.039716761988260185,0.93052604023162999,0.29539547833127511,1.2372095117511897,-0.0033310055919063913,2025,False,239,47
2025-12-29,0.0065547000814864045,0.89291488269929553,0.19089600828524611,1.0284304581468831,0.0098120895485968203,2025,False,240,48
2025-12-30,0.16401469492063223,0.88718948091119543,0.13488210134604001,1.0346168689983852,-0.013907392362621993,2025,False,241,48
2025-12-31,0.21770998780881484,0.85420089722854198,0.1055725569528448,1.0528085577088919,0.010097065582056091,2025,False,242,48
