trading_day,eff_1d,fast_share_1d,slow_work_velocity_5d,threshold_work_amplitude_5d,pnl_log,year,eligible,day_index,stage
2021-01-04,0.46214283941681722,0.83202895820557354,0.66241536027800452,1.1368409123030585,0.017058540546497709,2021,True,0,0
2021-01-05,0.024255668840244531,0.9522809737471436,0.65834650993660071,1.1898083305759151,-0.0068795120539457679,2021,True,1,0
2021-01-06,0.12816535065989598,0.89742358830481173,0.68754774909178851,1.1914307738759997,-0.01337020870992538,2021,True,2,0
2021-01-07,0.35646281435838578,0.79187196773113633,0.54257146817581459,1.0494321598477747,0.00032884521114541726,2021,True,3,0
2021-01-08,0.023556928075693546,0.91742435895216423,0.38725123157653402,1.0244785310297551,-0.027623480174445731,2021,True,4,0
2021-01-11,0.10630562228118025,0.90767397024412744,0.28923181998237052,0.98863824730176675,0.011520251849980234,2021,True,5,1
2021-01-12,0.17786465976347837,0.86769516193412088,0.30732981561603712,1.0061554958129089,-0.020566350917300212,2021,True,6,1
2021-01-13,0.025042976644637303,0.91996338366844221,0.32927591941004269,1.0000839238950661,-0.019033190958305603,2021,True,7,1
2021-01-14,0.24060170980952181,0.75678639738763265,0.33560120813665878,0.79061629513929632,0.039419868796328764,2021,True,8,1
2021-01-15,0.0018029300700518759,0.88908548941229526,0.3294377391362413,0.78994517441326484,-0.0074452710796130261,2021,True,9,1
2021-01-18,0.24246376745150758,0.89311030948746473,0.33780374595712193,0.82303592889546717,-0.010691674489676966,2021,True,10,2
2021-01-19,0.32852434744195297,0.88905550744797179,0.32314842435859104,0.80545087890105072,0.015162030955309408,2021,True,11,2
2021-01-20,0.37206558172508497,0.80696010212756897,0.2857157192294722,0.78403183904527762,0.0099849975583430964,2021,True,12,2
2021-01-21,0.018535265209139833,0.87335287956249108,0.21645065917617942,0.92148212310197897,-0.00047955927095215053,2021,True,13,2
2021-01-22,0.048548861138709702,0.87444104343356521,0.21302233658478908,0.89827471412674864,0.021756433600295503,2021,True,14,2
2021-01-25,0.10459792126343023,0.82543695297248509,0.1552406795706828,0.85650384509358068,-0.0037656153039036088,2021,True,15,3
2021-01-26,0.1878918837909318,0.89431925664643575,0.2388098749418123,0.87447033540385211,0.012369482413029704,2021,True,16,3
2021-01-27,0.17247633934575349,0.82879157810075543,0.28510471448934799,0.9195760779460983,-0.00033754972543299767,2021,True,17,3
2021-01-28,0.2906381476117908,0.96210651398685487,0.35010963974292197,1.0554205876232901,0.013129785918561624,2021,True,18,3
2021-01-29,0.0065059602170472967,0.87321344510286114,0.31975778324964954,1.0229226636148947,-0.012228785917302299,2021,True,19,3
2021-02-01,0.035230461682689618,0.92442679493325119,0.33327732468872157,1.0644504149971361,-0.0066618751263456694,2021,True,20,4
2021-02-02,0.18832999020214286,0.82849710001672983,0.29592489461237037,1.0967800218030102,-0.0033194689817794649,2021,True,21,4
2021-02-03,0.26597774290967846,0.85560346921622721,0.32428649186484526,1.0305249479182648,0.0041337739199654444,2021,True,22,4
2021-02-04,0.12102466892756039,0.88900052241477412,0.27146117249827528,0.88550234179846699,0.013279546897887703,2021,True,23,4
2021-02-05,0.21323852612837177,0.9258864474179771,0.30022164958244679,0.95298694044024124,0.023076878863049002,2021,True,24,4
2021-02-08,0.10181004326106458,0.94186869773980753,0.33014530446797263,0.91545868230679805,0.0062159671342500037,2021,True,25,5
2021-02-09,0.5832079817262551,0.81024480469538296,0.40585645151648653,0.90809674190300183,0.010674844999968363,2021,True,26,5
2021-02-10,0.092290603535603657,0.89331053529157134,0.37284070598542141,1.0480300899554693,-0.0062728647987203958,2021,True,27,5
2021-02-18,0.091601578176464943,0.82096316268335356,0.3512386997417038,1.1566178017534008,-0.010006791221676199,2021,True,28,5
2021-02-19,0.026894924149959802,0.90614147318981131,0.3482126400966703,1.0856009036149432,0.021245395226369441,2021,True,29,5
2021-02-22,0.39489923020204343,0.80216766591255362,0.37801759861816475,1.1210801958244085,0.0043512388849355158,2021,True,30,6
2021-02-23,0.0038114803420894331,0.92194308574596662,0.35420346973870659,1.1364091959761335,0.0079446729348683839,2021,True,31,6
2021-02-24,0.20330267162405163,0.95020667366428546,0.41605444728027485,1.128623901911898,-0.0083626291355185442,2021,True,32,6
2021-02-25,0.2165374065620112,0.83260147681587404,0.49023484779851328,1.1913250834486449,-0.0075160401228516948,2021,True,33,6
2021-02-26,0.24442170607653366,0.93180092797375069,0.46028264287223342,1.2530734692720686,0.0063340912377448629,2021,True,34,6
2021-03-01,0.38293206852780115,0.89200107670266393,0.42823591967393859,1.3725647726227961,-0.0075606016364240577,2021,True,35,7
2021-03-02,0.065629248156927236,0.90975112813289327,0.39927882968346468,1.2491192794040078,0.01068629385048386,2021,True,36,7
2021-03-03,0.090285830209429555,0.92766216196751028,0.32014622400750131,1.160347933438038,-0.0099137437073903347,2021,True,37,7
2021-03-04,0.40962746334244732,0.90467353396056915,0.32514061502365049,1.1564008914173056,0.0001563132878692942,2021,True,38,7
2021-03-05,0.047884840320473201,0.91002821457052574,0.40546533357236925,1.1510165711422238,-0.0076946896754203058,2021,True,39,7
2021-03-08,0.51018623422970721,0.84780244756404377,0.71539303835816437,1.0594128728209646,0.05104927085618978,2021,True,40,8
2021-03-09,0.27449856186350285,0.87533079293485316,0.5718466722252058,0.91674150749790029,0.018260683477053365,2021,True,41,8
2021-03-10,0.012998920900672126,0.93409235623077802,0.52411131948116785,1.0283676957716625,-0.034879220854560314,2021,True,42,8
2021-03-11,0.35778839773703247,0.908225823612413,0.47685792575458419,1.0430975158681255,-0.030630207919518086,2021,True,43,8
2021-03-12,0.078804451827791763,0.90995412405632625,0.46757756462415062,1.0477874669306158,-0.019790814305457937,2021,True,44,8
2021-03-15,0.32780343621884334,0.94087927289216478,0.33125957588216831,1.1745141568966384,0.029454324869638945,2021,True,45,9
2021-03-16,0.028359968432907993,0.94359614005425263,0.26243502793961249,1.4371063203461054,0.0024187481689127185,2021,True,46,9
2021-03-17,0.22912020842643824,0.8973350982284557,0.28115181708785042,1.3531083495902247,-0.010889301067762737,2021,True,47,9
2021-03-18,0.079179293834451631,0.86572367773522674,0.29687084253724699,1.3517545220242457,-0.0035131277266511603,2021,True,48,9
2021-03-19,0.14308279729049536,0.93294152068517422,0.271061365741598,1.2978706597851382,-0.0012197043942631508,2021,True,49,9
2021-03-22,0.17423706111035661,0.86068365412179459,0.1537425402317151,1.148630186739404,0.0028111176356118385,2021,True,50,10
2021-03-23,0.08877476495727539,0.90084340939180818,0.16862386817458316,1.0860465242825468,0.0055718785397904369,2021,True,51,10
2021-03-24,0.23004465038694105,0.95010209823605163,0.16576228801974893,1.1365938481172968,-0.010333985077674706,2021,True,52,10
2021-03-25,0.0092575676877048145,0.87181565202641365,0.19239222665861996,1.0518537776988206,-0.013176684734530372,2021,True,53,10
2021-03-26,0.48859996359722124,0.89451561791712464,0.30179309188646553,1.2040356020454934,0.0068280858032361454,2021,True,54,10
2021-03-29,0.087206061960923023,0.92443866442197331,0.35300717839298873,1.1658908440913982,-0.0057554621028167007,2021,True,55,11
2021-03-30,0.045477228541059914,0.92958663419680232,0.34906795983152666,1.2324502037082086,-0.004009258961416671,2021,True,56,11
2021-03-31,0.013889175852925807,0.86262560448874093,0.37909072106764768,1.0652741413316298,-0.015386236989515191,2021,True,57,11
2021-04-01,0.27410956552606514,0.89020183653412677,0.54829688208334926,0.99663482606086584,0.0089369254894384256,2021,True,58,11
2021-04-02,0.38633177385125417,0.90511886426587274,0.5168471757106311,0.95685493823779999,0.01652988658924634,2021,True,59,11
2021-04-06,0.056024323302836285,0.92887584197849193,0.5118471795523134,0.9904219468853096,-0.012993727663776307,2021,True,60,12
2021-04-07,0.037389575793757061,0.78672973271682622,0.4857280265734864,0.93373936439637628,-0.0059908438222570429,2021,True,61,12
2021-04-08,0.097689783377490222,0.8850054675575989,0.45239935223487443,0.97160662472385773,-0.014526619737294619,2021,True,62,12
2021-04-09,0.29582357604355336,0.89763506736840992,0.41965202164955884,1.1251584546523625,0.0037708124027440895,2021,True,63,12
2021-04-12,0.3407979090270199,0.9194603641969834,0.43864114385936087,1.0714789951821468,0.0060677247503554185,2021,True,64,12
2021-04-13,0.04107218521033526,0.89989677908226273,0.4178165235832611,1.0093934473432036,0.00046281391649922272,2021,True,65,13
2021-04-14,0.19727327418001669,0.86039001318239339,0.40509515147298514,1.0732361379448812,-0.022833817846074442,2021,True,66,13
2021-04-15,0.14520977646034849,0.88204055268320636,0.43872001793095139,1.0938371813813568,0.00065844551737470863,2021,True,67,13
2021-04-16,0.17331618639372912,0.89096197536008215,0.41804521156381624,1.0582138868752637,-0.013637318446929688,2021,True,68,13
2021-04-19,0.46063056185878914,0.81801015682380696,0.42181824262516399,0.98512859668418418,0.0028808193527813403,2021,True,69,13
2021-04-20,0.11216137759770436,0.92962377101566496,0.4396172786654457,1.0604172011730575,-0.02240402285128992,2021,True,70,14
2021-04-21,0.077008565507192941,0.83938111309511909,0.46715525635329236,0.94352471184691822,0.0017159810084851502,2021,True,71,14
2021-04-22,0.31352471855922237,0.89058603145004123,0.4672703080233071,0.97491954160353245,-0.012703910467200489,2021,True,72,14
2021-04-23,0.088586020711380872,0.90877680610449363,0.41149349757204484,0.92511360875173698,-0.0029388973963613988,2021,True,73,14
2021-04-26,0.032463105097152729,0.8987942881789287,0.29870416758586088,0.96327117280693042,0.01148893642043574,2021,True,74,14
2021-04-27,0.038855601309217017,0.90588095703563687,0.29624095656258248,0.91857352301715289,0.014906525717549008,2021,True,75,15
2021-04-28,0.16016620830659775,0.94103536891176476,0.30014884599343988,1.0462453645681937,-0.012823169391406571,2021,True,76,15
2021-04-29,0.020152723188866899,0.90144988555336958,0.20795183308215137,0.9994702410011701,0.006956169988873771,2021,True,77,15
2021-04-30,0.054996840626850715,0.82921482770255195,0.17140219332962137,1.017848076137551,-0.013822293966891674,2021,True,78,15
2021-05-06,0.13964431706216865,0.86608754063966564,0.29225171915720316,1.0079149549121249,-0.012361783364833677,2021,True,79,15
2021-05-07,0.53216101562199147,0.85510530450122135,0.49491106998684525,1.1113807382906957,0.018756241384510316,2021,True,80,16
2021-05-10,0.136596697772394,0.91594441308693531,0.5252728321220802,1.0460322115237657,0.0082108479491757348,2021,True,81,16
2021-05-11,0.05442399186757476,0.90071175312330998,0.54936532191448006,1.0532064235343706,0.011343544477662381,2021,True,82,16
2021-05-12,0.20397835017171795,0.90458166719835309,0.60582868813214885,1.1135670968825095,-0.0049437989390455168,2021,True,83,16
2021-05-13,0.069654321397264768,0.89131609960581104,0.61209124862988551,1.1227009598959343,-0.00019112487477979546,2021,True,84,16
2021-05-14,0.36123003307512047,0.8843824569879124,0.58664172574927942,1.0275694901063479,0.0090667910461452294,2021,True,85,17
2021-05-17,0.40629344075966434,0.86362379439263015,0.57111512893313099,0.97339373295750919,0.024926519396774854,2021,True,86,17
2021-05-18,0.14610223987612875,0.90005517353677955,0.58133072422004717,1.0093955001300521,-0.0057712224829728105,2021,True,87,17
2021-05-19,0.085455590635856726,0.90157895211604999,0.54809298377887039,1.004538771392482,0.00091337780600927163,2021,True,88,17
2021-05-20,0.044816414611454115,0.94815216117055734,0.51785773171406135,1.1406872706898934,-0.018407889158728367,2021,True,89,17
2021-05-21,0.19209760307284252,0.87829696666903634,0.31135216565899393,1.2644839923773179,-0.0084530496697880313,2021,True,90,18
2021-05-24,0.23330086773478323,0.78327424133191437,0.33333574982145775,1.0971348726173973,0.015970297563068756,2021,True,91,18
2021-05-25,0.57184352856762943,0.8813936672055922,0.50698949853793529,1.0732156413057301,0.028960924907051308,2021,True,92,18
2021-05-26,0.081564793697987636,0.8956341128755656,0.60248549048652755,1.0402677519389132,-0.010248201457696922,2021,True,93,18
2021-05-27,0.41137319499601144,0.86365115068803844,0.696241660801452,0.91242273075092195,0.0075033363977347958,2021,True,94,18
2021-05-28,0.10273682838140204,0.75141635595614886,0.63844584593405285,0.64982943976132646,0.018769133965640665,2021,True,95,19
2021-05-31,0.66084692450577154,0.86859738978565937,0.60644270591158334,0.788225278693236,0.035884484218140195,2021,True,96,19
2021-06-01,0.19630205052049543,0.81760614756153083,0.46156668173034315,0.77744929053698197,0.0045353084372985126,2021,True,97,19
2021-06-02,0.32080542088991792,0.9007967530064559,0.418446874841781,0.84678598389735182,0.010244931374395189,2021,True,98,19
2021-06-03,0.13385957872404447,0.8671622901957865,0.34129078415238689,0.83976983190582588,-0.00068952852675977123,2021,True,99,19
2021-06-04,0.15388232382601633,0.8271110986210356,0.28079695576449365,1.0252911271156673,-0.0099700542465660773,2021,True,100,20
2021-06-07,0.032794361624141413,0.94815508441630714,0.16098496213036442,1.0329264996839338,-0.020510747573512282,2021,True,101,20
2021-06-08,0.1443642877839523,0.88252110290839691,0.12664599808132898,1.0217260008609079,0.014870247321162905,2021,True,102,20
2021-06-09,0.094890527473957181,0.86704811803529025,0.088043492186611727,0.95985334555562252,-8.011386938638627e-05,2021,True,103,20
2021-06-10,0.2913788173320217,0.91253777309362372,0.13063420518987579,1.0402568684153668,0.005506932366665605,2021,True,104,20
2021-06-11,0.074310736180840165,0.88989153012324274,0.1477804817213455,1.0877740304784829,-0.0049615640504905596,2021,True,105,21
2021-06-15,0.051860358145153974,0.83803460033834487,0.15296864606510943,0.98042947391012047,-0.0057644288170865888,2021,True,106,21
2021-06-16,0.34991854042775611,0.84168856824625815,0.17954688466105251,0.94602685164001221,0.021585280624516867,2021,True,107,21
2021-06-17,0.45720199401545203,0.88444915636453392,0.37695183384553588,1.0093638674823833,0.020803824520776615,2021,True,108,21
2021-06-18,0.15066286549069507,0.9034625125320529,0.44623752697926788,1.0092433861981676,0.0089605084605359417,2021,True,109,21
2021-06-21,0.30597899319373412,0.86734950841671432,0.48291897861773336,1.0107994659001571,0.013876246254882492,2021,True,110,22
2021-06-22,0.0078563937983481061,0.89174846375033934,0.52036877245628521,1.0343367339009357,-0.01251207039876729,2021,True,111,22
2021-06-23,0.06092390726132392,0.8466876889096322,0.525546653250068,1.0277830766394902,-0.012585882071107685,2021,True,112,22
2021-06-24,0.28461573742456275,0.8292025165499991,0.4297694846780471,0.98294957609084177,0.0078751154627580838,2021,True,113,22
2021-06-25,0.28370705148029485,0.91247854166308451,0.38888430559927284,0.99375472795126574,0.0074049369443626159,2021,True,114,22
2021-06-28,0.24950622623459912,0.87218559829478126,0.3764673408776103,0.95098104423512175,0.023774127899114476,2021,True,115,23
2021-06-29,0.0053085813384751487,0.87506287378490966,0.37077672951735058,0.9319962622573047,-0.018012659177240382,2021,True,116,23
2021-06-30,0.25158245844364885,0.79247611170103993,0.35731979397339569,0.96326096526579807,0.012729924473884957,2021,True,117,23
2021-07-01,0.057485775768004156,0.86265042239436307,0.35136502038152007,0.85134093246744924,-0.033382453424227583,2021,True,118,23
2021-07-02,0.27093426832399181,0.88831076572732826,0.25285321058495691,0.81431407646056031,0.015862457230216544,2021,True,119,23
2021-07-05,0.24994514336145132,0.89583624108251303,0.17886799030403633,0.89714944961437926,-0.035159440234543524,2021,True,120,24
2021-07-06,0.22909715338980577,0.78261796035585918,0.14892616999431468,0.79700174649428024,-0.0028414882814815487,2021,True,121,24
2021-07-07,0.24266739459872075,0.92660972134250796,0.21471860320960859,0.87515479790952977,0.023494632555043301,2021,True,122,24
2021-07-08,0.26231009571821046,0.88572791443759047,0.21377721563318969,0.91768823243600905,-0.0072927348056441473,2021,True,123,24
2021-07-09,0.15361006211083658,0.89107479696572744,0.20268157476799056,0.95712058516778564,0.0011608486387542014,2021,True,124,24
2021-07-12,0.11816225974796654,0.93825712005204642,0.21788285563504306,0.94712397428673079,0.0015067872932189295,2021,True,125,25
2021-07-13,0.079949060097591423,0.9242027210421182,0.25532629115581912,1.1795332176736171,-0.0091015547326910428,2021,True,126,25
2021-07-14,0.21984504912478278,0.93803286295417687,0.22392386704811304,1.1591510984978703,0.0027579317074895096,2021,True,127,25
2021-07-15,0.008594041002484178,0.9233753622103249,0.25890404644767306,1.2553840770144875,0.01966177069676741,2021,True,128,25
2021-07-16,0.28726016911932295,0.91861806391985013,0.37672530036573537,1.3399917317423964,0.0099175230334425119,2021,True,129,25
2021-07-19,0.089358015413597336,0.94345578654490703,0.38745315234300121,1.3256348403089155,-0.023036640624129356,2021,True,130,26
2021-07-20,0.086608201542793417,0.93947173556350116,0.44877326155892833,1.3380659553164513,-0.0027999159037498927,2021,True,131,26
2021-07-21,0.38205207890878928,0.7857827210057623,0.46068927186183783,1.2197431070007201,0.026417754109550395,2021,True,132,26
2021-07-22,0.16102464013343248,0.95463024974652499,0.44164898636861499,1.2403494832404693,0.01376275837059036,2021,True,133,26
2021-07-23,0.12304122187158449,0.92102382431044616,0.35601527197583077,1.1970478500957697,-0.010843950036470512,2021,True,134,26
2021-07-26,0.035374176130572525,0.86061211710575103,0.31885803451047529,0.83721660166432788,0.034527027173481883,2021,True,135,27
2021-07-27,0.037274139278607628,0.76656753841912406,0.25714581414012211,0.7035747401534671,0.06977611091982043,2021,True,136,27
2021-07-28,0.10721069851499161,0.89055387708551392,0.15740831059303559,0.73983450156800434,0.014701352150780844,2021,True,137,27
2021-07-29,0.4013930079253431,0.92826028453820719,0.19171698602916687,0.84542623701565156,0.043489721613091628,2021,True,138,27
2021-07-30,0.028558270155915399,0.89657675860222907,0.18763043481921785,0.85874025803603171,-0.016294661419690947,2021,True,139,27
2021-08-02,0.028653784897340721,0.95140541198828255,0.18106979311385821,0.9660830380434613,0.0088134031503599546,2021,True,140,28
2021-08-03,0.19458575365456998,0.94542647952141756,0.16386348666278108,1.1551980630172964,-0.013519262601433003,2021,True,141,28
2021-08-04,0.32929793368730481,0.88322190200107153,0.20796628147324059,1.40103734855453,-0.00052283758834993058,2021,True,142,28
2021-08-05,0.00024377782301829656,0.93907337294644566,0.12479975776253059,1.2677214521314202,-0.02242033417787908,2021,True,143,28
2021-08-06,0.11241217236246752,0.91260059123936033,0.15529193306043484,1.2939499038097302,0.011555576562512347,2021,True,144,28
2021-08-09,0.10235077443457076,0.92845252483034613,0.16138589240028584,1.290386033857851,-0.0084390560571654706,2021,True,145,29
2021-08-10,0.1030226672055571,0.93581964156590758,0.16910593616301692,1.3068235243719879,-0.015701304125377201,2021,True,146,29
2021-08-11,0.072495636221879212,0.88468879944392931,0.14074515349157063,1.2365049167142299,-0.0013406013608097387,2021,True,147,29
2021-08-12,0.068601670958030006,0.90257920382665335,0.16244163757143454,1.1684321974208052,-0.0049509723919943438,2021,True,148,29
2021-08-13,0.28693212885589348,0.87710783813346327,0.19694759367165607,1.2314493486045548,0.012183414576183035,2021,True,149,29
2021-08-16,0.038497917688027974,0.92366921002384095,0.25384702760750844,1.2215110758052032,0.0078360640048878542,2021,True,150,30
2021-08-17,0.31455058135788416,0.94944268308588808,0.32956845498651843,1.1555326241871073,0.013389758446995834,2021,True,151,30
2021-08-18,0.014787767074669845,0.92335204033861462,0.33501403677774594,1.1902875452798565,-0.0073181106639965236,2021,True,152,30
2021-08-19,0.27263411675461313,0.91373959144160155,0.35103834366816866,1.2248522256469874,-0.0050105108871343488,2021,True,153,30
2021-08-20,0.10566693999610147,0.92481026802303246,0.30467675612726003,1.1856814345767499,-0.0082468667147698044,2021,True,154,30
2021-08-23,0.35897054223891545,0.7995043623616831,0.29805735361452507,1.1487891532578571,0.011227142595726301,2021,True,155,31
2021-08-24,0.16004990338330466,0.8608578600681982,0.25424205600969735,1.0405011475192085,0.0013766415318915777,2021,True,156,31
2021-08-25,0.35276204409751061,0.80081665243268585,0.34476054190000699,1.0055712208132221,0.012318953780215304,2021,True,157,31
2021-08-26,0.45308737688854012,0.92531520379691445,0.45144036099914325,0.98226675362947324,0.025448054126420816,2021,True,158,31
2021-08-27,0.19909511333826022,0.89261067379017234,0.56537991786719222,0.93623034594082033,-0.0030264299124544,2021,True,159,31
2021-08-30,0.073312297241590912,0.87913071408403898,0.60348436825419005,0.88785611776742546,0.021351409391839993,2021,True,160,32
2021-08-31,0.30836205733746475,0.92071288193498635,0.67653871257016085,1.0151527108580616,0.020261532439069349,2021,True,161,32
2021-09-01,0.068825347877247922,0.9393647497214892,0.64417964624111557,1.0752367004785301,0.021295643035746516,2021,True,162,32
2021-09-02,0.38363689660567263,0.89341848452811612,0.58390213574817917,1.1083107359348019,0.0044841927117244057,2021,True,163,32
2021-09-03,0.0060953495394488449,0.84522036795411848,0.45264576578509874,1.0199270607276456,-0.0070070083811826223,2021,True,164,32
2021-09-06,0.3947616271284663,0.89059632272593592,0.40799853516245593,1.1899273010599356,0.0098665380688634837,2021,True,165,33
2021-09-07,0.012551616222561651,0.97383310342045637,0.28990505164962543,1.1771760823002611,-0.010402170676113959,2021,True,166,33
2021-09-08,0.28250768961273198,0.94825447326500734,0.30181786779422703,1.2148242132724782,0.0096406353789247352,2021,True,167,33
2021-09-09,0.12822241358178924,0.94631300019608433,0.27647815233088646,1.15995625655739,-0.0040095627131279824,2021,True,168,33
2021-09-10,0.22583761203576944,0.89400833111896783,0.3392271508978732,1.2146889273037882,0.010350810712869044,2021,True,169,33
2021-09-13,0.65945672059760496,0.74726890602940688,0.31362096889288188,1.0044334868254923,0.0097277192840585364,2021,True,170,34
2021-09-14,0.14333759878366614,0.89844527263399554,0.3191215374101779,0.95285776337003325,0.0029248384191216353,2021,True,171,34
2021-09-15,0.18223038449830423,0.93609027707666381,0.36728720034078643,0.93014317553114501,-0.001531286840614831,2021,True,172,34
2021-09-16,0.44504655021854561,0.87556695928847006,0.44479268804427563,0.90975538103830311,0.01741668521543566,2021,True,173,34
2021-09-17,0.085665860152619525,0.915269303023728,0.45929122374997289,0.99655203254956237,0.016460824296081197,2021,True,174,34
2021-09-22,0.022498993128025661,0.95643532995360081,0.48005818713691872,1.1314194085935765,-0.0093472137108667336,2021,True,175,35
2021-09-23,0.13339706420817063,0.86597620499242089,0.49245435306813906,1.0859513444331537,0.0013739093658724603,2021,True,176,35
2021-09-24,0.12381956831666084,0.89016750468750361,0.36686274283753395,0.99504468374133848,0.0087380381687257383,2021,True,177,35
2021-09-27,0.03700042542995572,0.95520063091912544,0.21491644850569383,1.0614394519982171,-0.031248973194228234,2021,True,178,35
2021-09-28,0.17790894321831255,0.91786892485364613,0.2215063655540131,1.2379078573930022,-0.014505229887465278,2021,True,179,35
2021-09-29,0.09352747786649887,0.921661779384639,0.19747527049482935,1.1574463904519992,-0.00682725877429233,2021,True,180,36
2021-09-30,0.41563249651130985,0.91555887976751338,0.17994817277619038,1.3551365497966656,-0.010187034928051071,2021,True,181,36
2021-10-08,0.03256039824239923,0.84510851187232572,0.17460271326994237,1.3898369236104009,0.0082340508178903177,2021,True,182,36
2021-10-11,0.21029815449064546,0.88670164842063681,0.24733003582820609,1.3442706692154036,0.018495117371847506,2021,True,183,36
2021-10-12,0.43697885198413716,0.76807068920009358,0.29599362633566212,0.951465989196428,0.022811829948696322,2021,True,184,36
2021-10-13,0.28793425179211085,0.91716730873526575,0.31889791118303634,1.0345989713428787,0.0053312287795041395,2021,True,185,37
2021-10-14,0.069134711802298493,0.94909242032220875,0.33376416520442459,0.96940901074292529,-0.0040573504651938196,2021,True,186,37
2021-10-15,0.21235975259617126,0.91043976123873127,0.37652039987714697,0.93492026230369363,-0.0033321323613264057,2021,True,187,37
2021-10-18,0.13906470606148133,0.87531993882042425,0.31680023844189592,0.89803447088833377,0.015305838082024601,2021,True,188,37
2021-10-19,0.23312486671409796,0.89261254393590317,0.29264738990149419,1.1499981399994352,0.0064602313996377329,2021,True,189,37
2021-10-20,0.089785510320250839,0.94372534947805653,0.28066866586280453,1.1395704373885198,0.0026151528933164915,2021,True,190,38
2021-10-21,0.18093370452243587,0.93586058962853846,0.26190324960191075,1.0508893890361899,0.00038072882976682181,2021,True,191,38
2021-10-22,0.092822544046716207,0.9607691232838893,0.25485784006250239,1.2496003864528769,-0.0030401730609649008,2021,True,192,38
2021-10-25,0.20312291174585986,0.91689415197530755,0.24597123394858203,1.4271519175022234,0.0042606014902416209,2021,True,193,38
2021-10-26,0.063526009248064313,0.92394612036256574,0.1907835650111338,1.4055407364843666,0.00036344185394310215,2021,True,194,38
2021-10-27,0.19499709885789979,0.94345582943330153,0.22071498920768501,1.4151680166267686,0.013714962633666108,2021,True,195,39
2021-10-28,0.061320664394527241,0.95060211188837362,0.28601559785246639,1.3852944547096502,-0.0083370039025456016,2021,True,196,39
2021-10-29,0.44485954723511256,0.91999226087604313,0.46350718344536879,1.4799968210563759,0.0080455117757871411,2021,True,197,39
2021-11-01,0.073398488260465536,0.91925847347420953,0.48140638468482583,1.3269200502336638,-0.010203036598056558,2021,True,198,39
2021-11-02,0.0094204702051272279,0.87081034146336267,0.40036209959059366,1.2121863735356102,-0.016643697932988352,2021,True,199,39
2021-11-03,0.058921757169866813,0.90216529235670173,0.37325956455693138,1.1436261837469586,-0.0027957464158310944,2021,True,200,40
2021-11-04,0.1232425745856101,0.94591035561921111,0.34593724571105866,1.1927600094693942,0.0079054411137369409,2021,True,201,40
2021-11-05,0.17578519001094847,0.93558876961739945,0.22399751808658794,1.1091719260699642,-0.00025977093740439563,2021,True,202,40
2021-11-08,0.04117203590754679,0.92957336009525393,0.15286708971901478,1.1346600045093478,0.0061952399943880077,2021,True,203,40
2021-11-09,0.26568543368582043,0.94349392574650415,0.23270514033381726,1.2249353832473231,0.0040998381335811624,2021,True,204,40
2021-11-10,0.0083403435066895844,0.88735108333292734,0.27437130280490729,1.2068989377194885,0.0018335577148436161,2021,True,205,41
2021-11-11,0.22368171787046426,0.83984265975304762,0.32693461108535676,1.1322930125584034,0.0073944082008493379,2021,True,206,41
2021-11-12,0.053352705443818579,0.94938377153782194,0.31311860261444341,1.1612791245602971,-0.01001332697250663,2021,True,207,41
2021-11-15,0.16204727186366519,0.91668244612648619,0.31150255271750088,1.1693540518863419,-0.010607707197902945,2021,True,208,41
2021-11-16,0.149411078867381,0.85988451185906123,0.26682261678608321,1.1449995912035247,-0.0042862478074407601,2021,True,209,41
2021-11-17,0.24499772228503072,0.89614933105848438,0.24174592506424081,1.1200532928193776,0.0074425830615910873,2021,True,210,42
2021-11-18,0.20567134099298695,0.7663830991829782,0.19132322895834503,1.0231638641532257,0.0056367398912324802,2021,True,211,42
2021-11-19,0.2421401282457894,0.87129115994829509,0.33899148951216923,0.94166911339683756,-0.016277618549252078,2021,True,212,42
2021-11-22,0.51328505477315012,0.91119437353222732,0.41629369274481648,0.98964141324277533,0.025622610003885226,2021,True,213,42
2021-11-23,0.069155018355729,0.93192981910069994,0.44899148292870561,0.98860186791171978,-0.0033273734301882637,2021,True,214,42
2021-11-24,0.059327672641844097,0.91470919232576087,0.45154487686766959,1.0846631171413692,0.0073597604511473919,2021,True,215,43
2021-11-25,0.10781451617392517,0.9181695533393317,0.49275336385569779,1.220327206578671,-0.0082289232801213835,2021,True,216,43
2021-11-26,0.13089190113145968,0.88351751948088042,0.45380025263186385,1.2205584620153962,0.012267683455813489,2021,True,217,43
2021-11-29,0.19405274821692398,0.93351719100709885,0.26680172946153963,1.1853655577418802,0.008002742483308789,2021,True,218,43
2021-11-30,0.031898695593858724,0.89993060413266457,0.25461865228024039,1.1332043996839636,-0.004499450702650053,2021,True,219,43
2021-12-01,0.35628626050788237,0.86172372590576196,0.42519366379994894,1.0431176642418265,0.0072590048207010639,2021,True,220,44
2021-12-02,0.43915766281581586,0.87566433684661671,0.49330953474764622,0.94802080512794229,0.0049208677530469518,2021,True,221,44
2021-12-03,0.26961617418335138,0.85914891171439567,0.49939996061736225,0.92074091535021219,-0.0032192434504090808,2021,True,222,44
2021-12-06,0.5078926839875858,0.90897472606837859,0.58214001021898598,0.96252202442419099,0.0063269072285550808,2021,True,223,44
2021-12-07,0.24291747912590175,0.77916650124210474,0.56646473002625564,0.81102153976822722,0.01009870144266483,2021,True,224,44
2021-12-08,0.38279736967633177,0.92029027087088677,0.51028325688898302,0.93955364359416615,0.019846705402590994,2021,True,225,45
2021-12-09,0.35586255415562468,0.78601880064683094,0.50503971834135331,0.92804830609466982,0.0073288972549963496,2021,True,226,45
2021-12-10,0.12202245365787071,0.89033689373553582,0.50781631573764041,1.0000414670911151,-0.0014821632701069204,2021,True,227,45
2021-12-13,0.074147316570142341,0.86975237158161789,0.42463293216075415,0.91385917073396639,-0.0081297650010911417,2021,True,228,45
2021-12-14,0.077667054751006118,0.96626023195868738,0.44523996611401323,1.2189481420784316,0.0011220579763666792,2021,True,229,45
2021-12-15,0.31598313914038023,0.89692807404783337,0.50291700856396515,1.0933838705534025,0.005477624754325245,2021,True,230,46
2021-12-16,0.013548848530834838,0.91920950972421478,0.56429486627854564,1.1650685126250122,-0.0052965844610947744,2021,True,231,46
2021-12-17,0.42402148656846628,0.8717472403091665,0.7070111421614087,1.0967728212871699,0.014898752518283128,2021,True,232,46
2021-12-20,0.48331168161226556,0.8736041364210223,0.76194989847049077,1.0404643716289572,0.025095683261445102,2021,True,233,46
2021-12-21,0.16082364818483236,0.90886029197157014,0.64582430150101222,1.0074861773115531,-0.012157850353798544,2021,True,234,46
2021-12-22,0.0070084861727716706,0.87907354271959215,0.5906377092803301,1.0090019263388277,0.0074703354645636322,2021,True,235,47
2021-12-23,0.0089792790263039778,0.95742710363114258,0.53212109777111471,1.0798836742475768,-0.017857325066362627,2021,True,236,47
2021-12-24,0.25238467634808653,0.88401885177952277,0.39816192474437601,1.0818271717040848,0.0078212917760270805,2021,True,237,47
2021-12-27,0.060137372466717555,0.93280204572533565,0.2475955612941961,1.1511947813090058,0.0020187601164012056,2021,True,238,47
2021-12-28,0.25695603022915198,0.91981604601202915,0.2784466815820244,1.1626231429510641,0.0083663535943450697,2021,True,239,47
2021-12-29,0.29458886204011758,0.83150270842233098,0.31141135858217545,1.0660028695607473,0.0052655449435003747,2021,True,240,48
2021-12-30,0.35972233222278555,0.83243389045235616,0.33984824367965899,0.92575895598817037,0.013182089540962363,2021,True,241,48
2021-12-31,0.42201007916540484,0.86803676856122591,0.33526897745223416,0.81613191975513055,0.003470096984101789,2021,True,242,48
2022-01-04,0.4139970214764121,0.77040140427436099,0.48864519559814623,0.71111103676446397,0.0029097816452960568,2022,True,0,0
2022-01-05,0.50344506390197707,0.84999964409909445,0.59843853297126492,0.7257694779771483,0.023240385442932152,2022,True,1,0
2022-01-06,0.12192020170803547,0.84588232905922944,0.57355043033751341,0.73257837305651574,0.0064475393315413963,2022,True,2,0
2022-01-07,0.24427729484614497,0.92565321811939394,0.55588714619653046,0.78954240167556522,0.0014792688954312647,2022,True,3,0
2022-01-10,0.15530505801293831,0.83698863859205574,0.48750675769317997,0.83225192030778705,0.0036671859439070141,2022,True,4,0
2022-01-11,0.38821373509129797,0.89160584047439162,0.4289455090440491,0.90631513406096897,-0.0006803846020979078,2022,True,5,1
2022-01-12,0.30039130135486125,0.89753051704743314,0.25355488741801446,0.8678032510560556,-0.01024840602987394,2022,True,6,1
2022-01-13,0.26749781048541676,0.86069370655954525,0.18174639919955834,0.91652681750839426,-0.019275952607616803,2022,True,7,1
2022-01-14,0.24355494271136555,0.90895684414408751,0.23099806522825139,0.9281518018352205,-0.0028115003806905305,2022,True,8,1
2022-01-17,0.34844275079239934,0.87916124613910807,0.31357588806844378,1.0246579960675455,-0.0029952907003907149,2022,True,9,1
2022-01-18,0.059941361323275502,0.86190990884734209,0.29645705573041353,0.99183385382229483,0.015758924305438262,2022,True,10,2
2022-01-19,0.22902640976550778,0.93949451739473866,0.36360161605391145,1.1187586262228841,0.0043898181800064223,2022,True,11,2
2022-01-20,0.32368028750228189,0.9040004359227608,0.46704444405514639,1.2092730103294134,-0.00074884925313759227,2022,True,12,2
2022-01-21,0.19649345532894999,0.9683245895367476,0.4562242608900316,1.2725975459912198,0.0037472800961569682,2022,True,13,2
2022-01-24,0.25924936483577216,0.86134996711547251,0.3789455828121876,1.2684814986895789,-0.020492663220675476,2022,True,14,2
2022-01-25,0.38859734771618781,0.91802452965677317,0.47303929345376888,1.5112764953129114,-0.0023101779651710269,2022,True,15,3
2022-01-26,0.0052119246398615393,0.93407587617393995,0.49011493997054401,1.3517389319443058,-0.019630163328945485,2022,True,16,3
2022-01-27,0.40256338983020196,0.87218731116188475,0.4882284878916352,1.2762041158739381,0.0074562643442782194,2022,True,17,3
2022-01-28,0.090774690659381027,0.86809491624465429,0.4039991102336416,1.1517457914696836,-0.012571564157493456,2022,True,18,3
2022-02-07,0.034369668545447027,0.9464944039330988,0.42146010555069813,1.2529448920826576,-0.032536386239569032,2022,True,19,3
2022-02-08,0.32767788678436038,0.85157439007712676,0.42865236633598225,1.18435948764626,0.030543611590147898,2022,True,20,4
2022-02-09,0.070257797039270611,0.85282145559389477,0.39675120188063251,1.1267274035201822,-0.020358176108817141,2022,True,21,4
2022-02-10,0.31608271482750744,0.89203080645535449,0.37742393145078101,1.1582350726150936,0.0026080047496710784,2022,True,22,4
2022-02-11,0.29684898933552406,0.93689101664026286,0.43371892409745055,1.2461390813380391,-0.0042302960134747315,2022,True,23,4
2022-02-14,0.010315791880873689,0.89822478315856391,0.42264273609619157,0.98259473226613636,-0.00629108198952061,2022,True,24,4
2022-02-15,0.42045686757225326,0.89118425875168483,0.38506672973409395,1.0494451337817885,0.013735489577897974,2022,True,25,5
2022-02-16,0.11467071075142751,0.9606070523738629,0.41350972893881094,1.135000494881792,0.0014037573021135239,2022,True,26,5
2022-02-17,0.13830482023221763,0.9374294133857658,0.36475726515277396,1.0974461206280568,0.0057219549241988941,2022,True,27,5
2022-02-18,0.05049445026672178,0.90850333097197411,0.32532112579151068,1.0706403870041847,-0.011367955519394212,2022,True,28,5
2022-02-21,0.16795216029352034,0.91895551823249555,0.33822536304715151,1.297899662284405,-0.005132220027099575,2022,True,29,5
2022-02-22,0.13166904880393912,0.79655892389806982,0.26114731533976426,0.82851328669073154,0.018840798138100641,2022,True,30,6
2022-02-23,0.66432057720365345,0.83066925813631254,0.37481024484623537,0.82649413362876756,0.040014615840678204,2022,True,31,6
2022-02-24,0.135049746838698,0.8287345884040912,0.33041959846335045,0.66415008395839892,0.013227198429344699,2022,True,32,6
2022-02-25,0.25109012564342958,0.91212051921625703,0.32378306413553287,0.7155819711467083,0.023822770490082228,2022,True,33,6
2022-02-28,0.096813860771588794,0.96666216054401721,0.32103201269586484,0.76061860365942158,-0.012330164351726031,2022,True,34,6
2022-03-01,0.15024163626581324,0.86023765026731047,0.33749824600203998,0.82185997919251674,0.0057789674722718409,2022,True,35,7
2022-03-02,0.10804312598754723,0.91466419304116908,0.22864747862320564,0.80149582038862954,-0.017416130799600141,2022,True,36,7
2022-03-03,0.32999816298672369,0.86776512739938927,0.30649288824453869,1.0741645046267405,-0.0054520125117090753,2022,True,37,7
2022-03-04,0.099523593531160456,0.78808901698054357,0.45233465499992842,0.9798249345204646,0.017688304504340998,2022,True,38,7
2022-03-07,0.36767311248930218,0.95284578543604115,0.55291015279011657,1.04590111282665,0.027210382853881807,2022,True,39,7
2022-03-08,0.26584926035968981,0.8417140941142579,0.49305440847742849,0.98553617309889829,0.012329273612731149,2022,True,40,8
2022-03-09,0.05271851504161968,0.82382089793743818,0.42403071979229484,0.79449387626921664,0.0071870877060535012,2022,True,41,8
2022-03-10,0.22836120143066327,0.91655914363078739,0.36418908570453534,0.88667004804854299,0.0017302491152116218,2022,True,42,8
2022-03-11,0.055722182528750885,0.93001917666514466,0.30674757697328631,0.93526407926193966,0.035943800190327897,2022,True,43,8
2022-03-14,0.29693184638711378,0.93237397377348541,0.232670532334779,0.94337636649736512,-0.0024006375026836605,2022,True,44,8
2022-03-15,0.18209928347219542,0.9189668396213353,0.1824330413094406,0.98827274416182564,0.026834216244449219,2022,True,45,9
2022-03-16,0.19203289508904059,0.8588312320366791,0.20982230049908768,1.0476717100351869,0.027135807356947397,2022,True,46,9
2022-03-17,0.17939770279526238,0.88706622716273975,0.24567870655152102,1.0125874865430375,0.018168322757574646,2022,True,47,9
2022-03-18,0.012010294372817901,0.92425996176015957,0.25556850695802247,1.0346815874414776,0.017857034178622524,2022,True,48,9
2022-03-21,0.13856136661288615,0.89115703442772687,0.24266020307083297,0.92620616911503695,0.017281508820684008,2022,True,49,9
2022-03-22,0.31946380319950163,0.89907489021698572,0.26901372430744158,0.92994634863881231,-0.015072215417896752,2022,True,50,10
2022-03-23,0.14745825123599676,0.86870661704202579,0.25167979953226305,1.0605634579250673,0.0014803364305562962,2022,True,51,10
2022-03-24,0.10596157849368722,0.93777174531692087,0.23635736791140641,1.0590370194725476,-0.013875932964460829,2022,True,52,10
2022-03-25,0.37369700607930173,0.91332043707655652,0.38601703952455974,1.0869033733728628,0.023794116318561279,2022,True,53,10
2022-03-28,0.20603589727693744,0.89292266457128944,0.43992818043625859,1.1446582364677995,0.00065533992720817635,2022,True,54,10
2022-03-29,0.15114513477597669,0.88807118281924236,0.41772248819633401,1.0061167377232201,-0.002004000796152457,2022,True,55,11
2022-03-30,0.5434245695414095,0.78641055201830978,0.39267671994338249,1.0385429371962736,-0.0041627359353753786,2022,True,56,11
2022-03-31,0.32710313518806872,0.92294630987382131,0.42200883891358965,1.0446252111125109,-0.0043184621680160146,2022,True,57,11
2022-04-01,0.023796848564907394,0.84625532555618876,0.34917592369347933,0.93811008400343898,-0.0078970716088521149,2022,True,58,11
2022-04-06,0.44169187902178597,0.94043823818824213,0.45207551504891796,1.0221172047834135,0.028273333964401737,2022,True,59,11
2022-04-07,0.24833438180239403,0.95556156165805839,0.57365471744955154,1.2595186714238518,0.0036218772023916177,2022,True,60,12
2022-04-08,0.12251895475231328,0.76422143990938995,0.61624275093340874,1.0633272128027014,-0.0059133607189447669,2022,True,61,12
2022-04-11,0.47040103838361408,0.90990011411114535,0.66189476519048862,1.0743754816370696,0.03703116030353322,2022,True,62,12
2022-04-12,0.041768646486730295,0.90663181415517125,0.64358277325974078,1.0478703416725139,0.0083306348537093323,2022,True,63,12
2022-04-13,0.32411812257137668,0.88894728181755733,0.54277148740236858,1.0332209622864206,-0.00057044931414112912,2022,True,64,12
2022-04-14,0.097824511621247195,0.89764597808093483,0.44540940851486094,0.92350185830839715,-0.0015689594377245554,2022,True,65,13
2022-04-15,0.010748496936433592,0.92684654320865223,0.37383348273429307,1.0675944981033383,-0.0029817041913707612,2022,True,66,13
2022-04-18,0.35248282525775904,0.83683172267666284,0.25987778990014054,1.0005082134341243,0.021366518411756096,2022,True,67,13
2022-04-19,0.25244769748402485,0.92865187909778757,0.25126709660969088,1.0632597723958204,-0.00040080416796990458,2022,True,68,13
2022-04-20,0.23171637880743984,0.94534466614779133,0.31299532140950198,1.0229846102345612,0.004978165356057624,2022,True,69,13
2022-04-21,0.22667659214566196,0.86496598305197314,0.46222891733755939,1.0893075721447738,-0.011031375363883128,2022,True,70,14
2022-04-22,0.16825222045510102,0.85681167817082382,0.65896897132909449,0.93808331894948738,-0.00076708394660510908,2022,True,71,14
2022-04-25,0.44854143189244344,0.86665868902201726,0.65390233486960825,0.95171613728750992,0.011532129063351469,2022,True,72,14
2022-04-26,0.19592814531456768,0.87001198741884922,0.62723358789600192,0.91928324471319922,0.016388892133204241,2022,True,73,14
2022-04-27,0.30700300693580806,0.87553503224888429,0.53881662653897278,0.76260561514358605,0.050512871899885896,2022,True,74,14
2022-04-28,0.046649244804102902,0.85048634413835511,0.47539958562314133,0.82784833731144969,-0.027249787491183744,2022,True,75,15
2022-04-29,0.41485286140976024,0.86770016101438951,0.44756493405406506,0.88751672510025581,0.027224728796633624,2022,True,76,15
2022-05-05,0.10427826793815258,0.81650609393902118,0.41086750868455701,0.87091093078989779,0.013220806029365983,2022,True,77,15
2022-05-06,0.13986053064802739,0.93783615317920566,0.37476526800082238,0.91768237017097476,0.0056855283138156996,2022,True,78,15
2022-05-09,0.04008149884613578,0.89623134091994117,0.42071793918939038,1.1111708245655594,-0.024740779373581261,2022,True,79,15
2022-05-10,0.27072968064345093,0.84527975389291832,0.49608664178825629,0.9284503598296302,0.021361351294387505,2022,True,80,16
2022-05-11,0.33557960198021619,0.65364032429553043,0.45516200764071385,0.83972731137405321,0.030561872116831607,2022,True,81,16
2022-05-12,0.12015470092216839,0.92769084548369474,0.43824308885096031,0.81475449188344307,0.00049009066365047745,2022,True,82,16
2022-05-13,0.0331481972737495,0.88586597384271915,0.45995616334276779,0.77347625044577806,-0.028678868901003064,2022,True,83,16
2022-05-16,0.14286745390950806,0.95531552399007202,0.41431225260642235,0.86443287392008827,0.0055051372239060311,2022,True,84,16
2022-05-17,0.16956605918722117,0.9279972971512791,0.30716485718490982,1.1076394469766089,-0.020433859824892688,2022,True,85,17
2022-05-18,0.045624299068408473,0.93743015291788823,0.18948154316467866,1.4918455656381533,-0.013274191208667305,2022,True,86,17
2022-05-19,0.24646163067096102,0.8731726875897472,0.2381298122616298,1.3664730696260066,-0.0047196130760994749,2022,True,87,17
2022-05-20,0.12844116296878644,0.90711693361485712,0.25328930833094948,1.2533329066821013,0.010902138394127552,2022,True,88,17
2022-05-23,0.037127052455805054,0.90461112998216309,0.29108868524995463,1.1056765939752178,0.0083096803790371661,2022,True,89,17
2022-05-24,0.54147289014923483,0.88574406445290199,0.4098212029875189,1.0839499239380785,0.024396488093091903,2022,True,90,18
2022-05-25,0.09908468627021963,0.91457996181574808,0.406009986794795,1.0304455590607493,-0.017387431108108128,2022,True,91,18
2022-05-26,0.029077219930570632,0.83967600132385078,0.33268869557707526,1.0295701885296846,-0.0075599099080825415,2022,True,92,18
2022-05-27,0.12575870394283289,0.90433088213099677,0.33133125597404428,1.0603393009991158,-0.01984297118486994,2022,True,93,18
2022-05-30,0.093715891170816135,0.94876612745912126,0.33934852171484298,1.2009044517534375,0.0031829211413080642,2022,True,94,18
2022-05-31,0.351566059385857,0.89018283816008925,0.35136070851660645,1.0464791029197036,0.025296695118198619,2022,True,95,19
2022-06-01,0.00056492145028771566,0.8385921440362023,0.44966001790678861,1.0368077421809254,-0.030789238304550867,2022,True,96,19
2022-06-02,0.4646594370787811,0.8254048443336135,0.73476954402424277,1.0566887831546958,0.023982094038520335,2022,True,97,19
2022-06-06,0.35542290067482185,0.84238187223991179,0.75084593596756377,0.96767195390351557,0.031530682107781857,2022,True,98,19
2022-06-07,0.12234006212773996,0.89114520146661624,0.72427561736163437,0.9442233727706888,-0.012624063713922374,2022,True,99,19
2022-06-08,0.0012597461030209246,0.80944973609745707,0.62822166434376547,0.84869216343636544,0.023199344945675285,2022,True,100,20
2022-06-09,0.36478200369370545,0.87622903088339077,0.57440565889242789,0.86106693350261365,0.013140804063469871,2022,True,101,20
2022-06-10,0.29887440618201522,0.85365789221319299,0.36556591327116228,0.87121310606741964,-0.014147023050736732,2022,True,102,20
2022-06-13,0.12820129552199427,0.87051077157509471,0.23700332086768336,0.83858063592952148,-0.025077689703801281,2022,True,103,20
2022-06-14,0.1644936815334449,0.82382356829659131,0.23412766365730883,0.81723381092649572,0.020562809518800781,2022,True,104,20
2022-06-15,0.0521141119543541,0.91351264670045806,0.23004278163660652,0.94781432828781997,-0.0095430343009749539,2022,True,105,21
2022-06-16,0.15178421179438412,0.91139416378013838,0.2062917671654648,0.9919961374803572,-0.025295349776864099,2022,True,106,21
2022-06-17,0.14483047008388256,0.83964576603048857,0.2061784805005005,1.0013619861252088,0.0052148821269880881,2022,True,107,21
2022-06-20,0.02071793884773734,0.93010973714222145,0.16579344136911908,1.0944132678600087,-0.017022255685931013,2022,True,108,21
2022-06-21,0.12184546891610162,0.90303557804268364,0.15276969052537756,1.1890031548246123,-0.022875356737172215,2022,True,109,21
2022-06-22,0.22943594511912102,0.92086153740330257,0.15383904344294433,1.279036698259391,-0.0092626922060017637,2022,True,110,22
2022-06-23,0.22524618669178934,0.84836287291955637,0.20088394338290227,1.1743394227625679,-0.00075151051456610527,2022,True,111,22
2022-06-24,0.22547550121832408,0.90552060851309402,0.25274919880025482,1.2230807791008034,0.020926186233479412,2022,True,112,22
2022-06-27,0.022040989072524646,0.92436345073996906,0.2627754131072812,1.2275306860613218,-0.0086078465038738564,2022,True,113,22
2022-06-28,0.14204973204570295,0.85021758194291863,0.26055570710607379,1.0550708170221725,0.030445202572946545,2022,True,114,22
2022-06-29,0.23740600507429757,0.88144086184440096,0.23518125769607245,1.0427087565114417,0.0016516030780603392,2022,True,115,23
2022-06-30,0.15273179321722452,0.91598891911705127,0.19023454794367173,1.1097592892068207,-0.0066136471620828561,2022,True,116,23
2022-07-01,0.16383831603281152,0.92540704677475538,0.14080974484520301,1.169968143202653,-0.006402611358092461,2022,True,117,23
2022-07-04,0.055346427947215317,0.9365551212319756,0.13392787430255887,1.1473652888374413,0.0078946798425578047,2022,True,118,23
2022-07-05,0.045970327032154916,0.8422439236835334,0.14798002506320274,1.1502518334150407,-0.011667919224943497,2022,True,119,23
2022-07-06,0.10995932775279441,0.82440896247459605,0.1644825888807705,1.0106930206045188,0.019364329802666728,2022,True,120,24
2022-07-07,0.14620503063624715,0.89730671007800578,0.16306195720290012,1.0021698871784244,-0.0053274608155176682,2022,True,121,24
2022-07-08,0.087600928330946515,0.93504831818114653,0.21821576611581242,0.98442335308058215,-0.03404816400528847,2022,True,122,24
2022-07-11,0.20122386250069985,0.93654151494415405,0.33903548305153441,0.99203596176906794,0.021771181919443747,2022,True,123,24
2022-07-12,0.38691578657931569,0.874205019441186,0.3759480261151758,1.1871050681247886,-0.022286595409385979,2022,True,124,24
2022-07-13,0.028926282637098236,0.88105860635916589,0.37934462034328675,1.1847488099288781,-0.0027451073643839094,2022,True,125,25
2022-07-14,0.3071975053461149,0.91626613118771172,0.40692366360815208,1.1424557516709315,0.013444348189607221,2022,True,126,25
2022-07-15,0.048656771645307628,0.86448446072681795,0.38032384074226433,1.0476829779886128,0.012367057836191518,2022,True,127,25
2022-07-18,0.040130797611452211,0.90218163361141823,0.26352821747520783,0.95552384418012903,0.010469240958779562,2022,True,128,25
2022-07-19,0.10192076370782303,0.91126470111116709,0.21274552955000925,0.88747392298185712,-0.00051433483225117116,2022,True,129,25
2022-07-20,0.23411428673729476,0.87270174701623171,0.27713750188970204,0.9289215442919333,0.0045625538077013108,2022,True,130,26
2022-07-21,0.13592131608118271,0.87642491764638075,0.22582982701282972,0.93232216368246223,0.023509361903905634,2022,True,131,26
2022-07-22,0.087714927447455446,0.90624021128330023,0.22540818015287759,0.96974714749722568,-0.0074910829509429759,2022,True,132,26
2022-07-25,0.11847961950034194,0.96465193879218381,0.24167587805083834,1.0906787360017511,-0.0066310708060736924,2022,True,133,26
2022-07-26,0.1564613628381859,0.92526995527410127,0.24473596737754216,1.1554077684681887,0.0018271751658160906,2022,True,134,26
2022-07-27,0.1458580017774338,0.9557494474852809,0.23149416802027614,1.2885751086278376,-0.0015802878284590103,2022,True,135,27
2022-07-28,0.21218132449010077,0.89021724611628494,0.27576349218480706,1.3265000061356136,0.008353307454442075,2022,True,136,27
2022-07-29,0.24630167983431919,0.89797881840854199,0.28189125342853388,1.3635801281684279,0.0033438682109077442,2022,True,137,27
2022-08-01,0.10203937310766707,0.93789686773563363,0.23385558766421036,1.3406046919130097,0.0036577396966997666,2022,True,138,27
2022-08-02,0.032467656460027777,0.92038310651315969,0.18480469275599343,1.3041241418245291,-0.039340070383006152,2022,True,139,27
2022-08-03,0.048515187779604889,0.82711691375477281,0.16498539440834889,1.0550820450722014,-0.0066964971971644489,2022,True,140,28
2022-08-04,0.099066781371310517,0.8987549281653634,0.21175952265377235,1.05268253321121,0.0063170792109276327,2022,True,141,28
2022-08-05,0.44722629558270444,0.87978603349498208,0.27525128113940706,1.0822346013659288,0.040964764209194142,2022,True,142,28
2022-08-08,0.052496556777452852,0.96064597358834269,0.30822844602370292,1.0568455315277199,-0.012868003561604033,2022,True,143,28
2022-08-09,0.12401317869834516,0.90732296811877711,0.3521811414251978,1.0031498765468436,-0.015845149392001094,2022,True,144,28
2022-08-10,0.084239453446864607,0.93303111249650494,0.40355989083324328,1.2111430249433195,-0.0067937306169222438,2022,True,145,29
2022-08-11,0.23651143048820289,0.87848455548253934,0.36235312667892394,1.3519968763377577,-0.01023850498811426,2022,True,146,29
2022-08-12,0.47433685718041363,0.89399722435448858,0.28724359048370668,1.3527134496819682,0.010103371929787596,2022,True,147,29
2022-08-15,0.039870860291625197,0.93925647530990553,0.2628331021919067,1.2503982295890335,-0.0029119162113369363,2022,True,148,29
2022-08-16,0.091379681340419322,0.95279447240883886,0.28140285924144576,1.3336499006175226,-0.0047674368539977856,2022,True,149,29
2022-08-17,0.071338203197682373,0.94635027374825242,0.29385276637324498,1.3373243482368145,-0.0082255854441077511,2022,True,150,30
2022-08-18,0.2770760444672668,0.87524852121517682,0.35894537591096598,1.4422142496888466,0.013567532394317305,2022,True,151,30
2022-08-19,0.41171925644666219,0.89837023832572582,0.43341642854294665,1.3366644788071942,0.0029393439862488982,2022,True,152,30
2022-08-22,0.030016368402732606,0.91567619055676297,0.48693377205187371,1.3231044428803889,0.0041917340052091689,2022,True,153,30
2022-08-23,0.0031386194745284617,0.92078239199471901,0.58946865222966327,1.1779638484661217,0.0016427335451741011,2022,True,154,30
2022-08-24,0.47022051999519709,0.8626529109230644,0.73917282510442761,1.0789312454518378,0.024874424869665492,2022,True,155,31
2022-08-25,0.1861170422768984,0.851015682384195,0.6906657374838987,1.0353469093607952,0.017780579820365593,2022,True,156,31
2022-08-26,0.14299235589824433,0.84305950377761874,0.66403656967439939,0.93031886781015427,0.015487785974171999,2022,True,157,31
2022-08-29,0.10704111985509625,0.82763858124035716,0.57181425256490359,0.90076250514385514,-0.015828107125122351,2022,True,158,31
2022-08-30,0.039824354991765287,0.92390733682631876,0.50442853446078018,0.92668242395162992,-0.02151862178034249,2022,True,159,31
2022-08-31,0.23474198975239127,0.87767085611081075,0.30259727108914969,0.92313426188793912,0.01824252537670281,2022,True,160,32
2022-09-01,0.014799054872805239,0.93480474009502212,0.22937312453212225,1.0347338317030865,-0.0051594305835548403,2022,True,161,32
2022-09-02,0.056607255507391853,0.94486505101686347,0.21700143657689572,1.1446169731677716,-0.0054507927837979401,2022,True,162,32
2022-09-05,0.079552226962998407,0.9485007560652805,0.2232428627928732,1.2008956214814499,-0.01310312741872259,2022,True,163,32
2022-09-06,0.15491196333624227,0.85854239938691213,0.2433803199319009,1.0782551812993022,-0.0051186251870216559,2022,True,164,32
2022-09-07,0.24030573385516246,0.8106805621158838,0.25855388690872166,1.0164652100545171,0.027463662499431375,2022,True,165,33
2022-09-08,0.20583333342189425,0.87615851844601766,0.28826111902125601,0.93765089748629116,-0.015615990724734354,2022,True,166,33
2022-09-09,0.099553555011456435,0.89902003295985011,0.28259753421916434,0.92089548062547755,-0.0014197339539524334,2022,True,167,33
2022-09-13,0.067268846800253482,0.92409415239029669,0.29782129303684218,0.89194787715785506,0.0030214989966970635,2022,True,168,33
2022-09-14,0.0073551364008408822,0.86587988214094624,0.28729507091300538,0.93029615182580649,0.0052585712071859629,2022,True,169,33
2022-09-15,0.41213282209217056,0.85310110676456907,0.36441415519736881,0.89816739410306734,0.016979493839661595,2022,True,170,34
2022-09-16,0.027596507171279004,0.86764318771316762,0.41314550847213194,0.88368543108653796,0.021002121062304029,2022,True,171,34
2022-09-19,0.26215747347043039,0.92363577466372204,0.47303005175473262,0.87984071672818842,-0.0030220137889748902,2022,True,172,34
2022-09-20,0.13778832363945592,0.84462221072776755,0.44680305624448829,0.83894724946066801,0.020572237804283369,2022,True,173,34
2022-09-21,0.20037811557897586,0.93672859766028083,0.44050803209066131,0.97232335295095573,-0.023511340707240817,2022,True,174,34
2022-09-22,0.070003666053504249,0.91659184299398044,0.35140580383591241,1.1384333915621681,-0.029572605664198271,2022,True,175,35
2022-09-23,0.22452143271958541,0.86734352728275699,0.26801030705177714,1.1457900521937787,-0.014050547579256155,2022,True,176,35
2022-09-26,0.0048037395125133421,0.9285742197573974,0.18237103669293281,1.1628640933932015,0.0073666015708716576,2022,True,177,35
2022-09-27,0.20428941102224205,0.87949281733238438,0.15779874271078442,1.1751243319244071,0.00075814093636075329,2022,True,178,35
2022-09-28,0.31138210484702383,0.90236954382643164,0.16223297170255463,1.0975002526584783,-0.0067263320313779001,2022,True,179,35
2022-09-29,0.097962540277958227,0.90754136074242775,0.25850418701520655,1.0650658180673267,-0.0067408750356423228,2022,True,180,36
2022-09-30,0.33032348934961397,0.86215797150158546,0.53893061368240125,0.99335879936931304,-0.0026164048225985766,2022,True,181,36
2022-10-10,0.54148478123792299,0.91286181956667634,0.66777122781740517,0.97652999296430609,0.045351663003196659,2022,True,182,36
2022-10-11,0.088155441371612561,0.94244878512798835,0.71933672182922603,1.0479635010715704,-0.0079313068233268121,2022,True,183,36
2022-10-12,0.29931792489817832,0.71688630106837814,0.64137683177992577,0.81731980296173889,0.049748907471236177,2022,True,184,36
2022-10-13,0.033223731170014842,0.77769598461988154,0.66004540542088885,0.75441212094790422,0.0098292171941623697,2022,True,185,37
2022-10-14,0.34807955758225623,0.91625183292356815,0.5824563113949941,0.81531114567282204,0.0072493969457355697,2022,True,186,37
2022-10-17,0.12409630107997156,0.92594873978273884,0.51064933173744997,0.77541951828067646,0.00044240947169592228,2022,True,187,37
2022-10-18,0.053741562927078296,0.92315725994724918,0.49164726281058457,0.76420937082548679,-0.010880035148419131,2022,True,188,37
2022-10-19,0.16260262224263264,0.91868070066191232,0.47735697910657082,0.98299543942582668,0.0062795474151442921,2022,True,189,37
2022-10-20,0.15165765211092186,0.78419773916626057,0.29996084638363157,0.93627791133800775,0.023250516077209644,2022,True,190,38
2022-10-21,0.05953034887584456,0.87728877615368639,0.20117966865099551,0.93455960059620036,-0.0010944938720349661,2022,True,191,38
2022-10-24,0.01522042006763003,0.93341804137944462,0.15645069358347488,1.0347720515176826,-0.013741604232103233,2022,True,192,38
2022-10-25,0.0079545858872402033,0.9230535621416448,0.20871377626472651,1.0647286689353928,-0.047735339615893449,2022,True,193,38
2022-10-26,0.43945188493860038,0.72656986456267647,0.28491960796736582,0.98808749829793885,0.014401104346463228,2022,True,194,38
2022-10-27,0.015067732854550674,0.92965371256237117,0.29430754127957709,1.1329166927176206,-0.0007998614226418548,2022,True,195,39
2022-10-28,0.10561342567234244,0.91879787062627882,0.28266740933844237,1.1341094181507578,-0.011647967761575083,2022,True,196,39
2022-10-31,0.12392356288935504,0.95525933178176314,0.28981669420170569,1.2102691996127324,-0.054395132854501017,2022,True,197,39
2022-11-01,0.13864429328181377,0.83360312610909126,0.28327342348391721,1.1200879362876259,-0.0093295197879649273,2022,True,198,39
2022-11-02,0.12510834934638382,0.95448357470306444,0.27905522193733717,1.2333540614768403,0.0012735795691109586,2022,True,199,39
2022-11-03,0.12004847609407732,0.95543437236529016,0.32423143461471604,1.3647753827704892,-0.028388222621776992,2022,True,200,40
2022-11-04,0.30732325371193991,0.93679337323640621,0.36605220728809956,1.429815289945263,0.0232226668458658,2022,True,201,40
2022-11-07,0.16207081994267319,0.85065109501764791,0.3928727688380047,1.2189597553351932,-0.0021560014641397061,2022,True,202,40
2022-11-08,0.14199989386130696,0.93378848128391378,0.46001138173931799,1.510797862782761,-0.010483746894015312,2022,True,203,40
2022-11-09,0.21103429319788575,0.89935216699065323,0.37490300217289396,1.4834149033510813,-0.011236773618276659,2022,True,204,40
2022-11-10,0.18445385527037816,0.89080589174346436,0.30287182528369899,1.1578658236380901,0.0013869311626711193,2022,True,205,41
2022-11-11,0.0035471127857417978,0.93463442480768122,0.21894636127870618,1.1880344160106655,-0.022356027946075066,2022,True,206,41
2022-11-14,0.020894358313790412,0.85792174505693375,0.21011312563838019,1.1474663751507272,-0.0065035373183498797,2022,True,207,41
2022-11-15,0.36266091618750396,0.92083310926154338,0.2008554122252697,1.1229603710059772,0.024893168626524485,2022,True,208,41
2022-11-16,0.25105472225994924,0.91181513913311507,0.20044479001281307,1.0929073187395995,-0.0019943370035846153,2022,True,209,41
2022-11-17,0.056438005978450598,0.88468771763174758,0.19941089460167835,1.0999903477819908,0.030927797220753877,2022,True,210,42
2022-11-18,0.12269484927552135,0.95347678112752732,0.26779783236252841,1.0333261785551655,-0.0025199356472558809,2022,True,211,42
2022-11-21,0.0061714627639989552,0.87926543963458148,0.27919993850567704,1.121699743969405,-0.0017560464251241165,2022,True,212,42
2022-11-22,0.233225277319971,0.93671399777946551,0.30142537611242159,1.1076969448002241,-0.0058601274322736792,2022,True,213,42
2022-11-23,0.012935615696064467,0.88254507053049946,0.25713121034608799,0.93105781459397252,0.026274092986539696,2022,True,214,42
2022-11-24,0.026395602657168827,0.94422238482154341,0.29494897167151757,1.0499157292529306,-0.015156297666061642,2022,True,215,43
2022-11-25,0.3033463687461207,0.94664512357089181,0.3399850520322093,1.0522082095863656,0.014390449904022939,2022,True,216,43
2022-11-28,0.14279185166887018,0.94613987050257098,0.34993764405163313,1.1187351349252825,0.0075399165078932967,2022,True,217,43
2022-11-29,0.19499657229958142,0.91143866334863632,0.29746011109480858,1.0822985651513009,0.0033118942868982887,2022,True,218,43
2022-11-30,0.11232025707139767,0.83890377980060016,0.31910780961227297,1.1853844689168753,-0.0053890637740174139,2022,True,219,43
2022-12-01,0.19768503018028477,0.92334428102313859,0.28190430578686415,1.1197728700824692,-0.011065407331705289,2022,True,220,44
2022-12-02,0.019336617193356193,0.88333689082077926,0.20440120912646462,1.0262906531665077,-0.0033140712520657693,2022,True,221,44
2022-12-05,0.092634968012700949,0.96024216999474077,0.19391852381712096,1.0076015160435585,0.0031354720655601166,2022,True,222,44
2022-12-06,0.022351906869844042,0.8732281985312057,0.17683744965932241,0.94269620614716576,-0.00040153466815783152,2022,True,223,44
2022-12-07,0.042197303779608938,0.94015526118362802,0.16949495761343383,1.1671977866644225,-0.00045986383858107505,2022,True,224,44
2022-12-08,0.062292875729915258,0.97878085715510588,0.15384588904867494,1.2761267586781286,-0.0081063593943826989,2022,True,225,45
2022-12-09,0.033149394867372756,0.94172657478518207,0.13740516599573577,1.4379326097339773,-0.025999952217540243,2022,True,226,45
2022-12-12,0.095981929533715274,0.91025393119362685,0.13071137691796267,1.2357350344029217,-0.00052970799464626848,2022,True,227,45
2022-12-13,0.39694303512404716,0.9356390555330939,0.23851578639347867,1.4017899159001517,0.014166431541662658,2022,True,228,45
2022-12-14,0.1237118285220327,0.94075575903940811,0.29668106919180215,1.3344101663985946,-0.0034180315636104003,2022,True,229,45
2022-12-15,0.1213350488698728,0.89309177389922634,0.33956788227147,1.1436380895575662,-0.0096858543325425532,2022,True,230,46
2022-12-16,0.30758885839415612,0.91318550410941735,0.50271294211952455,1.0905773165961437,-0.0020480108216036031,2022,True,231,46
2022-12-19,0.42070247339363781,0.92605361583575729,0.70890987312093245,1.204431372057704,0.013489974731314323,2022,True,232,46
2022-12-20,0.072804298328563402,0.90663296249034087,0.74048693347498096,1.1841735559677815,-0.0088928602521588154,2022,True,233,46
2022-12-21,0.27588112139979093,0.94360708307935981,0.80454577967620777,1.1657462023805005,0.0086326928569408577,2022,True,234,46
2022-12-22,0.1958333827810361,0.929479526900853,0.9003439787444949,1.3039718743520186,0.0063593501593867969,2022,True,235,47
2022-12-23,0.20101220109224463,0.89887224323458803,0.71588183145084938,0.93005051295763608,-5.4102184460084676e-05,2022,True,236,47
2022-12-26,0.65073159849194406,0.83455515672748315,0.5943089105053263,0.91788983247283973,0.032067840246495317,2022,True,237,47
2022-12-27,0.24654540458589402,0.93384141476015281,0.58362900748700286,0.90137116128648564,0.010807552577903605,2022,True,238,47
2022-12-28,0.16919387543999492,0.91510336661794101,0.51929587011239553,0.92373110465850172,-0.0059832906175538774,2022,True,239,47
2022-12-29,0.10157553695038532,0.88503197389532373,0.44778858144097544,0.90009011318939425,-0.014686431136276571,2022,True,240,48
2022-12-30,0.027474506855378934,0.95146416898427999,0.46394009878460307,1.1544617422882255,-0.0040585960300402587,2022,True,241,48
2023-01-03,0.37286121768041819,0.85608231123313472,0.39988967775495787,1.0283133838355414,0.013880815459859181,2023,True,0,0
2023-01-04,0.21118228622249138,0.78927112057086379,0.32823867383606031,1.0149431535995013,0.010161132869783311,2023,True,1,0
2023-01-05,0.28682005682449002,0.87400765078104647,0.40975818621226151,0.93676588267974281,0.0087892613001913488,2023,True,2,0
2023-01-06,0.17965093925875253,0.79720394343513967,0.41804878858423677,0.82197301390487265,0.023357721241016132,2023,True,3,0
2023-01-09,0.048103038514548675,0.89067314129875153,0.39534470645687192,0.76996997540847745,-0.0032457445315732143,2023,True,4,0
2023-01-10,0.036041611995938506,0.93312862489772674,0.3818228867204897,0.84820800333995772,0.0018853923332359445,2023,True,5,1
2023-01-11,0.47048067583108616,0.84183581782386019,0.41469786707058448,0.88077038408962272,0.010079625473080096,2023,True,6,1
2023-01-12,0.013441331223228407,0.93834592642736037,0.31603448968519904,0.94903477422496019,-0.011294362027650192,2023,True,7,1
2023-01-13,0.0070762515889004089,0.78832733090994123,0.41597888320223531,0.85351419376943616,0.0014592347182785341,2023,True,8,1
2023-01-16,0.35588419482021139,0.77056379609527914,0.50907914780266006,0.75396617837912638,0.024241310709566397,2023,True,9,1
2023-01-17,0.22181534089773403,0.83152657090220039,0.48503373493039997,0.75447774404209211,-0.01822851095366141,2023,True,10,2
2023-01-18,0.11400331651097337,0.87945006287820704,0.50231168621778499,0.75464015961315545,-0.0015489125639528488,2023,True,11,2
2023-01-19,0.49070244070127145,0.83938365337927379,0.56156747403352503,0.71538059144191535,0.0096577353082761309,2023,True,12,2
2023-01-20,0.11732693925951275,0.82440063083740778,0.50024784977258441,0.82354911471582881,0.0062881098852757113,2023,True,13,2
2023-01-30,0.05119005802224548,0.97006771691748572,0.43771499926140806,1.1171367541779149,0.011908834885409206,2023,True,14,2
2023-01-31,0.43447222331339785,0.80585978009602932,0.43216604354412774,1.1176356077512788,0.010520790574987834,2023,True,15,3
2023-02-01,0.25508827148818275,0.80334378532442519,0.35407531775835005,1.0600333466138925,0.003436221980224417,2023,True,16,3
2023-02-02,0.085533994063689986,0.94235008850229574,0.24687683710827912,1.1364767195114391,-0.0049216584669413343,2023,True,17,3
2023-02-03,0.02889211584893436,0.89412592343877417,0.19950168445209701,1.1894246375962405,0.017154561684014243,2023,True,18,3
2023-02-06,0.1568998312408704,0.93900128223053902,0.19349512365484306,1.1516304126897261,-0.025418148892046501,2023,True,19,3
2023-02-07,0.09672343185756016,0.91262536573899566,0.17362000087649343,1.1348994029488981,-0.0071729553641030437,2023,True,20,4
2023-02-08,0.17878130567570991,0.94396802179925543,0.15281566597602239,1.2462496411647714,0.0031511570277387279,2023,True,21,4
2023-02-09,0.45979474597263065,0.88048626881214254,0.19320119296088864,1.1521167482065511,0.018344867110457339,2023,True,22,4
2023-02-10,0.23091356546694553,0.92203662588797497,0.20478060522149061,1.1888608670343477,0.0045973849617982438,2023,True,23,4
2023-02-13,0.0023997360783031456,0.93430228222388934,0.19937462034385123,1.1685475679929485,-0.0011227503296302986,2023,True,24,4
2023-02-14,0.041376565506480396,0.94471756989735978,0.19847931387548887,1.2004977306885831,-0.0032120404221344938,2023,True,25,5
2023-02-15,0.029314310545087437,0.9292885931504552,0.20252643870455592,1.1959327464852494,-0.0083314826581487311,2023,True,26,5
2023-02-16,0.22874146897690154,0.90157298871236535,0.36089105965502027,1.1160176151632868,0.0030050506160094865,2023,True,27,5
2023-02-17,0.38015954448177697,0.89636911285532883,0.48609356183174501,1.1965032846723151,0.018895626924620559,2023,True,28,5
2023-02-20,0.24589469512961504,0.8640197689835436,0.48612858650333307,1.0844241315859942,0.0093744979269654687,2023,True,29,5
2023-02-21,0.053547904242566911,0.95790341655684541,0.4967600020819643,1.1024854419060395,-0.0073001503998535028,2023,True,30,6
2023-02-22,0.15629522130146131,0.94983871346067372,0.51419296831390293,1.1159258458974264,-0.013217270578663093,2023,True,31,6
2023-02-23,0.06047184743466804,0.96244001275950819,0.42363280405615933,1.4280182150075811,-0.0037638959043227401,2023,True,32,6
2023-02-24,0.02805884178398,0.92371274987686058,0.13946953412187593,1.3508961608076093,-0.008613050871145481,2023,True,33,6
2023-02-27,0.12367218947405977,0.93549710294556343,0.12952797280475259,1.5617208491563286,-0.013223545892991802,2023,True,34,6
2023-02-28,0.08096332320771206,0.90900965351004992,0.10763756816567213,1.3669157529196121,-0.0032990890387866473,2023,True,35,7
2023-03-01,0.12490981907978228,0.92639748852045212,0.1350310181054937,1.3450069494842769,-0.010197172373420407,2023,True,36,7
2023-03-02,0.16240034807189732,0.87182899996635543,0.14200961470926191,1.2371417597121699,-0.003335407761946514,2023,True,37,7
2023-03-03,0.20093111654557017,0.92117242873747351,0.14900299982280177,1.1683463403568395,-0.018800274764347622,2023,True,38,7
2023-03-06,0.1847655362204762,0.80382893164488911,0.15868670148278893,0.9570715139990541,-0.0026590348531374767,2023,True,39,7
2023-03-07,0.40842615493887446,0.90354497738979633,0.19062183879568478,0.97575162155669326,0.010895842153991211,2023,True,40,8
2023-03-08,0.10612379836265053,0.93030875873343055,0.1815886186588459,0.95857770201318315,-0.01131067322954343,2023,True,41,8
2023-03-09,0.087522209066754633,0.90738686793229417,0.17975268449150733,0.97195571759770549,0.003584985201763125,2023,True,42,8
2023-03-10,0.089178140793357036,0.90945664345486155,0.16109748950193223,0.91295153909192073,0.010390649773533808,2023,True,43,8
2023-03-13,0.11649345273402112,0.94089836466372334,0.16124018757197997,1.1844932777416166,-0.026149081350650066,2023,True,44,8
2023-03-14,0.22215691923884132,0.87637225472760649,0.21796313636121861,1.0672550729601518,-0.0017906647235234471,2023,True,45,9
2023-03-15,0.12237559906286924,0.89432869724692099,0.21287206914595105,1.0371287443233328,0.014877738170442197,2023,True,46,9
2023-03-16,0.2866007627832281,0.8817861434090849,0.21633623607389546,0.95331471808367318,0.0084880402239891663,2023,True,47,9
2023-03-17,0.29538469285608338,0.86883908752630135,0.31150875238886011,0.96465480519456326,0.0041253232869766301,2023,True,48,9
2023-03-20,0.13108325643566265,0.92742302313942659,0.33063042791531966,0.95598641859709532,0.012090028924070736,2023,True,49,9
2023-03-21,0.080076250232559168,0.92854831770670787,0.34302564977957462,1.0217674787519668,-0.0045990645436925675,2023,True,50,10
2023-03-22,0.063654187829469397,0.93232051769667601,0.411512993979396,0.99469446906335535,0.0044539983869268307,2023,True,51,10
2023-03-23,0.34706602479068771,0.87904379781802133,0.44661561545622769,1.1592397767995706,0.0066014244873278767,2023,True,52,10
2023-03-24,0.050966045879029018,0.95055081453919654,0.45928094785666124,1.2453166545566767,-0.0089583972948475334,2023,True,53,10
2023-03-27,0.040484519822189431,0.87362402388276439,0.3746328346705684,1.0582257057129636,0.013113622730931033,2023,True,54,10
2023-03-28,0.26868547050646346,0.88185606421166307,0.32410224635982615,1.0278415516235895,-0.0044006697101762748,2023,True,55,11
2023-03-29,0.21597263067147296,0.87846071070031118,0.28449692010045602,0.90914109705863899,0.0088696704167758617,2023,True,56,11
2023-03-30,0.076927914271259917,0.90625149224677792,0.26383115503018334,0.91448490475222899,-0.027918361557852923,2023,True,57,11
2023-03-31,0.2269833873425656,0.86599726813283284,0.4253658990928828,0.88398472748484447,0.010276233860971441,2023,True,58,11
2023-04-03,0.46135759137549365,0.84789499546345348,0.56427769692582164,0.95139096161139813,0.018012222278117069,2023,True,59,11
2023-04-04,0.024078664178876864,0.85358898943615824,0.49979200105564936,0.81781964218287218,-0.009195788225984337,2023,True,60,12
2023-04-06,0.15438486728470777,0.86902095767721432,0.47807022248218656,0.93595108020248097,-0.0088406926691311834,2023,True,61,12
2023-04-07,0.16028063807479534,0.94252307486097875,0.47403783399093286,0.95317286291958536,-0.011774659324356814,2023,True,62,12
2023-04-10,0.25867917172922572,0.88267159604588852,0.39880038571296811,1.0210460201499569,-0.0018327173636694108,2023,True,63,12
2023-04-11,0.13581584971153862,0.8849260359739004,0.30072657324244467,0.9810467167388438,-0.0049259113119744825,2023,True,64,12
2023-04-12,0.15092736998495357,0.90907619796966876,0.2784213289005969,1.226959315499687,0.012306705651462942,2023,True,65,13
2023-04-13,0.342899808536337,0.9101910232677457,0.28278210505232942,1.2392478841413952,0.018809892730571487,2023,True,66,13
2023-04-14,0.32597175441412507,0.89293830258294848,0.30249119130534213,1.0949992871736964,0.0037422576666755508,2023,True,67,13
2023-04-17,0.033633102459926546,0.92832222339866932,0.28344315032708195,1.0815786987115723,0.0054474008793858513,2023,True,68,13
2023-04-18,0.10530354505395072,0.86695808549139586,0.22813299196296641,1.0599729527998898,-0.00044213039790836847,2023,True,69,13
2023-04-19,0.042717319173911528,0.91629798431649634,0.21968595266717436,0.9980276171828758,0.00074789461448957904,2023,True,70,14
2023-04-20,0.30780892869007431,0.89598964762918798,0.2134919808994046,0.99993755327554823,-0.0060582239741874917,2023,True,71,14
2023-04-21,0.44585036271028466,0.87397722688103174,0.35687645383576927,1.0069886157709005,0.013652727278640711,2023,True,72,14
2023-04-24,0.24085492511714662,0.8914935378885408,0.43596586377586788,0.9730907746334555,0.011671216872454973,2023,True,73,14
2023-04-25,0.1588237041103219,0.88630309211763103,0.45825733747572545,0.98797289184185955,-0.017321583310323949,2023,True,74,14
2023-04-26,0.067938862293059121,0.89597946441495924,0.45016484124529144,1.0524246150147691,-0.00010600653737626449,2023,True,75,15
2023-04-27,0.041817071796844109,0.92491143299270484,0.46666599666982589,1.0610949121950268,-0.0076304308115223108,2023,True,76,15
2023-04-28,0.29705061076517147,0.87587977895179803,0.36624466501765041,1.0331364841950301,0.0090491904902998636,2023,True,77,15
2023-05-04,0.40371180515972693,0.87326102279015605,0.27692966162718347,1.0650631123282353,0.0011494541758198945,2023,True,78,15
2023-05-05,0.2545259277345267,0.9239121209724922,0.24615120672153151,1.109555957159934,-0.0048950005196981873,2023,True,79,15
2023-05-08,0.1267178512461756,0.92953632134209052,0.26139145501209637,1.1983779634311758,-0.015218064544233191,2023,True,80,16
2023-05-09,0.3388542813022154,0.926194235755324,0.36496927581943717,1.2107359555060291,0.019038509653241022,2023,True,81,16
2023-05-10,0.13311735172590949,0.87889649913728995,0.41559414964376951,1.2703049041305376,0.012037238485177246,2023,True,82,16
2023-05-11,0.0081975844709516188,0.90557832011898276,0.42036283230082361,1.2109135824156518,0.011939394134429156,2023,True,83,16
2023-05-12,0.23212791378901551,0.94767806164709367,0.41478197702103847,1.2596842323716997,-0.00047116013845524524,2023,True,84,16
2023-05-15,0.15072549843486691,0.92552796060018083,0.41512352086647814,1.0912460767744818,0.005130983394313296,2023,True,85,17
2023-05-16,0.010683056685780044,0.95415232542306117,0.31052962357256503,1.1171016339476587,-0.0033916132932732095,2023,True,86,17
2023-05-17,0.062406138722697402,0.95796060587942422,0.27951248445704513,1.2776381657939748,0.0031672375160143739,2023,True,87,17
2023-05-18,0.11684736112711902,0.89112295118410689,0.29079368468543565,1.2024760033557347,0.0079343943264961417,2023,True,88,17
2023-05-19,0.094484077654791776,0.93264175368884905,0.23404334832182247,1.1840633410195249,0.0014734007663895403,2023,True,89,17
2023-05-22,0.18313406884107411,0.88280325638747947,0.29979742965856881,1.2834150070458705,0.001816727172923058,2023,True,90,18
2023-05-23,0.32078963320817444,0.89748581416781381,0.33091766295409081,1.2154614488159128,-0.0033511345967529526,2023,True,91,18
2023-05-24,0.093037907120666993,0.91077368094052324,0.28368344118356115,0.99648006519699972,0.018559391733947109,2023,True,92,18
2023-05-25,0.13608102794507848,0.93627863521920462,0.28555364915606662,1.0228887556090203,-0.0061953801971198486,2023,True,93,18
2023-05-26,0.31668592144832747,0.93671360742199006,0.34983746968156942,1.0463917372308238,0.0060678403518384183,2023,True,94,18
2023-05-29,0.18099329611791146,0.93159309270748192,0.31415817925658374,1.0958749747760823,-0.013467830141210266,2023,True,95,19
2023-05-30,0.19699284565147979,0.90244022839438998,0.30196854946402518,1.0402228475984503,-0.0010948105406844619,2023,True,96,19
2023-05-31,0.1380180164349126,0.88856130086190532,0.38378293800249441,1.105997960506047,0.0033689199279630035,2023,True,97,19
2023-06-01,0.044454565124600158,0.92295396985126221,0.39567658441889081,1.1244884740667962,0.015400737672268187,2023,True,98,19
2023-06-02,0.023405419891719667,0.93372738267740918,0.34097533255076645,1.0514146512246356,-0.0001289519401255863,2023,True,99,19
2023-06-05,0.0096427974910711176,0.86835311895488709,0.37051054476058876,0.9761862201788043,-0.0071061308759189845,2023,True,100,20
2023-06-06,0.4809938704470072,0.93709995136264568,0.53866429663546134,1.1172497609051601,0.027399238167714723,2023,True,101,20
2023-06-07,0.11566645182093926,0.93545949513523807,0.60349398004479504,1.2216374261215894,-0.010746076210529608,2023,True,102,20
2023-06-08,0.21886255369634039,0.95737444843741071,0.60934288444307061,1.370362359033376,0.005152420162247393,2023,True,103,20
2023-06-09,0.3633630500108857,0.87873442563566206,0.61339379221256984,1.3194133759436442,-0.009123254700449163,2023,True,104,20
2023-06-12,0.037669005163772154,0.87501978321184948,0.67048291788956016,1.4014730254722798,-0.010753439977643161,2023,True,105,21
2023-06-13,0.22591138338785116,0.90987471568599798,0.49856098336556287,1.1998884979782085,0.0086030973888146563,2023,True,106,21
2023-06-14,0.085950170892899413,0.93249561449568918,0.37311623133823618,1.1879913078039732,-0.0072509588433850233,2023,True,107,21
2023-06-15,0.026403176190340247,0.94232974510752288,0.38132385686680553,1.1120132434226024,-0.0012735959974336905,2023,True,108,21
2023-06-16,0.34699669610855077,0.91114971506489117,0.38831844427326639,1.2255231658656554,0.018958731454130847,2023,True,109,21
2023-06-19,0.049790520921541515,0.95685416163967885,0.34512153017945552,1.3556021895315196,-0.011220248202139502,2023,True,110,22
2023-06-20,0.0024969628710391481,0.89468698562132865,0.36027999420764911,1.1097805710413229,0.00077365160747469857,2023,True,111,22
2023-06-21,0.44840074897463245,0.79167439038307086,0.43004972577957246,1.0822006681460541,0.0055523006638946801,2023,True,112,22
2023-06-26,0.10974086037161467,0.9067454291169581,0.38130093218956251,0.97542504438542399,0.015680012036793641,2023,True,113,22
2023-06-27,0.037145567199181641,0.93210547575262026,0.36722184396759766,1.0170516530628606,-0.027135085756158285,2023,True,114,22
2023-06-28,0.06550049475290852,0.88649394277541527,0.33387296578266779,0.98777381674222475,-0.013659278480939244,2023,True,115,23
2023-06-29,0.13185318976243132,0.91998191774524485,0.3215431950491478,1.1365364905045929,-0.0094097260289412784,2023,True,116,23
2023-06-30,0.084058796865437282,0.96131501577991019,0.2370520550381526,1.1179140464338193,-0.0016511021415076548,2023,True,117,23
2023-07-03,0.029207277656896714,0.88252312701715219,0.16652875748581356,1.2855864597305169,-0.0034789384388532168,2023,True,118,23
2023-07-04,0.14244788045026358,0.90749924338259758,0.12954047522875944,1.1558315139618964,0.0002479924769553874,2023,True,119,23
2023-07-05,0.28643445464241923,0.9601580877245165,0.18724108324103345,1.2683284810566673,0.0028485500620253281,2023,True,120,24
2023-07-06,0.08830168110450419,0.9332919233640723,0.26535575386925703,1.1478895470492525,0.0074014065539192951,2023,True,121,24
2023-07-07,0.20285451672327137,0.85758456133528183,0.26149911695715844,1.0217694713777312,-0.0018955996475182079,2023,True,122,24
2023-07-10,0.032197945826339329,0.85961025366129185,0.27399518892164065,1.0304265302549604,-0.0017004186697543154,2023,True,123,24
2023-07-11,0.17007351204021345,0.91853592506617154,0.2758726277668157,1.0892777518842014,-0.0020956973076683497,2023,True,124,24
2023-07-12,0.40169112065459855,0.88677605554403183,0.24086292636764522,1.021103864115795,-0.0018573995468497998,2023,True,125,25
2023-07-13,0.27189644670480417,0.9161877156368714,0.15763376019412545,1.1132359014525099,-0.0091012747463150839,2023,True,126,25
2023-07-14,0.11697773210218314,0.94291342827711266,0.19186658401066728,1.3256406222982606,-0.0083576364355510777,2023,True,127,25
2023-07-17,0.21898690223110562,0.95752825637230254,0.28343618677421661,1.4873184374564641,0.008143796401456696,2023,True,128,25
2023-07-18,0.15899927669336494,0.88352464854375734,0.3557594456050277,1.5282899200871078,-0.0055856251937368906,2023,True,129,25
2023-07-19,0.14713442290770679,0.96394017324717463,0.47123067380494155,1.8774445078982849,-0.012776006959559851,2023,True,130,26
2023-07-20,0.37491564804359656,0.92742459518494469,0.64460748909101306,1.8075469857244459,0.0084031078597347798,2023,True,131,26
2023-07-21,0.15182086027721234,0.93742449885312096,0.66119632097704584,1.6626069113134865,-0.0065013351924151815,2023,True,132,26
2023-07-24,0.16300810983127573,0.89719290126252649,0.56029529240339893,1.2465653423870455,0.0005708385901222365,2023,True,133,26
2023-07-25,0.33792363964600941,0.94600822829953124,0.50411790332972273,1.4084663339285708,-0.0039239711842637129,2023,True,134,26
2023-07-26,0.09518914189047982,0.94511849976181228,0.43824051720015894,1.3572705491616754,0.0021200008996020469,2023,True,135,27
2023-07-27,0.34436042150750978,0.93718008930426133,0.30981875936334546,1.3230439856754341,0.0018887166131082685,2023,True,136,27
2023-07-28,0.27036445582812818,0.88128875038671972,0.29362453117487425,1.1106011662375264,0.010699978991979959,2023,True,137,27
2023-07-31,0.19394024661822101,0.88904615604983617,0.31841259420435503,1.1931066369082486,0.0076516264475129693,2023,True,138,27
2023-08-01,0.021616780874180765,0.95676276379937497,0.33831056864521625,1.0630316171105323,-0.004657242986310056,2023,True,139,27
2023-08-02,0.031787676994236375,0.94512125866661145,0.34085377587597471,0.99897549563737054,-0.0014158754655760474,2023,True,140,28
2023-08-03,0.076235513237399438,0.93271764788206568,0.31611068379669943,0.99210957605285033,0.0028981423327411365,2023,True,141,28
2023-08-04,0.17934872162910806,0.90307689251381873,0.21231372930202932,1.1130228925196284,-0.0023306497293083305,2023,True,142,28
2023-08-07,0.28795433199320392,0.88515466796612485,0.21148523720977877,1.2312947871339832,-0.0031898685624388769,2023,True,143,28
2023-08-08,0.11389816003213594,0.95624596678747609,0.2997024455793858,1.1897452638072747,-0.0042142004374482117,2023,True,144,28
2023-08-09,0.31454360279467408,0.91631483489589127,0.4272935966286876,1.227864357171351,0.0047050360200560611,2023,True,145,29
2023-08-10,0.055564730262136208,0.86540910470146792,0.55887144241145936,1.0976018891464081,-0.0046433662229937939,2023,True,146,29
2023-08-11,0.60677461404035493,0.77284824933941421,0.92235120560060335,1.0547996920257452,0.013641462680318414,2023,True,147,29
2023-08-14,0.16985044018764894,0.89686695223840318,0.89022335219434945,0.83218271730717452,0.019726451255505439,2023,True,148,29
2023-08-15,0.28333222391679691,0.91199301907865526,0.83718094457076941,0.88059235474980213,0.010464361263221516,2023,True,149,29
2023-08-16,0.32995865907658323,0.88036505417311994,0.78284794375960676,0.90633415085559621,-0.0013615470228001748,2023,True,150,30
2023-08-17,0.15174666396438347,0.902811965688191,0.65088050533714237,0.94083679646594642,-0.0019065937726709258,2023,True,151,30
2023-08-18,0.10174938786323937,0.90672456764569154,0.49218830347202597,1.0060097220164794,0.00405836794749918,2023,True,152,30
2023-08-21,0.22855823278002063,0.9546854109279409,0.44792887629154621,1.2071386179774981,0.002622882048358862,2023,True,153,30
2023-08-22,0.14061116010446195,0.77853477744762378,0.28059398425360416,0.77870753981804919,0.01617302013445085,2023,True,154,30
2023-08-23,0.3954707437355538,0.89597157740087174,0.23753451789077507,0.88112385817707739,0.0028476428084245552,2023,True,155,31
2023-08-24,0.10074710410250425,0.83883764405033612,0.23580998212585089,0.88486360065104519,-0.023152862337304753,2023,True,156,31
2023-08-25,0.27045730170977805,0.74043673526639864,0.19777598771493185,0.72662939089026579,0.0073804838232225563,2023,True,157,31
2023-08-28,0.11253247452523037,0.93303399330725589,0.18440871239818674,0.80704067522519163,-0.092637557818349148,2023,True,158,31
2023-08-29,0.39326112903786237,0.84373581289067778,0.32022672795039164,0.92116888081232573,0.0093474367269547592,2023,True,159,31
2023-08-30,0.2559108426121029,0.78340892335899193,0.31965533566960141,0.86637995332486972,-0.017695956485319318,2023,True,160,32
2023-08-31,0.035822524330088312,0.92040172962756683,0.32266927690887259,0.87891833502777761,-0.0064390669117440139,2023,True,161,32
2023-09-01,0.14978898648686259,0.93220969578081592,0.34913041448151183,1.0027879516870939,-0.0089704669822229591,2023,True,162,32
2023-09-04,0.13649638948526971,0.86315491378958709,0.39548399758683056,0.93459728352854199,-0.011433029475359936,2023,True,163,32
2023-09-05,0.15426880900589801,0.93888967647890942,0.2636367789528784,1.0217255893543127,0.017551891103167277,2023,True,164,32
2023-09-06,0.054982830756946453,0.88171894577950005,0.25560367894735903,1.0861304548217701,0.0043556825454594984,2023,True,165,33
2023-09-07,0.6731916044531695,0.88119444730010321,0.39241828449132199,1.1801141101909411,0.013838198803732493,2023,True,166,33
2023-09-08,0.032563524082797952,0.89560836451791048,0.39052331481248737,1.1174448997770028,-0.006936334703616172,2023,True,167,33
2023-09-11,0.12255755209029688,0.89935676540035048,0.39586471036772602,1.0882046252573025,-0.0082260599343288755,2023,True,168,33
2023-09-12,0.16518306646054487,0.83818394421389752,0.42014619423443422,1.0168649688821221,0.0053546186137258369,2023,True,169,33
2023-09-13,0.28299880780051206,0.81659995187780354,0.4819639833054925,1.1074620170872997,0.019688468024687763,2023,True,170,34
2023-09-14,0.23769511602323332,0.8847792986292492,0.38980747695974194,0.97695089418170844,-0.003029818616871357,2023,True,171,34
2023-09-15,0.058269474353628399,0.91373167914132714,0.37228404101820917,0.91013051364554798,-0.0079170873314274443,2023,True,172,34
2023-09-18,0.092194526118293721,0.92519755534836245,0.39808544548388008,0.94912576034415985,-0.0061173477540245151,2023,True,173,34
2023-09-19,0.12613045382704025,0.89104874434943127,0.35307053429343049,0.96988316922154594,0.0037030392494130236,2023,True,174,34
2023-09-20,0.25982206722195,0.95640310835443698,0.28149904606879173,1.1075663176089681,-0.0017763921725681257,2023,True,175,35
2023-09-21,0.15426210369622667,0.93167990524083621,0.26140357602440678,1.0571772340937413,-0.0068050488992494164,2023,True,176,35
2023-09-22,0.49796366671300346,0.78183002496038234,0.2957634199894042,0.9756945733066531,0.0047471112245509144,2023,True,177,35
2023-09-25,0.2259610376236339,0.84801359940188825,0.28730234933528959,0.96860375597205861,-0.0060871333206049026,2023,True,178,35
2023-09-26,0.035589928546837984,0.92977617135335122,0.26943063841991083,1.0201681412315264,-0.020119928901319112,2023,True,179,35
2023-09-27,0.11375570769986915,0.93851750197583061,0.23490326762199276,1.0040463023893538,-0.0053448796948805093,2023,True,180,36
2023-09-28,0.23761246947750597,0.86484216810779735,0.23551937756783023,0.97954554431140239,-0.0078744618072882269,2023,True,181,36
2023-10-09,0.01829281909444393,0.9245269164937816,0.17517658831873251,1.208283147486712,-0.0023817609219545575,2023,True,182,36
2023-10-10,0.14337014800666553,0.91072523885721213,0.1668903471240458,1.138658634693261,-3.5658401191778586e-05,2023,True,183,36
2023-10-11,0.24685723358991554,0.84984439519302579,0.16316000735684558,1.03579436482319,0.00089515104719049322,2023,True,184,36
2023-10-12,0.12823658265783611,0.92730299032782659,0.14692587520917974,0.99612210545987601,0.0025379206523003534,2023,True,185,37
2023-10-13,0.23515710593686678,0.89502263414824113,0.21401107385260848,1.0423490035380814,-0.013949153811791787,2023,True,186,37
2023-10-16,0.41739286391901281,0.8530876474139365,0.2933897593850206,0.99563299900176672,0.0027779885274604563,2023,True,187,37
2023-10-17,0.17432692803774444,0.78667894512602599,0.27149228650203311,0.9217679826662335,-0.0018753083692094679,2023,True,188,37
2023-10-18,0.26137539637034951,0.91189384480418767,0.28731895715501127,0.99717408556653375,-0.0083801998857481724,2023,True,189,37
2023-10-19,0.0094578073565268848,0.96405757441050999,0.32994866370749215,1.0772026450510825,-0.0083906365920265857,2023,True,190,38
2023-10-20,0.16421849090933718,0.95031373023628907,0.39972505319718871,1.1677851351098212,0.0043776700951616886,2023,True,191,38
2023-10-23,0.45022616936823173,0.7877927428669097,0.3929515135205488,1.0387752847925646,0.026745410988687966,2023,True,192,38
2023-10-24,0.18623361027238272,0.82853747626181729,0.34434499250739758,1.0108963537060347,0.017239861620838473,2023,True,193,38
2023-10-25,0.075293486080626026,0.93601978959019938,0.33500692438746449,1.0138239486434839,0.009467602238890243,2023,True,194,38
2023-10-26,0.0143287123131588,0.89579967971931762,0.32803388513546311,0.93327317891047257,0.018067319256835124,2023,True,195,39
2023-10-27,0.18985171773674731,0.94245437639225638,0.33303690059750352,0.93745418227346022,0.0056219524547542702,2023,True,196,39
2023-10-30,0.31644337537479306,0.9043207517214763,0.35710422048268109,1.0123515394466569,0.013299978029609996,2023,True,197,39
2023-10-31,0.063354776911068111,0.91617509651558238,0.45252689315639455,1.1665365883608698,0.021865227028635872,2023,True,198,39
2023-11-01,0.10268518005912412,0.91560532631813618,0.45670298225687211,1.2021141564610009,-0.010361201645347467,2023,True,199,39
2023-11-02,0.23991317577197682,0.92136502401475473,0.45333211036690418,1.2051241822001257,-0.0051828025816420039,2023,True,200,40
2023-11-03,0.30979640492843435,0.8970286193622099,0.38062064970312831,1.1527727729275894,-0.0075306518992384946,2023,True,201,40
2023-11-06,0.31444886136230654,0.94966392609534578,0.36391152552380751,1.3226308191166607,0.016734325478096966,2023,True,202,40
2023-11-07,0.038494902834013162,0.92054522048592946,0.40272926282984167,1.2984515203408495,-0.0057331334667483471,2023,True,203,40
2023-11-08,0.17987709244950897,0.80047475129318912,0.39402497726925378,1.0660300732983725,0.015938313390879488,2023,True,204,40
2023-11-09,0.13161896696754458,0.89343633018692048,0.36963935277499438,1.1487039696070087,-0.0063150368389887756,2023,True,205,41
2023-11-10,0.094800034619988274,0.94563710763922826,0.29844776794026723,1.2294665947286736,-0.0041043987688292906,2023,True,206,41
2023-11-13,0.15243126905745386,0.93290648545002597,0.2324159684393283,1.1301132014854958,0.0053087106619074467,2023,True,207,41
2023-11-14,0.17986632819128123,0.85324565922252238,0.1853610991699671,1.0467097359755229,0.0042861520370792569,2023,True,208,41
2023-11-15,0.061593168463912641,0.8688258799413443,0.21008759311852845,1.1876780064362857,-0.00013726282910150943,2023,True,209,41
2023-11-16,0.45341192527927698,0.81227497976757623,0.29711625682217285,1.1365593780180365,0.011548107635951765,2023,True,210,42
2023-11-17,0.10556492363786803,0.93571855188808262,0.32520090473115909,1.0320652672766208,-0.0055619100193998417,2023,True,211,42
2023-11-20,0.033217396929904087,0.86934947532780349,0.27751978826317636,0.96413529125260511,0.00074530517845536955,2023,True,212,42
2023-11-21,0.20500460367806511,0.89336974425282234,0.35531461041746343,1.0284648766235838,-0.0017827500505248786,2023,True,213,42
2023-11-22,0.33510752825332513,0.9506766456866319,0.45933907289780584,1.1107866406866966,0.015821261184659055,2023,True,214,42
2023-11-23,0.15854936686994481,0.89655523014516814,0.39018657427842279,1.000336816759529,-0.0030264684676199055,2023,True,215,43
2023-11-24,0.37622157513495996,0.92599647988895351,0.40719135186041283,1.0916268792752493,-0.00077782840161879556,2023,True,216,43
2023-11-27,0.088741345505720909,0.92748980844132112,0.43993345724068739,1.2165865686091795,-0.0041770338500910602,2023,True,217,43
2023-11-28,0.078410780041213102,0.91835058635090683,0.36113480751951171,1.2363221278411902,-0.006611736580836111,2023,True,218,43
2023-11-29,0.22229075304417711,0.95448888938773391,0.25854414665513137,1.2537165812015836,-0.0058893873239874509,2023,True,219,43
2023-11-30,0.03585804527503874,0.88084496412103763,0.23041789982997718,1.5040119550031237,-0.006728532563619067,2023,True,220,44
2023-12-01,0.12664746734111215,0.75524124496022438,0.1579518249884081,1.1520156067203178,2.6485918110950033e-05,2023,True,221,44
2023-12-04,0.15575737674898396,0.91199026945065942,0.23871085908074263,1.0910420556857912,0.00066004662585168619,2023,True,222,44
2023-12-05,0.37969692798561294,0.92526308873127217,0.33938096182709271,1.1053290827334776,0.015129365329794541,2023,True,223,44
2023-12-06,0.072434170514517213,0.9355181733283161,0.31845039798930713,1.0482374815752797,-0.019889734982205164,2023,True,224,44
2023-12-07,0.02541885518381698,0.89828889524621902,0.33773232917283197,1.0326904153951606,0.0012777585987436848,2023,True,225,45
2023-12-08,0.324093707293786,0.90525120098389189,0.45722895464212987,1.1676096049658407,0.016296449121358744,2023,True,226,45
2023-12-11,0.28246367913261611,0.89927381041327947,0.45956387698613588,1.0770495068044508,0.0101739526648478,2023,True,227,45
2023-12-12,0.23103480050359648,0.88663361424324572,0.41610283669704157,1.083626010259743,0.00071468006328942349,2023,True,228,45
2023-12-13,0.23565955945525102,0.93051336542495788,0.43960651222524577,1.1094255030780498,-0.0049339799755153835,2023,True,229,45
2023-12-14,0.099136454147379191,0.95490764662868932,0.46421244221905739,1.2786959939827236,-0.015043215109317342,2023,True,230,46
2023-12-15,0.23366147630810333,0.89620902376666767,0.45596323445510856,1.2857397004565732,0.003872566603029412,2023,True,231,46
2023-12-18,0.20515334169613228,0.96860392434726428,0.4826915073709116,1.6349176544813959,0.0030346220655137063,2023,True,232,46
2023-12-19,0.11256184231781215,0.8739885647388218,0.44082657687398807,1.5143238395543122,0.00098187267432198991,2023,True,233,46
2023-12-20,0.23606235854211377,0.96149720777780034,0.4309611609304152,1.5687428195528152,0.0029900148933656692,2023,True,234,46
2023-12-21,0.1989251939232447,0.92497420954819176,0.35749330381830835,1.1529212148225698,-0.00060861478039964437,2023,True,235,47
2023-12-22,0.082450270743706033,0.93849539747531785,0.23503556365731651,1.1159559803529697,0.0036561155817600639,2023,True,236,47
2023-12-25,0.14546695805296062,0.94280195851367887,0.23536875715357927,1.1649948542285222,0.0061145442389552492,2023,True,237,47
2023-12-26,0.30187178192643971,0.88456518244126414,0.26676219593047379,1.1118383767420728,0.0071596804308485668,2023,True,238,47
2023-12-27,0.096375882144600133,0.95272757340687941,0.31836163512170296,1.1136866179753528,-0.015150349947959526,2023,True,239,47
2023-12-28,0.44773600258013829,0.8137054657859405,0.41756466089798971,1.1793655024771568,0.020574133306359436,2023,True,240,48
2023-12-29,0.0428853408636942,0.9649411084638293,0.46276713078390175,1.2339772447916189,-0.017430937017235543,2023,True,241,48
2024-01-02,0.29004824117167943,0.93525320617644525,0.47214602615736934,1.2268622553902266,-0.009601091512263479,2024,True,0,0
2024-01-03,0.29067721710149963,0.84502767546550572,0.59771281666835019,1.231431172434811,0.014380231666866236,2024,True,1,0
2024-01-04,0.16656594750102832,0.88925573578046724,0.68201994603820837,1.1664623169711987,0.0093298568376147598,2024,True,2,0
2024-01-05,0.40028805462882394,0.87853625687318826,0.90942923832579903,1.2087609541561526,0.014097450873986884,2024,True,3,0
2024-01-08,0.49844817850582651,0.93289233978794106,1.0078944189617391,1.1516537830590039,0.028229985911755632,2024,True,4,0
2024-01-09,0.027684355247764358,0.88683275056849664,0.81457437279041223,1.0067172675118679,0.0011916005426484727,2024,True,5,1
2024-01-10,0.089478659139559047,0.88404490521599066,0.60274807368257177,1.0598992153691875,-0.0083753406981332754,2024,True,6,1
2024-01-11,0.24230158684073552,0.90942906449364036,0.50529512243927421,1.1046387389394863,-0.018353326915322588,2024,True,7,1
2024-01-12,0.2971799138933236,0.88782263747465451,0.36292650333778581,1.1925499469080658,-0.0020443370422940426,2024,True,8,1
2024-01-15,0.1120082298243852,0.84918563005890302,0.22253247756628319,1.1286549701534052,0.00082290141283857519,2024,True,9,1
2024-01-16,0.072430736866328546,0.93799711878857506,0.22866523767152355,1.0924332268024435,0.010191852038288771,2024,True,10,2
2024-01-17,0.44029083784726741,0.86767297270446497,0.33342925888928471,1.1445868968990947,0.0073293166097581543,2024,True,11,2
2024-01-18,0.12194971631580262,0.86203833487255122,0.30093692079092954,0.91914346974631089,0.01836819995459181,2024,True,12,2
2024-01-19,0.071322552485299451,0.88526714944940321,0.27891374728676444,0.88784951327180461,-0.021677153267430332,2024,True,13,2
2024-01-22,0.3407850244118687,0.88861626682867656,0.29114932125940757,0.88484874082882248,-0.0010193625075357307,2024,True,14,2
2024-01-23,0.11983764662161991,0.82408753323710915,0.24090210777466062,0.90658500990951207,-0.019142683239220214,2024,True,15,3
2024-01-24,0.0042924451685562234,0.83414680759028204,0.19684478117841853,0.84725599500212501,0.02835136344724902,2024,True,16,3
2024-01-25,0.22118931686027662,0.88633772949042045,0.20729389538312898,0.9426912110541894,0.0033385292748810084,2024,True,17,3
2024-01-26,0.39028164987707059,0.87826730921942331,0.30404756327934535,0.96003992524432646,-0.0047864993930908373,2024,True,18,3
2024-01-29,0.38282744806390523,0.82794197498110367,0.46256762149638153,0.95480256558476584,0.013860683030394417,2024,True,19,3
2024-01-30,0.42100225334276431,0.93572344096973381,0.67523200073747081,1.0868852421519151,0.030141804165123534,2024,True,20,4
2024-01-31,0.15498473597456874,0.87441976186965797,0.65468917277698091,1.0171192410883101,0.026526066784037062,2024,True,21,4
2024-02-01,0.071881922158368083,0.77775923555980175,0.55669522636721569,0.87681905165739904,-0.0017352677720607391,2024,True,22,4
2024-02-02,0.15730805979327406,0.88501935159186751,0.46476672277668984,0.86571787169720626,0.026365697547132368,2024,True,23,4
2024-02-05,0.03363513632706424,0.894414182930232,0.34178226219264279,0.79644866062052422,0.0264755134390681,2024,True,24,4
2024-02-06,0.38629092956650263,0.87478667509764918,0.40631364468144737,0.90077651047990304,0.029833750989876201,2024,True,25,5
2024-02-07,0.26175632234754681,0.8713156262798768,0.45698820241477733,0.93190645231355107,0.014822103666589577,2024,True,26,5
2024-02-08,0.085861528833722417,0.94692455984533075,0.48560902793625221,0.99031109010791907,0.032088973032609019,2024,True,27,5
2024-02-19,0.18265290977137949,0.90242304442187504,0.51062383709969494,0.97845647206321218,0.0027533614793083627,2024,True,28,5
2024-02-20,0.11715538542720424,0.92082904454390235,0.64296761167057803,1.2144454819108221,-0.010100446825270028,2024,True,29,5
2024-02-21,0.0046814010484388458,0.92186786802112686,0.47192837965213674,1.025363264748772,-0.0011584484564174146,2024,True,30,6
2024-02-22,0.10566668964176702,0.92068655003372579,0.24888260575015553,1.1543751170398249,-0.031862288940511095,2024,True,31,6
2024-02-23,0.044339589188786464,0.91209164237667772,0.18059978378721697,1.1994645405186648,0.012282336715576898,2024,True,32,6
2024-02-26,0.090104382915002307,0.83005841799558666,0.24584444898635568,1.2332566904043141,-0.0053455749550978511,2024,True,33,6
2024-02-27,0.38639342055355941,0.82340478085054802,0.38141797325043475,0.97195936705390418,0.036542326243121294,2024,True,34,6
2024-02-28,0.21029937541131,0.88533819838013705,0.34541226600135566,0.82062092066353542,0.037684161839417744,2024,True,35,7
2024-02-29,0.37507337003919788,0.86097602566391063,0.34736420369952886,0.80751017183611729,-0.002605410926665502,2024,True,36,7
2024-03-01,0.12251236300666295,0.93920625097801336,0.35941475584343491,0.84636996077260995,0.0067059064493412042,2024,True,37,7
2024-03-04,0.049304774863816674,0.91388666566555288,0.33182545708007438,0.9079078412210132,-0.0064600900047780702,2024,True,38,7
2024-03-05,0.024958156822755602,0.96669831198546208,0.26334381033644022,1.0045858739689275,-0.0060622881412455507,2024,True,39,7
2024-03-06,0.1207195261281437,0.93024636001777816,0.28668992535412963,1.2589857459367437,0.010136244135035973,2024,True,40,8
2024-03-07,0.24534948864503536,0.92478001389259756,0.31147865606894637,1.337875570457024,0.024055587139720412,2024,True,41,8
2024-03-08,0.16995339089022707,0.91365713056863818,0.25419761488197834,1.3641367998048359,-0.003446902450360334,2024,True,42,8
2024-03-11,0.33546052743049332,0.89760648881993244,0.33885480328045742,1.3171241432063383,0.007511293039037548,2024,True,43,8
2024-03-12,0.017164289987205476,0.87703367832477608,0.31082943586135053,1.1982900524782345,-0.0076057360343768626,2024,True,44,8
2024-03-13,0.050804810384698647,0.89237854473649081,0.32577893898263482,1.1852735648598922,0.0090546159617897054,2024,True,45,9
2024-03-14,0.19921282819638569,0.87021288423612952,0.29521717081574533,1.0942243953931075,0.012265407797627107,2024,True,46,9
2024-03-15,0.09429947848185978,0.84678375052250943,0.31324423300237203,0.99363977275746773,0.0089170374963244477,2024,True,47,9
2024-03-18,0.35468886448918457,0.90633588689458122,0.2942415751245599,1.0000696393580388,0.020951119387521092,2024,True,48,9
2024-03-19,0.27052142657162093,0.96085469903105913,0.3360258066996672,1.1250181647858393,-2.9889580163403387e-05,2024,True,49,9
2024-03-20,0.039223442371720638,0.85973384364582195,0.33120696763022606,1.2046247278191478,0.0029765581831974006,2024,True,50,10
2024-03-21,0.13236430398433421,0.90864147385555682,0.34752447393611813,1.0512974020665877,0.0075158832652116071,2024,True,51,10
2024-03-22,0.19539151975067306,0.91366212940005143,0.41162632648011366,1.1168193818007377,-0.0027464708222779818,2024,True,52,10
2024-03-25,0.23322150673154105,0.92222668748534997,0.461306624673194,1.0880525758804021,0.0076223914104553295,2024,True,53,10
2024-03-26,0.15881689985800268,0.92478535404208784,0.5273890010722837,1.0339040375572075,0.0047769762840709868,2024,True,54,10
2024-03-27,0.35901483466738821,0.8936126191502437,0.55065146068342841,1.0634950039205651,0.008948666512500196,2024,True,55,11
2024-03-28,0.1882736885346005,0.8682081933351895,0.56402941325233924,1.0418387291872575,0.020243739217413625,2024,True,56,11
2024-03-29,0.0030646395893775516,0.8783895027149129,0.52731649320676877,1.0323233241371754,0.017826680150311056,2024,True,57,11
2024-04-01,0.29866168877180976,0.89791674448773617,0.46611321922073407,1.0264959618423666,0.012046392545272257,2024,True,58,11
2024-04-02,0.15342568225171613,0.91600515360082968,0.35543931559883635,1.0167236540662263,-0.0080561462736396042,2024,True,59,11
2024-04-03,0.26412574064105193,0.85183077124918394,0.37328077586278069,0.94415261881997581,-0.0072761711431919797,2024,True,60,12
2024-04-08,0.44270463275334926,0.90722991557272037,0.46790137117986458,1.1272403656743675,0.022846628973131097,2024,True,61,12
2024-04-09,0.20742542477395676,0.8983588599951815,0.45032047394420033,1.0648864870379582,-0.00607171475304049,2024,True,62,12
2024-04-10,0.43069313774118445,0.89324703654236315,0.44217875357644154,1.0380675197454232,0.00025062142391196057,2024,True,63,12
2024-04-11,0.072988832016139787,0.85692201273715807,0.36012740872203508,0.9729155431537343,0.008879793156403918,2024,True,64,12
2024-04-12,0.0019354432619746004,0.92639254155830608,0.28118437608274094,1.0115425209577944,-0.0023482264752888275,2024,True,65,13
2024-04-15,0.19040025612025741,0.92562802608628891,0.14998476457091586,0.98138206896538749,-0.0042034343478149806,2024,True,66,13
2024-04-16,0.28224602417818545,0.92849838235069837,0.12987058925041486,1.0532840863892172,-0.0010656781203266571,2024,True,67,13
2024-04-17,0.36962447502420781,0.88334573079851642,0.10973487878359198,1.0861574785810801,-0.0030040195465800817,2024,True,68,13
2024-04-18,0.082926132719186224,0.93712019904825639,0.16958841468043384,1.16963786987953,-0.0085969052456859752,2024,True,69,13
2024-04-19,0.3586184399653069,0.83993406814580973,0.2332758428731937,1.1615447188001677,0.0097061627043382986,2024,True,70,14
2024-04-22,0.021681128244877158,0.92807044831525554,0.23245492095569895,1.2339501219645346,-0.013239121234439688,2024,True,71,14
2024-04-23,0.09791948571422282,0.93785732731773452,0.24626534197511263,1.2855517486532184,-0.00013229410103879216,2024,True,72,14
2024-04-24,0.2981503164407962,0.93076365354549517,0.28899660577405784,1.2756014667399835,-0.0056660867474309616,2024,True,73,14
2024-04-25,0.12527442176188266,0.8676287262185659,0.34227389401944464,1.1693182471105223,-0.0041401902783824501,2024,True,74,14
2024-04-26,0.43881055500258381,0.86282010412742272,0.49968876567678244,1.0635809571530799,0.00057354567998109309,2024,True,75,15
2024-04-29,0.42453354385072184,0.88190729211547914,0.60426738688271187,0.89724254714350715,0.027674182058898385,2024,True,76,15
2024-04-30,0.22214387690117374,0.85836729629360309,0.58563715167155506,0.86199547706738355,-0.00035042962300598879,2024,True,77,15
2024-05-06,0.19421157049832857,0.91630478807712457,0.50945634419104846,0.90947944546500736,-0.011248969965421674,2024,True,78,15
2024-05-07,0.25140902583911823,0.90200575349587009,0.50743173209663606,0.96684375803873235,-0.00089111830251101102,2024,True,79,15
2024-05-08,0.23278898537918799,0.92953345598860648,0.36709967355264822,0.9932090091194784,-0.0015560274291167228,2024,True,80,16
2024-05-09,0.40995430027016116,0.87364097945920116,0.19823802107763139,1.0031541588649613,0.010948865056914147,2024,True,81,16
2024-05-10,0.32929992999957125,0.82385163555630514,0.18609318616280562,1.0580855306398049,-0.012790802570770917,2024,True,82,16
2024-05-13,0.078742213145741077,0.93678937901143,0.22772076102825767,1.0496057156238918,-0.0014526965611281577,2024,True,83,16
2024-05-14,0.086531322395898919,0.93861805301665402,0.22854066161036043,1.1256685655659269,-0.017594056531704139,2024,True,84,16
2024-05-15,0.31231719965973953,0.95076330470039383,0.27485049963772906,1.2551820685459618,0.0078393943796836174,2024,True,85,17
2024-05-16,0.084687537220343501,0.94232205203614416,0.30648016969885944,1.4936088138227461,-0.0065111148980724082,2024,True,86,17
2024-05-17,0.18532672349553314,0.88851184721193854,0.28969758404467805,1.602259414758479,-0.0064560603140197646,2024,True,87,17
2024-05-20,0.028264256937153676,0.90113760720531633,0.26646667444433064,1.3075576161296871,0.0075112415756749644,2024,True,88,17
2024-05-21,0.20820205281894255,0.96112799861534304,0.25661610665809292,1.2589421103660596,0.0019062879508136847,2024,True,89,17
2024-05-22,0.24754046218865655,0.78198775213398108,0.17976329493774251,0.88604725833730436,-0.0023078008394518761,2024,True,90,18
2024-05-23,0.3355197541013879,0.8797871600489694,0.24873778349838957,0.90322169233331662,0.016186745371916552,2024,True,91,18
2024-05-24,0.44551737890874776,0.81959247653198319,0.36683342659637702,0.87885111060392618,0.0034485789643749192,2024,True,92,18
2024-05-27,0.22661931030036467,0.86835507166023052,0.36581874788447732,0.79414474229271148,0.029453587845290653,2024,True,93,18
2024-05-28,0.12567557725516221,0.85523265629906253,0.33921044938893036,0.78444245714298777,0.012803287582304907,2024,True,94,18
2024-05-29,0.0035052562817209447,0.93559552604800456,0.34716001523345252,0.92925629977218516,-0.0052386530972512342,2024,True,95,19
2024-05-30,0.18591447728189989,0.91683379919374486,0.32450432333480339,0.93301098399725335,0.010208534031710483,2024,True,96,19
2024-05-31,0.021127420028811187,0.88372171823076817,0.23419029184481241,0.93006015505402895,3.0849081272543819e-05,2024,True,97,19
2024-06-03,0.17590663353515706,0.83814203060437253,0.21060448545076976,0.99079091479429049,-0.0036933850786922445,2024,True,98,19
2024-06-04,0.080818530115348688,0.94488711988770313,0.22811601977075469,1.0401736827752406,-0.0050097642355234626,2024,True,99,19
2024-06-05,0.033318770326225357,0.87171516240405955,0.22650453633152096,1.0532193256520506,0.012644267792448377,2024,True,100,20
2024-06-06,0.13161292635766844,0.93063362511677994,0.23175023423413835,1.0923475932325653,-0.0072915785048812401,2024,True,101,20
2024-06-07,0.1037297494356009,0.9078202561092884,0.23691022564889519,1.1284298355108082,-0.0073106047849279361,2024,True,102,20
2024-06-11,0.37761668737350901,0.88430185040496023,0.33270091950273978,1.253080172691422,0.023061565997946242,2024,True,103,20
2024-06-12,0.04148461036632025,0.95320834929312404,0.35190205279412873,1.2396285908953559,0.0047727850225984603,2024,True,104,20
2024-06-13,0.084946939590265461,0.89627482452664731,0.32920450748741614,1.1569561418011642,0.0050751048648249707,2024,True,105,21
2024-06-14,0.13084576329128239,0.9194082140605867,0.31353881082314328,1.1231720129043616,-0.0083209253625217,2024,True,106,21
2024-06-17,0.11769349329208351,0.91344114245984709,0.31571158689674472,1.1410788853222578,-0.0079859434516917037,2024,True,107,21
2024-06-18,0.015110147258735381,0.87303297578520733,0.19458474626164227,1.1225730887148759,-0.022808767948283348,2024,True,108,21
2024-06-19,0.11733137823650121,0.87479579027553689,0.11973008675836916,1.0297774559633859,0.006964342157297904,2024,True,109,21
2024-06-20,0.068185735152905921,0.87692283451809017,0.13456201209617566,1.0511568089267942,0.018717188931089351,2024,True,110,22
2024-06-21,0.053274273049242982,0.94766240619459352,0.18353464003339207,1.1082800047485448,0.018240168459989506,2024,True,111,22
2024-06-24,0.38517578413542669,0.85329059699347753,0.42280450619457061,0.99165048031365433,0.010785133043858502,2024,True,112,22
2024-06-25,0.37248562661733303,0.85989290892224068,0.52647015282747689,0.96349281430591416,0.01147150735864799,2024,True,113,22
2024-06-26,0.24761760668189461,0.85845379826174628,0.49149225087083093,0.9178275272965436,0.0083537732980331451,2024,True,114,22
2024-06-27,0.28687972671856632,0.91863834585438442,0.4893974802619972,1.0303967577411461,-0.010583236775779624,2024,True,115,23
2024-06-28,0.082884818957739539,0.87531572484625042,0.50710697481709677,0.97608501191320729,-0.0082770792145765767,2024,True,116,23
2024-07-01,0.05747894695715168,0.89568184008178175,0.41506497587415453,0.94977118728718135,0.028102358139254487,2024,True,117,23
2024-07-02,0.23291051531751425,0.94961331679445671,0.31646479396967553,1.0132941268477107,0.0051986931779428851,2024,True,118,23
2024-07-03,0.058999301849658563,0.91526093423631394,0.32389375039821439,1.0991271349790543,0.011529852095309039,2024,True,119,23
2024-07-04,0.29140904467463613,0.9265973078412576,0.36156851408673696,1.0509166782723112,0.014047250477417447,2024,True,120,24
2024-07-05,0.1715813003581558,0.89946200755210404,0.31295776809192904,0.94692803268978165,0.020616136610886734,2024,True,121,24
2024-07-08,0.13945637270156586,0.95749188219631842,0.30321682282966506,1.1297138766956805,0.0068879835257953086,2024,True,122,24
2024-07-09,0.29093991524564033,0.8746001904295736,0.33559129018258921,1.0162476369284736,0.0085876271576400195,2024,True,123,24
2024-07-10,0.023079317432365562,0.85832378324030245,0.39012294864048513,1.0375583484558988,-0.0077199285441022676,2024,True,124,24
2024-07-11,0.15076095320764663,0.88554837692075761,0.31580385418513335,0.95261626600073868,-0.0061946837525269577,2024,True,125,25
2024-07-12,0.022581673003861623,0.90934787087860658,0.30792950710343109,1.049917884298736,-0.012726435364814012,2024,True,126,25
2024-07-15,0.080643212818768739,0.93556478369075979,0.30918706113993361,1.042542301315007,-0.010639867801235468,2024,True,127,25
2024-07-16,0.33794545162726353,0.91885155879202529,0.31489189695042985,1.0785362476091136,0.0034465147762013067,2024,True,128,25
2024-07-17,0.062101554969016537,0.84956627938004803,0.27837598756418547,1.1057881064814814,-0.0118934207938687,2024,True,129,25
2024-07-18,0.077115975687828547,0.92403006835492862,0.3559850566567056,0.9884334868885748,0.027913926244405578,2024,True,130,26
2024-07-19,0.28542392346903944,0.8862436113756571,0.40383625738953854,1.0359385855209122,0.0091673913068624786,2024,True,131,26
2024-07-22,0.06836562648204389,0.88625226223425291,0.39966924205783821,0.94694311914383689,0.0044576538791075669,2024,True,132,26
2024-07-23,0.66038314994351022,0.87949108102066786,0.46061612784867273,0.97874786095102906,0.016559169244768076,2024,True,133,26
2024-07-24,0.16526462174994763,0.94862108667656608,0.51839970622011844,1.0641297997021824,-0.0017242342989445512,2024,True,134,26
2024-07-25,0.022211025393089268,0.9465488411070544,0.52289473532654906,1.30836437653822,0.0043845528670371321,2024,True,135,27
2024-07-26,0.12060695037223947,0.86813366045007667,0.46302457759894811,1.1954965156235831,-0.014969735290144391,2024,True,136,27
2024-07-29,0.28108224813624449,0.92470819028987095,0.46574028746560597,1.4292030058796847,0.0074485000805925182,2024,True,137,27
2024-07-30,0.044453014816751422,0.89001922183357352,0.35760206191221666,1.1069525035397525,0.013452647399994633,2024,True,138,27
2024-07-31,0.53712619800456596,0.81403735970200408,0.42189172596960295,0.98889793061712061,0.046379820686866316,2024,True,139,27
2024-08-01,0.11233645656940631,0.86842399721290875,0.41806601363821227,0.92328833866374793,0.0047929292775944375,2024,True,140,28
2024-08-02,0.25819551580777189,0.9314327170851191,0.52887769797332407,0.94490493106034579,0.010638700744170577,2024,True,141,28
2024-08-05,0.30613067651556869,0.90312933521858418,0.50402635117911077,0.88268695987000467,-0.011107773770868044,2024,True,142,28
2024-08-06,0.18622589649858198,0.8640733650366077,0.45664766725124523,1.0865601362326076,-0.027346391653169089,2024,True,143,28
2024-08-07,0.17176657828632363,0.896563192759818,0.35375517824598368,1.1472263762430464,-0.01681395486598963,2024,True,144,28
2024-08-08,0.030165430467925372,0.88650333988397056,0.32857145418162637,1.0646658381875183,0.020443319529002739,2024,True,145,29
2024-08-09,0.068999281863352177,0.95745868394533562,0.24705378477842493,1.1294534754113117,-0.0087797731324591056,2024,True,146,29
2024-08-12,0.043652993783691502,0.95188138586232085,0.12705511496153413,1.2504724981794502,-0.011581965518594122,2024,True,147,29
2024-08-13,0.076983843651850514,0.93154691427766245,0.10050525056046281,1.2042045716813281,-0.02472909130157086,2024,True,148,29
2024-08-14,0.29582063802518005,0.9201918848401951,0.085758395464309078,1.1927661789845279,-0.0060350417065133839,2024,True,149,29
2024-08-15,0.17350931656345134,0.87125701869330052,0.092699541213926831,1.2757468628655777,0.010538742193908702,2024,True,150,30
2024-08-16,0.064678412804500013,0.97095304876648347,0.082538452205806037,1.2535729767623631,-0.0054124807237294001,2024,True,151,30
2024-08-19,0.11509530041874244,0.94433419407820041,0.17470379831556787,1.2184376693852419,-0.0049940323862970384,2024,True,152,30
2024-08-20,0.28845118217157079,0.90385489270715258,0.29330549951981194,1.1406870446841624,0.0051968217957395202,2024,True,153,30
2024-08-21,0.043111939433359683,0.94115845186647717,0.3602083830928185,1.1713376383207046,-0.0038929443017427811,2024,True,154,30
2024-08-22,0.16878365757059749,0.94206025075394473,0.51051655176699307,1.6133737763182654,-0.0088137435038863378,2024,True,155,31
2024-08-23,0.022983248488075543,0.92323265676226107,0.46068925325593918,1.2979912300439223,0.014491768359271547,2024,True,156,31
2024-08-26,0.11831010459228686,0.93517140142166688,0.43346060882792908,1.2904703008062204,-0.0082796677415374383,2024,True,157,31
2024-08-27,0.16111971903622685,0.95852284978770086,0.37234547988675692,1.3971545106635712,-0.013003562376234488,2024,True,158,31
2024-08-28,0.1275698573702268,0.90333265269994467,0.32094034893880075,1.4530475243373298,-0.013117163006040239,2024,True,159,31
2024-08-29,0.19069631411459098,0.89370168859122723,0.32156739735314138,1.2250667395864643,0.0031776107056043271,2024,True,160,32
2024-08-30,0.29511705198815114,0.81984061176836065,0.32663239441734127,1.0456874620207264,0.011728853381393688,2024,True,161,32
2024-09-02,0.68052774392163351,0.80654506910750945,0.35935510308158369,0.97437496514800404,0.033065585098441305,2024,True,162,32
2024-09-03,0.10512273146575445,0.91234054832141376,0.34537749260359807,0.95195458236016395,-0.013549629345008132,2024,True,163,32
2024-09-04,0.060954880058874172,0.97181228350669124,0.343228618257025,0.98571476036320549,-0.0026446851126190759,2024,True,164,32
2024-09-05,0.028083751928620476,0.9455919987135033,0.32554650319733347,1.0836564819783925,0.0079215843412082758,2024,True,165,33
2024-09-06,0.32994087099611846,0.89099481069907849,0.43754752872121211,1.3094227969276442,0.0031571939588510463,2024,True,166,33
2024-09-09,0.24095309192697445,0.91340476807562732,0.44027835083386413,1.4286869114778731,0.0019252356457456058,2024,True,167,33
2024-09-10,0.094982975437004291,0.92396117450576787,0.39571963990730363,1.3093688575598088,-0.014994975871759244,2024,True,168,33
2024-09-11,0.15602391629442763,0.91183044836209282,0.4052039655349956,1.3268704023182816,0.0036132615004900366,2024,True,169,33
2024-09-12,0.16788645792658896,0.93621700825669485,0.37659136381652736,1.2868216849385181,0.0020000773739400723,2024,True,170,34
2024-09-13,0.27789188597362502,0.92997989330136399,0.3642996823013307,1.3814367088201984,0.005477009093960334,2024,True,171,34
2024-09-18,0.10393189019770609,0.90411952687324648,0.31910287493719386,1.2836274163009163,0.0097385350911470651,2024,True,172,34
2024-09-19,0.085103195662739897,0.8638506516689094,0.27272922431168173,1.2377200585779646,-0.019150028441271349,2024,True,173,34
2024-09-20,0.081759288837126326,0.77367820207287408,0.2641610769480312,1.0927209045455168,0.016120904871820954,2024,True,174,34
2024-09-23,0.17167102529746495,0.85232861218115874,0.29960866585718432,1.0869807564015894,0.002750589397785606,2024,True,175,35
2024-09-24,0.38318263803758668,0.79519276806544792,0.41121018012908961,0.79570985775606473,0.0047793968419556016,2024,True,176,35
2024-09-25,0.0064175158066315258,0.84759244362053132,0.49064094323782076,0.83256414232789555,0.033239564263057436,2024,True,177,35
2024-09-26,0.42926673862427811,0.7396346781050871,0.95697924449317073,0.77140247957831987,0.023696131110263925,2024,True,178,35
2024-09-27,0.62565925874998218,0.68282064826736022,1.0169734196179763,0.58098944659884,0.062980782444996761,2024,True,179,35
2024-09-30,0.44514308435000877,0.89263156645730091,0.7943375057559724,0.69672645502777097,-0.019455733515677129,2024,True,180,36
2024-10-08,0.45632824405294892,0.93239796785282802,0.61680495568796234,0.89187808812304714,0.1634178410936856,2024,True,181,36
2024-10-09,0.04806968149199442,0.89441309658899082,0.55771722412678504,0.8883077480531103,0.04653767080037096,2024,True,182,36
2024-10-10,0.16276088501195113,0.85202680648334683,0.52478225615771246,0.97329655453137021,0.049596896370710165,2024,True,183,36
2024-10-11,0.30497279338261968,0.85632391040292111,0.46476370345342594,1.0398793003526166,0.036109521904444393,2024,True,184,36
2024-10-14,0.16407109204729547,0.85744244267135494,0.32705853739541563,1.0006223432461494,0.032045301491140661,2024,True,185,37
2024-10-15,0.17120479723889925,0.91745844496939832,0.25383891572345751,0.86744856954243821,0.021527963504727233,2024,True,186,37
2024-10-16,0.19913442283776139,0.91486974611233074,0.32833338104447557,1.0119316850246232,0.018270522249315052,2024,True,187,37
2024-10-17,0.029568632471599923,0.90919977534636165,0.34648313191455554,1.059048892800678,0.0090839038772826224,2024,True,188,37
2024-10-18,0.39868218032873792,0.8609149708622762,0.44691362707035531,0.86331178670239839,0.09190365247786797,2024,True,189,37
2024-10-21,0.076460570487589474,0.9206619481431878,0.47127659123698412,1.0074016617701933,0.050511096600888324,2024,True,190,38
2024-10-22,0.084553873670624127,0.86800336440000281,0.44979976260766752,1.0084405377453058,-0.0094922187635410049,2024,True,191,38
2024-10-23,0.052819406979704442,0.89825716904975594,0.4532320648782957,1.0117293578984417,-0.0036671165206373728,2024,True,192,38
2024-10-24,0.026107779652000885,0.92743305351743788,0.43621274867572124,0.9857459241798523,-0.007336495909743509,2024,True,193,38
2024-10-25,0.12615810352582302,0.93635751226004904,0.26091505176096708,1.2297663686830773,-0.0092276066275926456,2024,True,194,38
2024-10-28,0.09677910474630165,0.92033177076403028,0.069809545596222086,1.2748352416755964,-0.0070795063088639094,2024,True,195,39
2024-10-29,0.1151215511245221,0.90733196883863176,0.16118558592283486,1.2018644540871226,0.012362893147909801,2024,True,196,39
2024-10-30,0.14561859580646308,0.91299130758842262,0.23566714024043733,1.1823965211156438,0.00910439601127273,2024,True,197,39
2024-10-31,0.080768654378100102,0.8950459849746466,0.21127575126573347,1.0941376851878377,-0.030295316703183334,2024,True,198,39
2024-11-01,0.25203048353360397,0.96358411395353583,0.22440583364968936,1.2358094696379518,0.019574076162369804,2024,True,199,39
2024-11-04,0.19876648127553412,0.87433310104509954,0.31042742836497716,1.0279997437903987,-0.0033071055073701193,2024,True,200,40
2024-11-05,0.39504999681821007,0.87305738538413025,0.41819315229202703,1.0230306640933127,0.035256809769609758,2024,True,201,40
2024-11-06,0.010342549253237273,0.92712863391405032,0.38553457821598613,1.0681910530048195,-0.014598078165686647,2024,True,202,40
2024-11-07,0.26058138159857375,0.86973102667327407,0.50102260402063559,1.1446904074272133,0.016997873520521883,2024,True,203,40
2024-11-08,0.005075274871318306,0.90874818944904145,0.48049463884328236,0.88405695574780696,0.035673712454481456,2024,True,204,40
2024-11-11,0.26755314866012186,0.91006619852588289,0.39806116693000598,1.0665483587257825,-0.047290924512253092,2024,True,205,41
2024-11-12,0.19393079366510241,0.92996308943883599,0.34300759460526253,1.1151705228673399,-0.0029663036063322813,2024,True,206,41
2024-11-13,0.092677318639235409,0.8896272805215687,0.33743859335953125,1.1034660404373691,-0.02768249771542463,2024,True,207,41
2024-11-14,0.3832187939909133,0.91489703711200598,0.33153084089501367,1.129351435420642,-0.0013883309146332148,2024,True,208,41
2024-11-15,0.35291721408484583,0.82484253987829292,0.39481854886266732,1.4709458380281557,-0.0018509621837015332,2024,True,209,41
2024-11-18,0.158734888059268,0.84368389565403412,0.4388624728687589,1.0743116885624715,0.034497230344381499,2024,True,210,42
2024-11-19,0.22510655028135268,0.85884512954652081,0.4011154237733654,0.94908327196790276,-0.022130807919174673,2024,True,211,42
2024-11-20,0.053130060985560737,0.91560760654455886,0.41996450528450097,0.96370760595942229,-0.014532625089776085,2024,True,212,42
2024-11-21,0.084563756537181275,0.93676139338603848,0.36304503493335727,0.97260679525806792,0.0073612533068928149,2024,True,213,42
2024-11-22,0.42901535128813395,0.83758312301014104,0.35283675211113286,0.95633867570472508,0.040696448695453906,2024,True,214,42
2024-11-25,0.12317727116514608,0.86943119405828051,0.39334632844313755,1.004148434917431,0.027383329738253252,2024,True,215,43
2024-11-26,0.089924082067176864,0.94363253939145852,0.46955020922035062,1.1760526001035414,0.010586358910791807,2024,True,216,43
2024-11-27,0.27427878306320874,0.90260857688026197,0.47421224101535486,1.0042542540982338,0.004390624924420862,2024,True,217,43
2024-11-28,0.030386773079110481,0.92040185459100099,0.48781577827263084,1.0074462906625323,0.0039248537100643015,2024,True,218,43
2024-11-29,0.22099108494467928,0.86164698130284911,0.37581725699350732,0.88863070468877448,0.0089574026931130302,2024,True,219,43
2024-12-02,0.094963956639371433,0.93212906573948273,0.34162219354042439,0.99203086743361801,-0.014945804308046821,2024,True,220,44
2024-12-03,0.11444698754625898,0.92683201919400771,0.32925282078596357,0.97137836054457416,-0.0035092776838171287,2024,True,221,44
2024-12-04,0.074030230998080038,0.96243892254213093,0.27852672551475194,1.1422010618088709,-0.0032323238399988995,2024,True,222,44
2024-12-05,0.048035706440615639,0.96353419374157057,0.22713198643541541,1.1427228592930951,-0.015581836469345299,2024,True,223,44
2024-12-06,0.16571778654628316,0.87499735633683806,0.14281696507429348,1.4037338372814594,-0.0068549611195480318,2024,True,224,44
2024-12-09,0.19261827717602945,0.8392230201753198,0.13046509284452346,1.0896648799274167,0.017574451585840239,2024,True,225,45
2024-12-10,0.073868499070477753,0.95708085709673008,0.13704858852568805,1.1259354662652494,0.033131325637998116,2024,True,226,45
2024-12-11,0.068608504013286914,0.96078938447402396,0.1643742520506431,1.0489215433537236,-0.0025320744398170739,2024,True,227,45
2024-12-12,0.055203679729090759,0.94508101067533945,0.19120767311122527,0.99999649648987321,0.0053803694305201285,2024,True,228,45
2024-12-13,0.33096183471260016,0.85101652149734253,0.2676261624739153,1.0420721245604987,-0.00433142266691276,2024,True,229,45
2024-12-16,0.29090256747275717,0.94468493739133452,0.3475480773754151,1.2437020961127649,0.016991974199988664,2024,True,230,46
2024-12-17,0.11088453136385237,0.9439833208302294,0.45123521905226049,1.2559581307830576,-0.011360819791605026,2024,True,231,46
2024-12-18,0.2517410118882788,0.92378956154518999,0.45732758094137227,1.190925829536899,0.0035978886244207812,2024,True,232,46
2024-12-19,0.15108293325682781,0.92770393855176947,0.50229860537223681,1.1983654487748416,0.013022078972720827,2024,True,233,46
2024-12-20,0.21050615479958518,0.89485704589801141,0.45176411448169762,1.2059603038028439,0.022958468075439144,2024,True,234,46
2024-12-23,0.13315287431953426,0.9283486220038224,0.35633118416508419,1.2047578656519209,-0.0030946171111762388,2024,True,235,47
2024-12-24,0.173160436006877,0.91144450455120041,0.34681747338272584,1.2613866314735844,-0.005241569186315108,2024,True,236,47
2024-12-25,0.044512240862566707,0.92399583355003534,0.32706855093702292,1.2337710794596788,0.0049416572670847037,2024,True,237,47
2024-12-26,0.16072611854341778,0.90542403280164452,0.26331508259256259,1.2641402936403636,-0.009145540004169575,2024,True,238,47
2024-12-27,0.10181030090306112,0.84943786610435479,0.23074066439328647,1.1500391735691442,0.003482859241804602,2024,True,239,47
2024-12-30,0.014321262253429907,0.90231422249891524,0.32795358863513074,1.0737560994397386,-0.018964074937330558,2024,True,240,48
2024-12-31,0.37783139421784456,0.87272073219248381,0.53413729957330103,1.0387527733416027,0.0014608151371112987,2024,True,241,48
2025-01-02,0.40331435248166558,0.88187471216554714,0.65940111350434627,1.0092628598278615,0.018657839808498212,2025,True,0,0
2025-01-03,0.16890018944018353,0.90811560085274678,0.66996851805171498,1.0178203904239518,-0.017188923482259789,2025,True,1,0
2025-01-06,0.050633999229363666,0.92361985587631823,0.66131791496292669,1.1743108294660918,-0.025453116901132215,2025,True,2,0
2025-01-07,0.41539610771996355,0.84849434931529055,0.64675538262182963,1.0758420974908984,0.021743925269874134,2025,True,3,0
2025-01-08,0.003352155623704152,0.79634761380494845,0.40583417952161438,0.82771777744282971,0.020498008900025858,2025,True,4,0
2025-01-09,0.058007797735756608,0.93856438860969527,0.25994058029674877,0.88709493559494412,-0.028027463892613163,2025,True,5,1
2025-01-10,0.099199880313572547,0.89747097309741197,0.18919552796307049,0.90289497993670986,-0.0062651657110782792,2025,True,6,1
2025-01-13,0.00029878660969806254,0.94164693925794796,0.18795565495746916,0.90769221285007629,-0.00028022842632147832,2025,True,7,1
2025-01-14,0.34583695775082429,0.86861221439432001,0.2285900448851427,0.97726489572987774,0.021852607877906414,2025,True,8,1
2025-01-15,0.057168033804633832,0.91565919124149353,0.26112605911019643,1.3315513803313948,0.010514234716941538,2025,True,9,1
2025-01-16,0.18190283049801018,0.92822599648288739,0.25593236873583847,1.2856821495379842,-0.019630431775862496,2025,True,10,2
2025-01-17,0.11847552666282295,0.80206684448173238,0.23598800533657188,1.1281065245814188,8.9131907911072818e-05,2025,True,11,2
2025-01-20,0.024479951500026322,0.93683882233270599,0.23795942137376791,1.1503702950393773,-0.0040615606421516961,2025,True,12,2
2025-01-21,0.11912111692363421,0.9543358369507714,0.16272241989319519,1.16162581726581,-0.023617024685275101,2025,True,13,2
2025-01-22,0.019948781740380415,0.85608125895487774,0.15739608064992711,1.1054650433104249,-0.021046214998012343,2025,True,14,2
2025-01-23,0.10539349725987916,0.88533868965457274,0.11603892416052071,0.9950206724733085,0.02059590374149552,2025,True,15,3
2025-01-24,0.14668749905900011,0.95504312372654054,0.12061243330314027,1.2294204061235725,0.00080577219689302593,2025,True,16,3
2025-01-27,0.33311593598514755,0.87352534758325484,0.16449510067063891,0.99485233379027116,-0.0024645112805912915,2025,True,17,3
2025-02-05,0.32445876955044206,0.88965954196428443,0.27190650171976288,0.99298805325271911,-0.022733896193481821,2025,True,18,3
2025-02-06,0.41234186960658398,0.85720306345829822,0.40196669150134834,0.97626611913125549,0.020416319464769309,2025,True,19,3
2025-02-07,0.06913995042108681,0.8539594583316199,0.41749276353654613,0.85338047477829326,0.030996916668809538,2025,True,20,4
2025-02-10,0.22032330032413036,0.9357190691946693,0.41046784409839365,0.87402792399345797,0.019188205839846886,2025,True,21,4
2025-02-11,0.14153731271387718,0.87019856805020013,0.38299309404860743,0.94868326469267661,-0.0078558456072248522,2025,True,22,4
2025-02-12,0.18645541990642181,0.94511323702541317,0.3652154275713555,0.92079592561900869,-0.0037173379477909623,2025,True,23,4
2025-02-13,0.29269305528409573,0.86719800776327149,0.20990695429355233,0.93396982138193108,-0.0049798573887026194,2025,True,24,4
2025-02-14,0.069708259218511093,0.91605985095729803,0.14121662027016915,1.0479478844633847,0.0010158831427752874,2025,True,25,5
2025-02-17,0.15524280092972365,0.9326132336223325,0.1076131887660593,1.0824439724521147,-0.013937575755584828,2025,True,26,5
2025-02-18,0.32779583014338354,0.89736633403689692,0.11293831308677853,1.0139181767537264,-0.0036076495944318693,2025,True,27,5
2025-02-19,0.3578689977603734,0.79941460197394598,0.17487203070855648,0.97326955133605275,0.00076433567358144712,2025,True,28,5
2025-02-20,0.024414946551015195,0.84530142272511399,0.35597664809807189,0.92845982948281647,-0.001587292027310669,2025,True,29,5
2025-02-21,0.46626584141996386,0.89965118916610054,0.58664278610630838,0.96099215082586831,0.041222783186373388,2025,True,30,6
2025-02-24,0.043872279779175793,0.90590875410617688,0.59879817123494639,0.98091186041276124,-0.026510704761905247,2025,True,31,6
2025-02-25,0.030174770185833293,0.88737693956844188,0.55048429354477502,0.96297352979351947,0.00035550781074981149,2025,True,32,6
2025-02-26,0.25047727906775247,0.91275304733040663,0.56142758429225115,1.0130983509746465,0.0079487421424788915,2025,True,33,6
2025-02-27,0.00099479763222192169,0.8549160889690175,0.43873640249176821,0.95307437641176829,0.023427417315184419,2025,True,34,6
2025-02-28,0.36273279026206534,0.89270515802820849,0.29292642017190973,1.0233729642226679,0.00021691173014071197,2025,True,35,7
2025-03-03,0.1356518135435896,0.9213483678235872,0.27993046544775629,0.99824523777484531,0.0076544349769706102,2025,True,36,7
2025-03-04,0.17828621480096982,0.91743470573479147,0.27645137982834955,1.0694566574081301,0.015347274720448539,2025,True,37,7
2025-03-05,0.03803237110370937,0.84548254928199296,0.31136414578804766,0.99296394044688241,-0.0047791663662498018,2025,True,38,7
2025-03-06,0.35798297136087787,0.90387771352228741,0.33356585977601588,1.1468913318629066,0.033473160193076189,2025,True,39,7
2025-03-07,0.17866362957093479,0.91525921941685318,0.31893194539862818,1.0607457367292352,-0.0093103531252022968,2025,True,40,8
2025-03-10,0.013719934804355944,0.88579934963786477,0.30917862068364216,0.9491650529660125,0.025298690997751692,2025,True,41,8
2025-03-11,0.080502429305297801,0.92293170764524579,0.31073315753131747,0.99588766439985599,-0.024579362226572719,2025,True,42,8
2025-03-12,0.07986276464262361,0.88962248735000804,0.26095724704311463,1.0837661889163024,0.0088507739161219276,2025,True,43,8
2025-03-13,0.28090602625416683,0.91540457081993087,0.27693706010629743,1.019885734202604,0.018512162209761426,2025,True,44,8
2025-03-14,0.27366511521913672,0.92149014891122438,0.26873657874986895,1.0463480641937917,0.010049090937236195,2025,True,45,9
2025-03-17,0.10371729737067475,0.88740733173489617,0.27436626324607966,1.1834236585613445,-0.0084054377467825715,2025,True,46,9
2025-03-18,0.10160631546616972,0.84987442109745914,0.27221174600160708,1.0591704399449846,0.016449764257507868,2025,True,47,9
2025-03-19,0.23142622020116937,0.88205123267331675,0.30006275781458747,1.0739600366394177,0.009897223953718377,2025,True,48,9
2025-03-20,0.22230787015933529,0.95226471935653567,0.39256564834327062,1.2214430108587528,0.0038806182325983613,2025,True,49,9
2025-03-21,0.36420379609377901,0.90126365158781507,0.53303730244041791,1.0640503836309516,0.018629571631800925,2025,True,50,10
2025-03-24,0.081163437873485456,0.85471347240815898,0.49518270937659642,1.0035892004940257,-0.0026925129833535559,2025,True,51,10
2025-03-25,0.22190319206723261,0.89642756813133384,0.51978109948451279,1.0175399436071451,0.00038469649199122848,2025,True,52,10
2025-03-26,0.05194050138046509,0.88165592637672863,0.48413816769977114,1.0794057895264559,-0.012277326801938796,2025,True,53,10
2025-03-27,0.17389166301250561,0.89490595321839861,0.36091350363235242,0.98544022042063351,0.0012582728498106775,2025,True,54,10
2025-03-28,0.18105461048094976,0.93744547707378056,0.2420892979239011,1.061943607663995,0.0010148679460377985,2025,True,55,11
2025-03-31,0.092264735311860135,0.85142920815452916,0.22337991560972723,1.0773619048625529,-0.004579853830974763,2025,True,56,11
2025-04-01,0.023749090021370375,0.90974992483793249,0.24294037665934015,1.0946290039270423,0.010439987759036552,2025,True,57,11
2025-04-02,0.032164931502890036,0.93894253006755868,0.39034158869586627,1.1132607180090375,5.3539888415267314e-05,2025,True,58,11
2025-04-03,0.073596415056369602,0.73586535529570019,0.53690248173911592,0.54932535730724263,-0.022020768942544528,2025,True,59,11
2025-04-07,0.24946056255411425,0.88517770588224476,0.30259930511884719,0.55665678380949535,-0.039697523845895456,2025,True,60,12
2025-04-08,0.046212181048877962,0.86133391000273352,0.30016830214310619,0.74562995765879636,0.012388508981623381,2025,True,61,12
2025-04-09,0.25797524814376094,0.7697775575482666,0.29619187009872044,0.76754439644933392,-0.019984046316894072,2025,True,62,12
2025-04-10,0.15183829199886856,0.77649584831463359,0.29205357941698412,0.8060915338296829,0.031585118697889769,2025,True,63,12
2025-04-11,0.22889859047549105,0.90184971429838012,0.25565077412896242,0.90737753548592193,0.0010059812756605209,2025,True,64,12
2025-04-14,0.036376165497993523,0.90558973445834534,0.28039580998901165,1.0309238827439584,-0.0051123554623776317,2025,True,65,13
2025-04-15,0.13837711678724826,0.88562458740298078,0.28051580630694745,0.85427745488456197,0.011139604525381784,2025,True,66,13
2025-04-16,0.10656778072060594,0.91779780328568916,0.28029959640948193,1.0039423371199601,-0.017954188766572982,2025,True,67,13
2025-04-17,0.032191273682135688,0.9130841599810785,0.24742388155681663,1.0175102334412456,0.0094493383844444015,2025,True,68,13
2025-04-18,0.07744773999367012,0.9420387978438316,0.18421950121479538,1.2522002162966996,0.0031628605144087469,2025,True,69,13
2025-04-21,0.21015499167860599,0.90859610686948578,0.19148006467561385,1.190229287774871,0.0027002960705935506,2025,True,70,14
2025-04-22,0.053799005104766276,0.93123593289739603,0.20968108779903974,1.1980210949933832,-0.0042993310283709367,2025,True,71,14
2025-04-23,0.099341346376514386,0.89482978983002315,0.22369542871340953,1.1912442618362784,0.009067293119856254,2025,True,72,14
2025-04-24,0.21724226007584735,0.92594229492694258,0.2578926207807028,1.2361335424190667,0.0055519317682437321,2025,True,73,14
2025-04-25,0.0047435032949703871,0.95344140443608549,0.25464260668452937,1.2607381094943506,-0.002939064263460754,2025,True,74,14
2025-04-28,0.029749325018205194,0.88562404614534673,0.2290146516338154,1.1798085827020641,0.0031573602525722688,2025,True,75,15
2025-04-29,0.0093268629611094871,0.92276943780819487,0.27888271459810327,1.2305692109830695,-0.0012854449799156028,2025,True,76,15
2025-04-30,0.30487446889052011,0.85168911291289651,0.36127673433780721,1.2511494346981371,0.004778088561060663,2025,True,77,15
2025-05-06,0.50213326440599959,0.75065372744427084,0.37714528242822148,1.1570236720012768,0.010724336618951384,2025,True,78,15
2025-05-07,0.055763906733886058,0.9458931924916204,0.34327285850723305,1.1587597279199107,-0.012080424870541347,2025,True,79,15
2025-05-08,0.072004543158185857,0.94658834515869106,0.37366974805692982,1.1669408223706905,-0.0082538571137886589,2025,True,80,16
2025-05-09,0.45034801084849968,0.89797456265466957,0.37238143972977733,1.1772288995737348,-0.0074030436324989861,2025,True,81,16
2025-05-12,0.096258425428759647,0.89263630678832839,0.29011106632616451,1.1901880532724205,-0.0053730629638037604,2025,True,82,16
2025-05-13,0.02660263932247954,0.87747345418110922,0.22687198960829996,1.1916187720554376,0.0041280427156438386,2025,True,83,16
2025-05-14,0.065231926095321899,0.92945154428261811,0.24723717154856373,1.0726306017272766,-0.011542471140594156,2025,True,84,16
2025-05-15,0.30012506783683413,0.92544182240887229,0.27169793389871216,1.1497733621813391,0.008522038434690472,2025,True,85,17
2025-05-16,0.1737622021801761,0.90018544501876629,0.26328811560008336,1.1000319657187327,-0.0048794250444359286,2025,True,86,17
2025-05-19,0.0081711253628462006,0.88597337228175688,0.2708978665540227,1.0742513584908933,0.0038423592812689292,2025,True,87,17
2025-05-20,0.083091940799519773,0.94354124381943971,0.30403692248585973,1.1715424732852286,-0.00088425121760531285,2025,True,88,17
2025-05-21,0.070744333871815474,0.95230503965981705,0.33048077452586083,1.3777861395338227,0.001195974585467744,2025,True,89,17
2025-05-22,0.17802601057037098,0.91984409143681101,0.26911442430831639,1.2360418561975577,0.001265039370216524,2025,True,90,18
2025-05-23,0.19276827983499811,0.85555240254786447,0.28413358726593096,0.97396071133897,0.01094929411636862,2025,True,91,18
2025-05-26,0.033697528382236226,0.8864730302305277,0.3871433246619515,1.0123216655559542,-0.0034954759342338756,2025,True,92,18
2025-05-27,0.36144370647905183,0.95103752164160871,0.43179165698151789,0.97548517713217553,0.0035677178179281243,2025,True,93,18
2025-05-28,0.10436830233133725,0.90238938173814121,0.42164869840929314,0.86596403678427125,-0.0082300373583558822,2025,True,94,18
2025-05-29,0.36145221021930879,0.85197185004628651,0.3654319270616595,0.79038901140734175,0.01239802874404718,2025,True,95,19
2025-05-30,0.24330821983724324,0.90399600465293661,0.28883491154801388,0.94731083669322202,-0.017503495385631361,2025,True,96,19
2025-06-03,0.12029004009112414,0.88688478621286304,0.22556639674741893,0.92763394706080138,-0.0071387740423829752,2025,True,97,19
2025-06-04,0.17472161520523688,0.91652019172185395,0.20916265917101748,0.92651147426676972,-0.0019105172759926797,2025,True,98,19
2025-06-05,0.39604961663513744,0.84686160481234862,0.23504456223378875,0.91776974796471222,0.0045318394913604646,2025,True,99,19
2025-06-06,0.15203618544725667,0.91143394668836863,0.23181436392070012,1.0055256833881532,-0.0042825658536302822,2025,True,100,20
2025-06-09,0.15139869727908084,0.8861335364479298,0.26407867424633991,0.94308477746556296,0.0078056177920001754,2025,True,101,20
2025-06-10,0.38165560591743519,0.85606382514063861,0.31026985894584286,0.83788898271996237,-0.0080355445557926571,2025,True,102,20
2025-06-11,0.04776106662935891,0.87768694085978005,0.31435844247912226,0.87990504044689477,0.0042386735135068994,2025,True,103,20
2025-06-12,0.11422306706966349,0.95654800210053503,0.34232253029006304,1.0295032052038451,-8.8229326264447911e-05,2025,True,104,20
2025-06-13,0.13763349804468478,0.92890014434635992,0.36733572523103558,1.0174120081395597,0.006901490519775632,2025,True,105,21
2025-06-16,0.031994590195809094,0.88658922908276994,0.3963128201278352,1.0599553238540957,-0.0052316924285454878,2025,True,106,21
2025-06-17,0.28348832578082456,0.89099517921081628,0.39513448466756951,1.20739949590483,-0.0043866004722672757,2025,True,107,21
2025-06-18,0.1431780591421726,0.90216660102133384,0.35256420619541035,1.1308619968570941,0.0035346646175064512,2025,True,108,21
2025-06-19,0.13793710783406213,0.87242501277293949,0.27784584843360755,1.0019958188203364,0.011753351442326624,2025,True,109,21
2025-06-20,0.17408731184733744,0.95438384656111397,0.23927301788200875,1.0781357849019961,-0.0058670981275117011,2025,True,110,22
2025-06-23,0.12228094885504256,0.89250430025206262,0.29210152983143522,1.0321982010830144,-0.0060415087599589058,2025,True,111,22
2025-06-24,0.3561088452968354,0.8938226419953138,0.39960249862037972,1.0577484097031045,0.0092032943197895723,2025,True,112,22
2025-06-25,0.33861053012081893,0.79948417494887891,0.45278869163012742,0.9683776865170507,0.020448342390258216,2025,True,113,22
2025-06-26,0.098675856649073024,0.86243491759342572,0.429108415243032,1.0018884360190192,-0.010948081167776524,2025,True,114,22
2025-06-27,0.051947374232479179,0.87583671738544,0.41251133728287043,0.89750772538982104,0.00029685735900846026,2025,True,115,23
2025-06-30,0.37597862194543119,0.86291296503293102,0.36690471876388042,0.94231925655489013,-0.0085319906492092815,2025,True,116,23
2025-07-01,0.27073401332607233,0.83011798473592036,0.30832014615537562,0.90357788678126294,-0.021521674126349064,2025,True,117,23
2025-07-02,0.32606839058078069,0.92114869345128769,0.25114229895789181,0.99157658130330317,0.012349519506808078,2025,True,118,23
2025-07-03,0.059807623748240821,0.96150100244686565,0.25568873763287525,1.0262928246429559,-0.014721343079565085,2025,True,119,23
2025-07-04,0.00081791373771010218,0.76957169715024398,0.21537615000247964,0.90022492038486157,0.016014605858603211,2025,True,120,24
2025-07-07,0.27627900180837095,0.89183778614563414,0.23667282063680944,0.90389432667293701,0.0035459147135909271,2025,True,121,24
2025-07-08,0.38478261194590591,0.89581141907820283,0.22191618224700055,0.89317291602644766,0.0036299812195701741,2025,True,122,24
2025-07-09,0.27662723864454153,0.91923158061729571,0.15208815805470433,0.8700033526879557,0.0018352028412276212,2025,True,123,24
2025-07-10,0.083882829876340562,0.93114201918437633,0.16344132477945819,0.83534311637122649,-0.0020375001476929284,2025,True,124,24
2025-07-11,0.27415999191766971,0.90627061560756661,0.25569049910675856,1.1909399952127586,-0.023429397274532665,2025,True,125,25
2025-07-14,0.076124720480134619,0.94290416624091622,0.25473257121453524,1.3187823473183669,-0.0086183971128205687,2025,True,126,25
2025-07-15,0.064362495803101646,0.90400143138102285,0.23863227542731061,1.2404754491285257,-0.011725733361382402,2025,True,127,25
2025-07-16,0.02368095484115678,0.84466963203836642,0.23328399593054608,1.1262836041123967,0.010273868803928226,2025,True,128,25
2025-07-17,0.23442923117970729,0.91650103640181424,0.27041558546541949,1.1342463452760221,-0.00017508041466866717,2025,True,129,25
2025-07-18,0.067292711205378289,0.91634018816972462,0.28171763841447506,1.1468139671237805,-0.0011217033157698529,2025,True,130,26
2025-07-21,0.020827163865360543,0.93117675151255541,0.3354159900790305,1.0184618547711755,-1.9464394519498859e-05,2025,True,131,26
2025-07-22,0.19498983453068525,0.8851193587288263,0.41203497397599076,1.0246217463596616,0.0044063687836401622,2025,True,132,26
2025-07-23,0.10386463694760804,0.89528254092382209,0.45261952564822777,1.0164141334951471,0.011967227466304053,2025,True,133,26
2025-07-24,0.31017246895339312,0.92151057072019726,0.50375777566453017,1.0708014410831526,2.7366068471380538e-05,2025,True,134,26
2025-07-25,0.35526139319034916,0.90257020489757112,0.56666064837501606,0.8454273354583054,0.020783885348746242,2025,True,135,27
2025-07-28,0.021176407178822972,0.8909555928380094,0.58025548111452441,0.99830752533480538,-0.017145501279551337,2025,True,136,27
2025-07-29,0.2903051441606333,0.92635296106484177,0.56644233159430646,1.0607305624284371,-0.0030818180751963796,2025,True,137,27
2025-07-30,0.15871192413803453,0.89857712726210948,0.49612435930014853,1.0921749677267452,-0.01514347379499356,2025,True,138,27
2025-07-31,0.11879287645238955,0.88906434722499961,0.40942967959317511,1.048075527553062,-0.01062879422589574,2025,True,139,27
2025-08-01,0.17426316648454604,0.89331782882092836,0.35062490307270244,1.202057372186377,0.0024495494094432381,2025,True,140,28
2025-08-04,0.20234599987506494,0.96958370155824503,0.2847814475268321,1.2058221866812502,0.0029510482411779899,2025,True,141,28
2025-08-05,0.099504689510188885,0.97595532049130784,0.27528515540806087,1.2270953749775184,0.00098581867152030276,2025,True,142,28
2025-08-06,0.14984154314156423,0.94507447548747847,0.31218618479938115,1.2854402265279614,-0.012187068513563725,2025,True,143,28
2025-08-07,0.029745060964043293,0.81619884889479277,0.27291631636395475,1.2306248509128781,-0.0039828220031864351,2025,True,144,28
2025-08-08,0.29095297830568545,0.88529178516218721,0.1952588296497392,1.2105673188763522,0.0092688202627562565,2025,True,145,29
2025-08-11,0.15758196691783743,0.90151529022359844,0.23193404544433374,1.1054399654384781,-0.0070160087608650131,2025,True,146,29
2025-08-12,0.30470369454560142,0.84455307174028482,0.34657927372193931,0.91787910554577734,0.014771853035747056,2025,True,147,29
2025-08-13,0.12490354933168228,0.8355006240181152,0.42144203089578369,0.83542441002658618,-0.015856238336497058,2025,True,148,29
2025-08-14,0.068706051838793331,0.7986190510264326,0.34863827374425105,0.7852632798818906,-0.0015237736157425465,2025,True,149,29
2025-08-15,0.20790868986487013,0.89036929992223279,0.41635801789284266,0.7955779921232724,-0.0097679249817597975,2025,True,150,30
2025-08-18,0.2439573316237551,0.90021285277810459,0.43044985695914356,0.81621919003133581,0.028593970303544994,2025,True,151,30
2025-08-19,0.15559680689051889,0.92411264064598064,0.40681533120377655,0.93554887626246686,-0.0050082609729734896,2025,True,152,30
2025-08-20,0.34230672914697546,0.836375980658709,0.45979816806255691,0.94482431989194526,0.019578562054005957,2025,True,153,30
2025-08-21,0.014719613210480275,0.84325880873801162,0.66716166787061038,0.78052565667498142,0.021589810434754528,2025,True,154,30
2025-08-22,0.53295225647005307,0.83608626684918774,0.6387248247401961,0.82897179955817724,0.032216441881933768,2025,True,155,31
2025-08-25,0.14078139537406339,0.96917758161636713,0.5859791049899965,0.97813664041877235,0.025393779176734705,2025,True,156,31
2025-08-26,0.11094644874810425,0.94461077111890179,0.57978563300583541,1.055211976708059,-0.02997625175066735,2025,True,157,31
2025-08-27,0.025328920462550981,0.90410271985937274,0.5228412710722643,1.0491396919981664,-0.018878774825223266,2025,True,158,31
2025-08-28,0.32801649960029994,0.91659427579988018,0.4390320600257076,1.2001712311373336,0.0025638472253853299,2025,True,159,31
2025-08-29,0.091757557403681994,0.93462683157109594,0.30317535269682405,1.2796392513436241,-0.030913471737135184,2025,True,160,32
2025-09-01,0.08312035275816905,0.93023321285108251,0.24878116985075369,1.2712385966737905,-0.0025287878842974497,2025,True,161,32
2025-09-02,0.1825715659605531,0.89340643657747709,0.24390107159400148,1.2088569545524623,-0.0085475866027781549,2025,True,162,32
2025-09-03,0.15589453427856056,0.90018920016546489,0.32223084685135728,1.292643833344987,-0.018063862111822402,2025,True,163,32
2025-09-04,0.35556172898098104,0.89446671062398253,0.41223642372866487,1.2849022239711254,0.052310780537681886,2025,True,164,32
2025-09-05,0.34297659998569713,0.87301605646138258,0.45788314790358581,1.2075749500563242,0.030390471574628503,2025,True,165,33
2025-09-08,0.075958970017709293,0.91734743497668225,0.47407955159375631,1.1217387554520286,0.0015899902369945109,2025,True,166,33
2025-09-09,0.19373822429107049,0.96653431736757534,0.47936380769499715,1.1717069287920208,-0.013856687420567951,2025,True,167,33
2025-09-10,0.11047376447794102,0.87824106532319557,0.40616009511994938,1.2755375825746222,-0.01792158874449359,2025,True,168,33
2025-09-11,0.37359888552850268,0.89074330919054545,0.45325091628921516,1.1097158235008302,0.037316441396033725,2025,True,169,33
2025-09-12,0.07843830085190405,0.92596478036813068,0.46169685979848102,1.0707745542482849,0.0068429269007380372,2025,True,170,34
2025-09-15,0.022886816921887092,0.9217892087695998,0.47391704607173885,1.1401976324561864,-0.017833246519741608,2025,True,171,34
2025-09-16,0.093740104556117615,0.95493878590758485,0.47556253890506361,1.1295731733687255,-0.033793564032718514,2025,True,172,34
2025-09-17,0.088259724652688179,0.89509729973855301,0.44507437938318239,1.1177894313040253,-0.02165855814749058,2025,True,173,34
2025-09-18,0.039361199336509098,0.86965247333167006,0.26763685651292785,1.0370651795041501,0.055059274900866755,2025,True,174,34
2025-09-19,0.090848772518100557,0.95051086530447448,0.21085796790546421,1.1183354685413063,-0.02241332583950878,2025,True,175,35
2025-09-22,0.28731930639955572,0.85499413148569625,0.19371823921584244,1.0760406141303145,-0.025132308467984719,2025,True,176,35
2025-09-23,0.0140308396707483,0.82808952365197241,0.2206787761828336,0.93542651860751591,0.012993326096479269,2025,True,177,35
2025-09-24,0.30922771730004961,0.8913634512079931,0.30644751261634867,0.95777095099274023,0.027444437168812116,2025,True,178,35
2025-09-25,0.107064079761568,0.9669240343295854,0.37887018290357705,1.174037379708285,-0.014455853881632568,2025,True,179,35
2025-09-26,0.13198452312263415,0.92858743690745438,0.39920004095509953,1.0955102573619473,-0.0095807557677617672,2025,True,180,36
2025-09-29,0.094849999527656381,0.84125484591891697,0.42112947318485838,1.0696663225900591,0.027553234563329029,2025,True,181,36
2025-09-30,0.16458506937355305,0.90508985132874753,0.45184789990445107,1.112204617567313,0.019778705346611355,2025,True,182,36
2025-10-09,0.16650244681554721,0.87071471566142156,0.34734793787329932,0.94039961307870068,0.026010663758740109,2025,True,183,36
2025-10-10,0.45128874396868685,0.88501057844053388,0.36289317154228967,0.93156652386160088,0.060102371123425535,2025,True,184,36
2025-10-13,0.096557517358318357,0.93057902072100362,0.37059312259251542,0.94696689084517804,-0.030146984116391464,2025,True,185,37
2025-10-14,0.30629170892235896,0.92475482109344986,0.41253253201660872,0.96505546720886526,0.017307635270285251,2025,True,186,37
2025-10-15,0.11166725464335865,0.9312665359588993,0.38415813477805122,1.0479682329990871,-0.0013348830340485201,2025,True,187,37
2025-10-16,0.10686415558527719,0.89454670731822161,0.41775085744414348,1.1837956113842354,0.0069937439399978697,2025,True,188,37
2025-10-17,0.33432375859095903,0.81534224464519034,0.36129703892547133,1.0649497634337943,0.021433863139647291,2025,True,189,37
2025-10-20,0.02577745867713636,0.92072240158271956,0.33710794971239494,0.99484918642392728,0.008177949480716212,2025,True,190,38
2025-10-21,0.30783964901960109,0.90029422448087548,0.26543616322068014,1.0108931375040138,0.017824707045336251,2025,True,191,38
2025-10-22,0,0.84963015847854684,0.24062014370406018,0.91115564132893856,-0.041671474376314029,2025,True,192,38
2025-10-23,0.046324961581177701,0.81797889055959661,0.25673011486672054,0.9103856496049213,-0.0005790075216775798,2025,True,193,38
2025-10-24,0.45429326198651676,0.82482677492070444,0.35992285146425967,0.93943188824050217,0.017969193008688239,2025,True,194,38
2025-10-27,0.13874606447501212,0.95286991368730034,0.39678889197894757,1.0330519145247357,-0.00015315618720634265,2025,True,195,39
2025-10-28,0.11138473542074298,0.87632284134189098,0.3809880206153351,1.0256864170325348,-0.01374473275774254,2025,True,196,39
2025-10-29,0.12757378542189457,0.91623256127269637,0.41207595701118266,1.0879823664176782,-0.021419662352230563,2025,True,197,39
2025-10-30,0.17801405446860083,0.91269922634673151,0.42168248819348619,1.2494515427055266,-0.024298572752327195,2025,True,198,39
2025-10-31,0.26940771072452918,0.89881604246138092,0.42307453622424479,1.2490070583150013,0.016995656168232291,2025,True,199,39
2025-11-03,0.12573256856336207,0.86102600196445434,0.40295758581651031,1.1018321937127407,0.03097845785115759,2025,True,200,40
2025-11-04,0.12134100422718459,0.87797731585200922,0.41433571509382333,1.1046832068063495,0.0052718905467677765,2025,True,201,40
2025-11-05,0.018917172971253726,0.92939555884512493,0.42823796476259124,1.1055709513930809,-0.00044087211310162759,2025,True,202,40
2025-11-06,0.33920128677642397,0.93014568009557375,0.4102352035958341,1.1357771430732431,0.017704304108923711,2025,True,203,40
2025-11-07,0.15691306321000367,0.97290208830633607,0.31986390604366682,1.2207862452243186,-0.015546804487037776,2025,True,204,40
2025-11-10,0.059253711229504742,0.95689679487944812,0.31594759762027985,1.4123934332344412,0.017277742558719226,2025,True,205,41
2025-11-11,0.15691299387594268,0.94857299216839575,0.34200788307846869,1.4575486678118204,0.0051067895977443944,2025,True,206,41
2025-11-12,0.05296487086591127,0.94581033410031912,0.31346417775510027,1.5597628504296992,-0.0085524115877382845,2025,True,207,41
2025-11-13,0.19755522455058636,0.91387626003839595,0.27190741811574631,1.601163007367334,0.013284349133968644,2025,True,208,41
2025-11-14,0.37871652407251416,0.94793716863805566,0.28864366983574608,1.6357199744869209,-0.023647213791933422,2025,True,209,41
2025-11-17,0.078572223739273611,0.95021244245928504,0.30086690622798995,1.5766554630223095,-0.0039758855980173528,2025,True,210,42
2025-11-18,0.037574206260148846,0.92766949036747248,0.28057342966188009,1.5526688034477392,0.01524775129577524,2025,True,211,42
2025-11-19,0.14835167954623332,0.91975098623874818,0.37088197277630741,1.5221398567482893,-0.0082477898118698545,2025,True,212,42
2025-11-20,0.17251266461240289,0.88797372743246916,0.49416499831512983,1.3036193257583479,0.031016003781098426,2025,True,213,42
2025-11-21,0.28073162560524761,0.9189645218669612,0.47188452751260535,1.0663917925970747,0.027592949739817921,2025,True,214,42
2025-11-24,0.061726618287124509,0.85658941114474019,0.41543423581790667,1.033544645939475,0.00078093654299629103,2025,True,215,43
2025-11-25,0.084969586222186907,0.90788346448230273,0.40325727598811029,0.99502276776889342,-0.0061065683294391224,2025,True,216,43
2025-11-26,0.11930370736810209,0.87674466265998874,0.36037560322165196,0.97590503782641735,0.0013811608078861471,2025,True,217,43
2025-11-27,0.040068052360619506,0.79419479848541552,0.24142541694637851,0.97080139384595676,0.005518635356032941,2025,True,218,43
2025-11-28,0.16801667923195601,0.85625816851020309,0.16002216501578445,0.93825028910524366,-0.029227829674529856,2025,True,219,43
2025-12-01,0.10103695729861531,0.95851000998957858,0.15701567355317886,0.96859166437267352,-0.013260382057243232,2025,True,220,44
2025-12-02,0.25855105919292487,0.91392360343688572,0.15153963286483499,0.9831397006121112,-0.0018818533837154791,2025,True,221,44
2025-12-03,0.14204459423969956,0.93579331375395514,0.1148021430605848,1.0558900755003973,-0.012749589160889675,2025,True,222,44
2025-12-04,0.15848878619283882,0.90318595998268625,0.15493464824549605,1.1740236646070275,0.004473742723873614,2025,False,223,44
2025-12-05,0.010320381129469803,0.92967791233512653,0.24589567050065664,1.2459188233295062,-0.010456725617035208,2025,False,224,44
2025-12-08,0.25788943618418392,0.89636530429973615,0.28506267398726387,1.2233064092106147,0.025931706595060802,2025,False,225,45
2025-12-09,0.031607149457622767,0.88722120980959018,0.25566931817974931,1.1878412697177518,-0.02477828827377342,2025,False,226,45
2025-12-10,0.011074185914357352,0.89276228371894939,0.21902265483769931,1.0991021225856445,-0.011192778114701308,2025,False,227,45
2025-12-11,0.25212869931618787,0.90850356449378922,0.2200342815103728,1.1748120416447798,-0.001873260296064515,2025,False,228,45
2025-12-12,0.16313722580290857,0.93470553914033216,0.17518928689735289,1.0259138131386536,0.01685346244438091,2025,False,229,45
2025-12-15,0.30999050440846088,0.91381212635327236,0.23113701916328055,1.0595295550970985,0.0010235070612905396,2025,False,230,46
2025-12-16,0.22982830838112719,0.93729943171104757,0.27722553986198895,1.0991646359889164,-0.0028121521584980121,2025,False,231,46
2025-12-17,0.34387705574746391,0.79170260093901079,0.30513783445841924,1.0126266903733376,0.012124648629598278,2025,False,232,46
2025-12-18,0.21652216015698711,0.94958725611323835,0.30497256838975756,1.0405304858066833,-0.0076460891648895621,2025,False,233,46
2025-12-19,0.028507486481857951,0.90681048046566293,0.32844582594830563,1.1509499748685996,0.00066223396177045595,2025,False,234,46
2025-12-22,0.3538241172591991,0.91230957312614991,0.29177427138156664,1.1573214206898568,-0.013289952171861819,2025,False,235,47
2025-12-23,0.065398366473549768,0.89033077633713498,0.26508062110837433,1.101343425470465,0.0053517818513369106,2025,False,236,47
2025-12-24,0.18239099028885025,0.95238635757310652,0.31352024736490747,1.3306376202531831,-0.0034132660148154166,2025,False,237,47
2025-12-25,0.041629043861218566,0.92891987824662725,0.31442344521082971,1.2598542235966739,-0.0030853366453100035,2025,False,238,47
2025-12-26,0.03622883593111996,0.93275922960180346,0.28770420552711023,1.3636263174718573,-0.035502933011132665,2025,False,239,47
2025-12-29,0.0044863600946323011,0.91053029647694128,0.17928735374546828,1.1512589951981027,-0.017023295174090347,2025,False,240,48
2025-12-30,0.15058838504499142,0.90122745434639528,0.12537630381699202,1.1378285577000049,-0.021689062756543673,2025,False,241,48
2025-12-31,0.21269115377005007,0.87850117965651331,0.098415306171161634,1.1934165035665387,-0.0089083754177041764,2025,False,242,48
