trading_day,pnl_log,open,slow_conflict,chop,slow_log_pnl,work_log_pnl,residual_log_pnl,overnight_gap_log_pnl
2021-01-04,0.01679552442454456,1423.48,0.20833333333333334,0.0,0.006105898909600421,0.014233278330559956,-0.003543652815613807,0.0042478726048080975
2021-01-05,-0.006614234793296691,1425.65,0.375,0.5416666666666666,0.0023232567413908334,-0.0008412863383528146,-0.008096205196334721,-0.006306231882028602
2021-01-06,-0.014585021007220372,1413.86,0.7083333333333334,0.25,-0.001290042651686682,0.003859376655929732,-0.017154355011463306,0.0034393060033412843
2021-01-07,0.006405798658335355,1380.98,0.2916666666666667,0.0,0.0016184886600459358,0.022134245865220815,-0.017346935866931736,-8.480805116176048e-05
2021-01-08,-0.034845297109675044,1378.04,0.3958333333333333,0.5,0.0008270601576194497,-0.001342728749442898,-0.0343296285178501,0.00015194874291661473
2021-01-11,0.0187644170370488,1392.16,0.1875,0.0625,0.0013307279537582706,0.03052702367676552,-0.013093334593476225,0.004782776682583848
2021-01-12,-0.01457106757948681,1405.17,0.16666666666666666,0.5416666666666666,0.0006637308112900503,-0.00210285040922812,-0.013131947981549826,-0.0008560751279082344
2021-01-13,-0.015034033815699522,1409.06,0.6041666666666666,0.5625,3.0609569631009914e-05,0.006999647576947127,-0.02206429096227859,-0.004862838755403347
2021-01-14,0.02964368236183832,1446.17,0.2916666666666667,0.3125,0.00250442575593552,0.05568952445657461,-0.028550267850671017,-0.0009667811917914944
2021-01-15,-0.005537740589272932,1447.21,0.3958333333333333,0.0,0.00307754126714143,0.010898772723571249,-0.019514054579984712,-0.002477460870442977
2021-01-18,-0.011753838766788776,1480.43,0.3125,0.3541666666666667,0.004611211690956213,0.017076871515402218,-0.03344192197314657,-0.0026008176796468887
2021-01-19,0.012374817130044444,1444.96,0.9166666666666666,0.0,-0.004405420095168384,0.026125147347788365,-0.009344910122575142,-0.0028381626960645133
2021-01-20,0.00603803917275323,1480.49,0.3125,0.14583333333333334,0.002792980771809058,0.017177266436685525,-0.013932208035742223,-0.004698347641752998
2021-01-21,-0.004040657170741225,1482.75,0.4375,0.1875,0.0014242090393924434,0.00966001926907584,-0.015124885479209033,0.0028310490412815064
2021-01-22,0.020271838127568432,1485.02,0.4791666666666667,0.0,0.0007323372459578613,0.02642013973615349,-0.006880638854542078,-0.00024958430851376045
2021-01-25,0.0017122650823080765,1498.7,0.2708333333333333,0.0,0.0020696463723977564,0.014736444703003351,-0.015093825993093519,-0.0030794653806254105
2021-01-26,-0.015089554461755975,1478.02,0.8125,0.0,-0.0008105115088863028,0.00838025478896322,-0.022659297741834,0.00040045385304548147
2021-01-27,0.0027933535184808816,1458.3,0.0,0.0,-0.00031018801536865023,0.019107737531616084,-0.01600419599776668,0.002054096413368121
2021-01-28,0.012576445488693081,1419.81,0.125,0.020833333333333332,0.0045970093768288225,0.016675310954886308,-0.008695874843022831,0.011704510174330779
2021-01-29,-0.006179110900829122,1420.97,0.3333333333333333,0.041666666666666664,0.0036301437556685336,0.01195664226641346,-0.021765896922908673,-0.009583988622946769
2021-02-01,0.00020014881840758262,1422.51,0.5,0.5208333333333334,0.000594308813118602,0.016577985752525906,-0.01697214574723671,-0.0019569615627624474
2021-02-02,-0.007570810905100205,1436.07,0.7708333333333334,0.4166666666666667,-0.0008217713519894018,0.008004874537363059,-0.014753914090473469,-0.0012459569609777818
2021-02-03,0.003182517719022701,1412.0,0.375,0.0,0.0015507718468122308,0.014341907138413428,-0.012710161266203543,-0.0014335124198991895
2021-02-04,0.015225390260606299,1392.65,0.3333333333333333,0.0,0.004428834218039683,0.030492938517105612,-0.019696382474540086,0.005732101149922316
2021-02-05,0.022104562341126403,1372.69,0.3958333333333333,0.0,0.00243157909491553,0.021103115368789956,-0.001430132122579253,0.0014479147543230945
2021-02-08,-0.0005279364493888663,1382.2,0.4583333333333333,0.0,0.0009769689160780207,0.011084962308636113,-0.012589867674102334,-0.0021528533611010927
2021-02-09,0.014666159360719288,1432.6,0.5625,0.0,0.0005865362624699957,0.019024667654337732,-0.004945044556088372,-0.0047554707070958935
2021-02-10,-0.010995465415789631,1438.21,0.08333333333333333,0.0,0.0028027369718507805,0.006252507945461269,-0.020050710333101823,-0.002040351984810423
2021-02-18,-0.004827983210617258,1429.36,0.6041666666666666,0.375,0.0005167937689663712,0.015708397840651867,-0.021053174820237518,0.014356925081458943
2021-02-19,0.01972658739878353,1426.37,0.2916666666666667,0.0,0.0011435254913194706,0.025662239556693417,-0.007079177649227809,0.0025491637984842086
2021-02-22,0.01362491312467891,1389.7,0.0,0.0,0.002000956043170868,0.020367475635197058,-0.008743518553688864,0.002552922032669523
2021-02-23,-0.0018284922410954096,1389.73,0.5833333333333334,0.0,-0.0010088000223056476,0.017746336865909457,-0.018566029084699412,0.013246377896072855
2021-02-24,-0.008262766309242815,1365.8,0.22916666666666666,0.0,0.004153090639721933,0.002902386460731786,-0.015318243409694884,-0.002291461898778497
2021-02-25,0.00023955561806788595,1350.92,0.25,0.0,0.004363605814436733,0.003332014526501309,-0.007456064722870387,0.005986555470281571
2021-02-26,-0.0004987640181342574,1327.96,0.375,0.0,0.003533053019346241,0.009058000380280873,-0.013089817417760649,0.02234135476698515
2021-03-01,-0.0018686548093674266,1358.73,0.8125,0.1875,-0.002382254007439355,0.00933228587002391,-0.008818686671951265,-0.01080450790041688
2021-03-02,0.006888749493541537,1351.67,0.3333333333333333,0.0,0.001344420009184652,0.017290508817457514,-0.011746179333100265,0.010903859904396662
2021-03-03,-0.008127523104032851,1358.73,0.6875,0.3958333333333333,-0.000528254734042416,-0.0003276605896514184,-0.007271607780340028,-0.0015025631516269978
2021-03-04,-0.0012672589470074862,1324.29,0.16666666666666666,0.10416666666666667,0.004090354959836132,0.009374966151040054,-0.014732580057884373,-0.0008242324802088866
2021-03-05,-0.00488355004594151,1330.12,0.5833333333333334,0.3541666666666667,0.0002749628479133681,0.00937828064474261,-0.014536793538596743,0.01299795589011481
2021-03-08,0.04030932761238517,1277.57,0.0,0.0625,0.008411727782647357,0.0318534640125363,4.413581720126569e-05,-0.005384622625983093
2021-03-09,0.018116319561447006,1229.3,0.4166666666666667,0.0,0.003958538963451871,0.03617193854078306,-0.022014157942786494,0.00010977034486758959
2021-03-10,-0.029363188466089894,1232.38,0.375,0.4583333333333333,0.003938694619016553,-0.019383809591299594,-0.013918073493806832,-0.016959121981018902
2021-03-11,-0.027830252537327235,1266.15,0.7291666666666666,0.14583333333333334,-0.0026170478152310606,0.012197991487223059,-0.03741119620931796,-0.006758749008980704
2021-03-12,-0.019301117072437368,1259.79,0.5208333333333334,0.6875,0.00036033541252969425,0.0010125581506811032,-0.020674010635647444,0.0008991458720563721
2021-03-15,0.033672179013293384,1223.65,0.041666666666666664,0.041666666666666664,0.008798030130216322,0.0234303544323112,0.0014437944507657008,0.00527823165000763
2021-03-16,0.0031429324132547483,1219.97,0.6666666666666666,0.0625,-0.0026890611730771563,0.011244765369598009,-0.005412771783266268,0.0003350781948569822
2021-03-17,-0.00966145441621934,1236.35,0.6458333333333334,0.08333333333333333,-0.0005057057067486548,0.00922857757464246,-0.0183843262841126,-6.55517408320218e-05
2021-03-18,0.0013171348895940037,1241.68,0.4375,0.041666666666666664,0.0004090120375146167,0.00821341571634776,-0.007305292864266649,0.004051496603674523
2021-03-19,-0.016219690376658442,1230.37,0.2916666666666667,0.20833333333333334,0.0013409144368902726,-0.0021923490973937976,-0.015368255716156742,-0.012076071088829717
2021-03-22,0.007261835911873424,1242.28,0.1875,0.041666666666666664,0.0001906472828688277,0.012826538302130569,-0.005755349673125715,-0.0014792180723513682
2021-03-23,0.013951576125937672,1235.96,0.0,0.0,0.0009067619224953916,0.01613571819192869,-0.00309090398848641,0.0028925905622256033
2021-03-24,0.0021222586977802617,1221.96,0.08333333333333333,0.0,0.002336495426413898,0.003999835817302955,-0.004214072545937253,0.006377096594920676
2021-03-25,-0.009772904398462087,1220.57,0.4791666666666667,0.5208333333333334,0.0005827081975323944,0.0014725866753181605,-0.011828199271311457,-0.007082205851319055
2021-03-26,0.0066556557194465136,1256.54,0.3333333333333333,0.08333333333333333,0.002358550849544505,0.015297828492387505,-0.011000723622485858,-0.004033797684359876
2021-03-29,-0.011482606226355876,1250.75,0.5625,0.0625,0.00029619315295811854,0.008132759180817517,-0.019911558560131853,0.004470123960292067
2021-03-30,-0.003442379734559931,1248.74,0.6875,0.5833333333333334,-0.00011540671145918169,0.005753665827861715,-0.00908063885096072,-0.0003918354341331567
2021-03-31,0.0029742189537231337,1247.86,0.20833333333333334,0.08333333333333333,0.00035471574012960194,0.008664906811178708,-0.0060454035975873455,0.00014420188288540402
2021-04-01,0.007114612139543845,1267.4,0.25,0.0,0.0022214080735310227,0.013769197182464277,-0.008875993116451292,0.0021365734142354048
2021-04-02,0.018953338029204195,1300.48,0.3541666666666667,0.0,0.0031203878699120335,0.017544153729766587,-0.0017112035704724415,0.007299130244124303
2021-04-06,-0.012982100398848536,1296.97,0.375,0.6041666666666666,0.0019217908032879705,-0.0011984233485410056,-0.01370546785359536,0.0036244165363677285
2021-04-07,-0.00289041869533262,1299.37,0.3333333333333333,0.7083333333333334,0.0018403211458352386,0.009214115200197714,-0.013944855041366305,0.0001542353016815401
2021-04-08,-0.018172348996762785,1291.38,0.4583333333333333,0.6666666666666666,0.0007278518969346393,0.0013937319254570257,-0.020293932819152788,-0.003965412036107106
2021-04-09,0.007623126668486781,1271.93,0.4791666666666667,0.10416666666666667,0.0004975343136632282,0.012876223384822888,-0.005750631030000036,0.0012005407747496244
2021-04-12,0.006573048494183406,1242.73,0.08333333333333333,0.0,0.004948406670095412,0.014826814118480108,-0.013202172294393133,0.0019051673570785954
2021-04-13,-0.0001934981027123727,1240.91,0.4375,0.0,0.0015191831762457197,0.013546966422981366,-0.015259647701940271,0.0005952716303616908
2021-04-14,-0.01743842008903398,1254.21,0.5,0.4375,0.0005289477894792338,0.0006125121540547229,-0.0185798800325698,-0.0014811001484002783
2021-04-15,0.002471451978425082,1262.65,0.5208333333333334,0.2708333333333333,0.0012572207135333746,0.007621979725391026,-0.0064077484604991575,-0.003472960334262991
2021-04-16,-0.0104682111952531,1274.17,0.020833333333333332,0.0,0.0013122042102299003,0.0035254652055444757,-0.015305880611028028,0.0007828222325906831
2021-04-19,0.0030433481229237723,1299.43,0.22916666666666666,0.0,0.003911013041524969,0.01090549065491439,-0.011773155573515187,0.0012716955296952184
2021-04-20,-0.022634578990411883,1291.06,0.3958333333333333,0.4791666666666667,0.0017689408135463103,-0.0067273000905706815,-0.01767621971338862,-0.00262080917137363
2021-04-21,0.003249166324204508,1287.4,0.3541666666666667,0.14583333333333334,0.00042076545147032296,0.010942836050249871,-0.008114435177513063,0.004029805788090244
2021-04-22,-0.013376023758488446,1306.55,0.22916666666666666,0.10416666666666667,0.0022702948584327476,0.0018281327737245667,-0.01747445139064588,-0.0013356942935716313
2021-04-23,-0.001853711500238143,1311.28,0.375,0.041666666666666664,0.0016858946682094256,0.0052731289682724225,-0.008812735136718902,-0.0014491256029355297
2021-04-26,0.01112929917046782,1313.38,0.4166666666666667,0.0,0.001931999551305158,0.017091617149065153,-0.007894317529903744,0.0028013141858486508
2021-04-27,0.014612042843371875,1311.77,0.4166666666666667,0.0,0.0006807438316405456,0.0167594651526852,-0.0028281661409554903,0.003237395089008048
2021-04-28,-0.01393324217201722,1322.67,0.125,0.020833333333333332,0.002421176693119642,0.00692663331410924,-0.023281052179246184,0.005048557365111711
2021-04-29,0.010113770773774252,1325.39,0.375,0.125,0.001198393370230172,0.013800635944087647,-0.004885258540543641,-0.002532958146555182
2021-04-30,-0.0056121071098071944,1321.15,0.4375,0.20833333333333334,0.0008779393708919364,0.009508518449683687,-0.015998564930381265,-0.0038137659446391583
2021-05-06,-0.012265625295404002,1308.65,0.125,0.6458333333333334,0.00032860263156303526,0.007365805533886979,-0.019960033460854107,-0.0007792846863948222
2021-05-07,0.02556107070316796,1264.77,0.0,0.041666666666666664,0.005447637132122082,0.024432870892985445,-0.0043194373219400395,0.0011671416655667259
2021-05-10,0.009650271442891028,1253.28,0.2916666666666667,0.0,0.004838610855392361,0.011087581273027225,-0.006275920685529485,0.0011241382132033328
2021-05-11,0.007234961083606747,1257.99,0.5625,0.0,0.00033878921132757256,0.01209704257755903,-0.005200870705278832,0.008549865956134762
2021-05-12,-0.0032965597805631047,1271.14,0.4166666666666667,0.0,0.0018778567692060988,0.006776783885340393,-0.01195120043511036,0.002682215031054447
2021-05-13,0.0028901905271219892,1277.13,0.2708333333333333,0.0,0.0005903232264063973,0.005506131262830866,-0.0032062639621162348,-0.010313365008926212
2021-05-14,0.006062792964258409,1299.0,0.0,0.020833333333333332,0.0033081998926517975,0.010483451097966556,-0.007728858026359642,-0.001950303150062952
2021-05-17,0.026845802978272507,1329.18,0.375,0.0,0.003082177521259888,0.02536316249699526,-0.0015995370399830428,0.001951130200102695
2021-05-18,-0.007128322764368197,1321.42,0.875,0.0,-0.004094502124275673,0.009917935770552513,-0.012951756410643875,-0.001165680983618981
2021-05-19,0.0004122976859233274,1326.69,0.4791666666666667,0.0,0.0006027712372410066,0.00825916495483539,-0.008449638506153517,-0.0007266342019436118
2021-05-20,-0.02405147045661281,1330.44,0.4583333333333333,0.5416666666666666,0.0007070090883339042,-0.0007599820938859608,-0.02399849745106121,0.0030889046873552334
2021-05-21,-0.00796167190195896,1315.88,0.7083333333333334,0.25,-0.00021219147646640846,0.0035395807312938177,-0.011289061156787142,-0.003610586457234991
2021-05-24,0.010030493750222757,1330.09,0.041666666666666664,0.0,0.0010294805937717671,0.016936188873006963,-0.007935175716556261,0.00031939163769615384
2021-05-25,0.029213704367246723,1369.52,0.0,0.0,0.008298929520751994,0.021187110462012895,-0.0002723356155182044,-0.0008945519380243472
2021-05-26,-0.012749033475539419,1362.79,0.2916666666666667,0.3958333333333333,0.0032865553582426543,-0.002342842552565394,-0.01369274628121639,0.0012108393470331002
2021-05-27,0.0013695884357064955,1395.2,0.4166666666666667,0.125,0.002160881564196193,0.014168992553992232,-0.014960285682481644,0.0007994162487199471
2021-05-28,0.021029874530847786,1386.06,0.7083333333333334,0.0,-0.002306685251409382,0.02386413919710209,-0.0005275794148445617,-0.0016754980290864163
2021-05-31,0.0365863801022149,1437.71,0.0,0.0,0.011880472794496999,0.02370323737878617,0.0010026699289320956,0.00872778263740373
2021-06-01,0.006839295049383759,1459.68,0.3958333333333333,0.0,0.0039934242391666125,0.017445106853500286,-0.014599236043281717,-0.003715294951733861
2021-06-02,0.011033176449540919,1426.18,0.8541666666666666,0.0,-0.00425914541727776,0.02619161043482547,-0.010899288568007103,-0.0008212765836603209
2021-06-03,-0.004904498565524585,1413.45,0.6458333333333334,0.2916666666666667,0.00020168584938373701,0.014288176703926195,-0.019394361118834594,0.0007361576410836203
2021-06-04,-0.008937151581523296,1429.32,0.16666666666666666,0.6041666666666666,0.0010702338230927089,0.0200889730023198,-0.030096358406934483,0.005828067715256823
2021-06-07,-0.017258652822748553,1432.86,0.5625,0.7916666666666666,9.703746635638527e-05,-0.001153469619148667,-0.01620222066995646,-0.00858326604466123
2021-06-08,0.01367797050743054,1418.55,0.1875,0.2916666666666667,0.0007313159437638342,0.016495032358639222,-0.003548377794972697,0.007076107793499985
2021-06-09,0.00013783384998774397,1427.04,0.0,0.125,0.0007732401493583743,0.014404021387250047,-0.015039427686620643,0.000866383326657271
2021-06-10,0.00755860404689822,1449.82,0.14583333333333334,0.2916666666666667,0.0019441366124188508,0.016779634021456873,-0.011165166586977492,0.0003852633322496661
2021-06-11,0.0007691702247446164,1443.39,0.4375,0.7291666666666666,0.0009513132785149009,0.011236225827025714,-0.011418368880796073,0.002203857641320031
2021-06-15,-0.00870324866068147,1448.71,0.6666666666666666,0.625,-0.0004232791629553215,0.015968574375857664,-0.024248543873584293,-0.0040370125388256095
2021-06-16,0.029462514313646656,1406.65,0.2708333333333333,0.0625,0.004001110028568199,0.02494952956997909,0.000511874715099149,-0.003274566461186142
2021-06-17,0.021402392637099307,1472.52,0.4375,0.0,0.0025000256935817713,0.02695570161725727,-0.008053334673740066,-0.0018326992684400112
2021-06-18,0.003972551734460604,1493.34,0.4166666666666667,0.0,0.00258767907841375,0.017323763553505553,-0.015938890897458438,0.0011530428038925647
2021-06-21,0.011455998075050908,1526.35,0.125,0.0,0.009209649273976484,0.008755473722839885,-0.006509124921765537,-0.0060663998467023455
2021-06-22,-0.005034957067102084,1525.18,0.5416666666666666,0.22916666666666666,-3.628807984472522e-05,0.008853156027647125,-0.013851825014905506,0.002215940638429727
2021-06-23,-0.00702234393610357,1532.63,0.3958333333333333,0.0,0.0031690228905253484,0.011061596718693879,-0.021252963545322023,-0.004767527039366238
2021-06-24,0.003813462242908778,1502.05,0.6875,0.16666666666666666,-0.000982970072165753,0.01370033160643906,-0.008903899291361738,0.0019963862916923306
2021-06-25,0.012509923729678057,1535.16,0.0,0.14583333333333334,0.0031802298355843132,0.01804294883936785,-0.008713254945274867,0.000318926284222192
2021-06-28,0.024146316030807684,1562.43,0.4166666666666667,0.0,0.0022264172730134084,0.027687955003292273,-0.005768056245499718,0.0020632185055165023
2021-06-29,-0.01918207746704964,1560.89,0.4166666666666667,0.3958333333333333,0.001623533151267391,-0.000254234343793229,-0.020551376274524524,0.0031301329351934907
2021-06-30,0.006720760526726849,1587.73,0.4791666666666667,0.16666666666666666,0.0013930580522381678,0.01931429704896448,-0.013986594574473439,-0.0014329582799998694
2021-07-01,-0.015459654936932504,1582.12,0.4166666666666667,0.2708333333333333,0.0016018581540735224,0.010457000935685613,-0.02751851402669038,0.0004345430281714159
2021-07-02,0.01767577406995371,1538.84,0.22916666666666666,0.0625,0.001121366363010426,0.027710515662001042,-0.011156107955057004,0.010160316185036712
2021-07-05,-0.028598842421251883,1574.51,0.0,0.0,0.00013484266395636518,0.005070271897654147,-0.03380395698286206,-0.004877046089047016
2021-07-06,0.001389769406137225,1532.93,0.16666666666666666,0.08333333333333333,0.002341636402702914,0.026447475868016705,-0.027399342864582066,0.0027818544825399505
2021-07-07,0.022364936755553493,1566.68,0.0,0.0,0.0007063431439565809,0.024359304245076097,-0.002700710633479056,-0.0058627017188057325
2021-07-08,-0.014490831665361768,1610.26,0.20833333333333334,0.0,0.0048008426626849204,0.008687371048113957,-0.027979045376161568,-0.004746587975320541
2021-07-09,-0.019855179991053858,1583.59,0.2916666666666667,0.2708333333333333,0.0016874054506641686,0.009588662585579062,-0.031131248027296138,-0.007784274516856401
2021-07-12,-0.005098729149502552,1598.81,0.3125,0.10416666666666667,0.0005416735678299492,0.005438440172455532,-0.01107884288979008,-0.006206586546977306
2021-07-13,-0.012500824659963349,1587.24,0.6666666666666666,0.0,-0.00033437446349537936,0.011895952374951044,-0.02406240257141927,-0.0003183788922962697
2021-07-14,0.0007368658343572556,1560.18,0.0,0.0,0.0007890332996590768,0.00974187061357374,-0.009794038078874981,-0.007539444106685497
2021-07-15,0.01532056244104659,1558.62,0.4375,0.0,0.001430702577762899,0.017723630604511653,-0.0038337707412279265,0.004790736786679464
2021-07-16,0.01035420146601236,1525.46,0.2708333333333333,0.0,0.0030989098583502905,0.012287997310850986,-0.005032705703187208,0.004774895852345748
2021-07-19,-0.014507758087077455,1513.21,0.4791666666666667,0.0,0.0010247896571595402,0.008398135880396201,-0.023930683624633346,0.006841996915302557
2021-07-20,0.008287156803225816,1521.8,0.6875,0.625,-0.0014022025539283736,0.013118832640303859,-0.0034294732831480386,-0.006027985370749325
2021-07-21,0.024844890422154303,1563.99,0.375,0.0,0.0014064153692311746,0.02706906951602776,-0.0036305944631052807,0.003913180991408738
2021-07-22,0.0165203992034517,1581.23,0.3541666666666667,0.2916666666666667,0.0020682497844317083,0.01462962136281619,-0.00017747194379551245,-0.00309298649385453
2021-07-23,-0.010864327254162974,1565.5,0.5833333333333334,0.0,6.443726264563493e-05,0.016141964135092952,-0.027070728651902562,0.007041572944529383
2021-07-26,0.034471809094700094,1555.67,0.0,0.0,0.002184111890702771,0.04860404620168778,-0.016316348997690952,-0.0023372500898609563
2021-07-27,0.07390544795809571,1551.16,0.20833333333333334,0.0,0.00361182165943557,0.07420422375079513,-0.003910597452135303,-3.2113966045440605e-05
2021-07-28,0.01987389128247516,1516.61,0.0,0.0,0.00144898425153938,0.04159426599803576,-0.023169358967101955,0.008363409819421904
2021-07-29,0.03758948436770013,1586.92,0.25,0.0,0.0029468730531952286,0.04413705004696324,-0.009494438732459094,0.02306119777613227
2021-07-30,0.004997394830333226,1590.42,0.5625,0.14583333333333334,0.0004120866663357009,0.02035844569983454,-0.015773137535837894,0.0037148621268015625
2021-08-02,0.010178023021412288,1597.15,0.5416666666666666,0.125,0.0006759759112918567,0.022145311268973067,-0.012643264158852793,0.0017643831592320004
2021-08-03,-0.012580922488091539,1563.19,0.25,0.14583333333333334,0.0005338894741614766,0.005726595546186493,-0.01884140750843992,-0.008236544545754523
2021-08-04,-0.0016238509051968056,1604.87,0.0,0.125,0.0031854550239419424,0.012673459930639917,-0.017482765859777427,-0.0014437944909595568
2021-08-05,-0.03225888606616094,1605.2,0.5833333333333334,0.3958333333333333,-0.00010487050662173758,-0.0008510694377062838,-0.03130294612183521,0.0004731458684892035
2021-08-06,0.014890350120753156,1588.19,0.5,0.3333333333333333,0.0005181576703212482,0.024631499876450705,-0.010259307426018827,0.015758677451270367
2021-08-09,-0.011608644566847393,1574.12,0.0,0.0,0.00014753970111191367,0.008474430408547312,-0.020230614676506962,-0.01219376513297396
2021-08-10,-0.018481932960719108,1587.2,0.125,0.3333333333333333,0.00023938012461198477,0.004742169022595673,-0.02346348210792653,-0.00027315028199505453
2021-08-11,0.0026741840362599517,1579.7,0.0,0.8333333333333334,0.000751690041287674,0.013013015488443677,-0.011090521493469722,0.0007804583700642808
2021-08-12,-0.01458703431568268,1587.09,0.0,0.10416666666666667,0.0006333118386037118,0.011728372153266338,-0.026948718307551585,0.00421462155983694
2021-08-13,0.015438507860732061,1552.88,0.0,0.041666666666666664,0.003031928910114036,0.021332640573424697,-0.008926061622807867,0.004029538519156376
2021-08-16,0.007596502659497517,1548.65,0.2708333333333333,0.0,0.0025780814193753845,0.013258290166139601,-0.00823986892601658,0.003477232171743787
2021-08-17,0.02162372504231361,1508.34,0.10416666666666667,0.0,0.005990958155369881,0.019554932938302412,-0.003922166051359043,0.0022830690989095507
2021-08-18,0.00251200319177919,1506.62,0.3958333333333333,0.125,0.0021908854087302407,0.0013945024817599051,-0.001073384698709684,-0.003446101085087081
2021-08-19,-0.012898166436296186,1545.84,0.8125,0.3958333333333333,-0.0005111609376941065,0.015953283143006935,-0.02834028864160765,-0.0011465649048604829
2021-08-20,0.00046288856593421383,1528.56,0.10416666666666667,0.0,0.0019276884282840162,0.021470874212905673,-0.02293567407525534,0.00531774717646963
2021-08-23,0.011129093097296284,1562.15,0.125,0.0,0.0009477578938038994,0.01896326378156428,-0.00878192857806992,0.0034601207044438883
2021-08-24,-0.021576937854450095,1577.52,0.3541666666666667,0.0,0.0021535665234620333,0.0010458950740907247,-0.024776399452003342,0.002292604961623694
2021-08-25,0.013414401798688136,1541.21,0.3541666666666667,0.0625,0.0005795275171568207,0.020637286218198207,-0.007802411936664672,0.002722281542984782
2021-08-26,0.018571512628885428,1497.05,0.0,0.0,0.005965173480802416,0.02002145760268137,-0.007415118454598109,0.002291930691540593
2021-08-27,0.001903453634492291,1479.72,0.1875,0.0,0.006411816939413426,0.008066809464879691,-0.012575172769800047,0.0040151558954028554
2021-08-30,0.0089836581287694,1469.33,0.1875,0.0,0.006393715579291578,0.022168347854226066,-0.019578405304747755,-0.005114204549601371
2021-08-31,0.0091265648295746,1432.93,0.2916666666666667,0.0,0.006641019408003174,0.010093835595426436,-0.007608290173855208,0.00567033258081696
2021-09-01,-0.007018363131747989,1424.68,0.625,0.0,-0.0015296640796291553,0.014552524978042172,-0.020041224030159434,-0.0027167604596299707
2021-09-02,0.001226765676121705,1400.51,0.041666666666666664,0.0,0.011627388902996848,-0.0019132471349194366,-0.008487376091955837,-0.005984205522284811
2021-09-03,-0.01727839134319043,1401.37,0.5,0.14583333333333334,0.0013653447196421246,0.018900238674314958,-0.03754397473714884,7.145536719141099e-06
2021-09-06,0.011544019822302942,1438.72,0.9166666666666666,0.20833333333333334,-0.0008109485980824505,0.020988191176934283,-0.008633222756550034,0.0018934460291004358
2021-09-07,-0.013129760014905262,1438.67,0.0625,0.4375,3.308007236273863e-05,-0.01014570282351062,-0.003017137263757519,-0.0022749972417265485
2021-09-08,-0.001106462106400521,1413.35,0.0,0.10416666666666667,0.003173609455092756,0.004246146809475507,-0.008526218370967682,0.0007574099721762895
2021-09-09,-0.01254370183981158,1402.1,0.3541666666666667,0.0,0.002125220516627113,0.007855122897902321,-0.022524045254339674,-0.0009551470768146005
2021-09-10,-0.0023757463334642807,1426.78,0.6666666666666666,0.0,0.0005727669397405863,0.016489588141271085,-0.019438101414476716,-0.0027566326570439594
2021-09-13,0.015782044434558908,1384.45,0.0,0.0,0.005221546892481242,0.01749509521397887,-0.006934597671902118,-0.00018925123157401683
2021-09-14,0.003476470325714352,1396.59,0.3541666666666667,0.0,0.0010897305170550764,0.013640703305802068,-0.011253963497143624,0.00010835370995653541
2021-09-15,0.0006886780442635925,1384.5,0.08333333333333333,0.0,0.003760515235476748,0.004302067151046009,-0.007373904342257334,0.0007592362162240667
2021-09-16,0.014409698038480223,1349.59,0.10416666666666667,0.0,0.007028144978970821,0.01680394755041187,-0.009422394490903555,0.004589721019019463
2021-09-17,0.0005809329950480215,1356.44,0.5208333333333334,0.0,0.0012974130002550016,0.013857945156920098,-0.01457442516212741,0.0015477070740555795
2021-09-22,-0.016083521976450996,1355.05,0.3333333333333333,0.14583333333333334,0.001697809674921974,-0.01237759762818924,-0.005403734023184198,-0.008684091795920158
2021-09-23,0.0048982698271263225,1363.65,0.2916666666666667,0.0,0.0009304354348498023,0.008731852482001326,-0.0047640180897261936,-0.0032339481950227197
2021-09-24,0.01488954660284681,1374.26,0.0,0.0,0.00024411974342003484,0.018621370808503,-0.003975943949076341,0.0005941095316620719
2021-09-27,-0.0199185388717682,1369.03,0.0,0.0,0.0006631812619460054,0.009093946265035902,-0.029675666398749218,-0.00834327966179886
2021-09-28,-0.003314261691880974,1353.5,0.0,0.375,0.0020576031025100194,0.009924039645646685,-0.015295904440038685,-0.0046576088768707615
2021-09-29,-0.0009983314182861187,1346.15,0.4166666666666667,0.16666666666666666,0.001347924495705935,0.00997418982843179,-0.01232044574242526,0.006824801683981203
2021-09-30,-0.01216387199008785,1367.52,0.5416666666666666,0.10416666666666667,0.0006351061261479496,0.005787413726071444,-0.018586391842306788,-0.002137752166919986
2021-10-08,0.004975410328470729,1366.3,0.0,0.0,0.000492292955447296,0.014194957542342498,-0.00971184016931731,0.007141717496288799
2021-10-11,0.012550136680808158,1349.99,0.0,0.3958333333333333,0.001410434528639995,0.014134777939283208,-0.0029950757871142486,-0.002013421042080895
2021-10-12,0.023124756622204458,1319.13,0.0,0.0,0.0069846943132711725,0.017478742622624083,-0.0013386803136911096,0.0011490036438436967
2021-10-13,0.005859848001100513,1344.54,0.875,0.0,-0.0020698463091246427,0.01890028359595161,-0.01097058928572646,0.002649228732032042
2021-10-14,-0.0022537830535368925,1347.34,0.2708333333333333,0.0,-5.0134188376765865e-05,0.004611243846667376,-0.006814892711828682,0.0016569150256752858
2021-10-15,0.001142793535472232,1363.63,0.14583333333333334,0.125,0.0014584202967146132,0.007621329360997603,-0.007936956122237798,0.0015797264351646106
2021-10-18,0.019225502070954154,1353.04,0.1875,0.0,0.0012059536749683408,0.01884892286108919,-0.0008293744651024504,-0.0024837816052185185
2021-10-19,0.005876414151209849,1365.13,0.0,0.0,0.002142034763587014,0.007175457990196976,-0.0034410786025731166,0.0018466271073135662
2021-10-20,0.007844776711568541,1372.66,0.3958333333333333,0.0,0.0013616548644268534,0.009171603605448456,-0.0026884817583060633,0.0024990878918161466
2021-10-21,-0.004019945728181098,1359.47,0.8541666666666666,0.10416666666666667,-0.0005531037093297053,0.005805741972512185,-0.009272583991362243,-0.0007714028269467823
2021-10-22,-0.00037511839163125495,1368.07,0.20833333333333334,0.0,0.0008700972795765011,0.010604539321016404,-0.011849754992224529,-0.0034145981459803637
2021-10-25,0.005193548056552898,1381.03,0.3125,0.0,0.0013898605107047074,0.009238927809778738,-0.005435240263930191,0.001411670283987644
2021-10-26,0.00273067517284293,1375.42,0.5833333333333334,0.0,0.00034229738310451174,0.008213457423112386,-0.0058250796333733645,-0.00037679794656155484
2021-10-27,0.014436687905940427,1361.48,0.4166666666666667,0.0,0.0006347606772192232,0.012851167280803766,0.0009507599479171153,0.003158755428552506
2021-10-28,-0.007329860149973871,1356.16,0.375,0.125,0.0006174921121525484,0.0014316517929911093,-0.009379004055116602,-0.002021398098700438
2021-10-29,0.012710295403405278,1397.84,0.125,0.10416666666666667,0.0038240317409567043,0.016945693999199478,-0.008059430336751112,-0.005059541168787711
2021-11-01,0.0009134364059795932,1404.95,0.4791666666666667,0.0,0.0007090766547468569,0.00886841021862652,-0.008664050467392083,0.001710325700753918
2021-11-02,-0.01427114812307734,1404.54,0.5416666666666666,0.5,0.0004234720284975041,0.006560700240871971,-0.02125532039244587,-0.0011814611634491056
2021-11-03,-0.0012253109139792218,1398.89,0.625,0.16666666666666666,0.0007463422027506189,0.013233956684667397,-0.015205609801396833,0.0018195780188764177
2021-11-04,0.010851239505885044,1410.51,0.4583333333333333,0.0,0.0011720621103179646,0.012473117224850089,-0.002793939829282985,0.003644524237595906
2021-11-05,-0.002673618310844117,1397.92,0.75,0.20833333333333334,-0.0004998681209835917,0.003639322814399479,-0.005813073004259893,-0.003891083021037734
2021-11-08,0.00808490972498246,1400.33,0.14583333333333334,0.0,0.0002220956184856085,0.012179716731888855,-0.004316902625392693,-0.0013093361819905079
2021-11-09,0.005782471244982797,1419.92,0.10416666666666667,0.0,0.001973597243824919,0.009364970145880828,-0.00555609614472409,0.002915505916293513
2021-11-10,0.007950045674474424,1420.28,0.6458333333333334,0.0,-0.00022501067335325975,0.017360657142176925,-0.00918560079434956,0.002008337032620682
2021-11-11,0.007578946034905949,1436.08,0.4375,0.0,0.0006109970944483054,0.013674070385645894,-0.006706121445188146,-0.0013878470523786602
2021-11-12,-0.00581699859669094,1440.45,0.3333333333333333,0.0,0.001933951865793468,-0.000782310054205454,-0.006968640408278062,0.0030942300617281472
2021-11-15,-0.013601551315947442,1431.18,0.6875,0.5625,-0.0006169421838007269,0.0027709326490809247,-0.015755541781229954,0.0008675826569586036
2021-11-16,-0.0022318950964207184,1420.17,0.6875,0.2916666666666667,0.0001247486502159098,0.010696609564966403,-0.013053253311604278,0.0028800333075687207
2021-11-17,-0.0033015064032305493,1436.43,0.0,0.2708333333333333,0.0013566260170397026,0.00630623511312841,-0.010964367533399903,0.00019702631068640474
2021-11-18,0.007992013742707589,1425.12,0.0,0.0,0.0006658505043323423,0.011901672211314017,-0.004575508972939166,-0.00184690278204366
2021-11-19,-0.015487581420315462,1443.18,0.0,0.0,0.0017707691900154116,-0.00025994891878857243,-0.016998401691543426,-0.0005546331314314613
2021-11-22,0.02540251316484275,1480.31,0.0,0.0,0.00838384241693815,0.01803829019457089,-0.0010196194466671601,0.003227113292918921
2021-11-23,-0.002725670845196188,1476.64,0.4791666666666667,0.08333333333333333,0.000346690608576717,0.0005836539814077155,-0.0036560154351814684,-0.0015688080954700512
2021-11-24,0.00306048683956226,1472.06,0.5208333333333334,0.5208333333333334,0.000188043774941183,0.00787848053505769,-0.005006037470435041,0.0011576700308904124
2021-11-25,-0.003594087021595676,1466.69,0.6875,0.0,-0.0004878088798133083,0.003070842908897843,-0.006177121050678563,-0.00028524276389890984
2021-11-26,0.010972866399087636,1459.77,0.3958333333333333,0.10416666666666667,7.922033265959916e-06,0.013201410669736815,-0.0022364663039154305,0.0011654734947242262
2021-11-29,0.006050856163980949,1471.07,0.0625,0.0,0.0008786615684912152,0.008235029557634789,-0.0030628349621452926,-0.007859951138089512
2021-11-30,-0.003031385745636001,1473.07,0.4166666666666667,0.3541666666666667,0.0008168403435212229,0.00753699654849865,-0.011385222637654424,0.004455709755211092
2021-12-01,0.006462243423208157,1457.03,0.14583333333333334,0.2916666666666667,0.0012247846568153604,0.010253011097296436,-0.005015552330904904,-0.0014851336806733302
2021-12-02,-0.0012880657146881037,1428.89,0.14583333333333334,0.0,0.0033492854879226715,0.00744647574136657,-0.012083826943976889,-0.0011953752771647398
2021-12-03,-0.0008267029382869199,1443.3,0.6666666666666666,0.4166666666666667,-0.0006179881284484219,0.005715692278853136,-0.0059244070886909535,-0.0019079373862322185
2021-12-06,-0.0008947338340824278,1406.67,0.0625,0.0,0.005603040680393426,0.008266772249391565,-0.014764546763867997,6.920989981185329e-05
2021-12-07,0.011948157108048583,1389.46,0.2708333333333333,0.0,0.004828935268998306,0.01190855784467101,-0.0047893360056197876,-0.005129908332612269
2021-12-08,0.01842634030517091,1415.3,1.0,0.0,-0.003402634456180005,0.023793199183887677,-0.001964224422537131,0.0039864585211187055
2021-12-09,0.0070239023001472355,1434.87,0.375,0.0,0.0012620839517445276,0.013752615924002579,-0.007990797575597619,0.001390894456259096
2021-12-10,0.00564359410113823,1440.96,0.0,0.0,0.0017168479279838986,0.009514901847533716,-0.005588155674378599,0.0018629840336264103
2021-12-13,-0.004170594491279618,1446.63,0.5625,0.0625,-5.920477032815563e-06,0.003997869634236758,-0.008162543648485263,0.0024279201739218657
2021-12-14,5.810604113592143e-05,1439.86,0.7708333333333334,0.3333333333333333,-0.0006516541209892826,0.006650659798343967,-0.005940899636218699,0.0004566273308528081
2021-12-15,0.010816034456746842,1425.34,0.4375,0.0,0.00027593231299240933,0.009105837420302972,0.001434264723451567,0.0002431746109900686
2021-12-16,-0.013009500715214962,1426.34,0.10416666666666667,0.041666666666666664,0.0012207603856843122,-0.005175866886268254,-0.009054394214632284,-0.0004420385768169219
2021-12-17,0.014587665075674036,1398.44,0.0625,0.0625,0.005204360649779333,0.011993842136106471,-0.002610537710211587,0.0006029333590767706
2021-12-20,0.024595666662160592,1364.27,0.16666666666666666,0.0,0.006727820502457557,0.015110601510501274,0.002757244649200123,0.007086937531648233
2021-12-21,-0.009323061799503356,1375.22,0.6041666666666666,0.08333333333333333,-0.0005726648288242389,0.007894516372029571,-0.01664491334270704,-0.0016921655327273954
2021-12-22,0.010357382909687705,1375.1,0.375,0.0,0.0008679763009778116,0.0089248159074111,0.0005645907012972184,0.0026589577446579633
2021-12-23,-0.01735810736921488,1375.8,0.625,0.3333333333333333,-0.0007044304074441676,-0.003894403939575214,-0.012759273022197898,-0.0005816363046854345
2021-12-24,0.004090749370322942,1358.34,0.3541666666666667,0.14583333333333334,0.0018767763556898492,0.009215593966683241,-0.00700162095204937,-0.0005743053062999165
2021-12-27,-0.00389369602408626,1355.77,0.375,0.75,0.0015396794200952524,0.003110621463743593,-0.008543996907925802,-0.0017089362350543196
2021-12-28,-0.002429385270920779,1368.61,0.875,0.2708333333333333,-0.001687220948567228,0.007127752619132718,-0.007869916941484006,7.376562448202229e-06
2021-12-29,0.0004898912096651369,1356.44,0.3958333333333333,0.20833333333333334,0.0010997512223987899,0.006401303371164263,-0.0070111633838988024,0.0006350110245463208
2021-12-30,0.013080999922681837,1374.96,0.3125,0.0,8.994206584647668e-05,0.01741727109821045,-0.00442621324137496,-0.00017697940448385745
2021-12-31,0.016575084649364625,1397.94,0.0,0.0,0.00485350927766641,0.012210268226103702,-0.0004886928544056979,0.0063192279390836825
2022-01-04,0.010733062472748004,1363.84,0.2916666666666667,0.0,0.0007979532971397474,0.026050740552189866,-0.016115631376580758,0.0037121952409015623
2022-01-05,0.0215667242331598,1332.06,0.14583333333333334,0.0,0.00496248731245974,0.019375345952069994,-0.002771109031370095,0.0007182118300666677
2022-01-06,0.007678318446169721,1322.45,0.625,0.0,-0.0012625870026302666,0.016698176979707033,-0.007757271530907481,-0.004231450528936537
2022-01-07,-0.003663903630173205,1305.42,0.2708333333333333,0.125,0.00401869025515153,0.004791611644666141,-0.012474205529991442,-0.0014751329348732312
2022-01-10,-0.004099556754959488,1318.52,0.4583333333333333,0.0,0.0012819923970236319,0.012505105624408847,-0.017886654776391134,-0.0008498941972247534
2022-01-11,0.013550145342281647,1293.5,0.125,0.0,0.005457126675808596,0.009745536529091187,-0.0016525178626180664,0.00026553473160620573
2022-01-12,-0.005056002970067376,1316.19,0.6875,0.0625,-0.00035623757829239544,0.01490294644958938,-0.019602711841365347,-0.003254894852855488
2022-01-13,-0.01846625202584987,1296.35,0.375,0.020833333333333332,0.0017784890683148757,0.0030547445703817816,-0.02329948566454494,0.0021551568932711663
2022-01-14,0.0037513743669717204,1313.72,0.6041666666666666,0.0,2.3327846821408205e-05,0.00809143275468921,-0.004363386234540023,0.004078905667984382
2022-01-17,-0.006039510476782253,1339.28,0.0,0.0,0.003284744641097237,0.0047249783978753485,-0.014049233515756446,-0.003878803804397547
2022-01-18,-8.891420170624182e-05,1344.1,0.6666666666666666,0.0,-0.0005208967424728539,0.017230254106864212,-0.016798271566095785,0.0015604412718653023
2022-01-19,-0.0037302735012041577,1324.81,0.5208333333333334,0.0625,0.0005078758827862656,0.004378292435154071,-0.008616441819145143,0.0012299345212771428
2022-01-20,0.00751542224086687,1306.13,0.14583333333333334,0.0,0.0018276216953055646,0.006371184276406164,-0.0006833837308448526,0.001923998888326327
2022-01-21,0.003102743556931944,1290.53,0.22916666666666666,0.0,0.003205935952643277,0.005019361640617101,-0.005122554036329524,0.0014251893086532955
2022-01-24,-0.018434493433880334,1307.25,0.5416666666666666,0.25,0.00034226199890149966,0.007896397253046444,-0.026673152685828427,0.003314512747031804
2022-01-25,0.003666146681708137,1277.0,0.0625,0.25,0.0032382731457634706,0.010872225316104267,-0.010444351780158345,0.0029176754358881812
2022-01-26,-0.026046098808860465,1275.83,0.4166666666666667,0.08333333333333333,0.0018842217668125771,0.0018117174482321363,-0.0297420380239036,-0.0035254930965833006
2022-01-27,0.009207562408301192,1239.83,0.20833333333333334,0.20833333333333334,0.006175798123676551,0.013833864710505378,-0.0108021004258807,-0.0013563363754587059
2022-01-28,-0.014606857543109603,1229.97,0.5,0.6041666666666666,0.0009755825869975643,0.007578066872531236,-0.023160507002639663,-0.010735764510544083
2022-02-07,-0.03333125919647582,1233.93,0.125,0.3333333333333333,0.006462064928842298,-0.009135847083575316,-0.030657477041744152,-0.014825852956895353
2022-02-08,0.0316977635475307,1205.37,0.375,0.0,0.0035670936749955806,0.031679869563569774,-0.003549199691034066,-3.242437015964301e-05
2022-02-09,-0.02626837656929381,1210.32,0.5625,0.4583333333333333,-0.0005607148611330992,-0.0018789493342269425,-0.023828712373932998,0.00015778830655291862
2022-02-10,0.004619806680388855,1188.55,0.2916666666666667,0.4375,0.004716203209906733,0.012532284722685139,-0.012628681252201901,0.003867615437670055
2022-02-11,-0.0018363645469326698,1170.14,0.16666666666666666,0.0,0.007091127300202643,-0.0023369734567987577,-0.006590518390337807,-0.004495868091505004
2022-02-14,-0.00939321553034518,1168.07,0.22916666666666666,0.020833333333333332,0.0054648832385199575,0.001412028137586313,-0.016270126906452048,0.0066483047278139955
2022-02-15,0.010607666173445506,1203.69,0.6041666666666666,0.0,-0.0007008834640001294,0.026232136107180837,-0.014923586469734268,-0.0028434702641324814
2022-02-16,-0.010085952848171374,1197.64,0.20833333333333334,0.2916666666666667,0.0004135704803104323,-0.0019464660528096533,-0.008553057275671933,0.006049224177595546
2022-02-17,0.003910618619735477,1208.33,0.10416666666666667,0.16666666666666666,-0.0001990519221931053,0.013301340120918242,-0.00919166957899073,0.0008019514580898108
2022-02-18,0.0011483404082449982,1204.75,0.10416666666666667,0.0,0.00020242697237773943,0.003914121797654574,-0.002968208361786129,0.006212231791537686
2022-02-21,-0.004100401953194633,1194.13,0.0,0.16666666666666666,0.001033920233781127,0.006166707655026249,-0.011301029842002763,0.002305600809027293
2022-02-22,0.007460542848715939,1183.86,0.3333333333333333,0.0,0.0022812522449544015,0.019383341060654202,-0.014204050456893269,0.007366206093480187
2022-02-23,0.03969622804351899,1231.8,0.125,0.0,0.0066512227481069774,0.03402208951604671,-0.0009770842206352215,-0.001318458608843205
2022-02-24,0.0025757893284967144,1216.13,0.7291666666666666,0.0,-0.00045220772204970783,0.024565962244201156,-0.021537965193654446,-0.003360417803256627
2022-02-25,0.02433419322083091,1240.38,0.3541666666666667,0.041666666666666664,0.000790986097946339,0.02884829949213552,-0.005305092369250003,0.013529572459577817
2022-02-28,-0.015012825756374772,1247.13,0.4375,0.4166666666666667,0.0010068194350187631,-0.0032077259165875782,-0.012811919274806044,-0.0024951116829721315
2022-03-01,0.0016451078548195732,1239.92,0.6041666666666666,0.020833333333333332,-0.0003255964944922085,0.010301881137814634,-0.008331176788502342,0.003977386880339171
2022-03-02,-0.01596615335092212,1231.02,0.16666666666666666,0.0,0.0006253058224565955,0.008275734220922204,-0.024867193394301573,-0.004789420672416604
2022-03-03,-0.008217568034226175,1209.67,0.0,0.3333333333333333,0.002174396179528193,0.005072054432202683,-0.015464018645956007,0.004606210298099021
2022-03-04,0.015712129592247447,1201.91,0.2708333333333333,0.0,0.0027150511642443087,0.023168886805360722,-0.010171808377359037,0.007217133369600656
2022-03-07,0.01771589685440926,1169.44,0.1875,0.0,0.006596105587612977,0.017551400712673054,-0.0064316094458767015,0.004231400257943721
2022-03-08,0.015972849194599716,1138.03,0.3333333333333333,0.0,0.005589006396963386,0.032812621801343395,-0.022428779003706267,0.0020448592622299287
2022-03-09,-0.004402815897629541,1130.87,0.22916666666666666,0.22916666666666666,0.009050897920677675,0.024204006987718824,-0.03765772080602664,-0.009723301634873916
2022-03-10,0.0019938097486709564,1153.25,0.4375,0.0,0.0007787106962080514,0.01039801103897342,-0.009182911986510112,0.02822620230737615
2022-03-11,0.03141457018621741,1161.56,0.3958333333333333,0.0,0.00357311001363686,0.03764093998909371,-0.009799479816512496,0.01374985105730196
2022-03-14,-0.011853839965781683,1127.52,0.20833333333333334,0.0,0.0031390190007657415,-0.002325276770898582,-0.012667582195648869,-0.007989044644230116
2022-03-15,0.035498215474186315,1094.81,0.2708333333333333,0.10416666666666667,0.00623077725096155,0.048286200265537094,-0.01901876204231212,0.009895372673088512
2022-03-16,0.03874711534310864,1125.52,0.4791666666666667,0.0,0.004813196160883881,0.05201760039160469,-0.01808368120937942,-0.020287940051403608
2022-03-17,0.03414652233069076,1142.47,0.25,0.0,0.002154166020496451,0.033940062757520595,-0.0019477064473265582,0.017177558278030174
2022-03-18,0.01729440373014049,1142.1,0.0,0.0,0.001283610271952007,0.02007590026637629,-0.004065106808187724,0.0050270098713557036
2022-03-21,0.013788551066944849,1153.05,0.0625,0.0,0.0016222832857314962,0.022093265696701336,-0.009926997915487956,-0.0006731151936717502
2022-03-22,-0.008277482188125379,1133.73,0.16666666666666666,0.0,0.0006698007056608057,0.004543439762252577,-0.0134907226560389,-0.006311476024566612
2022-03-23,-0.011458434637247451,1143.68,0.0,0.08333333333333333,0.000769020537001952,0.0019049994408959492,-0.014132454615145174,-0.003880253873178879
2022-03-24,-0.0135181605624635,1134.58,0.0,0.14583333333333334,0.0004928756151655334,0.008468246937120893,-0.022479283114748783,-0.0072282918647581795
2022-03-25,0.0194352630828832,1107.29,0.0625,0.0,0.0037187583133420077,0.01627706281252206,-0.0005605580429809409,-0.00284284881013927
2022-03-28,0.007301027295011751,1090.51,0.125,0.0,0.00764634813218984,0.008620387731723522,-0.008965708568902664,0.008155238805170214
2022-03-29,-0.013489251183788102,1079.97,0.375,0.2916666666666667,0.0027295067408770746,0.007917649170706642,-0.024136407095372014,-0.0060600983418735155
2022-03-30,0.0015029211967441045,1111.6,0.7708333333333334,0.125,-0.0004135299231503575,0.011669241025634713,-0.009752789905741133,-0.004462540147077681
2022-03-31,-0.002970650184325313,1090.61,0.1875,0.0,0.0022708688409038835,0.006942619190084709,-0.012184138215314888,-0.0026731847049050396
2022-04-01,-0.008051856142677071,1088.37,0.3125,0.3541666666666667,0.0021741760593919635,0.009409977225415977,-0.019636009427485612,-0.0052840402862063245
2022-04-06,0.02757330714484922,1058.77,0.0,0.0,0.00922699155573381,0.018875791025760036,-0.0005294754366453325,0.001313764859715764
2022-04-07,0.009231638788306398,1036.85,0.10416666666666667,0.0,0.009525987542042536,0.0038339370848223253,-0.004128285838558399,0.0076437600700603086
2022-04-08,0.0016317739509642002,1027.2,0.14583333333333334,0.0,0.009111625667542145,0.01399657772651769,-0.02147642944309458,0.0031224196550272833
2022-04-11,0.029173962358853864,990.18,0.14583333333333334,0.0,0.012606042381704874,0.020128618065355708,-0.0035606980882065264,0.004224087445617707
2022-04-12,0.009008459128403798,993.88,0.3958333333333333,0.0,0.006296549779933824,0.017874463769743054,-0.015162554421271679,0.0013257702287495206
2022-04-13,0.0007385575460570121,967.32,0.3958333333333333,0.0,0.0032939358001797814,0.010732982980170336,-0.013288361234293555,-0.0048183148508301726
2022-04-14,-0.030689275425144234,974.62,0.5208333333333334,0.4583333333333333,0.0011838717743499205,-0.0022522327119968155,-0.029620914487496874,-0.0076507675456854414
2022-04-15,0.007089070376624535,973.68,0.3125,0.20833333333333334,0.005400672704024556,0.015167305867959224,-0.01347890819536135,0.006850187241206805
2022-04-18,0.024698977064990333,1003.9,0.4166666666666667,0.0,0.0025379901332380217,0.03020897225091307,-0.008047985319160511,0.00442747400071689
2022-04-19,-0.005055388052829382,989.84,0.0,0.0,0.0007122347172323074,0.006935718719836503,-0.012703341489898268,-0.0016238378933667408
2022-04-20,0.011126424967991471,974.37,0.125,0.0,0.0027581513407794467,0.013332517271632593,-0.004964243644418831,0.0011927144762021189
2022-04-21,-0.002869652072571424,956.02,0.22916666666666666,0.08333333333333333,0.0040090320889375475,0.022858384397764442,-0.029737068559273494,0.0051802648297804696
2022-04-22,0.009464185026316135,942.7,0.2916666666666667,0.0,0.00491224689169989,0.016007654317298448,-0.01145571618268193,0.004269217935829538
2022-04-25,0.02055726491269154,886.31,0.16666666666666666,0.0,0.012489906235909232,0.020939615978944948,-0.012872257302162238,0.01832908846011598
2022-04-26,0.02239166149621666,867.5,0.16666666666666666,0.0,0.014922967977443302,0.025043558478805794,-0.017574864960033243,0.0001357097622638438
2022-04-27,0.040819712346245665,910.03,0.6041666666666666,0.0,0.00390804770714942,0.055624728658819234,-0.018713064019722725,0.012391129013613542
2022-04-28,-0.025318912422813786,904.59,0.5833333333333334,0.25,0.00046852375708988925,0.00921858617514576,-0.035006022355048017,-0.007496892965530461
2022-04-29,0.04724183005746362,948.35,0.5833333333333334,0.0625,0.0031746914136824844,0.042742575748845435,0.0013245628949353772,0.007809437439309777
2022-05-05,0.014662259938472907,957.03,0.20833333333333334,0.0,0.0073884230338914225,0.013204813312049535,-0.005930976407468036,-0.0027488519714264623
2022-05-06,0.015821985648825258,944.07,0.75,0.0,-0.0013566050019316322,0.029540923363857663,-0.012362332713101387,0.024477968166596496
2022-05-09,-0.01833990903225119,946.48,0.5208333333333334,0.4166666666666667,0.00036048377718989055,0.0016682297378821653,-0.02036862254732341,0.004083765286642743
2022-05-10,0.016901195663192807,972.04,0.3333333333333333,0.10416666666666667,0.0035061977641406283,0.024181112462564547,-0.010786114563513027,-0.01239268057558086
2022-05-11,0.033475731077349996,1002.64,0.3125,0.0,0.008305275780446097,0.04378760945294635,-0.018617154156042537,-0.0024657377853293965
2022-05-12,0.005133651152547436,1013.4,0.4166666666666667,0.0,0.003193827058819265,0.014006518361174447,-0.012066694267448663,0.0029170849856311677
2022-05-13,-0.026948865048007968,1010.38,0.3958333333333333,0.7916666666666666,0.0020098860288327303,0.0012758395813259882,-0.030234590658167027,0.007209453636707391
2022-05-16,0.011189619463480929,997.2,0.8333333333333334,0.08333333333333333,-0.0017600394019347543,0.022988929583252604,-0.010039270717836557,0.006056021743979061
2022-05-17,-0.019322504508155005,1010.17,0.25,0.0,0.0032106005840526475,0.003173643369990653,-0.02570674846219928,0.0005420380763884735
2022-05-18,-0.010802062037099516,1014.56,0.3333333333333333,0.125,0.0022619558398766504,4.3408911682030205e-05,-0.013107426788659449,0.0011474357062883737
2022-05-19,0.0017817001753095258,1035.93,0.2916666666666667,0.4166666666666667,0.0042539067319194435,0.016426211757267217,-0.018898418313877563,0.01124643670778229
2022-05-20,0.009448288565466034,1045.26,0.375,0.0,0.0034195765865480676,0.015842030422065556,-0.009813318443147978,0.00898167928005759
2022-05-23,0.0070689676013334125,1047.28,0.4166666666666667,0.0,0.0015763652950060991,0.009929085717879427,-0.004436483411552838,-0.001148567288731312
2022-05-24,0.023298235766493463,998.71,0.6875,0.0,0.0008417502482450656,0.037739737000719975,-0.015283251482471116,-0.0010903040541447046
2022-05-25,-0.023814752438071317,1006.08,0.4166666666666667,0.20833333333333334,-0.00016285335071553053,-0.0010008000858851007,-0.02265109900147011,-0.00010033109268970384
2022-05-26,0.003494494321795389,1004.29,0.5833333333333334,0.6041666666666666,0.000428811871513779,0.02404728271717832,-0.020981600266895384,-0.00041736642396162434
2022-05-27,-0.017025618591636846,994.92,0.14583333333333334,0.041666666666666664,0.00304366523899513,0.007125669023461345,-0.027194952854093346,-0.0037767397996912367
2022-05-30,-0.0014090006421701353,1002.51,0.6875,0.4166666666666667,-0.0003825227979313839,0.006356789791249595,-0.007383267635488744,0.0022717458982501604
2022-05-31,0.016225762968793724,1031.57,0.08333333333333333,0.2708333333333333,0.0036223550324257503,0.02701607913583476,-0.014412671199467986,0.0025328839540367997
2022-06-01,-0.035326510734602086,1031.75,0.4375,0.3333333333333333,0.0014828226187246218,-0.00604054906763013,-0.030768784285694406,-0.0060356410913452825
2022-06-02,0.03299220408775505,1081.33,0.125,0.1875,0.008907690369264976,0.0322648485230857,-0.008180334804595846,-0.002805459377171985
2022-06-06,0.034780104108809384,1121.0,0.3541666666666667,0.0,0.007960752688332406,0.03258280278700271,-0.005763451366525951,0.004444431227063876
2022-06-07,-0.02939136355994654,1111.05,0.6458333333333334,0.020833333333333332,-0.0035815910223119807,0.0097692297092834,-0.0355790022469184,-0.0023333492351781723
2022-06-08,0.03119366052202316,1111.42,0.4166666666666667,0.125,0.0028514966699911826,0.033638765795669545,-0.00529660194363607,-0.002531544286873225
2022-06-09,0.00479964010572356,1079.39,0.7708333333333334,0.0,-0.0010721158622036264,0.024333699336318737,-0.01846194336839091,-0.0024678027475108816
2022-06-10,-0.008290773467228918,1102.82,0.0,0.25,0.0018263854702635918,0.002029314259213544,-0.01214647319670753,-0.006588617215863408
2022-06-13,-0.0245044007142149,1089.48,0.5625,0.5,-0.00014251243821838955,0.0008835968307668862,-0.02524548510676261,-0.012858304289058927
2022-06-14,0.0210379949761251,1070.26,0.4166666666666667,0.0,0.0019850987142109866,0.03942404264260563,-0.020371146380691374,-0.0135331578445859
2022-06-15,-0.003555589559696826,1064.27,0.3333333333333333,0.0,0.0013842156074070355,0.023582855183084395,-0.0285226603501898,-0.0005606219312628353
2022-06-16,-0.02263544218070415,1079.78,0.0,0.4791666666666667,0.0009413408515873134,0.011110054748555642,-0.034686837780846747,-0.0028002273512960237
2022-06-17,0.010249579864184023,1093.65,0.0,0.3333333333333333,0.00174456717662691,0.028084261524981446,-0.019579248837425067,0.007750426083289657
2022-06-20,-0.018255100249342335,1095.31,0.4583333333333333,0.0,-0.00025412670964042317,0.008138275903161685,-0.026139249442861556,0.006725858669110018
2022-06-21,-0.014410859959878243,1083.29,0.375,0.125,0.000698818436767612,0.020461290271583166,-0.035570968668229896,0.0009133838765127956
2022-06-22,-0.008080992176597817,1063.92,0.0,0.7083333333333334,0.001132414399337922,0.0059916150063188955,-0.015205021582252454,0.0015592350914514432
2022-06-23,0.00211739928561739,1080.99,0.75,0.2708333333333333,-0.000216290084149251,0.02333949148890152,-0.02100580211913422,-0.000977250808363184
2022-06-24,0.026048729365844438,1101.55,0.20833333333333334,0.0,0.0019431702526252481,0.024736231656538155,-0.0006306725433198324,0.0025571801882881295
2022-06-27,0.0004949679652799656,1103.32,0.5833333333333334,0.14583333333333334,3.476828275406074e-05,0.008259129754567718,-0.007798930072041632,0.010601986694844969
2022-06-28,0.02979344665009103,1116.91,0.3125,0.0,0.002552707733176951,0.03310211228847493,-0.005861373371560119,-0.0015485556703100896
2022-06-29,0.0029542346351025864,1089.47,0.7291666666666666,0.0,-0.00034408566219562564,0.02236549004700833,-0.019067169749711232,-0.004206529453063037
2022-06-30,-0.012935880814953614,1104.46,0.0625,0.4166666666666667,0.0003981810442718059,0.009146794597433172,-0.022480856456658982,-0.0016306791084723423
2022-07-01,-0.010232254621206376,1090.2,0.0,0.0,0.0007379856685688635,0.005198978867072657,-0.01616921915684677,-0.00027129189365356006
2022-07-04,0.010336101862229033,1095.09,0.5833333333333334,0.0,-0.00026073147187632983,0.015555668968516068,-0.004958835634411185,0.0015530450609802936
2022-07-05,-0.004214442200614633,1090.81,0.08333333333333333,0.020833333333333332,0.0015071589354033743,0.017515505367416806,-0.023237106503434246,0.004637251109265221
2022-07-06,0.023288971385687467,1101.1,0.0625,0.125,0.00045837720320479614,0.027569084503502927,-0.0047384903210203055,0.001621154121944407
2022-07-07,0.004130883703668252,1112.51,0.0,0.10416666666666667,0.0026934240061097237,0.012283746477429636,-0.01084628677987004,0.0018408278946522125
2022-07-08,-0.03489100849890072,1103.01,0.5,0.4791666666666667,0.000540509480769169,-0.003619793483503997,-0.03181172449616454,0.004944263835311035
2022-07-11,0.031071807133423737,1083.1,0.2708333333333333,0.0,0.003873688928038077,0.027638317008993663,-0.00044019880360868235,0.00485770627774524
2022-07-12,-0.01658920984015099,1049.99,0.25,0.0,0.0051303471847320425,0.006830589703957446,-0.028550146728841597,0.0006842159060492142
2022-07-13,-0.004792633534670807,1052.3,0.3333333333333333,0.0,0.0036670256858292727,0.006379294849668704,-0.01483895407016994,-0.002417874401412409
2022-07-14,0.017244993838688508,1077.67,0.5625,0.0,0.000242102740555028,0.028786836585138087,-0.01178394548700551,0.00034200701447726126
2022-07-15,0.0014003915809736457,1074.2,0.0,0.4583333333333333,0.00040669212514088393,0.0165358548817382,-0.015542155425905813,0.003553822700194954
2022-07-18,0.012451059553128887,1069.42,0.0,0.041666666666666664,0.0013431601197413379,0.025947170569177502,-0.014839271135789756,-0.0032123381301837994
2022-07-19,0.002408739075843389,1062.78,0.3541666666666667,0.0,0.0010966987037695497,0.01357449613010786,-0.012262455758033364,0.0005986847822899825
2022-07-20,0.00623374565284061,1079.26,0.16666666666666666,0.0,0.0009954928805201435,0.01253174750426539,-0.007293494731945682,0.00408825550035274
2022-07-21,0.030919771662870733,1091.97,0.6666666666666666,0.0,-0.002506627800450134,0.032409629786517236,0.0010167696768041967,0.0010369507174017207
2022-07-22,-0.004366924575641471,1084.55,0.8125,0.0,-0.0006676415026855564,0.016460103148129457,-0.02015938622108404,-0.007494227304162372
2022-07-25,-0.01154939935636494,1075.27,0.0,0.4375,0.0011810788213572065,-0.0009729683464693162,-0.011757509831253232,-0.0021683075865102023
2022-07-26,0.005688546503357587,1084.65,0.0625,0.0,0.000755130258779324,0.012677018295772446,-0.007743602051195286,0.0011368402659410561
2022-07-27,-0.0005323420530305218,1096.14,0.3541666666666667,0.0,0.0009275880938312553,0.00946858526945471,-0.010928515416316065,-0.000913145202797875
2022-07-28,0.011944537847721547,1109.32,0.2708333333333333,0.0,0.003481345398421709,0.007498733330090213,0.0009644591192097263,-0.006132476660027729
2022-07-29,0.006526053090909234,1090.58,0.8125,0.0,-0.0009062309952676539,0.01615352710186707,-0.00872124301568905,-0.0038616168642351253
2022-08-01,0.007433301065646032,1100.41,0.0,0.0,0.0013969528429316203,0.01899550667895117,-0.012959158456236797,0.00671727864760475
2022-08-02,-0.043450140747290276,1096.65,0.0,0.4375,0.0013118892457319453,0.0037063996117012166,-0.048468429604724306,-0.013912249138185695
2022-08-03,0.0024657271646100626,1101.02,0.0,0.4791666666666667,0.0006096303550452986,0.026484289706724784,-0.02462819289715984,-0.004128791154746571
2022-08-04,-0.007596493183968091,1111.17,0.14583333333333334,0.3125,0.0018643882513506016,0.0017783005799458795,-0.011239182015264304,-0.005257206760451685
2022-08-05,0.04017489948435751,1156.72,0.0,0.0,0.010141377741944346,0.03125838981349144,-0.001224868071078189,0.003683841106812982
2022-08-08,-0.01519143334567407,1153.18,0.8125,0.0,-0.005612760273173978,0.007703954687571846,-0.0172826277600725,0.0032005272384558344
2022-08-09,-0.010717920954377128,1161.71,0.4583333333333333,0.6666666666666666,0.0011723302004151281,0.00623757525371349,-0.018127826408507686,0.0002862732020124018
2022-08-10,-0.013775334420620384,1156.39,0.4166666666666667,0.1875,0.0020465509042578156,-0.0011879983075055445,-0.014633887017372227,-0.007036536853126899
2022-08-11,-0.014191873462535764,1173.08,0.375,0.5208333333333334,0.002179053428600475,0.0022979350947616994,-0.018668861985896762,-0.006362913220918078
2022-08-12,0.012981075383848682,1147.0,0.9375,0.14583333333333334,-0.0016743531258448519,0.016732503488673972,-0.002077074978979826,-0.0029708063509047943
2022-08-15,-0.002029024800878024,1143.76,0.10416666666666667,0.0,0.00056578149948322,0.0062493421252790005,-0.008844148425640297,0.0010212945139875058
2022-08-16,0.0006240954200265736,1136.78,0.0,0.0,0.0017042562333161038,0.012035042702510934,-0.013115203515800311,4.371680255996251e-05
2022-08-17,-0.006940557745775414,1132.45,0.5,0.0,0.0003781555922069968,0.004689925505924397,-0.012008638843905572,0.00043973440750790925
2022-08-18,0.007614410593293926,1146.28,0.7291666666666666,0.0,-0.0002906317552218707,0.011006921623401333,-0.0031018792748847557,0.0002560808169725621
2022-08-19,0.014107333694897582,1109.25,0.0,0.0,0.004718534763621163,0.02288735822941712,-0.013498559298139812,0.00026167050599392973
2022-08-22,-0.0003587232679288662,1107.15,0.6458333333333334,0.0,-0.0016766919068734176,0.005934157385109995,-0.004616188746165095,0.004792919285581491
2022-08-23,0.007463917860372164,1107.39,0.22916666666666666,0.0,0.0027286532594741897,0.0066375020815021,-0.0019022374806041409,0.001777553670572316
2022-08-24,0.028590657074998298,1069.63,0.16666666666666666,0.0,0.006447071996055931,0.024652322742054367,-0.002508737663112881,-0.002444404570745375
2022-08-25,0.010927179946927688,1056.04,0.4166666666666667,0.0,0.00263954573152575,0.021569449505432436,-0.013281815290032695,-0.002802482964163133
2022-08-26,0.016270795510436663,1046.27,0.22916666666666666,0.0,0.005905622603523619,0.01822336300638694,-0.007858190099473028,0.008318448419721295
2022-08-29,-0.018669352352427823,1052.58,0.25,0.4166666666666667,0.004389404982689971,0.0025537124506949116,-0.025612469785811276,0.013426379369430322
2022-08-30,-0.019685349976892346,1050.45,0.25,0.4166666666666667,0.0034398332200921145,-0.0009018185580497162,-0.022223364638936927,1.8970472460121962e-05
2022-08-31,0.02181167780158432,1027.01,0.1875,0.08333333333333333,0.006137366016576329,0.023072770838631462,-0.007398459053623574,0.001791602819748537
2022-09-01,-0.016811019658704643,1025.51,0.3958333333333333,0.625,0.0019283296605099864,0.003394900452019789,-0.02213424977123435,-0.0030255448692025765
2022-09-02,-0.00682982272400271,1029.88,0.5,0.10416666666666667,0.000738423874383165,0.006751285189487477,-0.01431953178787132,-0.0017631620685505162
2022-09-05,-0.013399894034772961,1024.18,0.22916666666666666,0.2916666666666667,0.0037223442455028843,0.002273952875109786,-0.019396191155384823,0.0004658566022369762
2022-09-06,-0.009454787788441686,1034.84,0.5833333333333334,0.0625,0.00017455748728811837,0.011805489903294386,-0.021434835179024836,0.001433971712614031
2022-09-07,0.023494535929364006,1050.04,0.125,0.0,-5.642941922290312e-05,0.029882772897143473,-0.006331807548557111,-0.003636719357830005
2022-09-08,-0.016821368608162756,1040.53,0.6041666666666666,0.020833333333333332,0.00011454783266856561,0.0006585284658724988,-0.017594444906703033,-0.0007047954956255991
2022-09-09,0.0016462156646761474,1034.14,0.22916666666666666,0.0,0.0013283773890729322,0.011988197223286035,-0.01167035894768259,0.001134419164515712
2022-09-13,-0.004710862226782464,1030.48,0.4166666666666667,0.0625,0.000654348359509227,0.005314685337760472,-0.010679895924049665,0.0006962307125574403
2022-09-14,0.00970246271697335,1031.21,0.5208333333333334,0.0,0.0007789486455285766,0.018507060534495634,-0.00958354646305204,0.012785401856731004
2022-09-15,0.018034155080137025,1000.27,0.20833333333333334,0.10416666666666667,0.005227274960044825,0.027394597030701018,-0.014587716910608561,0.0043153144283685
2022-09-16,0.02292308425970354,999.32,0.6041666666666666,0.0,-0.00034102634665655884,0.025067493090835224,-0.0018033824844749802,-0.002723487745588253
2022-09-19,-0.004685352783343871,975.19,0.25,0.0,0.00559519151702198,0.006395654792195782,-0.016676199092562793,0.0009919592005998407
2022-09-20,0.01796523273580601,984.47,0.4166666666666667,0.041666666666666664,0.0013941652375348834,0.02211430707762263,-0.0055432395793524325,0.006966604951409195
2022-09-21,-0.028217746571217207,971.01,0.25,0.0,0.004271770121880847,-0.009486912429446492,-0.02300260426365225,0.004608889156716191
2022-09-22,-0.0213610365166447,976.13,0.3958333333333333,0.9166666666666666,0.0017925634889274789,0.004833875726994952,-0.027987475732566103,0.005611402845212372
2022-09-23,-0.008933312111335653,961.51,0.3333333333333333,0.125,0.0032508437931796363,0.012850115314079535,-0.025034271218594917,-0.00029721489367881467
2022-09-26,0.002767486266182294,962.52,0.375,0.4583333333333333,0.0018295169374217823,0.01774412298821637,-0.016806153659455758,0.0061587476372297785
2022-09-27,-0.0026370559685929057,975.2,0.6875,0.0,-0.0003808190573712511,0.014986269841134825,-0.01724250675235689,-0.0017243891003432866
2022-09-28,0.00028323743079885924,956.21,0.2708333333333333,0.0,0.002147210064763816,0.008277238175838586,-0.010141210809803347,-0.003056538032365532
2022-09-29,-0.01328029683957391,961.0,0.4375,0.625,0.0006900606941544485,0.0026284986263202526,-0.016598856160047137,-0.006525478686494024
2022-09-30,0.0022039223143511654,938.52,0.20833333333333334,0.14583333333333334,0.003971137830442895,0.006113862418292204,-0.007881077934383363,-0.005287127709845817
2022-10-10,0.04446822963887808,897.7,0.0,0.0,0.016269088048019742,0.030103190360583898,-0.0019040487697257746,0.006793446336215678
2022-10-11,-0.003802545000972642,892.0,0.25,0.0,0.008047168685386463,-0.0017597028159206385,-0.010090010870438482,-0.001147178679138936
2022-10-12,0.03761150940492144,924.57,0.5416666666666666,0.0,0.002694400975633504,0.050907678671122614,-0.015990570241835145,0.002748132720048705
2022-10-13,0.017685548671208515,926.86,0.22916666666666666,0.0,0.0008902261090950048,0.020003801854678593,-0.0032084792925654027,-0.0081528533183672
2022-10-14,0.023620709475602804,954.9,0.0,0.22916666666666666,0.005776937570242502,0.013567982441427151,0.004275789463933255,-0.010628461673792442
2022-10-17,9.384147695350501e-05,963.58,0.4583333333333333,0.0,0.0017052914055579738,0.013266027244297263,-0.014877477172901665,-0.006598187379293136
2022-10-18,-0.009755307167243503,960.09,0.5833333333333334,0.0,-0.00041391972392818,0.009128312736387145,-0.018469700179702786,0.0018151743142533635
2022-10-19,-0.0033487218767644803,950.14,0.7083333333333334,0.0,-0.0011604741982192412,0.011067674815739004,-0.013255922494284256,0.002367383375329429
2022-10-20,0.023511929705757918,963.64,0.25,0.125,0.0016200001000746256,0.03981121997131226,-0.017919290365629115,0.005639886943481937
2022-10-21,8.49333846338373e-05,968.78,0.2708333333333333,0.0,0.0013643281007590935,0.014379513844464953,-0.01565890856058938,0.0025656620650170428
2022-10-24,-0.024384345485110176,969.96,0.375,0.375,0.0022782568987467777,0.004953882332593029,-0.031616484716450954,-0.00043398742117662704
2022-10-25,-0.04420135083419669,971.42,0.3125,0.7708333333333334,0.0005560073467139603,0.0036495156825223085,-0.04840687386343279,-0.006747901369461894
2022-10-26,0.012758615042163681,1003.35,0.3125,0.16666666666666666,0.002692074056328597,0.02663003070990616,-0.01656348972406929,-0.0011523939169533269
2022-10-27,0.02093736400154029,1005.91,0.5,0.14583333333333334,0.0016215081693474187,0.02650225597281014,-0.007186400140618443,0.0054275566149944695
2022-10-28,-0.016170700987107278,995.82,0.7916666666666666,0.5833333333333334,-0.0029332981125651525,0.010212730739954323,-0.02345013361449555,0.008293744331371833
2022-10-31,-0.03722509689149856,1009.7,0.4583333333333333,0.7708333333333334,0.001767089885110762,0.007986493713900034,-0.04697868049051035,0.0018432627939391397
2022-11-01,-0.004826459986642281,1023.8,0.5416666666666666,0.7708333333333334,0.0006679972015432578,0.02405903132356757,-0.029553488511752934,-0.0016120342314740244
2022-11-02,0.014825777592646541,1036.43,0.08333333333333333,0.0,0.008690296315129242,0.012786983619333947,-0.006651502341816828,-0.0043529578317779045
2022-11-03,-0.017346030791709665,1048.04,0.3333333333333333,0.1875,0.0038289242862687978,0.0038024550361141496,-0.024977410114093324,0.008472124299604554
2022-11-04,0.02416093319262077,1073.67,0.0,0.0,0.012174171999184635,0.010710007356256268,0.0012767538371802334,0.0007820845812954807
2022-11-07,-0.002477564827013501,1061.19,0.5,0.0,0.0009837458128299503,0.009056353861650324,-0.012517664501492831,-0.002547819633869849
2022-11-08,-0.006181582002419612,1050.78,0.5625,0.0,-1.045618155937067e-05,0.012512109105976998,-0.018683234926837877,0.0003391331412681519
2022-11-09,-0.01683784562644776,1037.55,0.0,0.4583333333333333,0.0007030095908980294,0.008467517029280003,-0.02600837224662489,-0.0018939489727007042
2022-11-10,-0.0032690019921919194,1023.03,0.16666666666666666,0.041666666666666664,0.001716134071296116,0.01241404819236791,-0.01739918425585485,0.004249859100456341
2022-11-11,-0.016299004606704366,1023.96,0.08333333333333333,0.3333333333333333,0.0006599493189833328,0.00033731042317658444,-0.017296264348864332,-0.02966147769638388
2022-11-14,-0.00718009652243452,1022.68,0.14583333333333334,0.0,0.002678398816537253,0.0044612976099046575,-0.01431979294887814,0.0018095834582919812
2022-11-15,0.021589887774301646,1051.35,0.3541666666666667,0.0,0.00018052496338116786,0.02834812741054976,-0.006938764599627445,-0.0008508766008845115
2022-11-16,-0.0037408406868480945,1036.61,0.7708333333333334,0.14583333333333334,0.00016151636851741147,0.0074048013124914935,-0.011307158367855785,0.0003516358229584789
2022-11-17,0.02877462581248634,1040.89,0.3541666666666667,0.0,0.0009892571357523194,0.03532958562130567,-0.007544216944572302,0.006951330150098098
2022-11-18,-0.0021923024502554507,1031.76,0.0,0.0,0.0008277694392904711,0.006024105572454419,-0.009044177462001701,-0.0017487225333424291
2022-11-21,-0.001752432667239358,1031.99,0.14583333333333334,0.0,0.00019695178974116212,0.012403784693872266,-0.014353169150852996,0.007870111491308824
2022-11-22,-0.005474485349413483,1017.89,0.14583333333333334,0.6041666666666666,0.0020704792085183277,0.0047939652828606905,-0.012338929840792545,-0.0028807422551463025
2022-11-23,0.0244666196397515,1016.83,0.6041666666666666,0.0,0.0007062600811270636,0.03549621420365118,-0.011735854645026855,0.0030306631611979316
2022-11-24,-0.01825382242295887,1015.4,0.4791666666666667,0.25,0.0003019791761228463,-0.005053448971032881,-0.01350235262805044,0.002121599852876353
2022-11-25,0.0149926655730289,1000.29,0.0,0.041666666666666664,0.005023700460330072,0.009127956230005285,0.0008410088826936724,0.002524457004919084
2022-11-28,0.007173578785690532,992.88,0.08333333333333333,0.0,0.006267862356604259,0.005389801411165518,-0.004484084982077641,0.01653613537622571
2022-11-29,-0.008346065555890589,1001.6,0.7291666666666666,0.0,-0.001618998644223546,0.006998147145498734,-0.01372521405716609,0.0025450809704091726
2022-11-30,-0.0008876397352127519,994.97,0.125,0.0,0.002096709321819934,0.004683149765223549,-0.007667498822257257,0.0028370797128306224
2022-12-01,-0.00953672457187502,1009.19,0.10416666666666667,0.0,0.001213474484060506,0.013040546645641693,-0.023790745701577354,-0.008412320574026032
2022-12-02,0.0030071189657693703,1009.0,0.2916666666666667,0.0,9.493141498995161e-05,0.016460075932393292,-0.01354788838161336,0.003672533607263582
2022-12-05,-0.0007365721042133188,1003.7,0.08333333333333333,0.0,0.0009632603614342927,0.006150504182243999,-0.007850336647891032,-0.0031098063112680635
2022-12-06,0.002269253364142401,1002.8,0.3125,0.5625,0.0006538559643449182,0.012873844411279645,-0.01125844701148504,-0.00028900150182971195
2022-12-07,0.0016066936749626211,1001.1,0.0,0.0,0.0008436279111952438,0.0069531568274611155,-0.0061900910636955575,0.0038553398199558547
2022-12-08,-0.002901756837960369,997.7,0.125,0.0,0.0007549819062488416,0.0016792989720808005,-0.005336037716289543,-0.0007199208398048108
2022-12-09,-0.013003127815077493,999.31,0.375,0.6666666666666666,0.0006462718153115166,-0.0005066370243796414,-0.01314276260600894,0.0014328300840654765
2022-12-12,0.0012766617169656456,1004.34,0.3333333333333333,0.4375,0.0006361240072114693,0.007729991502850364,-0.007089453793097222,-0.0013986155987719246
2022-12-13,0.014269840275219025,990.11,0.0,0.0,0.0021998290155046396,0.012292388034795598,-0.0002223767750805239,0.0020725809049295467
2022-12-14,-0.013313108975540586,983.39,0.22916666666666666,0.16666666666666666,0.002023571571995564,-0.006718091529757109,-0.008618589017778289,-0.014311191222702933
2022-12-15,-0.008530872355418264,989.25,0.6041666666666666,0.020833333333333332,-3.872239623325946e-05,0.00546096366382931,-0.013953113623014546,-0.0009444645436164109
2022-12-16,0.0004736738513936925,976.37,0.041666666666666664,0.020833333333333332,0.004540951520330128,0.006417732121902997,-0.010485009790840272,-0.005016605823414235
2022-12-19,0.013192215987898444,955.99,0.125,0.0,0.006174390371158522,0.012479381838263692,-0.005461556221524333,-0.004877158789502348
2022-12-20,-0.016557279237308854,952.75,0.5625,0.0625,-0.0008635775423063707,-0.0022176180538043266,-0.013476083641196956,0.0011615314683921397
2022-12-21,0.007156565561847109,939.82,0.16666666666666666,0.1875,0.005615586589554744,0.004640714625480713,-0.0030997356531890508,-0.0023222467918642925
2022-12-22,0.008753443739077493,930.72,0.3333333333333333,0.22916666666666666,0.002970521435681883,0.008159227038491645,-0.0023763047350964794,0.003956704235421026
2022-12-23,0.011671531365754753,920.82,0.020833333333333332,0.0,0.010125628082884974,0.0027255569131435786,-0.0011796536302738359,0.006099354016820335
2022-12-26,0.03221793889142813,950.97,0.8541666666666666,0.0,-0.0014800262200823089,0.03460765969349783,-0.0009096945819858648,0.0004236620760889658
2022-12-27,0.012078276007255835,964.31,0.0,0.0,0.0020204272994078787,0.012131961754641596,-0.002074113046793502,0.0007882415790398414
2022-12-28,-0.0013522296811817954,957.84,0.6666666666666666,0.0,-0.00044931005010490077,0.004353588735474756,-0.005256508366552171,-0.002859328290810128
2022-12-29,-0.013058720672739327,962.68,0.625,0.1875,-0.00031276371126154334,0.0069483011209978685,-0.019694258082475602,0.0012229732313427807
2022-12-30,-0.001156674516215126,960.77,0.7083333333333334,0.0,-0.00015963023565468415,0.0035953732168826358,-0.0045924174974405485,-0.0010802165637987548
2023-01-03,0.0029194414809098905,980.0,0.16666666666666666,0.0,0.003948748514064737,0.013425498130011315,-0.014454805163166995,0.0006352810290670677
2023-01-04,0.012424150647235236,973.33,0.6875,0.0,-0.001083487648191328,0.014989075658466855,-0.0014814373630401834,0.0021611270733216527
2023-01-05,0.01046562774274237,983.57,0.0,0.0,0.004631714365340767,0.007272739405854101,-0.0014388260284518006,0.0002365050731079719
2023-01-06,0.021024327321280047,991.29,0.4375,0.0,0.0019528354578676188,0.023555599249210357,-0.004484107385798852,0.0025082394046761114
2023-01-09,0.004525040671858162,989.64,0.5208333333333334,0.0,0.0005566864495825663,0.013141653007895882,-0.009173298785621342,0.0036659590667660518
2023-01-10,-0.0037295438273918092,990.29,0.4791666666666667,0.8333333333333334,0.00016765116205064157,0.0028374651920441973,-0.00673466018148583,0.0011928109292890711
2023-01-11,0.005154273327689075,974.57,0.4791666666666667,0.041666666666666664,0.0009696775766487864,0.012257773129056848,-0.008073177378017937,-0.00017167642066540193
2023-01-12,-0.0013119908841969946,974.09,0.2708333333333333,0.020833333333333332,0.0006985226335646799,0.000976708527975545,-0.0029872220457365373,-0.0045074654253953106
2023-01-13,0.0034797579621541636,974.46,0.375,0.125,0.0009077558093197879,0.0069497254731408775,-0.004377723320306726,-0.0024503157171843135
2023-01-16,0.023394447152080174,992.76,0.2916666666666667,0.0,0.0015955263939761433,0.025344552987632996,-0.003545632229527862,-0.0016538182823520881
2023-01-17,-0.01302744286966551,1003.16,0.4375,0.16666666666666666,0.0010460258598212202,0.003330148413742129,-0.017403617143229744,-0.002043024990407232
2023-01-18,-0.002632561029511118,1006.66,0.2708333333333333,0.16666666666666666,0.0026382788190504325,0.004379518611660693,-0.009650358460221276,0.002994475891695107
2023-01-19,0.011107714045205132,1023.25,0.16666666666666666,0.041666666666666664,0.004833241897609142,0.007566217499490435,-0.0012917453518944133,0.0019487562964525305
2023-01-20,0.005594376627560437,1027.67,0.5,0.0,0.00023730375709396512,0.012756284521826922,-0.007399211651360316,0.0013179412739209155
2023-01-30,0.011797961230963551,1031.67,0.5833333333333334,0.0,-0.0001789865496292231,0.013466424914583941,-0.0014894771339918345,0.016670425270767213
2023-01-31,0.016359203882721867,1014.93,1.0,0.0,-0.0013261213346685286,0.0187094362818106,-0.0010241110644202411,0.0036806342323990027
2023-02-01,0.0027541203469850593,1026.11,0.020833333333333332,0.0,0.0010502941940909172,0.014165497418136108,-0.012461671265242724,-0.0019205489807624493
2023-02-02,0.0019924595738679126,1031.66,0.4375,0.0,0.0011602745568283224,0.012640481191499131,-0.011808296174460942,0.0038216049583816836
2023-02-03,0.020805059440506292,1033.29,0.6458333333333334,0.0,0.00040304217839592926,0.020465459743505887,-6.344248139578124e-05,0.0024844733276620564
2023-02-06,-0.017433142260821047,1023.95,0.0,0.375,3.200485503784822e-05,0.004045555279061086,-0.0215107023949212,-0.0018878981689093967
2023-02-07,-0.008215963537063003,1019.74,0.0,0.0625,0.0006608723491588475,0.004034574675607416,-0.012911410561830483,0.00018548619401344854
2023-02-08,0.005570433186562905,1011.71,0.0,0.4375,0.0015107915027784968,0.007241639169031255,-0.0031819974852461685,0.0009699559381552221
2023-02-09,0.017888575993058518,1037.13,0.20833333333333334,0.0,0.0020684625697858783,0.023142995672478517,-0.007322882249206575,0.00282383902527145
2023-02-10,0.006316840956607244,1024.83,0.5208333333333334,0.0,-0.0004463819244513445,0.01317326709437866,-0.006410044213319865,-0.00254939589960016
2023-02-13,-0.0012592498024315633,1024.64,0.0,0.0,-5.4182993516838085e-05,0.0034029514866008026,-0.00460801829551527,-0.00390203371255008
2023-02-14,-0.0019691374390894004,1022.64,0.0,0.0,0.0003972182379239908,0.007906682228937756,-0.010273037905951077,-0.0023506587300829314
2023-02-15,-0.004330401187122693,1024.67,0.0,0.3125,0.0002938428479340449,0.007553440193225347,-0.012177684228280639,0.00011733302057981953
2023-02-16,0.008190013794542325,1005.98,0.08333333333333333,0.22916666666666666,0.0015719550404172389,0.019767116105600724,-0.013149057351474758,-9.76400403053883e-05
2023-02-17,0.010578332543049192,986.75,0.08333333333333333,0.0,0.006021956868460576,0.0053844130327365125,-0.0008280373581473488,0.003088790156393221
2023-02-20,0.011604009025373146,998.53,0.875,0.0,-0.004019164277804077,0.021399962303799758,-0.005776789000622173,0.0012376741424915798
2023-02-21,-0.012510604766968044,995.59,0.3541666666666667,0.0,0.001391974195452228,0.002335448718657318,-0.016238027681077405,-0.00128232117672708
2023-02-22,-0.016067252562716818,989.52,0.4375,0.375,0.0006600575123223984,-0.005261116505176799,-0.011466193569862615,-0.006994163113569726
2023-02-23,-0.0012150660159361056,992.48,0.5,0.3958333333333333,6.153440019213141e-05,0.006982568277319412,-0.00825916869344756,0.0014662388550944609
2023-02-24,-0.013082979041508522,991.01,0.4583333333333333,0.1875,0.0005393648710239618,0.0007188238732867558,-0.01434116778581973,-0.00359066813072854
2023-02-27,-0.023480447890139457,985.77,0.3125,0.5625,0.001265517615285483,-0.002821211230927767,-0.021924754274496194,-0.002547076788659297
2023-02-28,-0.0022582439352448,989.21,0.3125,0.3541666666666667,0.0014246757714230784,0.007779117249903544,-0.011462036956571386,-0.005218141808209971
2023-03-01,-0.00841861066672387,994.36,0.2708333333333333,0.10416666666666667,0.00017276655358544613,0.0017920303042422425,-0.010383407524549138,-0.0013740290505747312
2023-03-02,-0.00951204338484924,988.77,0.0,0.5625,0.00036659505894165445,-0.0006866381349480699,-0.009192000308840376,9.049000343000567e-05
2023-03-03,-0.014554179302579734,999.49,0.0,0.5,0.0012130024718947086,0.005758066883812363,-0.021525248658287366,-0.007264552172233889
2023-03-06,0.004570489753464359,1007.81,0.10416666666666667,0.0,0.0016250700792073136,0.0125679080245224,-0.009622488350265967,0.0008205662367141489
2023-03-07,0.008876711096431473,990.6,0.8333333333333334,0.0,-0.0008212146131363895,0.01382514700334131,-0.00412722129377352,0.0019967720529878714
2023-03-08,-0.009518271611658502,994.66,0.1875,0.10416666666666667,0.0001300793218477203,7.573370664304413e-05,-0.009724084640150066,0.0008786592428109429
2023-03-09,-0.001230786276320146,999.12,0.16666666666666666,0.14583333333333334,0.0008686808318179584,0.006500323555833465,-0.008599790663972429,0.001677170294470714
2023-03-10,0.015402331913825878,993.48,0.0,0.16666666666666666,0.0005731119120091499,0.020886984954126053,-0.006057764952309974,0.007440211277525807
2023-03-13,-0.022330600123206618,998.65,0.0,0.4583333333333333,0.00020309824041786495,-0.007467849367897461,-0.015065848995728603,0.0006141485929182884
2023-03-14,-0.002440319937919031,1013.97,0.0,0.5833333333333334,0.001969823795465231,0.013260282464711781,-0.01767042619809761,-0.001141895670686311
2023-03-15,0.016325270862931725,1007.71,0.7916666666666666,0.0,-0.001201103066353293,0.02140331243973831,-0.0038769385104536758,0.0027493525795644303
2023-03-16,0.009978762071387887,991.47,0.5208333333333334,0.0,0.0010295534518240945,0.015871407071239796,-0.006922198451676298,0.005754637997228603
2023-03-17,0.00954736934740371,1015.35,0.0,0.0,0.0015974764539007924,0.014084052045981788,-0.006134159152478835,-0.009955917628154341
2023-03-20,0.011021184898784765,1025.16,0.4583333333333333,0.0,0.0011850189325031124,0.015900345417162454,-0.006064179450881779,-0.0004626007100247217
2023-03-21,-0.0075452516855448876,1029.24,0.5208333333333334,0.16666666666666666,-8.981841289507075e-05,-0.0007733883033308464,-0.006682044969317957,0.0007707881446080982
2023-03-22,0.0007146535401096524,1033.23,0.3125,0.041666666666666664,0.002501516721695185,0.005330712076347721,-0.007117575257934328,0.0013774374085922555
2023-03-23,0.013284639977920693,1058.35,0.10416666666666667,0.0,0.006487906333035476,0.011755505600988592,-0.004958771956104002,-0.003468121973450262
2023-03-24,-0.0028679232331350938,1062.34,0.375,0.0,0.002564906487595109,0.0018500228818874032,-0.007282852602617962,-0.0008218751495881929
2023-03-27,0.003036351697684903,1058.26,0.3958333333333333,0.3333333333333333,0.0017914204779113652,0.019852055404690316,-0.018607124184916668,0.0036069080158698326
2023-03-28,0.003664885955323566,1039.85,0.7083333333333334,0.0,0.00017262531536760273,0.01655189227139514,-0.013059631631438862,0.0020593632700827364
2023-03-29,0.007354408334990441,1060.21,0.041666666666666664,0.22916666666666666,0.0019658194337908164,0.029763572098735314,-0.024374983197536004,-0.001116232638681517
2023-03-30,-0.011382085400241675,1065.23,0.5208333333333334,0.5,0.0005378758038129816,0.007095122273886811,-0.019015083477941563,-0.0030551884373011045
2023-03-31,0.013556472635426076,1082.6,0.22916666666666666,0.5208333333333334,0.0035489739090380223,0.015350248603047123,-0.005342749876658892,0.002254601749801122
2023-04-03,0.02086392216360449,1126.97,0.10416666666666667,0.0,0.01103762642342132,0.02414488361104339,-0.014318587870859378,0.010613448167504601
2023-04-04,-9.62776921992196e-05,1129.8,0.3958333333333333,0.08333333333333333,0.004490340390607639,0.022806215854173806,-0.027392833936979666,-0.0036551731099604113
2023-04-06,-0.005355408735612358,1147.27,0.2916666666666667,0.2916666666666667,0.007553246547638004,0.015252251774275305,-0.02816090705752733,-0.0018172877777971144
2023-04-07,-0.02307689455518947,1161.4,0.16666666666666666,0.7291666666666666,0.007985789410175415,-0.014528348771728788,-0.016534335193634425,0.0022468983979434774
2023-04-10,-0.002439555396926239,1130.13,0.8125,0.3125,-0.0021552777283671,0.029062292537863937,-0.029346570206423367,0.0034049903920945414
2023-04-11,-0.020042632093510055,1118.58,0.2708333333333333,0.0,0.0012629180074925639,0.003888333037078917,-0.025193883138081574,-0.0026974576250774337
2023-04-12,0.009111533893107163,1129.41,0.0,0.20833333333333334,0.00025906591491375863,0.015816624801621382,-0.0069641568234277695,0.0032234041491321316
2023-04-13,0.014168898432231458,1101.09,0.0,0.0,0.0031241794258853317,0.019404015023571974,-0.00835929601722496,0.006252851466455422
2023-04-14,0.007183759243694471,1136.81,0.3333333333333333,0.14583333333333334,0.0023411638706366533,0.018803843463438275,-0.013961248090380851,-0.006785214572367518
2023-04-17,-0.010485902867633448,1139.53,0.4583333333333333,0.14583333333333334,0.0008664696700365626,0.002496546719408299,-0.013848919257077152,-0.001902866325233288
2023-04-18,0.005099201900266652,1128.97,0.3125,0.1875,0.0011594794858696966,0.018040985736062665,-0.014101263321666557,-0.008208100897639669
2023-04-19,-0.009497753794057253,1133.3,0.3333333333333333,0.4166666666666667,0.0007185135298392042,0.009761454592639884,-0.019977721916537017,-0.0016979434207201756
2023-04-20,-0.016817296990515193,1165.24,0.4166666666666667,0.14583333333333334,0.0013950564496578166,0.0017661736162599417,-0.019978527056432244,-0.00047590930419594426
2023-04-21,0.011364586793314205,1119.4,0.5416666666666666,0.1875,0.0007610269802701408,0.029473227321096446,-0.018869667508052718,-0.0017268861496957907
2023-04-24,0.007635358620490711,1095.29,0.125,0.0,0.007034455916036408,0.014016493475323188,-0.013415590770869346,0.0001432728903277957
2023-04-25,-0.03069130402634371,1077.81,0.3958333333333333,0.14583333333333334,0.002553436262461295,0.005535273475667735,-0.0387800137644736,0.00039227671519722257
2023-04-26,-0.00040436602109304763,1070.04,0.6875,0.041666666666666664,-0.003084020081869754,0.025141278790724753,-0.02246162472994806,-0.0038705643885306993
2023-04-27,-0.013900204998867734,1067.69,0.25,0.16666666666666666,0.004892283784012963,0.0005498326604449488,-0.01934232144332515,0.005139422531098688
2023-04-28,0.004477983845399226,1088.37,0.8958333333333334,0.0,-0.003574490064495728,0.0177382593255897,-0.009685785415694537,-0.006858608568800676
2023-05-04,0.005707985071927412,1065.18,0.25,0.0,0.003472661877469696,0.008679083704455193,-0.00644376050999762,-0.009253339763391167
2023-05-05,-0.007005337681505696,1048.8,0.22916666666666666,0.0,0.004373604810444964,0.004814388057464758,-0.016193330549415075,-0.0014481444656730478
2023-05-08,0.0036357934395682273,1057.62,0.6666666666666666,0.5833333333333334,-0.0013636086806247394,0.00516904002254609,-0.00016963790235213771,-0.0009622759997296246
2023-05-09,0.012072837983245177,1034.32,0.2708333333333333,0.125,0.003447218086914672,0.013199035518814961,-0.004573415622483423,0.0010966260942626483
2023-05-10,0.01129328488115601,1025.23,0.2708333333333333,0.0,0.004853996145255557,0.016111868470769897,-0.009672579734869236,0.0029825619832309185
2023-05-11,0.013187051512116917,1026.1,0.3125,0.020833333333333332,0.0024095477243438745,0.010685558202073897,9.194558569797229e-05,0.009190268916580374
2023-05-12,-0.006573017194468137,1014.95,0.16666666666666666,0.0,0.004750352159726301,0.0039607834169014255,-0.015284152771095294,-0.002326793726696277
2023-05-15,0.004116432638744734,1025.05,0.5416666666666666,0.0,0.0009866555804027843,0.01840044332954832,-0.015270666271205158,0.0005720936811456387
2023-05-16,0.0015295284423214105,1025.26,0.5,0.0,0.00023631765436848973,0.005683883251688504,-0.0043906724637363115,0.0034450577106777533
2023-05-17,-0.004367278533682729,1029.49,0.22916666666666666,0.1875,0.0008203379563226365,0.004957818184144813,-0.01014543467415091,0.00040949243011208735
2023-05-18,0.005772753075845308,1034.63,0.0,0.0,0.0005773778097683535,0.010933671605776518,-0.005738296339698412,0.0016981639655015513
2023-05-19,0.0037849482823889558,1040.65,0.3541666666666667,0.020833333333333332,3.133750652956069e-05,0.013038980619863583,-0.009285369844004077,0.005329696449226481
2023-05-22,-0.0014988561442952422,1032.46,0.5208333333333334,0.0,0.00021867145357507,0.008502790159310769,-0.01022031775718063,-0.0006439243082863724
2023-05-23,-0.0024464387498728743,1017.56,0.1875,0.0,0.0020384322473871452,0.0093999114970163,-0.013884782494275383,-0.002881748507320304
2023-05-24,0.021024729943581684,1011.24,0.375,0.0,0.0014955016752848938,0.022776860016577194,-0.003247631748280355,0.00492298365556569
2023-05-25,-0.007884560225401328,1020.67,0.3958333333333333,0.0,0.0016649223968069893,0.00745180899957304,-0.0170012916217801,-0.005077178931176813
2023-05-26,0.004617484834728841,1037.82,0.20833333333333334,0.0,0.0019491023961555887,0.012404401361528705,-0.009736018922955836,0.002092316879032717
2023-05-29,-0.013221988730497694,1028.85,0.6666666666666666,0.16666666666666666,-3.4142577587437106e-05,0.002145748711977813,-0.015333594864890221,0.0025097011629672253
2023-05-30,0.014512651787071871,1044.19,0.125,0.3541666666666667,0.001442700561178567,0.020757598604705496,-0.007687647378812779,0.002482707522420091
2023-05-31,-0.0009181807915634897,1051.28,0.4166666666666667,0.0,0.001555104430988996,0.011348785510907289,-0.013822070733459757,-0.003923699254373052
2023-06-01,0.017702995431017124,1054.56,0.2916666666666667,0.0,0.003211317310512829,0.016064718757979768,-0.0015730406374750983,-0.004717393643167025
2023-06-02,0.0019832299590838713,1053.43,0.6875,0.0,-0.0011186688353840846,0.010166032982466322,-0.007064134187998394,-0.002275421697566966
2023-06-05,-0.0084860826531007,1052.86,0.7291666666666666,0.0,-0.00021550112924961784,0.006230173940760697,-0.014500755464610104,-0.00931760062661051
2023-06-06,0.027539870207876696,1024.26,0.2708333333333333,0.0,0.0027536191082650485,0.02473882865788618,4.7422441725175624e-05,0.003629180274593881
2023-06-07,-0.006027195890904452,1018.04,0.3541666666666667,0.0,0.0019778946674688935,-0.0015672862874145932,-0.006437804270960024,-0.000947760863936257
2023-06-08,-0.014490239748824527,1007.23,0.3125,0.0,0.003058201050755549,-0.005345320610379234,-0.012203120189201,0.006290288544922503
2023-06-09,0.0055107259509415505,1028.51,0.6041666666666666,0.6041666666666666,0.00015003255730527965,0.012341995645488046,-0.006981302251849397,-0.0017658559563298129
2023-06-12,-0.008740634265788617,1027.05,0.22916666666666666,0.0,0.0005840654391482403,0.0016202738801971983,-0.010944973585134188,-0.002220273259034402
2023-06-13,0.00808646401478928,1040.06,0.0,0.0625,0.002786515757365826,0.014852969188294096,-0.009553020930870182,-0.0013938642995578742
2023-06-14,-0.006832311290681043,1035.55,0.75,0.0,-0.000941009159368178,0.006147750622819026,-0.012039052754132251,0.0005485120545538624
2023-06-15,-0.0017923283343373117,1034.16,0.5,0.7708333333333334,4.8160405098196524e-05,0.00301594835155905,-0.00485643709099387,-0.0009654280974995582
2023-06-16,0.00984109319262258,1052.73,0.041666666666666664,0.0,0.003276659201982335,0.012032075928585573,-0.005467641937944745,0.0005511853040762594
2023-06-19,-0.005205020730932195,1055.63,0.3541666666666667,0.0,0.0020404344433552213,0.0044049812378155195,-0.011650436412101617,0.00043680148067493297
2023-06-20,0.0016458178070769271,1054.55,0.4791666666666667,0.0,0.00027064733204845703,0.01060194901619238,-0.00922677854116466,0.0008910122108372761
2023-06-21,0.005236097760859617,1021.31,0.10416666666666667,0.14583333333333334,0.0025400164209121168,0.016771367790839653,-0.014075286450892788,-0.005024873671477531
2023-06-26,0.020294638384114775,1010.47,0.16666666666666666,0.0,0.005428041030386244,0.03007169009088423,-0.015205092737155312,0.00892999332832868
2023-06-27,-0.02517415255748255,1012.72,0.4375,0.4583333333333333,0.0010545333026370507,-0.00819339477408354,-0.018035291086034633,-0.0007618520297849893
2023-06-28,-0.015812352008452407,1008.17,0.5208333333333334,0.7708333333333334,0.000570079642008281,0.011406096956738832,-0.02778852860720099,0.005649704689234792
2023-06-29,-0.009434319498745302,1002.13,0.3541666666666667,0.6666666666666666,0.0016528360228992844,-0.0019207282214486199,-0.009166427300195179,0.00365667451710238
2023-06-30,-0.009087117742904022,1006.74,0.7708333333333334,0.08333333333333333,-0.001716768459854634,0.0032854801164226566,-0.010655829399471517,0.002279271620146604
2023-07-03,0.0012504531883294593,1007.98,0.3958333333333333,0.4791666666666667,0.000830496320107732,0.01050538186823019,-0.010085425000009529,0.0014216621920939152
2023-07-04,0.00807882307417012,1015.42,0.14583333333333334,0.0,0.0007351467827369507,0.013175517590998886,-0.005831841299565876,-2.9749656641635044e-05
2023-07-05,0.0048037312773878986,1006.14,0.0,0.0,0.0005961880848119328,0.006445709752424866,-0.002238166559848931,-0.00199134520994722
2023-07-06,0.008698713504605994,1002.41,0.10416666666666667,0.0,0.0011983724299454157,0.00993334976729715,-0.0024330086926379613,0.0010545166118455826
2023-07-07,0.004971714970120788,992.48,0.3958333333333333,0.0,0.0011638321264560991,0.015152869056979157,-0.01134498621331631,0.001088296922897752
2023-07-10,-0.00098726501439641,993.54,0.3958333333333333,0.4375,0.0010463643727525174,0.004228283432485436,-0.0062619128196317875,-0.000896910757046372
2023-07-11,-0.003191986313641852,1000.71,0.5416666666666666,0.0,-8.35191699371518e-05,0.005132696991235586,-0.008241164134940915,0.002843808597985339
2023-07-12,-0.0013887097675996933,985.31,0.041666666666666664,0.2916666666666667,0.002035607465431022,0.005707456325092453,-0.009131773558123224,-0.0021692958298287087
2023-07-13,-0.004413984113743053,995.91,0.7916666666666666,0.0,-0.000596905088258215,0.0017538244482815935,-0.005570903473768096,-0.0037696125056669093
2023-07-14,-0.0012531802548366266,991.18,0.2916666666666667,0.0,0.000661936983461342,0.004823508254383602,-0.006738625492681061,0.0038281202800097805
2023-07-17,0.00742270614095869,983.85,0.0,0.0,0.003507494840887082,0.0045084465392709605,-0.0005932352391998519,0.002706470921525606
2023-07-18,-0.007041029474591837,981.04,0.2708333333333333,0.2916666666666667,0.0015718260543267637,-0.0008607855227270034,-0.007752070006189715,-0.00042638295926318586
2023-07-19,-0.011907201394621012,974.9,0.25,0.08333333333333333,0.0018972737408734508,-0.0025421900251595964,-0.011262285110334724,-0.007097059813842517
2023-07-20,0.0029610241246226417,961.4,0.22916666666666666,0.0,0.0032187532718405687,0.009249872785331126,-0.009507601932550291,0.0033478574799155666
2023-07-21,-0.004808167343630463,956.34,0.3125,0.0,0.0027783440245607305,0.0013530795393917328,-0.008939590907582673,0.002333310086640749
2023-07-24,0.001812330334094074,950.75,0.20833333333333334,0.4166666666666667,0.0038142297158533234,0.003178297145311093,-0.005180196527069969,0.0016653490869110478
2023-07-25,-0.0035570926137552354,964.49,0.9583333333333334,0.0,-0.0017857012951662532,0.004683518226097028,-0.00645490954468636,-0.011474601206897654
2023-07-26,-0.00943010091075744,961.4,0.4375,0.0,0.0006750088562242351,0.00199148674804861,-0.012096596515029978,-0.0008817656630864335
2023-07-27,0.004058316894531858,952.44,0.125,0.020833333333333332,0.002265431506154103,0.006082684119195658,-0.004289798730819028,-0.0010497815651671356
2023-07-28,0.014324309436830648,962.31,0.7291666666666666,0.0,0.00039174976750239177,0.013518575160662127,0.00041398450866741987,0.001881428548321835
2023-07-31,0.008371710685419163,970.58,0.125,0.0,-0.00015215313572219946,0.014691334932611932,-0.006167471111469536,-0.0009873567186265845
2023-08-01,-0.0049254689959598325,969.41,0.6458333333333334,0.5833333333333334,-0.00023527926018929168,-0.0009253551632220081,-0.0037648345725490584,0.0004333470971652674
2023-08-02,0.0004772413114867395,968.45,0.5833333333333334,0.5,0.00031312979367636995,0.0017741133304970402,-0.001610001812687889,-0.0020543321098840466
2023-08-03,-0.0027172482687791593,970.6,0.125,0.7916666666666666,0.0004442482189379593,0.0019921251854729816,-0.005153621673189446,-0.006100516591997497
2023-08-04,-0.002624115249359978,976.48,0.375,0.041666666666666664,0.000843054639531382,0.005081980534405561,-0.008549150423299845,0.0021720676630312182
2023-08-07,-0.004078083535900099,969.04,0.8125,0.4791666666666667,-5.8384336258543446e-05,0.0033604170823680612,-0.007380116282008409,-0.0025550661132079907
2023-08-08,-0.0032115994984018097,965.83,0.0,0.125,0.00028841119449524166,0.002064506943020461,-0.005564517635916255,0.0015183365257006086
2023-08-09,0.00761117691333618,957.65,0.125,0.0,0.0017982978306747555,0.007367317415888974,-0.0015544383332283807,0.004182608340438835
2023-08-10,0.0009089634062608479,959.08,0.4583333333333333,0.020833333333333332,0.0004741284275670554,0.004159121124855392,-0.0037242861461619925,0.00015669151129676988
2023-08-11,0.01581631524391058,939.39,0.0625,0.0,0.003991412481926138,0.013390928552599157,-0.0015660257906142672,0.0009691185427661114
2023-08-14,0.02256391206766599,930.75,0.4791666666666667,0.0,0.0011628090508138955,0.024996192358262947,-0.0035950893414111174,0.00714113123121226
2023-08-15,0.005544787417949146,917.55,0.3333333333333333,0.0,0.0033210741493358564,0.013275236784231759,-0.011051523515618555,0.0027474313789958267
2023-08-16,0.004910486280325324,902.26,0.22916666666666666,0.0,0.005491760154247405,0.005715751611927333,-0.006297025485848762,-0.0009378203998074078
2023-08-17,0.00024088399517888646,910.37,0.6041666666666666,0.0,-0.001151014163619235,0.014534493058717568,-0.013142594899919258,0.0022091605851846446
2023-08-18,0.011430070262809624,905.55,0.3541666666666667,0.0,0.0018951220913012157,0.011148569898704164,-0.0016136217271948694,0.015174599505527046
2023-08-21,-0.00650136558203997,892.52,0.22916666666666666,0.0,0.003883166231070767,0.005647101550840861,-0.016031633363951914,0.004466692935127478
2023-08-22,0.02018948422342271,902.13,0.2916666666666667,0.0,0.005213781950376473,0.030947723945066397,-0.01597202167201861,-0.005198940618981608
2023-08-23,0.005040079514626888,880.07,0.0625,0.1875,0.005920714103332947,0.0069585745935074605,-0.00783920918221337,-0.0012992134369471926
2023-08-24,-0.004292516913800389,885.87,0.4375,0.2708333333333333,0.0007190952255218819,0.007923996573907244,-0.012935608713228408,-0.0049227099398740735
2023-08-25,0.0029219728220181724,870.83,0.0625,0.08333333333333333,0.0071765777877763615,0.010980362136978172,-0.015234967102736308,0.006014800225046278
2023-08-28,0.0366628395670115,881.84,0.1875,0.0,0.002186677315704433,0.040734426140779934,-0.00625826388947226,0.06192135854450127
2023-08-29,0.021527370452196062,917.68,0.041666666666666664,0.0,0.0025620188133159694,0.03251946036572406,-0.013554108726845038,0.0016032113134490226
2023-08-30,0.021391312626043154,940.34,0.25,0.0,0.006670438025964787,0.029193469482811762,-0.014472594882735557,0.020904728263433023
2023-08-31,-0.004612100912766796,941.96,0.4791666666666667,0.4166666666666667,0.0008081812540551292,0.0038759379033648234,-0.00929622007018771,-0.0036890181720035994
2023-09-01,-0.006656021633093544,934.17,0.5625,0.125,-0.0007982230154787717,0.008954395101563262,-0.014812193719176692,0.0017383382052531175
2023-09-04,-0.018902505613204678,940.52,0.4375,0.6041666666666666,0.0007718886192056851,-0.002008148728352699,-0.017666245504059153,0.001101245159700403
2023-09-05,0.005543408984550918,931.22,0.7916666666666666,0.3333333333333333,-0.0012318451160795996,0.012110342733578194,-0.0053350886329471825,0.00013793176643495754
2023-09-06,0.00472395800012454,934.72,0.25,0.0,0.0009804878738626788,0.01610009583534111,-0.01235662570907986,0.00471759954692182
2023-09-07,0.019003586383638103,900.19,0.0,0.20833333333333334,0.004834778001057638,0.024221741133565733,-0.010052932750986066,-0.005622453061106452
2023-09-08,-0.015692653080596235,901.33,0.4791666666666667,0.0625,0.001187687895120082,0.00409043636591816,-0.020970777341632774,0.0048236350929024485
2023-09-11,-0.0063346314176383756,907.55,0.4583333333333333,0.25,0.000377896186005644,0.005260307489838245,-0.011972835093481904,-3.327694739764115e-05
2023-09-12,0.002322476342561074,902.37,0.25,0.0625,0.0018828418824361481,0.00851035409173928,-0.008070719631614987,0.0017535834385057636
2023-09-13,0.021563932047331737,888.97,0.10416666666666667,0.0,0.005658465114449396,0.018492281988978954,-0.002586815056097036,0.0017983819413793295
2023-09-14,-0.001329369767889695,881.0,0.3333333333333333,0.041666666666666664,0.0026610983895801743,0.0009057780905999957,-0.004896246248068614,-0.0009789636146054189
2023-09-15,-0.01121243469849293,884.53,0.4583333333333333,0.5,0.0009352435546381432,0.012670696983578256,-0.024818375236709156,0.0025738872515654937
2023-09-18,-0.005115724190684728,879.26,0.5416666666666666,0.6041666666666666,-3.17113834180649e-05,0.003079509557293747,-0.008163522364559084,0.006367395225883464
2023-09-19,-0.01131229994759017,873.57,0.3958333333333333,0.020833333333333332,0.001579300820273244,0.0077650424373357785,-0.020656643205200442,-0.0002046757034344221
2023-09-20,-0.0009022568055740465,865.79,0.25,0.14583333333333334,0.0027802206945263253,0.0010549090234371894,-0.004737386523537612,-0.004117804688742523
2023-09-21,-0.009103787596024098,860.48,0.20833333333333334,0.0,0.003530587830320675,-0.0015240885149787609,-0.01111028691136462,0.0039105484101617525
2023-09-22,0.009337882598094165,882.44,0.7083333333333334,0.10416666666666667,0.0003117751607912833,0.01756574113560949,-0.008539633698305349,-0.0003950915734205683
2023-09-25,-0.008842109421962247,874.91,0.0,0.0,0.00029202724092425303,0.0027683344365639906,-0.011902471099450862,-0.0029038132927114322
2023-09-26,-0.013764477778689641,876.55,0.0,0.5208333333333334,-0.00012960538762107898,0.002479324112327652,-0.01611419650339707,-0.001953382198796568
2023-09-27,-0.005200666924752833,880.82,0.020833333333333332,0.7083333333333334,0.0006822019607328755,0.0050477982301502244,-0.010930667115635284,0.0007079727155281276
2023-09-28,-0.005830627801244353,888.16,0.4791666666666667,0.4791666666666667,0.0007734063819510029,0.005296206893007138,-0.011900241076201579,-0.0002499204811481371
2023-10-09,-0.0030998247332218783,887.69,0.5208333333333334,0.3958333333333333,0.00047767448695146264,0.010152398257631812,-0.013729897477806063,0.004063211007791907
2023-10-10,0.0001803606699283663,882.41,0.4583333333333333,0.0,0.0004011763906967003,0.007426503889917613,-0.007647319610686321,0.0010589402575696863
2023-10-11,0.006149908745529644,893.99,0.4791666666666667,0.041666666666666664,-0.00020835794516183004,0.013168692295892015,-0.006810425605200954,-0.0040618497070569115
2023-10-12,0.0020537237638801895,900.15,0.3541666666666667,0.0,0.0018429603431283637,0.01114496806540266,-0.010934204644650114,0.0028500396502600897
2023-10-13,-0.015118896425408474,892.27,0.7083333333333334,0.20833333333333334,-0.00042166671426813185,0.0007494396276431781,-0.015446669338782915,-0.0050238207530913246
2023-10-16,0.005827336663708804,874.95,0.10416666666666667,0.0,0.003277266093462905,0.012640346372755573,-0.010090275802509985,-0.001391538772407788
2023-10-17,-0.009695332525336395,882.97,0.5208333333333334,0.08333333333333333,0.00012582208720945953,0.006889607453382185,-0.016710762065927587,0.0002859904727467646
2023-10-18,-0.009451057063810863,869.79,0.1875,0.3958333333333333,0.0016338917433786904,0.001886451544090395,-0.01297140035128086,0.002852455383626824
2023-10-19,-0.004985096669111112,870.36,0.375,0.5625,0.0010794212619157362,0.007164657030691912,-0.013229174961719048,0.006112276989799984
2023-10-20,-0.0010601173655473944,861.66,0.16666666666666666,0.0625,0.0029964365694639117,0.005018844411712853,-0.009075398346723218,0.004977312854008244
2023-10-23,0.021415559188196345,839.63,0.125,0.0,0.007027916969426395,0.017690871841056,-0.0033032296222869073,0.005036973581810732
2023-10-24,0.00863991364482103,852.24,0.5625,0.16666666666666666,-0.00034958095504356024,0.020446161363393278,-0.011456666763528967,-0.00469057936525204
2023-10-25,0.01043732376392767,849.24,0.25,0.0,0.002119179160484097,0.011747557092661287,-0.003429412489218131,0.010711172460467324
2023-10-26,0.018317232078403366,849.81,0.2708333333333333,0.0,0.0035820832502483357,0.019929751479618396,-0.005194602651463431,0.007878713920300243
2023-10-27,-0.0034937329670497717,861.99,0.6875,0.0,0.0004246639006080244,0.007552379286433375,-0.011470776154091755,-0.00641395072647234
2023-10-30,0.00015201571475436293,877.96,0.08333333333333333,0.0,0.003665374504120411,0.0067625175891826705,-0.010275876378550097,-0.00031323051121242147
2023-10-31,0.0014126207007772746,875.61,0.6666666666666666,0.0625,-0.0014676398547393,0.011094673389517973,-0.00821441283400326,-0.0048848190920527754
2023-11-01,-0.00876157554884177,870.48,0.6666666666666666,0.6666666666666666,-0.00036186924979753066,0.004861002576301954,-0.013260708875344807,-0.0004232320118082011
2023-11-02,-0.0022464664524359844,860.31,0.5416666666666666,0.08333333333333333,0.0003584125136287808,0.00570658759713405,-0.008311466563198144,-0.001871982263263939
2023-11-03,-0.006461073363068616,875.08,0.0,0.020833333333333332,0.0018053160724352812,0.003582413284951347,-0.011848802720455853,-0.0018704949484055656
2023-11-06,0.016625213640596624,889.75,0.0,0.0,0.006141076746509988,0.010255691373076026,0.000228445521010201,0.005956839200068021
2023-11-07,-0.004344405741969818,891.51,0.3125,0.375,0.0020523609095810524,0.004086080838473949,-0.010482847490023595,-0.0033869539131918566
2023-11-08,0.01679351800888662,900.4,0.2708333333333333,0.14583333333333334,0.003669649122116092,0.01965810266265544,-0.006534233775884357,-0.000662054750299395
2023-11-09,-0.006008119990693895,894.49,0.7083333333333334,0.22916666666666666,-0.000981316082643957,0.010943152471597162,-0.01596995637964571,-0.0018914534222235814
2023-11-10,-0.00251417231749706,889.66,0.6666666666666666,0.0,-0.00014243189039442328,0.0064568318963330595,-0.008828572323434591,0.005396049642638196
2023-11-13,-0.0023602768700654543,896.54,0.2708333333333333,0.0,0.0008319931784297463,-4.184820878105899e-05,-0.00315042183971459,0.004205810209180626
2023-11-14,0.002705066901073333,904.24,0.3125,0.0,0.001797862868051725,0.010945150578537122,-0.010037946545515097,-0.0008257270214085512
2023-11-15,0.00520492484991463,902.32,0.6041666666666666,0.0,0.00018983931274418886,0.011952558521603152,-0.006937472984434256,0.00912514518612852
2023-11-16,0.012197858631010083,888.06,0.3541666666666667,0.0,0.0010274377852932393,0.016006205491095715,-0.004835784645379537,0.0038202742862030333
2023-11-17,-0.007549805467522169,891.0,0.3541666666666667,0.5833333333333334,0.000956857460775784,0.0006379963327119986,-0.009144659261008936,0.0004961156502213369
2023-11-20,-0.0018626029869909964,892.52,0.3958333333333333,0.5,0.00022393874905934918,0.009949818300931224,-0.012036360036981608,-0.000538635917594543
2023-11-21,-0.003029449660254975,885.66,0.0,0.10416666666666667,0.000608021210674714,0.00608541561965148,-0.009722886490582505,-0.0003248298872054248
2023-11-22,0.01611726481688443,871.5,0.0,0.0,0.004284747598793048,0.01057454175378958,0.0012579754643026186,0.0033166399930468385
2023-11-23,-0.003346237512362635,878.08,0.5625,0.0,0.00033916971138625573,0.009825115244665783,-0.01351052246841522,0.001045610542176211
2023-11-24,0.0009266812354475256,865.16,0.0625,0.10416666666666667,0.004574070537514019,0.0030725794915503757,-0.006719968793617026,-0.0024980764124336316
2023-11-27,-0.005041065561905658,868.8,0.6458333333333334,0.0,-0.0004793278401494794,0.0041432163240966435,-0.00870495404585181,0.0005783556354246209
2023-11-28,-0.00477739422313822,871.93,0.6041666666666666,0.2708333333333333,1.581189974153574e-05,0.006931990681731781,-0.011725196804610816,0.000898182967271063
2023-11-29,-0.0048794075597780925,862.84,0.20833333333333334,0.7291666666666666,0.0017561103664467392,0.0020151346312071716,-0.008650652557431693,-0.0017333314715043703
2023-11-30,-0.002903054870145531,863.8,0.3125,0.0,0.0017583269433079085,0.007740105337139425,-0.012401487150592971,0.0006150097376988129
2023-12-01,-0.007168673839379545,868.51,0.2916666666666667,0.125,0.0018908700854405325,0.007042286854862856,-0.01610183077968419,-0.002718320249234058
2023-12-04,0.001837848813079863,862.35,0.10416666666666667,0.2708333333333333,0.00044224581649765504,0.005055533442098414,-0.0036599304455157133,0.00033422267608585084
2023-12-05,0.014801550474669576,845.92,0.125,0.0,0.003402260483291175,0.012621954767417787,-0.0012226647760383846,0.0028232688483234886
2023-12-06,-0.018608690012148755,848.5,0.3541666666666667,0.3125,0.0017836874002632452,-0.004406550083402294,-0.015985827329010993,0.0023437233299218253
2023-12-07,0.005501394286556595,848.35,0.5208333333333334,0.4166666666666667,0.001083515884481523,0.014362147951325066,-0.00994426954925054,-0.0019930544545075637
2023-12-08,0.016599831750805292,862.55,0.6041666666666666,0.0,0.0004863239593481117,0.015250557093756778,0.0008629506976995938,0.0019803854077111447
2023-12-11,0.010889534503641794,878.38,0.020833333333333332,0.0,0.0028608733190952362,0.010518650686766717,-0.0024899895022191254,-0.009559151600509545
2023-12-12,0.001929885229836064,869.57,0.8125,0.0,-0.0021126785037370865,0.009316529660728379,-0.005273965927155566,-0.002085221327467914
2023-12-13,-0.004170163995298858,861.55,0.8125,0.4583333333333333,-0.0005641555961650724,0.008307810082053835,-0.011913818481186333,0.00126521145906052
2023-12-14,-0.015391541129550471,855.74,0.125,0.020833333333333332,0.0005171762911352351,-0.001384521927078497,-0.014524195493608727,-0.004448725434350637
2023-12-15,0.0013512107546565994,847.6,0.16666666666666666,0.125,0.002744629490301742,0.009673712384164257,-0.01106713111980906,-0.0012960402535734028
2023-12-18,0.0014486511061252599,840.6,0.10416666666666667,0.0,0.0043613087922200755,0.0033756051295905642,-0.006288262815686174,0.0023271620909891986
2023-12-19,0.0072020363165152985,844.72,0.4166666666666667,0.0,0.0006146369611883529,0.010977919714422746,-0.004390520359096484,0.001237859613405799
2023-12-20,0.00284662668005373,836.02,0.1875,0.125,0.002409452606339846,0.0008257385877904477,-0.0003885645140767613,0.0016655547134048368
2023-12-21,0.0003190338774582567,847.72,0.5625,0.0,0.0011609867717541356,0.012252372023247138,-0.013094324917542921,0.004004609447510708
2023-12-22,0.0046133536203978925,843.3,0.0,0.0,0.0011707287873357064,0.01383440309577555,-0.010391778262713425,0.0013573407651398233
2023-12-25,-0.011405054318512638,837.9,0.2916666666666667,0.25,0.0009947399138214852,0.00012118833194096901,-0.012520982564273808,0.0034923121554663035
2023-12-26,0.008494764092285596,825.62,0.22916666666666666,0.0,0.003418444380021479,0.01281285938264587,-0.007736539670381237,-0.0008244959391643912
2023-12-27,-0.0025635973702564053,830.36,0.7083333333333334,0.0,-0.0013085059855342251,0.0011033976860137518,-0.0023584890707344375,-0.00190062341956961
2023-12-28,0.02009213528832436,850.09,0.3333333333333333,0.0,0.00224078526137117,0.022086892368728073,-0.004235542341775589,-0.0020018578131058454
2023-12-29,-0.012191180720889549,851.75,0.2916666666666667,0.125,0.0017264860798238413,-0.006195480273376908,-0.007722186527336361,0.0009176471232175905
2024-01-02,-0.007575397116367519,840.61,0.4583333333333333,0.020833333333333332,0.000394868727401132,0.0034852902020787724,-0.011455556045848247,-0.0012096515212789158
2024-01-03,0.010727236749507651,830.04,0.14583333333333334,0.0,0.0024249292262646938,0.013718669880547929,-0.00541636235730536,0.0017877366062812577
2024-01-04,0.009960237456840226,824.17,0.20833333333333334,0.0,0.003809565670086168,0.011875495092368737,-0.005724823305614524,0.0017579775749658262
2024-01-05,0.010978928091750294,808.06,0.20833333333333334,0.14583333333333334,0.004547060988965068,0.011881571282664871,-0.0054497041798801105,-0.00419644830521499
2024-01-08,0.016800710678764406,784.83,0.041666666666666664,0.0,0.012400831273460922,0.004664523667752052,-0.0002646442624483214,0.005997671071251412
2024-01-09,0.006043373323507997,782.64,0.4583333333333333,0.0,0.0015896686786662784,0.0135195790829713,-0.009065874438129451,-0.0026099536748666508
2024-01-10,-0.0013890931446929751,778.57,0.2916666666666667,0.5833333333333334,0.0043780339313377326,0.011551896650316862,-0.017319023726347083,-0.0049295558881363895
2024-01-11,-0.02197595057407101,790.16,0.5625,0.0,-0.00032020046836855887,0.0025539603615195583,-0.024209710467224088,0.002293047149081768
2024-01-12,0.00260724413887989,778.25,0.22916666666666666,0.22916666666666666,0.0027159897401383137,0.0038961408408176856,-0.004004886442075972,0.0023195543675422923
2024-01-15,-0.0001698253619434217,773.23,0.25,0.1875,0.003618076821259919,0.011055235802936214,-0.01484313798613901,0.004377726971825543
2024-01-16,0.014272494926417068,776.93,0.3125,0.14583333333333334,0.0031143734763834363,0.01292024083541976,-0.00176211938538684,0.0020320343507291756
2024-01-17,0.00814703136215866,758.73,0.08333333333333333,0.0625,0.005150905564301533,0.008225296081168176,-0.005229170283312268,-0.0019829268823074843
2024-01-18,0.00754703975846726,768.68,0.375,0.0625,0.004224559353856239,0.030467267690676758,-0.02714478728606562,0.006294204291602076
2024-01-19,-0.02192569599583588,766.05,0.3125,0.041666666666666664,4.9220863532428716e-05,0.004295035774886102,-0.026269952634254135,-0.0013545901831638798
2024-01-22,0.018380417576069785,742.41,0.0,0.0625,0.0053831380171096566,0.020031138460650744,-0.007033858901691059,-0.0024459324063464856
2024-01-23,-0.027625275882642984,749.8,0.6458333333333334,0.0,-0.00017427866752717236,0.008304756034421934,-0.03575575324953817,0.005200570950128156
2024-01-24,0.044268007148544807,749.91,0.3541666666666667,0.10416666666666667,0.003754120191859278,0.0450009609656139,-0.004487074008927672,0.004352028163285856
2024-01-25,0.0033937978583799227,765.07,0.4166666666666667,0.0,0.0009480999520169453,0.010385158041619658,-0.007939460135255483,-0.0015206085362995743
2024-01-26,-0.00254709005238188,747.0,0.0,0.0,0.0008232799467319252,0.00840633957338277,-0.01177670957249699,-0.007668497922736999
2024-01-29,0.009842024648947286,725.98,0.08333333333333333,0.0,0.006148398296892621,0.013482426465713626,-0.009788800113658569,-0.002890871683241962
2024-01-30,0.040005615725659964,697.51,0.0,0.0,0.014851349453400386,0.025821830541148172,-0.0006675642688889205,0.007084083586197876
2024-01-31,0.034569026210160225,686.16,0.3333333333333333,0.0,0.0070730090119695,0.03512258134847812,-0.007626564150287951,0.00574838113763387
2024-02-01,-6.477573630507604e-05,691.37,0.3333333333333333,0.0,0.005906245915716979,0.025747741378879363,-0.03171876303090182,0.006048774639528278
2024-02-02,0.0258300909861687,674.92,0.08333333333333333,0.0,0.013008271589176168,0.037287722844431825,-0.024465903447439152,-0.004352768562411328
2024-02-05,0.029739233956802794,679.92,0.5,0.020833333333333332,0.003167910152797271,0.0710163248466179,-0.04444500104261084,0.0029507513199036784
2024-02-06,0.032473629441700715,721.1,0.4375,0.0,0.0045366705381753025,0.042949039330125616,-0.01501208042659996,0.0019818973534539773
2024-02-07,0.017829803466125605,743.16,0.3333333333333333,0.0,0.006306937690493397,0.030379176496931004,-0.01885631072129801,0.003476192987448666
2024-02-08,0.032262730512758034,751.24,0.5833333333333334,0.0,0.0001432701433335959,0.03909037686163319,-0.006970916492208712,0.008331930375483618
2024-02-19,-0.000966187348067718,762.9,0.375,0.0,0.004142011042026494,0.0007586979450240339,-0.005866896335119165,-0.014714888992293606
2024-02-20,-0.009710526815813712,756.15,0.7708333333333334,0.0,-0.00406467217466755,0.004743203086470249,-0.010389057727616002,-0.009530149791912475
2024-02-21,0.0015440229311019283,756.01,0.3958333333333333,0.0,0.0033445156412366117,0.01911693500674061,-0.02091742771687488,-0.0099205181267755
2024-02-22,-0.026175561201089444,761.81,0.4583333333333333,0.5833333333333334,0.0008592027867279084,0.00020045813788127642,-0.02723522212569951,-0.0027770081717517544
2024-02-23,0.009731859796768948,763.93,0.4791666666666667,0.8958333333333334,0.001021922285574406,0.012141808394904197,-0.003431870883707555,0.008008456208415064
2024-02-26,-0.007035890966752397,768.69,0.2708333333333333,0.20833333333333334,0.003663066845376539,0.007892547367157166,-0.01859150517928665,-0.0005888087261465611
2024-02-27,0.0352246800720075,796.77,0.2708333333333333,0.4583333333333333,0.006286771648578493,0.030251218732526675,-0.001313310309096316,-0.006304886597273646
2024-02-28,0.034405328667424975,772.88,0.6666666666666666,0.0,-0.0012207189397309692,0.04842179596505625,-0.012795748357899983,0.0011537932227969952
2024-02-29,0.0041701448259124346,806.75,0.2708333333333333,0.125,0.005076295202561365,0.02630315927295923,-0.027209309649608215,0.002634397915875148
2024-03-01,0.0009725388959941921,815.65,0.1875,0.0,0.008036069320481398,0.009266186831879963,-0.016329717256366894,0.0020901492356880866
2024-03-04,-0.0010739965549539556,819.09,0.4166666666666667,0.25,0.002718606905718013,0.009972340752797404,-0.013764944213471186,0.005466399010498598
2024-03-05,-0.016811076097441924,820.59,0.5625,0.7708333333333334,-0.00020061346309951933,0.005216787009524659,-0.021827249643866953,-0.007222018601390697
2024-03-06,0.015390619304562002,812.12,0.4791666666666667,0.3125,0.0010983724549697982,0.013830662553977136,0.0004615842956144922,0.001995214596564488
2024-03-07,0.006634692053959041,794.83,0.5208333333333334,0.20833333333333334,0.001011488473643407,0.013079216123089377,-0.0074560125427728385,-0.002792009537859882
2024-03-08,0.0008404078385962654,803.31,0.5833333333333334,0.0,-0.00039015558260868666,0.010891821793852952,-0.00966125837264653,-0.0013588668136928722
2024-03-11,0.009525916437107915,818.7,0.16666666666666666,0.0,0.00214256931480028,0.011803674396044572,-0.004420327273737312,-0.0028676536078283063
2024-03-12,-0.013389404788486705,817.79,0.4583333333333333,0.20833333333333334,0.0008496683538062877,0.006337330934324981,-0.02057640407661765,9.774215626978905e-05
2024-03-13,0.008922720760032506,815.11,0.5,0.6666666666666666,0.0007965833323699822,0.015841727444712905,-0.007715590017052465,0.004356135668804706
2024-03-14,0.01391776311746882,805.05,0.3958333333333333,0.0,0.0008008862992973098,0.019834083150579107,-0.006717206332409242,0.0042055102439668085
2024-03-15,0.00904898371234269,808.94,0.2916666666666667,0.0,0.0021835199485763512,0.015827713783267305,-0.008962250019500129,-0.002425721286216423
2024-03-18,0.020506762751886346,825.7,0.10416666666666667,0.0,0.004083562007917374,0.016697748345078756,-0.00027454760110945386,0.0021246904340185392
2024-03-19,-0.0023160347197284607,812.61,0.8125,0.0,-0.00156491286949334,0.007665184419446747,-0.00841630626968315,-0.003908768132316828
2024-03-20,-0.006763065621469693,814.13,0.3125,0.0,0.0004480730275523426,0.005269049618983224,-0.012480188268007675,0.0013313119084786597
2024-03-21,0.010647582362720764,806.09,0.0,0.0,0.0005537558130471743,0.018435493193019625,-0.008341666643346457,0.007477837032351438
2024-03-22,0.00573392611412068,795.01,0.3125,0.0,0.00200469949373272,0.01698982189921261,-0.013260595278824616,0.002633280202011721
2024-03-25,0.012032283405064806,781.95,0.3958333333333333,0.0,0.002223043848294304,0.017531546285689203,-0.007722306728917383,0.0017012700615745937
2024-03-26,-0.0036769884494130788,771.91,0.1875,0.0,0.006255071683656799,0.0030370282982120633,-0.012969088431283193,-0.00010234236087188758
2024-03-27,0.010984249900140753,754.23,0.1875,0.0,0.007459818134373797,0.008842984946711319,-0.005318553180943986,0.0007126060302981934
2024-03-28,0.015743271006287227,763.05,0.5,0.0625,-0.00011930321137065825,0.023275265229914743,-0.0074126910122568335,-0.001433577817992644
2024-03-29,0.015811349272756046,763.39,0.375,0.0,0.0032818409154344863,0.015876330456355503,-0.0033468220990341413,0.002124702422997469
2024-04-01,0.011284462992182437,775.71,0.75,0.0,-0.0004755648342106289,0.015251121597871009,-0.00349109377147816,0.0037818112687645128
2024-04-02,-0.005346334932987563,768.9,0.0,0.0625,0.0010290159701439316,0.005901557914453681,-0.012276908817584142,-0.0010320850322052993
2024-04-03,-0.008687433763531642,757.71,0.3333333333333333,0.0,0.00222151146294014,0.012548774423409514,-0.02345771964987975,-0.0007547170169557915
2024-04-08,0.0226780405460007,740.72,0.0,0.0,0.007914759450967979,0.013825843106707314,0.0009374379883250183,0.0038792838221156636
2024-04-09,-0.013803425842817935,749.4,0.625,0.08333333333333333,-0.0006914389901012674,0.00565086303189577,-0.018762849884610855,0.0017296600396161813
2024-04-10,-0.0005764186930121312,735.79,0.1875,0.3125,0.004908759755853587,0.008523309844442162,-0.014008488293308141,-0.0005470861129881321
2024-04-11,-0.005324710846030969,738.88,0.4583333333333333,0.4166666666666667,0.0009303150390472803,0.016594335695802598,-0.02284936158088069,-8.155498169540631e-05
2024-04-12,-0.0037301994764325553,739.27,0.6041666666666666,0.7916666666666666,-0.00014596877830563848,0.0017824217379996954,-0.005366652436126773,-0.005750555803793443
2024-04-15,-0.0064638492639744576,750.98,0.20833333333333334,0.25,0.0008004155389389478,0.009721995443587761,-0.01698626024650063,-0.0010422095784438116
2024-04-16,0.006787795361890124,733.21,0.0,0.0,0.0011851015673284282,0.015163941586678331,-0.009561247792115646,-0.005367957447701689
2024-04-17,0.0025314069770601064,750.82,0.3333333333333333,0.0,0.0005741886395465023,0.013290398226261546,-0.011333179888748601,-0.00613269441336489
2024-04-18,-0.006310112819787322,746.1,0.0,0.16666666666666666,0.0001117864221273912,0.008234799104208212,-0.014656698346121155,-0.0050199702220642
2024-04-19,0.01426919841473791,730.85,0.041666666666666664,0.0,0.003633843021656147,0.019438596185048396,-0.008803240791967815,0.00591805248474872
2024-04-22,-0.004740183020913064,731.78,0.7916666666666666,0.0,-0.0013885369603487963,0.014051219187461772,-0.017402865248026034,0.009835220308251227
2024-04-23,0.0041233188737781245,727.79,0.125,0.0,0.0035195722015288755,0.006556685548687824,-0.005952938876439662,-0.0014474153877425558
2024-04-24,-0.005759989141185173,738.21,0.7291666666666666,0.0,-2.1741539672381904e-05,0.005436492859378861,-0.011174740460890842,-0.0052892775892592
2024-04-25,0.0017250729194867914,733.53,0.0625,0.14583333333333334,0.0006904416230876231,0.008242479141817749,-0.007207847845420279,-0.004165005105187326
2024-04-26,-0.00569675482275971,751.89,0.10416666666666667,0.020833333333333332,0.0025675430608139704,0.01244479704153123,-0.020709094925104532,0.0004364549020429985
2024-04-29,0.028006826326870047,776.54,0.3541666666666667,0.0,0.003642739131883843,0.030947898986573796,-0.0065838117915862915,0.0008902649458225382
2024-04-30,0.0009053507239158723,768.01,0.7083333333333334,0.0,-0.0030364343230965263,0.010768081592811951,-0.006826296545800248,-0.002980666598160721
2024-05-06,-0.015045644190469184,777.47,0.4375,0.0,0.00200099206294424,0.0011322086337069992,-0.018178844887121737,-0.014911847978521934
2024-05-07,-6.816841232719676e-05,770.16,0.625,0.0,-0.00019696999983853658,0.0073436023698395525,-0.007214800782327502,-0.001080747364727708
2024-05-08,0.003614182953032168,761.35,0.5416666666666666,0.0,0.000101854289562886,0.007602750019081506,-0.004090421355612328,0.0001299139971166665
2024-05-09,0.008722607559934299,779.38,0.0,0.125,0.003742398592097018,0.015111052311485018,-0.010130843343648444,-0.0009710904533320544
2024-05-10,-0.018424157048264937,767.38,0.3125,0.0,0.00031008509877394896,0.0055507128925171845,-0.024284955039556633,-0.0009248436774353193
2024-05-13,-0.005700797597655546,763.69,0.0,0.6041666666666666,0.0003054463628335835,0.003827728016343457,-0.009833971976834333,0.0092584160001484
2024-05-14,-0.019698854332267784,759.87,0.0625,0.7708333333333334,0.001081341311289341,0.0007064695874814397,-0.021486665231037927,-0.003868426220705138
2024-05-15,0.008436297109622737,749.48,0.10416666666666667,0.041666666666666664,0.0028768775522483025,0.007568214402655538,-0.002008794845282824,0.001974854173531827
2024-05-16,-0.005148912800429943,746.4,0.3958333333333333,0.0,0.0012086001627545917,0.005809545793537874,-0.012167058756721638,-0.005296368807056361
2024-05-17,-0.0010117663985238228,754.5,0.4791666666666667,0.16666666666666666,0.0009714505904442339,0.008710723627303185,-0.010693940616271713,0.0035966917035713756
2024-05-20,0.0052811487331060475,753.29,0.3333333333333333,0.0,0.0004989118060552133,0.0145198543331988,-0.009737617406147203,-0.002946996066274243
2024-05-21,0.0013576897139122325,747.66,0.0625,0.22916666666666666,0.0013909212426732598,0.00174461103641943,-0.0017778425651822083,-0.0016602143497151675
2024-05-22,0.006033163581931237,755.26,0.4583333333333333,0.0,0.0011635807102081674,0.01234572085303931,-0.007476137981317743,-0.002229417203484533
2024-05-23,0.011519892256068791,742.14,0.0625,0.0625,0.0016004077439732978,0.014524644356521343,-0.004605159844426665,0.000755282040979344
2024-05-24,0.006954969404746041,727.2,0.14583333333333334,0.0,0.00449680832657906,0.013151694731491026,-0.010693533653324816,0.0009702981732638546
2024-05-27,0.03059674152998766,739.15,0.5208333333333334,0.0,0.0023694992259163383,0.029562386457575918,-0.0013351441535045527,0.0011557672690955048
2024-05-28,0.01327839576111527,734.6,0.3125,0.0,0.0010420538706497062,0.01548311813751424,-0.003246776247049721,-0.002643442078849086
2024-05-29,-0.007962678437022763,734.85,0.1875,0.3125,0.0006760288390843527,0.005331572345189772,-0.013970279621295378,0.0007623507999533227
2024-05-30,-0.0035890496302500075,742.84,0.16666666666666666,0.2916666666666667,0.00038228952378427383,0.007043217672465296,-0.011014556826498656,-0.0010627572736388946
2024-05-31,-0.005671616506953302,741.77,0.5625,0.5625,-0.0001276318971292767,0.006150013550659028,-0.011693998160483221,-0.0006460818056596555
2024-06-03,0.005335737451354355,749.81,0.2916666666666667,0.2708333333333333,-0.00022804337050508217,0.01581465270555893,-0.01025087188369822,-0.0005111511773609056
2024-06-04,-0.005697422174016208,753.47,0.5208333333333334,0.2916666666666667,0.00029627986250946314,0.005507792518588461,-0.011501494555115066,-0.002842408484614342
2024-06-05,0.011042131609534777,751.96,0.6458333333333334,0.0,-0.00047228745531380234,0.012197054511155603,-0.0006826354463072004,-0.0021119893085776165
2024-06-06,-0.011577395104015302,743.22,0.5833333333333334,0.08333333333333333,0.0005574886937421697,0.006906660129693765,-0.019041543927451166,-0.006296290095129328
2024-06-07,-0.009356647466437506,738.46,0.1875,0.0,0.002440646176240291,0.00928499787194359,-0.021082291514622042,-0.0015595383701601543
2024-06-11,0.023672832537862353,756.15,0.6666666666666666,0.0,7.857829455226728e-05,0.022213884191114475,0.0013803700521953788,-0.002836265361713511
2024-06-12,0.004242900783824846,755.44,0.7083333333333334,0.0,-0.0007859447269988884,0.006923118167081133,-0.001894272656257301,0.0033680961169383662
2024-06-13,-0.0032489695247352986,758.77,0.4375,0.0625,0.0012432084633924312,0.011170465111857375,-0.01566264309998422,-0.004862781626696514
2024-06-14,4.584893004590945e-05,753.18,0.5416666666666666,0.0625,-0.0001569073386342712,0.0077351138437827816,-0.007532357575103066,0.003391869372160909
2024-06-17,-0.0023246456615589025,756.91,0.20833333333333334,0.0,0.001015707588687631,0.004129695036004466,-0.007470048286250752,0.0057439328246091945
2024-06-18,-0.016164973585243405,756.72,0.5416666666666666,0.75,0.0006441850006454475,0.002286463291502394,-0.01909562187739211,-0.0009769235608245422
2024-06-19,-0.004823541078349857,752.13,0.08333333333333333,0.3541666666666667,0.0006712076759352037,0.00857095315528611,-0.014065701909572348,0.0019929921927687075
2024-06-20,0.0077328699704716656,755.73,0.0,0.1875,-0.0004052352243339996,0.018195530591798015,-0.010057425396992503,-0.0006117672283574761
2024-06-21,0.017212777358153044,758.63,0.0,0.0,-0.00012121053987701469,0.01746030816431654,-0.00012632026628589532,0.007203263297550644
2024-06-24,0.009364870791592508,739.05,0.0,0.0,0.0017889291185345657,0.017308715925211993,-0.00973277425215513,-0.005235406397657801
2024-06-25,0.009630730232646413,717.07,0.20833333333333334,0.0,0.006482403902747347,0.023355814103991124,-0.02020748777409387,0.0011100132446163348
2024-06-26,0.01545687902298509,729.99,0.7083333333333334,0.16666666666666666,-0.0023734368033354603,0.023284576461837236,-0.0054542606355172385,0.0029076460916889727
2024-06-27,-0.01272724994404368,715.93,0.2916666666666667,0.08333333333333333,0.003300078712211052,-0.0021347929989821157,-0.01389253565727211,-0.00566262267940153
2024-06-28,-0.004276651217134218,712.56,0.16666666666666666,0.7708333333333334,0.004275717505855092,0.008903666222564222,-0.017456034945552812,-0.002799710659046502
2024-07-01,0.02771246893955852,709.74,0.4375,0.0,0.002447205986619627,0.025568255411733465,-0.00030299245879372716,0.0006040471340418403
2024-07-02,0.0046917442433237954,699.4,0.14583333333333334,0.08333333333333333,0.005563814495580521,0.005282185914770587,-0.006154256167027028,0.0006343612547531984
2024-07-03,0.00814403852253856,702.33,0.4583333333333333,0.3125,0.0007825503224659913,0.01399810755448716,-0.00663661935441362,0.00022888532944969405
2024-07-04,7.966428574446825e-05,691.59,0.10416666666666667,0.20833333333333334,0.005229187783745037,0.0019082207954524977,-0.007057744293453405,-0.0004416363410267709
2024-07-05,0.021036834050854904,699.02,0.5,0.0,0.0026134088839178116,0.025010289567888755,-0.00658686440095102,0.0026832804316437595
2024-07-08,0.0065237401252193055,692.37,0.2708333333333333,0.0,0.0019158213854730821,0.009421619644962131,-0.004813700905214935,0.0016727791329050035
2024-07-09,0.002080191349174044,709.49,0.5208333333333334,0.0,0.001323186420450928,0.019948063133755523,-0.01919105820503142,0.003906594081997288
2024-07-10,0.0011832536728885608,710.43,0.5625,0.0,0.0002177776987765112,0.007890035418487207,-0.006924559444374645,-0.0038106575031035816
2024-07-11,-0.008580693587922229,718.35,0.2916666666666667,0.0,0.002458628528931639,0.0021562758070862165,-0.013195597923941205,-0.016294577963730197
2024-07-12,-0.016072819345942378,718.8,0.1875,0.0,0.0022812017681863583,-0.003107878159107069,-0.015246142955021802,-0.006609169270448643
2024-07-15,0.00323252195537345,716.16,0.5416666666666666,0.0,-8.333408491612015e-05,0.005066515183520748,-0.0017506591432291385,0.002634423240170229
2024-07-16,0.006759013063022859,732.25,0.1875,0.041666666666666664,0.0038868151276699736,0.013488380678378986,-0.010616182743026559,0.004339859256549996
2024-07-17,-0.01000656415223582,729.8,0.3125,0.2708333333333333,0.0025739120627875645,-0.0037917833974351334,-0.008788692817589094,0.0013787174653297016
2024-07-18,0.026695023002780555,736.13,0.4166666666666667,0.041666666666666664,0.002668330863327406,0.027337868612524074,-0.003311176473070332,0.009981058348572316
2024-07-19,0.008376893560479942,750.03,0.10416666666666667,0.0,0.006787726415725337,0.00998913119341105,-0.008399964048655506,-0.005453988785708297
2024-07-22,-0.004931379397877734,752.25,0.4375,0.1875,0.0017303875734342444,0.0028457253330079757,-0.00950749230431891,-0.0002001614642488972
2024-07-23,0.021328725572732975,720.99,0.7083333333333334,0.08333333333333333,0.0006938711906157025,0.03231255554137946,-0.011677701159261256,-0.0024897991066368955
2024-07-24,-0.009654338956709212,712.72,0.25,0.0,0.0033461143832635987,0.00488559169609748,-0.017886045036071163,0.0008879147075397968
2024-07-25,-0.012662986030563915,714.26,0.3125,0.08333333333333333,0.0028699510690001206,0.002217277996099165,-0.017750215095661992,0.006159230867319399
2024-07-26,-0.01596345520685165,719.54,0.4166666666666667,0.9583333333333334,0.0009855219026585482,0.002129072137913579,-0.019078049247425843,-1.4007858408673038e-05
2024-07-29,0.00882062356600575,708.57,0.25,0.3333333333333333,0.002262962068246499,0.007595432565898896,-0.0010377710681402919,-0.00044462353624627845
2024-07-30,0.009345475848750801,710.72,0.5625,0.0,-0.00014484757394972458,0.017923080239412914,-0.008432756816710185,0.001046335799547245
2024-07-31,0.04523816314117324,743.61,0.2916666666666667,0.0,0.005897415975950171,0.040705755777633024,-0.00136500861241029,-0.0033153020836279145
2024-08-01,-0.00302070249161679,739.06,0.6458333333333334,0.0,-0.0012959570319343028,0.014468075946156067,-0.016192821405840663,0.003478077539484786
2024-08-02,0.016741530966735602,726.79,1.0,0.0,-0.001674767280285927,0.020443823117673232,-0.002027524870651276,0.011187443156482405
2024-08-05,-0.004858994016596521,704.63,0.020833333333333332,0.0,0.004328545920075588,0.015193065618276047,-0.02438060555495003,0.008997721311618658
2024-08-06,-0.01791456784652575,713.88,0.3541666666666667,0.4166666666666667,0.0023859614403138885,0.004265783646014931,-0.024566312932853496,-0.014364599719355645
2024-08-07,-0.010461024324441792,707.54,0.6666666666666666,0.5625,-0.0005874134845723633,0.004849187339830974,-0.014722798179700014,-0.0015701671528197477
2024-08-08,0.018124651530432034,709.36,0.4166666666666667,0.0,0.0014722641930743352,0.02236545759457398,-0.005713070257214015,0.006422593232556059
2024-08-09,-0.007324267234145259,705.89,0.041666666666666664,0.0,0.0017075174475417176,-0.0036139362329516977,-0.005417848448735607,-0.011528394371841189
2024-08-12,-0.021807924620658756,706.91,0.3958333333333333,0.4583333333333333,0.0008122734292275169,-0.0031843225705057154,-0.019435875479381748,0.0016738542264938714
2024-08-13,-0.011189417759092749,710.43,0.5208333333333334,0.8958333333333334,0.00019511749859224548,0.0019927635529515264,-0.01337729881063765,-0.0005229571223683054
2024-08-14,-0.003650481337980749,701.43,0.2708333333333333,0.9583333333333334,0.0014248902400920693,0.00458337493383576,-0.00965874651191101,0.0012795187381302877
2024-08-15,0.019394305014682974,709.52,0.20833333333333334,0.0,0.0009588223777973193,0.020563212545892218,-0.0021277299090074475,0.0026285353915089845
2024-08-16,-0.006715759424502264,706.45,0.0,0.0,0.0006562330258752525,0.0006735696412178971,-0.008045562091595793,-0.0002261580005963636
2024-08-19,0.005827184843567663,703.32,0.0,0.0,0.0007842337482835138,0.00852820929137943,-0.0034852581960957973,-0.00025527207887560523
2024-08-20,0.012748668250082713,693.21,0.0625,0.0,0.0034692285247306387,0.01131049101382442,-0.00203105128847203,-0.0011368159014333056
2024-08-21,0.0006445617850269237,691.75,0.4166666666666667,0.4583333333333333,0.0007513380473362918,0.0057152713211116035,-0.0058220475834228624,-0.003452139347158732
2024-08-22,-0.010192774252820763,685.63,0.14583333333333334,0.08333333333333333,0.003934396899288539,-0.004004549308799232,-0.010122621843311141,-0.0007948953685932281
2024-08-23,0.00991340549529544,686.66,0.4166666666666667,0.0,0.0018644912682758141,0.014507450967030766,-0.006458536740010512,0.0028339390241597395
2024-08-26,-0.00780484911641878,683.14,0.4375,0.4375,0.0008460130317184955,0.002700584802058259,-0.011351446950194077,-0.0014446968285113462
2024-08-27,-0.014623241392489645,675.57,0.3125,0.0,0.0026777959493120562,-0.0024214865199813085,-0.014879550821821907,-0.004037443546534689
2024-08-28,-0.010091702240097877,671.68,0.5833333333333334,0.4583333333333333,-0.0006699133930545553,-0.00048036818522889657,-0.00894142066181558,-0.0020485118347326947
2024-08-29,0.005344745872077004,679.47,0.7708333333333334,0.22916666666666666,-0.0007066536383334432,0.01610963665792786,-0.010058237147517413,-0.0049884354061379005
2024-08-30,0.014259915881894802,693.9,0.14583333333333334,0.0,0.003823955387794342,0.022123901563824933,-0.011687941069724483,0.0014430866883680872
2024-09-02,0.03399100511522533,670.71,0.2916666666666667,0.0,0.0023497129079798063,0.030726278763970605,0.0009150134432754919,0.0007061383892275387
2024-09-03,-0.01120090094019711,675.16,0.5833333333333334,0.1875,-7.446389864040892e-05,0.005190382000821003,-0.016316819042376474,-7.462296749156507e-05
2024-09-04,0.0018038343312472796,672.33,0.1875,0.2708333333333333,0.002243354784436935,0.008599263713046201,-0.009038784166234826,0.008974008985402874
2024-09-05,0.0007038631014866801,671.38,0.3541666666666667,0.0,0.0009604470533912668,0.006423154878603898,-0.006679738830509208,-0.001070409236362001
2024-09-06,0.003907401920072916,662.92,0.16666666666666666,0.0,0.003259316479257812,0.00757545797838155,-0.0069273725375662565,-0.0020239909281698923
2024-09-09,-0.00044160452673374913,655.0,0.1875,0.0,0.0047708690235440665,0.00855174163642447,-0.013764215186702455,0.0042970471009461195
2024-09-10,-0.011591030388869708,660.07,0.4583333333333333,0.16666666666666666,0.0019870718262772202,0.011237212635123117,-0.024815314850269665,0.0016781343089071336
2024-09-11,0.0024692882930030893,664.56,0.5833333333333334,0.08333333333333333,-0.00034804629951212807,0.005727498543317333,-0.0029101639508001265,-0.003977536745417869
2024-09-12,0.008975739825623916,658.82,0.0,0.0,0.0011847212172134691,0.014190581517896983,-0.0063995629094870665,0.0028409323530359134
2024-09-13,0.006329411581036429,651.02,0.0625,0.0,0.0030912071474092917,0.006842875340674959,-0.003604670907048302,-0.00019729403704834715
2024-09-18,0.00982949367307547,647.07,0.2708333333333333,0.0,0.003386164142596404,0.013286046149403763,-0.006842716618923661,0.0008247045276369559
2024-09-19,-0.02402130766541973,651.54,0.2708333333333333,0.3333333333333333,0.0015341310784403595,0.0018968647809859407,-0.027452303524845068,-0.0035771042043726813
2024-09-20,0.0198563410639262,648.93,0.16666666666666666,0.020833333333333332,0.003311227952530027,0.015159914891970327,0.0013851982194259538,-0.0005371022695087521
2024-09-23,0.0031411956873715957,643.49,0.1875,0.0,0.002558562744384152,0.008136989282054086,-0.007554356339067647,0.0009866190601152077
2024-09-24,-0.00686627553107878,666.84,0.25,0.0,0.0024535258013392847,0.0199675002686982,-0.029287301601115923,-0.00788436281437803
2024-09-25,0.030537028420364255,667.53,0.5833333333333334,0.0,0.001140488355531044,0.03791016771481326,-0.008513627649980648,0.009147747397280814
2024-09-26,0.02039502439609139,692.57,0.25,0.0,0.0048837806911710135,0.030838046383223183,-0.015326802678303997,-0.0003146326689574579
2024-09-27,0.05975481558005815,739.37,0.20833333333333334,0.0,0.014252211952452631,0.05147110314127501,-0.005968499513669179,0.01627029387970969
2024-09-30,-0.018637999010638104,872.11,0.041666666666666664,0.0,0.052095626701529785,0.030671526445415487,-0.10140515215758394,-0.05557386856920638
2024-10-08,0.15954010176077948,1022.96,0.0,0.0,0.09175961923305176,0.07215752562933186,-0.004377043101604472,0.18060636430350155
2024-10-09,0.02589361882009699,1003.8,0.5208333333333334,0.0,0.003077209796496172,0.12700513295749688,-0.10418872393389572,-0.029926654103173446
2024-10-10,0.04437452367714678,956.99,0.7916666666666666,0.0,-0.020361452588526174,0.0943253014070553,-0.029589325141381795,-0.016410186314842257
2024-10-11,0.023432527289859836,900.0,0.8541666666666666,0.0,-0.006690848895892443,0.07151717663365881,-0.041393800447906914,0.01541952884323628
2024-10-14,-0.0046477152116856015,925.46,0.3333333333333333,0.08333333333333333,0.0029303478190321197,0.02777751199702727,-0.03535557502774511,-0.005812422078764417
2024-10-15,0.026294402886459664,900.43,0.6666666666666666,0.0,-0.000696018377309926,0.03609432149512154,-0.009103900231352269,-0.00538185873584522
2024-10-16,0.020464586467728425,876.32,0.20833333333333334,0.0,0.0039512653075172155,0.034846566402087886,-0.018333245241876017,0.027704665157945046
2024-10-17,0.018845802584777707,879.11,0.14583333333333334,0.16666666666666666,0.0010576999442657442,0.024388116483413103,-0.006600013842901764,0.024266655618956634
2024-10-18,0.09218946937445391,979.2,0.0625,0.0,0.013277570815215245,0.09690886359846729,-0.017996965039228263,-0.0009664308190870404
2024-10-21,0.004151528260573374,999.09,0.4791666666666667,0.125,0.0038711571284124058,0.025786668139444857,-0.025506297007283962,-0.02111088409568663
2024-10-22,-0.018585330771626947,987.25,0.5,0.0625,0.0005609398809010013,0.022347262158044334,-0.041493532810572165,0.011734261645929358
2024-10-23,-0.0057071144748177104,979.86,0.4583333333333333,0.5833333333333334,0.002299150612333878,0.014623352541805523,-0.0226296176289576,-0.00976522479066965
2024-10-24,-0.0015611805886373063,978.29,0.6875,0.0,-0.0011784570805913885,0.010494341297228704,-0.010877064805274395,0.010430556442770508
2024-10-25,0.001608357520876932,992.69,0.4375,0.20833333333333334,0.0016995734399264384,0.015074940597156805,-0.015166156516208062,-0.0038897247117274155
2024-10-28,-0.0010524035258942738,987.18,0.4166666666666667,0.0,0.0009470800910565402,0.005935473519786183,-0.007934957136739473,0.002818681935902714
2024-10-29,0.02739885864302562,975.13,0.5833333333333334,0.0,0.0011193264820784643,0.03300591415404869,-0.0067263819930995505,0.0019644979128860315
2024-10-30,0.006550308402559527,959.43,0.25,0.0,0.0024781101596910715,0.022428939130234693,-0.01835674088736733,0.0077501018316819955
2024-10-31,-0.020562047508860645,969.3,0.4583333333333333,0.5833333333333334,0.0007580157112526686,0.02122904341306242,-0.042549106633175016,0.0019380052952944885
2024-11-01,0.01395282263762113,940.88,0.0,0.1875,0.004236164569123679,0.01496828046179638,-0.005251622393297406,0.009576889837424891
2024-11-04,0.0016202502112353146,953.84,0.6666666666666666,0.0,-0.0007331099080334358,0.01371148312802195,-0.011358123008754606,0.001672036386241791
2024-11-05,0.031845520434724155,996.85,0.2708333333333333,0.0,0.004873656470680832,0.0332614655948949,-0.006289601630852293,-0.0005553198208518553
2024-11-06,-0.04527108930514672,996.9,0.25,0.0625,0.005916415664518282,0.007261250051280643,-0.05844875502094671,0.005895234340699285
2024-11-07,0.010125110513736157,1028.84,0.3125,0.9166666666666666,0.0036450491560660603,0.01723067438182424,-0.010750613024155753,0.011680127143511151
2024-11-08,0.03746019886352998,1026.96,0.375,0.0,0.007026351257692243,0.037384800212861835,-0.0069509526070246075,0.024027401266359206
2024-11-11,-0.03683175742132118,1074.29,0.20833333333333334,0.5,0.010445557178248188,0.002547523512074046,-0.049824838111642844,-0.007682670279317818
2024-11-12,-0.008746905119377842,1051.53,0.6666666666666666,0.0,-0.0017967712800337488,0.01598239107509719,-0.022932524914441477,-0.002984408691261422
2024-11-13,0.00029488372277429627,1062.42,0.3333333333333333,0.1875,0.0025896293608789756,0.008148777344544278,-0.010443522982647169,0.007970454191166064
2024-11-14,-0.003319926599187647,1025.94,0.75,0.6666666666666666,-0.0003724948054595334,0.007878323245302188,-0.01082575503902966,-0.004873497306279308
2024-11-15,0.00816128816469784,987.54,0.14583333333333334,0.0,0.004312292842195253,0.031353451903846974,-0.02750445658134182,0.002651177037292769
2024-11-18,0.02249819110939992,968.0,0.22916666666666666,0.0,0.008400388240564938,0.037615377225913904,-0.023517574357078852,-0.002550247298752812
2024-11-19,-0.017554498066980936,998.58,0.4791666666666667,0.10416666666666667,0.0023626346756825956,0.011303268120598675,-0.031220400863262332,-0.0054460141500277505
2024-11-20,-0.027353097002126143,1004.11,0.4791666666666667,0.0,0.0003176076489317947,0.002171779263388851,-0.02984248391444938,-0.005365013772775896
2024-11-21,0.005590930421476462,1011.2,0.14583333333333334,0.0625,0.0018357553684259509,0.013148763984691225,-0.009393588931638885,0.00042881861131518486
2024-11-22,0.04062558160615614,969.1,0.3125,0.0,0.0032600433774146453,0.03727673275062626,8.880547811557227e-05,0.0001779447387424543
2024-11-25,0.028879160014562828,958.22,0.08333333333333333,0.0,0.011822383096534106,0.025902522687349494,-0.008845745769320346,-0.0015153314207395569
2024-11-26,0.0008835359679759131,950.99,0.3541666666666667,0.0,0.0026098366512297133,0.005913551275752549,-0.007639851959006516,-0.002445781203511626
2024-11-27,0.04416177328603135,987.23,0.8125,0.020833333333333332,0.0002452910842096756,0.04403331127457166,-0.00011682907275067933,0.003832511508473325
2024-11-28,0.0035694452599575287,983.77,0.20833333333333334,0.0,0.0013154746595765432,0.021142424511381153,-0.018888453910998415,-0.00018257800188669135
2024-11-29,-0.004452122925234262,1008.34,0.3333333333333333,0.25,0.0023364781436313597,0.02659757551910813,-0.03338617658797538,0.0033093899691798417
2024-12-02,-0.022911380254306734,1016.15,0.4791666666666667,0.20833333333333334,0.000582739624261086,-0.0023716141798327817,-0.021122505698736027,-0.0013094590433164865
2024-12-03,-0.026899036846019696,1005.26,0.4583333333333333,0.4583333333333333,0.0009786631372757926,0.004822952178149931,-0.032700652161443744,-0.0012593097106132136
2024-12-04,-8.192002082079482e-05,997.61,0.75,0.9166666666666666,-0.0008251611729374608,0.0010890068384208917,-0.0003457656863045111,0.014634841073196467
2024-12-05,-0.020432931554729382,1001.78,0.22916666666666666,0.14583333333333334,0.00039573977467044497,-0.004670637653295617,-0.016158033676102856,0.006213226313591983
2024-12-06,0.00857082657943965,1015.13,0.0,0.3541666666666667,0.00010067409270125838,0.02296959850292757,-0.014499446016188633,0.002920350324539261
2024-12-09,0.015623600978957618,1003.01,0.5833333333333334,0.0,-0.0004086162202211474,0.01844887017540503,-0.0024166529762277844,0.0015488354770609003
2024-12-10,0.03547828937553016,1011.04,0.22916666666666666,0.0,0.0007864780880587618,0.037831564983594745,-0.0031397536961216277,0.04687194578514696
2024-12-11,-0.010317403814900285,1007.28,0.1875,0.0,0.00044022331574949947,0.004844324871109584,-0.015601952001761177,0.0033292739053907565
2024-12-12,0.00020582834758990718,1010.37,0.0,0.2708333333333333,0.0008416736143999626,0.007839137459524081,-0.008474982726333291,-0.0009427737098787716
2024-12-13,0.0004712260025366965,989.36,0.14583333333333334,0.0,0.00228290403130732,0.01580140761346971,-0.017613085642240234,-0.006858962117302638
2024-12-16,0.014897759863153118,974.73,0.0,0.0,0.007223006150625433,0.010426144417122252,-0.0027513907045944586,-0.000797838808196552
2024-12-17,-0.01131322826454717,967.1,0.4166666666666667,0.0,0.0017389556716668197,0.0032896565904296238,-0.016341840526643614,0.001261985177567627
2024-12-18,-0.011367671880761633,981.35,0.7291666666666666,0.0625,-0.001510914633102045,0.008940747292612239,-0.01879750454027357,-0.003282177025567204
2024-12-19,0.0039395393992476355,993.48,0.3958333333333333,0.3125,0.0011447947068466413,0.008838725853336393,-0.0060439811609342975,0.012435510271517392
2024-12-20,0.004177149834620377,1011.78,0.3125,0.0,0.0020460317181630883,0.017448591166512928,-0.015317473050054542,-0.0029651166924041135
2024-12-23,0.0006755057542192238,998.81,0.6875,0.14583333333333334,-0.0004099497006537778,0.01876069601359026,-0.017675240558715555,-1.9778481013301445e-05
2024-12-24,-0.002747166061077677,1014.17,0.2708333333333333,0.3333333333333333,0.0017635682442876943,0.010101746720157845,-0.014612481025523594,-0.003887847144727809
2024-12-25,0.004541207305787946,1017.5,0.3333333333333333,0.0,0.0024203687776138127,0.01188252933733841,-0.009761690809163115,0.004477054005007379
2024-12-26,-0.012392874761846494,1026.81,0.3125,0.3333333333333333,0.002504360235165093,0.0008153720236229733,-0.015712607020635205,0.003239100413495369
2024-12-27,0.017885729661490088,1019.39,0.4166666666666667,0.0,0.002726339419077073,0.023539142610717934,-0.00837975236830496,-0.00030188973463342035
2024-12-30,-0.011818777000408506,1020.57,0.3333333333333333,0.1875,0.0004909831892391248,0.003716042279108933,-0.016025802468755956,-0.00373766025088068
2024-12-31,0.0007608515811177146,990.47,0.041666666666666664,0.125,0.003326641648779216,0.014328081349807564,-0.016893871417469508,-0.00010778237768567528
2025-01-02,0.03022639864062787,953.91,0.020833333333333332,0.0,0.012737298722345358,0.02837170689895302,-0.010882606980671339,-0.0021358985723523016
2025-01-03,-0.011711893366932095,941.81,0.4583333333333333,0.14583333333333334,0.0016893909913094363,0.009534676079520688,-0.02293596043776258,-0.00040815259194067335
2025-01-06,-0.010647527293785286,938.76,0.14583333333333334,0.020833333333333332,0.009710133495353712,-0.004006647760886994,-0.01635101302825187,-0.002057723018416323
2025-01-07,0.022261641755512193,965.73,0.8333333333333334,0.0,-0.00399394414785692,0.031654954466372454,-0.005399368563003382,-0.00011718895667297527
2025-01-08,0.02181571739871328,966.34,0.1875,0.0,0.0028983798751555656,0.035724425361370715,-0.016807087837810597,-0.009176858142309206
2025-01-09,-0.02262615171437491,962.23,0.0,0.25,0.000459850923123839,-0.009073655556838256,-0.014012347080659793,0.002998938611011237
2025-01-10,-0.0006241363198126212,952.38,0.0,0.8125,0.0013956279894745127,0.01663037614842916,-0.01865014045771618,0.0008109541631545293
2025-01-13,-0.009104888820654349,952.38,0.3958333333333333,0.0,-0.0008352085232071205,0.00908356576604219,-0.01735324606348837,0.01292786021362274
2025-01-14,0.006511336232773557,981.75,0.4375,0.0,0.001830377906603231,0.024679156892225607,-0.019998198566055947,0.00659453475320303
2025-01-15,0.009899078731347908,977.12,0.6041666666666666,0.3958333333333333,-1.2594225395401448e-05,0.00978496343212032,0.00012670952462173757,0.005771476404350896
2025-01-16,-0.010951849534742873,957.57,0.4791666666666667,0.10416666666666667,-1.944239684181781e-05,0.020539554067141086,-0.03147196120504353,-0.004520992519997867
2025-01-17,0.012224635325555159,966.37,0.20833333333333334,0.3333333333333333,0.0017099099299403009,0.024332933858117134,-0.013818208462502812,0.006882686226632798
2025-01-20,-0.006182202779807382,968.09,0.125,0.0625,-7.140071881184262e-05,0.0004124642383745436,-0.006523266299369779,-0.004070800253077733
2025-01-21,-0.01734111360999111,976.62,0.10416666666666667,0.22916666666666666,0.0004215730790361749,-0.004197891914780927,-0.013564794774246935,-0.005807922905205712
2025-01-22,-0.0076660101064961956,975.74,0.375,0.8541666666666666,0.000891672892012696,0.005670832363999789,-0.014228515362508076,-0.00419808572377751
2025-01-23,0.015497845757155763,967.15,0.3958333333333333,0.25,4.971083680138655e-05,0.02569722957551418,-0.010249094655158941,0.01214730110348597
2025-01-24,0.0036926310882789016,974.63,0.0,0.0,0.0004225343810797533,0.005994778269141798,-0.0027246815619429987,2.0701790705565707e-05
2025-01-27,-0.0013714877358106759,955.73,0.125,0.020833333333333332,0.0013696809087569428,0.0033754163523813663,-0.006116584996946284,-0.002711838212133799
2025-02-05,-0.014742980384485528,982.72,0.0625,0.08333333333333333,0.0019447868602900376,-0.0030486995871271683,-0.013639067657650272,-0.035010082065713724
2025-02-06,0.0036654586552511198,1011.81,0.2916666666666667,0.020833333333333332,0.0022787021160207144,0.009242329751143585,-0.007855573211914713,-0.00592904254934309
2025-02-07,0.03376308300503145,1018.89,0.2708333333333333,0.0,0.006845797254571018,0.0322095507059566,-0.005292264955495896,-0.00015823723750812757
2025-02-10,0.005775205313787524,1037.21,0.25,0.125,0.0053553908842999265,0.00863529748285724,-0.008215483053368222,0.004133572997350138
2025-02-11,-0.0009883613917128064,1025.25,0.6875,0.0,-0.0014893071822075221,0.02155000779583649,-0.0210490620053424,-0.001756994640394921
2025-02-12,-0.007731815436735743,1041.87,0.2916666666666667,0.5833333333333334,0.0028309848464287413,-0.0009805849257878974,-0.009582215357376467,-0.0023985035483480416
2025-02-13,-0.004288018917513807,1018.07,0.6875,0.6875,-0.0005310270440027076,0.015874587136591234,-0.01963157901010215,-0.000691788878258979
2025-02-14,-0.009574897038513486,1022.35,0.20833333333333334,0.0,0.0008651260642652536,0.008783265572958388,-0.019223288675736194,0.004414452653387951
2025-02-17,-0.012713707622563072,1037.34,0.1875,0.0,0.0019451023250880994,0.006648944602964668,-0.021307754550615732,0.008181916954574157
2025-02-18,0.004018824829863467,1010.04,0.4791666666666667,0.5416666666666666,0.0010447624639519093,0.015223841736730359,-0.012249779370817115,-0.002586948941199462
2025-02-19,0.0021285394144705313,1034.32,0.0,0.020833333333333332,0.0012396243866856227,0.016697606033387102,-0.015808691005601505,0.000494598989230422
2025-02-20,-0.0015676936441910221,1032.7,0.3958333333333333,0.0,0.0012324733242795594,0.009056324576513397,-0.011856491544982695,0.00021262612675296988
2025-02-21,0.027498635607406334,1095.24,0.125,0.08333333333333333,0.010265744773359065,0.03231898333323846,-0.01508609249919124,-0.008971435607155583
2025-02-24,-0.02054626276204906,1100.6,0.5416666666666666,0.2916666666666667,-0.00019189691630144834,0.0008975978307066979,-0.021251963676455987,-0.0015906393334577042
2025-02-25,-0.0003926833477914272,1102.85,0.4166666666666667,0.3333333333333333,0.003110302977378021,0.014661805041253861,-0.018164791366423294,-0.014753082384702255
2025-02-26,0.011129491516656683,1126.12,0.125,0.0,0.009965677152878105,0.010457772769510043,-0.009293958405731051,-0.00513684273872131
2025-02-27,0.015158506643052337,1126.84,0.6041666666666666,0.0,-9.206527057081804e-05,0.03418508137717241,-0.01893450946354741,0.00038153207772266616
2025-02-28,-0.009679396166179657,1077.58,0.3958333333333333,0.16666666666666666,0.0011293294474876703,0.018638370503551438,-0.029447096117219185,-0.0069226625240299084
2025-03-03,0.019276869900432203,1063.57,0.0,0.0,0.003828565648816673,0.02405698985021243,-0.008608685598597787,-0.0007783399514529565
2025-03-04,-0.01770651822794799,1081.66,0.6875,0.0,-0.0008454344099256272,0.007092714199829875,-0.023953798017853245,0.00934365277429076
2025-03-05,-0.0006115162298048836,1085.0,0.0,0.08333333333333333,0.0006748013796373242,0.002328750269171065,-0.0036150678786123214,-0.0004070757217043544
2025-03-06,0.01850698556359135,1121.56,0.0,0.0,0.0063880125823148615,0.019960349822747248,-0.007841376841471015,0.01521826225681745
2025-03-07,-0.00951865935539767,1107.38,0.5208333333333334,0.10416666666666667,0.0007376872252685684,0.007889164780647606,-0.018145511361313038,-0.006924900851265276
2025-03-10,0.011510678267566365,1106.89,0.4791666666666667,0.0,0.0010029782817691513,0.021444946707137147,-0.010937246721342053,0.00027991855455852067
2025-03-11,-0.020459358645776582,1099.77,0.0,0.4166666666666667,0.0005251667645906899,-0.004492711652013204,-0.016491813758356122,-0.01713905264060942
2025-03-12,0.003479341455493914,1093.48,0.08333333333333333,0.020833333333333332,0.0006314135582742852,0.014987910853389519,-0.01213998295616836,0.006537805692907067
2025-03-13,0.01332665490345754,1068.8,0.08333333333333333,0.0,0.004661903406887824,0.02185610778104946,-0.013191356284480316,-0.0008050130791961378
2025-03-14,0.018548832935916852,1088.81,1.0,0.0,-0.002423211066717057,0.018819915318174507,0.0021521286844592424,0.0010277973341121943
2025-03-17,-0.011905336004425796,1083.72,0.5625,0.16666666666666666,8.102060906933772e-05,-0.0010268439487917114,-0.010959512664702409,0.001735449976682941
2025-03-18,0.012984056363308938,1090.39,0.10416666666666667,0.041666666666666664,-0.0002008691607424118,0.017205054435048772,-0.004020128910996457,0.0038054916810393875
2025-03-19,0.009455434364526802,1076.56,0.0,0.0,0.0009661104683072463,0.013762360192983658,-0.005273036296763456,0.004533903928491281
2025-03-20,0.00677463379364012,1064.66,0.3541666666666667,0.0,0.0014925493034311788,0.00892540062443975,-0.0036433161342310783,0.0016821018152548323
2025-03-21,0.021464996919398172,1040.47,0.10416666666666667,0.0,0.007030298041557692,0.0178512971364288,-0.0034165982585879773,0.0013721032921619656
2025-03-24,0.0012144201027400117,1046.72,0.375,0.5208333333333334,0.0026525261623616125,0.013811906969920629,-0.015250013029543819,-0.0005371136028458555
2025-03-25,-0.014472607248954168,1031.72,0.3541666666666667,0.6875,0.0027570630479472613,0.009905778445991498,-0.027135448742892587,-8.605070303962516e-05
2025-03-26,-0.015914627204199158,1029.62,0.375,0.75,0.0017364793619088492,-0.0023154993080337083,-0.015335607258072592,0.0018336079180151235
2025-03-27,0.007164946598532942,1040.08,0.5,0.20833333333333334,0.0006029672468618741,0.014999542729978943,-0.008437563378307533,0.00034989843583038195
2025-03-28,0.0029228892047159613,1030.04,0.20833333333333334,0.0,0.0019739726307702044,0.0056668209720006635,-0.0047179043980558055,0.0027040958002413334
2025-03-31,-0.003299657030348665,1023.31,0.25,0.0,0.004063998687160175,0.014625968861657901,-0.0219896245791657,0.005083419752157738
2025-04-01,0.011451785674630895,1024.73,0.4166666666666667,0.0,0.000801824057720335,0.013452994046099398,-0.002803032429188501,0.0051202889495527044
2025-04-02,0.001241288770908808,1023.02,0.25,0.0,0.0018554448749981134,0.004699790913933466,-0.005313947018024567,0.0025022005040382113
2025-04-03,0.020795597659175026,1018.23,0.3958333333333333,0.0,0.0012707713897696093,0.015055546320769109,0.004469279948635552,0.010961842013697837
2025-04-07,-0.008383629751477027,928.12,0.20833333333333334,0.0,0.013681246330078056,0.04770197157209638,-0.06976684765364966,-0.05822038611515911
2025-04-08,-0.006905322968415605,937.05,0.3541666666666667,0.0,0.004906755483102876,0.007613613761483395,-0.019425692213002443,0.008694254862079564
2025-04-09,0.028891529794671838,976.78,0.3541666666666667,0.0,-0.0013397548793981362,0.04859348247017825,-0.018362197796106428,-0.01849807166989733
2025-04-10,-0.02332619580175568,988.42,0.0,0.10416666666666667,0.0007649710341386395,-0.0018559955103054637,-0.0222351713255875,-0.023294489113466217
2025-04-11,0.0029606318774940683,1013.11,0.3958333333333333,0.4166666666666667,0.0023289360486850597,0.023193020322256952,-0.022561324493445167,0.0003935319543232038
2025-04-14,-0.00031693702743137465,1014.49,0.625,0.0,-0.000940947788207247,0.007347000346226817,-0.006722989585451866,-0.0064533197351650294
2025-04-15,0.0068521146589627735,1006.65,0.6041666666666666,0.0,-6.626858846331407e-05,0.018522029605233248,-0.011603646357806419,0.002576570442429914
2025-04-16,-0.010965436606954686,1012.31,0.125,0.3958333333333333,0.0002858129707423718,0.0012772271290498738,-0.01252847670674695,0.010301114271418246
2025-04-17,0.008998401302378634,1014.99,0.3958333333333333,0.041666666666666664,0.0017397182192181448,0.012432737194172316,-0.005174054111012405,-0.006804698534781459
2025-04-18,0.0022384876757010324,1011.3,0.75,0.0,-0.00010271346405305026,0.010246201611756267,-0.007905000472002321,0.005226011736255209
2025-04-21,0.005022043639883535,1020.19,0.20833333333333334,0.0,0.0021156350094289067,0.003980711512669488,-0.001074302882213496,0.004165415316236448
2025-04-22,-0.01552109466397637,1016.93,0.2916666666666667,0.7708333333333334,0.0013862977310750146,-0.002881933835108763,-0.014025458559943027,-0.0009716218505802941
2025-04-23,0.007077785686988208,1013.17,0.4583333333333333,0.22916666666666666,5.900391468022237e-05,0.0105506017977956,-0.003531820025486798,-0.0027515199844090348
2025-04-24,0.008165999109088915,1004.17,0.2916666666666667,0.0,0.00046409437769778794,0.00882067422137156,-0.0011187694899805756,0.00031605250685310066
2025-04-25,-0.00017671163628927807,1004.29,0.4166666666666667,0.020833333333333332,0.0003768546256021632,0.008661371437314713,-0.009214937699206949,0.000548029846467445
2025-04-28,0.005509243794889168,1003.32,0.4166666666666667,0.0,0.0006933595975636142,0.007298360355209699,-0.0024824761578850496,0.000517768429685172
2025-04-29,-0.0013957233720928049,1003.69,0.6041666666666666,0.0,0.00016859356639015166,0.0065620053350814445,-0.00812632227356408,0.005860602832895389
2025-04-30,0.009075057447073147,1012.84,0.16666666666666666,0.0,0.0015982344169384044,0.007118267691901603,0.0003585553382330353,-0.0032127419728000947
2025-05-06,0.01034585166014408,1026.93,0.0625,0.0,0.003761071844387842,0.007470532751476466,-0.0008857529357209626,0.00396282174307157
2025-05-07,-0.0133490655171282,1029.54,0.875,0.0,-0.0028586051458202033,-0.00012432928759692485,-0.010366131083710428,-0.01704787048380634
2025-05-08,-0.010946305357979276,1026.8,0.6041666666666666,0.3958333333333333,-0.0004532130899252418,-0.002106118372046717,-0.008386973896009287,-0.005079907379834052
2025-05-09,-0.0020040612292345624,1006.92,0.16666666666666666,0.0625,0.001367243015374442,0.009299800057798124,-0.01267110430240792,-0.005519667399113875
2025-05-12,-0.0035817377636645203,1011.34,0.3125,0.3125,0.0012452366146397664,0.00710479396105429,-0.011931768339358051,-0.0026199848260791436
2025-05-13,0.002622774713453512,1010.24,0.125,0.0,0.0005415246256484929,0.01003359144938748,-0.007952341361582016,0.00896849339440331
2025-05-14,-0.01019436892049993,1013.76,0.10416666666666667,0.4375,0.000718096054288131,0.001227411112256993,-0.012139876087044865,-0.0043680706675756475
2025-05-15,0.009024455913477274,1001.47,0.125,0.0625,0.001969360586591029,0.00964908490309585,-0.002593989576209099,0.00217247559942442
2025-05-16,9.288283333217597e-05,995.04,0.22916666666666666,0.0,0.002498530849368019,0.002671306158963438,-0.005076954175001036,-0.003522786641720414
2025-05-19,0.0027220338452497725,995.48,0.7291666666666666,0.3333333333333333,-0.0007644452742612273,0.01122997883609217,-0.007743499716581337,-0.0009650569730455422
2025-05-20,-0.006822148418380327,997.84,0.6875,0.0,-0.000418272396642938,0.001525138875399179,-0.0079290148971366,0.0005022601813270377
2025-05-21,0.004887322397543664,995.39,0.2708333333333333,0.0,0.000773225827689128,0.004888030586813974,-0.0007739340169596876,0.0010228948814511721
2025-05-22,-0.0021790931847804084,989.5,0.3125,0.10416666666666667,0.000935213758167186,0.006159206037652909,-0.009273512980599918,0.001417391934998519
2025-05-23,0.013400199131838266,981.9,0.2708333333333333,0.0,0.0017330479682478583,0.016637796047453246,-0.004970644883863118,0.0010098868775202186
2025-05-26,-0.00496351889429227,982.24,0.3541666666666667,0.0,0.001512019345188631,0.001277211812355572,-0.007752750051835344,-0.001518355576648219
2025-05-27,0.006075690448086248,973.41,0.08333333333333333,0.14583333333333334,0.0038031055374901923,0.0027872826894565494,-0.000514697778860429,-0.00024436434845769245
2025-05-28,-0.005156678140738384,970.53,0.3333333333333333,0.10416666666666667,0.0015488049608953225,-0.0009070325993669748,-0.005798450502266073,-0.001006770099728057
2025-05-29,0.0012368783634892219,986.08,0.5,0.08333333333333333,9.016479428425317e-05,0.01017223928731209,-0.009025525718107275,0.0016676106597610459
2025-05-30,-0.011155721261133976,977.16,0.0,0.0,0.0004105302271133482,0.001733756342071957,-0.013300007830320149,-0.005031393227859729
2025-06-03,-0.004902853367344643,981.52,0.08333333333333333,0.0,0.0003606740501815864,0.004710306462866687,-0.009973833880394356,-0.00020468105645950614
2025-06-04,-0.00430513986802375,985.66,0.2916666666666667,0.3333333333333333,3.377523553393935e-06,0.0015728838121358835,-0.0058814012037144425,-0.0006618908936344285
2025-06-05,0.004439732098435235,996.71,0.25,0.4791666666666667,0.0016193226483137702,0.00711261794292517,-0.004292208492803207,-0.001438965814458289
2025-06-06,-0.005804157580860999,992.12,0.5625,0.0,0.00010184281628872194,0.004390148166445285,-0.010296148563593843,-0.0011045730442439505
2025-06-09,0.007051483389490015,997.54,0.6458333333333334,0.0,-0.0005324888829735253,0.00965071318306171,-0.002066740910598275,-0.0003328374422415694
2025-06-10,0.012878153213562874,982.98,0.5833333333333334,0.0,0.0007467426539498612,0.013607525686485267,-0.001476115126871791,0.006932540650844014
2025-06-11,0.003740575149672773,981.78,0.0,0.375,0.0007842222486536543,0.005308975594939647,-0.00235262269392178,0.0003052658380357555
2025-06-12,-0.002011383066801679,977.49,0.5208333333333334,0.020833333333333332,0.00017656077456496,0.003976594166690217,-0.006164538008056997,0.0022861585160562333
2025-06-13,0.006933435642233498,971.57,0.4166666666666667,0.08333333333333333,0.0012082971205838455,0.007965319234742363,-0.00224018071309362,-0.006442171167423596
2025-06-16,-0.004472838858573532,971.06,0.3125,0.25,0.0014193033854499326,-0.0008341378230986574,-0.0050580044209248,0.004894066323173369
2025-06-17,-0.003164261367930172,963.22,0.20833333333333334,0.020833333333333332,0.0026276117805524857,0.0038620684964194574,-0.009653941644902742,0.0006589718219126284
2025-06-18,0.0028611741466643254,968.61,0.6666666666666666,0.3541666666666667,9.847135415297359e-06,0.010013244829010226,-0.007161917817761099,-0.0008725822754638919
2025-06-19,0.00031000829312303785,963.22,0.2916666666666667,0.0,0.0011232297628622212,0.006957214432231795,-0.007770435901970685,-0.0013022584652648786
2025-06-20,-0.00537892312643485,957.13,0.20833333333333334,0.0,0.0019162525191515067,0.0012752578186501218,-0.008570433464236804,-0.0008719482366098913
2025-06-23,-0.008286055357679525,962.11,0.375,0.0625,0.0009293036022204326,0.006013163897321316,-0.015228522857221982,0.0058004560076432435
2025-06-24,0.008411210179187764,978.72,0.16666666666666666,0.0,0.0017169765956853156,0.011189902883537994,-0.004495669300035754,0.0023892639970755397
2025-06-25,0.02238695630144175,995.56,0.22916666666666666,0.0,0.0031937762007198667,0.023807442358402486,-0.0046142622576798575,0.001286580935942137
2025-06-26,0.007942772845334654,990.53,0.6041666666666666,0.0,-0.0004615058779340875,0.011963118748467116,-0.0035588400251996277,-4.0177181375250083e-05
2025-06-27,0.004046868081965346,988.42,0.625,0.625,-0.00026856135860364727,0.007901999807509608,-0.0035865703669398785,-0.006755115914373622
2025-06-30,-0.011681179219525181,1003.87,0.22916666666666666,0.16666666666666666,0.0028486467504927893,-0.0007256253456550676,-0.013804200624361662,-0.004130255150720501
2025-07-01,-0.01618879269824606,994.99,0.4791666666666667,0.3125,0.0004661446322216656,0.0005023869199643483,-0.017157324250433148,-0.0013163801452148452
2025-07-02,0.011075942542468605,982.85,0.2916666666666667,0.0,0.0010870458249131465,0.010292714576459916,-0.000303817858904154,0.002435613478728072
2025-07-03,0.0002420705497277099,985.09,0.8125,0.0,-0.000692787987911947,0.0038540103242524215,-0.0029191517866125616,0.0017285385954897373
2025-07-04,0.012600557985767464,985.14,0.3541666666666667,0.0,0.0006128621260294009,0.02153454647038594,-0.009546850610645807,-0.00042650852648097354
2025-07-07,0.004474969266630713,977.96,0.10416666666666667,0.0,0.001529543163557301,0.005583016047957523,-0.0026375899448859985,0.0016260166184185602
2025-07-08,0.005928815148391466,991.9,0.4375,0.0,0.001089062710284694,0.010747501479409283,-0.00590774904130259,-0.0006233426695942299
2025-07-09,-0.0011243388800822006,983.17,0.7083333333333334,0.0,1.2260892985227478e-05,0.004899748705125995,-0.006036348478194231,-0.000615139509839906
2025-07-10,-0.0023323034548295325,980.68,0.3541666666666667,0.0,0.0006006714086623233,0.004330715959417031,-0.007263690822907731,0.0013945087126394082
2025-07-11,-0.009614939002466677,995.55,0.125,0.0,0.0017287865516087408,0.007499022250359311,-0.018842747804435844,-0.00039788407815363687
2025-07-14,-0.005073605446706882,993.08,0.4791666666666667,0.0625,0.00010745288395197505,-0.0026126033612779986,-0.002568454969380407,-0.0008443314703455582
2025-07-15,-0.011501582689177696,996.37,0.4583333333333333,0.375,0.0004902244886473839,0.0062856338517822685,-0.018277441029607433,0.0016741300452906237
2025-07-16,0.006745803064027879,997.0,0.3333333333333333,0.10416666666666667,-0.00013190448220601336,0.012001538256392219,-0.005123830710158039,8.029790527165144e-05
2025-07-17,0.0023387615486846476,1005.37,0.3541666666666667,0.0,0.0014321891704273115,0.009123556177222658,-0.008216983798964572,8.018683536926432e-05
2025-07-18,0.0009346298997297153,1008.23,0.5625,0.14583333333333334,-8.43958773194542e-05,0.006229841936835956,-0.00521081615978769,0.002463030970361874
2025-07-21,0.0007342880497722596,1007.73,0.2708333333333333,0.16666666666666666,0.00146722845544639,0.001315985747734394,-0.0020489261534078484,4.96250825119676e-05
2025-07-22,0.00690371619423359,1015.81,0.20833333333333334,0.0,0.0024964251656540704,0.008630228820917296,-0.004222937792338233,-0.0003770963625117584
2025-07-23,0.011032118470847877,1021.15,0.2916666666666667,0.0,0.0024120932522887495,0.013221214956332217,-0.004601189737774347,0.00030499053290022605
2025-07-24,0.0038070740429085523,1032.13,0.2916666666666667,0.0,0.002414874589285354,0.004834377420457392,-0.0034421779668330488,0.00111732950298485
2025-07-25,0.019727017875694655,1054.49,0.3333333333333333,0.125,0.0027875950562412655,0.019456388397855018,-0.0025169655784001987,-0.0003776709369004244
2025-07-28,-0.02555546262189011,1055.62,0.375,0.041666666666666664,0.002492046947376536,-0.010086482681053333,-0.017961026888212217,0.0006732697932490466
2025-07-29,0.00028167880710601445,1070.29,0.1875,0.16666666666666666,0.006293974522266321,0.0021853443362245817,-0.008197640051385069,0.0018878401227760144
2025-07-30,-0.010309093295173984,1058.26,0.5,0.0,0.0005733643278652001,0.005180050271617109,-0.01606250789465602,-0.0042220818292480556
2025-07-31,0.011733106389771729,1048.17,0.6666666666666666,0.20833333333333334,-9.093393053205556e-05,0.018528497607818828,-0.006704457287515564,-0.0011815360396046379
2025-08-01,0.005481663427585496,1037.88,0.22916666666666666,0.0,0.0009905740532643592,0.014893958656714779,-0.01040286928239198,0.00046772462372770803
2025-08-04,0.0033077811567928375,1048.89,0.9166666666666666,0.0,-0.0006999436147387961,0.008052695518810271,-0.004044970747280274,-0.002549617490096678
2025-08-05,-0.00030891267692737,1052.99,0.0,0.0,0.000858498179129974,0.0022854678658073557,-0.0034528787218646717,-0.0006672640516008872
2025-08-06,-0.007743549119604502,1060.21,0.3958333333333333,0.0,0.0009192976693266908,0.0029572573216919418,-0.011620104110622254,-0.0016907941259672221
2025-08-07,-0.0005545188791355572,1058.36,0.5208333333333334,0.0,0.00034398264546270374,0.012631020138810845,-0.013529521663408928,7.548594077927352e-05
2025-08-08,0.01125940676126549,1043.56,0.14583333333333334,0.0,0.0009686333714709061,0.014603419098115689,-0.004312645708321128,0.005448520351086492
2025-08-11,-0.004563701697003642,1049.3,0.22916666666666666,0.25,0.000323170401195616,0.00270171393160884,-0.007588586029806388,0.00029710988971507445
2025-08-12,0.015834716383822296,1070.42,0.10416666666666667,0.08333333333333333,0.00030696044572325887,0.02008232928341569,-0.004554573345316559,0.0014490407408832872
2025-08-13,-0.019781250413337056,1077.35,0.3125,0.1875,0.0022820864345401426,-0.0009987527531539753,-0.02106458409472428,0.0002711129201911443
2025-08-14,-0.00929167975552739,1086.71,0.3125,0.020833333333333332,0.003933021780329449,0.01829230792390074,-0.031517009459756884,-0.0014094173651482953
2025-08-15,-0.01697497950762937,1101.35,0.3958333333333333,0.5416666666666666,0.001981418649558808,0.003036549060367044,-0.02199294721755668,0.006078821434744504
2025-08-18,0.031439626643130936,1125.66,0.3333333333333333,0.0,0.005065119648851368,0.02685857440873146,-0.00048406741445278234,0.011762133428074289
2025-08-19,0.007380387922248102,1112.54,0.75,0.1875,-0.0029552397096444527,0.015653147595972694,-0.00531751996408153,0.0019399683942745967
2025-08-20,0.0025171473655271246,1148.19,0.3958333333333333,0.10416666666666667,0.0032561227745036003,0.02145142913860293,-0.022190404547580422,0.0023132635868585182
2025-08-21,0.01799417635388979,1148.87,0.5,0.0,0.0017475963311543996,0.019482989265255435,-0.0032364092425211655,0.002461802011422006
2025-08-22,0.04118294377037383,1248.01,0.041666666666666664,0.0,0.02215941719785197,0.04182488861668632,-0.022801362044166162,-0.011369658350978893
2025-08-25,0.03591649028356378,1283.66,0.3958333333333333,0.0,0.010676637686013901,0.03386485879933221,-0.00862500620178186,0.02703027513053258
2025-08-26,-0.03882630891717777,1269.23,0.6666666666666666,0.20833333333333334,-0.007051726997130248,-0.004382389710734319,-0.027392192209313743,-0.016552728461440246
2025-08-27,0.023063874631155817,1276.74,0.3125,0.14583333333333334,0.0101023107203978,0.03535812418498718,-0.02239656027422854,-0.011399366880567823
2025-08-28,0.014649811387733918,1360.72,0.375,0.0,0.006469907882987347,0.03711307770754971,-0.02893317420280192,-0.006016940747629738
2025-08-29,-0.03494301746365135,1344.12,0.5833333333333334,0.6458333333333334,-0.0021352496794547204,-0.00028505165618529504,-0.03252271612801112,-0.021443280654355537
2025-09-01,0.005337923379524044,1357.64,0.2708333333333333,0.4166666666666667,0.008127922547792238,0.017481101764072762,-0.02027110093234201,0.005368361939453566
2025-09-02,-0.01737188151029327,1326.97,0.625,0.020833333333333332,-0.0008099518905936021,0.017327611180242203,-0.03388954079994072,-0.0023680523332328144
2025-09-03,-0.02730196711406571,1300.38,0.7291666666666666,0.08333333333333333,-0.00041798506640577937,0.004389458741768243,-0.03127344078942909,0.007382561044767648
2025-09-04,0.050281174045943,1226.21,0.020833333333333332,0.0,0.012651020846985384,0.04945443914265435,-0.011824285943696722,0.003450315101057352
2025-09-05,0.03303944631761871,1267.4,1.0,0.0,-0.008411051047617357,0.042948186108769104,-0.0014976887435328434,0.0042534394536284
2025-09-08,-0.007880460587042866,1275.76,0.4166666666666667,0.0,0.0001702138004603948,0.012950099253630443,-0.02100077364113323,-0.0016410130624400074
2025-09-09,-0.0102768342349041,1245.9,0.0,0.0,0.004440870864091395,-0.0014424345914260117,-0.013275270507568937,-0.019717042301528126
2025-09-10,0.0006477533001064896,1260.04,0.5833333333333334,0.0,0.0008591593192402158,0.01870769229305408,-0.01891909831218594,-0.006378496474029407
2025-09-11,0.03979854571191893,1326.1,0.0,0.08333333333333333,0.004073966214716507,0.04236290724374801,-0.006638327746546865,0.003907234140534817
2025-09-12,0.007386611215304043,1340.56,0.3541666666666667,0.041666666666666664,0.004824185901016381,0.013531029150399707,-0.010968603836111604,-0.0008978185123647662
2025-09-15,-0.008924124653496502,1341.99,0.8541666666666666,0.041666666666666664,-0.006952296791371881,0.014726121315160379,-0.016697949177285287,-0.01838718602357024
2025-09-16,-0.05306875590394536,1356.94,0.4166666666666667,0.10416666666666667,0.0021105437419202816,-0.013507294031694178,-0.041672005614171434,-0.005060287624906931
2025-09-17,-0.014472668448409725,1370.85,0.2708333333333333,0.8125,0.004763087339977087,0.005403267751877661,-0.024639023540264746,0.00473117733526925
2025-09-18,0.043308673935409187,1379.36,0.5625,0.0,0.0014064118018380228,0.06015890255719285,-0.01825664042362149,0.010936526114172519
2025-09-19,-0.019490382460424838,1364.28,0.4791666666666667,0.0,0.0013693398309362614,0.009353978788119666,-0.030213701079481264,-0.006146176555117799
2025-09-22,-0.025566039703973188,1406.76,0.4166666666666667,0.3333333333333333,0.001395263457912077,0.014728875457309283,-0.04169017861919256,0.0010279379736970711
2025-09-23,0.007672662197865844,1405.12,0.6458333333333334,0.3958333333333333,0.0010922420499868968,0.028843548577184935,-0.022263128429306944,0.0014421457077206975
2025-09-24,0.026228952900912577,1456.17,0.3958333333333333,0.16666666666666666,0.0021044623931842504,0.03754469313274537,-0.013420202625017086,-0.008513361940192789
2025-09-25,-0.016756319930858875,1473.93,0.20833333333333334,0.0,0.00968950521780284,-0.002214437430550789,-0.024231387718111622,0.004693551897412649
2025-09-26,-0.009602871128138646,1451.98,0.75,0.3541666666666667,-0.003974361753374497,0.012706523775350611,-0.018335033150114734,-0.00854100627384923
2025-09-29,0.018191546796324436,1467.82,0.25,0.0,0.002865136046676528,0.026815179811318413,-0.011488769061669544,0.0015658577303481152
2025-09-30,0.01718428361042075,1496.16,0.3125,0.0,0.005283220522864895,0.016301385822922308,-0.0044003227353664135,0.012086536428276335
2025-10-09,0.019688358593677544,1536.57,0.4166666666666667,0.0,0.006142391163928382,0.04191923114065271,-0.02837326371090507,-0.020932466592196695
2025-10-10,0.05532369305127548,1453.87,0.6875,0.0,0.001477458820027402,0.05875713427606644,-0.004910900044817465,0.018307267488484286
2025-10-13,-0.010856308363923307,1472.57,0.3125,0.375,0.0007123998675649173,0.015142210401017046,-0.026710918632507005,0.03004739805611585
2025-10-14,0.026534738436893482,1409.64,0.020833333333333332,0.041666666666666664,0.00557847148602824,0.04025745715662134,-0.019301190205756782,0.010151822876062797
2025-10-15,-0.0038508897436391235,1429.12,0.5625,0.125,0.0010752777897504104,0.008059732412410349,-0.012985899945800315,0.0005461322272182285
2025-10-16,0.013953398868190792,1416.13,0.5208333333333334,0.0,0.0012190114161012774,0.020210516131797224,-0.007476128679707698,-0.007334524290959589
2025-10-17,0.024265988718345937,1362.89,0.14583333333333334,0.0,0.00874238689351814,0.03190940056300972,-0.016385798738180905,0.0034225297876680884
2025-10-20,0.008083015655375596,1367.22,0.3541666666666667,0.0,0.004096644230765015,0.010128826442059757,-0.006142455017449047,-0.02000153829150058
2025-10-21,0.023802506981880488,1405.37,0.9375,0.0,-0.003014031914566409,0.02656919428106646,0.00024734461538119396,0.005162468444941301
2025-10-22,-0.037553742211904564,1406.08,0.0625,0.7083333333333334,0.0006592798700615632,0.010542648441399662,-0.04875567052336555,-0.009811040821839367
2025-10-23,0.00295196585282176,1401.48,0.1875,0.4166666666666667,0.002300731893918301,0.018581783904960632,-0.017930549946055953,0.00665360298650313
2025-10-24,0.03049058635641944,1460.86,0.041666666666666664,0.0,0.006289350630865699,0.03707693999317363,-0.01287570426761956,0.0141367895832772
2025-10-27,0.016247720592971592,1484.85,0.3333333333333333,0.0,0.005003421841639551,0.017832491232076773,-0.006588192480744465,0.018592077196122214
2025-10-28,-0.011111879509263983,1472.22,0.3333333333333333,0.16666666666666666,0.003833478732484269,0.0013010767727038228,-0.016246435014454035,-0.009293766064263733
2025-10-29,0.007345671819103959,1488.31,0.4583333333333333,0.020833333333333332,0.001540907643119399,0.014524295014792313,-0.00871953083880654,-0.0036008847112366502
2025-10-30,-0.025815546126518256,1462.02,0.625,0.10416666666666667,-0.00033447458225369445,-1.6677699470682428e-05,-0.025464393844794438,-0.0021377728254683755
2025-10-31,0.03164412024397636,1416.48,0.125,0.0,0.006025682855312162,0.027370906503108142,-0.0017524691144437457,0.007032126658782432
2025-11-03,0.03461499256214276,1399.63,0.6041666666666666,0.0,-0.0007234837078685802,0.03730436922341154,-0.0019658929533998976,0.008563403034101255
2025-11-04,0.004836204092848328,1387.27,0.3958333333333333,0.020833333333333332,0.002426228237411121,0.015458879696758202,-0.013048903841323525,0.004273936954728921
2025-11-05,-0.012061921887847082,1389.67,0.5833333333333334,0.020833333333333332,0.001225782002343724,0.005464690018120978,-0.01875239390831264,-0.02298348317109569
2025-11-06,0.022962213336690285,1437.31,0.375,0.0,0.00108465943277241,0.02311975977523919,-0.0012422058713222467,0.010559775324721994
2025-11-07,-0.01741628096283133,1415.94,0.6041666666666666,0.1875,0.00020032049490592563,-0.005651200553921876,-0.011965400903815593,-0.01164134683124016
2025-11-10,0.01742951219727428,1407.29,0.16666666666666666,0.0,0.002639631946205749,0.015465457132899797,-0.0006755768818308139,-0.004672296476239587
2025-11-11,0.0015750323629609782,1387.99,0.22916666666666666,0.0,0.0024043097293010574,0.008567374473160513,-0.009396651839500489,0.006585446647636796
2025-11-12,-0.0032077402474763907,1381.08,0.3958333333333333,0.0625,0.0026260363779992413,0.019108408480716405,-0.02494218510619292,0.007509041750648571
2025-11-13,0.012077999086381408,1400.29,0.6666666666666666,0.0,-0.0006592847177426808,0.017346716361157602,-0.004609432557034512,-0.0022352702879128252
2025-11-14,-0.021924895495802756,1363.48,0.0,0.1875,0.002855006798175533,0.0005148543908612135,-0.025294756684840755,-0.014287345413897517
2025-11-17,-0.011880108201271843,1354.14,0.1875,0.0,0.004752838066031884,0.004273522168335903,-0.020906468435639397,-0.0016515522836777132
2025-11-18,0.011282566518505649,1357.9,0.4583333333333333,0.0,0.00044548059923506245,0.01598877173573124,-0.005151685816462623,-0.0026104172631552882
2025-11-19,0.010974115679908032,1345.39,0.3541666666666667,0.0,0.0019404054366267548,0.009590765539530588,-0.0005570552962480962,0.002064090727156547
2025-11-20,0.01571911062915821,1329.58,0.22916666666666666,0.22916666666666666,0.0037912355709530804,-0.0009352220358012503,0.012863097094008041,0.01333279218873172
2025-11-21,0.03252575179154019,1287.05,0.22916666666666666,0.0,0.007710579855413929,0.03036513030875959,-0.005549958372632807,0.02108368602171899
2025-11-24,-0.0015022163945512443,1293.71,0.5208333333333334,0.20833333333333334,0.0013794638125189385,0.01981548964632099,-0.022697169853390542,-0.007785576819382727
2025-11-25,-0.005466489428540666,1302.39,0.3333333333333333,0.0625,0.0021859483023916743,0.010612295817376063,-0.01826473354830918,-0.010029743323105765
2025-11-26,-0.008254372122020319,1314.59,0.5833333333333334,0.0,0.0006050545923917128,0.009031320151963979,-0.017890746866375096,0.004394630393445599
2025-11-27,0.0058899210344364105,1309.65,0.0,0.0,0.0007001024168106773,0.02323723602827754,-0.018047417410652133,-0.008186679774876793
2025-11-28,-0.013759923062477659,1325.64,0.0,0.0,0.0008275316113382364,0.004700389215221687,-0.019287843889036455,0.002092674115720749
2025-12-01,-0.0020090830415080358,1336.3,0.0,0.16666666666666666,0.0017475252449504625,0.007464137202983556,-0.011220745489440284,0.0017089710058283655
2025-12-02,0.0014593300112896816,1319.01,0.0,0.0,-3.5482109241452564e-05,0.008531962454757444,-0.0070371503342251535,-0.0020668281556627667
2025-12-03,-0.01097457783655541,1308.63,0.041666666666666664,0.08333333333333333,0.0016584166966520791,0.004469684450334785,-0.01710267898354151,-0.001956220721346254
2025-12-04,-0.002089571473292621,1324.82,0.4375,0.16666666666666666,-8.589833630869015e-05,0.012954323550744759,-0.014957996687728542,-0.0033532928878625538
2025-12-05,-0.011549494683679504,1326.55,0.0,0.7916666666666666,0.0009287847408018246,0.006778853946223851,-0.019257133370703283,-0.004867955249201553
2025-12-08,0.020741571580773957,1351.01,0.22916666666666666,0.0625,0.0029735153973675654,0.020444102451464177,-0.0026760462680577995,-9.803662807086293e-05
2025-12-09,-0.01889606061890188,1348.16,0.6666666666666666,0.2708333333333333,-0.000731756391394861,0.003602217695199264,-0.02176652192270699,0.00888597299381742
2025-12-10,-0.0019342628821438005,1345.94,0.16666666666666666,0.0625,0.0013689179840174343,0.018376510712613314,-0.021679691578773794,-0.0071444041014499336
2025-12-11,0.004222832586870087,1326.4,0.0,0.0,0.00011387954811957479,0.011921956331949757,-0.00781300329319927,0.0022029626506216812
2025-12-12,0.014862123799677489,1346.91,0.0,0.0,0.0024758477564140874,0.023394429505824946,-0.011008153462561038,0.0011546604657041138
2025-12-15,0.00027442975238749885,1319.37,0.0,0.0,0.0009628345192649462,0.005578012787333178,-0.006266417554210563,-0.011572546235804641
2025-12-16,0.010073439034698328,1294.45,0.3333333333333333,0.0,0.002625945638382962,0.015209681219086987,-0.007762187822772243,0.004087468273146532
2025-12-17,-0.0006914896540023059,1325.77,0.8333333333333334,0.4791666666666667,-0.0016136865345247053,0.018403057200412673,-0.01748086031989131,0.0010200612921220722
2025-12-18,-0.0071006660606769585,1307.06,0.0625,0.0,0.0008852109321296348,-0.00271779306641054,-0.005268083926396258,-0.00807580146648936
2025-12-19,-0.0004707269312805395,1309.05,0.14583333333333334,0.25,0.0008711272602672238,0.008437002790449594,-0.009778856981996403,-0.0067004738004346346
2025-12-22,-0.009719594324235572,1334.79,0.0,0.0,0.0025197659147640217,0.006774970699174973,-0.01901433093817463,-0.004178969424268826
2025-12-23,-0.01414139571006141,1340.12,0.3958333333333333,0.10416666666666667,0.0013987571090483958,0.005985552222804155,-0.02152570504191323,-0.001281479797220571
2025-12-24,0.0009466120824874378,1352.0,0.2708333333333333,0.7083333333333334,0.0023518996830469707,0.004710523211318804,-0.006115810811878966,-0.00157336497606148
2025-12-25,-0.009669909871504206,1349.21,0.25,0.3958333333333333,0.0020979904417257195,0.001319466334812211,-0.013087366648040222,-0.003222332421444733
2025-12-26,-0.0033310055919063913,1345.91,0.6041666666666666,0.4791666666666667,-0.0005238668580296174,0.0033810863898158516,-0.0061882251236929225,0.002189102118289085
2025-12-29,0.00981208954859682,1346.19,0.4583333333333333,0.0,0.001692532587230261,0.016694509109144717,-0.00857495214777873,0.00011144917371982413
2025-12-30,-0.013907392362621993,1359.44,0.10416666666666667,0.0,0.001762317689524312,0.006748031185643266,-0.022417741237787864,0.0001411353973631866
2025-12-31,0.010097065582056091,1344.57,0.625,0.3958333333333333,0.0001892500859960733,0.014077405627802866,-0.004169590131744463,0.005353802978156357
