day,year,slot,q,high
2021-01-04,2021,0,1.9655091726102785,True
2021-01-04,2021,1,1.7284964489590284,False
2021-01-04,2021,2,1.328999914402486,False
2021-01-04,2021,3,1.674597879312295,False
2021-01-05,2021,0,1.5611586259524917,False
2021-01-05,2021,1,1.5063128846619744,False
2021-01-05,2021,2,1.2167286314068624,False
2021-01-05,2021,3,1.5554231371776868,False
2021-01-06,2021,0,1.2354411377320973,False
2021-01-06,2021,1,1.6542552645310635,False
2021-01-06,2021,2,1.894514829168716,True
2021-01-06,2021,3,1.6254537956242678,False
2021-01-07,2021,0,1.2980576473822658,False
2021-01-07,2021,1,1.3811991176102818,False
2021-01-07,2021,2,1.2814786248704202,False
2021-01-07,2021,3,1.2586842068113964,False
2021-01-08,2021,0,1.5191153704868587,False
2021-01-08,2021,1,1.6096171160336075,False
2021-01-08,2021,2,1.84476132851846,True
2021-01-08,2021,3,1.3654693850088806,False
2021-01-11,2021,0,1.6079456550072972,False
2021-01-11,2021,1,1.2957865510340025,False
2021-01-11,2021,2,1.35715976946371,False
2021-01-11,2021,3,1.6284681141461752,False
2021-01-12,2021,0,1.932454515769696,True
2021-01-12,2021,1,1.4433914838796942,False
2021-01-12,2021,2,1.4370639229031736,False
2021-01-12,2021,3,1.5554769902490437,False
2021-01-13,2021,0,1.3796402561626435,False
2021-01-13,2021,1,2.055135561351905,True
2021-01-13,2021,2,1.3697000213345882,False
2021-01-13,2021,3,1.4996470085842388,False
2021-01-14,2021,0,1.3723713061515077,False
2021-01-14,2021,1,1.2488599124967645,False
2021-01-14,2021,2,1.4302331955700478,False
2021-01-14,2021,3,1.4989592561712273,False
2021-01-15,2021,0,1.8825249654680574,True
2021-01-15,2021,1,1.5022968460419637,False
2021-01-15,2021,2,1.7488976093448128,False
2021-01-15,2021,3,1.7466571254061332,False
2021-01-18,2021,0,2.0125550838647466,True
2021-01-18,2021,1,1.774749299989745,True
2021-01-18,2021,2,1.4412045081529925,False
2021-01-18,2021,3,1.64970741880701,False
2021-01-19,2021,0,1.56739678471316,False
2021-01-19,2021,1,1.4361560482419022,False
2021-01-19,2021,2,1.3174051817447816,False
2021-01-19,2021,3,1.8192840676324615,True
2021-01-20,2021,0,1.659136053176452,False
2021-01-20,2021,1,1.5141288690173043,False
2021-01-20,2021,2,1.3034565989332452,False
2021-01-20,2021,3,1.612427839525684,False
2021-01-21,2021,0,1.265020954120544,False
2021-01-21,2021,1,1.3963444572545856,False
2021-01-21,2021,2,1.2069812996795632,False
2021-01-21,2021,3,1.93218392719743,True
2021-01-22,2021,0,1.4690500077655972,False
2021-01-22,2021,1,1.4321807156815107,False
2021-01-22,2021,2,1.6380371959971576,False
2021-01-22,2021,3,1.474524896482452,False
2021-01-25,2021,0,1.4652847665421462,False
2021-01-25,2021,1,1.3151403433002629,False
2021-01-25,2021,2,1.4180558277667874,False
2021-01-25,2021,3,1.6372983245022503,False
2021-01-26,2021,0,1.1964894591820274,False
2021-01-26,2021,1,1.2925165220449173,False
2021-01-26,2021,2,2.1709018011142844,True
2021-01-26,2021,3,1.5680873974358427,False
2021-01-27,2021,0,1.4971270784216137,False
2021-01-27,2021,1,1.6761690794220894,False
2021-01-27,2021,2,1.53552386234043,False
2021-01-27,2021,3,1.4497518364471262,False
2021-01-28,2021,0,1.7778044070762853,True
2021-01-28,2021,1,1.4957347909537264,False
2021-01-28,2021,2,1.393974544048303,False
2021-01-28,2021,3,1.290246440184958,False
2021-01-29,2021,0,1.4888531707847197,False
2021-01-29,2021,1,1.6837935744256198,False
2021-01-29,2021,2,1.812923237328214,True
2021-01-29,2021,3,1.3333295047053135,False
2021-02-01,2021,0,1.4243540741267664,False
2021-02-01,2021,1,1.3048228132332693,False
2021-02-01,2021,2,1.5006056485119088,False
2021-02-01,2021,3,1.617085592785743,False
2021-02-02,2021,0,2.028314059132669,True
2021-02-02,2021,1,1.6792113601703864,False
2021-02-02,2021,2,1.6907050341550953,False
2021-02-02,2021,3,1.5368291694882128,False
2021-02-03,2021,0,1.2627673646620654,False
2021-02-03,2021,1,1.521756110930356,False
2021-02-03,2021,2,1.2875800290930821,False
2021-02-03,2021,3,1.4899789062716173,False
2021-02-04,2021,0,1.6744050046388297,False
2021-02-04,2021,1,1.4700253577290618,False
2021-02-04,2021,2,1.625178587310655,False
2021-02-04,2021,3,1.421750386475153,False
2021-02-05,2021,0,1.6244010648898766,False
2021-02-05,2021,1,1.4090430789096342,False
2021-02-05,2021,2,1.4905587430332898,False
2021-02-05,2021,3,1.342879845559876,False
2021-02-08,2021,0,1.6747226030301219,False
2021-02-08,2021,1,1.393118729319229,False
2021-02-08,2021,2,1.631125328067701,False
2021-02-08,2021,3,1.3483494131430132,False
2021-02-09,2021,0,1.490104003813429,False
2021-02-09,2021,1,1.504777243118091,False
2021-02-09,2021,2,1.3978634610799716,False
2021-02-09,2021,3,1.311640510490319,False
2021-02-10,2021,0,1.6328827702295126,False
2021-02-10,2021,1,1.4723378190261402,False
2021-02-10,2021,2,1.568868150738742,False
2021-02-10,2021,3,1.3860964644783897,False
2021-02-18,2021,0,1.1875285482065345,False
2021-02-18,2021,1,1.362147465761333,False
2021-02-18,2021,2,1.4121798502772605,False
2021-02-18,2021,3,1.5878283557182742,False
2021-02-19,2021,0,1.9119319837930917,True
2021-02-19,2021,1,1.403753098577321,False
2021-02-19,2021,2,1.4361309384499443,False
2021-02-19,2021,3,1.1522195173999366,False
2021-02-22,2021,0,1.9979234053347943,True
2021-02-22,2021,1,1.57496706927677,False
2021-02-22,2021,2,1.5691107452190152,False
2021-02-22,2021,3,1.7326022244203882,False
2021-02-23,2021,0,1.7609737016702707,True
2021-02-23,2021,1,1.503499398458886,False
2021-02-23,2021,2,2.0866233373602467,True
2021-02-23,2021,3,1.4891095361746838,False
2021-02-24,2021,0,1.3838401967353047,False
2021-02-24,2021,1,1.56338855939133,False
2021-02-24,2021,2,1.5534124187482932,False
2021-02-24,2021,3,1.9615448426605961,True
2021-02-25,2021,0,1.2636562726100002,False
2021-02-25,2021,1,1.9553264984042378,True
2021-02-25,2021,2,1.3651593612136175,False
2021-02-25,2021,3,1.3741439159850999,False
2021-02-26,2021,0,3.185471442671582,True
2021-02-26,2021,1,1.5839562313944147,False
2021-02-26,2021,2,1.2260176679955543,False
2021-02-26,2021,3,1.9046282612941203,True
2021-03-01,2021,0,2.478567024246677,True
2021-03-01,2021,1,1.6426236494622208,False
2021-03-01,2021,2,1.5371357340302834,False
2021-03-01,2021,3,1.5466007680521745,False
2021-03-02,2021,0,1.8454414405269557,True
2021-03-02,2021,1,1.621114373527931,False
2021-03-02,2021,2,1.3657343237966655,False
2021-03-02,2021,3,1.91255504617609,True
2021-03-03,2021,0,1.782796764584586,True
2021-03-03,2021,1,1.8368299555412813,True
2021-03-03,2021,2,1.3976505511482735,False
2021-03-03,2021,3,1.498424711115566,False
2021-03-04,2021,0,1.514759447041526,False
2021-03-04,2021,1,1.7029508956727533,False
2021-03-04,2021,2,1.2487085000278013,False
2021-03-04,2021,3,1.4751494025445326,False
2021-03-05,2021,0,1.8014162463758987,True
2021-03-05,2021,1,1.420969489480204,False
2021-03-05,2021,2,1.616677007062358,False
2021-03-05,2021,3,1.5870688215768023,False
2021-03-08,2021,0,1.362368718476668,False
2021-03-08,2021,1,1.2149011102606575,False
2021-03-08,2021,2,1.7380291274673887,False
2021-03-08,2021,3,1.5802609855452416,False
2021-03-09,2021,0,1.4817400373859009,False
2021-03-09,2021,1,1.245091762545159,False
2021-03-09,2021,2,1.509702660180734,False
2021-03-09,2021,3,1.3319260269498592,False
2021-03-10,2021,0,2.3225398575335894,True
2021-03-10,2021,1,1.5954737971204125,False
2021-03-10,2021,2,1.476365998932985,False
2021-03-10,2021,3,1.9221842900988422,True
2021-03-11,2021,0,1.8156289649734827,True
2021-03-11,2021,1,2.0847645485788493,True
2021-03-11,2021,2,3.1102406458491134,True
2021-03-11,2021,3,1.2840819002245845,False
2021-03-12,2021,0,1.2976682293399542,False
2021-03-12,2021,1,1.635623843288115,False
2021-03-12,2021,2,1.4923078725969505,False
2021-03-12,2021,3,1.6516690862535044,False
2021-03-15,2021,0,2.3363456117597874,True
2021-03-15,2021,1,1.2428329568922518,False
2021-03-15,2021,2,1.6460942687683404,False
2021-03-15,2021,3,1.6960844389417156,False
2021-03-16,2021,0,1.3878631630299123,False
2021-03-16,2021,1,1.9672339722274685,True
2021-03-16,2021,2,1.583198754001559,False
2021-03-16,2021,3,1.618243330961192,False
2021-03-17,2021,0,1.5385919697235049,False
2021-03-17,2021,1,1.3309710213739556,False
2021-03-17,2021,2,1.4801939463205653,False
2021-03-17,2021,3,1.6227621094003974,False
2021-03-18,2021,0,1.9912824616731133,True
2021-03-18,2021,1,1.3021992826101245,False
2021-03-18,2021,2,1.5216417276167589,False
2021-03-18,2021,3,1.5535890346172314,False
2021-03-19,2021,0,1.8755500714267623,True
2021-03-19,2021,1,1.4434312805506855,False
2021-03-19,2021,2,1.7942515672147192,True
2021-03-19,2021,3,1.657257532992721,False
2021-03-22,2021,0,1.5314237003661748,False
2021-03-22,2021,1,1.3990510031059624,False
2021-03-22,2021,2,1.4283090669430176,False
2021-03-22,2021,3,1.3065424333079687,False
2021-03-23,2021,0,2.0733794982377773,True
2021-03-23,2021,1,1.5307526036485741,False
2021-03-23,2021,2,1.776627980055999,True
2021-03-23,2021,3,1.4495725339441823,False
2021-03-24,2021,0,2.0254078239079565,True
2021-03-24,2021,1,1.2760256019095286,False
2021-03-24,2021,2,1.6322361196402297,False
2021-03-24,2021,3,1.5907788728328338,False
2021-03-25,2021,0,1.4170515875996512,False
2021-03-25,2021,1,1.9075707880104396,True
2021-03-25,2021,2,1.2031468361445914,False
2021-03-25,2021,3,1.2963221943293213,False
2021-03-26,2021,0,2.6950177160716438,True
2021-03-26,2021,1,1.414666521543011,False
2021-03-26,2021,2,1.4445248009450922,False
2021-03-26,2021,3,1.6657885904995815,False
2021-03-29,2021,0,1.546732557884407,False
2021-03-29,2021,1,1.5376539418243158,False
2021-03-29,2021,2,1.2597919575312153,False
2021-03-29,2021,3,1.5417435468216651,False
2021-03-30,2021,0,1.708510381319917,False
2021-03-30,2021,1,1.4443478604004156,False
2021-03-30,2021,2,1.5766915350444979,False
2021-03-30,2021,3,1.2460656800754322,False
2021-03-31,2021,0,1.7549796061385368,False
2021-03-31,2021,1,1.4103811526762795,False
2021-03-31,2021,2,1.9726266038402192,True
2021-03-31,2021,3,2.034268702481902,True
2021-04-01,2021,0,1.509844027864253,False
2021-04-01,2021,1,1.5314567524426455,False
2021-04-01,2021,2,1.253191889235754,False
2021-04-01,2021,3,1.352808452468793,False
2021-04-02,2021,0,2.3450253766640854,True
2021-04-02,2021,1,1.4488210437077218,False
2021-04-02,2021,2,1.490196418344535,False
2021-04-02,2021,3,1.4567273865108057,False
2021-04-06,2021,0,1.7647830491177274,True
2021-04-06,2021,1,1.5401895575404605,False
2021-04-06,2021,2,1.7285957645527377,False
2021-04-06,2021,3,1.6056926980635882,False
2021-04-07,2021,0,1.803393275749573,True
2021-04-07,2021,1,1.9108397416387863,True
2021-04-07,2021,2,1.4453017919064595,False
2021-04-07,2021,3,1.5016990222588844,False
2021-04-08,2021,0,1.4914222287802092,False
2021-04-08,2021,1,1.8471285344374502,True
2021-04-08,2021,2,1.571452429481025,False
2021-04-08,2021,3,1.5205004425093587,False
2021-04-09,2021,0,1.8185125415280803,True
2021-04-09,2021,1,1.3720727439993592,False
2021-04-09,2021,2,1.2713906220580857,False
2021-04-09,2021,3,2.4153833712076516,True
2021-04-12,2021,0,1.9730100160667106,True
2021-04-12,2021,1,1.2181438874224253,False
2021-04-12,2021,2,1.422855042235857,False
2021-04-12,2021,3,1.5325446891865095,False
2021-04-13,2021,0,2.2215442369129192,True
2021-04-13,2021,1,1.4172671691246994,False
2021-04-13,2021,2,1.5588094259277854,False
2021-04-13,2021,3,1.4234664645804633,False
2021-04-14,2021,0,1.8715848592015567,True
2021-04-14,2021,1,1.6046441241374143,False
2021-04-14,2021,2,1.8204496331488547,True
2021-04-14,2021,3,1.4200167182617602,False
2021-04-15,2021,0,1.8196912394574587,True
2021-04-15,2021,1,1.3838558407883448,False
2021-04-15,2021,2,1.3937790726638801,False
2021-04-15,2021,3,1.3940023965999175,False
2021-04-16,2021,0,1.3924562986826137,False
2021-04-16,2021,1,1.2108977805695575,False
2021-04-16,2021,2,1.3102363029668993,False
2021-04-16,2021,3,1.7258457081078074,False
2021-04-19,2021,0,1.774363134955142,True
2021-04-19,2021,1,1.3352123907552764,False
2021-04-19,2021,2,1.4313457425478493,False
2021-04-19,2021,3,1.4022364253356034,False
2021-04-20,2021,0,2.302260069775989,True
2021-04-20,2021,1,1.9854938005033336,True
2021-04-20,2021,2,1.6326204248531806,False
2021-04-20,2021,3,1.4836771749862658,False
2021-04-21,2021,0,1.5500628345615106,False
2021-04-21,2021,1,1.3929268520000377,False
2021-04-21,2021,2,1.77830086011912,True
2021-04-21,2021,3,1.221588577822828,False
2021-04-22,2021,0,1.7361644308512476,False
2021-04-22,2021,1,1.7199347733789085,False
2021-04-22,2021,2,1.4817960195899746,False
2021-04-22,2021,3,1.3563407839646375,False
2021-04-23,2021,0,1.340562363137122,False
2021-04-23,2021,1,1.5931754417645851,False
2021-04-23,2021,2,1.5036997174073892,False
2021-04-23,2021,3,1.6230145022006877,False
2021-04-26,2021,0,3.1490308900932114,True
2021-04-26,2021,1,1.8098528731364998,True
2021-04-26,2021,2,1.500620590064695,False
2021-04-26,2021,3,1.472958429240343,False
2021-04-27,2021,0,1.8424477897348208,True
2021-04-27,2021,1,1.9441390693030736,True
2021-04-27,2021,2,1.5459865051223796,False
2021-04-27,2021,3,2.0696530962552933,True
2021-04-28,2021,0,1.7484147477975946,False
2021-04-28,2021,1,2.0530755915794003,True
2021-04-28,2021,2,1.8803568936000603,True
2021-04-28,2021,3,1.3749041199445615,False
2021-04-29,2021,0,1.6287150575756513,False
2021-04-29,2021,1,1.4735018622800162,False
2021-04-29,2021,2,1.991655734572104,True
2021-04-29,2021,3,1.766838637876256,True
2021-04-30,2021,0,1.7690272638558646,True
2021-04-30,2021,1,1.4639435991575847,False
2021-04-30,2021,2,1.3053049185704393,False
2021-04-30,2021,3,1.17675347932166,False
2021-05-06,2021,0,1.4911804380157114,False
2021-05-06,2021,1,1.7324955535471436,False
2021-05-06,2021,2,1.703214523838441,False
2021-05-06,2021,3,1.6945666294576125,False
2021-05-07,2021,0,1.591900415220137,False
2021-05-07,2021,1,1.6002523481278215,False
2021-05-07,2021,2,1.5552977065506797,False
2021-05-07,2021,3,1.470365402263993,False
2021-05-10,2021,0,1.552650357954422,False
2021-05-10,2021,1,1.4876136233027146,False
2021-05-10,2021,2,1.5603498690786097,False
2021-05-10,2021,3,1.4768443628469337,False
2021-05-11,2021,0,1.5294577782234746,False
2021-05-11,2021,1,1.4464836801024705,False
2021-05-11,2021,2,1.7753309184486137,True
2021-05-11,2021,3,1.6960479681260927,False
2021-05-12,2021,0,1.5278532714330275,False
2021-05-12,2021,1,1.4650517696040797,False
2021-05-12,2021,2,1.35223300933347,False
2021-05-12,2021,3,1.467837144055068,False
2021-05-13,2021,0,1.5685100310049178,False
2021-05-13,2021,1,2.0765506343238327,True
2021-05-13,2021,2,1.7018960100510483,False
2021-05-13,2021,3,1.235690918849522,False
2021-05-14,2021,0,2.1349542378141537,True
2021-05-14,2021,1,1.2472128118276988,False
2021-05-14,2021,2,1.6741660524578033,False
2021-05-14,2021,3,1.5808851938830162,False
2021-05-17,2021,0,2.1692316742165585,True
2021-05-17,2021,1,1.8350024804241751,True
2021-05-17,2021,2,1.65383550135585,False
2021-05-17,2021,3,1.521187533600198,False
2021-05-18,2021,0,1.689767044189047,False
2021-05-18,2021,1,1.9789547860381973,True
2021-05-18,2021,2,1.6046235266679296,False
2021-05-18,2021,3,1.8351924604217251,True
2021-05-19,2021,0,1.3772003545423634,False
2021-05-19,2021,1,1.7501010330126257,False
2021-05-19,2021,2,1.4405228230810632,False
2021-05-19,2021,3,1.772738332350174,True
2021-05-20,2021,0,2.0405066293396903,True
2021-05-20,2021,1,1.7753317062318175,True
2021-05-20,2021,2,1.4146684604421316,False
2021-05-20,2021,3,1.467950242112403,False
2021-05-21,2021,0,1.7970544927971102,True
2021-05-21,2021,1,1.550741951392737,False
2021-05-21,2021,2,1.400812491471596,False
2021-05-21,2021,3,1.3634374061217882,False
2021-05-24,2021,0,1.4369906246346855,False
2021-05-24,2021,1,1.6315602196759074,False
2021-05-24,2021,2,1.2783835085570583,False
2021-05-24,2021,3,1.271401653186191,False
2021-05-25,2021,0,2.3163023496369783,True
2021-05-25,2021,1,1.483819498071954,False
2021-05-25,2021,2,1.2087228373700398,False
2021-05-25,2021,3,1.4031836652164005,False
2021-05-26,2021,0,1.483789037771248,False
2021-05-26,2021,1,1.3719812330255678,False
2021-05-26,2021,2,1.675012711524581,False
2021-05-26,2021,3,1.6132719498898154,False
2021-05-27,2021,0,1.353678044524398,False
2021-05-27,2021,1,1.5409598260839994,False
2021-05-27,2021,2,1.7364687512976689,False
2021-05-27,2021,3,1.5329734176373682,False
2021-05-28,2021,0,1.473039470972605,False
2021-05-28,2021,1,2.8325340805298915,True
2021-05-28,2021,2,1.3444597213217562,False
2021-05-28,2021,3,1.5275365828406002,False
2021-05-31,2021,0,2.992972810113832,True
2021-05-31,2021,1,1.1599496382209291,False
2021-05-31,2021,2,1.9589322181928681,True
2021-05-31,2021,3,1.8632244112881469,True
2021-06-01,2021,0,1.9402734537331983,True
2021-06-01,2021,1,1.495314847840027,False
2021-06-01,2021,2,1.613763344150399,False
2021-06-01,2021,3,1.3109633416025928,False
2021-06-02,2021,0,1.7163852851131334,False
2021-06-02,2021,1,1.7065055910660551,False
2021-06-02,2021,2,1.3183189747398005,False
2021-06-02,2021,3,1.4967556424308963,False
2021-06-03,2021,0,1.275330595691568,False
2021-06-03,2021,1,1.7793013187888556,True
2021-06-03,2021,2,1.2514785819643943,False
2021-06-03,2021,3,1.3394614844541461,False
2021-06-04,2021,0,1.6959306354199575,False
2021-06-04,2021,1,1.4612145918877668,False
2021-06-04,2021,2,1.6623981181605234,False
2021-06-04,2021,3,1.434783676529707,False
2021-06-07,2021,0,1.7580002825083891,False
2021-06-07,2021,1,1.9530459565218121,True
2021-06-07,2021,2,1.423331623889403,False
2021-06-07,2021,3,1.758863039100653,False
2021-06-08,2021,0,2.719948973458738,True
2021-06-08,2021,1,1.462041853395512,False
2021-06-08,2021,2,1.6663268871896233,False
2021-06-08,2021,3,2.138536788888612,True
2021-06-09,2021,0,1.9897219766938101,True
2021-06-09,2021,1,1.629974793381069,False
2021-06-09,2021,2,1.8783131889391718,True
2021-06-09,2021,3,1.75447315340565,False
2021-06-10,2021,0,2.436563472540691,True
2021-06-10,2021,1,1.554257230509959,False
2021-06-10,2021,2,1.7810127302853829,True
2021-06-10,2021,3,1.4145979185982678,False
2021-06-11,2021,0,1.3730252648723027,False
2021-06-11,2021,1,1.7850479269079005,True
2021-06-11,2021,2,1.3884607706432388,False
2021-06-11,2021,3,2.1704919950750616,True
2021-06-15,2021,0,1.71178834108198,False
2021-06-15,2021,1,1.8933153117085257,True
2021-06-15,2021,2,1.6563690389408396,False
2021-06-15,2021,3,1.2129249129844653,False
2021-06-16,2021,0,1.311475806235279,False
2021-06-16,2021,1,1.7335129389141375,False
2021-06-16,2021,2,1.3996340516156691,False
2021-06-16,2021,3,1.4278112352068126,False
2021-06-17,2021,0,1.3197754902621792,False
2021-06-17,2021,1,1.5208361172394234,False
2021-06-17,2021,2,1.7556080386144213,False
2021-06-17,2021,3,1.5613587598615222,False
2021-06-18,2021,0,1.748653667362728,False
2021-06-18,2021,1,1.484948206521176,False
2021-06-18,2021,2,1.366773825311336,False
2021-06-18,2021,3,1.2544812848238984,False
2021-06-21,2021,0,1.478219858609044,False
2021-06-21,2021,1,1.8105031243734806,True
2021-06-21,2021,2,1.3096382661258794,False
2021-06-21,2021,3,1.7598173740338752,False
2021-06-22,2021,0,1.7887984794165466,True
2021-06-22,2021,1,2.217572583405131,True
2021-06-22,2021,2,1.6988476178114682,False
2021-06-22,2021,3,1.5147595030616714,False
2021-06-23,2021,0,1.8166925679746242,True
2021-06-23,2021,1,1.7601658981881447,False
2021-06-23,2021,2,1.4732492623905307,False
2021-06-23,2021,3,1.7938336650009568,True
2021-06-24,2021,0,1.6188582682757167,False
2021-06-24,2021,1,1.7968215164232697,True
2021-06-24,2021,2,1.5018529467771657,False
2021-06-24,2021,3,1.6566095539325911,False
2021-06-25,2021,0,1.5772386960753586,False
2021-06-25,2021,1,1.45189415057998,False
2021-06-25,2021,2,1.4687609821766945,False
2021-06-25,2021,3,1.5902551156653262,False
2021-06-28,2021,0,1.626010866767162,False
2021-06-28,2021,1,1.3481347716463847,False
2021-06-28,2021,2,1.8746001478932088,True
2021-06-28,2021,3,1.8439642757199763,True
2021-06-29,2021,0,1.116770843107302,False
2021-06-29,2021,1,1.8101184422847225,True
2021-06-29,2021,2,1.5570242828319705,False
2021-06-29,2021,3,1.4720321474813713,False
2021-06-30,2021,0,1.6396490423991814,False
2021-06-30,2021,1,1.7166466527820567,False
2021-06-30,2021,2,1.5241525003851306,False
2021-06-30,2021,3,1.4888610501476187,False
2021-07-01,2021,0,1.5386959629033699,False
2021-07-01,2021,1,1.8345418799456668,True
2021-07-01,2021,2,1.5574091685386808,False
2021-07-01,2021,3,1.3125211399820347,False
2021-07-02,2021,0,1.830583409399985,True
2021-07-02,2021,1,1.337539673443675,False
2021-07-02,2021,2,1.3056890263896128,False
2021-07-02,2021,3,1.2012432772604036,False
2021-07-05,2021,0,1.9233281041927397,True
2021-07-05,2021,1,1.7056555588616278,False
2021-07-05,2021,2,2.4703211263605898,True
2021-07-05,2021,3,1.371033179802053,False
2021-07-06,2021,0,1.3335132838703143,False
2021-07-06,2021,1,1.2787798764596718,False
2021-07-06,2021,2,1.1624780624654816,False
2021-07-06,2021,3,1.8346498021699722,True
2021-07-07,2021,0,1.7389559177332676,False
2021-07-07,2021,1,1.327186556457164,False
2021-07-07,2021,2,1.4903292782179973,False
2021-07-07,2021,3,1.4180766644594145,False
2021-07-08,2021,0,1.8773398837066473,True
2021-07-08,2021,1,1.4738770948698379,False
2021-07-08,2021,2,1.702009212066272,False
2021-07-08,2021,3,1.4210294874751894,False
2021-07-09,2021,0,1.41347653516207,False
2021-07-09,2021,1,1.3544586237030505,False
2021-07-09,2021,2,1.7459398766205876,False
2021-07-09,2021,3,1.5808293007192982,False
2021-07-12,2021,0,1.6197378177911401,False
2021-07-12,2021,1,1.383014915768552,False
2021-07-12,2021,2,1.9193700438433798,True
2021-07-12,2021,3,1.3123957834750584,False
2021-07-13,2021,0,1.8252827486954837,True
2021-07-13,2021,1,1.6594478094659322,False
2021-07-13,2021,2,1.5223793602463271,False
2021-07-13,2021,3,1.4645673790058609,False
2021-07-14,2021,0,1.821017402455773,True
2021-07-14,2021,1,1.6751594176508546,False
2021-07-14,2021,2,1.3731136506791743,False
2021-07-14,2021,3,1.493670701071265,False
2021-07-15,2021,0,1.6963261234275844,False
2021-07-15,2021,1,1.3895517175236103,False
2021-07-15,2021,2,2.1952168033894313,True
2021-07-15,2021,3,1.8345030882864561,True
2021-07-16,2021,0,1.8933195259356643,True
2021-07-16,2021,1,1.179662024209106,False
2021-07-16,2021,2,1.466480290911539,False
2021-07-16,2021,3,1.4094342482757023,False
2021-07-19,2021,0,1.7453214894974423,False
2021-07-19,2021,1,2.467740049008597,True
2021-07-19,2021,2,1.437036673877436,False
2021-07-19,2021,3,1.8803456723125263,True
2021-07-20,2021,0,1.9223928083056026,True
2021-07-20,2021,1,1.348557390054331,False
2021-07-20,2021,2,1.2583651310437074,False
2021-07-20,2021,3,1.430983810004281,False
2021-07-21,2021,0,1.6216598916545313,False
2021-07-21,2021,1,1.3375747240882498,False
2021-07-21,2021,2,1.691160077513491,False
2021-07-21,2021,3,1.3503084591454517,False
2021-07-22,2021,0,1.5132358220879154,False
2021-07-22,2021,1,1.4775547508094362,False
2021-07-22,2021,2,1.4316452367795198,False
2021-07-22,2021,3,1.5577000997573933,False
2021-07-23,2021,0,1.2089940979648788,False
2021-07-23,2021,1,1.950844201108155,True
2021-07-23,2021,2,1.1823596940463907,False
2021-07-23,2021,3,1.426270819954203,False
2021-07-26,2021,0,1.3935138591733076,False
2021-07-26,2021,1,1.562101560162095,False
2021-07-26,2021,2,1.49120950544774,False
2021-07-26,2021,3,1.4824088112861844,False
2021-07-27,2021,0,1.5437287757493738,False
2021-07-27,2021,1,1.3309951828905429,False
2021-07-27,2021,2,1.5187430603683214,False
2021-07-27,2021,3,1.2377240710739161,False
2021-07-28,2021,0,1.4052044806815278,False
2021-07-28,2021,1,1.4317170931643013,False
2021-07-28,2021,2,1.4567264472281483,False
2021-07-28,2021,3,1.8546928819175053,True
2021-07-29,2021,0,2.5813989335914322,True
2021-07-29,2021,1,1.6763624570288544,False
2021-07-29,2021,2,1.5967229219428416,False
2021-07-29,2021,3,2.385923363236458,True
2021-07-30,2021,0,1.375680512235266,False
2021-07-30,2021,1,1.3613951787768284,False
2021-07-30,2021,2,1.833382595935328,True
2021-07-30,2021,3,1.7458076234952795,False
2021-08-02,2021,0,1.541471615331714,False
2021-08-02,2021,1,1.2726435891050747,False
2021-08-02,2021,2,1.9614803527841447,True
2021-08-02,2021,3,1.3617568037784347,False
2021-08-03,2021,0,2.0522706565732864,True
2021-08-03,2021,1,1.7237252126974714,False
2021-08-03,2021,2,1.4375633929675105,False
2021-08-03,2021,3,1.652854972656745,False
2021-08-04,2021,0,1.346233454475571,False
2021-08-04,2021,1,1.5533634564644045,False
2021-08-04,2021,2,1.6427904324548919,False
2021-08-04,2021,3,1.3414421788548458,False
2021-08-05,2021,0,1.8638552708864864,True
2021-08-05,2021,1,1.29033844483516,False
2021-08-05,2021,2,1.2994256154897452,False
2021-08-05,2021,3,1.7363080386419536,False
2021-08-06,2021,0,1.9441218193893306,True
2021-08-06,2021,1,2.045936724201113,True
2021-08-06,2021,2,1.4966950278464917,False
2021-08-06,2021,3,1.8100144528178486,True
2021-08-09,2021,0,2.678458868998869,True
2021-08-09,2021,1,1.263188852185539,False
2021-08-09,2021,2,1.2864314982665999,False
2021-08-09,2021,3,1.5844818339886821,False
2021-08-10,2021,0,1.5068424778358498,False
2021-08-10,2021,1,1.6443713186603144,False
2021-08-10,2021,2,1.7342054237028026,False
2021-08-10,2021,3,1.339530024333571,False
2021-08-11,2021,0,1.3514764955818006,False
2021-08-11,2021,1,1.3186858768152914,False
2021-08-11,2021,2,1.3673698997963422,False
2021-08-11,2021,3,1.498661877068337,False
2021-08-12,2021,0,1.4501285041466252,False
2021-08-12,2021,1,1.3219758965700033,False
2021-08-12,2021,2,1.3886074425785502,False
2021-08-12,2021,3,1.8965994486394586,True
2021-08-13,2021,0,1.6048559475118152,False
2021-08-13,2021,1,1.2833355202980092,False
2021-08-13,2021,2,1.1638578833086868,False
2021-08-13,2021,3,1.5963214851599299,False
2021-08-16,2021,0,1.632843405234779,False
2021-08-16,2021,1,1.8341208287303494,True
2021-08-16,2021,2,1.2390612754749026,False
2021-08-16,2021,3,1.307776245947864,False
2021-08-17,2021,0,1.647663352154854,False
2021-08-17,2021,1,1.1982024255377854,False
2021-08-17,2021,2,1.76525627845103,True
2021-08-17,2021,3,1.713681294059029,False
2021-08-18,2021,0,1.9158711793095933,True
2021-08-18,2021,1,1.7006024254103393,False
2021-08-18,2021,2,1.8322829889167664,True
2021-08-18,2021,3,2.02257476159575,True
2021-08-19,2021,0,1.6595892037467106,False
2021-08-19,2021,1,1.562482086800047,False
2021-08-19,2021,2,1.4119109917637604,False
2021-08-19,2021,3,1.4247127866624456,False
2021-08-20,2021,0,1.9215797013322486,True
2021-08-20,2021,1,1.4117580892362567,False
2021-08-20,2021,2,1.7055164940915126,False
2021-08-20,2021,3,1.4101144313835945,False
2021-08-23,2021,0,1.4248465805473671,False
2021-08-23,2021,1,1.379808707145315,False
2021-08-23,2021,2,1.3154346982088772,False
2021-08-23,2021,3,1.8877722670225048,True
2021-08-24,2021,0,1.4299234633778057,False
2021-08-24,2021,1,1.354748833102647,False
2021-08-24,2021,2,1.408484495870782,False
2021-08-24,2021,3,1.845222149729849,True
2021-08-25,2021,0,2.1162863065482056,True
2021-08-25,2021,1,1.3496369140179603,False
2021-08-25,2021,2,1.2248229182845793,False
2021-08-25,2021,3,1.8680373448873575,True
2021-08-26,2021,0,1.3859013810956766,False
2021-08-26,2021,1,1.4926805437456185,False
2021-08-26,2021,2,1.4803886513419704,False
2021-08-26,2021,3,1.6885937642030515,False
2021-08-27,2021,0,1.4764816043444298,False
2021-08-27,2021,1,1.4836114087022891,False
2021-08-27,2021,2,1.2873534717691424,False
2021-08-27,2021,3,1.8274797965878389,True
2021-08-30,2021,0,1.8376307162927128,True
2021-08-30,2021,1,1.6026384481116247,False
2021-08-30,2021,2,1.4079269315258658,False
2021-08-30,2021,3,1.5919686821609962,False
2021-08-31,2021,0,2.581198832999339,True
2021-08-31,2021,1,1.3416254869958233,False
2021-08-31,2021,2,1.397678324242488,False
2021-08-31,2021,3,2.3592090226630273,True
2021-09-01,2021,0,2.09547522734093,True
2021-09-01,2021,1,1.3702817925838817,False
2021-09-01,2021,2,1.7028464903772789,False
2021-09-01,2021,3,2.1881382459332857,True
2021-09-02,2021,0,1.6136542447926416,False
2021-09-02,2021,1,1.639015021782207,False
2021-09-02,2021,2,1.7571987318655566,False
2021-09-02,2021,3,1.48536118530924,False
2021-09-03,2021,0,1.2890883716310262,False
2021-09-03,2021,1,2.1803427372893522,True
2021-09-03,2021,2,1.5674091409094093,False
2021-09-03,2021,3,1.5097895474942604,False
2021-09-06,2021,0,1.7984536083881488,True
2021-09-06,2021,1,1.417355632955584,False
2021-09-06,2021,2,2.082150394540943,True
2021-09-06,2021,3,1.4711354483926902,False
2021-09-07,2021,0,1.8060137055167909,True
2021-09-07,2021,1,1.8815434386458907,True
2021-09-07,2021,2,1.3585494169003465,False
2021-09-07,2021,3,1.5006287142059236,False
2021-09-08,2021,0,1.5377204525422954,False
2021-09-08,2021,1,1.1581331908191297,False
2021-09-08,2021,2,1.6722253205935071,False
2021-09-08,2021,3,1.3052478139407893,False
2021-09-09,2021,0,2.3439460248688055,True
2021-09-09,2021,1,1.8207393509134433,True
2021-09-09,2021,2,1.718309863156454,False
2021-09-09,2021,3,1.482521106497474,False
2021-09-10,2021,0,1.387580784530947,False
2021-09-10,2021,1,1.5401725190844338,False
2021-09-10,2021,2,1.8758448676544888,True
2021-09-10,2021,3,1.4894001195318598,False
2021-09-13,2021,0,1.4787129816165072,False
2021-09-13,2021,1,2.4148563277776485,True
2021-09-13,2021,2,1.4217598403427465,False
2021-09-13,2021,3,1.4366646389346627,False
2021-09-14,2021,0,2.49429949458668,True
2021-09-14,2021,1,1.1889460861828536,False
2021-09-14,2021,2,1.7763592309272613,True
2021-09-14,2021,3,1.9738501972053641,True
2021-09-15,2021,0,1.7808859092182014,True
2021-09-15,2021,1,2.0082132235599186,True
2021-09-15,2021,2,1.3854921665608222,False
2021-09-15,2021,3,1.8683383858647065,True
2021-09-16,2021,0,1.3967207698945545,False
2021-09-16,2021,1,1.3128682128271152,False
2021-09-16,2021,2,1.7536239276454104,False
2021-09-16,2021,3,1.405950993712466,False
2021-09-17,2021,0,1.3078500512314772,False
2021-09-17,2021,1,1.7571267112410576,False
2021-09-17,2021,2,1.1964677646454098,False
2021-09-17,2021,3,1.9398632861875826,True
2021-09-22,2021,0,1.4547386106369844,False
2021-09-22,2021,1,1.3888485251430336,False
2021-09-22,2021,2,1.4941203579959064,False
2021-09-22,2021,3,1.6583611004165204,False
2021-09-23,2021,0,1.5311342264878174,False
2021-09-23,2021,1,1.3826393093262273,False
2021-09-23,2021,2,1.922640626372345,True
2021-09-23,2021,3,1.812664167391481,True
2021-09-24,2021,0,1.5810479738538479,False
2021-09-24,2021,1,1.5475060571696828,False
2021-09-24,2021,2,1.3630730094468253,False
2021-09-24,2021,3,1.5286774450611529,False
2021-09-27,2021,0,2.0937658005748836,True
2021-09-27,2021,1,1.3264334488256635,False
2021-09-27,2021,2,1.7317233170579098,False
2021-09-27,2021,3,1.4544651923099663,False
2021-09-28,2021,0,1.5108648543606673,False
2021-09-28,2021,1,1.5861787716945366,False
2021-09-28,2021,2,1.4981730583130022,False
2021-09-28,2021,3,1.724086060863766,False
2021-09-29,2021,0,1.2815838438523939,False
2021-09-29,2021,1,1.781858064367957,True
2021-09-29,2021,2,1.707741181344953,False
2021-09-29,2021,3,1.5627897223082239,False
2021-09-30,2021,0,2.015301844655186,True
2021-09-30,2021,1,1.3872493164566122,False
2021-09-30,2021,2,1.4876421262940924,False
2021-09-30,2021,3,1.598965824931859,False
2021-10-08,2021,0,1.7185950887379569,False
2021-10-08,2021,1,1.2655728822856682,False
2021-10-08,2021,2,1.565568312361486,False
2021-10-08,2021,3,1.6504419248178577,False
2021-10-11,2021,0,1.4236369780547862,False
2021-10-11,2021,1,1.988654399424855,True
2021-10-11,2021,2,1.2647834439490448,False
2021-10-11,2021,3,2.279642798206445,True
2021-10-12,2021,0,1.2692601086000137,False
2021-10-12,2021,1,1.3155572849090795,False
2021-10-12,2021,2,1.4013012652867571,False
2021-10-12,2021,3,1.6390105469299143,False
2021-10-13,2021,0,2.3155429154797385,True
2021-10-13,2021,1,1.4240721710445312,False
2021-10-13,2021,2,1.1188424802072217,False
2021-10-13,2021,3,1.8607586084852528,True
2021-10-14,2021,0,1.4844426813079146,False
2021-10-14,2021,1,1.8012564674330944,True
2021-10-14,2021,2,1.404824535867702,False
2021-10-14,2021,3,1.4340095527684866,False
2021-10-15,2021,0,1.5323508263207872,False
2021-10-15,2021,1,1.4753468642766383,False
2021-10-15,2021,2,2.4422132102751353,True
2021-10-15,2021,3,1.920661398815049,True
2021-10-18,2021,0,1.5758880605610617,False
2021-10-18,2021,1,1.4579582888810607,False
2021-10-18,2021,2,1.5738561381431804,False
2021-10-18,2021,3,1.9283949616877554,True
2021-10-19,2021,0,1.6097401300878118,False
2021-10-19,2021,1,1.5032434256173646,False
2021-10-19,2021,2,1.475807098435533,False
2021-10-19,2021,3,1.613416845009099,False
2021-10-20,2021,0,1.722803646748234,False
2021-10-20,2021,1,1.5880597815124382,False
2021-10-20,2021,2,1.538125808174293,False
2021-10-20,2021,3,1.520294397686042,False
2021-10-21,2021,0,1.4552405761464617,False
2021-10-21,2021,1,1.5939190085743271,False
2021-10-21,2021,2,1.4396210047682525,False
2021-10-21,2021,3,2.0044685982010697,True
2021-10-22,2021,0,1.5278649241072664,False
2021-10-22,2021,1,1.5697486978250257,False
2021-10-22,2021,2,1.5524573815998786,False
2021-10-22,2021,3,1.6842980335740172,False
2021-10-25,2021,0,1.6052541836915941,False
2021-10-25,2021,1,1.6129515867887911,False
2021-10-25,2021,2,2.45719797586491,True
2021-10-25,2021,3,1.298527703534096,False
2021-10-26,2021,0,1.6156837945020441,False
2021-10-26,2021,1,1.3051489173115858,False
2021-10-26,2021,2,1.5167236760022758,False
2021-10-26,2021,3,1.465581325114521,False
2021-10-27,2021,0,1.6224941316588948,False
2021-10-27,2021,1,1.3824167433058623,False
2021-10-27,2021,2,1.5273094979568678,False
2021-10-27,2021,3,1.5478372620982188,False
2021-10-28,2021,0,1.3197474731077616,False
2021-10-28,2021,1,1.512940209682877,False
2021-10-28,2021,2,1.6412947597562573,False
2021-10-28,2021,3,1.6008733914745217,False
2021-10-29,2021,0,1.5118055889738584,False
2021-10-29,2021,1,1.2084260289684234,False
2021-10-29,2021,2,1.224569873498566,False
2021-10-29,2021,3,1.424058811344436,False
2021-11-01,2021,0,1.3427296360800043,False
2021-11-01,2021,1,1.922534662000326,True
2021-11-01,2021,2,1.7927065776503297,True
2021-11-01,2021,3,1.5338004210341476,False
2021-11-02,2021,0,1.2574119873856233,False
2021-11-02,2021,1,1.3901211263384912,False
2021-11-02,2021,2,1.3549482445436773,False
2021-11-02,2021,3,1.3744409496433752,False
2021-11-03,2021,0,1.2225693674464617,False
2021-11-03,2021,1,1.6469483568375485,False
2021-11-03,2021,2,1.4311787049564377,False
2021-11-03,2021,3,1.8269943254154783,True
2021-11-04,2021,0,2.729172778644494,True
2021-11-04,2021,1,1.5292280216764196,False
2021-11-04,2021,2,1.5113464697402275,False
2021-11-04,2021,3,1.4258055172466415,False
2021-11-05,2021,0,1.5475161537578923,False
2021-11-05,2021,1,1.5595091420931395,False
2021-11-05,2021,2,1.3057857327592441,False
2021-11-05,2021,3,1.3098264386947844,False
2021-11-08,2021,0,1.3579067999851806,False
2021-11-08,2021,1,1.452680580922083,False
2021-11-08,2021,2,1.7294351963786285,False
2021-11-08,2021,3,1.4690683991862565,False
2021-11-09,2021,0,2.610749397354652,True
2021-11-09,2021,1,1.3024661348377597,False
2021-11-09,2021,2,1.4370104443124037,False
2021-11-09,2021,3,1.3537217042536869,False
2021-11-10,2021,0,1.3664588626815193,False
2021-11-10,2021,1,1.6408842675587156,False
2021-11-10,2021,2,1.7159642065574772,False
2021-11-10,2021,3,1.6797255875677757,False
2021-11-11,2021,0,1.3291410662598435,False
2021-11-11,2021,1,1.4955747843022824,False
2021-11-11,2021,2,1.55645890138188,False
2021-11-11,2021,3,1.8087898410335896,True
2021-11-12,2021,0,2.2135807188528274,True
2021-11-12,2021,1,1.34385875857131,False
2021-11-12,2021,2,1.5593681367153154,False
2021-11-12,2021,3,1.3413483500158463,False
2021-11-15,2021,0,2.0913962549314995,True
2021-11-15,2021,1,1.627126719935262,False
2021-11-15,2021,2,1.443383615186233,False
2021-11-15,2021,3,1.606433759807417,False
2021-11-16,2021,0,1.6780031076345339,False
2021-11-16,2021,1,1.7142387968043886,False
2021-11-16,2021,2,1.700309503425018,False
2021-11-16,2021,3,1.8099173618824322,True
2021-11-17,2021,0,1.3326870349474833,False
2021-11-17,2021,1,1.2171197367753792,False
2021-11-17,2021,2,1.364746265495887,False
2021-11-17,2021,3,1.410375865588049,False
2021-11-18,2021,0,1.4900542501970921,False
2021-11-18,2021,1,1.586150806537079,False
2021-11-18,2021,2,1.3463422664551994,False
2021-11-18,2021,3,1.2109963478783532,False
2021-11-19,2021,0,2.9422892017714695,True
2021-11-19,2021,1,1.464964113446453,False
2021-11-19,2021,2,1.3906843339351878,False
2021-11-19,2021,3,1.9258949395071772,True
2021-11-22,2021,0,2.943270237229293,True
2021-11-22,2021,1,1.525017786377917,False
2021-11-22,2021,2,1.4052613044623883,False
2021-11-22,2021,3,1.5902629868762659,False
2021-11-23,2021,0,1.3115977091062285,False
2021-11-23,2021,1,1.464566596251232,False
2021-11-23,2021,2,1.4614478543083942,False
2021-11-23,2021,3,1.4758875172911057,False
2021-11-24,2021,0,1.2473533375950805,False
2021-11-24,2021,1,1.3855268591251364,False
2021-11-24,2021,2,1.6734036385135558,False
2021-11-24,2021,3,1.8829613336873119,True
2021-11-25,2021,0,1.4963407702764897,False
2021-11-25,2021,1,2.275143209002585,True
2021-11-25,2021,2,1.4986476258986816,False
2021-11-25,2021,3,1.468564697189389,False
2021-11-26,2021,0,1.1965739752728053,False
2021-11-26,2021,1,1.5930804893635762,False
2021-11-26,2021,2,1.3575349593472956,False
2021-11-26,2021,3,1.30853176980486,False
2021-11-29,2021,0,1.6366513483121798,False
2021-11-29,2021,1,1.7283972779021621,False
2021-11-29,2021,2,1.5622099497308213,False
2021-11-29,2021,3,1.4558235514687252,False
2021-11-30,2021,0,1.347567280842685,False
2021-11-30,2021,1,1.5478621879083634,False
2021-11-30,2021,2,1.8877452679264521,True
2021-11-30,2021,3,1.405576324440397,False
2021-12-01,2021,0,1.3673647919572722,False
2021-12-01,2021,1,1.315959808467101,False
2021-12-01,2021,2,1.5250890338541625,False
2021-12-01,2021,3,2.0147626013576794,True
2021-12-02,2021,0,1.2946491552149646,False
2021-12-02,2021,1,1.3342190430422876,False
2021-12-02,2021,2,1.7607238339357807,True
2021-12-02,2021,3,1.3881395512686505,False
2021-12-03,2021,0,1.4886049882922932,False
2021-12-03,2021,1,1.5133682164653774,False
2021-12-03,2021,2,1.3823511148054626,False
2021-12-03,2021,3,1.6901345389525289,False
2021-12-06,2021,0,2.0129560306184286,True
2021-12-06,2021,1,1.6142410340609201,False
2021-12-06,2021,2,2.1161243918666384,True
2021-12-06,2021,3,1.7258095006402008,False
2021-12-07,2021,0,1.3814809541845818,False
2021-12-07,2021,1,1.3628088836268324,False
2021-12-07,2021,2,2.069775240307221,True
2021-12-07,2021,3,1.5544167948552037,False
2021-12-08,2021,0,3.2225983868452035,True
2021-12-08,2021,1,1.9304009800412372,True
2021-12-08,2021,2,1.3572971112535532,False
2021-12-08,2021,3,1.8558676350933996,True
2021-12-09,2021,0,1.2580724913206551,False
2021-12-09,2021,1,1.413238726910518,False
2021-12-09,2021,2,2.215110214480672,True
2021-12-09,2021,3,1.5643068190818323,False
2021-12-10,2021,0,1.4322649177145537,False
2021-12-10,2021,1,1.5451122143770053,False
2021-12-10,2021,2,1.4187944302623228,False
2021-12-10,2021,3,2.8307893197951337,True
2021-12-13,2021,0,1.4058882649902111,False
2021-12-13,2021,1,1.5329922458687244,False
2021-12-13,2021,2,1.8937102734879465,True
2021-12-13,2021,3,2.6752111874580056,True
2021-12-14,2021,0,1.6909892679808889,False
2021-12-14,2021,1,1.5834415033163707,False
2021-12-14,2021,2,1.3556699310835016,False
2021-12-14,2021,3,1.3349996994908082,False
2021-12-15,2021,0,1.2472217820470155,False
2021-12-15,2021,1,1.586353711633799,False
2021-12-15,2021,2,1.3208064578856933,False
2021-12-15,2021,3,1.3373211846709119,False
2021-12-16,2021,0,2.107053625394426,True
2021-12-16,2021,1,1.6006697200869333,False
2021-12-16,2021,2,1.7938296330794916,True
2021-12-16,2021,3,1.3802481589215376,False
2021-12-17,2021,0,1.4637960192771984,False
2021-12-17,2021,1,1.5821126044084883,False
2021-12-17,2021,2,1.3021384813834955,False
2021-12-17,2021,3,1.6493059099459269,False
2021-12-20,2021,0,1.3888533549873021,False
2021-12-20,2021,1,1.3739483304852973,False
2021-12-20,2021,2,1.4308848427001406,False
2021-12-20,2021,3,1.5360992899397197,False
2021-12-21,2021,0,1.7280693874617181,False
2021-12-21,2021,1,1.6615889437021285,False
2021-12-21,2021,2,2.3596982051997455,True
2021-12-21,2021,3,1.878976609661366,True
2021-12-22,2021,0,1.7392685651210473,False
2021-12-22,2021,1,1.5578337468311818,False
2021-12-22,2021,2,2.846174496277928,True
2021-12-22,2021,3,1.325315294729824,False
2021-12-23,2021,0,2.5626679246347353,True
2021-12-23,2021,1,1.3647473062930013,False
2021-12-23,2021,2,1.5201478165907762,False
2021-12-23,2021,3,1.891820683105306,True
2021-12-24,2021,0,1.1880488499651831,False
2021-12-24,2021,1,1.4831992373136031,False
2021-12-24,2021,2,1.7699469895888964,True
2021-12-24,2021,3,1.822245268178363,True
2021-12-27,2021,0,1.9841355020464821,True
2021-12-27,2021,1,1.5501850230390122,False
2021-12-27,2021,2,1.3509572707097683,False
2021-12-27,2021,3,1.475480504267223,False
2021-12-28,2021,0,1.2759454547898252,False
2021-12-28,2021,1,1.4262028684008636,False
2021-12-28,2021,2,1.730939221501219,False
2021-12-28,2021,3,1.2595358800222953,False
2021-12-29,2021,0,1.3740315771438725,False
2021-12-29,2021,1,1.2719884264768038,False
2021-12-29,2021,2,1.7564644236397173,False
2021-12-29,2021,3,1.3949793092692078,False
2021-12-30,2021,0,1.6231819741946711,False
2021-12-30,2021,1,1.3370089658293944,False
2021-12-30,2021,2,1.3664482187110165,False
2021-12-30,2021,3,1.5105404444822124,False
2021-12-31,2021,0,2.3452241910706584,True
2021-12-31,2021,1,1.5362560198325548,False
2021-12-31,2021,2,1.8332053280045968,True
2021-12-31,2021,3,1.381937538170654,False
2022-01-04,2022,0,1.4083140998795436,False
2022-01-04,2022,1,1.4300003561266124,False
2022-01-04,2022,2,1.4050860852983649,False
2022-01-04,2022,3,1.5426687709657423,False
2022-01-05,2022,0,2.128375503172149,True
2022-01-05,2022,1,1.2175889611330846,False
2022-01-05,2022,2,1.2752506743092258,False
2022-01-05,2022,3,1.4567181502664257,False
2022-01-06,2022,0,1.8096209764589775,True
2022-01-06,2022,1,1.5531535071887048,False
2022-01-06,2022,2,1.3321840625111447,False
2022-01-06,2022,3,1.3584715919191515,False
2022-01-07,2022,0,1.9408983063210419,True
2022-01-07,2022,1,1.375153081526479,False
2022-01-07,2022,2,1.5856683124582474,False
2022-01-07,2022,3,1.4012772200975967,False
2022-01-10,2022,0,1.4274308278881618,False
2022-01-10,2022,1,1.6649204261711161,False
2022-01-10,2022,2,1.742979186894656,False
2022-01-10,2022,3,1.8856535399692256,True
2022-01-11,2022,0,1.1837414159003603,False
2022-01-11,2022,1,1.368650243047246,False
2022-01-11,2022,2,1.4212206325434626,False
2022-01-11,2022,3,1.5521003822145985,False
2022-01-12,2022,0,1.7756899313648733,True
2022-01-12,2022,1,1.6803779856850645,False
2022-01-12,2022,2,1.3435319645604824,False
2022-01-12,2022,3,1.5280932204023234,False
2022-01-13,2022,0,2.383870860272538,True
2022-01-13,2022,1,1.9458722833422253,True
2022-01-13,2022,2,1.3164496227415199,False
2022-01-13,2022,3,1.2680719091157715,False
2022-01-14,2022,0,1.3034408721216793,False
2022-01-14,2022,1,1.7927423004118455,True
2022-01-14,2022,2,1.686734948432693,False
2022-01-14,2022,3,1.2802950392029795,False
2022-01-17,2022,0,1.3433378206272246,False
2022-01-17,2022,1,1.4696656001768242,False
2022-01-17,2022,2,1.8385994222897846,True
2022-01-17,2022,3,1.4622189384935949,False
2022-01-18,2022,0,1.8027975596333643,True
2022-01-18,2022,1,1.3125756865230351,False
2022-01-18,2022,2,1.7774988865061017,True
2022-01-18,2022,3,1.3586148112550307,False
2022-01-19,2022,0,2.1194542117876365,True
2022-01-19,2022,1,1.526764108330391,False
2022-01-19,2022,2,1.350870476993606,False
2022-01-19,2022,3,1.2776667518160645,False
2022-01-20,2022,0,1.715939470084164,False
2022-01-20,2022,1,1.3963421763798487,False
2022-01-20,2022,2,1.7650270912700907,True
2022-01-20,2022,3,1.4584487394473338,False
2022-01-21,2022,0,1.5917334565666774,False
2022-01-21,2022,1,2.561191446590005,True
2022-01-21,2022,2,1.264909216082485,False
2022-01-21,2022,3,1.6343244154017946,False
2022-01-24,2022,0,1.9025564808094124,True
2022-01-24,2022,1,1.4908034522527662,False
2022-01-24,2022,2,1.6512635423874844,False
2022-01-24,2022,3,1.7940273478685047,True
2022-01-25,2022,0,2.226626004864747,True
2022-01-25,2022,1,1.4442627885944537,False
2022-01-25,2022,2,1.294953733043993,False
2022-01-25,2022,3,1.4141305469074184,False
2022-01-26,2022,0,1.491279147247247,False
2022-01-26,2022,1,1.6997643473500932,False
2022-01-26,2022,2,1.5019458312411034,False
2022-01-26,2022,3,1.4853873690140853,False
2022-01-27,2022,0,1.3559458088080318,False
2022-01-27,2022,1,1.6908674733748053,False
2022-01-27,2022,2,1.9687579430288722,True
2022-01-27,2022,3,1.287360085618831,False
2022-01-28,2022,0,1.5859410441463482,False
2022-01-28,2022,1,2.2619606346451575,True
2022-01-28,2022,2,1.5687817484453848,False
2022-01-28,2022,3,1.5154025367537418,False
2022-02-07,2022,0,2.974441534777646,True
2022-02-07,2022,1,1.5029108279208159,False
2022-02-07,2022,2,1.2988360281140099,False
2022-02-07,2022,3,1.4259989734335359,False
2022-02-08,2022,0,1.5363209349178466,False
2022-02-08,2022,1,1.8192122484455913,True
2022-02-08,2022,2,1.4022704150245038,False
2022-02-08,2022,3,1.7187589279106112,False
2022-02-09,2022,0,1.60185894609173,False
2022-02-09,2022,1,1.7454156253245283,False
2022-02-09,2022,2,2.1039834951345786,True
2022-02-09,2022,3,1.9432209565042953,True
2022-02-10,2022,0,1.829987768292909,True
2022-02-10,2022,1,1.6366913517175607,False
2022-02-10,2022,2,1.361238447211445,False
2022-02-10,2022,3,1.5901851984575694,False
2022-02-11,2022,0,1.481237131335858,False
2022-02-11,2022,1,1.3660706609859765,False
2022-02-11,2022,2,1.4726256736072036,False
2022-02-11,2022,3,1.252788626309213,False
2022-02-14,2022,0,1.2406574255733402,False
2022-02-14,2022,1,1.5940005137348026,False
2022-02-14,2022,2,1.351746159525776,False
2022-02-14,2022,3,1.641893042401543,False
2022-02-15,2022,0,1.8212626190581058,True
2022-02-15,2022,1,1.4623569566563586,False
2022-02-15,2022,2,1.57011115372038,False
2022-02-15,2022,3,1.4737355500692257,False
2022-02-16,2022,0,1.7861182680297678,True
2022-02-16,2022,1,1.92216819277195,True
2022-02-16,2022,2,1.469591314863289,False
2022-02-16,2022,3,1.5116718502062438,False
2022-02-17,2022,0,1.5093087270469054,False
2022-02-17,2022,1,1.4380466919470114,False
2022-02-17,2022,2,1.8283559580309658,True
2022-02-17,2022,3,1.539718902396677,False
2022-02-18,2022,0,1.750309984418863,False
2022-02-18,2022,1,1.7469514066238234,False
2022-02-18,2022,2,1.3348088689653035,False
2022-02-18,2022,3,1.6379579822503318,False
2022-02-21,2022,0,2.366995772077045,True
2022-02-21,2022,1,1.2059375849980651,False
2022-02-21,2022,2,1.6761895072616206,False
2022-02-21,2022,3,2.2214983929468177,True
2022-02-22,2022,0,3.194400896481093,True
2022-02-22,2022,1,2.083032516289529,True
2022-02-22,2022,2,2.051412504076696,True
2022-02-22,2022,3,1.698706906623134,False
2022-02-23,2022,0,2.254633148221661,True
2022-02-23,2022,1,1.989301291152052,True
2022-02-23,2022,2,1.3263976992538804,False
2022-02-23,2022,3,1.5613276846920532,False
2022-02-24,2022,0,2.0653771400062366,True
2022-02-24,2022,1,1.540029509365803,False
2022-02-24,2022,2,2.098595937590339,True
2022-02-24,2022,3,1.5463226846291676,False
2022-02-25,2022,0,2.4460356603808586,True
2022-02-25,2022,1,1.4738389992139695,False
2022-02-25,2022,2,1.8222248808786399,True
2022-02-25,2022,3,1.4551753904549134,False
2022-02-28,2022,0,1.3679267452828676,False
2022-02-28,2022,1,1.5251483067609255,False
2022-02-28,2022,2,1.4546680835363437,False
2022-02-28,2022,3,1.9116268372759169,True
2022-03-01,2022,0,1.884223764878716,True
2022-03-01,2022,1,1.6568315662567554,False
2022-03-01,2022,2,2.56115242560503,True
2022-03-01,2022,3,1.5295823255105117,False
2022-03-02,2022,0,2.160913224642511,True
2022-03-02,2022,1,1.65594425465212,False
2022-03-02,2022,2,1.3443038697286225,False
2022-03-02,2022,3,2.264873995734411,True
2022-03-03,2022,0,1.535370057684674,False
2022-03-03,2022,1,1.3236692871361275,False
2022-03-03,2022,2,1.504064217884224,False
2022-03-03,2022,3,1.7839459417355499,True
2022-03-04,2022,0,1.4667144340743008,False
2022-03-04,2022,1,1.503461310807619,False
2022-03-04,2022,2,1.6771149951184992,False
2022-03-04,2022,3,1.7049412093165937,False
2022-03-07,2022,0,2.6927345814819126,True
2022-03-07,2022,1,1.3007461528423403,False
2022-03-07,2022,2,1.5331773956959975,False
2022-03-07,2022,3,1.496743768700628,False
2022-03-08,2022,0,1.5363814692114637,False
2022-03-08,2022,1,1.4148974733960313,False
2022-03-08,2022,2,2.0910982884781157,True
2022-03-08,2022,3,1.493403922042935,False
2022-03-09,2022,0,1.8774063208010139,True
2022-03-09,2022,1,1.3631214960951288,False
2022-03-09,2022,2,1.4215215636343934,False
2022-03-09,2022,3,1.4532321039987182,False
2022-03-10,2022,0,3.960129388064569,True
2022-03-10,2022,1,1.4766244212510955,False
2022-03-10,2022,2,1.2879846613369084,False
2022-03-10,2022,3,1.6040604169223418,False
2022-03-11,2022,0,2.4154388661209047,True
2022-03-11,2022,1,1.5076153630743443,False
2022-03-11,2022,2,1.454415514205442,False
2022-03-11,2022,3,1.5125105203709857,False
2022-03-14,2022,0,2.216354340410372,True
2022-03-14,2022,1,1.8583455555288808,True
2022-03-14,2022,2,1.310725396436262,False
2022-03-14,2022,3,1.711073854678149,False
2022-03-15,2022,0,2.2916943170972024,True
2022-03-15,2022,1,1.7220537293651677,False
2022-03-15,2022,2,1.2667169640126388,False
2022-03-15,2022,3,1.3096415104220525,False
2022-03-16,2022,0,1.491217942246611,False
2022-03-16,2022,1,1.1805792686294372,False
2022-03-16,2022,2,1.3544648848690317,False
2022-03-16,2022,3,1.5532215693157736,False
2022-03-17,2022,0,1.8409043296705119,True
2022-03-17,2022,1,1.7008463371124616,False
2022-03-17,2022,2,1.4904227181044096,False
2022-03-17,2022,3,1.5941693314298557,False
2022-03-18,2022,0,2.1020052855962423,True
2022-03-18,2022,1,1.4583257906736697,False
2022-03-18,2022,2,1.7582391536016595,False
2022-03-18,2022,3,1.4111463161864006,False
2022-03-21,2022,0,1.5583943538323848,False
2022-03-21,2022,1,1.647311754557982,False
2022-03-21,2022,2,1.5496687326708563,False
2022-03-21,2022,3,1.5298858216239968,False
2022-03-22,2022,0,1.8021724883086716,True
2022-03-22,2022,1,1.211631863070493,False
2022-03-22,2022,2,2.0631580642197784,True
2022-03-22,2022,3,1.735845569951625,False
2022-03-23,2022,0,1.353960296383997,False
2022-03-23,2022,1,1.5370109715012166,False
2022-03-23,2022,2,1.6849776898418831,False
2022-03-23,2022,3,1.544641716662408,False
2022-03-24,2022,0,3.0951615528968626,True
2022-03-24,2022,1,1.6087926543008682,False
2022-03-24,2022,2,2.0772147149904003,True
2022-03-24,2022,3,1.2606973846985776,False
2022-03-25,2022,0,1.4662545452993045,False
2022-03-25,2022,1,1.493066543417574,False
2022-03-25,2022,2,1.500400438781493,False
2022-03-25,2022,3,1.322282795169971,False
2022-03-28,2022,0,1.576194109962711,False
2022-03-28,2022,1,1.4210581905446047,False
2022-03-28,2022,2,1.2803822232156843,False
2022-03-28,2022,3,1.6178107432543314,False
2022-03-29,2022,0,1.6368250320619622,False
2022-03-29,2022,1,1.5279483798685345,False
2022-03-29,2022,2,1.3725576306528544,False
2022-03-29,2022,3,2.2753443878950312,True
2022-03-30,2022,0,2.3193557171473036,True
2022-03-30,2022,1,1.2383743228228732,False
2022-03-30,2022,2,1.497857574603611,False
2022-03-30,2022,3,1.2203657379967883,False
2022-03-31,2022,0,1.8873974477518705,True
2022-03-31,2022,1,1.1982119275233045,False
2022-03-31,2022,2,1.683171966637455,False
2022-03-31,2022,3,1.354067561850868,False
2022-04-01,2022,0,1.4249342039449244,False
2022-04-01,2022,1,1.4156307434805833,False
2022-04-01,2022,2,1.7302618290000682,False
2022-04-01,2022,3,1.403453888163993,False
2022-04-06,2022,0,4.052217400433793,True
2022-04-06,2022,1,1.4946247179879635,False
2022-04-06,2022,2,1.5730526736058401,False
2022-04-06,2022,3,1.4527374821739303,False
2022-04-07,2022,0,1.784013569998641,True
2022-04-07,2022,1,1.5295069951165723,False
2022-04-07,2022,2,1.573606900695407,False
2022-04-07,2022,3,1.4371466841179343,False
2022-04-08,2022,0,1.7759891392001108,True
2022-04-08,2022,1,1.8285107808454109,True
2022-04-08,2022,2,1.6448773490042394,False
2022-04-08,2022,3,1.7305358279953418,False
2022-04-11,2022,0,2.1097476825647155,True
2022-04-11,2022,1,1.7833486396271936,True
2022-04-11,2022,2,1.1553483256285608,False
2022-04-11,2022,3,1.4080557372296643,False
2022-04-12,2022,0,1.328471694731407,False
2022-04-12,2022,1,1.3194892439905221,False
2022-04-12,2022,2,2.3367064269548643,True
2022-04-12,2022,3,1.4556958081252391,False
2022-04-13,2022,0,1.9759465173432162,True
2022-04-13,2022,1,1.4160680593606574,False
2022-04-13,2022,2,2.267737252352741,True
2022-04-13,2022,3,1.5058356554709917,False
2022-04-14,2022,0,1.4365109945512076,False
2022-04-14,2022,1,1.358017044136895,False
2022-04-14,2022,2,1.6582298627389744,False
2022-04-14,2022,3,1.3306129592931795,False
2022-04-15,2022,0,3.1997152314426103,True
2022-04-15,2022,1,1.454632262388648,False
2022-04-15,2022,2,1.501270342819683,False
2022-04-15,2022,3,1.2841833417018995,False
2022-04-18,2022,0,1.605505262019071,False
2022-04-18,2022,1,1.4723631819556653,False
2022-04-18,2022,2,2.092509816179753,True
2022-04-18,2022,3,1.2767022866524564,False
2022-04-19,2022,0,1.347339748694993,False
2022-04-19,2022,1,1.236191106998673,False
2022-04-19,2022,2,1.6648633747087216,False
2022-04-19,2022,3,1.400981042539934,False
2022-04-20,2022,0,1.4179042303569167,False
2022-04-20,2022,1,1.6834921009152235,False
2022-04-20,2022,2,1.7719276673878124,True
2022-04-20,2022,3,1.2287124737251318,False
2022-04-21,2022,0,1.5270228557384389,False
2022-04-21,2022,1,1.520740489765468,False
2022-04-21,2022,2,1.4839279847549047,False
2022-04-21,2022,3,1.5580680334890618,False
2022-04-22,2022,0,1.6721671707355632,False
2022-04-22,2022,1,1.6291008111600096,False
2022-04-22,2022,2,1.6644810561252765,False
2022-04-22,2022,3,1.8169146469057131,True
2022-04-25,2022,0,3.6262756584723785,True
2022-04-25,2022,1,1.8111521713758894,True
2022-04-25,2022,2,1.520734139880886,False
2022-04-25,2022,3,1.3294467789996498,False
2022-04-26,2022,0,1.4001688545259874,False
2022-04-26,2022,1,1.5819772886722987,False
2022-04-26,2022,2,1.4139745782411128,False
2022-04-26,2022,3,1.6546895745044237,False
2022-04-27,2022,0,2.0073960583641774,True
2022-04-27,2022,1,1.8582823652190452,True
2022-04-27,2022,2,1.6516777199954513,False
2022-04-27,2022,3,1.4457068914002766,False
2022-04-28,2022,0,1.8805071986655182,True
2022-04-28,2022,1,1.3900630126475146,False
2022-04-28,2022,2,1.6830305850304186,False
2022-04-28,2022,3,1.63604460428145,False
2022-04-29,2022,0,1.4234161107881746,False
2022-04-29,2022,1,1.3252521396462675,False
2022-04-29,2022,2,2.604588383115601,True
2022-04-29,2022,3,1.478520075450718,False
2022-05-05,2022,0,1.4637192279699927,False
2022-05-05,2022,1,1.6459721838297874,False
2022-05-05,2022,2,1.291524544254403,False
2022-05-05,2022,3,1.4881258253769005,False
2022-05-06,2022,0,3.4880897334641636,True
2022-05-06,2022,1,1.5529486409539828,False
2022-05-06,2022,2,1.5734969589946426,False
2022-05-06,2022,3,1.8135507243922866,True
2022-05-09,2022,0,1.2290410650875694,False
2022-05-09,2022,1,2.212420263388583,True
2022-05-09,2022,2,1.3612093034764556,False
2022-05-09,2022,3,1.7514961733702108,False
2022-05-10,2022,0,1.2042265000223915,False
2022-05-10,2022,1,1.4813984177006068,False
2022-05-10,2022,2,1.9518022161823374,True
2022-05-10,2022,3,1.7172014927789068,False
2022-05-11,2022,0,1.4991645999059326,False
2022-05-11,2022,1,1.4838326627291176,False
2022-05-11,2022,2,1.4645523005240755,False
2022-05-11,2022,3,1.6594047676991748,False
2022-05-12,2022,0,1.7484014212573966,False
2022-05-12,2022,1,1.5992552514590246,False
2022-05-12,2022,2,1.4722407129102548,False
2022-05-12,2022,3,1.4065748475617001,False
2022-05-13,2022,0,1.2296487506107905,False
2022-05-13,2022,1,1.855900300866861,True
2022-05-13,2022,2,1.3010323610099213,False
2022-05-13,2022,3,1.2257848015602606,False
2022-05-16,2022,0,1.8046312304960082,True
2022-05-16,2022,1,1.294182030549265,False
2022-05-16,2022,2,1.327308049193463,False
2022-05-16,2022,3,1.3876151065332354,False
2022-05-17,2022,0,1.5316296722298173,False
2022-05-17,2022,1,1.2967902457542917,False
2022-05-17,2022,2,1.7129639011039983,False
2022-05-17,2022,3,1.4803552205641644,False
2022-05-18,2022,0,1.597557985018531,False
2022-05-18,2022,1,2.0748450018117865,True
2022-05-18,2022,2,1.3211294616676739,False
2022-05-18,2022,3,1.5992049532909085,False
2022-05-19,2022,0,1.6290011558453024,False
2022-05-19,2022,1,1.296682633681482,False
2022-05-19,2022,2,1.506017563087801,False
2022-05-19,2022,3,1.1955209065112642,False
2022-05-20,2022,0,2.106262464401377,True
2022-05-20,2022,1,1.3341727348248573,False
2022-05-20,2022,2,1.5053416649816735,False
2022-05-20,2022,3,1.5550424637360445,False
2022-05-23,2022,0,2.0014275801335817,True
2022-05-23,2022,1,1.2328709747843398,False
2022-05-23,2022,2,1.4274135044294718,False
2022-05-23,2022,3,1.4792082922032688,False
2022-05-24,2022,0,1.7277171710011103,False
2022-05-24,2022,1,1.4583062626433267,False
2022-05-24,2022,2,1.5893644330942707,False
2022-05-24,2022,3,1.4614397356361144,False
2022-05-25,2022,0,1.5262004974760153,False
2022-05-25,2022,1,1.4370191911672043,False
2022-05-25,2022,2,1.352499190701378,False
2022-05-25,2022,3,1.8277532563168493,True
2022-05-26,2022,0,1.7379307415251737,False
2022-05-26,2022,1,1.7157707038987275,False
2022-05-26,2022,2,1.7057983448791978,False
2022-05-26,2022,3,1.4142076107266652,False
2022-05-27,2022,0,1.7090966288551213,False
2022-05-27,2022,1,1.752655433239681,False
2022-05-27,2022,2,1.393044161027435,False
2022-05-27,2022,3,1.3526810583992124,False
2022-05-30,2022,0,1.5591979657205612,False
2022-05-30,2022,1,1.4086927075845082,False
2022-05-30,2022,2,1.8786819103131431,True
2022-05-30,2022,3,1.5006898500905153,False
2022-05-31,2022,0,1.5013398160046445,False
2022-05-31,2022,1,1.2491458877829482,False
2022-05-31,2022,2,1.5950600548982794,False
2022-05-31,2022,3,1.9244070160818896,True
2022-06-01,2022,0,1.5435983838636123,False
2022-06-01,2022,1,1.5360746815561979,False
2022-06-01,2022,2,1.8484887301869102,True
2022-06-01,2022,3,1.5648428367604659,False
2022-06-02,2022,0,1.389487924764806,False
2022-06-02,2022,1,1.154413025082548,False
2022-06-02,2022,2,1.4100729076022613,False
2022-06-02,2022,3,1.1432504612556307,False
2022-06-06,2022,0,1.7809303317322829,True
2022-06-06,2022,1,1.563352835418521,False
2022-06-06,2022,2,1.5538530273113467,False
2022-06-06,2022,3,1.4612744183832496,False
2022-06-07,2022,0,1.2762939875891646,False
2022-06-07,2022,1,1.4014691802981898,False
2022-06-07,2022,2,1.643943489315773,False
2022-06-07,2022,3,1.8663335990453562,True
2022-06-08,2022,0,1.2919645615357864,False
2022-06-08,2022,1,1.3951077928251874,False
2022-06-08,2022,2,1.62501757503113,False
2022-06-08,2022,3,1.7201524231980156,False
2022-06-09,2022,0,1.3896028921563044,False
2022-06-09,2022,1,1.2228948536576185,False
2022-06-09,2022,2,1.934968449271503,True
2022-06-09,2022,3,1.2372062855557813,False
2022-06-10,2022,0,1.6201255633795044,False
2022-06-10,2022,1,1.6148785429447894,False
2022-06-10,2022,2,1.5172558433918806,False
2022-06-10,2022,3,1.4541135622812487,False
2022-06-13,2022,0,1.7589109026565506,False
2022-06-13,2022,1,1.8239759890457807,True
2022-06-13,2022,2,1.544446865443417,False
2022-06-13,2022,3,1.257755105065107,False
2022-06-14,2022,0,1.7459391417333794,False
2022-06-14,2022,1,1.382215756796381,False
2022-06-14,2022,2,1.5478344493170446,False
2022-06-14,2022,3,1.3705197055050307,False
2022-06-15,2022,0,1.97654506418292,True
2022-06-15,2022,1,1.5725352716631187,False
2022-06-15,2022,2,1.6218523680786276,False
2022-06-15,2022,3,1.3968955278588278,False
2022-06-16,2022,0,2.013196153406484,True
2022-06-16,2022,1,1.708755286494663,False
2022-06-16,2022,2,1.66045561856128,False
2022-06-16,2022,3,1.543041399645234,False
2022-06-17,2022,0,1.5720464097073121,False
2022-06-17,2022,1,1.1111013036072586,False
2022-06-17,2022,2,1.575050884295376,False
2022-06-17,2022,3,1.4757618295193755,False
2022-06-20,2022,0,1.6510895900413882,False
2022-06-20,2022,1,1.3074903115315661,False
2022-06-20,2022,2,1.4087061121357254,False
2022-06-20,2022,3,1.350617553957617,False
2022-06-21,2022,0,1.7495815584813534,False
2022-06-21,2022,1,1.684276259096833,False
2022-06-21,2022,2,1.7629232005535198,True
2022-06-21,2022,3,1.7818155038697714,True
2022-06-22,2022,0,1.542769923528534,False
2022-06-22,2022,1,1.6272239260552763,False
2022-06-22,2022,2,1.422926492958948,False
2022-06-22,2022,3,1.517957058975722,False
2022-06-23,2022,0,1.7183918602050572,False
2022-06-23,2022,1,1.6073938573321862,False
2022-06-23,2022,2,1.2263463770119876,False
2022-06-23,2022,3,1.4883811326376108,False
2022-06-24,2022,0,2.280664718825037,True
2022-06-24,2022,1,1.409408057037635,False
2022-06-24,2022,2,1.283754598067659,False
2022-06-24,2022,3,1.5567347949232062,False
2022-06-27,2022,0,2.745359254066241,True
2022-06-27,2022,1,1.251906259257109,False
2022-06-27,2022,2,1.524724632908447,False
2022-06-27,2022,3,1.5491328998226432,False
2022-06-28,2022,0,1.653615662876058,False
2022-06-28,2022,1,1.434404657790671,False
2022-06-28,2022,2,1.2970238958281752,False
2022-06-28,2022,3,1.6106712192487924,False
2022-06-29,2022,0,1.569791264189624,False
2022-06-29,2022,1,1.257660630322942,False
2022-06-29,2022,2,1.3382405914836248,False
2022-06-29,2022,3,1.3680729012385002,False
2022-06-30,2022,0,1.8622302049769455,True
2022-06-30,2022,1,1.4625557852949544,False
2022-06-30,2022,2,1.5490430648474698,False
2022-06-30,2022,3,1.4808414589067467,False
2022-07-01,2022,0,1.3259335131538454,False
2022-07-01,2022,1,1.5759235030680436,False
2022-07-01,2022,2,1.3511100712772945,False
2022-07-01,2022,3,1.1985967505076702,False
2022-07-04,2022,0,2.8743565321154736,True
2022-07-04,2022,1,1.4440687107305041,False
2022-07-04,2022,2,1.3038367631075878,False
2022-07-04,2022,3,1.6843419035828928,False
2022-07-05,2022,0,1.6184234311159649,False
2022-07-05,2022,1,1.274091207817708,False
2022-07-05,2022,2,1.5473204601662942,False
2022-07-05,2022,3,1.224546020832304,False
2022-07-06,2022,0,1.5258439061978686,False
2022-07-06,2022,1,1.3304027856827276,False
2022-07-06,2022,2,1.3200092849426477,False
2022-07-06,2022,3,1.373956479921769,False
2022-07-07,2022,0,1.5479813028768432,False
2022-07-07,2022,1,1.2955022021895601,False
2022-07-07,2022,2,1.4719298429624734,False
2022-07-07,2022,3,1.544875100532353,False
2022-07-08,2022,0,1.951140973612979,True
2022-07-08,2022,1,1.8490056810832183,True
2022-07-08,2022,2,1.4513716108697927,False
2022-07-08,2022,3,1.5888602988606777,False
2022-07-11,2022,0,2.0575861393927073,True
2022-07-11,2022,1,1.6634360940059771,False
2022-07-11,2022,2,1.3968136164222527,False
2022-07-11,2022,3,1.4961607182102412,False
2022-07-12,2022,0,1.4963303463104742,False
2022-07-12,2022,1,1.9576787260989599,True
2022-07-12,2022,2,1.8250912626025253,True
2022-07-12,2022,3,1.8202566899055446,True
2022-07-13,2022,0,1.6261849800649903,False
2022-07-13,2022,1,2.4811739729873152,True
2022-07-13,2022,2,1.929074753980381,True
2022-07-13,2022,3,1.3011919467085602,False
2022-07-14,2022,0,1.3862508514369807,False
2022-07-14,2022,1,1.3984760797094515,False
2022-07-14,2022,2,1.6727006632517285,False
2022-07-14,2022,3,1.7273117482626847,False
2022-07-15,2022,0,1.6095303622293955,False
2022-07-15,2022,1,1.3483006405436768,False
2022-07-15,2022,2,1.3838619149543188,False
2022-07-15,2022,3,1.4211476833856487,False
2022-07-18,2022,0,1.591006035314415,False
2022-07-18,2022,1,1.5300797366436898,False
2022-07-18,2022,2,1.8368793300170185,True
2022-07-18,2022,3,1.4396151284907284,False
2022-07-19,2022,0,1.3843565322591735,False
2022-07-19,2022,1,1.391176000904075,False
2022-07-19,2022,2,2.0143727001559864,True
2022-07-19,2022,3,1.3611420722932128,False
2022-07-20,2022,0,2.625199230876741,True
2022-07-20,2022,1,1.6885258025258851,False
2022-07-20,2022,2,2.11424768680202,True
2022-07-20,2022,3,1.694668409043092,False
2022-07-21,2022,0,2.0330786812213764,True
2022-07-21,2022,1,1.4539205832991178,False
2022-07-21,2022,2,1.843550854850788,True
2022-07-21,2022,3,1.533981049603881,False
2022-07-22,2022,0,1.5301501338513723,False
2022-07-22,2022,1,1.6027647884093996,False
2022-07-22,2022,2,1.3920866114256851,False
2022-07-22,2022,3,1.6943086357459736,False
2022-07-25,2022,0,1.7950446426219546,True
2022-07-25,2022,1,1.397142855529655,False
2022-07-25,2022,2,1.6624208292257927,False
2022-07-25,2022,3,1.5656806199225384,False
2022-07-26,2022,0,1.6650894261263283,False
2022-07-26,2022,1,1.5807135124669456,False
2022-07-26,2022,2,1.2744882315581607,False
2022-07-26,2022,3,1.4465766907942184,False
2022-07-27,2022,0,1.3091824531480343,False
2022-07-27,2022,1,1.4373353341532804,False
2022-07-27,2022,2,1.583381000118512,False
2022-07-27,2022,3,1.549253043804616,False
2022-07-28,2022,0,1.2317591803385068,False
2022-07-28,2022,1,1.3280019576710833,False
2022-07-28,2022,2,1.2438812104484274,False
2022-07-28,2022,3,1.5018301449252929,False
2022-07-29,2022,0,1.6005408734236672,False
2022-07-29,2022,1,1.5182916132982285,False
2022-07-29,2022,2,1.5265600749343493,False
2022-07-29,2022,3,1.4969654409741782,False
2022-08-01,2022,0,1.8385943763517956,True
2022-08-01,2022,1,1.4650071092430632,False
2022-08-01,2022,2,1.4241822088007896,False
2022-08-01,2022,3,1.3785747239209807,False
2022-08-02,2022,0,1.4557034178332786,False
2022-08-02,2022,1,1.6930101822652484,False
2022-08-02,2022,2,2.0581323060673316,True
2022-08-02,2022,3,1.319734183755134,False
2022-08-03,2022,0,1.5242881104192052,False
2022-08-03,2022,1,1.4441481537021752,False
2022-08-03,2022,2,1.2360549757816435,False
2022-08-03,2022,3,1.5120788279398942,False
2022-08-04,2022,0,1.8141861184308425,True
2022-08-04,2022,1,1.4630876167860356,False
2022-08-04,2022,2,1.246173042204782,False
2022-08-04,2022,3,1.5927622722394492,False
2022-08-05,2022,0,1.7217010800361918,False
2022-08-05,2022,1,1.374956109825842,False
2022-08-05,2022,2,2.339018964111745,True
2022-08-05,2022,3,1.4479609498396386,False
2022-08-08,2022,0,1.285962476000368,False
2022-08-08,2022,1,1.5450512534871956,False
2022-08-08,2022,2,1.3120707430118428,False
2022-08-08,2022,3,1.831646798709975,True
2022-08-09,2022,0,1.328406640039677,False
2022-08-09,2022,1,1.5415607971116456,False
2022-08-09,2022,2,1.716385718157941,False
2022-08-09,2022,3,1.3297990949348644,False
2022-08-10,2022,0,1.4478989222197685,False
2022-08-10,2022,1,1.3401952258743968,False
2022-08-10,2022,2,1.5199016067368396,False
2022-08-10,2022,3,1.4207843680197831,False
2022-08-11,2022,0,1.433547868290537,False
2022-08-11,2022,1,2.2361547215758746,True
2022-08-11,2022,2,1.334331216629938,False
2022-08-11,2022,3,1.5032688901828213,False
2022-08-12,2022,0,1.6751247288288247,False
2022-08-12,2022,1,1.6689527263419244,False
2022-08-12,2022,2,2.0241864462577035,True
2022-08-12,2022,3,1.4625199416795507,False
2022-08-15,2022,0,1.5011405462092855,False
2022-08-15,2022,1,1.5472091752700088,False
2022-08-15,2022,2,1.7479933853433733,False
2022-08-15,2022,3,1.455142576808083,False
2022-08-16,2022,0,1.6570375611115447,False
2022-08-16,2022,1,1.5121070624109594,False
2022-08-16,2022,2,1.8420564551681224,True
2022-08-16,2022,3,1.267013016799164,False
2022-08-17,2022,0,2.063996547250585,True
2022-08-17,2022,1,1.4248241103655348,False
2022-08-17,2022,2,1.535060093479858,False
2022-08-17,2022,3,1.4970315209298537,False
2022-08-18,2022,0,1.2149863612439387,False
2022-08-18,2022,1,1.6380799631749696,False
2022-08-18,2022,2,1.5476072895750572,False
2022-08-18,2022,3,1.4109343855892578,False
2022-08-19,2022,0,1.290157566994954,False
2022-08-19,2022,1,1.1823146244987093,False
2022-08-19,2022,2,1.7134939759526877,False
2022-08-19,2022,3,1.5573607140881798,False
2022-08-22,2022,0,1.1598370040158104,False
2022-08-22,2022,1,1.7052391753249003,False
2022-08-22,2022,2,1.6807328465890736,False
2022-08-22,2022,3,1.6025878470448214,False
2022-08-23,2022,0,2.156274713502588,True
2022-08-23,2022,1,1.468087319639778,False
2022-08-23,2022,2,1.386908301741262,False
2022-08-23,2022,3,1.3894615513759627,False
2022-08-24,2022,0,1.4533300025529046,False
2022-08-24,2022,1,1.2101302472623081,False
2022-08-24,2022,2,1.6158683219554348,False
2022-08-24,2022,3,1.3802686268467907,False
2022-08-25,2022,0,1.1983716881298476,False
2022-08-25,2022,1,1.6690727370533323,False
2022-08-25,2022,2,1.5494838229319614,False
2022-08-25,2022,3,2.485052019150952,True
2022-08-26,2022,0,1.6976712761151327,False
2022-08-26,2022,1,1.5526847406997177,False
2022-08-26,2022,2,1.5339900311706076,False
2022-08-26,2022,3,1.2793134049527513,False
2022-08-29,2022,0,1.9291739044472835,True
2022-08-29,2022,1,2.006567089049448,True
2022-08-29,2022,2,2.101256842366971,True
2022-08-29,2022,3,1.4709798132393221,False
2022-08-30,2022,0,1.5580073696735115,False
2022-08-30,2022,1,1.3489156021264026,False
2022-08-30,2022,2,1.6020494072438531,False
2022-08-30,2022,3,2.0149676559357395,True
2022-08-31,2022,0,1.3359384527719702,False
2022-08-31,2022,1,1.6274594250768288,False
2022-08-31,2022,2,1.8610382496935634,True
2022-08-31,2022,3,1.5330149978968668,False
2022-09-01,2022,0,2.617064376933083,True
2022-09-01,2022,1,1.6077885781640084,False
2022-09-01,2022,2,2.0270003458590113,True
2022-09-01,2022,3,1.5726042609855653,False
2022-09-02,2022,0,1.7559526641760381,False
2022-09-02,2022,1,1.7890782050932088,True
2022-09-02,2022,2,1.4894155741851782,False
2022-09-02,2022,3,2.1060657961971776,True
2022-09-05,2022,0,1.3532282579847108,False
2022-09-05,2022,1,1.6069178105341833,False
2022-09-05,2022,2,1.3560084429343184,False
2022-09-05,2022,3,1.5667650083390046,False
2022-09-06,2022,0,1.756647787766139,False
2022-09-06,2022,1,1.2738554338418053,False
2022-09-06,2022,2,1.428472861550961,False
2022-09-06,2022,3,1.2770710234911915,False
2022-09-07,2022,0,1.5088961567271495,False
2022-09-07,2022,1,1.691697996471166,False
2022-09-07,2022,2,1.3706476612142615,False
2022-09-07,2022,3,1.6524895258914325,False
2022-09-08,2022,0,1.9359956192544399,True
2022-09-08,2022,1,1.4414658844321755,False
2022-09-08,2022,2,1.3459993302449007,False
2022-09-08,2022,3,1.606580648119069,False
2022-09-09,2022,0,1.7328827934077393,False
2022-09-09,2022,1,1.5696069749624926,False
2022-09-09,2022,2,1.5780576986242363,False
2022-09-09,2022,3,1.6119420859423597,False
2022-09-13,2022,0,1.606166919484834,False
2022-09-13,2022,1,1.4825312577920844,False
2022-09-13,2022,2,1.3119062323752522,False
2022-09-13,2022,3,1.2344506274855502,False
2022-09-14,2022,0,1.7224543075242738,False
2022-09-14,2022,1,1.3740125145679698,False
2022-09-14,2022,2,1.4712418305777628,False
2022-09-14,2022,3,1.7231733826156597,False
2022-09-15,2022,0,1.4563919665800382,False
2022-09-15,2022,1,1.3449327147901613,False
2022-09-15,2022,2,1.3202170283494157,False
2022-09-15,2022,3,1.5033383707070953,False
2022-09-16,2022,0,1.5395678567880973,False
2022-09-16,2022,1,1.195264271158159,False
2022-09-16,2022,2,1.6302107423330114,False
2022-09-16,2022,3,1.4632434704711226,False
2022-09-19,2022,0,1.8217009423692883,True
2022-09-19,2022,1,1.8274250604891773,True
2022-09-19,2022,2,1.630400673095613,False
2022-09-19,2022,3,2.1916528279679004,True
2022-09-20,2022,0,1.4313619605384145,False
2022-09-20,2022,1,1.4840123374581051,False
2022-09-20,2022,2,1.8152926104958678,True
2022-09-20,2022,3,1.2608398479025245,False
2022-09-21,2022,0,1.7681440317298118,True
2022-09-21,2022,1,1.5320925696438283,False
2022-09-21,2022,2,1.3740747127739859,False
2022-09-21,2022,3,1.3031057500033256,False
2022-09-22,2022,0,1.4948915847506152,False
2022-09-22,2022,1,1.5240385882748997,False
2022-09-22,2022,2,1.3710670304152972,False
2022-09-22,2022,3,1.9049125746367512,True
2022-09-23,2022,0,1.5481254552553316,False
2022-09-23,2022,1,1.348916300620108,False
2022-09-23,2022,2,1.554379502279607,False
2022-09-23,2022,3,1.5054421075170432,False
2022-09-26,2022,0,1.5266897348931838,False
2022-09-26,2022,1,2.1829444256853083,True
2022-09-26,2022,2,1.6253229100750521,False
2022-09-26,2022,3,1.53123041035056,False
2022-09-27,2022,0,1.4500383274225694,False
2022-09-27,2022,1,1.4765397113659486,False
2022-09-27,2022,2,1.2919298268477124,False
2022-09-27,2022,3,1.2782616909988724,False
2022-09-28,2022,0,1.4557455299664752,False
2022-09-28,2022,1,2.087841320985172,True
2022-09-28,2022,2,1.4049868155303236,False
2022-09-28,2022,3,1.6346819583094723,False
2022-09-29,2022,0,1.4610899828429376,False
2022-09-29,2022,1,1.1932592965279885,False
2022-09-29,2022,2,2.0051735885517656,True
2022-09-29,2022,3,1.4367474385420893,False
2022-09-30,2022,0,1.367895904444466,False
2022-09-30,2022,1,1.699569596193149,False
2022-09-30,2022,2,1.1933403157271145,False
2022-09-30,2022,3,1.586029560635502,False
2022-10-10,2022,0,1.8237681532711982,True
2022-10-10,2022,1,1.317270275694678,False
2022-10-10,2022,2,1.5060359679015567,False
2022-10-10,2022,3,1.6327477368826997,False
2022-10-11,2022,0,1.60897793065114,False
2022-10-11,2022,1,2.064062467564001,True
2022-10-11,2022,2,1.6079509490123005,False
2022-10-11,2022,3,1.2971530459354013,False
2022-10-12,2022,0,1.2978348401627,False
2022-10-12,2022,1,1.4634034994783527,False
2022-10-12,2022,2,1.8237299660568687,True
2022-10-12,2022,3,1.4927584411875927,False
2022-10-13,2022,0,1.3335929545734695,False
2022-10-13,2022,1,1.771109457026699,True
2022-10-13,2022,2,1.5699161148406753,False
2022-10-13,2022,3,1.503484062155168,False
2022-10-14,2022,0,1.4169500357993097,False
2022-10-14,2022,1,1.532802288144529,False
2022-10-14,2022,2,1.2194526388105387,False
2022-10-14,2022,3,1.4485427464222729,False
2022-10-17,2022,0,1.1639661826544168,False
2022-10-17,2022,1,1.7422693494262447,False
2022-10-17,2022,2,1.6736798149566008,False
2022-10-17,2022,3,1.5763114421925175,False
2022-10-18,2022,0,1.4189819619740907,False
2022-10-18,2022,1,1.6594316575870525,False
2022-10-18,2022,2,1.7370728051237654,False
2022-10-18,2022,3,1.8536591737765467,True
2022-10-19,2022,0,1.7024579532002997,False
2022-10-19,2022,1,1.5309342972328852,False
2022-10-19,2022,2,1.3431900818286124,False
2022-10-19,2022,3,1.2862136775065574,False
2022-10-20,2022,0,1.5424075567692324,False
2022-10-20,2022,1,1.7366573188074892,False
2022-10-20,2022,2,1.584406824101039,False
2022-10-20,2022,3,1.4373855680139251,False
2022-10-21,2022,0,1.4432424329756948,False
2022-10-21,2022,1,1.5968735503577327,False
2022-10-21,2022,2,1.280282353296185,False
2022-10-21,2022,3,1.6138678905985184,False
2022-10-24,2022,0,1.6397041370235594,False
2022-10-24,2022,1,1.7860495439730182,True
2022-10-24,2022,2,1.7573819798093284,False
2022-10-24,2022,3,1.5957964231299868,False
2022-10-25,2022,0,1.8491848649772262,True
2022-10-25,2022,1,1.8779540071487646,True
2022-10-25,2022,2,1.4412425032125384,False
2022-10-25,2022,3,1.6401127496008172,False
2022-10-26,2022,0,1.2163097466556638,False
2022-10-26,2022,1,1.8051118204892846,True
2022-10-26,2022,2,1.2552335498306475,False
2022-10-26,2022,3,1.29498245186218,False
2022-10-27,2022,0,2.0010816067030297,True
2022-10-27,2022,1,1.4804068101855037,False
2022-10-27,2022,2,1.661796575589976,False
2022-10-27,2022,3,1.2789484425311717,False
2022-10-28,2022,0,1.8671708783062841,True
2022-10-28,2022,1,1.4727901636775294,False
2022-10-28,2022,2,1.218372187344683,False
2022-10-28,2022,3,1.6423761011691766,False
2022-10-31,2022,0,3.27084064073441,True
2022-10-31,2022,1,1.9067072600007466,True
2022-10-31,2022,2,1.5578041206643358,False
2022-10-31,2022,3,1.2183359377165441,False
2022-11-01,2022,0,1.4928899613099789,False
2022-11-01,2022,1,1.2853261166428622,False
2022-11-01,2022,2,1.9923156325318663,True
2022-11-01,2022,3,1.8968325451193815,True
2022-11-02,2022,0,1.7355993223523603,False
2022-11-02,2022,1,1.8770767409664846,True
2022-11-02,2022,2,1.5871918623883305,False
2022-11-02,2022,3,1.4559115993872822,False
2022-11-03,2022,0,2.025615976624752,True
2022-11-03,2022,1,1.1950063585117154,False
2022-11-03,2022,2,1.9190043610487295,True
2022-11-03,2022,3,1.3321030651929027,False
2022-11-04,2022,0,1.6038826986193784,False
2022-11-04,2022,1,1.2218403653603598,False
2022-11-04,2022,2,2.014318862250377,True
2022-11-04,2022,3,1.44425618433356,False
2022-11-07,2022,0,1.5357169165752924,False
2022-11-07,2022,1,1.3772610593098713,False
2022-11-07,2022,2,1.758299171390019,False
2022-11-07,2022,3,1.5447319963941524,False
2022-11-08,2022,0,1.7440171336906634,False
2022-11-08,2022,1,1.609830036927902,False
2022-11-08,2022,2,1.8377872386470833,True
2022-11-08,2022,3,1.344737483668102,False
2022-11-09,2022,0,1.4825938277733803,False
2022-11-09,2022,1,1.5048594204644332,False
2022-11-09,2022,2,1.5230744642191132,False
2022-11-09,2022,3,1.4181461168087508,False
2022-11-10,2022,0,1.2903591036360436,False
2022-11-10,2022,1,1.379019791769237,False
2022-11-10,2022,2,1.7519577211017743,False
2022-11-10,2022,3,1.4234762214933687,False
2022-11-11,2022,0,2.975150396910151,True
2022-11-11,2022,1,1.3798551761880602,False
2022-11-11,2022,2,1.443848327185942,False
2022-11-11,2022,3,2.116950807879301,True
2022-11-14,2022,0,1.5086328259870743,False
2022-11-14,2022,1,1.6705192220815248,False
2022-11-14,2022,2,1.4165995835658363,False
2022-11-14,2022,3,1.6500867142571056,False
2022-11-15,2022,0,1.4621088172231531,False
2022-11-15,2022,1,1.39926025263066,False
2022-11-15,2022,2,1.7023131594672096,False
2022-11-15,2022,3,1.4077776937599462,False
2022-11-16,2022,0,1.2945365899883963,False
2022-11-16,2022,1,1.4882205247745006,False
2022-11-16,2022,2,1.502070094576307,False
2022-11-16,2022,3,1.6892187802777416,False
2022-11-17,2022,0,2.582288834258486,True
2022-11-17,2022,1,1.9755002191058826,True
2022-11-17,2022,2,1.6482093766121253,False
2022-11-17,2022,3,1.533501009509897,False
2022-11-18,2022,0,1.4723945299437329,False
2022-11-18,2022,1,1.5090202721136619,False
2022-11-18,2022,2,1.515506944869058,False
2022-11-18,2022,3,1.3251817901458407,False
2022-11-21,2022,0,1.65997873378008,False
2022-11-21,2022,1,1.2448616537562283,False
2022-11-21,2022,2,1.899809546619804,True
2022-11-21,2022,3,1.6711614152777259,False
2022-11-22,2022,0,1.826486348520391,True
2022-11-22,2022,1,1.3859876778305102,False
2022-11-22,2022,2,1.96144156718206,True
2022-11-22,2022,3,1.4184333155685556,False
2022-11-23,2022,0,1.449743476015117,False
2022-11-23,2022,1,1.8632701787423191,True
2022-11-23,2022,2,1.7597661171522732,False
2022-11-23,2022,3,1.4600910299262106,False
2022-11-24,2022,0,1.6041148379425942,False
2022-11-24,2022,1,1.6531653359749514,False
2022-11-24,2022,2,1.537499482429976,False
2022-11-24,2022,3,2.3529292025816417,True
2022-11-25,2022,0,1.8404700711337676,True
2022-11-25,2022,1,1.4992307324529446,False
2022-11-25,2022,2,1.434608471561485,False
2022-11-25,2022,3,1.696873915002617,False
2022-11-28,2022,0,1.6366620292104572,False
2022-11-28,2022,1,1.2581374664010856,False
2022-11-28,2022,2,1.2247449300970248,False
2022-11-28,2022,3,1.6218931455558265,False
2022-11-29,2022,0,1.461898076989691,False
2022-11-29,2022,1,1.932666756326906,True
2022-11-29,2022,2,2.269349122476334,True
2022-11-29,2022,3,2.3541534401942994,True
2022-11-30,2022,0,1.473787051521315,False
2022-11-30,2022,1,1.2921567203829458,False
2022-11-30,2022,2,1.5039182799481847,False
2022-11-30,2022,3,2.323664525514414,True
2022-12-01,2022,0,1.8082987922980578,True
2022-12-01,2022,1,1.736919476157616,False
2022-12-01,2022,2,1.751095259570424,False
2022-12-01,2022,3,1.2855158430327749,False
2022-12-02,2022,0,1.4701435896810875,False
2022-12-02,2022,1,1.5761419794958629,False
2022-12-02,2022,2,1.289678364283432,False
2022-12-02,2022,3,1.2626899118982051,False
2022-12-05,2022,0,1.5822945036614842,False
2022-12-05,2022,1,1.3794984559638443,False
2022-12-05,2022,2,1.6929563073358163,False
2022-12-05,2022,3,1.445783489712427,False
2022-12-06,2022,0,1.4230080986025713,False
2022-12-06,2022,1,1.5190551716433256,False
2022-12-06,2022,2,1.690378121927921,False
2022-12-06,2022,3,1.504607320274073,False
2022-12-07,2022,0,1.4155554668368524,False
2022-12-07,2022,1,1.510281132416335,False
2022-12-07,2022,2,1.9274104372173733,True
2022-12-07,2022,3,1.4694431266883299,False
2022-12-08,2022,0,1.4178443398471061,False
2022-12-08,2022,1,1.6056717916653962,False
2022-12-08,2022,2,1.7101099247464449,False
2022-12-08,2022,3,2.093718719892685,True
2022-12-09,2022,0,1.6526048608028547,False
2022-12-09,2022,1,1.4744441822547214,False
2022-12-09,2022,2,2.035662387726053,True
2022-12-09,2022,3,1.4958436891796993,False
2022-12-12,2022,0,2.295432702390817,True
2022-12-12,2022,1,1.3274857937200777,False
2022-12-12,2022,2,1.4307265234748183,False
2022-12-12,2022,3,1.2001364439341302,False
2022-12-13,2022,0,2.0761352711406555,True
2022-12-13,2022,1,1.4918815112950168,False
2022-12-13,2022,2,1.7257724731124644,False
2022-12-13,2022,3,1.4527220375992682,False
2022-12-14,2022,0,2.317144054796532,True
2022-12-14,2022,1,1.7100948081929985,False
2022-12-14,2022,2,1.5043967983590527,False
2022-12-14,2022,3,2.067173732127179,True
2022-12-15,2022,0,1.4648382289665818,False
2022-12-15,2022,1,1.2278655817256772,False
2022-12-15,2022,2,1.4354684318291258,False
2022-12-15,2022,3,1.4644115943888019,False
2022-12-16,2022,0,2.196867012425412,True
2022-12-16,2022,1,1.86769523233338,True
2022-12-16,2022,2,1.854800427508147,True
2022-12-16,2022,3,1.543784814152951,False
2022-12-19,2022,0,1.851047845907434,True
2022-12-19,2022,1,1.3010936200167453,False
2022-12-19,2022,2,1.4051443333771376,False
2022-12-19,2022,3,1.889199545705331,True
2022-12-20,2022,0,1.7758132190827196,True
2022-12-20,2022,1,1.3664167158096239,False
2022-12-20,2022,2,1.9532287850147134,True
2022-12-20,2022,3,1.4132670607680007,False
2022-12-21,2022,0,1.7790471187718522,True
2022-12-21,2022,1,1.5483756015963892,False
2022-12-21,2022,2,1.270131091357607,False
2022-12-21,2022,3,1.1940012062257972,False
2022-12-22,2022,0,1.5782902597967523,False
2022-12-22,2022,1,1.4290015823858928,False
2022-12-22,2022,2,1.3929714699673243,False
2022-12-22,2022,3,1.4734758261022702,False
2022-12-23,2022,0,1.3414110286218697,False
2022-12-23,2022,1,1.44912290171347,False
2022-12-23,2022,2,1.2691929127502444,False
2022-12-23,2022,3,1.6822542582143836,False
2022-12-26,2022,0,2.374422258270626,True
2022-12-26,2022,1,1.3705682287860768,False
2022-12-26,2022,2,1.375586804336618,False
2022-12-26,2022,3,1.4954903152725345,False
2022-12-27,2022,0,1.5647417391304268,False
2022-12-27,2022,1,1.3156029099641275,False
2022-12-27,2022,2,1.5230313516814593,False
2022-12-27,2022,3,1.3252528954756033,False
2022-12-28,2022,0,1.4067238281331487,False
2022-12-28,2022,1,1.5754943783635444,False
2022-12-28,2022,2,1.6924874857245513,False
2022-12-28,2022,3,1.3409866149526775,False
2022-12-29,2022,0,1.7208307778030014,False
2022-12-29,2022,1,1.685616588749482,False
2022-12-29,2022,2,1.1589265109137405,False
2022-12-29,2022,3,1.2781427604918174,False
2022-12-30,2022,0,2.6335471500118954,True
2022-12-30,2022,1,1.3883963925209268,False
2022-12-30,2022,2,1.4903575738544583,False
2022-12-30,2022,3,1.354266824536739,False
2023-01-03,2023,0,1.593303874531019,False
2023-01-03,2023,1,1.5659839857498696,False
2023-01-03,2023,2,1.3915364300169752,False
2023-01-03,2023,3,1.4553385226645619,False
2023-01-04,2023,0,1.4552066239557198,False
2023-01-04,2023,1,1.3437211839239342,False
2023-01-04,2023,2,1.331494986187939,False
2023-01-04,2023,3,1.3366592084279303,False
2023-01-05,2023,0,1.5659757653121493,False
2023-01-05,2023,1,1.4929065897879452,False
2023-01-05,2023,2,1.442292605243106,False
2023-01-05,2023,3,1.956800678520371,True
2023-01-06,2023,0,1.6121435991046198,False
2023-01-06,2023,1,1.6107101183544161,False
2023-01-06,2023,2,1.3550849225252792,False
2023-01-06,2023,3,1.2511776177434462,False
2023-01-09,2023,0,1.763242208577092,True
2023-01-09,2023,1,1.5539001283426241,False
2023-01-09,2023,2,2.21236405525931,True
2023-01-09,2023,3,1.4605048721073648,False
2023-01-10,2023,0,1.9085747479723685,True
2023-01-10,2023,1,1.3906048104494715,False
2023-01-10,2023,2,1.5043803072951714,False
2023-01-10,2023,3,1.326388333595751,False
2023-01-11,2023,0,1.6043994839033717,False
2023-01-11,2023,1,1.7853183916676927,True
2023-01-11,2023,2,1.7399904585647974,False
2023-01-11,2023,3,1.3259883882529286,False
2023-01-12,2023,0,1.2767093238879355,False
2023-01-12,2023,1,1.8322167532079825,True
2023-01-12,2023,2,1.9775020945251953,True
2023-01-12,2023,3,1.7458586595001118,False
2023-01-13,2023,0,1.502351343744204,False
2023-01-13,2023,1,1.9538991199849138,True
2023-01-13,2023,2,1.37234170287171,False
2023-01-13,2023,3,1.468151793297403,False
2023-01-16,2023,0,1.6950319480542726,False
2023-01-16,2023,1,1.8654944238240136,True
2023-01-16,2023,2,1.3994505077105008,False
2023-01-16,2023,3,1.8332739160257048,True
2023-01-17,2023,0,1.6472910053142673,False
2023-01-17,2023,1,1.434443555904173,False
2023-01-17,2023,2,1.304142472160331,False
2023-01-17,2023,3,1.2824650342436577,False
2023-01-18,2023,0,1.697819847999382,False
2023-01-18,2023,1,1.6058813763499185,False
2023-01-18,2023,2,1.5427893428954709,False
2023-01-18,2023,3,1.3308324415292185,False
2023-01-19,2023,0,1.4368254006311267,False
2023-01-19,2023,1,1.234875911730706,False
2023-01-19,2023,2,1.4756653204924046,False
2023-01-19,2023,3,1.480298245287609,False
2023-01-20,2023,0,1.4203494543994182,False
2023-01-20,2023,1,1.893980591026711,True
2023-01-20,2023,2,1.2438145303606207,False
2023-01-20,2023,3,1.6052543624254851,False
2023-01-30,2023,0,2.926888930343962,True
2023-01-30,2023,1,1.1864463096755447,False
2023-01-30,2023,2,1.8831794040349719,True
2023-01-30,2023,3,1.6812984559326125,False
2023-01-31,2023,0,1.7602236314917983,False
2023-01-31,2023,1,1.6686074224039118,False
2023-01-31,2023,2,1.390336035378505,False
2023-01-31,2023,3,1.2736164746864,False
2023-02-01,2023,0,1.5009071401285736,False
2023-02-01,2023,1,1.6206520698238809,False
2023-02-01,2023,2,1.8077874367502067,True
2023-02-01,2023,3,1.3077030194323205,False
2023-02-02,2023,0,1.7671575535727433,True
2023-02-02,2023,1,1.3791843835676254,False
2023-02-02,2023,2,1.727623784671411,False
2023-02-02,2023,3,1.5524384382755019,False
2023-02-03,2023,0,1.4765517488649,False
2023-02-03,2023,1,1.5243006529384793,False
2023-02-03,2023,2,1.580989006827366,False
2023-02-03,2023,3,1.399548689412863,False
2023-02-06,2023,0,1.3581441886712582,False
2023-02-06,2023,1,1.592465598925735,False
2023-02-06,2023,2,1.9530421420460935,True
2023-02-06,2023,3,1.6640475703801463,False
2023-02-07,2023,0,1.5415118850124319,False
2023-02-07,2023,1,1.3333214643318656,False
2023-02-07,2023,2,1.4684332015509418,False
2023-02-07,2023,3,1.4557733717847037,False
2023-02-08,2023,0,1.6606155243762268,False
2023-02-08,2023,1,1.626025012008758,False
2023-02-08,2023,2,1.573554468236202,False
2023-02-08,2023,3,1.6846557660687465,False
2023-02-09,2023,0,1.5031863572692192,False
2023-02-09,2023,1,1.3572472695270716,False
2023-02-09,2023,2,1.7054659396362732,False
2023-02-09,2023,3,1.602122406894045,False
2023-02-10,2023,0,1.2454591520099292,False
2023-02-10,2023,1,1.312469529535844,False
2023-02-10,2023,2,1.7342312962732853,False
2023-02-10,2023,3,1.4289390730595077,False
2023-02-13,2023,0,1.4589087798572382,False
2023-02-13,2023,1,1.346801501059423,False
2023-02-13,2023,2,1.4702478485500878,False
2023-02-13,2023,3,2.912928334772583,True
2023-02-14,2023,0,2.3004438582477342,True
2023-02-14,2023,1,1.1769908966192582,False
2023-02-14,2023,2,1.5982543293281513,False
2023-02-14,2023,3,1.3485963296612231,False
2023-02-15,2023,0,1.6788081787983926,False
2023-02-15,2023,1,1.9001230999571712,True
2023-02-15,2023,2,1.2848756456769346,False
2023-02-15,2023,3,1.4094635069519632,False
2023-02-16,2023,0,1.4806502724430117,False
2023-02-16,2023,1,1.4231537642763312,False
2023-02-16,2023,2,1.4468191272718953,False
2023-02-16,2023,3,1.371852212712821,False
2023-02-17,2023,0,1.4946512921895128,False
2023-02-17,2023,1,1.1903340349676232,False
2023-02-17,2023,2,1.395205921984823,False
2023-02-17,2023,3,1.2508495765496088,False
2023-02-20,2023,0,1.2828604212137025,False
2023-02-20,2023,1,1.591294466960575,False
2023-02-20,2023,2,1.4287514680577378,False
2023-02-20,2023,3,1.69900656849057,False
2023-02-21,2023,0,1.8929542063464746,True
2023-02-21,2023,1,1.592679212510792,False
2023-02-21,2023,2,1.4019892896816095,False
2023-02-21,2023,3,1.540688963277805,False
2023-02-22,2023,0,1.7826960242456718,True
2023-02-22,2023,1,1.4486759557586724,False
2023-02-22,2023,2,1.4364730110250732,False
2023-02-22,2023,3,1.8866563059233072,True
2023-02-23,2023,0,1.3211881834699417,False
2023-02-23,2023,1,1.3094356597664063,False
2023-02-23,2023,2,1.9907393848065886,True
2023-02-23,2023,3,1.636959084037015,False
2023-02-24,2023,0,1.2377188892134001,False
2023-02-24,2023,1,1.4276614964542476,False
2023-02-24,2023,2,1.752587030886377,False
2023-02-24,2023,3,1.3575796121365524,False
2023-02-27,2023,0,1.7519361633132682,False
2023-02-27,2023,1,1.5037560833542514,False
2023-02-27,2023,2,1.4801796272928551,False
2023-02-27,2023,3,1.2815864197754963,False
2023-02-28,2023,0,1.5891589733499802,False
2023-02-28,2023,1,1.6404607075469455,False
2023-02-28,2023,2,1.309595064097566,False
2023-02-28,2023,3,1.6255700655979306,False
2023-03-01,2023,0,1.6788317225195066,False
2023-03-01,2023,1,1.9811346869203867,True
2023-03-01,2023,2,1.4368162738292931,False
2023-03-01,2023,3,1.4431050208695284,False
2023-03-02,2023,0,1.5233502770846539,False
2023-03-02,2023,1,1.6620089501061779,False
2023-03-02,2023,2,1.5134364675503014,False
2023-03-02,2023,3,2.1479144440320126,True
2023-03-03,2023,0,2.5847785588084444,True
2023-03-03,2023,1,1.6501455927805313,False
2023-03-03,2023,2,1.3838124130991525,False
2023-03-03,2023,3,1.7420804087118633,False
2023-03-06,2023,0,1.4066629524507657,False
2023-03-06,2023,1,1.2364672184980081,False
2023-03-06,2023,2,1.2453028602380847,False
2023-03-06,2023,3,1.49975502924706,False
2023-03-07,2023,0,1.5432184168193757,False
2023-03-07,2023,1,1.2760064956402366,False
2023-03-07,2023,2,1.3620543734463746,False
2023-03-07,2023,3,1.3265948413670343,False
2023-03-08,2023,0,1.922819919774983,True
2023-03-08,2023,1,2.2035672012238083,True
2023-03-08,2023,2,1.5485437728246518,False
2023-03-08,2023,3,1.5833867314801933,False
2023-03-09,2023,0,1.5955689574098022,False
2023-03-09,2023,1,1.6416718116826445,False
2023-03-09,2023,2,1.1873773136307,False
2023-03-09,2023,3,1.1382893421056866,False
2023-03-10,2023,0,1.6761642183823002,False
2023-03-10,2023,1,1.437089531502597,False
2023-03-10,2023,2,1.2473535683735126,False
2023-03-10,2023,3,1.5229941049112652,False
2023-03-13,2023,0,1.5770711094890586,False
2023-03-13,2023,1,1.4300039442166839,False
2023-03-13,2023,2,1.5274439317687547,False
2023-03-13,2023,3,1.6449098834602383,False
2023-03-14,2023,0,1.5461678193138466,False
2023-03-14,2023,1,1.3575402207084915,False
2023-03-14,2023,2,1.3283324179285587,False
2023-03-14,2023,3,1.5871840272835884,False
2023-03-15,2023,0,1.6323537301572384,False
2023-03-15,2023,1,1.608303377715364,False
2023-03-15,2023,2,1.2870683849843267,False
2023-03-15,2023,3,1.8527052739541128,True
2023-03-16,2023,0,2.814299390969651,True
2023-03-16,2023,1,1.343717266609929,False
2023-03-16,2023,2,1.6572861847310665,False
2023-03-16,2023,3,1.3222835591769417,False
2023-03-17,2023,0,1.8361736590207731,True
2023-03-17,2023,1,1.7645880295268215,True
2023-03-17,2023,2,1.5515823767444874,False
2023-03-17,2023,3,1.8666635537727863,True
2023-03-20,2023,0,1.8661553149343566,True
2023-03-20,2023,1,1.3812542547643858,False
2023-03-20,2023,2,1.415206072136363,False
2023-03-20,2023,3,1.3514913065264214,False
2023-03-21,2023,0,1.2087030408072528,False
2023-03-21,2023,1,1.5899778584850615,False
2023-03-21,2023,2,1.679977886970007,False
2023-03-21,2023,3,1.15407429038619,False
2023-03-22,2023,0,1.3841966382411566,False
2023-03-22,2023,1,1.5925720170330793,False
2023-03-22,2023,2,1.440681080804751,False
2023-03-22,2023,3,2.0302634732254474,True
2023-03-23,2023,0,1.5650281604458114,False
2023-03-23,2023,1,1.6993794086308907,False
2023-03-23,2023,2,1.3562616005399089,False
2023-03-23,2023,3,1.4821401798012073,False
2023-03-24,2023,0,1.5352484633592438,False
2023-03-24,2023,1,1.773940863844873,True
2023-03-24,2023,2,1.8714887547063435,True
2023-03-24,2023,3,1.5409367558883076,False
2023-03-27,2023,0,1.3772669841771137,False
2023-03-27,2023,1,1.6153706013989324,False
2023-03-27,2023,2,1.3747815253988118,False
2023-03-27,2023,3,1.6026719847086772,False
2023-03-28,2023,0,1.711358726394025,False
2023-03-28,2023,1,1.476567998655858,False
2023-03-28,2023,2,1.7644104507563048,True
2023-03-28,2023,3,1.3978110492725686,False
2023-03-29,2023,0,1.6169421293866777,False
2023-03-29,2023,1,1.5578926776560855,False
2023-03-29,2023,2,1.6770396025616696,False
2023-03-29,2023,3,1.3442569816964887,False
2023-03-30,2023,0,1.9181641940091672,True
2023-03-30,2023,1,1.3030214550641501,False
2023-03-30,2023,2,1.5934623752774217,False
2023-03-30,2023,3,1.6601942243146173,False
2023-03-31,2023,0,1.6801587269684193,False
2023-03-31,2023,1,1.3537059098961721,False
2023-03-31,2023,2,1.5252497056112733,False
2023-03-31,2023,3,1.2051680284409232,False
2023-04-03,2023,0,2.1708698363275065,True
2023-04-03,2023,1,1.3241570328134311,False
2023-04-03,2023,2,2.1075392889017035,True
2023-04-03,2023,3,1.5535413860082063,False
2023-04-04,2023,0,1.4297574929048518,False
2023-04-04,2023,1,1.729577318204242,False
2023-04-04,2023,2,1.6443326222449182,False
2023-04-04,2023,3,1.5175966807243606,False
2023-04-06,2023,0,1.6689317689169323,False
2023-04-06,2023,1,1.5267575967935236,False
2023-04-06,2023,2,1.5105532436137294,False
2023-04-06,2023,3,1.6857767938105779,False
2023-04-07,2023,0,1.7168215557987614,False
2023-04-07,2023,1,1.6113748930279073,False
2023-04-07,2023,2,1.3104453240753768,False
2023-04-07,2023,3,1.4458623130645172,False
2023-04-10,2023,0,1.4713170175935593,False
2023-04-10,2023,1,1.8949258191216758,True
2023-04-10,2023,2,1.4749291388303438,False
2023-04-10,2023,3,1.2833636573023253,False
2023-04-11,2023,0,1.3966791244036398,False
2023-04-11,2023,1,1.4101905553438083,False
2023-04-11,2023,2,1.338813127032597,False
2023-04-11,2023,3,1.25068498578229,False
2023-04-12,2023,0,1.573717178108168,False
2023-04-12,2023,1,1.3130594096560444,False
2023-04-12,2023,2,1.5467421689247762,False
2023-04-12,2023,3,1.4039450312195358,False
2023-04-13,2023,0,1.5300169851626162,False
2023-04-13,2023,1,1.5461153046182143,False
2023-04-13,2023,2,1.1352845101604672,False
2023-04-13,2023,3,1.3912028573009303,False
2023-04-14,2023,0,1.9093082383785525,True
2023-04-14,2023,1,1.688512439158009,False
2023-04-14,2023,2,1.599884677215331,False
2023-04-14,2023,3,1.373244094794551,False
2023-04-17,2023,0,1.2902577775643902,False
2023-04-17,2023,1,1.363379495922621,False
2023-04-17,2023,2,1.496164196732269,False
2023-04-17,2023,3,2.1833283353515722,True
2023-04-18,2023,0,1.7685905389595866,True
2023-04-18,2023,1,1.2281880746252412,False
2023-04-18,2023,2,1.3483105226689267,False
2023-04-18,2023,3,1.7260834272380512,False
2023-04-19,2023,0,1.7003424114998538,False
2023-04-19,2023,1,1.7566387345023327,False
2023-04-19,2023,2,1.3478717049904145,False
2023-04-19,2023,3,1.7345114689735088,False
2023-04-20,2023,0,1.6793348266566381,False
2023-04-20,2023,1,1.312265005146101,False
2023-04-20,2023,2,1.6833550748279051,False
2023-04-20,2023,3,1.3657059710480988,False
2023-04-21,2023,0,2.0153183472958776,True
2023-04-21,2023,1,1.43534175160355,False
2023-04-21,2023,2,1.6080553207840356,False
2023-04-21,2023,3,1.4540320757382803,False
2023-04-24,2023,0,1.6597787753735744,False
2023-04-24,2023,1,1.3773364313187593,False
2023-04-24,2023,2,1.365977642127305,False
2023-04-24,2023,3,1.4773640710610534,False
2023-04-25,2023,0,1.2377702383705809,False
2023-04-25,2023,1,1.5612560087853091,False
2023-04-25,2023,2,1.456374732506112,False
2023-04-25,2023,3,1.5460553529931778,False
2023-04-26,2023,0,1.478395203195546,False
2023-04-26,2023,1,1.1998505081278996,False
2023-04-26,2023,2,1.2608000603299347,False
2023-04-26,2023,3,1.4647682179571828,False
2023-04-27,2023,0,1.6802654774968908,False
2023-04-27,2023,1,1.4705031519422602,False
2023-04-27,2023,2,1.3433780715097345,False
2023-04-27,2023,3,1.7919460957056643,True
2023-04-28,2023,0,2.274916495245139,True
2023-04-28,2023,1,1.3366617672551406,False
2023-04-28,2023,2,1.5019782353651812,False
2023-04-28,2023,3,1.6392505443314833,False
2023-05-04,2023,0,2.220347127144139,True
2023-05-04,2023,1,1.1956308665244249,False
2023-05-04,2023,2,1.4325242307950912,False
2023-05-04,2023,3,1.636262034296584,False
2023-05-05,2023,0,1.3867739477928434,False
2023-05-05,2023,1,1.2951494495981037,False
2023-05-05,2023,2,1.8387739669623557,True
2023-05-05,2023,3,1.385140676139626,False
2023-05-08,2023,0,1.3912617894897834,False
2023-05-08,2023,1,1.373999034205804,False
2023-05-08,2023,2,1.603564119268524,False
2023-05-08,2023,3,1.4969226974980798,False
2023-05-09,2023,0,1.6037925286835357,False
2023-05-09,2023,1,1.539425500385457,False
2023-05-09,2023,2,1.1612399380650666,False
2023-05-09,2023,3,1.4025591227001128,False
2023-05-10,2023,0,2.0155877168155016,True
2023-05-10,2023,1,1.6347186367173128,False
2023-05-10,2023,2,1.4344931131843797,False
2023-05-10,2023,3,1.6204559142862431,False
2023-05-11,2023,0,1.7147530371424518,False
2023-05-11,2023,1,1.9964587497603508,True
2023-05-11,2023,2,1.8968280093468939,True
2023-05-11,2023,3,1.8542196566601812,True
2023-05-12,2023,0,1.5705680262688737,False
2023-05-12,2023,1,2.048740642718191,True
2023-05-12,2023,2,1.773732968800496,True
2023-05-12,2023,3,1.3803085680047738,False
2023-05-15,2023,0,2.0099768506525284,True
2023-05-15,2023,1,1.1637042787409884,False
2023-05-15,2023,2,1.574825433900604,False
2023-05-15,2023,3,1.2703395131221589,False
2023-05-16,2023,0,1.740263042652977,False
2023-05-16,2023,1,1.5440272476461498,False
2023-05-16,2023,2,1.3156782994287908,False
2023-05-16,2023,3,1.3907119211760741,False
2023-05-17,2023,0,1.8310899872126245,True
2023-05-17,2023,1,1.727815624965374,False
2023-05-17,2023,2,1.6343409771157742,False
2023-05-17,2023,3,1.5144960005981507,False
2023-05-18,2023,0,1.3215226726645066,False
2023-05-18,2023,1,1.462380253439164,False
2023-05-18,2023,2,1.6344560439214717,False
2023-05-18,2023,3,1.7722414864243992,True
2023-05-19,2023,0,1.991959263441335,True
2023-05-19,2023,1,1.6533241771771878,False
2023-05-19,2023,2,2.3788547317506246,True
2023-05-19,2023,3,1.596343405651059,False
2023-05-22,2023,0,1.8540878530676088,True
2023-05-22,2023,1,2.3998366006020353,True
2023-05-22,2023,2,1.2024649981503943,False
2023-05-22,2023,3,1.4848731214691553,False
2023-05-23,2023,0,2.835631329454546,True
2023-05-23,2023,1,1.4747892940673482,False
2023-05-23,2023,2,1.390799784100466,False
2023-05-23,2023,3,1.7406554149312907,False
2023-05-24,2023,0,3.6292484925038613,True
2023-05-24,2023,1,1.3436789826313498,False
2023-05-24,2023,2,1.6202408187567243,False
2023-05-24,2023,3,1.3097868425506531,False
2023-05-25,2023,0,1.7745827095044517,True
2023-05-25,2023,1,1.293633424072923,False
2023-05-25,2023,2,1.4579218429882876,False
2023-05-25,2023,3,1.6684436968536762,False
2023-05-26,2023,0,1.7430682148435201,False
2023-05-26,2023,1,1.6304626815745669,False
2023-05-26,2023,2,1.7130243803982508,False
2023-05-26,2023,3,1.4731416397097867,False
2023-05-29,2023,0,1.597605631349388,False
2023-05-29,2023,1,1.8405354613206082,True
2023-05-29,2023,2,1.329181129179348,False
2023-05-29,2023,3,1.2370656180116786,False
2023-05-30,2023,0,1.5157883976248683,False
2023-05-30,2023,1,1.7080971760850625,False
2023-05-30,2023,2,1.3919497746141125,False
2023-05-30,2023,3,2.026602524780105,True
2023-05-31,2023,0,1.5818344095614787,False
2023-05-31,2023,1,1.9150760122388024,True
2023-05-31,2023,2,2.1360092403844,True
2023-05-31,2023,3,1.3956657791710823,False
2023-06-01,2023,0,1.75998458518151,False
2023-06-01,2023,1,1.3606959701000838,False
2023-06-01,2023,2,1.3216881427496756,False
2023-06-01,2023,3,1.2946931021557433,False
2023-06-02,2023,0,1.3635183676155893,False
2023-06-02,2023,1,1.9406722311802982,True
2023-06-02,2023,2,1.5308847925515787,False
2023-06-02,2023,3,1.707742551357891,False
2023-06-05,2023,0,1.5466067495750848,False
2023-06-05,2023,1,2.4229045959136246,True
2023-06-05,2023,2,1.585882279101589,False
2023-06-05,2023,3,1.3512299644979364,False
2023-06-06,2023,0,1.9446727580119225,True
2023-06-06,2023,1,1.4825351876433166,False
2023-06-06,2023,2,1.4786862654508137,False
2023-06-06,2023,3,1.3176843723286336,False
2023-06-07,2023,0,1.697971678396247,False
2023-06-07,2023,1,1.2476427702113848,False
2023-06-07,2023,2,1.3574220275130127,False
2023-06-07,2023,3,1.2886529201564996,False
2023-06-08,2023,0,2.563307660963074,True
2023-06-08,2023,1,1.6203796729684987,False
2023-06-08,2023,2,1.6650363181428247,False
2023-06-08,2023,3,1.5312578519982016,False
2023-06-09,2023,0,1.6497408904885944,False
2023-06-09,2023,1,2.043638464519423,True
2023-06-09,2023,2,1.8912302772715988,True
2023-06-09,2023,3,1.2216117222041019,False
2023-06-12,2023,0,1.431244979156457,False
2023-06-12,2023,1,1.671590496422831,False
2023-06-12,2023,2,1.6879053300607307,False
2023-06-12,2023,3,1.6777074839498212,False
2023-06-13,2023,0,2.0571174139696757,True
2023-06-13,2023,1,1.5585594798060745,False
2023-06-13,2023,2,1.345127362215599,False
2023-06-13,2023,3,1.4776383543486376,False
2023-06-14,2023,0,1.2294005250921118,False
2023-06-14,2023,1,1.5293758527727017,False
2023-06-14,2023,2,1.5129860069626284,False
2023-06-14,2023,3,1.7812158369950737,True
2023-06-15,2023,0,1.2583293385008667,False
2023-06-15,2023,1,1.2738501512768676,False
2023-06-15,2023,2,1.3428754575608997,False
2023-06-15,2023,3,1.7220634484375945,False
2023-06-16,2023,0,1.3389211383050572,False
2023-06-16,2023,1,1.4197021840717758,False
2023-06-16,2023,2,1.5243910846471036,False
2023-06-16,2023,3,1.2544169429208107,False
2023-06-19,2023,0,1.386377678573676,False
2023-06-19,2023,1,1.7882181942735835,True
2023-06-19,2023,2,1.4762121555187437,False
2023-06-19,2023,3,1.3192217033331988,False
2023-06-20,2023,0,1.4168400404500616,False
2023-06-20,2023,1,1.891262285879999,True
2023-06-20,2023,2,1.5981383809186096,False
2023-06-20,2023,3,1.6379163691207939,False
2023-06-21,2023,0,1.689370451396724,False
2023-06-21,2023,1,1.6472523557036052,False
2023-06-21,2023,2,1.3539890811190964,False
2023-06-21,2023,3,1.2235234832433934,False
2023-06-26,2023,0,1.7931257408946277,True
2023-06-26,2023,1,1.3326970560172486,False
2023-06-26,2023,2,1.889716064129541,True
2023-06-26,2023,3,1.7871519655826025,True
2023-06-27,2023,0,1.818853654631967,True
2023-06-27,2023,1,1.6296117460946347,False
2023-06-27,2023,2,1.887832723959178,True
2023-06-27,2023,3,1.4063679528091821,False
2023-06-28,2023,0,1.662965667483622,False
2023-06-28,2023,1,1.4171605830380145,False
2023-06-28,2023,2,1.2983760218595661,False
2023-06-28,2023,3,1.3415541690221804,False
2023-06-29,2023,0,1.9663034589862802,True
2023-06-29,2023,1,1.7483805362024099,False
2023-06-29,2023,2,1.3459255989095666,False
2023-06-29,2023,3,1.46329185383904,False
2023-06-30,2023,0,1.7192763862655693,False
2023-06-30,2023,1,1.1968728234291022,False
2023-06-30,2023,2,1.1912074171302904,False
2023-06-30,2023,3,1.705841432590061,False
2023-07-03,2023,0,1.3529415017211004,False
2023-07-03,2023,1,1.1234950407189779,False
2023-07-03,2023,2,1.7762907986450527,True
2023-07-03,2023,3,1.694695719138697,False
2023-07-04,2023,0,1.4644171245728663,False
2023-07-04,2023,1,1.3789677119518773,False
2023-07-04,2023,2,2.0416137784961514,True
2023-07-04,2023,3,1.6639857012866182,False
2023-07-05,2023,0,1.7249650667371694,False
2023-07-05,2023,1,1.147173703118244,False
2023-07-05,2023,2,1.4881904315221477,False
2023-07-05,2023,3,1.3554274247234714,False
2023-07-06,2023,0,1.6672397271453365,False
2023-07-06,2023,1,2.081371725553829,True
2023-07-06,2023,2,1.4651737850586763,False
2023-07-06,2023,3,1.8332017605196487,True
2023-07-07,2023,0,1.698987283005673,False
2023-07-07,2023,1,1.9445885053034782,True
2023-07-07,2023,2,1.5761269344962618,False
2023-07-07,2023,3,1.7009640731059756,False
2023-07-10,2023,0,1.2660709133335484,False
2023-07-10,2023,1,1.8008163399811692,True
2023-07-10,2023,2,1.4391904366721509,False
2023-07-10,2023,3,1.722070874263928,False
2023-07-11,2023,0,1.2363234815122413,False
2023-07-11,2023,1,1.5609319535755386,False
2023-07-11,2023,2,2.072384607658365,True
2023-07-11,2023,3,1.5728455159976085,False
2023-07-12,2023,0,2.1607648359421754,True
2023-07-12,2023,1,1.5247965907470817,False
2023-07-12,2023,2,1.5064350403936824,False
2023-07-12,2023,3,1.273787173865399,False
2023-07-13,2023,0,2.037099268025038,True
2023-07-13,2023,1,1.658814311440974,False
2023-07-13,2023,2,1.403001100960177,False
2023-07-13,2023,3,1.1903844175413925,False
2023-07-14,2023,0,1.5354492104294286,False
2023-07-14,2023,1,1.3426548534107685,False
2023-07-14,2023,2,1.8285699475564754,True
2023-07-14,2023,3,1.6216083083803141,False
2023-07-17,2023,0,1.9305145817463925,True
2023-07-17,2023,1,1.4245327253453706,False
2023-07-17,2023,2,1.5278821767396347,False
2023-07-17,2023,3,1.7791904060211388,True
2023-07-18,2023,0,1.3933654024554756,False
2023-07-18,2023,1,1.3421163053767888,False
2023-07-18,2023,2,1.5715420345238231,False
2023-07-18,2023,3,1.5053184452659931,False
2023-07-19,2023,0,2.3938770015580753,True
2023-07-19,2023,1,1.3289898002129785,False
2023-07-19,2023,2,1.629316767173532,False
2023-07-19,2023,3,1.925257029127517,True
2023-07-20,2023,0,1.3576701306258008,False
2023-07-20,2023,1,1.6316990018967377,False
2023-07-20,2023,2,1.9120652005183547,True
2023-07-20,2023,3,1.3529815804463146,False
2023-07-21,2023,0,1.273282794218333,False
2023-07-21,2023,1,1.6597139002213706,False
2023-07-21,2023,2,1.6865508465468515,False
2023-07-21,2023,3,1.2357976168726887,False
2023-07-24,2023,0,1.5887262374806268,False
2023-07-24,2023,1,1.7269095424752157,False
2023-07-24,2023,2,1.4312349646754754,False
2023-07-24,2023,3,2.0090535465390023,True
2023-07-25,2023,0,3.5692476165616167,True
2023-07-25,2023,1,1.4848140630363924,False
2023-07-25,2023,2,1.4276154644184458,False
2023-07-25,2023,3,1.7317120954398957,False
2023-07-26,2023,0,1.421591991846491,False
2023-07-26,2023,1,1.6193426113600986,False
2023-07-26,2023,2,1.4285750383188627,False
2023-07-26,2023,3,1.5433766329006828,False
2023-07-27,2023,0,1.4043507449573653,False
2023-07-27,2023,1,1.4876403305029047,False
2023-07-27,2023,2,1.9059800617132432,True
2023-07-27,2023,3,1.6957947314490083,False
2023-07-28,2023,0,1.3536681891637647,False
2023-07-28,2023,1,1.6463905580390517,False
2023-07-28,2023,2,1.326413245661738,False
2023-07-28,2023,3,1.3494330173835536,False
2023-07-31,2023,0,1.5978089030256104,False
2023-07-31,2023,1,1.8481591445133052,True
2023-07-31,2023,2,1.8598041735666104,True
2023-07-31,2023,3,2.1568514572423445,True
2023-08-01,2023,0,1.958039811312998,True
2023-08-01,2023,1,1.5224182813563607,False
2023-08-01,2023,2,1.8173027643389907,True
2023-08-01,2023,3,1.4065562278197419,False
2023-08-02,2023,0,1.3928278119496589,False
2023-08-02,2023,1,1.424165026185265,False
2023-08-02,2023,2,1.4391742367285338,False
2023-08-02,2023,3,1.7379037552451215,False
2023-08-03,2023,0,1.38984256520598,False
2023-08-03,2023,1,1.197060104775223,False
2023-08-03,2023,2,1.5231798297715744,False
2023-08-03,2023,3,1.777610356136024,True
2023-08-04,2023,0,2.190573270912296,True
2023-08-04,2023,1,1.4951884366647037,False
2023-08-04,2023,2,1.6435822435383476,False
2023-08-04,2023,3,1.1571469914522328,False
2023-08-07,2023,0,1.4575495960435474,False
2023-08-07,2023,1,1.4356281541253362,False
2023-08-07,2023,2,1.2376950186582099,False
2023-08-07,2023,3,1.4069458850977765,False
2023-08-08,2023,0,1.5411513299818285,False
2023-08-08,2023,1,1.43322994650981,False
2023-08-08,2023,2,1.455501425839138,False
2023-08-08,2023,3,1.598839057481372,False
2023-08-09,2023,0,1.5279237383255504,False
2023-08-09,2023,1,1.232648520370777,False
2023-08-09,2023,2,1.4725981560683603,False
2023-08-09,2023,3,1.4794556894141526,False
2023-08-10,2023,0,1.5437700872575655,False
2023-08-10,2023,1,1.5767732882365904,False
2023-08-10,2023,2,1.8924790197050219,True
2023-08-10,2023,3,2.0730568828862954,True
2023-08-11,2023,0,1.765811658058189,True
2023-08-11,2023,1,1.7974152093415678,True
2023-08-11,2023,2,1.305199773247692,False
2023-08-11,2023,3,1.4891989280168234,False
2023-08-14,2023,0,2.481709585437542,True
2023-08-14,2023,1,1.5406892731866548,False
2023-08-14,2023,2,1.3937254932409238,False
2023-08-14,2023,3,1.4054212592148883,False
2023-08-15,2023,0,1.5623343933242202,False
2023-08-15,2023,1,1.3708394323405984,False
2023-08-15,2023,2,1.6432183916355483,False
2023-08-15,2023,3,1.6452769929482836,False
2023-08-16,2023,0,1.2070985082007344,False
2023-08-16,2023,1,1.5233440928490647,False
2023-08-16,2023,2,1.377747168712956,False
2023-08-16,2023,3,1.5270581244032324,False
2023-08-17,2023,0,1.3582645621711869,False
2023-08-17,2023,1,1.4128469868246336,False
2023-08-17,2023,2,1.3579848240735577,False
2023-08-17,2023,3,1.5515770276303973,False
2023-08-18,2023,0,3.4244848996929265,True
2023-08-18,2023,1,1.2556823115429585,False
2023-08-18,2023,2,1.8591900617565524,True
2023-08-18,2023,3,1.3218622449688877,False
2023-08-21,2023,0,1.3052813002848294,False
2023-08-21,2023,1,1.5437440963667013,False
2023-08-21,2023,2,2.5907022137324307,True
2023-08-21,2023,3,1.2600889738155672,False
2023-08-22,2023,0,1.395611215527807,False
2023-08-22,2023,1,1.5048349410130986,False
2023-08-22,2023,2,1.3088614553655942,False
2023-08-22,2023,3,1.5718968503618493,False
2023-08-23,2023,0,1.4115344760477557,False
2023-08-23,2023,1,1.667759055645345,False
2023-08-23,2023,2,1.4726575866409444,False
2023-08-23,2023,3,1.2356361860592757,False
2023-08-24,2023,0,1.338383463649847,False
2023-08-24,2023,1,1.547447443173271,False
2023-08-24,2023,2,1.2425779788781308,False
2023-08-24,2023,3,1.391707819053232,False
2023-08-25,2023,0,2.8423769803446715,True
2023-08-25,2023,1,1.490725689516763,False
2023-08-25,2023,2,2.2650211256115833,True
2023-08-25,2023,3,1.5587045682870317,False
2023-08-28,2023,0,4.513573370837672,True
2023-08-28,2023,1,1.4986893137854265,False
2023-08-28,2023,2,1.6149292058050275,False
2023-08-28,2023,3,1.6837743902637377,False
2023-08-29,2023,0,1.4295345447843002,False
2023-08-29,2023,1,1.4690719078584713,False
2023-08-29,2023,2,1.2347833760800209,False
2023-08-29,2023,3,1.4866100177756372,False
2023-08-30,2023,0,2.8070677152415486,True
2023-08-30,2023,1,1.358414233730656,False
2023-08-30,2023,2,1.5703494984414295,False
2023-08-30,2023,3,1.6004929387177023,False
2023-08-31,2023,0,1.683110042124412,False
2023-08-31,2023,1,1.7622044215773882,True
2023-08-31,2023,2,1.3301902354324089,False
2023-08-31,2023,3,1.559691960048345,False
2023-09-01,2023,0,3.1474577031792,True
2023-09-01,2023,1,1.2850322017596505,False
2023-09-01,2023,2,1.8641280810301333,True
2023-09-01,2023,3,2.2512474104355915,True
2023-09-04,2023,0,1.560041788122064,False
2023-09-04,2023,1,1.5852654625497533,False
2023-09-04,2023,2,2.0151216730611945,True
2023-09-04,2023,3,1.5609806751165718,False
2023-09-05,2023,0,1.3950035627902617,False
2023-09-05,2023,1,1.344966045284156,False
2023-09-05,2023,2,1.5101671855783823,False
2023-09-05,2023,3,1.6071518328283227,False
2023-09-06,2023,0,1.7876242369082906,True
2023-09-06,2023,1,1.803594677062507,True
2023-09-06,2023,2,1.5541740716764028,False
2023-09-06,2023,3,1.739335900905048,False
2023-09-07,2023,0,3.3941342902256006,True
2023-09-07,2023,1,1.6314523220045554,False
2023-09-07,2023,2,1.8185439102599963,True
2023-09-07,2023,3,1.755060147426705,False
2023-09-08,2023,0,1.6769466691729293,False
2023-09-08,2023,1,1.373338104714643,False
2023-09-08,2023,2,1.5556279759323597,False
2023-09-08,2023,3,1.5317162640256698,False
2023-09-11,2023,0,1.6930855597086696,False
2023-09-11,2023,1,1.928888406786549,True
2023-09-11,2023,2,1.6391674049644571,False
2023-09-11,2023,3,1.842500765334123,True
2023-09-12,2023,0,1.4380760943342175,False
2023-09-12,2023,1,1.4814133050597085,False
2023-09-12,2023,2,2.457487100451035,True
2023-09-12,2023,3,1.6333506235710393,False
2023-09-13,2023,0,1.2611933944243434,False
2023-09-13,2023,1,1.1939696659322963,False
2023-09-13,2023,2,2.0211439790988197,True
2023-09-13,2023,3,1.4113803787554224,False
2023-09-14,2023,0,1.2603451714342713,False
2023-09-14,2023,1,1.630870756395976,False
2023-09-14,2023,2,1.4053359834350059,False
2023-09-14,2023,3,2.6444119214485293,True
2023-09-15,2023,0,1.8212615447876301,True
2023-09-15,2023,1,1.4819878948445269,False
2023-09-15,2023,2,1.5769991879265604,False
2023-09-15,2023,3,1.5306687219137172,False
2023-09-18,2023,0,1.9226786344031355,True
2023-09-18,2023,1,1.4281110697144863,False
2023-09-18,2023,2,1.7141103271037283,False
2023-09-18,2023,3,1.4865178360032478,False
2023-09-19,2023,0,1.6619719667383561,False
2023-09-19,2023,1,1.8039687965275795,True
2023-09-19,2023,2,1.806813351643329,True
2023-09-19,2023,3,1.5724493027737383,False
2023-09-20,2023,0,1.3884270601585462,False
2023-09-20,2023,1,1.8504401483026687,True
2023-09-20,2023,2,1.3085027527367243,False
2023-09-20,2023,3,1.4788154868238506,False
2023-09-21,2023,0,1.4284156947797424,False
2023-09-21,2023,1,1.6384492911696331,False
2023-09-21,2023,2,2.1592332861507364,True
2023-09-21,2023,3,1.848506242390547,True
2023-09-22,2023,0,1.2957197867878876,False
2023-09-22,2023,1,1.4580465901449697,False
2023-09-22,2023,2,1.5340360324061542,False
2023-09-22,2023,3,1.7039446686081712,False
2023-09-25,2023,0,1.7593269053159282,False
2023-09-25,2023,1,1.4084514475716026,False
2023-09-25,2023,2,2.0471988735571127,True
2023-09-25,2023,3,1.4828286816179677,False
2023-09-26,2023,0,1.326669370348281,False
2023-09-26,2023,1,1.397336599814647,False
2023-09-26,2023,2,1.3490366140498635,False
2023-09-26,2023,3,1.5126787075463597,False
2023-09-27,2023,0,1.2889454520007977,False
2023-09-27,2023,1,2.1246222903235665,True
2023-09-27,2023,2,1.4331493124624608,False
2023-09-27,2023,3,1.558455284205126,False
2023-09-28,2023,0,1.7761485873490677,True
2023-09-28,2023,1,1.3436640295136075,False
2023-09-28,2023,2,1.4629826995840298,False
2023-09-28,2023,3,1.4914968387703864,False
2023-10-09,2023,0,1.8847074818062601,True
2023-10-09,2023,1,1.6155863252826554,False
2023-10-09,2023,2,1.6897841669923297,False
2023-10-09,2023,3,2.0908691143450957,True
2023-10-10,2023,0,1.6328561999830544,False
2023-10-10,2023,1,1.7648786650452353,True
2023-10-10,2023,2,1.2831882188949695,False
2023-10-10,2023,3,1.236074607142577,False
2023-10-11,2023,0,1.403343008142902,False
2023-10-11,2023,1,1.5512112368864752,False
2023-10-11,2023,2,1.3014861113461718,False
2023-10-11,2023,3,1.4029477028885333,False
2023-10-12,2023,0,2.067641912693393,True
2023-10-12,2023,1,1.910959156928268,True
2023-10-12,2023,2,1.5067450363737478,False
2023-10-12,2023,3,2.0942933735921847,True
2023-10-13,2023,0,3.6305739889348523,True
2023-10-13,2023,1,1.8915415545346088,True
2023-10-13,2023,2,1.5317494764243926,False
2023-10-13,2023,3,1.20782851955282,False
2023-10-16,2023,0,1.3024759053493709,False
2023-10-16,2023,1,1.6506483829505052,False
2023-10-16,2023,2,2.0299547153448803,True
2023-10-16,2023,3,1.7950520498130302,True
2023-10-17,2023,0,1.4354452885555145,False
2023-10-17,2023,1,1.255439698918961,False
2023-10-17,2023,2,1.4500056606846334,False
2023-10-17,2023,3,1.1515834107820917,False
2023-10-18,2023,0,1.9239433783961688,True
2023-10-18,2023,1,1.3912528928680696,False
2023-10-18,2023,2,1.7739166692010297,True
2023-10-18,2023,3,1.598822762298429,False
2023-10-19,2023,0,1.8708373390684125,True
2023-10-19,2023,1,1.3467614470141542,False
2023-10-19,2023,2,1.3693460874469812,False
2023-10-19,2023,3,1.3025743032370682,False
2023-10-20,2023,0,1.4112167870858148,False
2023-10-20,2023,1,1.3678565558312903,False
2023-10-20,2023,2,2.0267369595375575,True
2023-10-20,2023,3,2.108306414273756,True
2023-10-23,2023,0,1.7827029175175044,True
2023-10-23,2023,1,1.433696848395417,False
2023-10-23,2023,2,1.5511272240467062,False
2023-10-23,2023,3,1.18608148563236,False
2023-10-24,2023,0,1.326454053701992,False
2023-10-24,2023,1,1.2643250662683487,False
2023-10-24,2023,2,1.4269530888369761,False
2023-10-24,2023,3,1.7021333304151642,False
2023-10-25,2023,0,2.7125229998599623,True
2023-10-25,2023,1,1.6509370446535656,False
2023-10-25,2023,2,1.6046203330939661,False
2023-10-25,2023,3,1.5804154761120002,False
2023-10-26,2023,0,2.035389226745096,True
2023-10-26,2023,1,1.5125830295100702,False
2023-10-26,2023,2,1.3787328942348585,False
2023-10-26,2023,3,1.7993368515308419,True
2023-10-27,2023,0,1.614627425631584,False
2023-10-27,2023,1,1.7197215286733836,False
2023-10-27,2023,2,1.578956112848701,False
2023-10-27,2023,3,1.9761361083561146,True
2023-10-30,2023,0,1.4141743924455636,False
2023-10-30,2023,1,1.2368643492047602,False
2023-10-30,2023,2,1.5300998744273235,False
2023-10-30,2023,3,1.5164068170010316,False
2023-10-31,2023,0,2.1300962896697406,True
2023-10-31,2023,1,1.1782738945274156,False
2023-10-31,2023,2,1.5196035798609926,False
2023-10-31,2023,3,1.231223874531474,False
2023-11-01,2023,0,1.4166927374078604,False
2023-11-01,2023,1,1.4689792673244804,False
2023-11-01,2023,2,1.4406216246503443,False
2023-11-01,2023,3,1.6772242682475904,False
2023-11-02,2023,0,1.978500389912176,True
2023-11-02,2023,1,1.430719629443291,False
2023-11-02,2023,2,1.6742523284129476,False
2023-11-02,2023,3,1.1613058585163187,False
2023-11-03,2023,0,1.8428662627844057,True
2023-11-03,2023,1,1.4831020899833076,False
2023-11-03,2023,2,1.1961566226632052,False
2023-11-03,2023,3,2.0307695874374945,True
2023-11-06,2023,0,3.2669960161404585,True
2023-11-06,2023,1,1.4865920801044599,False
2023-11-06,2023,2,1.512681560092993,False
2023-11-06,2023,3,1.3563659109593127,False
2023-11-07,2023,0,1.220287554841327,False
2023-11-07,2023,1,1.4850985173150437,False
2023-11-07,2023,2,1.3817750268983007,False
2023-11-07,2023,3,1.4593989635979812,False
2023-11-08,2023,0,1.353038292458264,False
2023-11-08,2023,1,1.6481355398311661,False
2023-11-08,2023,2,1.3340338519986572,False
2023-11-08,2023,3,1.2407624631905605,False
2023-11-09,2023,0,1.3871521236171092,False
2023-11-09,2023,1,1.2710739422457598,False
2023-11-09,2023,2,1.562831621416345,False
2023-11-09,2023,3,1.2685476529882753,False
2023-11-10,2023,0,2.5098479726921816,True
2023-11-10,2023,1,1.5059352007262832,False
2023-11-10,2023,2,1.3070611612255236,False
2023-11-10,2023,3,1.7203952032776426,False
2023-11-13,2023,0,1.4601060493102707,False
2023-11-13,2023,1,1.7669197294595005,True
2023-11-13,2023,2,1.3734093350902776,False
2023-11-13,2023,3,1.1519682254099475,False
2023-11-14,2023,0,1.5085413914668335,False
2023-11-14,2023,1,1.782219417243285,True
2023-11-14,2023,2,1.218381474151795,False
2023-11-14,2023,3,1.8297035878158228,True
2023-11-15,2023,0,1.986254483176266,True
2023-11-15,2023,1,1.4239815506326248,False
2023-11-15,2023,2,1.6191825763884782,False
2023-11-15,2023,3,1.9613310706686242,True
2023-11-16,2023,0,1.547374787809824,False
2023-11-16,2023,1,1.5583923011646688,False
2023-11-16,2023,2,1.4081305071096584,False
2023-11-16,2023,3,1.222148330769378,False
2023-11-17,2023,0,1.8842224677473391,True
2023-11-17,2023,1,1.4477889136125732,False
2023-11-17,2023,2,1.2929251526123102,False
2023-11-17,2023,3,1.4279812380632164,False
2023-11-20,2023,0,1.6876821773214443,False
2023-11-20,2023,1,2.1053510594326026,True
2023-11-20,2023,2,1.3438932680624107,False
2023-11-20,2023,3,2.339900941747115,True
2023-11-21,2023,0,1.2692897590801735,False
2023-11-21,2023,1,1.6086166726040503,False
2023-11-21,2023,2,1.709287463626611,False
2023-11-21,2023,3,1.292958065655749,False
2023-11-22,2023,0,1.5032601495189732,False
2023-11-22,2023,1,1.3426384551845667,False
2023-11-22,2023,2,1.5378938831259457,False
2023-11-22,2023,3,1.1594704119025216,False
2023-11-23,2023,0,1.5356083979521062,False
2023-11-23,2023,1,1.5137952198022975,False
2023-11-23,2023,2,1.4079655643910187,False
2023-11-23,2023,3,2.063357476356905,True
2023-11-24,2023,0,1.7769294132835893,True
2023-11-24,2023,1,1.4810030312098237,False
2023-11-24,2023,2,1.5448290222477463,False
2023-11-24,2023,3,1.5631488108639235,False
2023-11-27,2023,0,1.5334172434903093,False
2023-11-27,2023,1,1.5242139038866402,False
2023-11-27,2023,2,1.8191660374481928,True
2023-11-27,2023,3,1.5318817623557417,False
2023-11-28,2023,0,1.9105820154656787,True
2023-11-28,2023,1,1.4238331898219538,False
2023-11-28,2023,2,1.8529359851947653,True
2023-11-28,2023,3,2.0069534971821876,True
2023-11-29,2023,0,1.5152735606096903,False
2023-11-29,2023,1,1.4434161685474387,False
2023-11-29,2023,2,1.7783597697882394,True
2023-11-29,2023,3,1.6326414553548416,False
2023-11-30,2023,0,1.7202974764068315,False
2023-11-30,2023,1,1.9668272382242473,True
2023-11-30,2023,2,1.9268051350554913,True
2023-11-30,2023,3,1.3011788514584541,False
2023-12-01,2023,0,1.6753003521128222,False
2023-12-01,2023,1,1.2818891100745304,False
2023-12-01,2023,2,1.6634775311914063,False
2023-12-01,2023,3,1.4831413575002794,False
2023-12-04,2023,0,1.9954447227451817,True
2023-12-04,2023,1,1.6067476699081147,False
2023-12-04,2023,2,1.317300277829651,False
2023-12-04,2023,3,1.2008564383579645,False
2023-12-05,2023,0,1.4762865010426116,False
2023-12-05,2023,1,1.4175798556946826,False
2023-12-05,2023,2,1.5825103015395035,False
2023-12-05,2023,3,1.2842451188284651,False
2023-12-06,2023,0,1.5193084128298666,False
2023-12-06,2023,1,1.6482203492220244,False
2023-12-06,2023,2,1.361449953289657,False
2023-12-06,2023,3,1.4748875092450244,False
2023-12-07,2023,0,1.55860889625104,False
2023-12-07,2023,1,1.6413293117468009,False
2023-12-07,2023,2,1.8362417979773478,True
2023-12-07,2023,3,1.7618375736985887,True
2023-12-08,2023,0,1.436251085754269,False
2023-12-08,2023,1,1.5537414433039198,False
2023-12-08,2023,2,1.4568514410385403,False
2023-12-08,2023,3,2.5380303294846973,True
2023-12-11,2023,0,3.2811558205456306,True
2023-12-11,2023,1,1.5663955250813455,False
2023-12-11,2023,2,1.6997562678797742,False
2023-12-11,2023,3,1.685366019778877,False
2023-12-12,2023,0,1.693222728182946,False
2023-12-12,2023,1,1.4630059249488125,False
2023-12-12,2023,2,2.113033327797287,True
2023-12-12,2023,3,1.4093368221435698,False
2023-12-13,2023,0,2.225813533622621,True
2023-12-13,2023,1,1.5164564710763186,False
2023-12-13,2023,2,1.6320650704329704,False
2023-12-13,2023,3,1.2005422386000342,False
2023-12-14,2023,0,2.6394494847815455,True
2023-12-14,2023,1,1.3883606883883477,False
2023-12-14,2023,2,1.670760972370341,False
2023-12-14,2023,3,1.5137305012553377,False
2023-12-15,2023,0,1.6538540473915426,False
2023-12-15,2023,1,1.7002172853212456,False
2023-12-15,2023,2,1.848687600541614,True
2023-12-15,2023,3,1.5854353190310626,False
2023-12-18,2023,0,1.173878360486169,False
2023-12-18,2023,1,1.3532265258608356,False
2023-12-18,2023,2,1.542219754621322,False
2023-12-18,2023,3,1.731722452767611,False
2023-12-19,2023,0,2.0361234318626535,True
2023-12-19,2023,1,1.7015058012703617,False
2023-12-19,2023,2,1.3518133188268984,False
2023-12-19,2023,3,1.4203673857370318,False
2023-12-20,2023,0,1.5851660076906762,False
2023-12-20,2023,1,1.8474713212002254,True
2023-12-20,2023,2,1.9343292264628276,True
2023-12-20,2023,3,1.4406316764568152,False
2023-12-21,2023,0,1.8551878153394814,True
2023-12-21,2023,1,1.484633849166836,False
2023-12-21,2023,2,1.5202344602718634,False
2023-12-21,2023,3,1.9944773904506516,True
2023-12-22,2023,0,1.80963059612677,True
2023-12-22,2023,1,1.583951123730762,False
2023-12-22,2023,2,1.524509189623964,False
2023-12-22,2023,3,1.5337611817423957,False
2023-12-25,2023,0,1.8655246563116892,True
2023-12-25,2023,1,1.5726476985442748,False
2023-12-25,2023,2,1.2792682210342405,False
2023-12-25,2023,3,1.2757243435166479,False
2023-12-26,2023,0,1.5237403571253059,False
2023-12-26,2023,1,1.3115236203901646,False
2023-12-26,2023,2,1.6597368209502363,False
2023-12-26,2023,3,1.410659824691965,False
2023-12-27,2023,0,2.0581178790765096,True
2023-12-27,2023,1,1.324025277335589,False
2023-12-27,2023,2,1.400706035627492,False
2023-12-27,2023,3,1.4006719794691542,False
2023-12-28,2023,0,1.6956956001935126,False
2023-12-28,2023,1,1.240819993748378,False
2023-12-28,2023,2,1.3062083852024253,False
2023-12-28,2023,3,1.5193282842725013,False
2023-12-29,2023,0,1.8643317659814334,True
2023-12-29,2023,1,1.5604688245062044,False
2023-12-29,2023,2,1.5745469373045466,False
2023-12-29,2023,3,1.151599778359779,False
2024-01-02,2024,0,2.054845490402942,True
2024-01-02,2024,1,2.01425344099338,True
2024-01-02,2024,2,1.4501899300184502,False
2024-01-02,2024,3,1.3738780816621943,False
2024-01-03,2024,0,1.5211572516059957,False
2024-01-03,2024,1,1.6891882848967041,False
2024-01-03,2024,2,1.3955487576207595,False
2024-01-03,2024,3,1.7417416399904921,False
2024-01-04,2024,0,1.6321862907686688,False
2024-01-04,2024,1,1.2817423946901736,False
2024-01-04,2024,2,1.365523351142178,False
2024-01-04,2024,3,2.2436592473300196,True
2024-01-05,2024,0,1.369718937858295,False
2024-01-05,2024,1,1.3369615368377197,False
2024-01-05,2024,2,1.3350887681526586,False
2024-01-05,2024,3,1.3786498928224156,False
2024-01-08,2024,0,2.353760121730047,True
2024-01-08,2024,1,1.3495540686886267,False
2024-01-08,2024,2,1.7650419851973937,True
2024-01-08,2024,3,1.5717930738431807,False
2024-01-09,2024,0,1.8725777913301414,True
2024-01-09,2024,1,1.4406652976303216,False
2024-01-09,2024,2,1.5118108901229879,False
2024-01-09,2024,3,2.154654196660054,True
2024-01-10,2024,0,1.5224098964292314,False
2024-01-10,2024,1,1.5501301890812236,False
2024-01-10,2024,2,1.6487757740018925,False
2024-01-10,2024,3,1.44919162263113,False
2024-01-11,2024,0,1.5896754192395397,False
2024-01-11,2024,1,1.6007492328809303,False
2024-01-11,2024,2,1.462590963667084,False
2024-01-11,2024,3,2.2258417627438964,True
2024-01-12,2024,0,1.7575394116584944,False
2024-01-12,2024,1,1.5247299502107174,False
2024-01-12,2024,2,1.5567075956606007,False
2024-01-12,2024,3,1.4875207421980372,False
2024-01-15,2024,0,1.4716547702381555,False
2024-01-15,2024,1,1.4755184725371246,False
2024-01-15,2024,2,1.5710505345703023,False
2024-01-15,2024,3,1.2719137404764849,False
2024-01-16,2024,0,1.4520481330083073,False
2024-01-16,2024,1,1.3602225360546434,False
2024-01-16,2024,2,1.9108395730085443,True
2024-01-16,2024,3,1.8806223785482616,True
2024-01-17,2024,0,1.8233180826944184,True
2024-01-17,2024,1,1.2092199484356356,False
2024-01-17,2024,2,1.3217123477489618,False
2024-01-17,2024,3,1.319793045419149,False
2024-01-18,2024,0,2.0856107878492263,True
2024-01-18,2024,1,1.347056865692747,False
2024-01-18,2024,2,1.506838495242384,False
2024-01-18,2024,3,1.3759422055891275,False
2024-01-19,2024,0,1.3392458170360106,False
2024-01-19,2024,1,1.4333116582944168,False
2024-01-19,2024,2,1.4122708626115041,False
2024-01-19,2024,3,1.6665276625730232,False
2024-01-22,2024,0,1.3741301660640604,False
2024-01-22,2024,1,1.2704257450313394,False
2024-01-22,2024,2,1.587341116008832,False
2024-01-22,2024,3,1.6303705636504628,False
2024-01-23,2024,0,1.4882810751062483,False
2024-01-23,2024,1,1.3424632547153332,False
2024-01-23,2024,2,1.5139203730214934,False
2024-01-23,2024,3,1.7925483598861893,True
2024-01-24,2024,0,1.316938047961522,False
2024-01-24,2024,1,1.1774360000272899,False
2024-01-24,2024,2,1.3080326270893574,False
2024-01-24,2024,3,1.8167657549921732,True
2024-01-25,2024,0,1.357840226168148,False
2024-01-25,2024,1,1.4383807232211092,False
2024-01-25,2024,2,1.8039622258834496,True
2024-01-25,2024,3,1.4465102735473963,False
2024-01-26,2024,0,2.5445428450867458,True
2024-01-26,2024,1,1.2615828818285773,False
2024-01-26,2024,2,1.6205755467801453,False
2024-01-26,2024,3,1.5044592710627855,False
2024-01-29,2024,0,1.397022932904679,False
2024-01-29,2024,1,1.4194716360995026,False
2024-01-29,2024,2,1.3142856757462007,False
2024-01-29,2024,3,1.4836537486624788,False
2024-01-30,2024,0,1.8229759744506253,True
2024-01-30,2024,1,1.3800184764969907,False
2024-01-30,2024,2,1.859994050082622,True
2024-01-30,2024,3,1.581109847291544,False
2024-01-31,2024,0,1.4677900406336495,False
2024-01-31,2024,1,1.2466271645836118,False
2024-01-31,2024,2,1.5934241221958096,False
2024-01-31,2024,3,1.4777751700768973,False
2024-02-01,2024,0,1.515712692508016,False
2024-02-01,2024,1,1.5847186286213202,False
2024-02-01,2024,2,1.6881469050324929,False
2024-02-01,2024,3,1.5095934582699593,False
2024-02-02,2024,0,1.3115432269428582,False
2024-02-02,2024,1,1.2471028200743939,False
2024-02-02,2024,2,1.2501367900669138,False
2024-02-02,2024,3,1.8520339224664748,True
2024-02-05,2024,0,1.3835118848934596,False
2024-02-05,2024,1,1.5934861892290388,False
2024-02-05,2024,2,1.4479786885791388,False
2024-02-05,2024,3,1.450518602961467,False
2024-02-06,2024,0,1.881244626392418,True
2024-02-06,2024,1,1.3542131123588619,False
2024-02-06,2024,2,1.6887084921742734,False
2024-02-06,2024,3,1.4668888104550277,False
2024-02-07,2024,0,1.648013891142564,False
2024-02-07,2024,1,1.3442151832233973,False
2024-02-07,2024,2,1.5154829213613388,False
2024-02-07,2024,3,1.54020402894686,False
2024-02-08,2024,0,2.4262458942656835,True
2024-02-08,2024,1,1.8033333397510314,True
2024-02-08,2024,2,1.3995125950092153,False
2024-02-08,2024,3,1.8317082533057472,True
2024-02-19,2024,0,1.2914712665752939,False
2024-02-19,2024,1,1.5931109862555892,False
2024-02-19,2024,2,1.618323750279864,False
2024-02-19,2024,3,1.5341450089461839,False
2024-02-20,2024,0,2.4127227799413467,True
2024-02-20,2024,1,1.212432589957047,False
2024-02-20,2024,2,1.7547696562393402,False
2024-02-20,2024,3,1.4311698238714412,False
2024-02-21,2024,0,2.9056947624651253,True
2024-02-21,2024,1,1.5496711361182198,False
2024-02-21,2024,2,1.300868619693972,False
2024-02-21,2024,3,1.473680502088385,False
2024-02-22,2024,0,1.3951873215266783,False
2024-02-22,2024,1,1.3745428643761375,False
2024-02-22,2024,2,1.8026451602925486,True
2024-02-22,2024,3,1.5975420982281774,False
2024-02-23,2024,0,1.2164640780035187,False
2024-02-23,2024,1,1.6897851865600495,False
2024-02-23,2024,2,1.725936193679078,False
2024-02-23,2024,3,1.383793221475429,False
2024-02-26,2024,0,1.217305420748321,False
2024-02-26,2024,1,1.3543073391025666,False
2024-02-26,2024,2,1.4752204197006344,False
2024-02-26,2024,3,1.5512349255863493,False
2024-02-27,2024,0,1.5739480005067095,False
2024-02-27,2024,1,1.3746457599949071,False
2024-02-27,2024,2,1.3598310374564369,False
2024-02-27,2024,3,1.7063946467876216,False
2024-02-28,2024,0,1.3964551542100057,False
2024-02-28,2024,1,1.3325803588501755,False
2024-02-28,2024,2,1.2797440228016246,False
2024-02-28,2024,3,1.411575676935656,False
2024-02-29,2024,0,2.3929494404586635,True
2024-02-29,2024,1,1.3675577648605346,False
2024-02-29,2024,2,1.7117729643963553,False
2024-02-29,2024,3,1.3330812202193072,False
2024-03-01,2024,0,2.080585660557664,True
2024-03-01,2024,1,1.3060071364512873,False
2024-03-01,2024,2,1.6610341963866313,False
2024-03-01,2024,3,1.920356931776658,True
2024-03-04,2024,0,1.3219360389883288,False
2024-03-04,2024,1,2.037135124180311,True
2024-03-04,2024,2,1.5696407514539297,False
2024-03-04,2024,3,1.6465348325213263,False
2024-03-05,2024,0,1.4673044746852735,False
2024-03-05,2024,1,1.5634880307710253,False
2024-03-05,2024,2,1.606292326181955,False
2024-03-05,2024,3,1.5225457773051119,False
2024-03-06,2024,0,1.7296968624793883,False
2024-03-06,2024,1,1.5243763085799813,False
2024-03-06,2024,2,1.6502724803838578,False
2024-03-06,2024,3,1.6972035972977668,False
2024-03-07,2024,0,1.4227729362791315,False
2024-03-07,2024,1,1.5972197168743212,False
2024-03-07,2024,2,1.2172198488044026,False
2024-03-07,2024,3,1.2994703011599447,False
2024-03-08,2024,0,1.4940001051868885,False
2024-03-08,2024,1,1.5197121584963682,False
2024-03-08,2024,2,1.2425592919206152,False
2024-03-08,2024,3,1.592232831424819,False
2024-03-11,2024,0,1.2900326696455497,False
2024-03-11,2024,1,1.381859587257638,False
2024-03-11,2024,2,1.4741049607944297,False
2024-03-11,2024,3,1.6173734427901705,False
2024-03-12,2024,0,1.4339408471029724,False
2024-03-12,2024,1,1.797355503698643,True
2024-03-12,2024,2,1.4324079937997944,False
2024-03-12,2024,3,1.7637303935077402,True
2024-03-13,2024,0,1.5167736988265266,False
2024-03-13,2024,1,1.456322384042005,False
2024-03-13,2024,2,1.4832937874818894,False
2024-03-13,2024,3,1.7869885002967945,True
2024-03-14,2024,0,1.7230988261249058,False
2024-03-14,2024,1,1.7499442218071566,False
2024-03-14,2024,2,1.5150801726989036,False
2024-03-14,2024,3,1.875577621771198,True
2024-03-15,2024,0,1.4618401988779124,False
2024-03-15,2024,1,1.2911262475328569,False
2024-03-15,2024,2,1.7930057371906496,True
2024-03-15,2024,3,1.6914358756143943,False
2024-03-18,2024,0,1.3886998106611455,False
2024-03-18,2024,1,1.2782110185075004,False
2024-03-18,2024,2,1.6618152699855109,False
2024-03-18,2024,3,1.57056627374302,False
2024-03-19,2024,0,1.5108116158361633,False
2024-03-19,2024,1,1.3082060485770841,False
2024-03-19,2024,2,1.788023568459365,True
2024-03-19,2024,3,1.457540963277068,False
2024-03-20,2024,0,1.3383212816375074,False
2024-03-20,2024,1,1.1729337745121147,False
2024-03-20,2024,2,1.4044125909083351,False
2024-03-20,2024,3,1.5696549798234627,False
2024-03-21,2024,0,2.7367338871064675,True
2024-03-21,2024,1,2.421782582398773,True
2024-03-21,2024,2,1.8868458248495703,True
2024-03-21,2024,3,1.3630084593505996,False
2024-03-22,2024,0,1.3259493123231025,False
2024-03-22,2024,1,1.4383816350573704,False
2024-03-22,2024,2,1.5733979754913214,False
2024-03-22,2024,3,1.222261153032184,False
2024-03-25,2024,0,1.8353487342579162,True
2024-03-25,2024,1,1.7467265027400314,False
2024-03-25,2024,2,1.3958896285906857,False
2024-03-25,2024,3,1.3755520152488174,False
2024-03-26,2024,0,1.5074115674416626,False
2024-03-26,2024,1,1.5371127129828286,False
2024-03-26,2024,2,1.4800118080119768,False
2024-03-26,2024,3,1.6162805792583292,False
2024-03-27,2024,0,1.6849115197742859,False
2024-03-27,2024,1,1.4509619296939447,False
2024-03-27,2024,2,1.9238995703729276,True
2024-03-27,2024,3,1.277390245711496,False
2024-03-28,2024,0,1.4398535107878458,False
2024-03-28,2024,1,1.5872661388632912,False
2024-03-28,2024,2,1.3520469260808747,False
2024-03-28,2024,3,1.7092056569825038,False
2024-03-29,2024,0,1.3632809518870574,False
2024-03-29,2024,1,2.197413831538745,True
2024-03-29,2024,2,2.1891984763886327,True
2024-03-29,2024,3,1.3697136875440339,False
2024-04-01,2024,0,1.7423454280228274,False
2024-04-01,2024,1,1.4493385672826093,False
2024-04-01,2024,2,1.8484369586173723,True
2024-04-01,2024,3,1.276024696805126,False
2024-04-02,2024,0,1.872439092211559,True
2024-04-02,2024,1,1.6735149681470531,False
2024-04-02,2024,2,1.3171216575559888,False
2024-04-02,2024,3,1.6104000565041918,False
2024-04-03,2024,0,1.541938677913403,False
2024-04-03,2024,1,1.453762066480507,False
2024-04-03,2024,2,1.426249621817536,False
2024-04-03,2024,3,1.3601828252764763,False
2024-04-08,2024,0,1.9994820224855006,True
2024-04-08,2024,1,1.344540144897233,False
2024-04-08,2024,2,1.5135001753425144,False
2024-04-08,2024,3,1.451904823747919,False
2024-04-09,2024,0,1.4418544252695982,False
2024-04-09,2024,1,1.598786275894736,False
2024-04-09,2024,2,1.8036852658603193,True
2024-04-09,2024,3,1.62011236180341,False
2024-04-10,2024,0,2.7634014573422974,True
2024-04-10,2024,1,1.36152454889172,False
2024-04-10,2024,2,1.2884545302320645,False
2024-04-10,2024,3,1.4683627787585485,False
2024-04-11,2024,0,2.8958233044134105,True
2024-04-11,2024,1,1.429046842682422,False
2024-04-11,2024,2,1.321423757326368,False
2024-04-11,2024,3,1.2008639121715217,False
2024-04-12,2024,0,2.045065515480468,True
2024-04-12,2024,1,1.623301118734098,False
2024-04-12,2024,2,1.1807681673747572,False
2024-04-12,2024,3,1.251910738397286,False
2024-04-15,2024,0,1.5608605310510169,False
2024-04-15,2024,1,1.4377291991890155,False
2024-04-15,2024,2,1.4084254192688337,False
2024-04-15,2024,3,1.7249336950713936,False
2024-04-16,2024,0,1.6968439115767204,False
2024-04-16,2024,1,1.8662088810125335,True
2024-04-16,2024,2,1.7686637491891073,True
2024-04-16,2024,3,1.3194680674494228,False
2024-04-17,2024,0,3.0221321733234525,True
2024-04-17,2024,1,1.2265816654461603,False
2024-04-17,2024,2,1.3538826088878637,False
2024-04-17,2024,3,1.50650602389743,False
2024-04-18,2024,0,2.4230733014011014,True
2024-04-18,2024,1,1.3643728433509537,False
2024-04-18,2024,2,1.4157319983179508,False
2024-04-18,2024,3,1.335377096391942,False
2024-04-19,2024,0,2.058995965131662,True
2024-04-19,2024,1,1.6381348499423556,False
2024-04-19,2024,2,1.723325122432344,False
2024-04-19,2024,3,1.4180615639284482,False
2024-04-22,2024,0,2.0401703906880075,True
2024-04-22,2024,1,1.4405295419567006,False
2024-04-22,2024,2,1.377480448790518,False
2024-04-22,2024,3,1.459702011750927,False
2024-04-23,2024,0,1.3317450360811482,False
2024-04-23,2024,1,1.6740372084493356,False
2024-04-23,2024,2,1.2953891521389609,False
2024-04-23,2024,3,1.6429122360979997,False
2024-04-24,2024,0,1.7109464661480567,False
2024-04-24,2024,1,1.3277577758249068,False
2024-04-24,2024,2,1.4608818770068437,False
2024-04-24,2024,3,1.4322008436960478,False
2024-04-25,2024,0,1.371779582742317,False
2024-04-25,2024,1,1.3955534514422563,False
2024-04-25,2024,2,1.531815443069228,False
2024-04-25,2024,3,2.1740716382482064,True
2024-04-26,2024,0,1.5329979970868277,False
2024-04-26,2024,1,1.1957749164891887,False
2024-04-26,2024,2,1.7756714342130786,True
2024-04-26,2024,3,1.5196368795810613,False
2024-04-29,2024,0,1.6081446520158609,False
2024-04-29,2024,1,1.5099333977104807,False
2024-04-29,2024,2,1.6253957636902574,False
2024-04-29,2024,3,1.5695769777798998,False
2024-04-30,2024,0,1.5942195113346207,False
2024-04-30,2024,1,1.5125565284314895,False
2024-04-30,2024,2,1.3914235558816757,False
2024-04-30,2024,3,1.4590318493652488,False
2024-05-06,2024,0,2.744528567041233,True
2024-05-06,2024,1,1.2673335908275294,False
2024-05-06,2024,2,1.5001151982316485,False
2024-05-06,2024,3,1.4646172877639467,False
2024-05-07,2024,0,1.9645111283951615,True
2024-05-07,2024,1,1.2092223750959472,False
2024-05-07,2024,2,1.7924876878275062,True
2024-05-07,2024,3,1.4838544974514214,False
2024-05-08,2024,0,1.721789271590649,False
2024-05-08,2024,1,1.8609333008749782,True
2024-05-08,2024,2,1.697571110705625,False
2024-05-08,2024,3,1.9286673018803324,True
2024-05-09,2024,0,1.928662944411499,True
2024-05-09,2024,1,1.2824130753799834,False
2024-05-09,2024,2,1.5566420093585285,False
2024-05-09,2024,3,1.5372267478044714,False
2024-05-10,2024,0,2.014508592462848,True
2024-05-10,2024,1,1.616451330087058,False
2024-05-10,2024,2,1.441396750012454,False
2024-05-10,2024,3,1.95512837154212,True
2024-05-13,2024,0,2.123438302747185,True
2024-05-13,2024,1,1.1671198189351852,False
2024-05-13,2024,2,1.3049202153269974,False
2024-05-13,2024,3,1.823160876868989,True
2024-05-14,2024,0,1.5637994285886465,False
2024-05-14,2024,1,1.4651160674714634,False
2024-05-14,2024,2,1.4080129908155963,False
2024-05-14,2024,3,1.4533957724298237,False
2024-05-15,2024,0,1.7991710174902364,True
2024-05-15,2024,1,1.3042420822758283,False
2024-05-15,2024,2,1.4178323268333664,False
2024-05-15,2024,3,1.4984463027798514,False
2024-05-16,2024,0,1.427770934059104,False
2024-05-16,2024,1,1.2468181775695497,False
2024-05-16,2024,2,1.4523764356879236,False
2024-05-16,2024,3,2.1603558466649972,True
2024-05-17,2024,0,1.292369655417216,False
2024-05-17,2024,1,1.5203121679200085,False
2024-05-17,2024,2,1.6664881439254275,False
2024-05-17,2024,3,1.4158580510937238,False
2024-05-20,2024,0,1.718848887995721,False
2024-05-20,2024,1,1.6516997332985448,False
2024-05-20,2024,2,1.3929690008900062,False
2024-05-20,2024,3,1.7521545173954582,False
2024-05-21,2024,0,1.8581398669562397,True
2024-05-21,2024,1,1.3720633519640164,False
2024-05-21,2024,2,1.4070046586570086,False
2024-05-21,2024,3,1.1794965709355125,False
2024-05-22,2024,0,1.5570012949176817,False
2024-05-22,2024,1,1.415935471330916,False
2024-05-22,2024,2,1.5405849996892016,False
2024-05-22,2024,3,1.6551140060451877,False
2024-05-23,2024,0,1.7546842626874974,False
2024-05-23,2024,1,2.0259690942156476,True
2024-05-23,2024,2,1.2621513052734448,False
2024-05-23,2024,3,1.5483755494049738,False
2024-05-24,2024,0,1.5244219888414308,False
2024-05-24,2024,1,1.2804508330454383,False
2024-05-24,2024,2,1.4643228389119158,False
2024-05-24,2024,3,1.8525390589309434,True
2024-05-27,2024,0,2.3050207680033936,True
2024-05-27,2024,1,1.4278022955684597,False
2024-05-27,2024,2,2.14005661045668,True
2024-05-27,2024,3,2.144350217490867,True
2024-05-28,2024,0,1.7807239239663628,True
2024-05-28,2024,1,1.3855091330352327,False
2024-05-28,2024,2,1.5854557953966077,False
2024-05-28,2024,3,1.5713408278889538,False
2024-05-29,2024,0,2.716522792817425,True
2024-05-29,2024,1,1.6934340487612223,False
2024-05-29,2024,2,1.452757513534013,False
2024-05-29,2024,3,1.3169199442214183,False
2024-05-30,2024,0,1.3466986852246614,False
2024-05-30,2024,1,1.5000088127121345,False
2024-05-30,2024,2,1.4119030642409651,False
2024-05-30,2024,3,1.3971298846186078,False
2024-05-31,2024,0,1.2889380156398176,False
2024-05-31,2024,1,1.146299110322315,False
2024-05-31,2024,2,1.3127870991522403,False
2024-05-31,2024,3,1.7340949752809385,False
2024-06-03,2024,0,1.4745225609156487,False
2024-06-03,2024,1,1.5522474904674284,False
2024-06-03,2024,2,1.4300814960764479,False
2024-06-03,2024,3,1.579319805802072,False
2024-06-04,2024,0,1.888502574902847,True
2024-06-04,2024,1,1.7707002480101568,True
2024-06-04,2024,2,1.7438749327894785,False
2024-06-04,2024,3,1.5404277830827575,False
2024-06-05,2024,0,1.354485174576122,False
2024-06-05,2024,1,1.2210134119348446,False
2024-06-05,2024,2,2.1578468836745954,True
2024-06-05,2024,3,1.3603869961243975,False
2024-06-06,2024,0,1.7087742999451752,False
2024-06-06,2024,1,1.447434334907652,False
2024-06-06,2024,2,1.4493209657769852,False
2024-06-06,2024,3,1.5619885216384355,False
2024-06-07,2024,0,1.5825272729019746,False
2024-06-07,2024,1,1.3335831225509858,False
2024-06-07,2024,2,1.5972715564283462,False
2024-06-07,2024,3,1.5753037450970968,False
2024-06-11,2024,0,1.3447064436487781,False
2024-06-11,2024,1,1.4120827586742346,False
2024-06-11,2024,2,2.0652767030311336,True
2024-06-11,2024,3,1.3505956847079428,False
2024-06-12,2024,0,2.0491858151664695,True
2024-06-12,2024,1,1.5410334262919059,False
2024-06-12,2024,2,1.16847007638032,False
2024-06-12,2024,3,1.3993412176239335,False
2024-06-13,2024,0,1.6803961159546739,False
2024-06-13,2024,1,1.6461818858351855,False
2024-06-13,2024,2,1.4557993696504044,False
2024-06-13,2024,3,1.5793066101875555,False
2024-06-14,2024,0,1.496780615711713,False
2024-06-14,2024,1,1.5431441664038337,False
2024-06-14,2024,2,1.6419584586576685,False
2024-06-14,2024,3,1.1689707422631261,False
2024-06-17,2024,0,1.4913623606115176,False
2024-06-17,2024,1,1.5296102196078887,False
2024-06-17,2024,2,1.3900727603919767,False
2024-06-17,2024,3,1.3772953178076748,False
2024-06-18,2024,0,1.6034666703984233,False
2024-06-18,2024,1,1.2300792873795072,False
2024-06-18,2024,2,1.5688490233915515,False
2024-06-18,2024,3,1.579148540547612,False
2024-06-19,2024,0,1.8813517363978118,True
2024-06-19,2024,1,1.4423420556608053,False
2024-06-19,2024,2,1.672245479746735,False
2024-06-19,2024,3,1.5214017626288474,False
2024-06-20,2024,0,1.483086831402409,False
2024-06-20,2024,1,1.420165228952658,False
2024-06-20,2024,2,1.4430815514521769,False
2024-06-20,2024,3,1.2682620248090803,False
2024-06-21,2024,0,2.8483508322388857,True
2024-06-21,2024,1,1.3181282423869871,False
2024-06-21,2024,2,1.6477111073898603,False
2024-06-21,2024,3,1.6404845834940396,False
2024-06-24,2024,0,1.6021190057482495,False
2024-06-24,2024,1,1.5435555900572289,False
2024-06-24,2024,2,1.399677178070791,False
2024-06-24,2024,3,1.542213061889389,False
2024-06-25,2024,0,1.4347279525251384,False
2024-06-25,2024,1,1.3419024990143866,False
2024-06-25,2024,2,1.484679958799973,False
2024-06-25,2024,3,1.3402177432687343,False
2024-06-26,2024,0,1.7204716231492465,False
2024-06-26,2024,1,1.3811662273302472,False
2024-06-26,2024,2,2.010261958043332,True
2024-06-26,2024,3,1.4157597565816153,False
2024-06-27,2024,0,2.1913899019796084,True
2024-06-27,2024,1,1.451316021041219,False
2024-06-27,2024,2,1.676400256056445,False
2024-06-27,2024,3,1.6336464367471575,False
2024-06-28,2024,0,1.6877890795162076,False
2024-06-28,2024,1,1.483928434724347,False
2024-06-28,2024,2,1.7706411891136316,True
2024-06-28,2024,3,1.5538208666046933,False
2024-07-01,2024,0,1.694953758067068,False
2024-07-01,2024,1,1.2616372037109242,False
2024-07-01,2024,2,2.312542750616535,True
2024-07-01,2024,3,2.3909530268004757,True
2024-07-02,2024,0,1.3715566305604885,False
2024-07-02,2024,1,1.9020585550994482,True
2024-07-02,2024,2,1.397610757325118,False
2024-07-02,2024,3,1.6112722876782135,False
2024-07-03,2024,0,1.5834168668860586,False
2024-07-03,2024,1,1.5114065014126707,False
2024-07-03,2024,2,1.6948133754726977,False
2024-07-03,2024,3,1.3478050197020301,False
2024-07-04,2024,0,1.4531587323084774,False
2024-07-04,2024,1,1.3384883433265236,False
2024-07-04,2024,2,1.69899951782752,False
2024-07-04,2024,3,1.2760883277748511,False
2024-07-05,2024,0,1.5806659007062676,False
2024-07-05,2024,1,1.4724719711104028,False
2024-07-05,2024,2,1.796227512709345,True
2024-07-05,2024,3,1.2284013566422631,False
2024-07-08,2024,0,2.1904152853286916,True
2024-07-08,2024,1,1.6609118722309821,False
2024-07-08,2024,2,1.3915627731207412,False
2024-07-08,2024,3,1.4674382094119405,False
2024-07-09,2024,0,1.9330945089269254,True
2024-07-09,2024,1,1.3120155922004004,False
2024-07-09,2024,2,1.1875957252688496,False
2024-07-09,2024,3,1.6012590458488198,False
2024-07-10,2024,0,2.178494808044128,True
2024-07-10,2024,1,1.5208744317456333,False
2024-07-10,2024,2,1.7525285396950991,False
2024-07-10,2024,3,1.690491100193538,False
2024-07-11,2024,0,2.2214586434036114,True
2024-07-11,2024,1,1.5738814511936048,False
2024-07-11,2024,2,1.3424005745727956,False
2024-07-11,2024,3,1.3050372211495345,False
2024-07-12,2024,0,1.5454783276615962,False
2024-07-12,2024,1,1.5226295398380492,False
2024-07-12,2024,2,1.290752648854398,False
2024-07-12,2024,3,1.5803634148819612,False
2024-07-15,2024,0,1.444236879448711,False
2024-07-15,2024,1,1.4891423973232005,False
2024-07-15,2024,2,1.4066280244079166,False
2024-07-15,2024,3,1.4601749152847066,False
2024-07-16,2024,0,1.3978299223805741,False
2024-07-16,2024,1,1.4959460391126629,False
2024-07-16,2024,2,1.3781872316751451,False
2024-07-16,2024,3,1.4506195169430762,False
2024-07-17,2024,0,1.1711009228515243,False
2024-07-17,2024,1,1.8183317244220012,True
2024-07-17,2024,2,1.9015941127352327,True
2024-07-17,2024,3,1.765547003483285,True
2024-07-18,2024,0,1.8453243616418902,True
2024-07-18,2024,1,1.7199600797393804,False
2024-07-18,2024,2,1.4622500943323364,False
2024-07-18,2024,3,1.3739301298668962,False
2024-07-19,2024,0,1.3839677273485194,False
2024-07-19,2024,1,1.634334865259009,False
2024-07-19,2024,2,1.4895019574702824,False
2024-07-19,2024,3,1.7526871113162734,False
2024-07-22,2024,0,1.303284594939949,False
2024-07-22,2024,1,1.3141534557273622,False
2024-07-22,2024,2,1.6799570461512243,False
2024-07-22,2024,3,1.4454429142584175,False
2024-07-23,2024,0,2.1737808619225034,True
2024-07-23,2024,1,1.437010045614439,False
2024-07-23,2024,2,1.5541207910162171,False
2024-07-23,2024,3,1.487165168428274,False
2024-07-24,2024,0,1.5350821938866066,False
2024-07-24,2024,1,1.5117379854337303,False
2024-07-24,2024,2,1.9256722925250154,True
2024-07-24,2024,3,1.2853618225320074,False
2024-07-25,2024,0,1.8248977702294387,True
2024-07-25,2024,1,2.454595590333464,True
2024-07-25,2024,2,1.4058273847801621,False
2024-07-25,2024,3,1.344322967062108,False
2024-07-26,2024,0,1.637733759663913,False
2024-07-26,2024,1,1.2007388459907955,False
2024-07-26,2024,2,1.6783870462138257,False
2024-07-26,2024,3,1.6818421329339828,False
2024-07-29,2024,0,1.3697889094404394,False
2024-07-29,2024,1,1.3869151695017183,False
2024-07-29,2024,2,1.4383165529115907,False
2024-07-29,2024,3,1.5697216657263298,False
2024-07-30,2024,0,2.8855416957182234,True
2024-07-30,2024,1,2.674820658407381,True
2024-07-30,2024,2,1.734377285077301,False
2024-07-30,2024,3,1.817909294741219,True
2024-07-31,2024,0,1.3365627775457383,False
2024-07-31,2024,1,1.5179537306028084,False
2024-07-31,2024,2,1.4392032207116707,False
2024-07-31,2024,3,1.4169748822999013,False
2024-08-01,2024,0,1.5015802030779877,False
2024-08-01,2024,1,1.3360390271814118,False
2024-08-01,2024,2,1.4951670933600805,False
2024-08-01,2024,3,1.6258311757819806,False
2024-08-02,2024,0,1.8189506558119473,True
2024-08-02,2024,1,1.4505143140265901,False
2024-08-02,2024,2,1.6431324403840877,False
2024-08-02,2024,3,1.7836470255192631,True
2024-08-05,2024,0,1.7452075998730923,False
2024-08-05,2024,1,2.108643162983559,True
2024-08-05,2024,2,1.2909807307450347,False
2024-08-05,2024,3,1.6635599480128125,False
2024-08-06,2024,0,1.9838993947464827,True
2024-08-06,2024,1,1.7973648939820406,True
2024-08-06,2024,2,1.605612682007248,False
2024-08-06,2024,3,2.1674494125723642,True
2024-08-07,2024,0,1.305147058310803,False
2024-08-07,2024,1,1.6204162286100412,False
2024-08-07,2024,2,1.7844150963467071,True
2024-08-07,2024,3,1.7706403418799515,True
2024-08-08,2024,0,1.9849376168182968,True
2024-08-08,2024,1,1.4903431990381586,False
2024-08-08,2024,2,1.3521521319078729,False
2024-08-08,2024,3,1.3649670709177575,False
2024-08-09,2024,0,1.6729454730885325,False
2024-08-09,2024,1,1.163263534432279,False
2024-08-09,2024,2,1.4095040272172434,False
2024-08-09,2024,3,1.3596658662386991,False
2024-08-12,2024,0,1.375583515074966,False
2024-08-12,2024,1,1.2162919258515041,False
2024-08-12,2024,2,2.1963489910397658,True
2024-08-12,2024,3,1.4470620389408257,False
2024-08-13,2024,0,2.0892671562070873,True
2024-08-13,2024,1,1.6038609311200642,False
2024-08-13,2024,2,1.3762646444782864,False
2024-08-13,2024,3,1.643571898661078,False
2024-08-14,2024,0,1.7301748722822847,False
2024-08-14,2024,1,1.5311120767647932,False
2024-08-14,2024,2,1.44404672995962,False
2024-08-14,2024,3,1.5226510588169393,False
2024-08-15,2024,0,1.359363303856629,False
2024-08-15,2024,1,1.570153246026309,False
2024-08-15,2024,2,1.4042565499927238,False
2024-08-15,2024,3,1.9366648133409483,True
2024-08-16,2024,0,1.3670198402109675,False
2024-08-16,2024,1,1.5207973274800288,False
2024-08-16,2024,2,1.9249444615800317,True
2024-08-16,2024,3,1.5214736428250444,False
2024-08-19,2024,0,1.7686961160218415,True
2024-08-19,2024,1,1.143121912240545,False
2024-08-19,2024,2,1.23771450418163,False
2024-08-19,2024,3,1.6671573342060604,False
2024-08-20,2024,0,1.4373901516842797,False
2024-08-20,2024,1,1.3689299866506959,False
2024-08-20,2024,2,1.5549323381136204,False
2024-08-20,2024,3,1.5787559475485535,False
2024-08-21,2024,0,1.2714747515096507,False
2024-08-21,2024,1,1.4643883465631817,False
2024-08-21,2024,2,1.4757590347919805,False
2024-08-21,2024,3,1.631816577868696,False
2024-08-22,2024,0,1.8824299717743005,True
2024-08-22,2024,1,1.8445417829460162,True
2024-08-22,2024,2,1.2791007546112243,False
2024-08-22,2024,3,2.006315304023881,True
2024-08-23,2024,0,1.6594494610787642,False
2024-08-23,2024,1,1.5008461931861472,False
2024-08-23,2024,2,1.8774133689053545,True
2024-08-23,2024,3,1.584594529176763,False
2024-08-26,2024,0,1.78523339423208,True
2024-08-26,2024,1,2.175293282258778,True
2024-08-26,2024,2,1.5777608878332137,False
2024-08-26,2024,3,1.9646934275744776,True
2024-08-27,2024,0,2.3491787311180428,True
2024-08-27,2024,1,2.063896079289879,True
2024-08-27,2024,2,2.3929538016086185,True
2024-08-27,2024,3,1.6308725942422955,False
2024-08-28,2024,0,1.6488601698538345,False
2024-08-28,2024,1,1.689298911078924,False
2024-08-28,2024,2,1.5362490321638682,False
2024-08-28,2024,3,1.3903478623034868,False
2024-08-29,2024,0,2.265187322323903,True
2024-08-29,2024,1,1.51719380799997,False
2024-08-29,2024,2,1.8086162238889172,True
2024-08-29,2024,3,1.7927250325743833,True
2024-08-30,2024,0,1.7460376764971355,False
2024-08-30,2024,1,1.6450299830513202,False
2024-08-30,2024,2,1.2744944538741219,False
2024-08-30,2024,3,1.5629504315674716,False
2024-09-02,2024,0,2.1136447484435434,True
2024-09-02,2024,1,1.2599529782810295,False
2024-09-02,2024,2,1.5599314320048128,False
2024-09-02,2024,3,1.339005897239087,False
2024-09-03,2024,0,1.4148366304651716,False
2024-09-03,2024,1,1.3345454334044469,False
2024-09-03,2024,2,3.085487395062727,True
2024-09-03,2024,3,1.6011169670684926,False
2024-09-04,2024,0,1.937250416106291,True
2024-09-04,2024,1,1.9729888306334296,True
2024-09-04,2024,2,1.6122377980124902,False
2024-09-04,2024,3,1.4955219154834918,False
2024-09-05,2024,0,1.9456428207769576,True
2024-09-05,2024,1,2.660435925207603,True
2024-09-05,2024,2,1.5314983820006591,False
2024-09-05,2024,3,1.5118074525427982,False
2024-09-06,2024,0,1.753865839907297,False
2024-09-06,2024,1,1.4439223506700343,False
2024-09-06,2024,2,2.0839701936395256,True
2024-09-06,2024,3,1.4838164829609133,False
2024-09-09,2024,0,1.5800259044910328,False
2024-09-09,2024,1,1.5675750952951437,False
2024-09-09,2024,2,1.5599547375878795,False
2024-09-09,2024,3,1.7954115003099427,True
2024-09-10,2024,0,1.3836774584557219,False
2024-09-10,2024,1,1.4287411304763862,False
2024-09-10,2024,2,1.7699121743819088,True
2024-09-10,2024,3,1.7702988580722783,True
2024-09-11,2024,0,1.5978230113949639,False
2024-09-11,2024,1,1.464721567705815,False
2024-09-11,2024,2,1.8801670970899451,True
2024-09-11,2024,3,1.4991759929005641,False
2024-09-12,2024,0,2.5523539862333133,True
2024-09-12,2024,1,1.3626647465513468,False
2024-09-12,2024,2,1.3684035666896324,False
2024-09-12,2024,3,1.9101116709983106,True
2024-09-13,2024,0,1.8033886321808392,True
2024-09-13,2024,1,1.1941663538806697,False
2024-09-13,2024,2,1.509811961254673,False
2024-09-13,2024,3,2.758321059010526,True
2024-09-18,2024,0,1.8840139155089535,True
2024-09-18,2024,1,1.6394465503377833,False
2024-09-18,2024,2,1.5441530359165676,False
2024-09-18,2024,3,1.2522676057057798,False
2024-09-19,2024,0,1.2405403718861114,False
2024-09-19,2024,1,1.492446097498748,False
2024-09-19,2024,2,2.1868257256987187,True
2024-09-19,2024,3,1.4842949951333477,False
2024-09-20,2024,0,1.4886600304853868,False
2024-09-20,2024,1,1.323488882295661,False
2024-09-20,2024,2,1.8289715622038203,True
2024-09-20,2024,3,1.3959867368357979,False
2024-09-23,2024,0,1.4068111099728406,False
2024-09-23,2024,1,1.5542093499034821,False
2024-09-23,2024,2,1.3602579051981392,False
2024-09-23,2024,3,1.581974362363215,False
2024-09-24,2024,0,2.0994124134955228,True
2024-09-24,2024,1,1.7628625503291082,True
2024-09-24,2024,2,2.037104356749798,True
2024-09-24,2024,3,1.4231307559790658,False
2024-09-25,2024,0,1.7686452490777889,True
2024-09-25,2024,1,1.7067823134967175,False
2024-09-25,2024,2,1.2334901371658213,False
2024-09-25,2024,3,1.843272203384727,True
2024-09-26,2024,0,1.3856958400119055,False
2024-09-26,2024,1,1.2131353985196058,False
2024-09-26,2024,2,1.42064722355444,False
2024-09-26,2024,3,1.295247594984558,False
2024-09-27,2024,0,2.7782360102506862,True
2024-09-27,2024,1,5.241427641090239,True
2024-09-27,2024,2,1.8860436402765153,True
2024-09-27,2024,3,1.3775450636540316,False
2024-09-30,2024,0,3.6636882190559246,True
2024-09-30,2024,1,1.3264248371413074,False
2024-09-30,2024,2,1.7085606852763473,False
2024-09-30,2024,3,2.334778126674669,True
2024-10-08,2024,0,6.323711179548538,True
2024-10-08,2024,1,1.9197359043024391,True
2024-10-08,2024,2,1.1563072572015003,False
2024-10-08,2024,3,1.805561656259268,True
2024-10-09,2024,0,1.7273025619288302,False
2024-10-09,2024,1,1.3723933156404473,False
2024-10-09,2024,2,1.4910371128953008,False
2024-10-09,2024,3,1.2719654442547201,False
2024-10-10,2024,0,1.490673042826004,False
2024-10-10,2024,1,1.6029515930960876,False
2024-10-10,2024,2,1.601783067902303,False
2024-10-10,2024,3,1.3663492620019482,False
2024-10-11,2024,0,1.5328076558283925,False
2024-10-11,2024,1,1.863174056478975,True
2024-10-11,2024,2,1.4705384421298848,False
2024-10-11,2024,3,1.8432350124723607,True
2024-10-14,2024,0,1.3945900743797246,False
2024-10-14,2024,1,1.4751950198654697,False
2024-10-14,2024,2,1.1316824222414845,False
2024-10-14,2024,3,1.4988783110530324,False
2024-10-15,2024,0,1.3010968180243399,False
2024-10-15,2024,1,1.3926801354079918,False
2024-10-15,2024,2,1.7989988907482517,True
2024-10-15,2024,3,1.5046936901863794,False
2024-10-16,2024,0,1.6200218093800447,False
2024-10-16,2024,1,1.4809351932346884,False
2024-10-16,2024,2,1.3643746930662868,False
2024-10-16,2024,3,1.483343244988944,False
2024-10-17,2024,0,1.8317106125322018,True
2024-10-17,2024,1,1.423402234088257,False
2024-10-17,2024,2,1.7953765872063199,True
2024-10-17,2024,3,1.902235512065995,True
2024-10-18,2024,0,1.187462243635553,False
2024-10-18,2024,1,1.6949459738537422,False
2024-10-18,2024,2,1.77974043755995,True
2024-10-18,2024,3,1.5227383703396595,False
2024-10-21,2024,0,2.0160010315673764,True
2024-10-21,2024,1,1.5486495064190575,False
2024-10-21,2024,2,1.1962202167349414,False
2024-10-21,2024,3,1.4277312594585867,False
2024-10-22,2024,0,1.3679139240113194,False
2024-10-22,2024,1,1.9450936916637895,True
2024-10-22,2024,2,1.981176437698659,True
2024-10-22,2024,3,1.8573460682248997,True
2024-10-23,2024,0,1.4934467437259424,False
2024-10-23,2024,1,1.5752220275926934,False
2024-10-23,2024,2,1.5425290473845912,False
2024-10-23,2024,3,1.3986768286522575,False
2024-10-24,2024,0,2.351210125513324,True
2024-10-24,2024,1,1.4671636147355287,False
2024-10-24,2024,2,1.7419403326673935,False
2024-10-24,2024,3,1.6166456963731817,False
2024-10-25,2024,0,1.6598768834812576,False
2024-10-25,2024,1,1.6327661575382002,False
2024-10-25,2024,2,1.7843471736831586,True
2024-10-25,2024,3,1.7787645540332413,True
2024-10-28,2024,0,1.7169413973265508,False
2024-10-28,2024,1,1.5057030629371617,False
2024-10-28,2024,2,1.2971025968197514,False
2024-10-28,2024,3,1.6144582341161335,False
2024-10-29,2024,0,1.4761517903106258,False
2024-10-29,2024,1,1.534058084506914,False
2024-10-29,2024,2,1.2165129302314532,False
2024-10-29,2024,3,1.3943061726777,False
2024-10-30,2024,0,1.5070887504607309,False
2024-10-30,2024,1,1.413847674643994,False
2024-10-30,2024,2,1.3753715372055328,False
2024-10-30,2024,3,1.678848812739488,False
2024-10-31,2024,0,1.6869323085726424,False
2024-10-31,2024,1,1.5438892808995366,False
2024-10-31,2024,2,1.7285519293334894,False
2024-10-31,2024,3,1.8258262459510688,True
2024-11-01,2024,0,1.39502561044663,False
2024-11-01,2024,1,1.5786662417674144,False
2024-11-01,2024,2,1.8255927706562416,True
2024-11-01,2024,3,1.4634024827622116,False
2024-11-04,2024,0,1.435968020902534,False
2024-11-04,2024,1,1.6276540455547082,False
2024-11-04,2024,2,1.5927700883852927,False
2024-11-04,2024,3,1.4917619114474592,False
2024-11-05,2024,0,1.644051146975014,False
2024-11-05,2024,1,1.4530461975688944,False
2024-11-05,2024,2,1.958848889248035,True
2024-11-05,2024,3,1.6916246868829194,False
2024-11-06,2024,0,1.2984372071329922,False
2024-11-06,2024,1,1.1834988756108968,False
2024-11-06,2024,2,1.5982771960872988,False
2024-11-06,2024,3,1.7130482079640683,False
2024-11-07,2024,0,1.4211243888372669,False
2024-11-07,2024,1,1.8597014296576202,True
2024-11-07,2024,2,1.4259972517229929,False
2024-11-07,2024,3,1.8154601733721683,True
2024-11-08,2024,0,2.1257549996698955,True
2024-11-08,2024,1,1.3105338441316756,False
2024-11-08,2024,2,1.6820403659915157,False
2024-11-08,2024,3,1.6275104068884099,False
2024-11-11,2024,0,1.5616498244478243,False
2024-11-11,2024,1,1.4631187665474026,False
2024-11-11,2024,2,1.1298951395393533,False
2024-11-11,2024,3,1.831774667516755,True
2024-11-12,2024,0,1.3159661312969702,False
2024-11-12,2024,1,1.54095316063773,False
2024-11-12,2024,2,1.4181461257704076,False
2024-11-12,2024,3,1.2956981230741598,False
2024-11-13,2024,0,1.4805135833383343,False
2024-11-13,2024,1,1.2899201507076419,False
2024-11-13,2024,2,1.4795668213750894,False
2024-11-13,2024,3,1.4211485608298864,False
2024-11-14,2024,0,1.692451645236074,False
2024-11-14,2024,1,1.4885785327799523,False
2024-11-14,2024,2,1.9332819374400048,True
2024-11-14,2024,3,1.2499848864597556,False
2024-11-15,2024,0,1.3807642819332637,False
2024-11-15,2024,1,1.3699688388745932,False
2024-11-15,2024,2,1.3853117229396812,False
2024-11-15,2024,3,1.3026004254522043,False
2024-11-18,2024,0,1.7185287035592975,False
2024-11-18,2024,1,1.36390477745823,False
2024-11-18,2024,2,1.4515055392358547,False
2024-11-18,2024,3,1.5559609514127453,False
2024-11-19,2024,0,2.3254630570236166,True
2024-11-19,2024,1,1.5160218796012508,False
2024-11-19,2024,2,1.783655549667487,True
2024-11-19,2024,3,1.3795716167323875,False
2024-11-20,2024,0,1.2776190794821112,False
2024-11-20,2024,1,1.4389327256124025,False
2024-11-20,2024,2,1.6665577520019046,False
2024-11-20,2024,3,1.2847022677430384,False
2024-11-21,2024,0,1.586035626302976,False
2024-11-21,2024,1,1.9986545924555106,True
2024-11-21,2024,2,1.5787592277879081,False
2024-11-21,2024,3,1.9215711799794297,True
2024-11-22,2024,0,1.3884499943631725,False
2024-11-22,2024,1,1.6196591535454359,False
2024-11-22,2024,2,1.2111400157051353,False
2024-11-22,2024,3,1.792964777499139,True
2024-11-25,2024,0,1.6261221414032991,False
2024-11-25,2024,1,1.6141200556892972,False
2024-11-25,2024,2,1.860790425995135,True
2024-11-25,2024,3,1.6573683642054207,False
2024-11-26,2024,0,1.3780985382245998,False
2024-11-26,2024,1,1.5742241451107317,False
2024-11-26,2024,2,1.6036238710328978,False
2024-11-26,2024,3,1.426995210561134,False
2024-11-27,2024,0,1.444857263645795,False
2024-11-27,2024,1,1.4745021198351782,False
2024-11-27,2024,2,1.6297506438788236,False
2024-11-27,2024,3,1.4053399726727074,False
2024-11-28,2024,0,1.5761798789135726,False
2024-11-28,2024,1,1.5076605158999363,False
2024-11-28,2024,2,1.6427045330762107,False
2024-11-28,2024,3,1.7237349394631847,False
2024-11-29,2024,0,1.5439990614409047,False
2024-11-29,2024,1,1.7405180232775317,False
2024-11-29,2024,2,1.2551008531157857,False
2024-11-29,2024,3,2.0596695577412514,True
2024-12-02,2024,0,1.4334593721383988,False
2024-12-02,2024,1,1.560048192623876,False
2024-12-02,2024,2,2.0112223132515004,True
2024-12-02,2024,3,1.7634083528385622,True
2024-12-03,2024,0,1.3473809611761889,False
2024-12-03,2024,1,1.6599966748321069,False
2024-12-03,2024,2,1.6078167121553015,False
2024-12-03,2024,3,2.1321284978855544,True
2024-12-04,2024,0,2.7039197964166375,True
2024-12-04,2024,1,1.3424858510681188,False
2024-12-04,2024,2,1.330516571407328,False
2024-12-04,2024,3,1.4135368310468692,False
2024-12-05,2024,0,1.4146241289942996,False
2024-12-05,2024,1,1.6920094247803115,False
2024-12-05,2024,2,1.5949821674102669,False
2024-12-05,2024,3,1.9135553978853972,True
2024-12-06,2024,0,1.7138189370218349,False
2024-12-06,2024,1,1.5940520328636194,False
2024-12-06,2024,2,1.2772795010597413,False
2024-12-06,2024,3,1.384137003725673,False
2024-12-09,2024,0,1.3634575024779494,False
2024-12-09,2024,1,1.8609101504329226,True
2024-12-09,2024,2,1.2816707176755184,False
2024-12-09,2024,3,1.3839452949257294,False
2024-12-10,2024,0,4.654120380498296,True
2024-12-10,2024,1,1.233900813662917,False
2024-12-10,2024,2,1.4260704900249779,False
2024-12-10,2024,3,1.4578261832936517,False
2024-12-11,2024,0,1.3362734421803777,False
2024-12-11,2024,1,1.497755110268563,False
2024-12-11,2024,2,1.6017037103133687,False
2024-12-11,2024,3,1.6352762267331495,False
2024-12-12,2024,0,1.4745530536518143,False
2024-12-12,2024,1,1.809861087224112,True
2024-12-12,2024,2,1.562583330948638,False
2024-12-12,2024,3,1.7821983899948421,True
2024-12-13,2024,0,1.5862191492822992,False
2024-12-13,2024,1,1.5083383187550001,False
2024-12-13,2024,2,1.3897881223909678,False
2024-12-13,2024,3,1.424173396114622,False
2024-12-16,2024,0,1.770727162813276,True
2024-12-16,2024,1,1.6961355235594844,False
2024-12-16,2024,2,1.5915374375394626,False
2024-12-16,2024,3,1.7501506915034581,False
2024-12-17,2024,0,1.7582129093096162,False
2024-12-17,2024,1,1.3241404541925257,False
2024-12-17,2024,2,2.938805685477289,True
2024-12-17,2024,3,1.4909045925611721,False
2024-12-18,2024,0,1.3250711937164594,False
2024-12-18,2024,1,1.6046810781488332,False
2024-12-18,2024,2,1.5125530211374443,False
2024-12-18,2024,3,1.3923106895819537,False
2024-12-19,2024,0,2.6716673813447223,True
2024-12-19,2024,1,1.479250386123197,False
2024-12-19,2024,2,1.5358720626621276,False
2024-12-19,2024,3,1.500975126095546,False
2024-12-20,2024,0,1.4468522346011963,False
2024-12-20,2024,1,2.330582732201031,True
2024-12-20,2024,2,1.6630786971736469,False
2024-12-20,2024,3,1.5014316166570643,False
2024-12-23,2024,0,1.653607954200122,False
2024-12-23,2024,1,1.4414694942687867,False
2024-12-23,2024,2,1.554855381101995,False
2024-12-23,2024,3,1.5211580533592266,False
2024-12-24,2024,0,1.593328333303804,False
2024-12-24,2024,1,2.1662092474283625,True
2024-12-24,2024,2,1.559851596059042,False
2024-12-24,2024,3,1.6689290848444434,False
2024-12-25,2024,0,1.8556837006174272,True
2024-12-25,2024,1,1.6207873517122036,False
2024-12-25,2024,2,1.6039794333417297,False
2024-12-25,2024,3,1.3638670231720467,False
2024-12-26,2024,0,1.6017672958832887,False
2024-12-26,2024,1,1.6510397734307514,False
2024-12-26,2024,2,1.719902994212814,False
2024-12-26,2024,3,1.2814174058314796,False
2024-12-27,2024,0,1.2959829745348121,False
2024-12-27,2024,1,1.564504363995839,False
2024-12-27,2024,2,1.6257058813235512,False
2024-12-27,2024,3,1.4224675066934045,False
2024-12-30,2024,0,1.7497649018030688,False
2024-12-30,2024,1,2.0557987737541255,True
2024-12-30,2024,2,1.8815613639002706,True
2024-12-30,2024,3,1.843486792548212,True
2024-12-31,2024,0,1.7480274765226316,False
2024-12-31,2024,1,1.789611399000128,True
2024-12-31,2024,2,1.5635657240486835,False
2024-12-31,2024,3,1.4417427857171623,False
2025-01-02,2025,0,2.075074944961852,True
2025-01-02,2025,1,1.4992106849636553,False
2025-01-02,2025,2,1.632996122364346,False
2025-01-02,2025,3,1.475311042178656,False
2025-01-03,2025,0,1.7408000795697507,False
2025-01-03,2025,1,1.4937354743088878,False
2025-01-03,2025,2,1.2535086109784057,False
2025-01-03,2025,3,1.7177150309920541,False
2025-01-06,2025,0,1.3092372598756934,False
2025-01-06,2025,1,1.3443150833251531,False
2025-01-06,2025,2,1.526613779323203,False
2025-01-06,2025,3,1.5086259019467159,False
2025-01-07,2025,0,1.3625717635139,False
2025-01-07,2025,1,1.25609623462029,False
2025-01-07,2025,2,1.3626487560508067,False
2025-01-07,2025,3,1.404524834985101,False
2025-01-08,2025,0,1.689648612454841,False
2025-01-08,2025,1,1.7860799590704421,True
2025-01-08,2025,2,1.268630211745986,False
2025-01-08,2025,3,1.41548498893892,False
2025-01-09,2025,0,1.525370346830783,False
2025-01-09,2025,1,1.372989793064814,False
2025-01-09,2025,2,1.5280245876100185,False
2025-01-09,2025,3,1.5573096161282836,False
2025-01-10,2025,0,1.946080329770724,True
2025-01-10,2025,1,1.4381479491015978,False
2025-01-10,2025,2,1.4489316164350872,False
2025-01-10,2025,3,1.4493973069968287,False
2025-01-13,2025,0,1.722767831206109,False
2025-01-13,2025,1,1.6387361658778299,False
2025-01-13,2025,2,1.502748375410011,False
2025-01-13,2025,3,1.4634004285631055,False
2025-01-14,2025,0,1.1505313524156757,False
2025-01-14,2025,1,1.445016342682676,False
2025-01-14,2025,2,1.3697407390951781,False
2025-01-14,2025,3,1.4319644519285992,False
2025-01-15,2025,0,1.5535380988261256,False
2025-01-15,2025,1,1.6032353952855152,False
2025-01-15,2025,2,1.425519836285236,False
2025-01-15,2025,3,1.4498051618208636,False
2025-01-16,2025,0,1.4506819595689309,False
2025-01-16,2025,1,1.197796305546717,False
2025-01-16,2025,2,1.4387315295197807,False
2025-01-16,2025,3,1.5210731405690292,False
2025-01-17,2025,0,1.1924642236417595,False
2025-01-17,2025,1,2.545247777991954,True
2025-01-17,2025,2,1.5648512198666336,False
2025-01-17,2025,3,1.351534443930431,False
2025-01-20,2025,0,1.406731369863393,False
2025-01-20,2025,1,1.5493682170858496,False
2025-01-20,2025,2,1.387609330621038,False
2025-01-20,2025,3,1.964937334906618,True
2025-01-21,2025,0,1.5225877870265458,False
2025-01-21,2025,1,1.2812076586984313,False
2025-01-21,2025,2,1.4978441806326561,False
2025-01-21,2025,3,1.6949755870464904,False
2025-01-22,2025,0,1.5857182061385329,False
2025-01-22,2025,1,1.6100679308719819,False
2025-01-22,2025,2,1.267665449227895,False
2025-01-22,2025,3,1.5263063894707942,False
2025-01-23,2025,0,2.0411560930751396,True
2025-01-23,2025,1,1.345740470795814,False
2025-01-23,2025,2,1.159966524228165,False
2025-01-23,2025,3,1.259465860543843,False
2025-01-24,2025,0,1.3048226999477002,False
2025-01-24,2025,1,1.5129682354511373,False
2025-01-24,2025,2,1.595884934654351,False
2025-01-24,2025,3,1.5616928592570831,False
2025-01-27,2025,0,1.5220742278554258,False
2025-01-27,2025,1,1.3718695632008555,False
2025-01-27,2025,2,1.300726921561096,False
2025-01-27,2025,3,1.5634855887949004,False
2025-02-05,2025,0,2.833467421132431,True
2025-02-05,2025,1,2.027212069072117,True
2025-02-05,2025,2,1.4905704564013924,False
2025-02-05,2025,3,1.5579990720203796,False
2025-02-06,2025,0,1.6223495112153707,False
2025-02-06,2025,1,1.2236166865734073,False
2025-02-06,2025,2,1.3055504439240826,False
2025-02-06,2025,3,1.5727407476948125,False
2025-02-07,2025,0,1.3654384678011993,False
2025-02-07,2025,1,1.608458607644867,False
2025-02-07,2025,2,1.5700539209632105,False
2025-02-07,2025,3,1.3905356478974886,False
2025-02-10,2025,0,1.9779316500086126,True
2025-02-10,2025,1,1.382643016662079,False
2025-02-10,2025,2,1.2000827097860491,False
2025-02-10,2025,3,1.5865098063844727,False
2025-02-11,2025,0,2.1759908481989316,True
2025-02-11,2025,1,2.05962494478851,True
2025-02-11,2025,2,1.2830247698331438,False
2025-02-11,2025,3,1.1412982404836098,False
2025-02-12,2025,0,1.8339520356652448,True
2025-02-12,2025,1,1.9238994222214028,True
2025-02-12,2025,2,1.213960110821496,False
2025-02-12,2025,3,1.297169640151558,False
2025-02-13,2025,0,1.891307083729369,True
2025-02-13,2025,1,1.7058308120049526,False
2025-02-13,2025,2,2.0309765760632104,True
2025-02-13,2025,3,1.8139680741014401,True
2025-02-14,2025,0,1.589044815381735,False
2025-02-14,2025,1,1.2056940721867262,False
2025-02-14,2025,2,1.6459699846300586,False
2025-02-14,2025,3,1.5730382549768918,False
2025-02-17,2025,0,2.1416201153551233,True
2025-02-17,2025,1,1.2584063363375868,False
2025-02-17,2025,2,1.5467583490293977,False
2025-02-17,2025,3,1.4189105798760282,False
2025-02-18,2025,0,1.6080961082801952,False
2025-02-18,2025,1,2.1455780450518924,True
2025-02-18,2025,2,1.4348307730038536,False
2025-02-18,2025,3,1.3908530870092382,False
2025-02-19,2025,0,1.5903705835214068,False
2025-02-19,2025,1,1.6630884874607441,False
2025-02-19,2025,2,1.240572445044971,False
2025-02-19,2025,3,2.29061447151086,True
2025-02-20,2025,0,1.7201251262074868,False
2025-02-20,2025,1,1.5719488910053534,False
2025-02-20,2025,2,1.4334185781817161,False
2025-02-20,2025,3,1.5570759685198339,False
2025-02-21,2025,0,1.4320393599039756,False
2025-02-21,2025,1,1.2742567663763626,False
2025-02-21,2025,2,1.4774541136739616,False
2025-02-21,2025,3,2.2853265555328366,True
2025-02-24,2025,0,1.9686126010158493,True
2025-02-24,2025,1,1.2951438038111878,False
2025-02-24,2025,2,1.5582325528995762,False
2025-02-24,2025,3,1.7795547765587687,True
2025-02-25,2025,0,1.793411682544677,True
2025-02-25,2025,1,1.3048765537215328,False
2025-02-25,2025,2,1.442737872146664,False
2025-02-25,2025,3,1.4981547857812194,False
2025-02-26,2025,0,1.6531093119241416,False
2025-02-26,2025,1,1.3229917567591747,False
2025-02-26,2025,2,1.6466198357379547,False
2025-02-26,2025,3,1.5482681551582427,False
2025-02-27,2025,0,1.5414078177925925,False
2025-02-27,2025,1,1.4367783110243215,False
2025-02-27,2025,2,1.189338092758967,False
2025-02-27,2025,3,1.290970862983752,False
2025-02-28,2025,0,1.5083981719835358,False
2025-02-28,2025,1,1.4190411143326427,False
2025-02-28,2025,2,1.498290295618826,False
2025-02-28,2025,3,1.7851948151482475,True
2025-03-03,2025,0,1.9635975708562716,True
2025-03-03,2025,1,1.4866144354487372,False
2025-03-03,2025,2,1.206231327787213,False
2025-03-03,2025,3,1.5364596662121173,False
2025-03-04,2025,0,1.5916803666765178,False
2025-03-04,2025,1,1.3998034365323022,False
2025-03-04,2025,2,2.3656027447793617,True
2025-03-04,2025,3,1.6780965080708312,False
2025-03-05,2025,0,1.6149835672263766,False
2025-03-05,2025,1,1.7734494158647023,True
2025-03-05,2025,2,1.3737736617799914,False
2025-03-05,2025,3,1.5153011886142476,False
2025-03-06,2025,0,3.5802576989676567,True
2025-03-06,2025,1,1.3814036656184434,False
2025-03-06,2025,2,2.1292698550338995,True
2025-03-06,2025,3,1.8416680590212806,True
2025-03-07,2025,0,2.0678285042601154,True
2025-03-07,2025,1,1.277227198669202,False
2025-03-07,2025,2,1.4912392621184498,False
2025-03-07,2025,3,1.3912923001736586,False
2025-03-10,2025,0,1.4408347724286115,False
2025-03-10,2025,1,1.3611724888138332,False
2025-03-10,2025,2,2.0001874544318934,True
2025-03-10,2025,3,1.9865596904179992,True
2025-03-11,2025,0,1.8889426635799027,True
2025-03-11,2025,1,1.2297376360441081,False
2025-03-11,2025,2,1.5145045485999915,False
2025-03-11,2025,3,1.9602577444225981,True
2025-03-12,2025,0,1.4225675932934458,False
2025-03-12,2025,1,1.5590522499182937,False
2025-03-12,2025,2,1.205160771330599,False
2025-03-12,2025,3,1.187241254232173,False
2025-03-13,2025,0,1.290366270313724,False
2025-03-13,2025,1,1.282036035482465,False
2025-03-13,2025,2,1.8228967638472837,True
2025-03-13,2025,3,1.5426571851212778,False
2025-03-14,2025,0,1.2727359833651193,False
2025-03-14,2025,1,1.5186850966358758,False
2025-03-14,2025,2,1.6341124393011466,False
2025-03-14,2025,3,1.627252751287471,False
2025-03-17,2025,0,1.6780690418844304,False
2025-03-17,2025,1,1.5292259042230454,False
2025-03-17,2025,2,1.5693458021208386,False
2025-03-17,2025,3,1.6842969307130118,False
2025-03-18,2025,0,1.574233618710743,False
2025-03-18,2025,1,1.713360782504183,False
2025-03-18,2025,2,1.395702117000387,False
2025-03-18,2025,3,1.3631713022243512,False
2025-03-19,2025,0,1.3354185776550334,False
2025-03-19,2025,1,1.3129303102808274,False
2025-03-19,2025,2,1.4925354716219836,False
2025-03-19,2025,3,1.419520659975941,False
2025-03-20,2025,0,1.8951641914166064,True
2025-03-20,2025,1,1.2629667475485873,False
2025-03-20,2025,2,1.543496508912626,False
2025-03-20,2025,3,1.467342100251446,False
2025-03-21,2025,0,1.7547632684681775,False
2025-03-21,2025,1,1.4722848250447043,False
2025-03-21,2025,2,1.4409340483331126,False
2025-03-21,2025,3,1.4241180532668756,False
2025-03-24,2025,0,1.5093468229281553,False
2025-03-24,2025,1,1.5589095258281505,False
2025-03-24,2025,2,1.1945084148514744,False
2025-03-24,2025,3,1.3113015330355595,False
2025-03-25,2025,0,1.5551049317763475,False
2025-03-25,2025,1,1.936274497329412,True
2025-03-25,2025,2,2.762405218101163,True
2025-03-25,2025,3,1.4700827860942105,False
2025-03-26,2025,0,1.7181984969528827,False
2025-03-26,2025,1,1.3046568697296574,False
2025-03-26,2025,2,1.6373433920015954,False
2025-03-26,2025,3,1.2839852268012473,False
2025-03-27,2025,0,1.6546065427976975,False
2025-03-27,2025,1,1.754523977419321,False
2025-03-27,2025,2,1.5869788838503422,False
2025-03-27,2025,3,2.196147471657995,True
2025-03-28,2025,0,1.6567968446018795,False
2025-03-28,2025,1,1.244309467769135,False
2025-03-28,2025,2,1.9981227839994034,True
2025-03-28,2025,3,1.3448943843955008,False
2025-03-31,2025,0,1.2896055259457853,False
2025-03-31,2025,1,1.8939756023937429,True
2025-03-31,2025,2,1.8175020485005544,True
2025-03-31,2025,3,1.7503026768814425,False
2025-04-01,2025,0,1.8545942570796843,True
2025-04-01,2025,1,2.03253624310924,True
2025-04-01,2025,2,1.6629782442496541,False
2025-04-01,2025,3,1.630491531395717,False
2025-04-02,2025,0,1.3951709249231692,False
2025-04-02,2025,1,1.25753020428015,False
2025-04-02,2025,2,1.5040030058758351,False
2025-04-02,2025,3,1.8814880258235807,True
2025-04-03,2025,0,1.4849568888288711,False
2025-04-03,2025,1,1.7563824726764856,False
2025-04-03,2025,2,1.356229719284518,False
2025-04-03,2025,3,1.6954598525394413,False
2025-04-07,2025,0,1.9536028151789475,True
2025-04-07,2025,1,1.6491470411980746,False
2025-04-07,2025,2,1.3548254432786762,False
2025-04-07,2025,3,1.531408795710275,False
2025-04-08,2025,0,1.556839864386211,False
2025-04-08,2025,1,1.5615519798319986,False
2025-04-08,2025,2,1.51187915669305,False
2025-04-08,2025,3,1.1392846496820634,False
2025-04-09,2025,0,1.223363552661326,False
2025-04-09,2025,1,1.7747991948555213,True
2025-04-09,2025,2,1.5429636257192099,False
2025-04-09,2025,3,1.2675547963435476,False
2025-04-10,2025,0,2.2913216508518195,True
2025-04-10,2025,1,1.614838339888834,False
2025-04-10,2025,2,1.5342313911626315,False
2025-04-10,2025,3,1.4234280432371587,False
2025-04-11,2025,0,1.7396849867353208,False
2025-04-11,2025,1,1.59109936749595,False
2025-04-11,2025,2,2.608405448099025,True
2025-04-11,2025,3,1.405887937959789,False
2025-04-14,2025,0,1.678482247027364,False
2025-04-14,2025,1,1.8324343340297715,True
2025-04-14,2025,2,2.2186749245365482,True
2025-04-14,2025,3,1.3081664675215186,False
2025-04-15,2025,0,1.8537323939003088,True
2025-04-15,2025,1,2.0036451091873113,True
2025-04-15,2025,2,1.4433514772684155,False
2025-04-15,2025,3,1.6106870350719062,False
2025-04-16,2025,0,1.6408937625906113,False
2025-04-16,2025,1,1.7903686882160539,True
2025-04-16,2025,2,1.5148125809785808,False
2025-04-16,2025,3,1.3708527318704256,False
2025-04-17,2025,0,1.4640925093387225,False
2025-04-17,2025,1,1.7706390653899564,True
2025-04-17,2025,2,1.3636306013076402,False
2025-04-17,2025,3,1.3384960775027774,False
2025-04-18,2025,0,4.658351420133865,True
2025-04-18,2025,1,1.677919849045069,False
2025-04-18,2025,2,2.271716792206256,True
2025-04-18,2025,3,1.5905791929749138,False
2025-04-21,2025,0,2.47076185570627,True
2025-04-21,2025,1,1.665254122452097,False
2025-04-21,2025,2,1.3546143288964148,False
2025-04-21,2025,3,1.308837927597376,False
2025-04-22,2025,0,1.3944824365459298,False
2025-04-22,2025,1,1.2694474511715017,False
2025-04-22,2025,2,2.310330772423701,True
2025-04-22,2025,3,1.4725159597960036,False
2025-04-23,2025,0,1.5881539005657699,False
2025-04-23,2025,1,1.2028082401611953,False
2025-04-23,2025,2,1.3843315516064152,False
2025-04-23,2025,3,1.35888437187199,False
2025-04-24,2025,0,1.3293182697406347,False
2025-04-24,2025,1,1.9837755840244673,True
2025-04-24,2025,2,1.3531221178675603,False
2025-04-24,2025,3,1.415638414365789,False
2025-04-25,2025,0,1.28884675041502,False
2025-04-25,2025,1,1.523864712199416,False
2025-04-25,2025,2,1.5986218003348773,False
2025-04-25,2025,3,1.7073096863846933,False
2025-04-28,2025,0,1.44955300327777,False
2025-04-28,2025,1,1.5526874759081881,False
2025-04-28,2025,2,1.5839839401813436,False
2025-04-28,2025,3,1.3267171434622582,False
2025-04-29,2025,0,1.6873127774699215,False
2025-04-29,2025,1,1.746318275264855,False
2025-04-29,2025,2,1.3630201915764595,False
2025-04-29,2025,3,1.4367523897837524,False
2025-04-30,2025,0,1.7074963885634369,False
2025-04-30,2025,1,1.3706573083347122,False
2025-04-30,2025,2,1.490351402596447,False
2025-04-30,2025,3,1.4320874081978618,False
2025-05-06,2025,0,1.4660163949930802,False
2025-05-06,2025,1,2.5492218117832066,True
2025-05-06,2025,2,1.581431067136827,False
2025-05-06,2025,3,1.361451770503989,False
2025-05-07,2025,0,2.8561350784574686,True
2025-05-07,2025,1,1.398293063183473,False
2025-05-07,2025,2,1.5765502452336855,False
2025-05-07,2025,3,1.5453956383839988,False
2025-05-08,2025,0,1.8255284075692209,True
2025-05-08,2025,1,2.9080160188454665,True
2025-05-08,2025,2,1.705492683136746,False
2025-05-08,2025,3,1.427521200497283,False
2025-05-09,2025,0,2.4746930956496604,True
2025-05-09,2025,1,1.6430148493433863,False
2025-05-09,2025,2,1.3048927865823068,False
2025-05-09,2025,3,1.667622788656921,False
2025-05-12,2025,0,1.5438872711309826,False
2025-05-12,2025,1,1.5712264238240643,False
2025-05-12,2025,2,1.4267203362170868,False
2025-05-12,2025,3,1.9822448068424545,True
2025-05-13,2025,0,1.9094168996880556,True
2025-05-13,2025,1,1.443412136974868,False
2025-05-13,2025,2,1.733570580803414,False
2025-05-13,2025,3,1.2507848679080444,False
2025-05-14,2025,0,2.092886609423161,True
2025-05-14,2025,1,1.7137466663615775,False
2025-05-14,2025,2,1.700899623822338,False
2025-05-14,2025,3,1.4841995465913564,False
2025-05-15,2025,0,1.7592513268761587,False
2025-05-15,2025,1,1.7169343601966265,False
2025-05-15,2025,2,1.5605422746710766,False
2025-05-15,2025,3,1.3141684592256564,False
2025-05-16,2025,0,1.2515994466756468,False
2025-05-16,2025,1,2.156009742444583,True
2025-05-16,2025,2,1.4621678813487984,False
2025-05-16,2025,3,1.5898056847609325,False
2025-05-19,2025,0,1.4506464638112404,False
2025-05-19,2025,1,1.5501749276081451,False
2025-05-19,2025,2,1.5226198112831884,False
2025-05-19,2025,3,1.3587060729435425,False
2025-05-20,2025,0,2.033041538203975,True
2025-05-20,2025,1,1.317042881977398,False
2025-05-20,2025,2,1.314049243861017,False
2025-05-20,2025,3,1.3926618049453376,False
2025-05-21,2025,0,1.3192117961131393,False
2025-05-21,2025,1,1.370813124640399,False
2025-05-21,2025,2,1.6314387836156312,False
2025-05-21,2025,3,1.5955507413044223,False
2025-05-22,2025,0,1.5784542363071103,False
2025-05-22,2025,1,1.4970274407688753,False
2025-05-22,2025,2,1.6912107589014602,False
2025-05-22,2025,3,1.281417731742103,False
2025-05-23,2025,0,1.5962930255605665,False
2025-05-23,2025,1,1.9537757956903175,True
2025-05-23,2025,2,1.5749379254264984,False
2025-05-23,2025,3,1.5325111536392506,False
2025-05-26,2025,0,1.762344875211599,True
2025-05-26,2025,1,1.7556438200954072,False
2025-05-26,2025,2,1.8023213064047334,True
2025-05-26,2025,3,1.724339294372158,False
2025-05-27,2025,0,1.8082519866511721,True
2025-05-27,2025,1,1.5938056359375272,False
2025-05-27,2025,2,1.5708122661137107,False
2025-05-27,2025,3,1.712316925474654,False
2025-05-28,2025,0,1.6296506616217632,False
2025-05-28,2025,1,1.6925510904522527,False
2025-05-28,2025,2,1.4438714322586539,False
2025-05-28,2025,3,1.670595786757404,False
2025-05-29,2025,0,1.5067868586089388,False
2025-05-29,2025,1,1.488600917094188,False
2025-05-29,2025,2,1.280092746197197,False
2025-05-29,2025,3,1.446370616448757,False
2025-05-30,2025,0,4.082410968474318,True
2025-05-30,2025,1,2.0267433814405567,True
2025-05-30,2025,2,1.8011089696673757,True
2025-05-30,2025,3,1.8617795701307345,True
2025-06-03,2025,0,1.4596555046061062,False
2025-06-03,2025,1,1.946395639862209,True
2025-06-03,2025,2,2.2884963653041486,True
2025-06-03,2025,3,1.8105225431087661,True
2025-06-04,2025,0,1.93496471389706,True
2025-06-04,2025,1,1.7953900604666861,True
2025-06-04,2025,2,2.004203446159314,True
2025-06-04,2025,3,1.2488776588089296,False
2025-06-05,2025,0,1.6013786821961895,False
2025-06-05,2025,1,1.4809622594927918,False
2025-06-05,2025,2,1.5425177695422494,False
2025-06-05,2025,3,1.4995489989025381,False
2025-06-06,2025,0,2.9617735618569165,True
2025-06-06,2025,1,1.8499474387192396,True
2025-06-06,2025,2,1.2648195138725715,False
2025-06-06,2025,3,1.744113249548652,False
2025-06-09,2025,0,1.3380158064536138,False
2025-06-09,2025,1,1.4540515328526524,False
2025-06-09,2025,2,1.802214574893902,True
2025-06-09,2025,3,1.7980934272519753,True
2025-06-10,2025,0,1.4182606941766045,False
2025-06-10,2025,1,1.6169264181227636,False
2025-06-10,2025,2,2.0075149626037576,True
2025-06-10,2025,3,1.7224132817388047,False
2025-06-11,2025,0,1.5063420524926299,False
2025-06-11,2025,1,1.240978846963503,False
2025-06-11,2025,2,1.6274103830574087,False
2025-06-11,2025,3,1.686080969167228,False
2025-06-12,2025,0,1.8147906976407404,True
2025-06-12,2025,1,1.4326064972630383,False
2025-06-12,2025,2,1.6997680774928103,False
2025-06-12,2025,3,1.467171717665854,False
2025-06-13,2025,0,1.5048719469539786,False
2025-06-13,2025,1,1.6513885679475944,False
2025-06-13,2025,2,1.7097821902697483,False
2025-06-13,2025,3,1.5669811743176345,False
2025-06-16,2025,0,2.1809667756340803,True
2025-06-16,2025,1,2.2734099834282553,True
2025-06-16,2025,2,1.5556511537701918,False
2025-06-16,2025,3,1.472745037407496,False
2025-06-17,2025,0,1.5080347174288307,False
2025-06-17,2025,1,1.5859170593307623,False
2025-06-17,2025,2,1.6406988461393606,False
2025-06-17,2025,3,1.4170247350326732,False
2025-06-18,2025,0,1.85575218817342,True
2025-06-18,2025,1,1.6339570121256128,False
2025-06-18,2025,2,1.421753597937445,False
2025-06-18,2025,3,1.5850413810082986,False
2025-06-19,2025,0,1.4850994445543455,False
2025-06-19,2025,1,1.88343638678401,True
2025-06-19,2025,2,1.3938013365162751,False
2025-06-19,2025,3,1.774926787614621,True
2025-06-20,2025,0,1.7911212411843953,True
2025-06-20,2025,1,1.4038818316020802,False
2025-06-20,2025,2,1.7087311775694038,False
2025-06-20,2025,3,1.6749794721424736,False
2025-06-23,2025,0,1.282316361122092,False
2025-06-23,2025,1,1.5151730557978815,False
2025-06-23,2025,2,1.3711883164758336,False
2025-06-23,2025,3,1.5812706227256672,False
2025-06-24,2025,0,2.1086793734508524,True
2025-06-24,2025,1,1.6481512256686774,False
2025-06-24,2025,2,1.3080720078576453,False
2025-06-24,2025,3,1.2842124882376473,False
2025-06-25,2025,0,1.7138929974124653,False
2025-06-25,2025,1,1.5085587326760954,False
2025-06-25,2025,2,1.6597162482154264,False
2025-06-25,2025,3,1.4800717065340268,False
2025-06-26,2025,0,1.7174413014426315,False
2025-06-26,2025,1,1.6884063124593744,False
2025-06-26,2025,2,1.2721576801153143,False
2025-06-26,2025,3,1.3923549825691277,False
2025-06-27,2025,0,1.4453995717818138,False
2025-06-27,2025,1,1.4114220493310545,False
2025-06-27,2025,2,1.3501698641298676,False
2025-06-27,2025,3,1.423559734909217,False
2025-06-30,2025,0,1.9190574438417478,True
2025-06-30,2025,1,1.8655468624679388,True
2025-06-30,2025,2,1.7153005106969885,False
2025-06-30,2025,3,1.5458034403791183,False
2025-07-01,2025,0,1.7885917392210844,True
2025-07-01,2025,1,1.6474446941396803,False
2025-07-01,2025,2,1.7008040905647799,False
2025-07-01,2025,3,1.931199722522375,True
2025-07-02,2025,0,2.0404302645641366,True
2025-07-02,2025,1,1.4488502205806255,False
2025-07-02,2025,2,1.718466565142793,False
2025-07-02,2025,3,1.4829206565732602,False
2025-07-03,2025,0,1.6276905182142969,False
2025-07-03,2025,1,1.41900918535217,False
2025-07-03,2025,2,1.398219130997268,False
2025-07-03,2025,3,2.0182226784312713,True
2025-07-04,2025,0,1.5138377678315011,False
2025-07-04,2025,1,1.5016518161218277,False
2025-07-04,2025,2,2.1925380931594165,True
2025-07-04,2025,3,2.3307996234912465,True
2025-07-07,2025,0,1.8887187767854,True
2025-07-07,2025,1,1.502795124341313,False
2025-07-07,2025,2,1.2002680617856754,False
2025-07-07,2025,3,1.678119681108377,False
2025-07-08,2025,0,1.9237121553217855,True
2025-07-08,2025,1,1.5510896647496828,False
2025-07-08,2025,2,1.4340793574677693,False
2025-07-08,2025,3,1.433426569516944,False
2025-07-09,2025,0,1.4099404613634163,False
2025-07-09,2025,1,1.8157473281136522,True
2025-07-09,2025,2,1.3264160420790403,False
2025-07-09,2025,3,1.6211264318110092,False
2025-07-10,2025,0,1.257331578330508,False
2025-07-10,2025,1,1.515173505189795,False
2025-07-10,2025,2,1.7863565340904992,True
2025-07-10,2025,3,1.5428853607408266,False
2025-07-11,2025,0,3.323185347217567,True
2025-07-11,2025,1,1.5644463851591222,False
2025-07-11,2025,2,1.4693111908399614,False
2025-07-11,2025,3,1.77141737007536,True
2025-07-14,2025,0,2.0632834663074715,True
2025-07-14,2025,1,1.7885479471828059,True
2025-07-14,2025,2,1.5409393993911635,False
2025-07-14,2025,3,1.6202081194596725,False
2025-07-15,2025,0,1.8151779354853481,True
2025-07-15,2025,1,1.5169625453165796,False
2025-07-15,2025,2,1.35630737169724,False
2025-07-15,2025,3,2.150005884988103,True
2025-07-16,2025,0,1.4340991432081118,False
2025-07-16,2025,1,1.515334720907655,False
2025-07-16,2025,2,1.3368438068791308,False
2025-07-16,2025,3,1.3519309166290032,False
2025-07-17,2025,0,1.3495710396103888,False
2025-07-17,2025,1,1.848189094600694,True
2025-07-17,2025,2,1.5149627241247383,False
2025-07-17,2025,3,1.838100752446268,True
2025-07-18,2025,0,1.5835381498367183,False
2025-07-18,2025,1,1.7217147901653975,False
2025-07-18,2025,2,1.5877139135065623,False
2025-07-18,2025,3,1.8430445598229175,True
2025-07-21,2025,0,1.4850098237450742,False
2025-07-21,2025,1,1.482398739762482,False
2025-07-21,2025,2,1.591607699271994,False
2025-07-21,2025,3,1.6303660317238555,False
2025-07-22,2025,0,1.6795798288814512,False
2025-07-22,2025,1,1.5101725366233283,False
2025-07-22,2025,2,1.847643897197933,True
2025-07-22,2025,3,1.580299972157575,False
2025-07-23,2025,0,2.459779862954059,True
2025-07-23,2025,1,1.8336203731921707,True
2025-07-23,2025,2,1.5010465418934942,False
2025-07-23,2025,3,1.728496411996707,False
2025-07-24,2025,0,1.6989764773314882,False
2025-07-24,2025,1,1.433522958150553,False
2025-07-24,2025,2,1.4630716649406788,False
2025-07-24,2025,3,1.7620036078943273,True
2025-07-25,2025,0,1.400502229795208,False
2025-07-25,2025,1,1.6007929882788259,False
2025-07-25,2025,2,1.4846815053980524,False
2025-07-25,2025,3,1.7077467260823291,False
2025-07-28,2025,0,2.2240318379780186,True
2025-07-28,2025,1,2.106165874001487,True
2025-07-28,2025,2,1.4939747826041387,False
2025-07-28,2025,3,1.5016551548122197,False
2025-07-29,2025,0,1.5497891798226848,False
2025-07-29,2025,1,1.301871462712537,False
2025-07-29,2025,2,1.9673198884994922,True
2025-07-29,2025,3,1.6866720997071378,False
2025-07-30,2025,0,1.782898570315936,True
2025-07-30,2025,1,1.5893197246922952,False
2025-07-30,2025,2,1.7229591999000105,False
2025-07-30,2025,3,2.542846269244388,True
2025-07-31,2025,0,1.6082934703421754,False
2025-07-31,2025,1,1.320471271562334,False
2025-07-31,2025,2,1.2588619364455451,False
2025-07-31,2025,3,1.3554843253609232,False
2025-08-01,2025,0,1.4363766138142646,False
2025-08-01,2025,1,1.3755160928225452,False
2025-08-01,2025,2,1.4985860942355478,False
2025-08-01,2025,3,1.7522729766150922,False
2025-08-04,2025,0,1.798283305904353,True
2025-08-04,2025,1,1.5756526591497397,False
2025-08-04,2025,2,1.4982282430053901,False
2025-08-04,2025,3,1.4083848104185137,False
2025-08-05,2025,0,1.382552341710329,False
2025-08-05,2025,1,1.82057286813119,True
2025-08-05,2025,2,1.451574794496453,False
2025-08-05,2025,3,1.2635825340543496,False
2025-08-06,2025,0,1.6487154099175045,False
2025-08-06,2025,1,1.7058357207647006,False
2025-08-06,2025,2,1.4014435230609088,False
2025-08-06,2025,3,1.2338445559508164,False
2025-08-07,2025,0,1.3114912498981974,False
2025-08-07,2025,1,1.5571925325945126,False
2025-08-07,2025,2,2.112090852084441,True
2025-08-07,2025,3,1.371735849241422,False
2025-08-08,2025,0,3.734875859286693,True
2025-08-08,2025,1,1.604298587059193,False
2025-08-08,2025,2,1.4933065667532337,False
2025-08-08,2025,3,1.3550941713914806,False
2025-08-11,2025,0,1.434017043848312,False
2025-08-11,2025,1,1.4363914701516731,False
2025-08-11,2025,2,1.5749262608148231,False
2025-08-11,2025,3,2.0308783832100086,True
2025-08-12,2025,0,1.269059409906778,False
2025-08-12,2025,1,1.3484254778623697,False
2025-08-12,2025,2,1.7317206273561154,False
2025-08-12,2025,3,1.5965258562431675,False
2025-08-13,2025,0,1.5790169426165512,False
2025-08-13,2025,1,1.716483271899972,False
2025-08-13,2025,2,1.6040924621763468,False
2025-08-13,2025,3,1.3443647821914881,False
2025-08-14,2025,0,1.518746731292494,False
2025-08-14,2025,1,1.854638160366679,True
2025-08-14,2025,2,1.325199769760411,False
2025-08-14,2025,3,1.5089153299637659,False
2025-08-15,2025,0,1.4343149403986024,False
2025-08-15,2025,1,1.623304979557568,False
2025-08-15,2025,2,1.8204559861952787,True
2025-08-15,2025,3,1.4393898553356335,False
2025-08-18,2025,0,1.8897590210100221,True
2025-08-18,2025,1,1.5463331946732408,False
2025-08-18,2025,2,1.232277976139835,False
2025-08-18,2025,3,1.2610584197258181,False
2025-08-19,2025,0,1.494715341056084,False
2025-08-19,2025,1,1.4344785020317798,False
2025-08-19,2025,2,1.638813617466837,False
2025-08-19,2025,3,1.621678908928958,False
2025-08-20,2025,0,1.7746136678612374,True
2025-08-20,2025,1,1.6469544508442608,False
2025-08-20,2025,2,1.4231930292184853,False
2025-08-20,2025,3,1.770662558328429,True
2025-08-21,2025,0,1.5208845106035984,False
2025-08-21,2025,1,1.650194012895244,False
2025-08-21,2025,2,1.359516362441554,False
2025-08-21,2025,3,2.1243362594067503,True
2025-08-22,2025,0,1.7880238505501826,True
2025-08-22,2025,1,1.3183786026376734,False
2025-08-22,2025,2,1.6759776991131887,False
2025-08-22,2025,3,1.3775555286761345,False
2025-08-25,2025,0,2.8280462662248453,True
2025-08-25,2025,1,1.565339542714276,False
2025-08-25,2025,2,1.6559133345518215,False
2025-08-25,2025,3,1.633696277847627,False
2025-08-26,2025,0,2.218772857374424,True
2025-08-26,2025,1,1.7486487120941223,False
2025-08-26,2025,2,1.559199076823181,False
2025-08-26,2025,3,1.202138557868078,False
2025-08-27,2025,0,1.7931364534454879,True
2025-08-27,2025,1,1.6348984672323286,False
2025-08-27,2025,2,1.4472696141578123,False
2025-08-27,2025,3,1.4428277591019094,False
2025-08-28,2025,0,1.5992118254353316,False
2025-08-28,2025,1,1.1761791134518933,False
2025-08-28,2025,2,1.4093157281530664,False
2025-08-28,2025,3,1.1816449909420408,False
2025-08-29,2025,0,3.0132114266442658,True
2025-08-29,2025,1,1.5553999906853515,False
2025-08-29,2025,2,1.6353201922835066,False
2025-08-29,2025,3,1.3858417160399505,False
2025-09-01,2025,0,1.6538781096600033,False
2025-09-01,2025,1,1.3116974965239292,False
2025-09-01,2025,2,1.6829158144024832,False
2025-09-01,2025,3,1.3518809819860853,False
2025-09-02,2025,0,1.2790657384928872,False
2025-09-02,2025,1,1.5082851574652694,False
2025-09-02,2025,2,2.0814427454408397,True
2025-09-02,2025,3,1.2917061125603506,False
2025-09-03,2025,0,1.7332269068814297,False
2025-09-03,2025,1,1.5732661050478924,False
2025-09-03,2025,2,1.2329515683760213,False
2025-09-03,2025,3,1.1983041636477103,False
2025-09-04,2025,0,1.3581863915442505,False
2025-09-04,2025,1,1.2875967884237383,False
2025-09-04,2025,2,1.6903840080355417,False
2025-09-04,2025,3,1.6107265999633162,False
2025-09-05,2025,0,1.4094657094569838,False
2025-09-05,2025,1,1.571156392326847,False
2025-09-05,2025,2,1.410312698225334,False
2025-09-05,2025,3,1.3848118749870475,False
2025-09-08,2025,0,1.792166690231112,True
2025-09-08,2025,1,1.2632665686728592,False
2025-09-08,2025,2,1.3863375034214527,False
2025-09-08,2025,3,1.6774949674879611,False
2025-09-09,2025,0,2.298020793046122,True
2025-09-09,2025,1,1.383175594892742,False
2025-09-09,2025,2,1.1730850242778657,False
2025-09-09,2025,3,1.7017178227488317,False
2025-09-10,2025,0,1.6878368246879123,False
2025-09-10,2025,1,1.7100907543548554,False
2025-09-10,2025,2,1.3552716546478476,False
2025-09-10,2025,3,1.5048181654934876,False
2025-09-11,2025,0,1.4734255966614416,False
2025-09-11,2025,1,1.3584406814528356,False
2025-09-11,2025,2,1.6924499167837115,False
2025-09-11,2025,3,1.613866631984664,False
2025-09-12,2025,0,1.6534064240670945,False
2025-09-12,2025,1,1.375965755036821,False
2025-09-12,2025,2,1.4478592161693007,False
2025-09-12,2025,3,1.5190381147296754,False
2025-09-15,2025,0,1.454279190452795,False
2025-09-15,2025,1,1.70718790210969,False
2025-09-15,2025,2,1.6271265522656728,False
2025-09-15,2025,3,1.5145967145755737,False
2025-09-16,2025,0,1.5176272928354273,False
2025-09-16,2025,1,1.672118084427168,False
2025-09-16,2025,2,1.2436158564757156,False
2025-09-16,2025,3,1.2939119534448364,False
2025-09-17,2025,0,1.3036278399505943,False
2025-09-17,2025,1,1.4014031278580743,False
2025-09-17,2025,2,1.9039391315242364,True
2025-09-17,2025,3,1.7064768834441246,False
2025-09-18,2025,0,1.5488481663397577,False
2025-09-18,2025,1,1.36060300640677,False
2025-09-18,2025,2,1.472529977600661,False
2025-09-18,2025,3,1.2959282054005261,False
2025-09-19,2025,0,1.6948483587608942,False
2025-09-19,2025,1,1.2705880263886666,False
2025-09-19,2025,2,1.2265345805205818,False
2025-09-19,2025,3,1.6082500751396658,False
2025-09-22,2025,0,1.658477786039143,False
2025-09-22,2025,1,1.5512033319479723,False
2025-09-22,2025,2,1.543668729296879,False
2025-09-22,2025,3,1.5320008694817342,False
2025-09-23,2025,0,1.281140396493894,False
2025-09-23,2025,1,1.6816089006040134,False
2025-09-23,2025,2,1.279672352235257,False
2025-09-23,2025,3,1.6353108982858897,False
2025-09-24,2025,0,2.0084857632930304,True
2025-09-24,2025,1,1.3988500574556157,False
2025-09-24,2025,2,1.7109156368894902,False
2025-09-24,2025,3,1.7053336202662466,False
2025-09-25,2025,0,1.555534316955363,False
2025-09-25,2025,1,1.8504851885755806,True
2025-09-25,2025,2,1.3237036766391754,False
2025-09-25,2025,3,1.710826426727686,False
2025-09-26,2025,0,1.4604065906945507,False
2025-09-26,2025,1,1.348790849201149,False
2025-09-26,2025,2,1.6133266919532059,False
2025-09-26,2025,3,1.4003656109953386,False
2025-09-29,2025,0,2.1926443117195396,True
2025-09-29,2025,1,1.546603508903074,False
2025-09-29,2025,2,1.8642884403804727,True
2025-09-29,2025,3,1.5336483182776504,False
2025-09-30,2025,0,1.6619872478267645,False
2025-09-30,2025,1,1.6874625467685678,False
2025-09-30,2025,2,2.1938836832473463,True
2025-09-30,2025,3,1.9504632540705311,True
2025-10-09,2025,0,1.9899204328825149,True
2025-10-09,2025,1,1.57167451561846,False
2025-10-09,2025,2,1.4187479020537472,False
2025-10-09,2025,3,1.403439672618065,False
2025-10-10,2025,0,2.664605485793399,True
2025-10-10,2025,1,1.714019912757149,False
2025-10-10,2025,2,1.2792728681020284,False
2025-10-10,2025,3,1.7227032823129729,False
2025-10-13,2025,0,1.4701814083507672,False
2025-10-13,2025,1,1.7359138178786273,False
2025-10-13,2025,2,1.4306692015947067,False
2025-10-13,2025,3,2.1018169483179245,True
2025-10-14,2025,0,1.2380765806201859,False
2025-10-14,2025,1,1.3811070556527516,False
2025-10-14,2025,2,1.7639582366905704,True
2025-10-14,2025,3,1.2888697571809988,False
2025-10-15,2025,0,1.7344493013126663,False
2025-10-15,2025,1,1.6244942046106066,False
2025-10-15,2025,2,1.487701005455555,False
2025-10-15,2025,3,1.8711432727136827,True
2025-10-16,2025,0,1.4637019798982176,False
2025-10-16,2025,1,1.2161421780496013,False
2025-10-16,2025,2,1.4450819642360984,False
2025-10-16,2025,3,1.3705858045068402,False
2025-10-17,2025,0,1.5388111796567725,False
2025-10-17,2025,1,1.7307592021353773,False
2025-10-17,2025,2,1.6349638241099882,False
2025-10-17,2025,3,1.839164507140116,True
2025-10-20,2025,0,1.7446295594147714,False
2025-10-20,2025,1,1.7693558851609397,True
2025-10-20,2025,2,1.2192625376458204,False
2025-10-20,2025,3,1.3096653775419542,False
2025-10-21,2025,0,1.563484176965903,False
2025-10-21,2025,1,1.4294286789123842,False
2025-10-21,2025,2,1.3272185946810235,False
2025-10-21,2025,3,1.7629034349151071,True
2025-10-22,2025,0,1.633480992332748,False
2025-10-22,2025,1,1.688816304298819,False
2025-10-22,2025,2,1.6030379974028421,False
2025-10-22,2025,3,1.5209684791579678,False
2025-10-23,2025,0,1.671250375671999,False
2025-10-23,2025,1,1.6950653663460953,False
2025-10-23,2025,2,1.6251125582412635,False
2025-10-23,2025,3,1.4002438119078526,False
2025-10-24,2025,0,2.049814175581503,True
2025-10-24,2025,1,1.3360379394995108,False
2025-10-24,2025,2,1.3824745549050208,False
2025-10-24,2025,3,1.7186871802741703,False
2025-10-27,2025,0,1.4768682376279691,False
2025-10-27,2025,1,1.7102573951082924,False
2025-10-27,2025,2,1.590595818113948,False
2025-10-27,2025,3,2.824966048442994,True
2025-10-28,2025,0,1.4499005089203278,False
2025-10-28,2025,1,1.9063043399485207,True
2025-10-28,2025,2,1.3163254939525704,False
2025-10-28,2025,3,1.576383610308258,False
2025-10-29,2025,0,1.4522377572675003,False
2025-10-29,2025,1,1.4266841342957395,False
2025-10-29,2025,2,1.3302547881928344,False
2025-10-29,2025,3,1.4678923421466268,False
2025-10-30,2025,0,1.5918135253363388,False
2025-10-30,2025,1,1.6011463363579022,False
2025-10-30,2025,2,1.9241174050925978,True
2025-10-30,2025,3,1.6081079363086135,False
2025-10-31,2025,0,2.2758696227166637,True
2025-10-31,2025,1,1.3190040721099914,False
2025-10-31,2025,2,1.2460947577958614,False
2025-10-31,2025,3,1.3792217812511482,False
2025-11-03,2025,0,1.7402874155164307,False
2025-11-03,2025,1,1.5020106989713264,False
2025-11-03,2025,2,1.576321880646176,False
2025-11-03,2025,3,1.860007497013682,True
2025-11-04,2025,0,1.4799331876360422,False
2025-11-04,2025,1,1.6404432137263352,False
2025-11-04,2025,2,1.3114859703215518,False
2025-11-04,2025,3,1.6351680216173066,False
2025-11-05,2025,0,2.2327098028736456,True
2025-11-05,2025,1,1.1911616968336642,False
2025-11-05,2025,2,1.570727448735092,False
2025-11-05,2025,3,1.311945983901278,False
2025-11-06,2025,0,1.763787929466644,True
2025-11-06,2025,1,1.1395665418123275,False
2025-11-06,2025,2,1.5270619101201222,False
2025-11-06,2025,3,1.48279496401647,False
2025-11-07,2025,0,2.4524927764377646,True
2025-11-07,2025,1,1.3026484530103897,False
2025-11-07,2025,2,1.368838345012939,False
2025-11-07,2025,3,1.4179758207425421,False
2025-11-10,2025,0,1.4112825868704522,False
2025-11-10,2025,1,1.5988677266373184,False
2025-11-10,2025,2,1.675990427979898,False
2025-11-10,2025,3,1.5801056504975317,False
2025-11-11,2025,0,1.9822658750388413,True
2025-11-11,2025,1,1.427218894830143,False
2025-11-11,2025,2,1.5923421641797095,False
2025-11-11,2025,3,1.5493324905817882,False
2025-11-12,2025,0,2.4058680573850024,True
2025-11-12,2025,1,1.3999333596529966,False
2025-11-12,2025,2,1.579154179490866,False
2025-11-12,2025,3,1.8717679812535228,True
2025-11-13,2025,0,1.2638520870287455,False
2025-11-13,2025,1,1.4131585796193937,False
2025-11-13,2025,2,1.559712197697075,False
2025-11-13,2025,3,1.4132600591855924,False
2025-11-14,2025,0,2.7529412083409945,True
2025-11-14,2025,1,2.164469555697756,True
2025-11-14,2025,2,1.638841707708782,False
2025-11-14,2025,3,1.4424996264615275,False
2025-11-17,2025,0,1.6686306031799374,False
2025-11-17,2025,1,1.7090360057189544,False
2025-11-17,2025,2,1.4500676252149614,False
2025-11-17,2025,3,1.9158463710441724,True
2025-11-18,2025,0,1.5316969854140894,False
2025-11-18,2025,1,1.2795167571230293,False
2025-11-18,2025,2,1.5901157959328491,False
2025-11-18,2025,3,1.5530977359899505,False
2025-11-19,2025,0,1.595704466878803,False
2025-11-19,2025,1,1.852148560086069,True
2025-11-19,2025,2,1.6584454379721887,False
2025-11-19,2025,3,1.5006901355308115,False
2025-11-20,2025,0,1.8161240729866384,True
2025-11-20,2025,1,1.296068997097451,False
2025-11-20,2025,2,1.3161523772620296,False
2025-11-20,2025,3,1.4546677686865666,False
2025-11-21,2025,0,2.2072753709024866,True
2025-11-21,2025,1,1.5764429788430387,False
2025-11-21,2025,2,1.383185419813771,False
2025-11-21,2025,3,1.3221593151270483,False
2025-11-24,2025,0,1.4063916555111158,False
2025-11-24,2025,1,1.6385592805581513,False
2025-11-24,2025,2,1.2425499616720432,False
2025-11-24,2025,3,1.187004266568746,False
2025-11-25,2025,0,1.9310996841825387,True
2025-11-25,2025,1,1.347360227087834,False
2025-11-25,2025,2,1.723185745938389,False
2025-11-25,2025,3,1.4457446896032298,False
2025-11-26,2025,0,1.3508231217885598,False
2025-11-26,2025,1,1.4939117666905954,False
2025-11-26,2025,2,1.87971273999115,True
2025-11-26,2025,3,1.4697087919146543,False
2025-11-27,2025,0,1.9623300307529803,True
2025-11-27,2025,1,1.5305003935556274,False
2025-11-27,2025,2,1.4254701016039786,False
2025-11-27,2025,3,1.446117027676457,False
2025-11-28,2025,0,1.4289052963033824,False
2025-11-28,2025,1,1.9213656668605439,True
2025-11-28,2025,2,1.823565245127523,True
2025-11-28,2025,3,1.5672226236767415,False
2025-12-01,2025,0,2.4087198638763927,True
2025-12-01,2025,1,1.443278968053722,False
2025-12-01,2025,2,1.5197534072826184,False
2025-12-01,2025,3,1.3452624042719115,False
2025-12-02,2025,0,1.6444052159552804,False
2025-12-02,2025,1,1.3702490255154047,False
2025-12-02,2025,2,1.4298228975859486,False
2025-12-02,2025,3,1.233332667730058,False
2025-12-03,2025,0,1.4406556919989417,False
2025-12-03,2025,1,1.1461728639094093,False
2025-12-03,2025,2,1.275970941639734,False
2025-12-03,2025,3,1.607909434235341,False
2025-12-04,2025,0,1.4939724628401965,False
2025-12-04,2025,1,1.5435457670260981,False
2025-12-04,2025,2,1.456542143946341,False
2025-12-04,2025,3,1.412974108792102,False
2025-12-05,2025,0,1.5901804503599195,False
2025-12-05,2025,1,1.2438043409876804,False
2025-12-05,2025,2,1.2804308064271641,False
2025-12-05,2025,3,1.356624006782562,False
2025-12-08,2025,0,1.6066697261368537,False
2025-12-08,2025,1,1.36500121027082,False
2025-12-08,2025,2,1.3501615545753678,False
2025-12-08,2025,3,1.4931041768397648,False
2025-12-09,2025,0,1.483998313198599,False
2025-12-09,2025,1,1.2749707958740393,False
2025-12-09,2025,2,1.3134998920145062,False
2025-12-09,2025,3,1.4541902001619904,False
2025-12-10,2025,0,2.3977598858787306,True
2025-12-10,2025,1,2.126359900956408,True
2025-12-10,2025,2,1.1579739965010913,False
2025-12-10,2025,3,1.9132940946202142,True
2025-12-11,2025,0,1.1538710946863058,False
2025-12-11,2025,1,1.5192438167893088,False
2025-12-11,2025,2,1.3786322590429645,False
2025-12-11,2025,3,1.6277229488508986,False
2025-12-12,2025,0,1.627380130764387,False
2025-12-12,2025,1,1.4209723727299421,False
2025-12-12,2025,2,2.4226735561913286,True
2025-12-12,2025,3,1.472264490986874,False
2025-12-15,2025,0,2.703945153517091,True
2025-12-15,2025,1,1.4034735351117416,False
2025-12-15,2025,2,1.357773472725184,False
2025-12-15,2025,3,1.84087489664854,True
2025-12-16,2025,0,1.8675979734854842,True
2025-12-16,2025,1,1.5204260465350263,False
2025-12-16,2025,2,1.552893964062409,False
2025-12-16,2025,3,1.5512588491142607,False
2025-12-17,2025,0,1.5739300455953602,False
2025-12-17,2025,1,1.2924221723237397,False
2025-12-17,2025,2,1.2965227833959627,False
2025-12-17,2025,3,1.9904324690919926,True
2025-12-18,2025,0,1.8503882389738777,True
2025-12-18,2025,1,1.3687173111232844,False
2025-12-18,2025,2,2.1336922256648485,True
2025-12-18,2025,3,1.4517052601951705,False
2025-12-19,2025,0,1.5486227672549133,False
2025-12-19,2025,1,1.4779466323073978,False
2025-12-19,2025,2,1.7252177178271921,False
2025-12-19,2025,3,1.3708411649405527,False
2025-12-22,2025,0,3.0401795670693703,True
2025-12-22,2025,1,1.7271958347519718,False
2025-12-22,2025,2,1.5189654242031092,False
2025-12-22,2025,3,1.3488796711024944,False
2025-12-23,2025,0,1.6619412876027482,False
2025-12-23,2025,1,1.3685069936329657,False
2025-12-23,2025,2,1.4029051220539992,False
2025-12-23,2025,3,1.3486100968189443,False
2025-12-24,2025,0,1.4516079023684587,False
2025-12-24,2025,1,1.51062138062922,False
2025-12-24,2025,2,1.460879396148716,False
2025-12-24,2025,3,1.4137836834504525,False
2025-12-25,2025,0,1.6736041109844777,False
2025-12-25,2025,1,1.4586596918650767,False
2025-12-25,2025,2,1.4316328168513537,False
2025-12-25,2025,3,1.331269322012397,False
2025-12-26,2025,0,1.24012193359712,False
2025-12-26,2025,1,2.100453777763244,True
2025-12-26,2025,2,1.5225652379255243,False
2025-12-26,2025,3,1.9824187122736006,True
2025-12-29,2025,0,2.1341916718617395,True
2025-12-29,2025,1,1.5458899695610426,False
2025-12-29,2025,2,2.1588359922559057,True
2025-12-29,2025,3,1.2750723756641098,False
2025-12-30,2025,0,2.0797886303208264,True
2025-12-30,2025,1,1.2232775233630513,False
2025-12-30,2025,2,1.9099932127756554,True
2025-12-30,2025,3,1.5087626497708533,False
2025-12-31,2025,0,1.3570744845592493,False
2025-12-31,2025,1,1.3075628782649236,False
2025-12-31,2025,2,1.9031130442937452,True
2025-12-31,2025,3,1.6285711069172861,False
