day,slot,first_index,last_index,first_booking,last_booking,first_body_label,gross_log,net_proxy_log,price_abs_log,body_abs_log,gap_abs_log,top1_price_share,top2_price_share,top2_body_share,up_top2_share,down_top2_share,other10_body_median_over_top2_mean,body_dominated,large_body_pattern,body_pnl_log,gap_pnl_log,overnight_gap_abs_log
2025-04-01,0,2736,2747,2025-04-01 09:35:00,2025-04-01 10:30:00,2025-03-31 15:00:00,0.011812958554361526,0.011812958554361526,0.020495696378925937,0.015762002783155593,0.006217879583988076,0.2212066532491354,0.40970208756888726,0.3759246925664225,0.5198068201825706,0.9708352475781198,0.2881461415326581,True,False,0.0062373750566656495,0.005575583497696097,0.0051202889495527044
2025-04-01,1,2748,2759,2025-04-01 10:35:00,2025-04-01 11:30:00,2025-04-01 10:30:00,-0.008496000496496318,-0.008896040501830451,0.011047938293304081,0.01082489602693501,0.0008619908188599498,0.22548279576486957,0.4255093828676935,0.4360852061615349,0.7784504085620692,0.5995749963656571,0.20769123578835258,True,False,-0.008273112363837272,-0.0002228881326596611,0.0
2025-04-01,2,2760,2771,2025-04-01 13:05:00,2025-04-01 14:00:00,2025-04-01 11:30:00,0.006769546498146312,0.006769546498146312,0.009789083208469945,0.009875690358443425,0.0010793828635428369,0.28025974315727126,0.43637358274884075,0.41877190110333057,0.6781080331987401,0.5159481656624912,0.2118133984883002,True,False,0.006448870420516327,0.00032067607763029286,0.0
2025-04-01,3,2772,2783,2025-04-01 14:05:00,2025-04-01 15:00:00,2025-04-01 14:00:00,0.0013652811186193744,0.0013652811186193744,0.005074628463724037,0.005230931139539548,0.000839713893606069,0.23832331416255328,0.3941108819162068,0.384197421878302,0.7474374848625619,0.5422389903288966,0.24280060366543177,True,False,0.0015997346823158104,-0.00023445356369580588,0.0
2025-04-02,0,2784,2795,2025-04-02 09:35:00,2025-04-02 10:30:00,2025-04-01 15:00:00,0.0016608813265946351,0.0012608413212605019,0.01890248673169318,0.016428839542829046,0.00319496083880226,0.18351826176112157,0.3339647226866318,0.35156617216332614,0.48042088051082954,0.5920925569254853,0.37633971776565883,True,False,-0.0009498318629712044,0.0026107131895656056,0.0025022005040382113
2025-04-02,1,2796,2807,2025-04-02 10:35:00,2025-04-02 11:30:00,2025-04-02 10:30:00,-0.001904286805635411,-0.0023043268109695443,0.012393343114823471,0.012627341527623976,0.0006820327814303648,0.19045159247206572,0.3171069273245632,0.3258994426771629,0.692401304932873,0.4223038262929939,0.42112353655603596,True,False,-0.0019046373582164338,3.50552580692258e-07,0.0
2025-04-02,2,2808,2819,2025-04-02 13:05:00,2025-04-02 14:00:00,2025-04-02 11:30:00,0.0025605205393226197,0.0025605205393226197,0.009876120645039956,0.00967158186420225,0.0009675215172218079,0.17644622090885137,0.34657007653428984,0.37311065840172564,0.7807658944638484,0.537667707569821,0.3471874794467233,True,False,0.002921695546650064,-0.0003611750073273354,0.0
2025-04-02,3,2820,2831,2025-04-02 14:05:00,2025-04-02 15:00:00,2025-04-02 14:00:00,-0.0010758262893730353,-0.0010758262893730353,0.006695478061365216,0.0065486402764537805,0.0006947251849631715,0.27765419620679177,0.41225001529184013,0.4409057343394899,0.6473570939652757,0.6412692727436168,0.2169330045837461,True,False,-0.001124754211133555,4.89279217605742e-05,0.0
2025-04-03,0,2832,2843,2025-04-03 09:35:00,2025-04-03 10:30:00,2025-04-02 15:00:00,0.022552020638179106,0.02175194062751084,0.043807334195784746,0.03282365583977213,0.012115858593748459,0.2562539244381166,0.4499441969882419,0.41714502161514627,0.6712065573770428,0.6966640731277296,0.13635684746256937,True,False,0.011607594895818257,0.010944425742360916,0.010961842013697837
2025-04-03,1,2844,2855,2025-04-03 10:35:00,2025-04-03 11:30:00,2025-04-03 10:30:00,0.004048270277398817,0.004048270277398817,0.013972170752443074,0.013550309764103208,0.0012457310917871013,0.30394629214035057,0.5193110318043546,0.5029281302901452,0.9564884230785559,0.49361443307124614,0.15247103785286503,True,True,0.003292442578042133,0.0007558276993566977,0.0
2025-04-03,2,2856,2867,2025-04-03 13:05:00,2025-04-03 14:00:00,2025-04-03 11:30:00,-0.004165935793693724,-0.004565975799027858,0.016693828120704166,0.016525814667542053,0.001250090923761973,0.18706456422565237,0.3510256480690572,0.3533585862925953,0.49204809515705933,0.6793404615968393,0.43159327151613647,True,False,-0.004471375653979091,0.00030543986028516604,0.0
2025-04-03,3,2868,2879,2025-04-03 14:05:00,2025-04-03 15:00:00,2025-04-03 14:00:00,-0.0016387574627091757,-0.0016387574627091757,0.00797768607553788,0.007761971555667747,0.0007262284304336106,0.22249201053228998,0.3724156080372821,0.37266042694470847,0.5570033062602402,0.5774695376590514,0.32249531393140846,True,False,-0.0017758732104410139,0.00013711574773145026,0.0
2025-04-07,0,2880,2891,2025-04-07 09:35:00,2025-04-07 10:30:00,2025-04-03 15:00:00,-0.02235005045332994,-0.022750090458664073,0.15769573954238977,0.09712752045607785,0.062156336037529604,0.3701909389111986,0.5004904643793733,0.4038206595370442,0.5676383534451868,0.7360554382655592,0.31216368640798914,True,False,0.03380105594525852,-0.056151106398588585,0.05822038611515911
2025-04-07,1,2892,2903,2025-04-07 10:35:00,2025-04-07 11:30:00,2025-04-07 10:30:00,-0.015723378951012557,-0.016523458961680823,0.03263297619704953,0.03353775271635934,0.0021173206966997025,0.15913803198848392,0.3177827599619029,0.315708465124022,1.0,0.4099654903255185,0.4677457293143304,True,False,-0.015484100077486193,-0.0002392788735263192,0.0
2025-04-07,2,2904,2915,2025-04-07 13:05:00,2025-04-07 14:00:00,2025-04-07 11:30:00,0.024119383629718768,0.024119383629718768,0.038417969915207816,0.03676077512006714,0.0027482711095414445,0.19669173493703723,0.3325884507299224,0.3523184542443933,0.8763752325739896,0.4086317175257032,0.355627047783282,True,False,0.024630673622639238,-0.0005112899929200557,0.0
2025-04-07,3,2916,2927,2025-04-07 14:05:00,2025-04-07 15:00:00,2025-04-07 14:00:00,0.0055704160231467015,0.005170376017812561,0.14322860391437167,0.14045840613911786,0.004591771282902604,0.20267050420740226,0.37499125760971963,0.3801443644287625,0.743601670526013,0.36396258531549064,0.29804270297081836,True,False,0.0071362137237689326,-0.001565797700622244,0.0
2025-04-08,0,2928,2939,2025-04-08 09:35:00,2025-04-08 10:30:00,2025-04-07 15:00:00,0.00634752285619006,0.00634752285619006,0.061741344757404434,0.062381973490060166,0.01131410161207263,0.18548486906380093,0.3675154578123705,0.37238505670186606,0.5069806071703185,0.5908562509675567,0.3241498089388259,True,False,-0.00228809300920011,0.008635615865390219,0.008694254862079564
2025-04-08,1,2940,2951,2025-04-08 10:35:00,2025-04-08 11:30:00,2025-04-08 10:30:00,-0.011736302397906663,-0.012136342403240796,0.028019200491434856,0.028060634281576593,0.002655566898671645,0.19205463359675368,0.3546858186200232,0.32742862584827803,0.6150375643084538,0.5776448458425129,0.3672484409662241,True,False,-0.011712921962000238,-2.3380435906573095e-05,0.0
2025-04-08,2,2952,2963,2025-04-08 13:05:00,2025-04-08 14:00:00,2025-04-08 11:30:00,0.012648730078135972,0.012648730078135972,0.032959430788328706,0.03320869077997906,0.0023673321693426772,0.21182113049113688,0.3842589126131784,0.3868861805800023,0.6820855838932763,0.5553810894569505,0.3185673070880518,True,False,0.013686118011837955,-0.0010373879337020036,0.0
2025-04-08,3,2964,2975,2025-04-08 14:05:00,2025-04-08 15:00:00,2025-04-08 14:00:00,-0.014165273504834971,-0.014565313510169105,0.03633367759179388,0.036461573398887934,0.001332056554895328,0.19858122932816447,0.31239879864421893,0.3230829296090489,0.43311755904878246,0.673128095573308,0.434770110230049,True,False,-0.014573217864837692,0.00040794436000292144,0.0
2025-04-09,0,2976,2987,2025-04-09 09:35:00,2025-04-09 10:30:00,2025-04-08 15:00:00,0.057006625764270645,0.057006625764270645,0.09612669305679146,0.08324308745123678,0.022720694340034108,0.15873945551106802,0.290224650949065,0.28432273558731314,0.3194667748762189,0.9234442198297946,0.5488591609319371,True,False,0.07530439761010284,-0.018297771845832225,0.01849807166989733
2025-04-09,1,2988,2999,2025-04-09 10:35:00,2025-04-09 11:30:00,2025-04-09 10:30:00,-0.013319673250198137,-0.01371971325553227,0.03497937943068564,0.034942364645075205,0.0013508024397855317,0.25153359230400274,0.4801090463506555,0.4660486432594596,0.6758149510978673,0.6402615419389608,0.19423140270320874,True,False,-0.012563167709930613,-0.0007565055402675498,0.0
2025-04-09,2,3000,3011,2025-04-09 13:05:00,2025-04-09 14:00:00,2025-04-09 11:30:00,-0.009811854062763975,-0.010211894068098108,0.02622842875813017,0.026803283827514585,0.0016405510890025426,0.21967580642972676,0.3727916419730259,0.37090677850254594,0.4383674259119739,0.8070181313720194,0.3443541319996314,True,False,-0.010282804946869645,0.00047095088410544774,0.0
2025-04-09,3,3012,3023,2025-04-09 14:05:00,2025-04-09 15:00:00,2025-04-09 14:00:00,-0.004983568656636692,-0.005383608661970825,0.022004605531559064,0.021432970616628497,0.001427794820783201,0.17419721191075685,0.3225122377056414,0.31492959621962163,0.49359947481187144,0.5259158711756847,0.41635426809754345,True,False,-0.004800004788212324,-0.00018356386842387082,0.0
2025-04-10,0,3024,3035,2025-04-10 09:35:00,2025-04-10 10:30:00,2025-04-09 15:00:00,-0.01626026550065768,-0.016660305505991815,0.06625118483694589,0.042293075322068406,0.025677118367621495,0.41006174982216026,0.650022137370632,0.5738936721428816,0.7969354606536955,0.9358417934932692,0.08152111327403938,True,True,0.006689688699991173,-0.022949954200649027,0.023294489113466217
2025-04-10,1,3036,3047,2025-04-10 10:35:00,2025-04-10 11:30:00,2025-04-10 10:30:00,8.26442386943787e-05,-0.00031739576663975455,0.020300520841551085,0.019584202050413665,0.0013822315708173717,0.2401259778478555,0.3799507040070886,0.37931870136526635,0.9162253575555488,0.48699704011480555,0.3107094644185855,True,False,-0.000392869128917736,0.0004755133676122704,0.0
2025-04-10,2,3048,3059,2025-04-10 13:05:00,2025-04-10 14:00:00,2025-04-10 11:30:00,-0.0023744082305346787,-0.002774448235868812,0.014031325116751281,0.013111687668722264,0.0011420567712946627,0.2504283700007337,0.4167020324354583,0.426686279133089,0.5046924258109255,0.766770255103225,0.26183029304035493,True,False,-0.0015960463040675438,-0.0007783619264675625,0.0
2025-04-10,3,3060,3071,2025-04-10 14:05:00,2025-04-10 15:00:00,2025-04-10 14:00:00,-0.004774166309257699,-0.005174206314591832,0.014843206127615144,0.014349023049730571,0.0008379678086543973,0.1767159794578877,0.33920873008367297,0.350179079339448,0.6196940054873692,0.45917944958132245,0.45221654008285517,True,False,-0.0051876685063258435,0.00041350219706762063,0.0
2025-04-11,0,3072,3083,2025-04-11 09:35:00,2025-04-11 10:30:00,2025-04-10 15:00:00,-0.003211873212785955,-0.0040119532234542225,0.026579156934907047,0.02728601789592648,0.0015704569156710984,0.20709733282165177,0.39243125076318436,0.3804246337926529,0.5699028655797107,0.7051416970154883,0.2721862637146194,True,False,-0.0030516975636276354,-0.0001601756491589566,0.0003935319543232038
2025-04-11,1,3084,3095,2025-04-11 10:35:00,2025-04-11 11:30:00,2025-04-11 10:30:00,-0.0034657585249889848,-0.003865798530323118,0.02302354436484915,0.023230146908424253,0.0019147568675107615,0.2549569449477469,0.47921344778762215,0.4624240948811484,0.5856994161902978,0.8434096514912204,0.18492436604143872,True,False,-0.002518941454493561,-0.0009468170704959232,0.0
2025-04-11,2,3096,3107,2025-04-11 13:05:00,2025-04-11 14:00:00,2025-04-11 11:30:00,0.011957845816104882,0.011957845816104882,0.03529969486013988,0.03531123407943647,0.002240698105486739,0.3548755395408172,0.5118769768342454,0.5098058871459153,0.7647076352097457,0.5424745040705539,0.19655862293706705,True,True,0.011654307604291923,0.0003035382118133582,0.0
2025-04-11,3,3108,3119,2025-04-11 14:05:00,2025-04-11 15:00:00,2025-04-11 14:00:00,-0.002319582200835873,-0.002719622206170007,0.01445179151728107,0.013898998829761849,0.0009076024309721351,0.18285878564270314,0.33122908450243616,0.33097970108987973,0.7595904096320535,0.4757281932959046,0.38743611764250074,True,False,-0.00243791909915718,0.00011833689832115404,0.0
2025-04-14,0,3120,3131,2025-04-14 09:35:00,2025-04-14 10:30:00,2025-04-11 15:00:00,-0.002938761286258898,-0.003338801291593032,0.028788235033768973,0.024547997490457014,0.007478999685821412,0.1980970491195341,0.3742273516703771,0.3943357132161123,0.6164751784227444,0.6507232052394843,0.24734763300109155,True,False,0.0032982264938019143,-0.006236987780060297,0.0064533197351650294
2025-04-14,1,3132,3143,2025-04-14 10:35:00,2025-04-14 11:30:00,2025-04-14 10:30:00,0.006118453082863224,0.006118453082863224,0.01687821351129953,0.016583194648370676,0.001255543388178541,0.23628162558422217,0.42518552251999525,0.4309794836327581,0.6241228050701498,0.794867460972882,0.2422677846918409,True,False,0.005707039226039151,0.00041141385682437205,0.0
2025-04-14,2,3144,3155,2025-04-14 13:05:00,2025-04-14 14:00:00,2025-04-14 11:30:00,-0.003200870003337925,-0.0036009100086720584,0.010200325872153818,0.010485731276705934,0.0009359371126078525,0.3998941523003912,0.5361755470908598,0.5074849804119428,0.6076550840529147,0.6999037860886748,0.18521223379087617,True,True,-0.0035848771394764484,0.00038400713613812395,0.0
2025-04-14,3,3156,3167,2025-04-14 14:05:00,2025-04-14 15:00:00,2025-04-14 14:00:00,-0.0002957588206977753,-0.0002957588206977753,0.008928477910003672,0.00854435221843722,0.0006602528240165138,0.12021140204977021,0.23723810962108202,0.23634969502776795,0.45926297925829274,0.4632184062560393,0.8010102378257823,True,False,-8.912940357160839e-05,-0.00020662941712641135,0.0
2025-04-15,0,3168,3179,2025-04-15 09:35:00,2025-04-15 10:30:00,2025-04-14 15:00:00,0.014466026362872288,0.014466026362872288,0.024078047168139487,0.021102904302349054,0.0035756401560396328,0.21035193580203015,0.38148252435475993,0.424407365300723,0.754415137271535,0.47661564405456425,0.29441799479542646,True,False,0.012270386043245016,0.002195640319627205,0.002576570442429914
2025-04-15,1,3180,3191,2025-04-15 10:35:00,2025-04-15 11:30:00,2025-04-15 10:30:00,-0.0120613325938488,-0.012461372599182933,0.018219338708994712,0.017810902709738834,0.0009082852443858832,0.2827316587781986,0.541892310256138,0.5414790226752255,0.6664060512344357,0.7343835022822662,0.16170640118963128,True,True,-0.011912840652549397,-0.00014849194129960684,0.0
2025-04-15,2,3192,3203,2025-04-15 13:05:00,2025-04-15 14:00:00,2025-04-15 11:30:00,-0.0018506198383058691,-0.0026506998489741356,0.014744503554982991,0.014615213253829293,0.0008508149251407848,0.2183669999816409,0.363469610037125,0.36464938121252033,0.644986567663905,0.5106774122228867,0.32334530784207255,True,False,-0.0017400571179661995,-0.00011056272033936269,0.0
2025-04-15,3,3204,3215,2025-04-15 14:05:00,2025-04-15 15:00:00,2025-04-15 14:00:00,0.006298040728245158,0.006298040728245158,0.015153140465102327,0.014266156828571153,0.0009864420852981229,0.1878367029934012,0.35807495630433384,0.3698642397262668,0.5058891686204828,0.6803133910645058,0.42111243426634004,True,False,0.005969711491320476,0.0003283292369242576,0.0
2025-04-16,0,3216,3227,2025-04-16 09:35:00,2025-04-16 10:30:00,2025-04-15 15:00:00,-0.007360998692008445,-0.007761038697342578,0.039104304295628445,0.02888120239319468,0.011655454202423227,0.28045799969039437,0.5360082493628391,0.5466810221224893,0.8152256545835638,0.6482744593209965,0.1809274726699748,True,True,-0.01718337445428464,0.009822375762275928,0.010301114271418246
2025-04-16,1,3228,3239,2025-04-16 10:35:00,2025-04-16 11:30:00,2025-04-16 10:30:00,0.003320059480680385,0.003320059480680385,0.011245234340843343,0.011225147312099457,0.0004192264669901115,0.3043989448473842,0.4535643932867775,0.4419191846160869,0.770784913961102,0.6289691858300197,0.22311758880763427,True,False,0.003199997445036749,0.00012006203564347777,0.0
2025-04-16,2,3240,3251,2025-04-16 13:05:00,2025-04-16 14:00:00,2025-04-16 11:30:00,-0.015963633232310075,-0.016763713242978342,0.02733432008097297,0.027172439537032383,0.0010169169734469033,0.2064654307371366,0.33957206713867644,0.3478119733124689,0.5985926970559559,0.5767498816524103,0.36627334036377096,True,False,-0.016482342690186096,0.0005187094578767415,0.0
2025-04-16,3,3252,3263,2025-04-16 14:05:00,2025-04-16 15:00:00,2025-04-16 14:00:00,0.009039135836683447,0.008639095831349313,0.014357003228987966,0.014247643541384065,0.0014230774339093072,0.17681093089583894,0.3524861170244821,0.36075043949074426,0.4689166338696584,0.7263273370925156,0.3914333335546813,True,False,0.008889914514455421,0.00014922132222810534,0.0
2025-04-17,0,3264,3275,2025-04-17 09:35:00,2025-04-17 10:30:00,2025-04-16 15:00:00,0.008097050903623731,0.008097050903623731,0.029619655570171377,0.026930832436246797,0.008031066915351746,0.2130925616447166,0.3695362881592531,0.3692563571040609,0.5189917083650134,0.681872636248311,0.3645879769760916,True,False,0.014558475428010061,-0.006461424524386542,0.006804698534781459
2025-04-17,1,3276,3287,2025-04-17 10:35:00,2025-04-17 11:30:00,2025-04-17 10:30:00,-0.0006273156975828754,-0.0006273156975828754,0.013712031087468667,0.014349880390052671,0.0008532924656112402,0.23453887466463352,0.45140222083736625,0.44366171047025577,0.6719669999599441,0.863308681749287,0.1369673895602582,True,False,-0.0004607462804823846,-0.0001665694171005142,0.0
2025-04-17,2,3288,3299,2025-04-17 13:05:00,2025-04-17 14:00:00,2025-04-17 11:30:00,-0.001786063867158145,-0.002186103872492279,0.010261317180723853,0.009997069244597713,0.0008538429142147667,0.22905514614742875,0.39411154281975613,0.3761270710816474,0.69663360559717,0.5092821572438023,0.3607194350666044,True,False,-0.0015207488230937357,-0.0002653150440641551,0.0
2025-04-17,3,3300,3311,2025-04-17 14:05:00,2025-04-17 15:00:00,2025-04-17 14:00:00,0.0033147299634959234,0.0033147299634959234,0.015691233131660633,0.01532722216856083,0.0007769591421047935,0.20717211825772064,0.34736708910993536,0.34666333506323127,0.8808009667077219,0.3507146846359807,0.36090670306537054,True,False,0.0030678854201067743,0.0002468445433892842,0.0
2025-04-18,0,3312,3323,2025-04-18 09:35:00,2025-04-18 10:30:00,2025-04-17 15:00:00,0.0073968198807129225,0.0073968198807129225,0.012338632172849875,0.01027902025530292,0.006178597953201558,0.3090660834958249,0.5874191696480935,0.5259750470070772,0.8795443442380443,0.7345105696993923,0.16337837180460996,True,True,0.0021508749609780798,0.0052459449197347985,0.005226011736255209
2025-04-18,1,3324,3335,2025-04-18 10:35:00,2025-04-18 11:30:00,2025-04-18 10:30:00,0.003460039046543327,0.003460039046543327,0.008963513442152588,0.009044087975039876,0.0008350619489216244,0.21748988012514203,0.37803906671150506,0.4026579291778223,0.581520795189731,0.545505524158346,0.29423436744311027,True,False,0.003520420634908691,-6.0381588365429866e-05,0.0
2025-04-18,2,3336,3347,2025-04-18 13:05:00,2025-04-18 14:00:00,2025-04-18 11:30:00,-0.007916550938165057,-0.00831659094349919,0.01362121135102772,0.013563765265989864,0.0011510034162026297,0.38767951243285315,0.5058671098097884,0.478850326439487,0.6398550346811289,0.6689556082366369,0.20061922703332608,True,False,-0.007302302595964879,-0.0006142483422003817,0.0
2025-04-18,3,3348,3359,2025-04-18 14:05:00,2025-04-18 15:00:00,2025-04-18 14:00:00,-0.000701820313390159,-0.000701820313390159,0.00855723681488396,0.008577252662221745,0.0005542032815887438,0.22302554989519927,0.3675107001716278,0.3701105119169593,0.7453436775088597,0.48289743096494675,0.35215905508054524,True,False,-0.0008007447846363629,9.89244712460128e-05,0.0
2025-04-21,0,3360,3371,2025-04-21 09:35:00,2025-04-21 10:30:00,2025-04-18 15:00:00,0.007408462942851355,0.007408462942851355,0.01461857006081903,0.015248892231675333,0.005384189119112398,0.24810021553082945,0.4007077779380851,0.393159976238456,0.4746175722812631,0.9128753996782352,0.3700638830100911,True,False,0.0033796195919932434,0.004028843350858756,0.004165415316236448
2025-04-21,1,3372,3383,2025-04-21 10:35:00,2025-04-21 11:30:00,2025-04-21 10:30:00,-0.0001570567567081681,-0.0001570567567081681,0.009770759390305342,0.00960463149706778,0.0008141154515018054,0.20375997032998347,0.3623257943860361,0.3900573469710506,0.5385781244043558,0.7131876951432404,0.25137188098211305,True,False,-0.0009319053209932403,0.000774848564284983,0.0
2025-04-21,2,3384,3395,2025-04-21 13:05:00,2025-04-21 14:00:00,2025-04-21 11:30:00,-0.0027490086103588744,-0.0035490886210271418,0.006379558913361669,0.0067816845637315454,0.0008734641652670225,0.19540846426311553,0.3306708487296786,0.3096091448271219,0.4425403344523994,0.6725285501515876,0.4299047909436152,True,False,-0.002621459751139684,-0.00012754885921990224,0.0
2025-04-21,3,3396,3407,2025-04-21 14:05:00,2025-04-21 15:00:00,2025-04-21 14:00:00,0.0005196460640992226,0.0005196460640992226,0.007011215296863675,0.006844120728011073,0.0006179263747238402,0.14400225119760318,0.2810779240682425,0.2849964611089916,0.5233658532218616,0.5105236928270739,0.5635985118988007,True,False,0.00045086608664547656,6.877997745346928e-05,0.0
2025-04-22,0,3408,3419,2025-04-22 09:35:00,2025-04-22 10:30:00,2025-04-21 15:00:00,-0.009514942786533323,-0.01031502279720159,0.027922594296401062,0.02647916205717166,0.002073893060790585,0.21832616904914676,0.3546183902622985,0.358721554385188,0.4949539802000028,0.5937858280408146,0.3429388490320958,True,False,-0.008170132357097199,-0.0013448104294360049,0.0009716218505802941
2025-04-22,1,3420,3431,2025-04-22 10:35:00,2025-04-22 11:30:00,2025-04-22 10:30:00,-0.005006938263713508,-0.0054069782690476425,0.011541016667588843,0.011717688748402325,0.0005889841120326984,0.19797572385055415,0.3450585275090968,0.354100615916898,0.50261750025973,0.548411337814786,0.3597467289813608,True,False,-0.005164066270428387,0.00015712800671482537,0.0
2025-04-22,2,3432,3443,2025-04-22 13:05:00,2025-04-22 14:00:00,2025-04-22 11:30:00,-0.0006395571446333452,-0.0010395971499674785,0.012915403450745398,0.013052958291402444,0.0011166418409721123,0.34348528182398336,0.45420570011407024,0.4629426121163006,0.7222034646739364,0.5303973322709641,0.17685671643404885,True,False,-0.000737115371954238,9.755822732082181e-05,0.0
2025-04-22,3,3444,3455,2025-04-22 14:05:00,2025-04-22 15:00:00,2025-04-22 14:00:00,-0.0003596564690961924,-0.0007596964744303261,0.007952541673710005,0.008148421458635481,0.0005492206641397378,0.19580560022150512,0.3845309673417689,0.37527603920694763,0.756695685831803,0.5222123689783967,0.30762714861979235,True,False,-0.0005557594261827502,0.00019610295708714055,0.0
2025-04-23,0,3456,3467,2025-04-23 09:35:00,2025-04-23 10:30:00,2025-04-22 15:00:00,0.005047478602678819,0.005047478602678819,0.015070396967697838,0.013390345661049312,0.0036294978264168874,0.21715536949982475,0.40695136527971915,0.44252168932341834,0.6500600082710872,0.609698434594419,0.17455109895260953,True,False,0.007413528213754925,-0.0023660496110761552,0.0027515199844090348
2025-04-23,1,3468,3479,2025-04-23 10:35:00,2025-04-23 11:30:00,2025-04-23 10:30:00,3.824491689488518e-05,-0.0003617950884392485,0.01092675174687648,0.01132083016090058,0.0011653947794396991,0.16364309464754165,0.29644163772455484,0.2930955552101967,0.4923503976007656,0.5223219365632844,0.43218659664064407,True,False,-0.00033827522764355,0.00037652014453883184,0.0
2025-04-23,2,3480,3491,2025-04-23 13:05:00,2025-04-23 14:00:00,2025-04-23 11:30:00,0.0005520776992393928,0.00015203769390525947,0.010409709367053165,0.01052812686261604,0.00047239826190379906,0.1804536869522059,0.30714501899489727,0.3120987395990555,0.4540228600385524,0.6004675813982634,0.46418512233519255,True,False,0.0006505920636445683,-9.851436440473768e-05,0.0
2025-04-23,3,3492,3503,2025-04-23 14:05:00,2025-04-23 15:00:00,2025-04-23 14:00:00,0.0014399844681751127,0.0014399844681751127,0.006001170425536723,0.0061985008873868515,0.0006514629220429741,0.1941222146472141,0.381449483730544,0.3645268829606014,0.6580122757521509,0.6152656122060939,0.2576712075372406,True,False,0.0015584580859052412,-0.0001184736177303795,0.0
2025-04-24,0,3504,3515,2025-04-24 09:35:00,2025-04-24 10:30:00,2025-04-23 15:00:00,0.0025398156722521324,0.0025398156722521324,0.010422914629238993,0.009868286710691124,0.0015634674175980963,0.17968270094469824,0.3230270647276536,0.3240023179359813,0.7062152523821236,0.40893916722978646,0.42993774780922733,True,False,0.001728346973550406,0.0008114686987017515,0.00031605250685310066
2025-04-24,1,3516,3527,2025-04-24 10:35:00,2025-04-24 11:30:00,2025-04-24 10:30:00,0.006791265006363797,0.006791265006363797,0.012338122517977852,0.013004442996162378,0.0010645595953310703,0.3119441177158337,0.44806518980058746,0.43578030718184607,0.8308720840563767,0.5779885216676228,0.19516684367201514,True,False,0.006979024965078038,-0.00018775995871407649,0.0
2025-04-24,2,3528,3539,2025-04-24 13:05:00,2025-04-24 14:00:00,2025-04-24 11:30:00,-0.0012447525285088287,-0.0016447925338429622,0.007403492071803812,0.0072936527288261915,0.0007871781063093615,0.15595452764736653,0.29455486016978455,0.2976263022954028,0.5079660094498807,0.6026623241281631,0.4222504427923169,True,False,-0.0018126732077434356,0.000567920679234421,0.0
2025-04-24,3,3540,3551,2025-04-24 14:05:00,2025-04-24 15:00:00,2025-04-24 14:00:00,7.967095898181627e-05,7.967095898181627e-05,0.005099844440233067,0.004990242868003863,0.000567738149089203,0.22458640096645788,0.35936910694582536,0.3433220289897501,0.527018660890116,0.6586951798289572,0.4011407161199115,True,False,0.00014942305440811656,-6.975209542645141e-05,0.0
2025-04-25,0,3552,3563,2025-04-25 09:35:00,2025-04-25 10:30:00,2025-04-24 15:00:00,-0.008538653025054653,-0.00933873303572292,0.016193071055211155,0.017269363000164736,0.002294149084553208,0.1833688239551964,0.35955779462023263,0.3250093711685529,0.5545611207024225,0.6075984397536645,0.4353622363295197,True,False,-0.008298426642051117,-0.00024022638300388326,0.000548029846467445
2025-04-25,1,3564,3575,2025-04-25 10:35:00,2025-04-25 11:30:00,2025-04-25 10:30:00,0.006004768069021618,0.006004768069021618,0.015093727123401002,0.014706909047092123,0.0007452736327086374,0.1939664443130467,0.35291674901379233,0.35206581382723157,0.46113360348067095,0.7638836278160376,0.3529552263442145,True,False,0.0058564340476336295,0.00014833402138758581,0.0
2025-04-25,2,3576,3587,2025-04-25 13:05:00,2025-04-25 14:00:00,2025-04-25 11:30:00,0.000526709522369757,0.00012666951703562383,0.005849969167427242,0.00591941583628358,0.0007450215202041853,0.21551439199029007,0.39559186307990996,0.3873726449816798,0.7540179492619437,0.5959646732724995,0.2988462030096832,True,False,0.00039717607350813134,0.00012953344886194653,0.0
2025-04-25,3,3588,3599,2025-04-25 14:05:00,2025-04-25 15:00:00,2025-04-25 14:00:00,0.0018304637973739996,0.0018304637973739996,0.0076293680913507855,0.007818947676502357,0.0006673694733642249,0.22340898883719412,0.3654844862892427,0.3697487687262903,0.6599833217394052,0.5895275329157607,0.275531995259409,True,False,0.0018605569794943842,-3.0093182120550504e-05,0.0
2025-04-28,0,3600,3611,2025-04-28 09:35:00,2025-04-28 10:30:00,2025-04-25 15:00:00,0.0029916555186032864,0.0029916555186032864,0.016345889468603356,0.01628606374373055,0.0011961766312373193,0.19004824949329538,0.37703391663468605,0.38332311868058977,0.7561666771099602,0.637408185093039,0.20177854932200795,True,False,0.0028126132245926694,0.0001790422940109157,0.000517768429685172
2025-04-28,1,3612,3623,2025-04-28 10:35:00,2025-04-28 11:30:00,2025-04-28 10:30:00,0.0024853088634674367,0.0020852688581333044,0.013721974947025014,0.014129135930940413,0.0007451123479992164,0.19091224274975288,0.355290837795811,0.33872203207128326,0.5169406920545127,0.6571136447274437,0.3905377844242586,True,False,0.0025742900881943484,-8.89812247268103e-05,0.0
2025-04-28,2,3624,3635,2025-04-28 13:05:00,2025-04-28 14:00:00,2025-04-28 11:30:00,5.221343121808138e-05,-0.0003478265741160524,0.00794533178413638,0.007746678125011381,0.0005965792960703362,0.16638313748660588,0.3202088633489837,0.3309880955707476,0.7187443243208087,0.4520633637252387,0.26363974214355707,True,False,9.198931969025236e-05,-3.977588847235989e-05,0.0
2025-04-28,3,3636,3647,2025-04-28 14:05:00,2025-04-28 15:00:00,2025-04-28 14:00:00,-1.993401839963727e-05,-1.993401839963727e-05,0.005360479436146402,0.005270784161898582,0.0004682850699664736,0.18402709113877194,0.34945074954384525,0.3629555238433756,0.696312122739563,0.43662520555203305,0.3072366304442446,True,False,-0.0003088269253147027,0.00028889290691500735,0.0
2025-04-29,0,3648,3659,2025-04-29 09:35:00,2025-04-29 10:30:00,2025-04-28 15:00:00,3.900758454736101e-05,-0.00036103242078677224,0.021787708889877747,0.01628884936264335,0.006862038204172748,0.2914074510428202,0.44667446628030066,0.3374442521757371,0.5656994220709038,0.6957938706702878,0.40789200264437786,True,False,-0.005701172963017947,0.005740180547565599,0.005860602832895389
2025-04-29,1,3660,3671,2025-04-29 10:35:00,2025-04-29 11:30:00,2025-04-29 10:30:00,-0.0035890067130933366,-0.00398904671842747,0.007234212838285519,0.0072842474355646215,0.0008505780040973391,0.2187479158695459,0.3844904751041402,0.3763350134195543,0.6206417113933659,0.7165452695025449,0.24454009722886136,True,False,-0.0035590515277041483,-2.995518538903982e-05,0.0
2025-04-29,2,3672,3683,2025-04-29 13:05:00,2025-04-29 14:00:00,2025-04-29 11:30:00,0.00023950250082378473,-0.00016053750451034852,0.005756001538308308,0.006095616360497543,0.0005195186189762432,0.19967268524011336,0.30387628618189927,0.31152834746508556,0.5272513827472365,0.4591402646188449,0.4261381910609893,True,False,0.0006591164964541964,-0.000419613995630894,0.0
2025-04-29,3,3684,3695,2025-04-29 14:05:00,2025-04-29 15:00:00,2025-04-29 14:00:00,0.0019147732556293849,0.0019147732556293849,0.007968478359462208,0.00802823874914187,0.00027885831796325674,0.17884280310925282,0.33750918753797915,0.3325171197604757,0.5442408554911883,0.6250458082958141,0.4736743401360712,True,False,0.001695639920846742,0.00021913333478262498,0.0
2025-04-30,0,3696,3707,2025-04-30 09:35:00,2025-04-30 10:30:00,2025-04-29 15:00:00,0.007306186148011708,0.007306186148011708,0.02112410908942321,0.018396668358148068,0.0046285789192425115,0.23359988492364048,0.427155333083753,0.476954584303289,0.6347648365120684,0.716606087349147,0.20288985144730085,True,False,0.010348609224194545,-0.0030424230761830254,0.0032127419728000947
2025-04-30,1,3708,3719,2025-04-30 10:35:00,2025-04-30 11:30:00,2025-04-30 10:30:00,0.001897215023476168,0.001897215023476168,0.008597208826599813,0.009100697390986956,0.0007606111286599966,0.18177742730103968,0.30586709843390586,0.31161642318622473,0.368966313450944,0.7849569404665673,0.5398811364689083,True,False,0.002222942526407071,-0.0003257275029309993,0.0
2025-04-30,2,3720,3731,2025-04-30 13:05:00,2025-04-30 14:00:00,2025-04-30 11:30:00,0.00020728968808038871,0.00020728968808038871,0.006782230162314673,0.007068783754259302,0.0007601797912157495,0.21981278038484042,0.3697498042799632,0.3561604567199724,0.4914704094445621,0.6997215278447663,0.39594898871686013,True,False,7.903982974779536e-05,0.0001282498583322463,0.0
2025-04-30,3,3732,3743,2025-04-30 14:05:00,2025-04-30 15:00:00,2025-04-30 14:00:00,-0.0003356334124951171,-0.0003356334124951171,0.0049569988417852125,0.004809125050033911,0.0007801354697091951,0.17537839717194753,0.3129039075253012,0.35951698915879376,0.5513759354575584,0.4852033763091745,0.38825591565761425,True,False,-0.0006813511425014481,0.0003457177300065868,0.0
2025-05-06,0,3744,3755,2025-05-06 09:35:00,2025-05-06 10:30:00,2025-04-30 15:00:00,0.012802262426613574,0.012802262426613574,0.02087501157502294,0.017939348978824154,0.005023315689628748,0.18487645347408663,0.35484331375081546,0.3559436761152727,0.3531025591207079,1.0,0.3645121417629087,True,False,0.009075551267670576,0.003726711158942616,0.00396282174307157
2025-05-06,1,3756,3767,2025-05-06 10:35:00,2025-05-06 11:30:00,2025-05-06 10:30:00,-0.0020881723401338387,-0.0020881723401338387,0.005291506636454568,0.005350342713094749,0.0007032610706620342,0.3171119640044809,0.4831770828942578,0.512640649062099,0.5609399607751532,0.6929121846163806,0.14603349264529503,True,False,-0.0027132795988014545,0.0006251072586676581,0.0
2025-05-06,2,3768,3779,2025-05-06 13:05:00,2025-05-06 14:00:00,2025-05-06 11:30:00,0.0021856439272433794,0.0021856439272433794,0.008992079507236324,0.008865570479466994,0.0008285687412030463,0.26799057181593566,0.443791064507038,0.44024037226270113,0.7000707070731096,0.7164502056839581,0.18233472605116796,True,False,0.0015519910078780938,0.0006336529193656115,0.0
2025-05-06,3,3780,3791,2025-05-06 14:05:00,2025-05-06 15:00:00,2025-05-06 14:00:00,-0.0025538823535790353,-0.0029539223589131695,0.004971301478219194,0.004912886296535957,0.00046779296746570555,0.15676469498574297,0.30963260978849455,0.30933399724267113,0.5229348290677795,0.6730090698990382,0.5004928092229759,True,False,-0.002592659026639711,3.877667306019061e-05,0.0
2025-05-07,0,3792,3803,2025-05-07 09:35:00,2025-05-07 10:30:00,2025-05-06 15:00:00,-0.017693813016767968,-0.018493893027436235,0.03662483112127395,0.019719358834189467,0.018014349860758404,0.4545698098404946,0.5740295742056166,0.38092155179922865,0.9376736984586022,0.46361909044522215,0.3434886367158909,True,False,-0.0003556235190066737,-0.017338189497761485,0.01704787048380634
2025-05-07,1,3804,3815,2025-05-07 10:35:00,2025-05-07 11:30:00,2025-05-07 10:30:00,0.0007670685251759217,0.0007670685251759217,0.014039048261335198,0.01393186504931841,0.0006117044829200386,0.16616624891716014,0.3079366073749879,0.2979429579932237,0.549526730356985,0.5839663369814576,0.4698238694154309,True,False,0.00029127117214058527,0.00047579735303505336,0.0
2025-05-07,2,3816,3827,2025-05-07 13:05:00,2025-05-07 14:00:00,2025-05-07 11:30:00,0.0041562698231584734,0.0041562698231584734,0.00742206213316542,0.0072472332188987555,0.0006034158904393961,0.17265304167634757,0.3361446828663362,0.3295290700386652,0.9821063024761628,0.3982399673646267,0.35477095021049904,True,False,0.004214323887575026,-5.805406441661974e-05,0.0
2025-05-07,3,3828,3839,2025-05-07 14:05:00,2025-05-07 15:00:00,2025-05-07 14:00:00,-0.0005785908486946245,-0.0009786308540287577,0.012571077681022306,0.012318948355667849,0.0009165604970450326,0.1848465674907881,0.3498648122011765,0.3435762140306054,0.5246481116331426,0.6667478256815069,0.3600920406763388,True,False,-0.00028452712341365486,-0.0002940637252812801,0.0
2025-05-08,0,3840,3851,2025-05-08 09:35:00,2025-05-08 10:30:00,2025-05-07 15:00:00,-0.004477738602964581,-0.004877778608298715,0.017083851854035957,0.01312935240457519,0.006326871576250092,0.2604071208351537,0.37431580906530976,0.2804041418066737,0.46407568959906637,0.6242068572466327,0.41250443117954033,True,False,0.0008948295253150181,-0.005372568128279306,0.005079907379834052
2025-05-08,1,3852,3863,2025-05-08 10:35:00,2025-05-08 11:30:00,2025-05-08 10:30:00,-0.003649966252148718,-0.004050006257482852,0.010340472955560167,0.01063241943823776,0.0006040973516109026,0.43056289428494143,0.5825688168571778,0.5720436371330887,0.9310959036525736,0.6653294374281928,0.11684550476584002,True,True,-0.0036886182296380545,3.865197748957597e-05,0.0
2025-05-08,2,3864,3875,2025-05-08 13:05:00,2025-05-08 14:00:00,2025-05-08 11:30:00,-0.0035395079380649915,-0.003939547943399125,0.007424676361606098,0.007122583689850778,0.0004778429688027731,0.26553887338133886,0.41785257831087697,0.41777526240200163,0.827178410249094,0.48278611863645393,0.15072475336018093,True,False,-0.003256630218171788,-0.0002828777198934414,0.0
2025-05-08,3,3876,3887,2025-05-08 14:05:00,2025-05-08 15:00:00,2025-05-08 14:00:00,0.0007209074351990153,0.0003208674298648818,0.005205294869452668,0.004971620859000108,0.0007991190304889265,0.14799829055338354,0.29412389731973,0.325470365943764,0.47843492543360666,0.6097238940077181,0.3918953412530445,True,False,0.00048685031760395284,0.00023405711759496997,0.0
2025-05-09,0,3888,3899,2025-05-09 09:35:00,2025-05-09 10:30:00,2025-05-08 15:00:00,-0.002401706769769563,-0.0028017467751036964,0.019640825308876026,0.013590028514088782,0.006504307822057881,0.298884216949628,0.4596530883642457,0.4026837180541741,0.6743138062663314,0.5298043635676741,0.26273401854342743,True,False,0.003747167002216555,-0.006148873771985822,0.005519667399113875
2025-05-09,1,3900,3911,2025-05-09 10:35:00,2025-05-09 11:30:00,2025-05-09 10:30:00,0.0035137940053539727,0.0035137940053539727,0.006051867004774728,0.006051639692000732,0.0006935821004610415,0.2108725854885457,0.3763607343788647,0.35999236214451413,0.7502821503232958,0.4762211639882462,0.3914042756196168,True,False,0.0033545536513868053,0.00015924035396743552,0.0
2025-05-09,2,3912,3923,2025-05-09 13:05:00,2025-05-09 14:00:00,2025-05-09 11:30:00,-0.002930910744711552,-0.003330950750045686,0.008948852657632289,0.008870023135190731,0.0006332540216228529,0.1428278491269972,0.284260532038172,0.28706348516483304,0.4639799815084383,0.6977467917546327,0.4507613914722165,True,False,-0.003386025993543611,0.00045511524883187207,0.0
2025-05-09,3,3924,3935,2025-05-09 14:05:00,2025-05-09 15:00:00,2025-05-09 14:00:00,-0.00018523772010741975,-0.0005852777254415534,0.006314426440949325,0.0063344279474947885,0.0006546991500549894,0.21316084334607005,0.4014825024123,0.3783051429937582,0.7137741001439978,0.5145583753823473,0.3065431304228923,True,False,-0.00018540564494855857,1.679248410583372e-07,0.0
2025-05-12,0,3936,3947,2025-05-12 09:35:00,2025-05-12 10:30:00,2025-05-09 15:00:00,-0.003908072749080405,-0.004308112754414538,0.019302731400248865,0.017776319935712073,0.004263748228372578,0.2151130202101982,0.4088749544318779,0.43898574232678034,0.5946180431711692,0.5532275865376435,0.18246002681364715,True,False,-0.0005168448654826084,-0.0033912278835976284,0.0026199848260791436
2025-05-12,1,3948,3959,2025-05-12 10:35:00,2025-05-12 11:30:00,2025-05-12 10:30:00,-0.0009481967607404617,-0.0013482367660745949,0.009075117823983337,0.008986113988492726,0.0006833144471076214,0.24069612983543526,0.39181530014709454,0.3824975325855609,0.7518066649947132,0.4469457875716113,0.3057527930024426,True,False,-0.0006216689820120736,-0.0003265277787281331,0.0
2025-05-12,2,3960,3971,2025-05-12 13:05:00,2025-05-12 14:00:00,2025-05-12 11:30:00,0.001291373803653194,0.001291373803653194,0.00850240384666182,0.008889332988426778,0.000863859960276228,0.20802954532437465,0.3599129217133135,0.32970309503401685,0.614451030732635,0.6249120858773312,0.34536900337216203,True,False,0.001559389387981574,-0.00026801558432794766,0.0
2025-05-12,3,3972,3983,2025-05-12 14:05:00,2025-05-12 15:00:00,2025-05-12 14:00:00,-1.6842057496848305e-05,-0.000416882062830982,0.007326574204710712,0.007009517510867242,0.00047575580541862596,0.2817735604530596,0.4142915274295794,0.4316089376217204,0.4821491382375251,0.8750041764808637,0.26872661677566806,True,False,-0.00015559127052732966,0.00013874921303045457,0.0
2025-05-13,0,3984,3995,2025-05-13 09:35:00,2025-05-13 10:30:00,2025-05-12 15:00:00,0.002745383891712925,0.0023453438863787913,0.02815436826693563,0.0191476517563795,0.009932318560313957,0.3146837040698013,0.5204812661626509,0.5195389243928311,0.9146456171605135,0.4999560512343205,0.16929706720240478,True,True,-0.005830488716730915,0.008575872608444172,0.00896849339440331
2025-05-13,1,3996,4007,2025-05-13 10:35:00,2025-05-13 11:30:00,2025-05-13 10:30:00,0.005154701490472535,0.005154701490472535,0.011205050734854883,0.010908825433911999,0.000632312306402052,0.16053568570018115,0.31207399158897764,0.31692540359258503,0.8823410919372822,0.38350902432332745,0.42035865564096736,True,False,0.004680537802464849,0.0004741636880076533,0.0
2025-05-13,2,4008,4019,2025-05-13 13:05:00,2025-05-13 14:00:00,2025-05-13 11:30:00,-0.0036764787272434993,-0.0040765187325776326,0.006047791449206788,0.005958937368013619,0.0005634045401321122,0.27121231738219137,0.4298398989089587,0.42961124360670855,0.6018708566591405,0.8969822393996307,0.22765490040157405,True,False,-0.0036866770291222022,1.0198301879005117e-05,0.0
2025-05-13,3,4020,4031,2025-05-13 14:05:00,2025-05-13 15:00:00,2025-05-13 14:00:00,-0.001600831941488451,-0.0020008719468225847,0.006681028013163306,0.006740580214044001,0.00033626727952123505,0.16282173354532184,0.30764764159861424,0.29172844554463156,0.44409172615756715,0.45206550208325896,0.34660398762426914,True,False,-0.001581026656368512,-1.980528512003158e-05,0.0
2025-05-14,0,4032,4043,2025-05-14 09:35:00,2025-05-14 10:30:00,2025-05-13 15:00:00,-0.006330789417572458,-0.007130869428240726,0.012644370304505638,0.009336725425416843,0.005168609603619631,0.30160404642411437,0.5374737361037578,0.5156468679582411,0.8917802575823581,0.6556305477059162,0.15387516381892158,True,True,-0.0016172407310880354,-0.004713548686484087,0.0043680706675756475
2025-05-14,1,4044,4055,2025-05-14 10:35:00,2025-05-14 11:30:00,2025-05-14 10:30:00,0.002755751149201621,0.002755751149201621,0.00904544102731934,0.009094911761972774,0.000723788473502845,0.2029189022163678,0.3531527833430287,0.36540277922073,0.921191448574501,0.4186146569414143,0.3401749423308575,True,False,0.0023294123759773754,0.00042633877322419584,0.0
2025-05-14,2,4056,4067,2025-05-14 13:05:00,2025-05-14 14:00:00,2025-05-14 11:30:00,-0.0018254494484289837,-0.002225489453763117,0.019762350914306132,0.019064300695805524,0.0011717387918162285,0.21834560954299825,0.425025659801457,0.44007088368073344,0.5394965838938216,0.8149501619751834,0.15637760865607714,True,False,-0.0018124873543628752,-1.2962094066413515e-05,0.0
2025-05-14,3,4068,4079,2025-05-14 14:05:00,2025-05-14 15:00:00,2025-05-14 14:00:00,-0.004793881203700108,-0.005193921209034242,0.007539486472672732,0.00734204826811051,0.0006711390414957959,0.1806785124648969,0.33759044757283263,0.354737541030259,0.5304370050647688,0.5319542791395815,0.41701671957901987,True,False,-0.004793804577725465,-7.662597489285555e-08,0.0
2025-05-15,0,4080,4091,2025-05-15 09:35:00,2025-05-15 10:30:00,2025-05-14 15:00:00,0.006849477436892208,0.006849477436892208,0.015491828468580097,0.013965914875906689,0.0032570309937824658,0.19236002054776624,0.3606653050529311,0.4071825863807977,0.6982253455268636,0.5001824928308732,0.2797387388932917,True,False,0.005583158518543148,0.0012663189183490613,0.00217247559942442
2025-05-15,1,4092,4103,2025-05-15 10:35:00,2025-05-15 11:30:00,2025-05-15 10:30:00,0.004429564834424205,0.004429564834424205,0.005981749426284663,0.0058825460381751364,0.0005974601053380207,0.24924490568316576,0.47720012044585086,0.48862313089693443,0.9743153988938968,0.5483441331652954,0.2490995711580979,True,False,0.004509081614092352,-7.951677966840883e-05,0.0
2025-05-15,2,4104,4115,2025-05-15 13:05:00,2025-05-15 14:00:00,2025-05-15 11:30:00,0.0012477977990721638,0.0012477977990721638,0.006175470299383069,0.006165480540227772,0.0007682575296208248,0.1855813276156975,0.3534021960004533,0.33620099955829513,0.7084118032798368,0.4972146353678256,0.3612204189414683,True,False,0.0011977712051522472,5.002659392004541e-05,0.0
2025-05-15,3,4116,4127,2025-05-15 14:05:00,2025-05-15 15:00:00,2025-05-15 14:00:00,-0.0035023841569113015,-0.0039024241622454357,0.008217977761415645,0.008058336528663881,0.0006589939934936991,0.18229335465772467,0.30731016835523944,0.3110435962955056,0.590922268053676,0.42790786694124044,0.4815900649375939,True,False,-0.0033430589499339218,-0.0001593252069771509,0.0
2025-05-16,0,4128,4139,2025-05-16 09:35:00,2025-05-16 10:30:00,2025-05-15 15:00:00,0.004929376678895099,0.004529336673560965,0.016664916805820076,0.013010674533874602,0.0047365450167778204,0.24135598408673453,0.3591533119762772,0.27858286331951737,0.8368188399531767,0.4569343660725986,0.5010631975436645,True,False,0.0076392667998842895,-0.0027098901209889207,0.003522786641720414
2025-05-16,1,4140,4151,2025-05-16 10:35:00,2025-05-16 11:30:00,2025-05-16 10:30:00,-0.0017718184897629551,-0.0017718184897629551,0.006237107920245528,0.006146297306705337,0.000754228990162225,0.32263932613403246,0.5210075823264595,0.5155989684438099,0.6331899076570924,0.8288448374663487,0.20303888243673465,True,True,-0.0022443000478250164,0.00047248155806219825,0.0
2025-05-16,2,4152,4163,2025-05-16 13:05:00,2025-05-16 14:00:00,2025-05-16 11:30:00,-0.0030043149415033437,-0.003804394952171611,0.00782199339342336,0.007159552678174207,0.0008632168047700683,0.20022256568987334,0.35177337188884883,0.3520532055897532,0.5260660819082997,0.6024708261962728,0.37024905544077624,True,False,-0.0027830429887113735,-0.00022127195279142886,0.0
2025-05-16,3,4164,4175,2025-05-16 14:05:00,2025-05-16 15:00:00,2025-05-16 14:00:00,-6.0360414296623834e-05,-0.0004604004196307573,0.008147440986515502,0.007915973550123,0.0005734356589098462,0.21972379306623824,0.35302726443725546,0.3658834631519274,0.6556552649840592,0.5038350974777871,0.27104416432591777,True,False,-0.00015100274128698494,9.06423269901116e-05,0.0
2025-05-19,0,4176,4187,2025-05-19 09:35:00,2025-05-19 10:30:00,2025-05-16 15:00:00,0.0007897228939910085,0.00038968288865687473,0.014557191318901059,0.013569864821193649,0.0017938749253640345,0.18278253387133933,0.3328511361454016,0.35780255826505236,0.9972207472151624,0.38415935605828444,0.30206497447250963,True,False,0.0016933665074183272,-0.0009036436134272728,0.0009650569730455422
2025-05-19,1,4188,4199,2025-05-19 10:35:00,2025-05-19 11:30:00,2025-05-19 10:30:00,-0.0011866234938247779,-0.0015866634991589116,0.012212997308362672,0.01217295049109442,0.0007254343829513935,0.22199663014982282,0.39347136012592665,0.39478576565994516,0.5717905902535456,0.46274925141534445,0.28473761815431786,True,False,-0.0016904482769112507,0.0005038247830867365,0.0
2025-05-19,2,4200,4211,2025-05-19 13:05:00,2025-05-19 14:00:00,2025-05-19 11:30:00,0.0027873811147079187,0.0027873811147079187,0.005687408634981886,0.0055766465260011725,0.0007752736861237799,0.2333775850171782,0.392785574485982,0.38432294811099604,0.4962778647713815,0.8403329303193265,0.2958938082059496,True,False,0.003099588114221104,-0.0003122069995128372,0.0
2025-05-19,3,4212,4223,2025-05-19 14:05:00,2025-05-19 15:00:00,2025-05-19 14:00:00,0.00033155333037562275,0.00033155333037562275,0.0076183140180749965,0.007628473321623649,0.00039155336716877585,0.1764353832400515,0.3439505680080109,0.3290257328385529,0.6592118632749191,0.42126801238212486,0.3957331610100375,True,False,0.00020098449192502694,0.00013056883845080142,0.0
2025-05-20,0,4224,4235,2025-05-20 09:35:00,2025-05-20 10:30:00,2025-05-19 15:00:00,-0.00801459343247988,-0.008814673443148147,0.015796480655300767,0.015635671399241866,0.0015250186839767333,0.2915526401138403,0.425989686830095,0.44317335599422586,0.6681944894539916,0.5796973172366737,0.3011305535342108,True,False,-0.008797151409743553,0.000782557977263829,0.0005022601813270377
2025-05-20,1,4236,4247,2025-05-20 10:35:00,2025-05-20 11:30:00,2025-05-20 10:30:00,0.0021030291359335545,0.0021030291359335545,0.006729371038378128,0.006839510844691488,0.000550745284962496,0.2039778374815594,0.34978744696732555,0.34707939772023966,0.5330033668664891,0.6622069324931271,0.3544337193231583,True,False,0.002273131640846654,-0.000170102504912987,0.0
2025-05-20,2,4248,4259,2025-05-20 13:05:00,2025-05-20 14:00:00,2025-05-20 11:30:00,-0.0010308366522926286,-0.001430876657626762,0.00564991414671024,0.005569963032760521,0.00025990962887746503,0.16620801372989974,0.31487838788642203,0.30145582516099423,0.8899837060250365,0.367105562994439,0.5121970546140298,True,False,-0.0011107728484606187,7.993619616773576e-05,0.0
2025-05-20,3,4260,4271,2025-05-20 14:05:00,2025-05-20 15:00:00,2025-05-20 14:00:00,0.00012025253045862714,0.00012025253045862714,0.005269269495354823,0.005149043548746421,0.0006411902113276095,0.19577158493036093,0.3421060416166913,0.37343526342903416,0.6302649150211141,0.5649571103542574,0.33355621293555976,True,False,-2.0113404338298156e-05,0.00014036593479688559,0.0
2025-05-21,0,4272,4283,2025-05-21 09:35:00,2025-05-21 10:30:00,2025-05-20 15:00:00,0.0030914407838646997,0.0030914407838646997,0.013966853759101991,0.012472786678808315,0.001714929131743463,0.1722040063942463,0.3142423977461381,0.3350300170683089,0.7306511467885921,0.4610226190598456,0.33369875651216163,True,False,0.0023785829837074906,0.000712857800157531,0.0010228948814511721
2025-05-21,1,4284,4295,2025-05-21 10:35:00,2025-05-21 11:30:00,2025-05-21 10:30:00,0.0029447558715076628,0.002544715866173529,0.009110836906118407,0.008910455323809033,0.0008828909850109902,0.16317824527248256,0.3258140985495102,0.30051090099888134,0.4263615187514098,0.9533587397192411,0.47599769327524893,True,False,0.002683981873422216,0.0002607739980856888,0.0
2025-05-21,2,4296,4307,2025-05-21 13:05:00,2025-05-21 14:00:00,2025-05-21 11:30:00,-0.0025443377228587002,-0.002944377728192834,0.005674668451195339,0.005474042579616222,0.0006217573658849201,0.1483868580506989,0.29477608099574026,0.3093686031655544,0.7708792156104441,0.3954616081619122,0.28424842633938846,True,False,-0.002524400876475905,-1.9936846382697323e-05,0.0
2025-05-21,3,4308,4319,2025-05-21 14:05:00,2025-05-21 15:00:00,2025-05-21 14:00:00,0.0013954634650300021,0.0013954634650300021,0.00420842329639299,0.003967419457970648,0.0007233062539826617,0.26475621983141356,0.43187476173575684,0.4606408949516561,0.7857129552301643,0.6127577109813932,0.09345728205667547,True,False,0.0019781428185021237,-0.0005826793534721749,0.0
2025-05-22,0,4320,4331,2025-05-22 09:35:00,2025-05-22 10:30:00,2025-05-21 15:00:00,-0.005083348718474218,-0.005883428729142485,0.009939995996429944,0.008452795697148697,0.002289397143920658,0.265561066663909,0.3980494345165298,0.41299405939222794,0.647747013139048,0.6117523949786362,0.24409435263157284,True,False,-0.006150060504650517,0.0010667117861765847,0.001417391934998519
2025-05-22,1,4332,4343,2025-05-22 10:35:00,2025-05-22 11:30:00,2025-05-22 10:30:00,0.0016260002980232357,0.0012259602926891022,0.009252569755629346,0.009091917803817937,0.0005225683802575939,0.17081598937948922,0.3174804119130374,0.3175502653694099,0.7703357777307559,0.44038498854463953,0.41448397868474585,True,False,0.001806902614985429,-0.00018090231696188213,0.0
2025-05-22,2,4344,4355,2025-05-22 13:05:00,2025-05-22 14:00:00,2025-05-22 11:30:00,-0.0026956473382917893,-0.0030956873436259226,0.006197910457413839,0.006137597513656834,0.000724625293444333,0.27088546764270227,0.4138697020965445,0.41793536372034384,0.8097616597576663,0.5860657099663701,0.2196966029406984,True,False,-0.002574540955981498,-0.0001211063823102403,0.0
2025-05-22,3,4356,4367,2025-05-22 14:05:00,2025-05-22 15:00:00,2025-05-22 14:00:00,0.0039739025739623625,0.0039739025739623625,0.0078040755634272724,0.007320239510963955,0.0007259995698749434,0.15267330830719752,0.27799688108307175,0.2963861118449646,0.8318294263491532,0.3666878862429961,0.4876420268280031,True,False,0.004296354117843231,-0.0003224515438808852,0.0
2025-05-23,0,4368,4379,2025-05-23 09:35:00,2025-05-23 10:30:00,2025-05-22 15:00:00,-0.00023241361644193623,-0.00023241361644193623,0.009857794479062041,0.010807336113603312,0.002283769515230901,0.19390111543995997,0.3587876366923618,0.2973629180625228,0.7010469458439895,0.6361740282202557,0.45343078654351804,True,False,-0.0015261172857903382,0.0012937036693480481,0.0010098868775202186
2025-05-23,1,4380,4391,2025-05-23 10:35:00,2025-05-23 11:30:00,2025-05-23 10:30:00,0.004445048264542312,0.0040450082592081785,0.010826135593434195,0.01030311148894232,0.0007444318139718215,0.3066930705204179,0.47574133939921304,0.4911339788629331,0.666592349982557,0.6776715221179348,0.19285080662442636,True,False,0.00428479786695903,0.00016025039758337173,0.0
2025-05-23,2,4392,4403,2025-05-23 13:05:00,2025-05-23 14:00:00,2025-05-23 11:30:00,0.00011387404576049738,-0.0002861659595736363,0.00762347080623271,0.007653622862053076,0.0005539708336170696,0.22224564799970958,0.37270466015413245,0.36335780044536603,0.8534452906876117,0.4949026534397119,0.318722214183413,True,False,0.00024499528445774183,-0.00013112123869693813,0.0
2025-05-23,3,4404,4415,2025-05-23 14:05:00,2025-05-23 15:00:00,2025-05-23 14:00:00,0.009073690437977393,0.009073690437977393,0.011555064837790598,0.011229773288911681,0.0010779302630055583,0.20226783557161843,0.40061614188641004,0.40408416340456377,1.0,0.44880512010346163,0.33406500206650047,True,False,0.009033196071749796,4.0494366227261186e-05,0.0
2025-05-26,0,4416,4427,2025-05-26 09:35:00,2025-05-26 10:30:00,2025-05-23 15:00:00,-0.00101791539733902,-0.00101791539733902,0.004195590863393212,0.0051334873129598516,0.0020784749156794557,0.16757270729734244,0.2985544066384273,0.40695065091578864,0.3709380847085916,0.7373333638976444,0.341097427298512,True,False,0.0005310637319017408,-0.0015489791292406894,0.001518355576648219
2025-05-26,1,4428,4439,2025-05-26 10:35:00,2025-05-26 11:30:00,2025-05-26 10:30:00,0.0007249035641367122,-7.517644653155515e-05,0.008534317287071002,0.008503394300588057,0.0005596246624925221,0.2213573618877726,0.39646885741404925,0.3930881038976169,0.9427114779259521,0.5069514139337147,0.1796430642447876,True,False,0.0006941784383309574,3.0725125805579714e-05,0.0
2025-05-26,2,4440,4451,2025-05-26 13:05:00,2025-05-26 14:00:00,2025-05-26 11:30:00,-0.0015524147247175666,-0.0015524147247175666,0.007185534743821397,0.0068282013089103165,0.0005817076292869873,0.2101835810012992,0.41044750112044587,0.4274462783888808,0.5419832998567934,0.7065992985739706,0.24137900929755843,True,False,-0.0017871213223113634,0.00023470659759334268,0.0
2025-05-26,3,4452,4463,2025-05-26 14:05:00,2025-05-26 15:00:00,2025-05-26 14:00:00,-0.003118092336372395,-0.0035181323417065287,0.00723424254117095,0.007376977916124081,0.0007538730765024467,0.197093457007249,0.3817714706540105,0.3923419012095958,0.5730048283357762,0.6792471229426691,0.25718189414062226,True,False,-0.0030975722535458838,-2.0520082826682524e-05,0.0
2025-05-27,0,4464,4475,2025-05-27 09:35:00,2025-05-27 10:30:00,2025-05-26 15:00:00,0.0004209226216461661,2.088261631203272e-05,0.009906550105620736,0.00974411341324006,0.0010407634448693275,0.29332488559535375,0.44060847605716325,0.46158198736083184,0.7498752917095638,0.6111439625341353,0.2294065732323855,True,False,0.0005430621578319157,-0.0001221395361854819,0.00024436434845769245
2025-05-27,1,4476,4487,2025-05-27 10:35:00,2025-05-27 11:30:00,2025-05-27 10:30:00,0.003745782703326342,0.003745782703326342,0.005424949529969808,0.005332730449011159,0.0004197667982542894,0.17916508541693948,0.33219775859486983,0.33984622427234473,1.0,0.3930233766510334,0.4293771617471042,True,False,0.003694489142393748,5.1293560932588354e-05,0.0
2025-05-27,2,4488,4499,2025-05-27 13:05:00,2025-05-27 14:00:00,2025-05-27 11:30:00,0.0008616710796261124,0.0008616710796261124,0.0068098198218545765,0.006235302546612509,0.0006771214772809574,0.20916523863465902,0.3794835381030137,0.38152931291836367,0.8136573245382172,0.5587865459396885,0.2113546290939599,True,False,0.00047166266092353007,0.0003900084187025923,0.0
2025-05-27,3,4500,4511,2025-05-27 14:05:00,2025-05-27 15:00:00,2025-05-27 14:00:00,0.0010473140434876266,0.0010473140434876266,0.007018570463280732,0.006957086713827548,0.0007803985797148072,0.21785249096994938,0.38145543225719875,0.36584392002360444,0.7593135773769835,0.5392105898532329,0.2662108679851246,True,False,0.0010266223372917243,2.0691706196199807e-05,0.0
2025-05-28,0,4512,4523,2025-05-28 09:35:00,2025-05-28 10:30:00,2025-05-27 15:00:00,-0.0013828857958716025,-0.00218296580653987,0.010057095016568566,0.00951284905021574,0.001736364855713471,0.1838199937123315,0.3604850777213624,0.37570818779383136,0.8089943193459274,0.48898520375789933,0.24419572854235094,True,False,-0.0003658461710041508,-0.0010170396248675804,0.001006770099728057
2025-05-28,1,4524,4535,2025-05-28 10:35:00,2025-05-28 11:30:00,2025-05-28 10:30:00,-0.003084700820015262,-0.0034847408253493952,0.005611087510963106,0.005364515014384594,0.0005136831894845989,0.24022756875848064,0.386694048233802,0.3929773356425978,0.5277091811024979,0.7804520965682169,0.3755859873021389,True,False,-0.003208013294765296,0.00012331247475028866,0.0
2025-05-28,2,4536,4547,2025-05-28 13:05:00,2025-05-28 14:00:00,2025-05-28 11:30:00,0.00010398544855854021,-0.0002960545567755932,0.006599328828582444,0.006311503066843617,0.00043195607909177355,0.17121395617731913,0.32529780867587127,0.3287462050735249,0.708373814591874,0.45037506431605634,0.36192783982840937,True,False,0.00016565076166928308,-6.166531311035607e-05,0.0
2025-05-28,3,4548,4559,2025-05-28 14:05:00,2025-05-28 15:00:00,2025-05-28 14:00:00,-0.0007930769734100594,-0.0011931169787441928,0.004603634498583702,0.0047684326004376375,0.0005768866035556281,0.23044571556969018,0.4115767282729246,0.3737045194563571,0.862790717777575,0.5037017768950797,0.3179824569486691,True,False,-0.0007517581707840121,-4.131880262635249e-05,0.0
2025-05-29,0,4560,4571,2025-05-29 09:35:00,2025-05-29 10:30:00,2025-05-28 15:00:00,0.0008956519380072783,9.55719273390114e-05,0.01642611306918818,0.014605153854368039,0.0022921032168941855,0.19030274534631078,0.3388757017568977,0.3706022925707611,0.4308299216321613,0.679010648878289,0.3437024996314813,True,False,-0.0007401391675080972,0.001635791105514764,0.0016676106597610459
2025-05-29,1,4572,4583,2025-05-29 10:35:00,2025-05-29 11:30:00,2025-05-29 10:30:00,0.002151583315438608,0.0017515433101044746,0.012156168890455843,0.011911796781806002,0.0006505067139523738,0.18563439384293168,0.34417808546798817,0.3426831533158378,0.5503867055167395,0.5625770047001394,0.38595779082230103,True,False,0.0022319093997969787,-8.032608435865574e-05,0.0
2025-05-29,2,4584,4595,2025-05-29 13:05:00,2025-05-29 14:00:00,2025-05-29 11:30:00,-0.00193205827547396,-0.0023320982808080933,0.007538513428654969,0.007162518384406205,0.0005793050217883409,0.1805322979929953,0.3287244252626182,0.3388949192853384,0.4567740032022874,0.8267717776724519,0.326382341183679,True,False,-0.0015964739380396776,-0.00033558433743484774,0.0
2025-05-29,3,4596,4607,2025-05-29 14:05:00,2025-05-29 15:00:00,2025-05-29 14:00:00,0.00012170138551729457,0.00012170138551729457,0.0040192320981366995,0.004364286064113843,0.0004668552303457663,0.2145872006310665,0.3888522418737957,0.37671043511532404,0.5293469794865502,0.6978626385267752,0.28395012742074327,True,False,0.0003246090305910607,-0.0002029076450735954,0.0
2025-05-30,0,4608,4619,2025-05-30 09:35:00,2025-05-30 10:30:00,2025-05-29 15:00:00,-0.006630337642922132,-0.0070303776482562655,0.015520485306811063,0.010300322006130987,0.006404142035293473,0.30980426106488923,0.5505524261660758,0.47412172246118717,0.5220196408012938,0.6578057713324841,0.2244203205592551,True,False,-0.002194111267421292,-0.004436226375500775,0.005031393227859729
2025-05-30,1,4620,4631,2025-05-30 10:35:00,2025-05-30 11:30:00,2025-05-30 10:30:00,-0.0029688122142947845,-0.003368852219628918,0.00923139675599519,0.009190707082317954,0.0007166278069528216,0.30465539131131064,0.4366000160495825,0.44410057561828814,0.4546483053500635,0.8045880513010772,0.2130681922356613,True,False,-0.0030706733519495254,0.0001018611376546054,0.0
2025-05-30,2,4632,4643,2025-05-30 13:05:00,2025-05-30 14:00:00,2025-05-30 11:30:00,0.0015759154313985625,0.0015759154313985625,0.007937451910756321,0.007804697840932535,0.0005626622692453902,0.25752756304055036,0.48670131241670495,0.4845160907134088,0.6901408684219583,0.7521943269346132,0.1434382990787894,True,False,0.0015864595829865157,-1.0544151588129052e-05,0.0
2025-05-30,3,4644,4655,2025-05-30 14:05:00,2025-05-30 15:00:00,2025-05-30 14:00:00,-0.0031324868353156195,-0.003532526840649753,0.004996980126486437,0.004771878113433321,0.0006144151472911386,0.22346246584454107,0.41795235541903114,0.4162196081107097,0.7241631983847809,0.5611455121482541,0.22686031079443078,True,False,-0.002763873439649709,-0.0003686133956659697,0.0
2025-06-03,0,4656,4667,2025-06-03 09:35:00,2025-06-03 10:30:00,2025-05-30 15:00:00,0.0011699774786099234,0.0007699374732757893,0.017489987942988016,0.017470326358283234,0.001504645159968325,0.22065982656158625,0.39066450253043744,0.3864693341047236,0.5521389592723839,0.7182285245166392,0.3938087590830425,True,False,0.0016177198791223566,-0.00044774240051253616,0.00020468105645950614
2025-06-03,1,4668,4679,2025-06-03 10:35:00,2025-06-03 11:30:00,2025-06-03 10:30:00,-0.0062577185183096285,-0.007057798528977895,0.009894231314966424,0.009467668986924438,0.0007926456390985013,0.2126309359091939,0.4075982913939941,0.4259700828086795,0.6512327561278553,0.802018896500088,0.19646018446039729,True,False,-0.006257742115269083,2.3596959599885415e-08,0.0
2025-06-03,2,4680,4691,2025-06-03 13:05:00,2025-06-03 14:00:00,2025-06-03 11:30:00,0.00020526443876673863,-0.00019477556656739465,0.004700880062451831,0.004924943495566811,0.0003664348642831423,0.2940954500723368,0.5194340568385267,0.5061335349011915,0.6194723326247917,0.6629277209312588,0.13898420867099442,True,True,0.00030716075254333093,-0.00010189631377675047,0.0
2025-06-03,3,4692,4703,2025-06-03 14:05:00,2025-06-03 15:00:00,2025-06-03 14:00:00,-2.037676641167605e-05,-2.037676641167605e-05,0.0032181478125656343,0.0035644216058685345,0.0005092792057189303,0.2910981375270863,0.4682558294547654,0.42847404192281346,0.6477418258242114,0.7133172416146819,0.2200830846675517,True,False,-0.00020367336442615345,0.00018329659801510732,0.0
2025-06-04,0,4704,4715,2025-06-04 09:35:00,2025-06-04 10:30:00,2025-06-03 15:00:00,0.000579921064164584,0.00017988105883045072,0.008366328143673241,0.007978353810930486,0.0017683927975457741,0.1746084651799752,0.31809651664005,0.3934096352984071,0.36807376672848896,0.7587391708694403,0.3072266705351984,True,False,0.0013730274685593655,-0.0007931064043945947,0.0006618908936344285
2025-06-04,1,4716,4727,2025-06-04 10:35:00,2025-06-04 11:30:00,2025-06-04 10:30:00,-0.003892353262243956,-0.0046924332729122225,0.005920016837528152,0.006071919280677725,0.0004561233870460051,0.27898201737416456,0.42274385578386237,0.4305034639586163,0.7971239572780988,0.5426594516681335,0.18222285531787966,True,False,-0.004044215633077898,0.0001518623708340365,0.0
2025-06-04,2,4728,4739,2025-06-04 13:05:00,2025-06-04 14:00:00,2025-06-04 11:30:00,-0.0013274526835948197,-0.001727492688928953,0.0037193828757372763,0.0037090925598039213,0.00045607080650104215,0.27247484623161206,0.43876285652404173,0.4454485763363201,0.9444316341156874,0.586965972043542,0.17786050063021006,True,False,-0.001418733659875231,9.128097628061769e-05,0.0
2025-06-04,3,4740,4751,2025-06-04 14:05:00,2025-06-04 15:00:00,2025-06-04 14:00:00,0.00033474501365044114,0.00033474501365044114,0.004168793598431581,0.004087613170433067,0.0006490557196745029,0.18991331770606495,0.3236412720904081,0.3127658450673253,0.6192475585676923,0.4773889028197582,0.3964236940456812,True,False,0.0006390086543600203,-0.00030426364071018856,0.0
2025-06-05,0,4752,4763,2025-06-05 09:35:00,2025-06-05 10:30:00,2025-06-04 15:00:00,-0.0024017836818850135,-0.0028018236872191468,0.013026394899619124,0.01144578140126436,0.0021891328456245776,0.27646209453705545,0.42196731877888677,0.47124810610061535,0.4871359830678694,0.7780547092324229,0.18228048838176295,True,False,-0.0003139530765811484,-0.0020878306053038853,0.001438965814458289
2025-06-05,1,4764,4775,2025-06-05 10:35:00,2025-06-05 11:30:00,2025-06-05 10:30:00,-0.0017838311655762017,-0.002583911176244469,0.004639105280990258,0.004325032066673599,0.0006179024468605561,0.21614284741870093,0.36906947203346635,0.3887028867126519,0.5037247278496635,0.8334013248201266,0.361338890500586,True,False,-0.0013482024817919494,-0.0004356286837843638,0.0
2025-06-05,2,4776,4787,2025-06-05 13:05:00,2025-06-05 14:00:00,2025-06-05 11:30:00,0.007079068749577297,0.007079068749577297,0.009960679826816223,0.010102558005016846,0.0006451223423638242,0.2554833239628988,0.40914827783009117,0.40340228634519903,0.478339804004473,0.7629160826795658,0.2770817978060947,True,False,0.006736442009591856,0.00034262673998531544,0.0
2025-06-05,3,4788,4799,2025-06-05 14:05:00,2025-06-05 15:00:00,2025-06-05 14:00:00,0.0015462781963191522,0.0015462781963191522,0.007673673377058036,0.00782438425798418,0.00047180032137746335,0.17817905310315862,0.33278956803237847,0.34179069115955557,0.490263909650324,0.7609908664229782,0.3714872457287388,True,False,0.0017370020354723174,-0.00019072383915328468,0.0
2025-06-06,0,4800,4811,2025-06-06 09:35:00,2025-06-06 10:30:00,2025-06-05 15:00:00,-0.007024544447851274,-0.00782462445851954,0.011504267532340379,0.01041010624479267,0.0015381603932776297,0.3132188637682988,0.4754949653630754,0.5283780769299551,0.8650476879398976,0.6657781056137406,0.09164149882056992,True,False,-0.005990607044883324,-0.001033937402967914,0.0011045730442439505
2025-06-06,1,4812,4823,2025-06-06 10:35:00,2025-06-06 11:30:00,2025-06-06 10:30:00,0.0014407700031419074,0.0014407700031419074,0.005265879084570667,0.004963988482723603,0.0005235502399239313,0.3078833189095321,0.4741662772282238,0.5030003402067629,0.6337808960000115,0.7158657679600839,0.20560278396503076,True,False,0.0015214042343175656,-8.06342311756472e-05,0.0
2025-06-06,2,4824,4835,2025-06-06 13:05:00,2025-06-06 14:00:00,2025-06-06 11:30:00,-0.00027992329363982714,-0.000679963298973961,0.004618832950967102,0.004689475282683601,0.0004741766553325968,0.20063309997528797,0.35131509700427715,0.3460228806850586,0.7702876584242563,0.4190329397013857,0.41653571848792237,True,False,-0.00018913726551777013,-9.07860281218761e-05,0.0
2025-06-06,3,4836,4847,2025-06-06 14:05:00,2025-06-06 15:00:00,2025-06-06 14:00:00,5.9540157488194675e-05,-0.00034049984784593893,0.0044828248687375834,0.004926841126766509,0.0006055294413208023,0.26366845304942355,0.4258153810704802,0.3975359185554186,0.43597509934815554,0.9918780985570052,0.31447378771959694,True,False,-6.19019311359528e-05,0.00012144208862439146,0.0
2025-06-09,0,4848,4859,2025-06-09 09:35:00,2025-06-09 10:30:00,2025-06-06 15:00:00,0.00657031266849457,0.00657031266849457,0.01912879445240544,0.018442436957054283,0.0010266271953407917,0.20612841920404606,0.32375402868308145,0.33524862679210016,0.48196415841858653,0.5106535421241261,0.39278769138038583,True,False,0.00725561230675811,-0.0006852996382634262,0.0003328374422415694
2025-06-09,1,4860,4871,2025-06-09 10:35:00,2025-06-09 11:30:00,2025-06-09 10:30:00,0.00025063010222534077,-0.00014940990310879291,0.005537209439696117,0.005767630867120597,0.0006709906432960012,0.1934499766447328,0.36700301339391345,0.35407385230008936,0.6722998826437084,0.5856936735510755,0.32852939250687246,True,False,-0.0002401524005464956,0.0004907825027717938,0.0
2025-06-09,2,4872,4883,2025-06-09 13:05:00,2025-06-09 14:00:00,2025-06-09 11:30:00,0.0022676201722077547,0.0022676201722077547,0.005340166620301877,0.006012739704710303,0.0008131211467992161,0.2536495973427684,0.39836590578632713,0.3855388478809492,0.8562226341686785,0.49858059344092964,0.29464730948993245,True,False,0.0027995101256811893,-0.0005318899534739007,0.0
2025-06-09,3,4884,4895,2025-06-09 14:05:00,2025-06-09 15:00:00,2025-06-09 14:00:00,-0.0020370795534376497,-0.002437119558771783,0.0043266271363168445,0.004005291190342391,0.0005020279540916528,0.21795459518850743,0.4221836362761306,0.4710870507408146,0.5740777399945493,0.6930304275560579,0.2075122763049099,True,False,-0.002117418832568811,8.03392791304426e-05,0.0
2025-06-10,0,4896,4907,2025-06-10 09:35:00,2025-06-10 10:30:00,2025-06-09 15:00:00,0.001548650492285706,0.0011486104869515728,0.02514517060959271,0.017789618710337463,0.007797360912381289,0.36469767372458334,0.6431889562949996,0.6211681140352854,0.8162553706352149,0.7883438715821346,0.10113745428591871,True,True,-0.00558571699652587,0.007134367488811521,0.006932540650844014
2025-06-10,1,4908,4919,2025-06-10 10:35:00,2025-06-10 11:30:00,2025-06-10 10:30:00,0.0031129292189565508,0.0031129292189565508,0.005471041320660119,0.005632467045653157,0.0004637757196476181,0.2649367397147175,0.47680712470218267,0.46313973416481036,0.8803769314035534,0.6077913406602339,0.2472427488943844,True,False,0.0031130888071845384,-1.595882280881018e-07,0.0
2025-06-10,2,4920,4931,2025-06-10 13:05:00,2025-06-10 14:00:00,2025-06-10 11:30:00,0.00796227716434305,0.00796227716434305,0.01714039086875818,0.01635719225112573,0.0009653773155901994,0.2355427392295414,0.457204069263109,0.4722451878593367,0.7455647968644604,0.6243684092561631,0.12798365684790988,True,False,0.0077916792589986465,0.0001705979053447168,0.0
2025-06-10,3,4932,4943,2025-06-10 14:05:00,2025-06-10 15:00:00,2025-06-10 14:00:00,0.00025429633797756986,0.00025429633797756986,0.005995802642412554,0.005649818303100869,0.000753084872780315,0.2427347278479721,0.390522283314836,0.41804424092274545,0.7696101076601424,0.4919766866688474,0.2587154521938339,True,False,0.0002339546532810679,2.034168469640969e-05,0.0
2025-06-11,0,4944,4955,2025-06-11 09:35:00,2025-06-11 10:30:00,2025-06-10 15:00:00,0.0039017656068222085,0.003101685596153942,0.010665849537346544,0.010836800705481351,0.001531654531355149,0.2019603156339452,0.38996659798835853,0.3959510029483203,0.617582268328875,0.6155458542631898,0.2880256107386379,True,False,0.0032807056080551974,0.0006210599987668106,0.0003052658380357555
2025-06-11,1,4956,4967,2025-06-11 10:35:00,2025-06-11 11:30:00,2025-06-11 10:30:00,0.0009337447901552796,0.0009337447901552796,0.0076733882909827906,0.007541821409129791,0.000619424611778163,0.1625578866101536,0.28548620100995736,0.2770244776813785,0.6113175246323664,0.4241601782592575,0.6218584269191155,True,False,0.0010859561877236998,-0.00015221139756848293,0.0
2025-06-11,2,4968,4979,2025-06-11 13:05:00,2025-06-11 14:00:00,2025-06-11 11:30:00,-0.0033840689708333842,-0.004184148981501651,0.009534150341095005,0.009250346537875521,0.0008531005085858006,0.2841131815310363,0.4851474032667495,0.46604372445708275,0.7717647919617043,0.5889878845593751,0.2192076773724937,True,False,-0.003587532467738312,0.000203463496905248,0.0
2025-06-11,3,4980,4991,2025-06-11 14:05:00,2025-06-11 15:00:00,2025-06-11 14:00:00,0.0022891337235286685,0.0022891337235286685,0.005543030705427079,0.005227781704402698,0.0004169404386072745,0.20385876364886074,0.36337525451711117,0.38334280010383526,0.7497318665719676,0.5143406300138871,0.2285218061837895,True,False,0.002462039854399054,-0.0001729061308699016,0.0
2025-06-12,0,4992,5003,2025-06-12 09:35:00,2025-06-12 10:30:00,2025-06-11 15:00:00,-0.0008875900638820466,-0.00128763006921618,0.015047230415434596,0.012986596451084655,0.0031456969813971783,0.2094942283658577,0.3713036606860889,0.3509234853867327,0.5592807095712895,0.6622871187731901,0.3141790832529086,True,False,-0.0031531941183271595,0.0022656040544455493,0.0022861585160562333
2025-06-12,1,5004,5015,2025-06-12 10:35:00,2025-06-12 11:30:00,2025-06-12 10:30:00,8.163015422421637e-05,8.163015422421637e-05,0.007286502654279583,0.0071539849568510935,0.0006427441377550672,0.16534947971820088,0.3277720460569698,0.3295714861190066,0.4514060356278299,0.6629713110327509,0.48050137185060776,True,False,0.00039771140610271247,-0.0003160812518784511,0.0
2025-06-12,2,5016,5027,2025-06-12 13:05:00,2025-06-12 14:00:00,2025-06-12 11:30:00,0.0006762454118923925,0.00027620540655825924,0.008158038546929917,0.008035514881783454,0.00032694457015047075,0.20955629919395577,0.40281268483886323,0.40258347392411653,0.8736050214302243,0.538581591235177,0.24619440343478227,True,False,0.0006559794508574251,2.0265961035175373e-05,0.0
2025-06-12,3,5028,5039,2025-06-12 14:05:00,2025-06-12 15:00:00,2025-06-12 14:00:00,-0.0018816685690362421,-0.0022817085743703754,0.003783127008606746,0.0035989931440950267,0.0005931671509222765,0.19726340251649183,0.35392676193365724,0.38640209989824414,0.6392131236941682,0.6249592267482568,0.17648239600451227,True,False,-0.002290790921179939,0.0004091223521433196,0.0
2025-06-13,0,5040,5051,2025-06-13 09:35:00,2025-06-13 10:30:00,2025-06-12 15:00:00,0.004996733962709814,0.00459669395737568,0.03154975881040728,0.02577086457277173,0.007664122857118293,0.20905194184576384,0.39768216604626555,0.4133399837303123,0.6938158134587454,0.5320389040243774,0.2445709608510445,True,False,0.011079300140099918,-0.00608256617738991,0.006442171167423596
2025-06-13,1,5052,5063,2025-06-13 10:35:00,2025-06-13 11:30:00,2025-06-13 10:30:00,0.0025794483967777355,0.0025794483967777355,0.007754542716272524,0.007660971180341588,0.0014957768634737477,0.2872176206242668,0.46000342111066284,0.46291220308115755,0.760670655077459,0.6089073183188117,0.20638579770095658,True,False,0.002073660273730698,0.0005057881230467631,0.0
2025-06-13,2,5064,5075,2025-06-13 13:05:00,2025-06-13 14:00:00,2025-06-13 11:30:00,0.0024196964795277992,0.002019656474193666,0.01330516546324042,0.014056525031466073,0.0011633501648055712,0.2941638968676982,0.45635565887439367,0.42651462734553675,0.603534939837892,0.6963367076946003,0.271096355085756,True,False,0.00208064560759947,0.0003390508719282517,0.0
2025-06-13,3,5076,5087,2025-06-13 14:05:00,2025-06-13 15:00:00,2025-06-13 14:00:00,-0.0030624431967818506,-0.003462483202115984,0.008381749753513466,0.00816542694991251,0.001120396671087342,0.19468075710821958,0.38846823801157365,0.41258600809619905,0.813694185575122,0.4552750081559448,0.28683309926892486,True,False,-0.002846752934900494,-0.00021569026188142214,0.0
2025-06-16,0,5088,5099,2025-06-16 09:35:00,2025-06-16 10:30:00,2025-06-13 15:00:00,-0.002354302331878368,-0.0027543423372125013,0.016876876420956224,0.015090223423775608,0.0062310016679576865,0.2467312594972459,0.4722795008632414,0.5289020488397395,0.8516711266965875,0.6141223238282022,0.14962467028215093,True,False,-0.0072683674179161795,0.004914065086037862,0.004894066323173369
2025-06-16,1,5100,5111,2025-06-16 10:35:00,2025-06-16 11:30:00,2025-06-16 10:30:00,-0.0010668960066125175,-0.0014669360119466512,0.005330713647324332,0.0053204076103390155,0.00071058608277743,0.3185205387084654,0.5369983061247321,0.5128357062554728,0.8612953900622243,0.6139675152748973,0.19643308311916086,True,True,-0.001406780381388088,0.00033988437477559585,0.0
2025-06-16,2,5112,5123,2025-06-16 13:05:00,2025-06-16 14:00:00,2025-06-16 11:30:00,0.0005158734367366601,0.0005158734367366601,0.003176764367106423,0.0030322621772821906,0.0009282804052087247,0.21747975400100406,0.38950355778448964,0.384244966526065,0.604576407649399,0.6368403995579159,0.2213513731147965,True,False,-6.165955048253129e-05,0.0005775329872197165,0.0
2025-06-16,3,5124,5135,2025-06-16 14:05:00,2025-06-16 15:00:00,2025-06-16 14:00:00,-0.0015675139568193076,-0.0019675539621534406,0.003832932312602124,0.004214124247399429,0.000525362485927207,0.19343007308465462,0.31977303089635134,0.34229299192283125,0.4101132717162518,0.8536867914234989,0.40019982315105795,True,False,-0.0015987442298862104,3.1230273067165556e-05,0.0
2025-06-17,0,5136,5147,2025-06-17 09:35:00,2025-06-17 10:30:00,2025-06-16 15:00:00,-0.001832131845270579,-0.0022321718506047123,0.011043576738248824,0.01133401014098014,0.001526578763472574,0.18788233638985163,0.36829421325601724,0.373078976801761,0.8550981645723533,0.4880469130664152,0.2590975460610165,True,False,-0.0023250325180695524,0.0004929006727994319,0.0006589718219126284
2025-06-17,1,5148,5159,2025-06-17 10:35:00,2025-06-17 11:30:00,2025-06-17 10:30:00,0.003006086993847461,0.003006086993847461,0.0062678435337803935,0.005852275994034385,0.0007062725789867503,0.3918450417714571,0.5260281259335498,0.524352551220097,0.7452255159130904,0.7110387505916678,0.14214406352840936,True,True,0.0024452708109101717,0.0005608161829375824,0.0
2025-06-17,2,5160,5171,2025-06-17 13:05:00,2025-06-17 14:00:00,2025-06-17 11:30:00,-0.003818047050322989,-0.004218087055657122,0.008181448526337488,0.008264448618483258,0.0007478112260214762,0.21714708505649075,0.3959084499199617,0.3906781625260839,0.8594532261613984,0.5620235955668818,0.18014721257486743,True,False,-0.004212917681624599,0.0003948706313014301,0.0
2025-06-17,3,5172,5183,2025-06-17 14:05:00,2025-06-17 15:00:00,2025-06-17 14:00:00,-0.0005201694661840641,-0.001320249476852331,0.004241454629336438,0.004605262712664601,0.0007381433951502228,0.23777456701790112,0.43612235938606164,0.42647726022854726,0.7637803824854915,0.4399672435267831,0.2806744503372349,True,False,-0.0004684492424793093,-5.1720223704875004e-05,0.0
2025-06-18,0,5184,5195,2025-06-18 09:35:00,2025-06-18 10:30:00,2025-06-17 15:00:00,0.0010602669992274493,0.0006602269938933152,0.015248700111571287,0.014738860212071707,0.0017128035729538087,0.32699840564054383,0.4475744054110692,0.47291377913360755,0.9187672331748431,0.42262077734281156,0.18196081486067847,True,False,0.0017985784438189472,-0.0007383114445917198,0.0008725822754638919
2025-06-18,1,5196,5207,2025-06-18 10:35:00,2025-06-18 11:30:00,2025-06-18 10:30:00,-0.0032188459890283125,-0.003618885994362446,0.007982463579477395,0.007868207667330474,0.0005092716098800516,0.24460589387214976,0.43228715026535663,0.44782041460919686,0.6748775062845896,0.5149296248010231,0.25045199018054926,True,False,-0.0030840362969012103,-0.0001348096921267542,0.0
2025-06-18,2,5208,5219,2025-06-18 13:05:00,2025-06-18 14:00:00,2025-06-18 11:30:00,0.004999104778008926,0.004999104778008926,0.014040765266402876,0.01370004350734573,0.000879493852101099,0.2169753654340075,0.36370221838413486,0.358466438642153,0.5364172615979,0.7363103403234403,0.36087872340488525,True,False,0.004782896971214511,0.00021620780679464116,0.0
2025-06-18,3,5220,5231,2025-06-18 14:05:00,2025-06-18 15:00:00,2025-06-18 14:00:00,2.0648358456260073e-05,2.0648358456260073e-05,0.004065889438075529,0.004272313658451774,0.0003714573316468591,0.21071485235823859,0.39605193598033156,0.3720853833471359,0.6062265391033295,0.6683398526144662,0.29201921711152573,True,False,-0.00020637324361873983,0.00022702160207485218,0.0
2025-06-19,0,5232,5243,2025-06-19 09:35:00,2025-06-19 10:30:00,2025-06-18 15:00:00,-0.002394535708360802,-0.0031946157190290685,0.014226520246220344,0.013439212540709268,0.002330722559074319,0.16772758536353216,0.3220316257899328,0.3608361769265422,0.49523560501852176,0.6999064340313021,0.2632274369216751,True,False,-0.001154441389954243,-0.001240094318406401,0.0013022584652648786
2025-06-19,1,5244,5255,2025-06-19 10:35:00,2025-06-19 11:30:00,2025-06-19 10:30:00,0.005171915496312421,0.004771875490978288,0.008896877771144574,0.008813532171628703,0.0005573124858064741,0.25455284584176335,0.4517095031269295,0.4606653083603218,0.8279219555941734,0.46740157260941956,0.07359325749143637,True,False,0.004841449186974418,0.0003304663093381293,0.0
2025-06-19,2,5256,5267,2025-06-19 13:05:00,2025-06-19 14:00:00,2025-06-19 11:30:00,-0.002114595845186545,-0.0025146358505206785,0.008688036674303986,0.008335609525289375,0.0007672680536329583,0.2184722242572989,0.33176570761395363,0.32963644795993263,0.7374735433847116,0.3751231479530839,0.4303748227148522,True,False,-0.002114672496549267,7.66513624747984e-08,0.0
2025-06-19,3,5268,5279,2025-06-19 14:05:00,2025-06-19 15:00:00,2025-06-19 14:00:00,-0.0003527756496420379,-0.0007528156549761714,0.007230990664894532,0.007147912218931374,0.0006438648453508552,0.2817186745869453,0.4499215276664656,0.45080093251988507,0.7716182871649495,0.5015570982846357,0.24809737711786842,True,False,-8.282836373429259e-05,-0.0002699472859079124,0.0
2025-06-20,0,5280,5291,2025-06-20 09:35:00,2025-06-20 10:30:00,2025-06-19 15:00:00,-0.0023368261240756523,-0.0031369061347439188,0.014677510000392269,0.014355286939901946,0.0018794915521758888,0.2639170706970552,0.48047965075352245,0.4926863765373551,0.8543946392873953,0.6281721624308401,0.09257384214214313,True,False,-0.001185194149711632,-0.0011516319743641794,0.0008719482366098913
2025-06-20,1,5292,5303,2025-06-20 10:35:00,2025-06-20 11:30:00,2025-06-20 10:30:00,-0.00573402909684498,-0.006534109107513248,0.008065666176473307,0.007732933251821633,0.0005617510499463166,0.16985115896048872,0.3347778316099823,0.34649841402421155,0.8840588400842485,0.37990281157426425,0.3693032131522877,True,False,-0.005817604059316527,8.357496247146812e-05,0.0
2025-06-20,2,5304,5315,2025-06-20 13:05:00,2025-06-20 14:00:00,2025-06-20 11:30:00,0.0002501068177565537,0.0002501068177565537,0.008167206419848713,0.00779230728495105,0.0008126251027697812,0.20532543950748627,0.3545277534829101,0.3662376794584213,0.5630288267036282,0.6879870720087252,0.3506853338583939,True,False,0.00010392044527278888,0.00014618637248378508,0.0
2025-06-20,3,5316,5327,2025-06-20 14:05:00,2025-06-20 15:00:00,2025-06-20 14:00:00,0.002441825276729229,0.002441825276729229,0.007197968373475057,0.006926884702628507,0.000709450656250589,0.2622173863251347,0.5171845474477452,0.5073269282239831,0.9341031332156347,0.5215175987299457,0.19894294546478566,True,True,0.0020867959322641593,0.0003550293444648386,0.0
2025-06-23,0,5328,5339,2025-06-23 09:35:00,2025-06-23 10:30:00,2025-06-20 15:00:00,-0.004690641888934176,-0.0054907218996024425,0.024935414933773766,0.020835172629226167,0.006642513754166882,0.20162527992919918,0.3852295758573815,0.3522186155043945,0.5165264687499206,0.7125102248455101,0.4013791301675755,True,False,-0.010189453156407787,0.005498811267473803,0.0058004560076432435
2025-06-23,1,5340,5351,2025-06-23 10:35:00,2025-06-23 11:30:00,2025-06-23 10:30:00,0.00042672551269159293,0.00042672551269159293,0.01417474025566027,0.014434670194458927,0.000738457792887511,0.17011371516767806,0.33150056508045367,0.3334625291774405,0.5049746934192111,0.6436250276742489,0.39992903811529484,True,False,0.000354140238961641,7.258527372971484e-05,0.0
2025-06-23,2,5352,5363,2025-06-23 13:05:00,2025-06-23 14:00:00,2025-06-23 11:30:00,-7.286846724380657e-05,-7.286846724380657e-05,0.004781364501235933,0.005010494125644272,0.0007082575867038771,0.1590665898880295,0.29856074200415467,0.3036340078358285,0.5108394352394982,0.49575435039216686,0.4448085866722406,True,False,-0.00019768724723705732,0.0001248187799931179,0.0
2025-06-23,3,5364,5375,2025-06-23 14:05:00,2025-06-23 15:00:00,2025-06-23 14:00:00,-0.0039492705141931355,-0.004349310519527269,0.0068157420043984205,0.007231128811609464,0.0005607887179947331,0.22559286504400702,0.399597142604377,0.3737646580445303,0.655205854244127,0.6211627171163723,0.24596632758998796,True,False,-0.003803971613772548,-0.00014529890042025691,0.0
2025-06-24,0,5376,5387,2025-06-24 09:35:00,2025-06-24 10:30:00,2025-06-23 15:00:00,0.016380880791670112,0.016380880791670112,0.02356570777770898,0.02222912960200068,0.0038184470421633097,0.27341683714910603,0.42339163914432726,0.4418566217654933,0.4995432151244404,0.7674721870488171,0.1877936208133742,True,False,0.0130339612970676,0.0033469194946021534,0.0023892639970755397
2025-06-24,1,5388,5399,2025-06-24 10:35:00,2025-06-24 11:30:00,2025-06-24 10:30:00,-0.005769516219593803,-0.006169556224927938,0.008204905184776363,0.008348039424259275,0.0007986927946286067,0.19000130547353758,0.34211699036855114,0.3342019864551705,0.8084145159137412,0.4787987445589933,0.3891954438112928,True,False,-0.005442255364482051,-0.0003272608551114711,0.0
2025-06-24,2,5400,5411,2025-06-24 13:05:00,2025-06-24 14:00:00,2025-06-24 11:30:00,-0.0045017220085447705,-0.004901762013878905,0.009763403752805684,0.009834712764272035,0.0005218383491454175,0.158333333926705,0.3156189074253547,0.3091650068970768,0.5580403212581734,0.5357214974680509,0.42756239671233215,True,False,-0.004818876474989357,0.00031715446644428916,0.0
2025-06-24,3,5412,5423,2025-06-24 14:05:00,2025-06-24 15:00:00,2025-06-24 14:00:00,0.00230156761565623,0.00230156761565623,0.004614510717740146,0.004634977634769339,0.00045018263237017736,0.12429209407088582,0.24848497425800603,0.25825071558274704,0.3224877276353199,0.8229828315281488,0.6496445306918411,True,False,0.0026494549561693753,-0.0003478873405134433,0.0
2025-06-25,0,5424,5435,2025-06-25 09:35:00,2025-06-25 10:30:00,2025-06-24 15:00:00,0.006595306582719233,0.006195266577385099,0.0174621956548768,0.016194373460787184,0.0023864032133981508,0.23334873959886668,0.43031949108931494,0.4683852267607272,0.6799797531306774,0.5996378676270221,0.21575615168807258,True,False,0.006001230657302656,0.0005940759254165716,0.001286580935942137
2025-06-25,1,5436,5447,2025-06-25 10:35:00,2025-06-25 11:30:00,2025-06-25 10:30:00,-0.0009514576149865482,-0.0013514976203206817,0.008865459159183065,0.008814593435507353,0.0007463662360275013,0.2549457957685112,0.4083056604727056,0.40488213090285713,0.6021367123654956,0.5672455010678166,0.3094967266306329,True,False,-0.0004506683317806427,-0.0005007892832057628,0.0
2025-06-25,2,5448,5459,2025-06-25 13:05:00,2025-06-25 14:00:00,2025-06-25 11:30:00,0.0073070280948684,0.0073070280948684,0.012487278953771145,0.012579034701775424,0.001006103018367268,0.23001158927402557,0.4047848825329152,0.41802949053907895,0.5107187366587205,0.7372524458309917,0.2936151774698029,True,False,0.007683618579567747,-0.0003765904846995584,0.0
2025-06-25,3,5460,5471,2025-06-25 14:05:00,2025-06-25 15:00:00,2025-06-25 14:00:00,0.009436079238840666,0.009436079238840666,0.013694028712207968,0.013865967345893146,0.0010171779462529941,0.19562097801831282,0.33450191369192117,0.3391465082122328,0.3960793283005848,0.8726236670568792,0.43423988323485824,True,False,0.009507559281101183,-7.148004226044692e-05,0.0
2025-06-26,0,5472,5483,2025-06-26 09:35:00,2025-06-26 10:30:00,2025-06-25 15:00:00,0.003729626749147787,0.0033295867438136537,0.01831764419694713,0.017997763885722915,0.0014033816338350094,0.3147890833993742,0.4647789128517159,0.45187920666251036,0.7723091693912887,0.6166961345640745,0.20598003431292042,True,False,0.00334862647244366,0.00038100027670402383,4.0177181375250083e-05
2025-06-26,1,5484,5495,2025-06-26 10:35:00,2025-06-26 11:30:00,2025-06-26 10:30:00,-0.0016298650953532681,-0.002029905100687402,0.008443094249381129,0.008392407883412884,0.0006507467919853823,0.20760115973396912,0.3925210654721246,0.3781834562671683,0.5154288525370344,0.9124865690712303,0.2872990113358664,True,False,-0.001960105943391476,0.00033024084803835973,0.0
2025-06-26,2,5496,5507,2025-06-26 13:05:00,2025-06-26 14:00:00,2025-06-26 11:30:00,0.003332359775695667,0.0029323197703615333,0.012242051164917462,0.011881278664382416,0.000561333888171327,0.15776774982942018,0.2991322668422451,0.2972467940897309,0.9738834150686514,0.36847779016393745,0.5365362280708126,True,False,0.003272210733395017,6.014904230071352e-05,0.0
2025-06-26,3,5508,5519,2025-06-26 14:05:00,2025-06-26 15:00:00,2025-06-26 14:00:00,0.002510651415844467,0.002510651415844467,0.00843344659259894,0.00826229763437231,0.00045324422344694405,0.22566822560514121,0.3355875684806707,0.3291472619282185,0.8637803060683927,0.31687637487744325,0.4778921116769544,True,False,0.002540650470700487,-2.9999054855992397e-05,0.0
2025-06-27,0,5520,5531,2025-06-27 09:35:00,2025-06-27 10:30:00,2025-06-26 15:00:00,0.00035960505898747835,-4.043494634665577e-05,0.02426798576523504,0.019702892055582653,0.008237426699518031,0.2550521580170691,0.4951308539457844,0.4664653710622473,0.6693258436047552,0.7859803575729682,0.21832570653377667,True,False,0.007528476522083852,-0.00716887146309663,0.006755115914373622
2025-06-27,1,5532,5543,2025-06-27 10:35:00,2025-06-27 11:30:00,2025-06-27 10:30:00,-0.0041331967327626175,-0.004933276743430883,0.014992721514999792,0.014902295515346803,0.0012963199018829537,0.18132111433383716,0.35661257433924193,0.3311396015255599,0.5726182013886795,0.7199855719501129,0.33648546610702695,True,False,-0.0033999734817366668,-0.0007332232510256959,0.0
2025-06-27,2,5544,5555,2025-06-27 13:05:00,2025-06-27 14:00:00,2025-06-27 11:30:00,0.005728398211774935,0.005328358206440802,0.010149242794724445,0.010299784939515942,0.0004931612778869697,0.18046430719968012,0.3205021511705204,0.320711737259575,0.8262471043805822,0.43447922960510643,0.42992723944809014,True,False,0.005356170674062452,0.0003722275377124658,0.0
2025-06-27,3,5556,5567,2025-06-27 14:05:00,2025-06-27 15:00:00,2025-06-27 14:00:00,0.0020920615439655493,0.0020920615439655493,0.005486864381881408,0.005204249387804725,0.0009095020308631877,0.24300219035549817,0.36822559912626074,0.32041103931496073,1.0,0.34651845705739126,0.4183547175716386,True,False,0.00243544115170425,-0.00034337960773811644,0.0
2025-06-30,0,5568,5579,2025-06-30 09:35:00,2025-06-30 10:30:00,2025-06-27 15:00:00,-0.009696245601684791,-0.010096285607018925,0.024758443760143148,0.02120322852329202,0.005041541231139791,0.19672788954298162,0.3549677339221634,0.40568651559098545,0.48857392822731627,0.7752840319146219,0.19305018266815255,True,False,-0.0055766635091061435,-0.0041195820925782846,0.004130255150720501
2025-06-30,1,5580,5591,2025-06-30 10:35:00,2025-06-30 11:30:00,2025-06-30 10:30:00,-0.0019613005698230334,-0.0023613405751571667,0.007477639204106759,0.0074576696718041775,0.00035993745965550464,0.2311519300322752,0.3970775861383392,0.4075268695231777,0.6023296890431276,0.7007356391808967,0.27300007153363187,True,False,-0.002221114376746867,0.0002598138069234071,0.0
2025-06-30,2,5592,5603,2025-06-30 13:05:00,2025-06-30 14:00:00,2025-06-30 11:30:00,-0.0034062790254638263,-0.0038063190307979595,0.006802686897843682,0.007212793608294353,0.0008293695043058767,0.24247004659290747,0.4391972878804843,0.41836493967343386,0.8239067629391039,0.5216872137594284,0.2681288537983642,True,False,-0.0032756823271712534,-0.00013059669829215342,0.0
2025-06-30,3,5604,5615,2025-06-30 14:05:00,2025-06-30 15:00:00,2025-06-30 14:00:00,0.0033826459774464676,0.0033826459774464676,0.005994528641782633,0.006064842999022028,0.000668275107635329,0.1898241618777188,0.3777646505874756,0.3717474536167556,0.48298578404542863,0.7174268653586422,0.32274779653824753,True,False,0.003432864764423548,-5.021878697697997e-05,0.0
2025-07-01,0,5616,5627,2025-07-01 09:35:00,2025-07-01 10:30:00,2025-06-30 15:00:00,-0.008994969172241215,-0.009795049182909485,0.018977693375206887,0.01720056836802497,0.0021785223566022677,0.19491918000718825,0.3432214280031941,0.3699542745783008,0.7537328989299226,0.5037805800620352,0.3306992869232377,True,False,-0.0073375423877408115,-0.0016574267845002816,0.0013163801452148452
2025-07-01,1,5628,5639,2025-07-01 10:35:00,2025-07-01 11:30:00,2025-07-01 10:30:00,-0.0010593847749475588,-0.0014594247802816925,0.007614487343074708,0.007815860951403391,0.00042208907042400246,0.21143246590853496,0.3777096490161628,0.3630378364715846,0.9882745376633026,0.42491120528285553,0.22672392728862126,True,False,-0.0007577764255159492,-0.0003016083494321383,0.0
2025-07-01,2,5640,5651,2025-07-01 13:05:00,2025-07-01 14:00:00,2025-07-01 11:30:00,-0.0032222569019067877,-0.003622296907240922,0.00697881050181776,0.007008589413097903,0.0010546084897278473,0.2631130484517607,0.4230078038411266,0.4570373429101025,0.5228638372505098,0.8435567548227622,0.2664164966373283,True,False,-0.00301037197027599,-0.0002118849316308638,0.0
2025-07-01,3,5652,5663,2025-07-01 14:05:00,2025-07-01 15:00:00,2025-07-01 14:00:00,-0.0029121818491504936,-0.003312221854484627,0.0037153697216799073,0.003725459366318152,0.0004517828158172886,0.30830417257977194,0.5244928749772152,0.5176881711883153,0.7399655974272441,0.6534695824913082,0.11438653917911004,True,True,-0.0027818753831693986,-0.00013030646598119453,0.0
2025-07-02,0,5664,5675,2025-07-02 09:35:00,2025-07-02 10:30:00,2025-07-01 15:00:00,0.008559224598099335,0.008559224598099335,0.012795600714459843,0.010502255670371344,0.0030434711254669765,0.20527277030008345,0.34478817838366976,0.3316032967326319,1.0,0.4131873520003693,0.4103142784632473,True,False,0.006670795231704306,0.001888429366395374,0.002435613478728072
2025-07-02,1,5676,5687,2025-07-02 10:35:00,2025-07-02 11:30:00,2025-07-02 10:30:00,0.0004461162612386411,0.0004461162612386411,0.006552104832797791,0.006491423929758958,0.0005477493094735638,0.16725438752196695,0.32195787311409163,0.3156029576758935,0.6876397784414845,0.5621897624027006,0.3564437108504211,True,False,0.0005273440861945592,-8.122782495582789e-05,0.0
2025-07-02,2,5688,5699,2025-07-02 13:05:00,2025-07-02 14:00:00,2025-07-02 11:30:00,0.002467369544554604,0.002467369544554604,0.006346702553342334,0.0062250058642263385,0.0012189350801990726,0.2576833573699107,0.4705219345057887,0.4487243620440951,0.879499117857751,0.6108136780774661,0.17454661402817406,True,False,0.0030364691361536413,-0.0005690995915992881,0.0
2025-07-02,3,5700,5711,2025-07-02 14:05:00,2025-07-02 15:00:00,2025-07-02 14:00:00,-0.0003967678614239746,-0.000796807866758108,0.005891050809262731,0.005494130377742308,0.0004987100074930458,0.23486070700979675,0.374694732749919,0.40176434791850596,0.6038388350247689,0.5774341421041307,0.2905055601074446,True,False,-0.000488362693278012,9.159483185424257e-05,0.0
2025-07-03,0,5712,5723,2025-07-03 09:35:00,2025-07-03 10:30:00,2025-07-02 15:00:00,0.0014364987558682196,0.001036458750534086,0.013790706608956989,0.012621312820065683,0.002430012436058742,0.17818724596345278,0.3496266988776213,0.3908504947086075,0.6572160930102156,0.4997724853320185,0.29503963994702526,True,False,0.00022654377784208193,0.0012099549780259853,0.0017285385954897373
2025-07-03,1,5724,5735,2025-07-03 10:35:00,2025-07-03 11:30:00,2025-07-03 10:30:00,-0.003003004191906536,-0.003403044197240669,0.009819449164245223,0.009921205527417752,0.0005290779471120914,0.1929255069299597,0.32877753068529797,0.3354722193327099,0.5260846934297251,0.5830122401176655,0.3423020903062216,True,False,-0.0029014068641418566,-0.00010159732776476182,0.0
2025-07-03,2,5736,5747,2025-07-03 13:05:00,2025-07-03 14:00:00,2025-07-03 11:30:00,0.0024580518612867183,0.0024580518612867183,0.006812332310077352,0.006557906088345481,0.0004779713021964792,0.1954261351057216,0.3687367788360448,0.37374564656729364,0.5419316882547314,0.7898530682379232,0.248697319559019,True,False,0.002549702131751994,-9.165027046525064e-05,0.0
2025-07-03,3,5748,5759,2025-07-03 14:05:00,2025-07-03 15:00:00,2025-07-03 14:00:00,-0.0006494758755206923,-0.0006494758755206923,0.004204012876517625,0.004356353489880264,0.0005787045706287349,0.23434674609266704,0.42765676722262985,0.42902871563508554,0.8457575888021355,0.5984547362107341,0.21727831604922793,True,False,-0.0007612059078651211,0.0001117300323444238,0.0
2025-07-04,0,5760,5771,2025-07-04 09:35:00,2025-07-04 10:30:00,2025-07-03 15:00:00,0.00034992460214177204,-5.011540319236154e-05,0.010139145017708035,0.009885529673275877,0.0012933163552514722,0.22063686331062585,0.3642896196710656,0.3654005099862172,0.7090766880107108,0.4210041957872944,0.3358181882766983,True,False,0.0004809587666460265,-0.00013103416450430084,0.00042650852648097354
2025-07-04,1,5772,5783,2025-07-04 10:35:00,2025-07-04 11:30:00,2025-07-04 10:30:00,-0.00011935906517849463,-0.0005193990705126279,0.009671000407080481,0.009274555662321972,0.0010495449314220123,0.2228297034213201,0.39450013009797774,0.4080686725485912,0.5078238853304045,1.0,0.20496138298517128,True,False,-0.0010670526031975778,0.0009476935380197002,0.0
2025-07-04,2,5784,5795,2025-07-04 13:05:00,2025-07-04 14:00:00,2025-07-04 11:30:00,0.00723671365456221,0.006836673649228076,0.01833772204095263,0.018294640783284983,0.001210704817889342,0.3647260417207753,0.507934270940301,0.5190098575297327,0.7284115736880703,0.5317687606157437,0.19609746204736497,True,True,0.0072745148584941665,-3.780120393177075e-05,0.0
2025-07-04,3,5796,5807,2025-07-04 14:05:00,2025-07-04 15:00:00,2025-07-04 14:00:00,0.005133278794241974,0.005133278794241974,0.008116876072012148,0.0081672342404395,0.0004561563032538263,0.3128790398015121,0.5540008877133028,0.5505825684504021,0.8095479302552523,0.6787477723458262,0.09258324118348048,True,True,0.005427070619915002,-0.00029379182567309105,0.0
2025-07-07,0,5808,5819,2025-07-07 09:35:00,2025-07-07 10:30:00,2025-07-04 15:00:00,0.0033452158557522164,0.0033452158557522164,0.01081614809599031,0.00889484943917996,0.0026957555488794902,0.21522551699608494,0.3974719861339346,0.4444980614073628,0.6726559929072455,0.607161270719696,0.2600493146563988,True,False,0.0013831295866359521,0.0019620862691165086,0.0016260166184185602
2025-07-07,1,5820,5831,2025-07-07 10:35:00,2025-07-07 11:30:00,2025-07-07 10:30:00,0.0029273338835970686,0.0029273338835970686,0.00568102177321456,0.0058545338578767075,0.0007448317002362848,0.1776495533108833,0.34811787015208184,0.358717237028444,0.8666074105749808,0.45743801434960435,0.21828975669126585,True,False,0.003223423095956713,-0.00029608921235967545,0.0
2025-07-07,2,5832,5843,2025-07-07 13:05:00,2025-07-07 14:00:00,2025-07-07 11:30:00,-0.0004901964979604963,-0.0008902365032946298,0.0046810961998466774,0.0046199820386793105,0.0008584670537321305,0.2337172346223796,0.3558785182920704,0.3453070662529711,0.4144913434998184,0.8153423333751233,0.36530589539675795,True,False,-0.00034735782230453633,-0.0001428386756559773,0.0
2025-07-07,3,5844,5855,2025-07-07 14:05:00,2025-07-07 15:00:00,2025-07-07 14:00:00,-0.0013073839747580758,-0.0017074239800922094,0.003720198258085848,0.0037405009923456405,0.0005110866948202972,0.22793520986330887,0.34594616460749666,0.3959668515872325,0.6185661088569989,0.47168332566976107,0.3037003554022215,True,False,-0.0017162365441944839,0.00040885256943630195,0.0
2025-07-08,0,5856,5867,2025-07-08 09:35:00,2025-07-08 10:30:00,2025-07-07 15:00:00,-0.0030029802480115255,-0.0034030202533456596,0.013627029178471342,0.013380589207038055,0.0012036181204642343,0.23127805001116114,0.4224745531787244,0.45537916699212655,0.5341242503759209,0.8524100992023876,0.16694339860470994,True,False,-0.0026344058399742046,-0.0003685744080371467,0.0006233426695942299
2025-07-08,1,5868,5879,2025-07-08 10:35:00,2025-07-08 11:30:00,2025-07-08 10:30:00,0.006782092549544847,0.006782092549544847,0.010549746223994107,0.010560128936673945,0.0005774247926069284,0.23718270409800352,0.42688533954782204,0.4245606470742552,0.5196831170445408,1.0,0.24260589704756977,True,False,0.007036043245086905,-0.0002539506955414844,0.0
2025-07-08,2,5880,5891,2025-07-08 13:05:00,2025-07-08 14:00:00,2025-07-08 11:30:00,0.0026637354438110604,0.0026637354438110604,0.009605818489613728,0.009393918604344766,0.0006758913401549628,0.15865205410736918,0.30148558190451086,0.3029162133691229,0.43596001175418464,0.7066216142679547,0.47500767839018926,True,False,0.002855584113084406,-0.00019184866927336565,0.0
2025-07-08,3,5892,5903,2025-07-08 14:05:00,2025-07-08 15:00:00,2025-07-08 14:00:00,-0.0005140325969529137,-0.0005140325969529137,0.004990255259820407,0.005534610494994459,0.000685499823816235,0.18176198103100155,0.3312845567305584,0.30963660980514035,0.5676620551649074,0.6006933302689091,0.3470347067936479,True,False,-0.0005545273151093891,4.049471815656574e-05,0.0
2025-07-09,0,5904,5915,2025-07-09 09:35:00,2025-07-09 10:30:00,2025-07-08 15:00:00,-0.004313138937250254,-0.0047131789425843874,0.009424376233139341,0.009081826148134329,0.0012921187963704356,0.2088052196304262,0.3503838677564224,0.3569342894224586,0.5946252616617355,0.563721432996721,0.37423361650513237,True,False,-0.0038297842230021173,-0.0004833547142479054,0.000615139509839906
2025-07-09,1,5916,5927,2025-07-09 10:35:00,2025-07-09 11:30:00,2025-07-09 10:30:00,0.0012133101596638132,0.0012133101596638132,0.008358757911204636,0.00798463665123076,0.0006573302653515655,0.2116738407612221,0.4115490898552286,0.42829677758376383,0.7029270277956307,0.6426170216158205,0.18326290244746368,True,False,0.0011621711345449906,5.113902511851759e-05,0.0
2025-07-09,2,5928,5939,2025-07-09 13:05:00,2025-07-09 14:00:00,2025-07-09 11:30:00,-0.0024088350697934998,-0.0032089150804617663,0.0043311224244947325,0.004189523972546846,0.00042512801042193576,0.2266496365546844,0.3574228067878538,0.3574232699969151,0.5809254671114449,0.5860933534396274,0.3785347320665488,True,False,-0.0021658463231194816,-0.0002429887466736016,0.0
2025-07-09,3,5940,5951,2025-07-09 14:05:00,2025-07-09 15:00:00,2025-07-09 14:00:00,0.004384324967297738,0.004384324967297738,0.008858713353609812,0.00855371432465401,0.0006297978591371903,0.19505951838609367,0.3570541073252426,0.35194761912465333,0.7866478333621532,0.4584701773572162,0.2592690338398637,True,False,0.004383952454353151,3.725129449851008e-07,0.0
2025-07-10,0,5952,5963,2025-07-10 09:35:00,2025-07-10 10:30:00,2025-07-09 15:00:00,0.001567589897555145,0.001567589897555145,0.010325746034067227,0.008758156820341997,0.002464048391553308,0.15192506387330987,0.29596378271941076,0.3163662562889669,0.5395481254443243,0.5085666971613575,0.327192399909574,True,False,0.0005294286673486802,0.0010381612302067438,0.0013945087126394082
2025-07-10,1,5964,5975,2025-07-10 10:35:00,2025-07-10 11:30:00,2025-07-10 10:30:00,0.00210075541259902,0.00210075541259902,0.00648329419848782,0.006596179326740022,0.0006625797399962322,0.18704359790104316,0.37077509822858434,0.3416636055910757,0.8602348559397257,0.5060455109236695,0.3974947640019022,True,False,0.0023146310301887124,-0.00021387561758945991,0.0
2025-07-10,2,5976,5987,2025-07-10 13:05:00,2025-07-10 14:00:00,2025-07-10 11:30:00,-0.005175066257190786,-0.005575106262524919,0.008415280927630074,0.008262648540860597,0.0007435897274343797,0.2153533206400395,0.40805005687587903,0.4032865580050958,0.6594590318824632,0.695141862171219,0.20783931132974423,True,False,-0.004859349972531935,-0.00031571628465843475,0.0
2025-07-10,3,5988,5999,2025-07-10 14:05:00,2025-07-10 15:00:00,2025-07-10 14:00:00,-0.0008255825077929125,-0.0012256225131270458,0.010750295416475972,0.010710305018749285,0.0005090056088101012,0.2021368555726125,0.38021046467902025,0.36930410294805627,0.7814529231155449,0.5921013781480543,0.19848146875283962,True,False,-0.0011102684182795167,0.0002846859104864427,0.0
2025-07-11,0,6000,6011,2025-07-11 09:35:00,2025-07-11 10:30:00,2025-07-10 15:00:00,-0.0020527919647574688,-0.002452831970091602,0.01387845567575634,0.013952853904912922,0.001308815539804763,0.47485195383589557,0.6285173767028199,0.6056010294831846,0.7335817656029984,0.6308109934869224,0.12072326195794703,True,True,-0.0016348244299339626,-0.0004179675348232048,0.00039788407815363687
2025-07-11,1,6012,6023,2025-07-11 10:35:00,2025-07-11 11:30:00,2025-07-11 10:30:00,-0.004276000862213658,-0.0046760408675477925,0.011648507083535693,0.01150700299900439,0.0007682633357371975,0.2278271656633179,0.37630117460563944,0.35809345069338255,0.5322038459093323,0.5866922986792374,0.360932884061009,True,False,-0.003932424725811067,-0.0003435761364027071,0.0
2025-07-11,2,6024,6035,2025-07-11 13:05:00,2025-07-11 14:00:00,2025-07-11 11:30:00,0.0004997976169661066,9.975761163197338e-05,0.01950736575535028,0.020549789871120105,0.0010824821999936077,0.19312076521517982,0.3683302795301004,0.35745639948837776,0.5353482167874205,0.6801404914977677,0.3644198972679153,True,False,0.0010402679765356333,-0.0005404703595696672,0.0
2025-07-11,3,6036,6047,2025-07-11 14:05:00,2025-07-11 15:00:00,2025-07-11 14:00:00,-0.003785943792461658,-0.004185983797795791,0.00773502473338679,0.007604865960626478,0.00047165854343866886,0.30613750841633025,0.41527687533838276,0.4329639313187469,0.43995543604529624,0.6670028944086207,0.3258250201799489,True,False,-0.0036557719694197697,-0.00013017182304138794,0.0
2025-07-14,0,6048,6059,2025-07-14 09:35:00,2025-07-14 10:30:00,2025-07-11 15:00:00,-0.0016461444482869308,-0.0020461844536210643,0.00819198892731578,0.009247334749293134,0.0014163368517948127,0.3626671208404996,0.4925919324327768,0.4256548471597698,0.8952116617910474,0.4002773952079085,0.22446325463091502,True,False,-0.0006315441492800118,-0.0010146002990072467,0.0008443314703455582
2025-07-14,1,6060,6071,2025-07-14 10:35:00,2025-07-14 11:30:00,2025-07-14 10:30:00,-0.0015464775923038395,-0.0019465175976379728,0.004220243813295632,0.0042100496532174875,0.0004322509572143549,0.27843385704289797,0.4308781028873683,0.42475466204525697,1.0,0.5260363180854936,0.22494505678262683,True,False,-0.0017174587274795007,0.00017098113517523383,0.0
2025-07-14,2,6072,6083,2025-07-14 13:05:00,2025-07-14 14:00:00,2025-07-14 11:30:00,-0.0015892377888272234,-0.0019892777941613567,0.005974898620265877,0.005652934828140445,0.00046281524538746034,0.17185878816260147,0.3316458631326502,0.32574889629391107,0.6236003124918091,0.5593757572120062,0.32770154852944605,True,False,-0.0015087530299818378,-8.04847588456597e-05,0.0
2025-07-14,3,6084,6095,2025-07-14 14:05:00,2025-07-14 15:00:00,2025-07-14 14:00:00,-0.0002917456172888879,-0.0006917856226230213,0.004957261803907158,0.004816502651240123,0.0004225118791616007,0.25949418757598014,0.4358328004931726,0.431877367507683,0.6144016711285273,0.6907436231437526,0.3047399242523686,True,False,-0.0005331983531524147,0.0002414527358638067,0.0
2025-07-15,0,6096,6107,2025-07-15 09:35:00,2025-07-15 10:30:00,2025-07-14 15:00:00,-0.011509424310887653,-0.01230950432155592,0.02238253586778518,0.020206152207733346,0.0027200644509034213,0.22419475960230242,0.347818151368276,0.37780613616059083,0.4605944533552565,0.6297567360656394,0.33032425759291195,True,False,-0.012701021168175224,0.001191596857287471,0.0016741300452906237
2025-07-15,1,6108,6119,2025-07-15 10:35:00,2025-07-15 11:30:00,2025-07-15 10:30:00,-0.00412026534596012,-0.004920345356628387,0.010262854912144216,0.010294009586172062,0.0010191240646493984,0.20799085678878018,0.4105254627995044,0.38484523075946026,0.9553392808457439,0.4741287882051744,0.33745803839298366,True,False,-0.003707948049651889,-0.00041231729630805724,0.0
2025-07-15,2,6120,6131,2025-07-15 13:05:00,2025-07-15 14:00:00,2025-07-15 11:30:00,-0.0028918687832758454,-0.0032919087886099786,0.006697458265509553,0.006839154488201365,0.0004854792975189782,0.19181957640220532,0.32929012163629146,0.32099526340098095,0.48540828604387365,0.6150175226695264,0.4973854631306491,True,False,-0.0027906184544219397,-0.00010125032885425933,0.0
2025-07-15,3,6132,6143,2025-07-15 14:05:00,2025-07-15 15:00:00,2025-07-15 14:00:00,0.007019975750945924,0.007019975750945924,0.009993169083502656,0.010194349730480086,0.0004824528953333406,0.35993680318781834,0.5040730786703012,0.4892167185855878,0.5921641830021276,0.8581711363866013,0.13921084518933055,True,False,0.006819716322602982,0.0002002594283426864,0.0
2025-07-16,0,6144,6155,2025-07-16 09:35:00,2025-07-16 10:30:00,2025-07-15 15:00:00,0.006602202700867776,0.006602202700867776,0.0141094476397481,0.01370063540262095,0.001346658345996379,0.23214541619613624,0.3903989652849156,0.3926426960454544,0.5319048621149675,0.7131577164108029,0.3329135993833501,True,False,0.0066899677102829425,-8.776500941474886e-05,8.029790527165144e-05
2025-07-16,1,6156,6167,2025-07-16 10:35:00,2025-07-16 11:30:00,2025-07-16 10:30:00,0.002527931518390244,0.0021278915130561104,0.007062215052313402,0.0068728761418440755,0.0005293772336490011,0.20784968563837353,0.3647096804671031,0.37184906755387825,0.96771420378781,0.49494360535217896,0.34009394477073185,True,False,0.00271742517164822,-0.00018949365325802748,0.0
2025-07-16,2,6168,6179,2025-07-16 13:05:00,2025-07-16 14:00:00,2025-07-16 11:30:00,0.0030959621953586185,0.0030959621953586185,0.008382080675504364,0.008732525940536466,0.0005508659111289676,0.14719277285577653,0.2881059773910645,0.28342498390073273,0.6512170602246031,0.39989804448083516,0.42060275199736386,True,False,0.003426495483526422,-0.0003305332881675341,0.0
2025-07-16,3,6180,6191,2025-07-16 14:05:00,2025-07-16 15:00:00,2025-07-16 14:00:00,-0.00548029335058876,-0.005880333355922893,0.008929838145385678,0.008308160097403728,0.0008219485777576062,0.16145412404861179,0.3175687008512401,0.325646758814699,0.5286931502121557,0.5591364959815505,0.37778480333032766,True,False,-0.005099304404693235,-0.00038098894589512527,0.0
2025-07-17,0,6192,6203,2025-07-17 09:35:00,2025-07-17 10:30:00,2025-07-16 15:00:00,0.00016540238634723506,-0.0002346376189868982,0.012865901669526959,0.013549458706008008,0.0012261773086337546,0.21531085451550247,0.3466635784447422,0.335109291203846,0.6514575495569174,0.4956676409251366,0.42536561344163265,True,False,-0.0004771339100416666,0.0006425362963886305,8.018683536926432e-05
2025-07-17,1,6204,6215,2025-07-17 10:35:00,2025-07-17 11:30:00,2025-07-17 10:30:00,-0.00429289030496837,-0.004692930310302503,0.01018811396820349,0.00968636042374937,0.0009626666270533189,0.2452105444132432,0.3554136807303517,0.3769261877133863,0.4327602073355964,0.7993324826122379,0.3473410598981712,True,False,-0.004432983003651195,0.0001400926986821443,0.0
2025-07-17,2,6216,6227,2025-07-17 13:05:00,2025-07-17 14:00:00,2025-07-17 11:30:00,0.0035775710700446856,0.0035775710700446856,0.010188719853030551,0.009988864463507746,0.0006595290870240594,0.1976576568150079,0.3581017795791042,0.36128459554331654,0.4666711031757018,0.860870343873807,0.2771870321497277,True,False,0.0032980886816012683,0.0002794823884428386,0.0
2025-07-17,3,6228,6239,2025-07-17 14:05:00,2025-07-17 15:00:00,2025-07-17 14:00:00,0.0028886783972610986,0.0028886783972610986,0.007211621789385042,0.007320684687403445,0.000925879844196995,0.2763023757622576,0.4682110836485771,0.503373777501089,0.6686061187242528,0.6913769434768604,0.17297115736166416,True,False,0.0034364056615047143,-0.000547727264244089,0.0
2025-07-18,0,6240,6251,2025-07-18 09:35:00,2025-07-18 10:30:00,2025-07-17 15:00:00,-0.0013218879229707217,-0.001721927928304855,0.015286828688900998,0.012983217039748156,0.00363404663536214,0.1800501128703644,0.35938728490244304,0.39570086468711907,0.657629000287516,0.6294047709161774,0.13334900874045819,True,False,-0.0040625811946938825,0.002740693271722965,0.002463030970361874
2025-07-18,1,6252,6263,2025-07-18 10:35:00,2025-07-18 11:30:00,2025-07-18 10:30:00,-0.002064450168269524,-0.002864530178937791,0.006589703514083658,0.006390989313867783,0.0005955439662798776,0.23501737766520114,0.42782725284887657,0.44888785485606314,0.6177928742784481,0.7175710616657559,0.16607674996928307,True,False,-0.002024925764276199,-3.952440399347264e-05,0.0
2025-07-18,2,6264,6275,2025-07-18 13:05:00,2025-07-18 14:00:00,2025-07-18 11:30:00,0.003998930990812435,0.003998930990812435,0.007242478106116837,0.007540922104178368,0.0007164292368495268,0.2772494292002354,0.3803099434235511,0.3758144691722499,0.791409181097249,0.4864309449537369,0.39332513974061295,True,False,0.0045161930941846245,-0.0005172621033723738,0.0
2025-07-18,3,6276,6287,2025-07-18 14:05:00,2025-07-18 15:00:00,2025-07-18 14:00:00,0.00032203700015752455,-7.80030051766087e-05,0.004981401311741069,0.004971405394103015,0.0005667362415342376,0.24189366079045585,0.4651537995555691,0.4460803400648891,0.4670185736352995,1.0,0.08519010271916976,True,False,0.00025222852109282694,6.980847906439714e-05,0.0
2025-07-21,0,6288,6299,2025-07-21 09:35:00,2025-07-21 10:30:00,2025-07-18 15:00:00,0.0009219834200417624,0.0009219834200417624,0.010561863210392755,0.010829482050379837,0.000981451290880566,0.19072952320410494,0.36902278790263315,0.3415903044017461,0.5218685160299278,0.7757234362655647,0.3618674639674802,True,False,0.0011497942583069876,-0.00022781083826539037,4.96250825119676e-05
2025-07-21,1,6300,6311,2025-07-21 10:35:00,2025-07-21 11:30:00,2025-07-21 10:30:00,0.00013004586448193143,-0.00026999414085220226,0.00864698087634626,0.009231729855927807,0.0011407524875394126,0.17698540989937556,0.34363496536369814,0.33908481350619873,0.6909060233663037,0.47718485152513035,0.4760207028451316,True,False,0.0003771967943678627,-0.00024715092988608997,0.0
2025-07-21,2,6312,6323,2025-07-21 13:05:00,2025-07-21 14:00:00,2025-07-21 11:30:00,-0.00048645144559303626,-0.00088649145092717,0.0060079115708369865,0.006136971496888931,0.00032765426377958794,0.25804488818395843,0.41018738759345813,0.4112651409364851,0.500003347671857,0.8592779588000042,0.2362283325322575,True,False,-0.0006155722088397011,0.0001291207632470594,0.0
2025-07-21,3,6324,6335,2025-07-21 14:05:00,2025-07-21 15:00:00,2025-07-21 14:00:00,0.00016871021084160232,0.00016871021084160232,0.0033634721062385416,0.003452716724658502,0.00038692205323498873,0.2684744364421731,0.40118515417869927,0.39942919861109616,0.7415754127825382,0.5402841475498862,0.2733733041041607,True,False,0.000555632264076601,-0.00038692205323498873,0.0
2025-07-22,0,6336,6347,2025-07-22 09:35:00,2025-07-22 10:30:00,2025-07-21 15:00:00,0.004979000530885496,0.004979000530885496,0.013954402477125883,0.012938104223592513,0.0016711066807388614,0.23206410604074065,0.388029796310398,0.403271515473544,0.534491642583174,0.8301415113256185,0.22584572031364358,True,False,0.005287971050389634,-0.00030897051950460437,0.0003770963625117584
2025-07-22,1,6348,6359,2025-07-22 10:35:00,2025-07-22 11:30:00,2025-07-22 10:30:00,0.003617210809818563,0.003617210809818563,0.006982559180970558,0.007238590805657402,0.000610735650758677,0.2567393494227447,0.43292291802783256,0.41081240078688525,0.5425051967200344,1.0,0.26165660054003725,True,False,0.0037748564564552413,-0.00015764564663603748,0.0
2025-07-22,2,6360,6371,2025-07-22 13:05:00,2025-07-22 14:00:00,2025-07-22 11:30:00,-0.0003739274230770632,-0.0007739674284111967,0.008451622782256385,0.008275074766271772,0.0006878466613443534,0.2568862298731171,0.4325317084327775,0.42634102959354586,0.9051083702691507,0.41649267208201196,0.2592588356781578,True,False,-0.00039366707273449117,1.9739649657271157e-05,0.0
2025-07-22,3,6372,6383,2025-07-22 14:05:00,2025-07-22 15:00:00,2025-07-22 14:00:00,-0.0013185677233934062,-0.0017186077287275397,0.010919593692865923,0.010693404781428386,0.0006404734091726362,0.1780039760787298,0.34661453319409424,0.3469590397526068,0.7085581602589507,0.4950834687496737,0.29977321515345995,True,False,-0.0009933684934414057,-0.0003251992299522031,0.0
2025-07-23,0,6384,6395,2025-07-23 09:35:00,2025-07-23 10:30:00,2025-07-22 15:00:00,0.005017857764170425,0.005017857764170425,0.011329820860000185,0.01214264769766242,0.0018344262371538297,0.401678548266777,0.5494375437852986,0.5465167811395076,0.7144208954337986,0.7704932469810925,0.1420288112778349,True,True,0.0046710476007959766,0.00034681016337408913,0.00030499053290022605
2025-07-23,1,6396,6407,2025-07-23 10:35:00,2025-07-23 11:30:00,2025-07-23 10:30:00,0.004320083346443982,0.004320083346443982,0.007473280308160891,0.006573417100061547,0.0013302531572930145,0.29395461895979896,0.48255786042780324,0.5055997290671164,0.611579573309474,0.5965761075572427,0.16799286841392794,True,False,0.004341015506811585,-2.0932160367533037e-05,0.0
2025-07-23,2,6408,6419,2025-07-23 13:05:00,2025-07-23 14:00:00,2025-07-23 11:30:00,-0.0016103503036942498,-0.002010390309028383,0.015039894858795031,0.014990376364862383,0.0008469126673245596,0.18161774284110138,0.3332376281133618,0.3410385857532323,0.5389155798455227,0.6332026630382244,0.34895604175262834,True,False,-0.001990846847676534,0.0003804965439820546,0.0
2025-07-23,3,6420,6431,2025-07-23 14:05:00,2025-07-23 15:00:00,2025-07-23 14:00:00,0.0033045276639277173,0.0033045276639277173,0.01180777713816102,0.011699845957559159,0.0005382010990333674,0.20021859763283106,0.37535823556256986,0.37630783013679536,0.7054651955352979,0.5865612758000467,0.20668390339677067,True,False,0.0032365842029951214,6.794346093266858e-05,0.0
2025-07-24,0,6432,6443,2025-07-24 09:35:00,2025-07-24 10:30:00,2025-07-23 15:00:00,0.0039968894862176165,0.003596849480883483,0.011377515374750007,0.010289318030931043,0.0021634503182125365,0.21847976851052248,0.39365545072481345,0.4229867742324427,0.5087853191025121,0.9126216166455743,0.1770007809703908,True,False,0.0034769292457121096,0.0005199602405048339,0.00111732950298485
2025-07-24,1,6444,6455,2025-07-24 10:35:00,2025-07-24 11:30:00,2025-07-24 10:30:00,0.001138005112528974,0.001138005112528974,0.011149360640451907,0.011120603986110141,0.0008069954640645914,0.2055880720376817,0.35318056932547687,0.3375003103286862,0.6409408847709417,0.5606659814631209,0.4555478165621773,True,False,0.0007193584662767095,0.0004186466462523353,0.0
2025-07-24,2,6456,6467,2025-07-24 13:05:00,2025-07-24 14:00:00,2025-07-24 11:30:00,0.0017879010742536572,0.001387861068919524,0.01255823809026982,0.012296698261338074,0.0008833714405377917,0.2434796909838591,0.34078602248999723,0.35831038316372193,0.390424783728461,0.6625211709629252,0.35288353726374483,True,False,0.0016419972596370962,0.00014590381461690043,0.0
2025-07-24,3,6468,6479,2025-07-24 14:05:00,2025-07-24 15:00:00,2025-07-24 14:00:00,-0.003115721630091695,-0.003515761635425829,0.007913213359264933,0.007874324437230726,0.000427049462685496,0.278827670432045,0.4086939583261459,0.4070056941819802,0.5733753136312636,0.7227879228572074,0.2755075621832557,True,False,-0.0029990327459373358,-0.00011668888415385792,0.0
2025-07-25,0,6480,6491,2025-07-25 09:35:00,2025-07-25 10:30:00,2025-07-24 15:00:00,-0.0005911855380188997,-0.0005911855380188997,0.018068438476915444,0.018252593000255793,0.001402765010654252,0.16272164912493964,0.3052961147469109,0.27839465079088427,0.6312461215537174,0.4804661140062416,0.5008549209724199,True,False,-0.000560930166369222,-3.0255371649359136e-05,0.0003776709369004244
2025-07-25,1,6492,6503,2025-07-25 10:35:00,2025-07-25 11:30:00,2025-07-25 10:30:00,0.0007371375173351556,0.00033709751200102194,0.0065549335121684975,0.006593856797968023,0.0007757495695580826,0.2116204315812,0.4040931893510346,0.4282073153478145,0.7381411075240654,0.5549905683492932,0.21615816659004103,True,False,0.0005630130301762005,0.0001741244871587527,0.0
2025-07-25,2,6504,6515,2025-07-25 13:05:00,2025-07-25 14:00:00,2025-07-25 11:30:00,0.0014758279338847272,0.0010757879285505935,0.006378418186321867,0.006475122822004094,0.0005616590111755409,0.28184530665470137,0.4017745869188285,0.3972861838113868,0.45965615003695276,1.0,0.3046768783245554,True,False,0.0016890871704749759,-0.00021325923659047056,0.0
2025-07-25,3,6516,6527,2025-07-25 14:05:00,2025-07-25 15:00:00,2025-07-25 14:00:00,0.018105237962493668,0.018105237962493668,0.02760976893692598,0.027314246287031257,0.0011378834346650972,0.25906872855400886,0.3905076904425855,0.38353789936743715,0.47169749421384327,0.9112773379183189,0.3459794291323108,True,False,0.017312215137018406,0.000793022825475034,0.0
2025-07-28,0,6528,6539,2025-07-28 09:35:00,2025-07-28 10:30:00,2025-07-25 15:00:00,-0.010183150351560755,-0.010983230362229021,0.013542683470923505,0.0133334575062261,0.0014043011603448972,0.37403008753781525,0.542609612158659,0.5525435009745001,0.65156974469726,0.9467170118335905,0.09011588562752487,True,True,-0.011094553231139828,0.0009114028795799128,0.0006732697932490466
2025-07-28,1,6540,6551,2025-07-28 10:35:00,2025-07-28 11:30:00,2025-07-28 10:30:00,-0.001148111198746402,-0.001148111198746402,0.011835668847107798,0.011551761154462275,0.0010232477941223726,0.3122604168281622,0.47483203632289583,0.4807801869035477,0.6486163087234667,0.7534620969362703,0.14872603474668836,True,False,-0.0007695843553477662,-0.00037852684339829425,0.0
2025-07-28,2,6552,6563,2025-07-28 13:05:00,2025-07-28 14:00:00,2025-07-28 11:30:00,-0.009587805422167158,-0.010387885432835425,0.012905339888318981,0.013217323522372265,0.0005970078598408925,0.221542807934744,0.3702892589175015,0.3557896943245913,0.533873341964751,0.6345276320750168,0.36677079059578194,True,False,-0.009710506737545865,0.00012270131537866667,0.0
2025-07-28,3,6564,6575,2025-07-28 14:05:00,2025-07-28 15:00:00,2025-07-28 14:00:00,-0.0046363956494157935,-0.005036435654749927,0.008671796191663719,0.008387536061990787,0.0005307051647745088,0.20451695604823772,0.3879540003009263,0.3999724925653989,0.6154222740059594,0.5718727523596527,0.26857560145070397,True,False,-0.004674045838750292,3.7650189334665507e-05,0.0
2025-07-29,0,6576,6587,2025-07-29 09:35:00,2025-07-29 10:30:00,2025-07-28 15:00:00,-0.008634047425262218,-0.009034087430596352,0.0274345616779274,0.025999624426717584,0.003115823654475515,0.21245274436015182,0.37934987252387753,0.38974230858008635,0.6440118839483154,0.504407892004411,0.25364610985555913,True,False,-0.010181030230065136,0.0015469828048030835,0.0018878401227760144
2025-07-29,1,6588,6599,2025-07-29 10:35:00,2025-07-29 11:30:00,2025-07-29 10:30:00,0.004552260003482497,0.004552260003482497,0.009836228938275375,0.010316312214722826,0.0010435087156777897,0.17576375459026253,0.3300666427881833,0.30014251352326066,0.451278946176246,0.5417804967096682,0.5425293285449843,True,False,0.003996918155397608,0.0005553418480846342,0.0
2025-07-29,2,6600,6611,2025-07-29 13:05:00,2025-07-29 14:00:00,2025-07-29 11:30:00,0.004148548107190351,0.004148548107190351,0.012926191324010227,0.01281462213560948,0.0008618883115008164,0.27582244978875964,0.4070783956119051,0.42892312717079556,0.6127712598219553,0.7525056156014492,0.168948532573306,True,False,0.003923568610014434,0.0002249794971758292,0.0
2025-07-29,3,6612,6623,2025-07-29 14:05:00,2025-07-29 15:00:00,2025-07-29 14:00:00,0.0002149181216953847,0.0002149181216953847,0.005093600055334727,0.00526186081765961,0.0011775910051152253,0.24215437188887937,0.42568696225416375,0.3676454859716448,0.5597409779496091,0.8888790718421,0.31886434423068877,True,False,0.0003459865683487085,-0.0001310684466535345,0.0
2025-07-30,0,6624,6635,2025-07-30 09:35:00,2025-07-30 10:30:00,2025-07-29 15:00:00,-0.014826516475391578,-0.015626596486059845,0.02123935797408418,0.01735296009126758,0.00558927454400397,0.1917478302949299,0.3207872484240289,0.34796189629670043,0.49764593914016625,0.5564902514110927,0.3662793994563528,True,False,-0.011204415934774708,-0.0036221005406169775,0.0042220818292480556
2025-07-30,1,6636,6647,2025-07-30 10:35:00,2025-07-30 11:30:00,2025-07-30 10:30:00,0.0006184697756061809,0.00021842977027204755,0.011588666972201836,0.011877830433240723,0.0009063994261754268,0.23228445090477937,0.41276621754808135,0.4066411213579357,0.5924843470263483,0.7374899690275475,0.251169216341476,True,False,0.000608026773745122,1.044300186101859e-05,0.0
2025-07-30,2,6648,6659,2025-07-30 13:05:00,2025-07-30 14:00:00,2025-07-30 11:30:00,0.009364730251900441,0.009364730251900441,0.0151001424708093,0.015186875185720063,0.0007801771266626388,0.24541557585481302,0.400211507742537,0.4022879272424685,0.8463078531356997,0.49403492541042365,0.15954399066057712,True,False,0.009788382509792184,-0.0004236522578921733,0.0
2025-07-30,3,6660,6671,2025-07-30 14:05:00,2025-07-30 15:00:00,2025-07-30 14:00:00,-0.005465776847289027,-0.00586581685262316,0.01776991461787261,0.017985040967967478,0.0014079091067574032,0.27494842662286745,0.5461686813580142,0.5353856004392451,0.8006609463019386,0.8196243771467902,0.07341437577891678,True,True,-0.005796023160201927,0.00033024631291289505,0.0
2025-07-31,0,6672,6683,2025-07-31 09:35:00,2025-07-31 10:30:00,2025-07-30 15:00:00,0.0017669995973312769,0.0013669595919971436,0.017952153980414033,0.016526227995284744,0.00250254390779999,0.2397215066958431,0.37930919245888994,0.40900679969239867,0.7889440223388509,0.49580886113917594,0.19528984260925608,True,False,0.0036651746982483036,-0.0018981751009169536,0.0011815360396046379
2025-07-31,1,6684,6695,2025-07-31 10:35:00,2025-07-31 11:30:00,2025-07-31 10:30:00,-0.0009545998730643747,-0.0009545998730643747,0.010543885262161982,0.01095067353380968,0.0005201769884329652,0.1801532594371766,0.318211773111947,0.3167434717175679,0.5690152813926076,0.6017235483516085,0.3792208221937188,True,False,-0.0008501796286229618,-0.00010442024444137745,0.0
2025-07-31,2,6696,6707,2025-07-31 13:05:00,2025-07-31 14:00:00,2025-07-31 11:30:00,1.839119538960335e-05,-0.0007816888152786632,0.024075877817690085,0.02364335227392692,0.001055376728773232,0.14873209272885013,0.2916976154796358,0.2946374707566668,0.49500559801635796,0.5800353904861132,0.4611426250832083,True,False,0.000773413360331701,-0.00075502216494205,0.0
2025-07-31,3,6708,6719,2025-07-31 14:05:00,2025-07-31 15:00:00,2025-07-31 14:00:00,0.010902315470115224,0.010902315470115224,0.020127385623942673,0.020003871039299622,0.0011149855168969876,0.16514697579475832,0.300269440688586,0.3083409525527877,0.5692910283218459,0.3895389649745671,0.40662330684160286,True,False,0.010473014505915625,0.0004293009641994962,0.0
2025-08-01,0,6720,6731,2025-08-01 09:35:00,2025-08-01 10:30:00,2025-07-31 15:00:00,-0.01168158728969678,-0.012481667300365047,0.019448697212840316,0.018078498660576807,0.0019799103633831978,0.19495809250316648,0.3385950097027618,0.3600774506121093,0.6778550608968595,0.46167904264105614,0.32293673501851305,True,False,-0.011949946039682389,0.0002683587499850264,0.00046772462372770803
2025-08-01,1,6732,6743,2025-08-01 10:35:00,2025-08-01 11:30:00,2025-08-01 10:30:00,0.006912161091379683,0.006912161091379683,0.014003198030695932,0.014156165675271837,0.0006324411342004953,0.18623163121212483,0.3579156069294321,0.349982622354823,0.913904490396745,0.4593677491153808,0.32504212918614117,True,False,0.0066444228388613325,0.0002677382525184522,0.0
2025-08-01,2,6744,6755,2025-08-01 13:05:00,2025-08-01 14:00:00,2025-08-01 11:30:00,0.004399970512380988,0.004399970512380988,0.016278963807222793,0.015921620002071594,0.0007439286131889221,0.18916062225313052,0.34685025698722444,0.3437107289123149,0.8567022736585745,0.4240410257974359,0.3922535406296995,True,False,0.004023493558213692,0.00037647695416784293,0.0
2025-08-01,3,6756,6767,2025-08-01 14:05:00,2025-08-01 15:00:00,2025-08-01 14:00:00,0.005851119113521605,0.005451079108187472,0.013169992628888884,0.012649867022333842,0.000732341979581147,0.20486683168323458,0.3720962355855204,0.37749644292423773,0.6696695799228921,0.6509145392415242,0.2745034422685243,True,False,0.0059281767359876305,-7.705762246582673e-05,0.0
2025-08-04,0,6768,6779,2025-08-04 09:35:00,2025-08-04 10:30:00,2025-08-01 15:00:00,0.006913266386227629,0.006913266386227629,0.026159393487824846,0.02341022705792223,0.003692120233250074,0.21143510670036483,0.3498051955943509,0.39389003865506506,0.5175808253267412,0.7466313368996202,0.25520833957748323,True,False,0.009359281367741864,-0.0024460149815145067,0.002549617490096678
2025-08-04,1,6780,6791,2025-08-04 10:35:00,2025-08-04 11:30:00,2025-08-04 10:30:00,-0.0017621824970732215,-0.0017621824970732215,0.00889153857997252,0.008948952792167737,0.0008816370529915656,0.2930696052638081,0.40719958809065465,0.40674216546953756,0.8628102130341181,0.3794968454697393,0.2659834569439115,True,False,-0.0016083014802107,-0.00015388101686242278,0.0
2025-08-04,2,6792,6803,2025-08-04 13:05:00,2025-08-04 14:00:00,2025-08-04 11:30:00,-0.002609469091097624,-0.0030095090964317576,0.007941163258981712,0.00872803943136415,0.0009209887271240968,0.1823485389672213,0.35133480898108527,0.32076181776171264,0.647866814284031,0.6238373999920721,0.3734930139482332,True,False,-0.003185344748144167,0.0005758756570466479,0.0
2025-08-04,3,6804,6815,2025-08-04 14:05:00,2025-08-04 15:00:00,2025-08-04 14:00:00,0.0007661663587360528,0.0003661263534019193,0.008629420908207662,0.008352322485269756,0.0005444792510505731,0.21764296686038712,0.3671882594343177,0.3702053272007594,0.438488349263998,0.8701390800985147,0.3425005593555285,True,False,0.0007563949792016357,9.77137953432802e-06,0.0
2025-08-05,0,6816,6827,2025-08-05 09:35:00,2025-08-05 10:30:00,2025-08-04 15:00:00,0.0018954462591543534,0.0018954462591543534,0.013724356414395329,0.013781649654198147,0.0017716719006637567,0.210924207839719,0.36981795405661544,0.3841340359360942,0.6035898359716086,0.544038085340189,0.32913018045241693,True,False,0.0024289334701762654,-0.0005334872110216954,0.0006672640516008872
2025-08-05,1,6828,6839,2025-08-05 10:35:00,2025-08-05 11:30:00,2025-08-05 10:30:00,-0.002419809343736835,-0.0028198493490709693,0.00882274160245017,0.008946703168142781,0.0010958896635479107,0.2234709415209323,0.44154922370392047,0.43118109733705307,0.7705925647327094,0.5768907705738923,0.1384128419627708,True,False,-0.002791169654671921,0.0003713603109356166,0.0
2025-08-05,2,6840,6851,2025-08-05 13:05:00,2025-08-05 14:00:00,2025-08-05 11:30:00,-0.0005635878046150891,-0.0009636278099492228,0.006979331824382752,0.007066152458728457,0.001057001873422249,0.20755947381671974,0.4107193619347551,0.40433851474146076,0.580136827464108,0.46751727421207984,0.32318721559537106,True,False,-0.00036314874510955596,-0.00020043905950600292,0.0
2025-08-05,3,6852,6863,2025-08-05 14:05:00,2025-08-05 15:00:00,2025-08-05 14:00:00,0.0007790382122702011,0.0007790382122702011,0.005090137862029122,0.005128055339197844,0.00047475355918300514,0.16794979969505738,0.3208458270802363,0.30736444404572894,0.5178792766569991,0.6871175175580359,0.44594686352626584,True,False,0.0010068682232010782,-0.0002278300109314658,0.0
2025-08-06,0,6864,6875,2025-08-06 09:35:00,2025-08-06 10:30:00,2025-08-05 15:00:00,-0.0027954717084852205,-0.0031955117138193537,0.01112273165781892,0.010266805419766791,0.002470493893966111,0.1683977090369149,0.2973588528163183,0.31669076860757606,0.6808084199077159,0.4432433970179295,0.3770836536525072,True,False,-0.0006482587273761059,-0.0021472129811092163,0.0016907941259672221
2025-08-06,1,6876,6887,2025-08-06 10:35:00,2025-08-06 11:30:00,2025-08-06 10:30:00,0.0009523279098652169,0.0005522879045310834,0.008683317901243173,0.00872001845395642,0.0007017768625054875,0.2488910071516946,0.4162486275534849,0.4153417628442436,0.5312612849470989,0.7527129327473812,0.2615673171724264,True,False,0.0016351351096039078,-0.0006828071997387172,0.0
2025-08-06,2,6888,6899,2025-08-06 13:05:00,2025-08-06 14:00:00,2025-08-06 11:30:00,-0.007713009074286508,-0.008513089084954776,0.013348863354935629,0.013585304739558005,0.0007661398233963599,0.16071524481291896,0.31015337904517043,0.3172627218468821,0.5554237425891565,0.5496627901930249,0.35966455891765126,True,False,-0.007836424478936397,0.0001234154046500546,0.0
2025-08-06,3,6900,6911,2025-08-06 14:05:00,2025-08-06 15:00:00,2025-08-06 14:00:00,0.001812603753302009,0.001812603753302009,0.007952754813534801,0.008000060640784993,0.0005383424818492762,0.12957701231276048,0.25534809078952714,0.25857817010629225,0.4060286725293773,0.6586860019123009,0.7299191888657279,True,False,0.0016334022976733835,0.00017920145562900982,0.0
2025-08-07,0,6912,6923,2025-08-07 09:35:00,2025-08-07 10:30:00,2025-08-06 15:00:00,-0.0034675229624225312,-0.0038675629677566645,0.01571180435043093,0.015948767401379845,0.0009153717412755095,0.18402403944691517,0.3561395386240947,0.352021292217653,0.5740776274636851,0.598864883243408,0.3389241396984425,True,False,-0.003909844147265609,0.0004423211848426539,7.548594077927352e-05
2025-08-07,1,6924,6935,2025-08-07 10:35:00,2025-08-07 11:30:00,2025-08-07 10:30:00,0.00036980040424310404,-3.023960109102921e-05,0.015996327006922696,0.014969033509763623,0.0014245234144899827,0.21066604114510815,0.34861394009072866,0.3662202138238506,0.4457058274928533,0.8104672872973973,0.37064227961477575,True,False,0.0005877041997468543,-0.00021790379550355065,0.0
2025-08-07,2,6936,6947,2025-08-07 13:05:00,2025-08-07 14:00:00,2025-08-07 11:30:00,-0.0007771781965748255,-0.0011772182019089588,0.009480572935737962,0.008738994315975402,0.0009296918948591426,0.2823987890406553,0.42186419396888303,0.43559963968467974,0.7224774722151367,0.5915075676869241,0.2668688439114791,True,False,-0.001086709077345978,0.00030953088077067896,0.0
2025-08-07,3,6948,6959,2025-08-07 14:05:00,2025-08-07 15:00:00,2025-08-07 14:00:00,0.0033203818756186955,0.0033203818756186955,0.010401467559472239,0.010203066119519249,0.000857730209353325,0.15217088923400696,0.29963435388061327,0.30639520836978573,0.8163632902827034,0.4338302257409343,0.4194427127994266,True,False,0.0029524290099443833,0.0003679528656744638,0.0
2025-08-08,0,6960,6971,2025-08-08 09:35:00,2025-08-08 10:30:00,2025-08-07 15:00:00,0.008692571198922167,0.008292531193588033,0.019083406798281428,0.013950581207171747,0.0062223380527058,0.29293821417674004,0.5664979431911138,0.5088388304354385,0.59690126816674,0.7784216059930733,0.13978311047056366,True,True,0.0032731779366364628,0.005419393262285774,0.005448520351086492
2025-08-08,1,6972,6983,2025-08-08 10:35:00,2025-08-08 11:30:00,2025-08-08 10:30:00,-0.0025848835892709077,-0.002984923594605042,0.011493810340514277,0.011388700618158089,0.0005618097828403998,0.23684535855555444,0.422420761943181,0.42630523255958497,0.7322302509237831,0.6360587815862663,0.1551188035345688,True,False,-0.0021756243827607863,-0.0004092592065105006,0.0
2025-08-08,2,6984,6995,2025-08-08 13:05:00,2025-08-08 14:00:00,2025-08-08 11:30:00,0.0015074037352900572,0.0015074037352900572,0.012406184285992404,0.012501618549141376,0.0005342238383413162,0.2086367676244446,0.3995873122580883,0.39500699633368996,0.6148247804012306,0.5967607760209374,0.24539100661742788,True,False,0.001526477515343471,-1.9073780053303904e-05,0.0
2025-08-08,3,6996,7007,2025-08-08 14:05:00,2025-08-08 15:00:00,2025-08-08 14:00:00,0.003644315416324176,0.003644315416324176,0.007635142683270427,0.00783575949036326,0.0005640945654590538,0.1262224923339316,0.2486940482647513,0.25084775045206875,0.8993688306957974,0.3203563202227935,0.7586900280615176,True,False,0.003902496214933666,-0.00025818079860976886,0.0
2025-08-11,0,7008,7019,2025-08-11 09:35:00,2025-08-11 10:30:00,2025-08-08 15:00:00,0.0007575406954032343,0.00035750069006910013,0.014332960608727545,0.013778073875601204,0.0010696366896056433,0.21711543502355432,0.382761573996557,0.3822493307276263,0.474145000008288,0.8423436787532491,0.4150710044226212,True,False,0.0005465754994909214,0.00021096519591252234,0.00029710988971507445
2025-08-11,1,7020,7031,2025-08-11 10:35:00,2025-08-11 11:30:00,2025-08-11 10:30:00,-0.004704117931197373,-0.00550419794186564,0.011294794145935268,0.010647194641203993,0.0009146444213860699,0.22296044482901545,0.359549025979047,0.3751543245245767,0.5806219663911003,0.5745310409268196,0.2791665590214575,True,False,-0.004398730073068346,-0.00030538785812906353,0.0
2025-08-11,2,7032,7043,2025-08-11 13:05:00,2025-08-11 14:00:00,2025-08-11 11:30:00,-0.0013030608865571209,-0.0017031008918912541,0.009141288087647994,0.008913155929926446,0.0005708217377326878,0.2028151378231949,0.3786099728851203,0.3605424166914471,0.6466883561739537,0.6059135469725221,0.331725355457026,True,False,-0.001512292157982818,0.00020923127142594337,0.0
2025-08-11,3,7044,7055,2025-08-11 14:05:00,2025-08-11 15:00:00,2025-08-11 14:00:00,0.0006859364253476194,0.0006859364253476194,0.008499806796114439,0.008795289605576781,0.0007336622790222628,0.36537213523168616,0.4596256769188445,0.4441851568659716,0.37319570194522955,0.8214868965648174,0.2634017591411905,True,False,0.001000794577730555,-0.0003148581523827618,0.0
2025-08-12,0,7056,7067,2025-08-12 09:35:00,2025-08-12 10:30:00,2025-08-11 15:00:00,-0.0005452731480916964,-0.0009453131534258297,0.012808347158686381,0.011978202396310221,0.0022215374058993467,0.15590727665662313,0.30931647485099906,0.3352000929405589,0.47533250623007645,0.6531037766311981,0.2709434586531485,True,False,-0.002175200524910278,0.0016299273768180496,0.0014490407408832872
2025-08-12,1,7068,7079,2025-08-12 10:35:00,2025-08-12 11:30:00,2025-08-12 10:30:00,0.00842601999708147,0.00842601999708147,0.019564857263274293,0.01951676263830561,0.0014083321378053828,0.1639545255596437,0.31896622904519395,0.31198383861109885,0.445897331836234,0.641312194790441,0.4526818484166055,True,False,0.007243935566028467,0.0011820844310534838,0.0
2025-08-12,2,7080,7091,2025-08-12 13:05:00,2025-08-12 14:00:00,2025-08-12 11:30:00,0.007533662143844429,0.007133622138510295,0.023507904310699875,0.02327314652051521,0.0018964369856168473,0.22444657550524658,0.42148149304843713,0.40036099516539375,0.5096369347190831,1.0,0.2909031243533051,True,False,0.007206191230438067,0.0003274709134066353,0.0
2025-08-12,3,7092,7103,2025-08-12 14:05:00,2025-08-12 15:00:00,2025-08-12 14:00:00,0.000420307390988093,0.000420307390988093,0.00687758766322869,0.006550855646229246,0.0005507683692462088,0.18310016120455622,0.3459447183893895,0.36320005560595175,0.6677675964582084,0.5982492698279767,0.2157217010662092,True,False,0.00029882574866978086,0.00012148164231855518,0.0
2025-08-13,0,7104,7115,2025-08-13 09:35:00,2025-08-13 10:30:00,2025-08-12 15:00:00,-0.013345139751156908,-0.014145219761825175,0.01755912646403741,0.01643190186788238,0.0017245064241078604,0.27675166868323925,0.4578038279709329,0.4574802927859349,0.7035107546682389,0.5583959124664275,0.22403160393417795,True,False,-0.012797415359034411,-0.0005477243921219594,0.0002711129201911443
2025-08-13,1,7116,7127,2025-08-13 10:35:00,2025-08-13 11:30:00,2025-08-13 10:30:00,-0.0006128116173869447,-0.001012851622721078,0.016559535102587262,0.016028024962818296,0.0009596751623894579,0.25023224717523185,0.3919041163723168,0.3926974802612427,0.5869727166306453,0.655719905469786,0.35492402770816106,True,False,-0.0006026187514152994,-1.0192865971672327e-05,0.0
2025-08-13,2,7128,7139,2025-08-13 13:05:00,2025-08-13 14:00:00,2025-08-13 11:30:00,0.0007342792542837115,0.0007342792542837115,0.01522933827344726,0.015164168870547057,0.00125461502850967,0.257604187337222,0.37346205576454033,0.3664655827336509,0.4225410405083285,0.7334720601653787,0.332615974803132,True,False,3.798332729614039e-05,0.0006962959269869003,0.0
2025-08-13,3,7140,7151,2025-08-13 14:05:00,2025-08-13 15:00:00,2025-08-13 14:00:00,-0.0065575782990769165,-0.0069576183044110515,0.012310912710350095,0.01215334778104232,0.0009571678397532124,0.16601325027125222,0.32101339414410957,0.3228936908047231,0.39375294458189497,0.6983977291351093,0.44834153131266397,True,False,-0.006474006954419084,-8.35713446575089e-05,0.0
2025-08-14,0,7152,7163,2025-08-14 09:35:00,2025-08-14 10:30:00,2025-08-13 15:00:00,0.01929909695071692,0.018899056945382787,0.040461126843410605,0.040072844771487114,0.0033967993373750214,0.20315891212182055,0.36590512625470933,0.3689711579369067,0.4682979342045922,0.8020403596016709,0.25266173982052836,True,False,0.02123946370526682,-0.001940366754550231,0.0014094173651482953
2025-08-14,1,7164,7175,2025-08-14 10:35:00,2025-08-14 11:30:00,2025-08-14 10:30:00,-0.015642558983713452,-0.016442638994381722,0.020033461397148285,0.01990689708396865,0.0010168303795083493,0.22225863862454792,0.44225152190163197,0.4409287707265283,0.6548870952279209,0.7146173361717935,0.19524373825644684,True,False,-0.015661044341364776,1.8485357651178364e-05,0.0
2025-08-14,2,7176,7187,2025-08-14 13:05:00,2025-08-14 14:00:00,2025-08-14 11:30:00,-0.007268287238081703,-0.00806836724874997,0.028687438260271637,0.02949283601010303,0.0013366232623176879,0.2027968541514293,0.3529453647302892,0.34547091991921597,0.6501157476891045,0.4908359205460019,0.402018477473838,True,False,-0.008072348946587702,0.000804061708505524,0.0
2025-08-14,3,7188,7199,2025-08-14 14:05:00,2025-08-14 15:00:00,2025-08-14 14:00:00,-0.005679930484449152,-0.006079970489783286,0.022854915276498966,0.021914111276504368,0.0016361875223500021,0.22824018708446417,0.3785326987212974,0.3806327487029461,0.9009380085011899,0.4146792832714281,0.3169850454311771,True,False,-0.005213265909791938,-0.0004666645746572602,0.0
2025-08-15,0,7200,7211,2025-08-15 09:35:00,2025-08-15 10:30:00,2025-08-14 15:00:00,-0.008135970584047369,-0.008536010589381502,0.03139385867022524,0.02543194823322594,0.008056725029027642,0.2220759976334646,0.36148978573591706,0.3454173798904899,0.5039312882747979,0.67317750569532,0.3609742760568589,True,False,-0.014313056584241595,0.006177086000194095,0.006078821434744504
2025-08-15,1,7212,7223,2025-08-15 10:35:00,2025-08-15 11:30:00,2025-08-15 10:30:00,-0.005004038295659545,-0.005404078300993678,0.01458771057801179,0.014587690571249479,0.0008617650821246887,0.20717377333130826,0.3978647498555262,0.3947247531055342,0.6335265019074406,0.6592669092957656,0.24722436039896928,True,False,-0.00483844649188145,-0.0001655918037781709,0.0
2025-08-15,2,7224,7235,2025-08-15 13:05:00,2025-08-15 14:00:00,2025-08-15 11:30:00,0.0005482748062132967,0.00014823480087916238,0.018140800785508695,0.017587225540777088,0.0008093294821515653,0.279578060497938,0.4792402761600253,0.4850800859888013,0.6547442509488943,0.7673963895760151,0.15902007208790225,True,False,3.042262532373832e-05,0.0005178521808896504,0.0
2025-08-15,3,7236,7247,2025-08-15 14:05:00,2025-08-15 15:00:00,2025-08-15 14:00:00,-0.004383245434135752,-0.005183325444804018,0.01136064341730319,0.011696581011325535,0.000699525947642187,0.16183829605138625,0.3131724066206415,0.31273826739497324,0.49572353684516945,0.5988553615448647,0.4171508594899141,True,False,-0.004555901408034777,0.00017265597389889872,0.0
2025-08-18,0,7248,7259,2025-08-18 09:35:00,2025-08-18 10:30:00,2025-08-15 15:00:00,0.02184171389108023,0.02184171389108023,0.039036131273554465,0.027746907831401116,0.012826039230839702,0.2999183824740592,0.4765017146700523,0.4664466395525279,0.5842760039086614,0.8937154211148008,0.19769555759010493,True,False,0.010283759057965499,0.011557954833114876,0.011762133428074289
2025-08-18,1,7260,7271,2025-08-18 10:35:00,2025-08-18 11:30:00,2025-08-18 10:30:00,0.008773925721220776,0.008773925721220776,0.01853491298149775,0.018101011022578318,0.0020437867564255677,0.1545478536372372,0.30103086368260756,0.31265627633371484,0.4086282045048521,0.8748087133276328,0.4676052995693455,True,False,0.008445536157188988,0.0003283895640317046,0.0
2025-08-18,2,7272,7283,2025-08-18 13:05:00,2025-08-18 14:00:00,2025-08-18 11:30:00,0.00014017774256530851,-0.00025986226276882474,0.011229538850582055,0.01051522050870659,0.0013673582454411502,0.16934991139605957,0.2954083983883699,0.3222083829295193,1.0,0.3341613648602746,0.40056670810372075,True,False,0.0003954727379560462,-0.00025529499539064685,0.0
2025-08-18,3,7284,7295,2025-08-18 14:05:00,2025-08-18 15:00:00,2025-08-18 14:00:00,0.0006838092882646251,0.0006838092882646251,0.015993672243750597,0.016580291208380036,0.0009955475684077695,0.15184079613142487,0.2662898584846575,0.26222046665554133,0.5552074616111569,0.4347614093305062,0.6264899296378,True,False,0.00036486191412839946,0.0003189473741363255,0.0
2025-08-19,0,7296,7307,2025-08-19 09:35:00,2025-08-19 10:30:00,2025-08-18 15:00:00,0.007722814541050732,0.006922734530382465,0.037193841408357194,0.03466746570194535,0.00321783755697623,0.1855920618088991,0.3305017426975088,0.34847354444032264,0.670444509977415,0.49862677816487483,0.3317057767688177,True,False,0.005710868140381137,0.0020119464006699305,0.0019399683942745967
2025-08-19,1,7308,7319,2025-08-19 10:35:00,2025-08-19 11:30:00,2025-08-19 10:30:00,-0.011790835533200036,-0.012590915543868302,0.017390714749947887,0.01709685083543329,0.001374991000414234,0.21488639253593694,0.3758883782871158,0.3740710663634111,0.554853017674689,0.599707703979446,0.3938774705423145,True,False,-0.011390154933894055,-0.00040068059930598244,0.0
2025-08-19,2,7320,7331,2025-08-19 13:05:00,2025-08-19 14:00:00,2025-08-19 11:30:00,0.007769922095763373,0.007769922095763373,0.012289671790594307,0.012574933945750384,0.0004812426018885022,0.24666786833952015,0.40144321862514515,0.39658169009902206,0.8618477413582414,0.49189484367558645,0.26764345099237663,True,False,0.00780673331202875,-3.681121626508289e-05,0.0
2025-08-19,3,7332,7343,2025-08-19 14:05:00,2025-08-19 15:00:00,2025-08-19 14:00:00,0.0036784868186340337,0.0036784868186340337,0.015066822172829284,0.015300165640851453,0.0008784808910778268,0.2505196126082533,0.36438287227187016,0.35356350454117097,0.9417228162292736,0.3340608161637959,0.44059854310038776,True,False,0.0038940153238219556,-0.00021552850518793173,0.0
2025-08-20,0,7344,7355,2025-08-20 09:35:00,2025-08-20 10:30:00,2025-08-19 15:00:00,-0.007589174716593523,-0.008389254727261791,0.017815045775972028,0.014775741578984562,0.0042808984000038105,0.24712749786281876,0.4391367299401063,0.5349693020039881,1.0,0.5383653430287921,0.07266793836668552,True,False,-0.010108632316557058,0.0025194575999635126,0.0023132635868585182
2025-08-20,1,7356,7367,2025-08-20 10:35:00,2025-08-20 11:30:00,2025-08-20 10:30:00,-0.00863746020569752,-0.009437540216365786,0.024149825639974705,0.02365777438641606,0.0012472063363470863,0.17568413096671387,0.3387888872252972,0.3371170620494088,0.6992336103692283,0.5008852613837799,0.3895114254898787,True,False,-0.00832437860036075,-0.00031308160533709175,0.0
2025-08-20,2,7368,7379,2025-08-20 13:05:00,2025-08-20 14:00:00,2025-08-20 11:30:00,0.008070313157401365,0.007670273152067233,0.038786137767001926,0.03872590305870296,0.0009963962346859695,0.1668020305208851,0.3235844158175793,0.3240843142604808,0.4011678156131817,0.9400807528082861,0.45266366417693116,True,False,0.00835226803361826,-0.0002819548762172473,0.0
2025-08-20,3,7380,7391,2025-08-20 14:05:00,2025-08-20 15:00:00,2025-08-20 14:00:00,0.010673469130416799,0.010673469130416799,0.016429088982807313,0.017061609364143485,0.0020997406310041154,0.262941408044517,0.4179980077023325,0.3799874923988322,0.5067659247875227,0.6477443910555075,0.2756386101265315,True,False,0.010798405967126523,-0.00012493683670939645,0.0
2025-08-21,0,7392,7403,2025-08-21 09:35:00,2025-08-21 10:30:00,2025-08-20 15:00:00,0.012669899733999603,0.012669899733999603,0.055056490018633115,0.05390487375059226,0.004221543382627375,0.16557577867986373,0.32614033841329854,0.3345477256376697,0.49157714932743124,0.6786249417554505,0.3726683027118566,True,False,0.011086059011521952,0.0015838407224779496,0.002461802011422006
2025-08-21,1,7404,7415,2025-08-21 10:35:00,2025-08-21 11:30:00,2025-08-21 10:30:00,-0.003376780970190163,-0.003776820975524296,0.018965463334509505,0.01929123551569621,0.0017733679424987781,0.25252384274478906,0.43115499497535853,0.40289254793682394,0.5055990737131263,0.7319814551464515,0.2548122200661824,True,False,-0.0022932240012816245,-0.0010835569689085303,0.0
2025-08-21,2,7416,7427,2025-08-21 13:05:00,2025-08-21 14:00:00,2025-08-21 11:30:00,0.004488403863170808,0.004488403863170808,0.017214698315520954,0.016214025006098948,0.0022593389586346864,0.21532841361683394,0.3768442104340917,0.40651295640296253,0.650264585786696,0.5665778534134087,0.2969319741769308,True,False,0.0043622759647300256,0.00012612789844057792,0.0
2025-08-21,3,7428,7439,2025-08-21 14:05:00,2025-08-21 15:00:00,2025-08-21 14:00:00,0.004212653726909543,0.004212653726909543,0.018273602497924164,0.018526433285967175,0.0011590700293379144,0.24637688487735218,0.4824483125290199,0.46312710818819214,0.6099334162171539,0.7841295234564811,0.19187539082672245,True,False,0.0036786222977960733,0.000534031429113329,0.0
2025-08-22,0,7440,7451,2025-08-22 09:35:00,2025-08-22 10:30:00,2025-08-21 15:00:00,0.010261285072036042,0.009861245066701909,0.06956451986343903,0.05882546386737445,0.013764000764176377,0.16694352838880303,0.3040330685201154,0.31574870201259286,0.3483924974526965,1.0,0.32412588459285685,True,False,0.022236328644265085,-0.011975043572228734,0.011369658350978893
2025-08-22,1,7452,7463,2025-08-22 10:35:00,2025-08-22 11:30:00,2025-08-22 10:30:00,-0.0013397289466651361,-0.0013397289466651361,0.028107114667761758,0.02713193744187686,0.0018494048104778786,0.13843724663902393,0.2691388784611396,0.2742013829943483,0.5144596386347434,0.4802855710721972,0.5481368350137503,True,False,-0.0006796404238895485,-0.0006600885227757103,0.0
2025-08-22,2,7464,7475,2025-08-22 13:05:00,2025-08-22 14:00:00,2025-08-22 11:30:00,0.01986931565687098,0.01986931565687098,0.041250228267578036,0.040863472649515675,0.0017700258352628567,0.23559029839694481,0.39582791398179235,0.3949710527693362,0.5342969125100641,0.9011089595214034,0.20768120379739533,True,False,0.01915744885515188,0.0007118668017184861,0.0
2025-08-22,3,7476,7487,2025-08-22 14:05:00,2025-08-22 15:00:00,2025-08-22 14:00:00,0.012392071988131937,0.012392071988131937,0.019565469916559282,0.01963641265654051,0.0019719814579600894,0.1595034330206841,0.28042124933273904,0.2738950896312787,0.34336642875391304,0.7986203155643788,0.5767126362569136,True,False,0.011147035482422305,0.001245036505709768,0.0
2025-08-25,0,7488,7499,2025-08-25 09:35:00,2025-08-25 10:30:00,2025-08-22 15:00:00,0.038850516934271453,0.038850516934271453,0.12887380299456835,0.10213559378764767,0.03074469537154123,0.22329875912054908,0.43210827616015735,0.5188577934583424,0.6640353274684685,0.6774045162418727,0.17926796789389765,True,False,0.011046446827617993,0.02780407010665354,0.02703027513053258
2025-08-25,1,7500,7511,2025-08-25 10:35:00,2025-08-25 11:30:00,2025-08-25 10:30:00,-0.011332224764135026,-0.011332224764135026,0.02709075911887021,0.02722570270911766,0.0012536456732948982,0.20422669929167803,0.4060093911363242,0.4082500220494245,0.563889408488746,0.572527248209804,0.33266010621863157,True,False,-0.010511769218870788,-0.0008204555452637466,0.0
2025-08-25,2,7512,7523,2025-08-25 13:05:00,2025-08-25 14:00:00,2025-08-25 11:30:00,0.004577058629960788,0.0041770186246266544,0.03652522794030286,0.035926287556938004,0.0011070492215690618,0.1776549410579881,0.34404450785406565,0.3491114198534336,0.778736719877023,0.5017791419126103,0.38872777818522575,True,False,0.004415365346173995,0.00016169328378673055,0.0
2025-08-25,3,7524,7535,2025-08-25 14:05:00,2025-08-25 15:00:00,2025-08-25 14:00:00,0.003821139483466556,0.003421099478132423,0.03248448340091356,0.032190775585996596,0.0019292739934114469,0.2547742968772287,0.41576011276267055,0.41126121768302765,0.5784909615945848,0.6130653294458154,0.3146836518348544,True,False,0.004425209508020046,-0.0006040700245531747,0.0
2025-08-26,0,7536,7547,2025-08-26 09:35:00,2025-08-26 10:30:00,2025-08-25 15:00:00,-0.01916640208457654,-0.019566442089910673,0.04164578073298193,0.031324293252542545,0.017597439770734663,0.32145207852183344,0.48987196935054667,0.385982897707301,0.6862135192131803,0.7075371118760021,0.35651544089365117,True,False,-0.00295372136628551,-0.016212680718291,0.016552728461440246
2025-08-26,1,7548,7559,2025-08-26 10:35:00,2025-08-26 11:30:00,2025-08-26 10:30:00,-0.009032592637635875,-0.009432632642970009,0.02194134536293737,0.022194224626676546,0.0014141462245278835,0.2673466994646274,0.4383034804216384,0.4241730480460596,0.5369171719957954,0.8021923142226115,0.2612230753935366,True,False,-0.009096504386133138,6.391174849776615e-05,0.0
2025-08-26,2,7560,7571,2025-08-26 13:05:00,2025-08-26 14:00:00,2025-08-26 11:30:00,-0.012153109207686993,-0.012553149213021126,0.017261118559551588,0.01677473937447465,0.0008623364757914173,0.20470081010547012,0.37579686806075124,0.39136101169714144,0.6058105621469818,0.5720294658902615,0.3459178553213166,True,False,-0.011934091334854732,-0.00021901787283244218,0.0
2025-08-26,3,7572,7583,2025-08-26 14:05:00,2025-08-26 15:00:00,2025-08-26 14:00:00,0.0015257950127216444,0.000725715002053377,0.02225510186968064,0.022198869201556188,0.001183206879977497,0.148225351358151,0.2868910955492935,0.2822801661979308,0.771702792876827,0.3839209241271272,0.56461852762397,True,False,0.0011101275705929048,0.00041566744212865984,0.0
2025-08-27,0,7584,7595,2025-08-27 09:35:00,2025-08-27 10:30:00,2025-08-26 15:00:00,-0.010388570080486844,-0.010788610085820978,0.051181892080396085,0.039281195148585704,0.013616393226303893,0.24795204492709186,0.3563347730287021,0.2879933918425144,0.472271360736326,0.8309042041479991,0.5266345105129774,True,False,0.00022890617784728103,-0.01061747625833456,0.011399366880567823
2025-08-27,1,7596,7607,2025-08-27 10:35:00,2025-08-27 11:30:00,2025-08-27 10:30:00,0.008542060344542617,0.008542060344542617,0.028028147879595726,0.027290901777283532,0.0021674992075756713,0.1586512492020517,0.3122823116300011,0.30605403228429723,0.45779498953744185,0.8289330995812803,0.36092356972734196,True,False,0.008719207376923714,-0.0001771470323817337,0.0
2025-08-27,2,7608,7619,2025-08-27 13:05:00,2025-08-27 14:00:00,2025-08-27 11:30:00,0.003408178702185938,0.003008138696851804,0.05164706638521427,0.05009327209962933,0.001918170062482892,0.1883353759724548,0.35145029220316376,0.34937257698413143,0.6533129418654385,0.5263880017250768,0.34984512127832396,True,False,0.002915755924706496,0.0004924227774796018,0.0
2025-08-27,3,7620,7631,2025-08-27 14:05:00,2025-08-27 15:00:00,2025-08-27 14:00:00,0.021502205664914106,0.021502205664914106,0.06051091089672707,0.060017737734453055,0.0025214662685932848,0.18591604581162632,0.3390999969100706,0.33242962537017545,1.0,0.42625406549935385,0.3671705101334425,True,False,0.02117763167083804,0.0003245739940761243,0.0
2025-08-28,0,7632,7643,2025-08-28 09:35:00,2025-08-28 10:30:00,2025-08-27 15:00:00,-0.021931431561209816,-0.02233147156654395,0.05571712546146405,0.05592276019729831,0.008989735523060175,0.1857830368373504,0.3551311393733128,0.3582065089940647,0.47571209036260215,0.7852938101194435,0.3210885031101487,True,False,-0.01460883941515914,-0.007322592146050494,0.006016940747629738
2025-08-28,1,7644,7655,2025-08-28 10:35:00,2025-08-28 11:30:00,2025-08-28 10:30:00,-0.0017007520201449446,-0.0017007520201449446,0.06002642039772041,0.059574790258791255,0.0022498780998684758,0.1468606244591733,0.2694310537904327,0.26867177313331053,0.4577220460309556,0.5240149862540757,0.4569013109305087,True,False,-6.761275316893335e-05,-0.0016331392669761224,0.0
2025-08-28,2,7656,7667,2025-08-28 13:05:00,2025-08-28 14:00:00,2025-08-28 11:30:00,0.013312819193500207,0.012912779188166074,0.06773141228510969,0.06716185062847665,0.0019081665118143927,0.16795393209026552,0.31003195337088896,0.30811217232113514,0.6080793015652729,0.4421418618019681,0.42858617801345744,True,False,0.013171762544003048,0.0001410566494968913,0.0
2025-08-28,3,7668,7679,2025-08-28 14:05:00,2025-08-28 15:00:00,2025-08-28 14:00:00,0.024969175775588475,0.024569135770254342,0.05076808125536578,0.05062854902253187,0.001749891992766376,0.14684312567595417,0.2883437738505774,0.2747878075354291,0.3351089711939945,1.0,0.526794540065582,True,False,0.02489221097578824,7.696479980010766e-05,0.0
2025-08-29,0,7680,7691,2025-08-29 09:35:00,2025-08-29 10:30:00,2025-08-28 15:00:00,-0.02669393233440739,-0.02709397233974153,0.058432963849524094,0.043046804527711036,0.023327173212117587,0.3182434272332404,0.45451526172605533,0.361469237038384,0.804136568985073,0.6442316663138974,0.3192942812194002,True,False,-0.0051454074352925115,-0.02154852489911526,0.021443280654355537
2025-08-29,1,7692,7703,2025-08-29 10:35:00,2025-08-29 11:30:00,2025-08-29 10:30:00,-0.01651684635500484,-0.017316926365673106,0.028529114274450464,0.02846825927358163,0.001692345596426682,0.1978569602466866,0.36837259570648945,0.3762387359223941,0.6634313087853968,0.5756291706532568,0.2850297901893454,True,False,-0.0166492325206758,0.0001323861656708,0.0
2025-08-29,2,7704,7715,2025-08-29 13:05:00,2025-08-29 14:00:00,2025-08-29 11:30:00,0.0035198697736752945,0.0035198697736752945,0.023722096831382145,0.02334471786558807,0.0011316428495858233,0.2011281764788766,0.3446019628800005,0.3472183504593887,0.5539825128369563,0.5547381463845358,0.39053131969936433,True,False,0.004030378009682494,-0.0005105082360070145,0.0
2025-08-29,3,7716,7727,2025-08-29 14:05:00,2025-08-29 15:00:00,2025-08-29 14:00:00,0.004747891452085583,0.004347851446751451,0.027652553843413728,0.026783164375436267,0.0014101938475966746,0.27364832744520096,0.40687853820914244,0.41002940753729555,0.5305000987698051,1.0,0.16767378679871497,True,False,0.004751020520884889,-3.1290687990282657e-06,0.0
2025-09-01,0,7728,7739,2025-09-01 09:35:00,2025-09-01 10:30:00,2025-08-29 15:00:00,-0.008403519874441004,-0.008803559879775137,0.05478413047053658,0.054804429407653864,0.007756031464336633,0.2019164103808621,0.3605306746828072,0.37206507962138025,0.695575264450079,0.5301458320237934,0.30147749413870134,True,False,-0.013408201046188947,0.005004681171747849,0.005368361939453566
2025-09-01,1,7740,7751,2025-09-01 10:35:00,2025-09-01 11:30:00,2025-09-01 10:30:00,0.014543984924284954,0.01414394491895082,0.03766319141970766,0.037905170136869115,0.0016062024492602852,0.18268943214198324,0.3077340410097107,0.299757532383975,0.4258281900049026,0.6669116104220563,0.4235880679399984,True,False,0.013908775190103424,0.0006352097341813521,0.0
2025-09-01,2,7752,7763,2025-09-01 13:05:00,2025-09-01 14:00:00,2025-09-01 11:30:00,-0.002601395018074226,-0.002601395018074226,0.021188801417670024,0.022009814037319716,0.002808495740083612,0.2493562582358953,0.37889487947355105,0.3932100170781911,0.585959516375256,0.67492745434205,0.2046120379511862,True,False,-0.004327240123471253,0.0017258451053973152,0.0
2025-09-01,3,7764,7775,2025-09-01 14:05:00,2025-09-01 15:00:00,2025-09-01 14:00:00,0.0017988533477543206,0.0017988533477543206,0.020350574167551125,0.020159982756015864,0.0008675826044323598,0.2625402294061354,0.3894374523520819,0.38584240167968276,0.6774640166561859,0.5158518706262286,0.3516303872048559,True,False,0.0011522078855626225,0.0006466454621919615,0.0
2025-09-02,0,7776,7787,2025-09-02 09:35:00,2025-09-02 10:30:00,2025-09-01 15:00:00,-0.011012352646252114,-0.011412392651586247,0.06029535694169806,0.05628053116649922,0.004296283281134906,0.13307190989720527,0.252578085587498,0.2645329787107931,0.5048478140471638,0.4283787373038225,0.6986843386100188,True,False,-0.00886835382259679,-0.0021439988236555568,0.0023680523332328144
2025-09-02,1,7788,7799,2025-09-02 10:35:00,2025-09-02 11:30:00,2025-09-02 10:30:00,0.0008656889681781174,6.560895750985091e-05,0.030740065604723695,0.03130026100013759,0.0017840670400604644,0.21655651567699244,0.36437995292853465,0.3535588661056967,0.8944507262656843,0.48106466319717966,0.32018058237184016,True,False,0.0002330795845041497,0.0006326093836736817,0.0
2025-09-02,2,7800,7811,2025-09-02 13:05:00,2025-09-02 14:00:00,2025-09-02 11:30:00,-4.7931190748823176e-05,-0.00044797119608295643,0.03785326288177723,0.03819664159197438,0.002199108717716943,0.24052187290113072,0.46684754617458524,0.4539747149310454,0.7018477390347534,0.6802490445794375,0.21519016526837367,True,False,0.0007301268082366029,-0.0007780579989849967,0.0
2025-09-02,3,7812,7823,2025-09-02 14:05:00,2025-09-02 15:00:00,2025-09-02 14:00:00,-0.007177286641470451,-0.007577326646804584,0.022403512401066125,0.02307744128582396,0.001171640644202755,0.15297576359123682,0.29462496800205257,0.2853788632413195,0.6057493392050315,0.47910198734467335,0.4623989080732947,True,False,-0.006897161897663191,-0.0002801247438075898,0.0
2025-09-03,0,7824,7835,2025-09-03 09:35:00,2025-09-03 10:30:00,2025-09-02 15:00:00,0.008962627650383422,0.008962627650383422,0.032918898345098174,0.02757172042429382,0.009239514364472338,0.1942907227259855,0.3862816920763844,0.364324631458643,0.8150662262466664,0.4770967973863276,0.3893326786795968,True,False,0.001977879147140579,0.006984748503242813,0.007382561044767648
2025-09-03,1,7836,7847,2025-09-03 10:35:00,2025-09-03 11:30:00,2025-09-03 10:30:00,-0.010619109292339052,-0.011419189303007319,0.03830905278520515,0.03905067134656021,0.0019011609655856803,0.23263216712095303,0.40627662695634936,0.40612622454118463,1.0,0.4057411255912019,0.2651924060316253,True,False,-0.012292789128129575,0.0016736798357908586,0.0
2025-09-03,2,7848,7859,2025-09-03 13:05:00,2025-09-03 14:00:00,2025-09-03 11:30:00,0.0012414650880651192,0.0012414650880651192,0.029073296236838214,0.029059321625078217,0.0027297311434694043,0.1281579062777077,0.25206705632265125,0.2586262095056921,0.5145695710793793,0.4713458384375332,0.545206527609682,True,False,0.002252896959095915,-0.0010114318710313759,0.0
2025-09-03,3,7860,7871,2025-09-03 14:05:00,2025-09-03 15:00:00,2025-09-03 14:00:00,-0.026886950560175205,-0.02768703057084347,0.038305738138282856,0.03818326262783431,0.0014675667150123167,0.17673513355213583,0.31226523439123816,0.3071465152988205,0.46322123319035324,0.5811888022130968,0.48330925286678117,True,False,-0.026901142768429705,1.4192208254956607e-05,0.0
2025-09-04,0,7872,7883,2025-09-04 09:35:00,2025-09-04 10:30:00,2025-09-03 15:00:00,0.03539347494880525,0.03539347494880525,0.055736653461882696,0.0590899005423202,0.005462753231530485,0.2097815023709892,0.34307886725014064,0.3206437862114691,0.7445215431229799,0.4196651155332656,0.46520948231395903,True,False,0.031123399386834356,0.004270075561971171,0.003450315101057352
2025-09-04,1,7884,7895,2025-09-04 10:35:00,2025-09-04 11:30:00,2025-09-04 10:30:00,0.016945404529088194,0.016945404529088194,0.04099242757043342,0.041072169607131455,0.0014001027886997733,0.1552221549194286,0.2973009919428059,0.29084220775342856,0.8038690994063222,0.3798867702624905,0.5690489672587951,True,False,0.017442842630463792,-0.0004974381013757687,0.0
2025-09-04,2,7896,7907,2025-09-04 13:05:00,2025-09-04 14:00:00,2025-09-04 11:30:00,-0.00040508134587246506,-0.00040508134587246506,0.03233525323863687,0.03246445646810467,0.0017824992137476167,0.2201468127850392,0.3985789914167326,0.4006234126446528,0.7846810721684653,0.5662294244542281,0.24386004023742616,True,False,-0.0010829377470711965,0.0006778564011987488,0.0
2025-09-04,3,7908,7919,2025-09-04 14:05:00,2025-09-04 15:00:00,2025-09-04 14:00:00,-0.0016526240860779903,-0.002052664091412124,0.043018621681258834,0.04396344319912272,0.0025902740010970288,0.2462339488423334,0.3903022491270567,0.39810960998909595,0.8604784220592095,0.41841250709327793,0.37071603391597097,True,False,-0.0012018846824094955,-0.0004507394036677388,0.0
2025-09-05,0,7920,7931,2025-09-05 09:35:00,2025-09-05 10:30:00,2025-09-04 15:00:00,0.004410383739856487,0.004410383739856487,0.03392337496780423,0.03052236879362872,0.006116125790250851,0.18069309893370858,0.32458189378473373,0.3608079383584676,0.5002240950932422,0.6996028529602156,0.31876545443075516,True,False,-6.432209777925855e-05,0.004474705837636026,0.0042534394536284
2025-09-05,1,7932,7943,2025-09-05 10:35:00,2025-09-05 11:30:00,2025-09-05 10:30:00,0.009092771911196614,0.009092771911196614,0.026960710482216845,0.026106784262002757,0.0017865651247832124,0.17638644871684883,0.3519609392855242,0.3505182667087944,0.43828492704238253,0.809827860762793,0.38263123777232244,True,False,0.008657664389246714,0.0004351075219500292,0.0
2025-09-05,2,7944,7955,2025-09-05 13:05:00,2025-09-05 14:00:00,2025-09-05 11:30:00,0.01285471606975815,0.01285471606975815,0.023703100753895562,0.02322704528798679,0.0017160139944498878,0.31248432711263757,0.4485793265527553,0.44436290443284054,0.5816934323340104,0.5529170452113088,0.24928006879406375,True,False,0.01295602448976348,-0.00010130842000543623,0.0
2025-09-05,3,7956,7967,2025-09-05 14:05:00,2025-09-05 15:00:00,2025-09-05 14:00:00,0.006681574596807464,0.006681574596807464,0.016350003637922918,0.015933137087431055,0.0013316999663642117,0.21658336681312834,0.3592602134560849,0.3647066848224725,0.48222729949260457,0.6826174617494247,0.2836365252891233,True,False,0.007066695839237025,-0.0003851212424294687,0.0
2025-09-08,0,7968,7979,2025-09-08 09:35:00,2025-09-08 10:30:00,2025-09-05 15:00:00,-0.005894143703743075,-0.0062941837090772085,0.03341808543100361,0.035433312230899586,0.004097074421518785,0.2623907553460386,0.45327700308344016,0.4410737502998561,0.8109309870277364,0.5834900474931954,0.17626827169698178,True,False,-0.004305575041128718,-0.0015885686626137447,0.0016410130624400074
2025-09-08,1,7980,7991,2025-09-08 10:35:00,2025-09-08 11:30:00,2025-09-08 10:30:00,-0.004372053826032521,-0.004772093831366654,0.03645445005727468,0.036264592091155526,0.001013813381745318,0.1870470105518588,0.344455187708126,0.34540521324787826,0.568286775091543,0.4940323705634172,0.37127896039854286,True,False,-0.004278249878299093,-9.38039477331199e-05,0.0
2025-09-08,2,7992,8003,2025-09-08 13:05:00,2025-09-08 14:00:00,2025-09-08 11:30:00,0.0003692196545357131,0.0003692196545357131,0.01591176857994742,0.015323357952187967,0.0014700971527465958,0.22607147334084082,0.3732184999373262,0.3737081740808541,0.4017106441346118,0.7641689184003064,0.38343488886905364,True,False,0.000456549459638534,-8.732980510270432e-05,0.0
2025-09-08,3,8004,8015,2025-09-08 14:05:00,2025-09-08 15:00:00,2025-09-08 14:00:00,0.002016517288197013,0.002016517288197013,0.015862774257827027,0.0154868751000939,0.0007365070460110042,0.1992743219729656,0.3757917890294423,0.3864249876866912,0.6668161657271727,0.5438767898369931,0.2592794314796076,True,False,0.002376648368550687,-0.0003601310803538149,0.0
2025-09-09,0,8016,8027,2025-09-09 09:35:00,2025-09-09 10:30:00,2025-09-08 15:00:00,-0.02342542357080305,-0.023825463576137185,0.04952303449279491,0.029891750139006776,0.021119348633328025,0.39639781983307293,0.5102474176216565,0.3539552964593937,0.46243399222987325,0.841481474252835,0.3795000774183543,True,False,-0.0035711366516098055,-0.019854286919192988,0.019717042301528126
2025-09-09,1,8028,8039,2025-09-09 10:35:00,2025-09-09 11:30:00,2025-09-09 10:30:00,0.007793341975811272,0.007793341975811272,0.01882136429795698,0.018861094228192193,0.0010096782223237813,0.19407413735888343,0.30807313237899864,0.31965660068941965,0.7758799716225209,0.4351279602621799,0.41101896681995664,True,False,0.007959815052528811,-0.0001664730767171258,0.0
2025-09-09,2,8040,8051,2025-09-09 13:05:00,2025-09-09 14:00:00,2025-09-09 11:30:00,0.005186708710165205,0.005186708710165205,0.026915360266488154,0.026964853201732312,0.0019372191600568207,0.15008530039516504,0.2931314372272574,0.28514733433105716,0.6211161898979789,0.49154079409292906,0.41510101656929377,True,False,0.0055989896552853455,-0.0004122809451197672,0.0
2025-09-09,3,8052,8063,2025-09-09 14:05:00,2025-09-09 15:00:00,2025-09-09 14:00:00,0.00016853864992247392,0.00016853864992247392,0.024708456957939166,0.024853020375590684,0.0015729980587975722,0.1878534931600855,0.36378499876811093,0.36939724642826144,0.7325669035393195,0.5206859294278394,0.3550951184577678,True,False,0.0002668567911368073,-9.831814121376414e-05,0.0
2025-09-10,0,8064,8075,2025-09-10 09:35:00,2025-09-10 10:30:00,2025-09-09 15:00:00,-0.007779335213858311,-0.00857941522452658,0.03344834195952872,0.02706478991414162,0.008650675356327046,0.21833849373866063,0.40015552672907967,0.4457146591947352,0.5518401486761189,0.6978522240841598,0.28585425907433626,True,False,-0.0017631108487521565,-0.006016224365106087,0.006378496474029407
2025-09-10,1,8076,8087,2025-09-10 10:35:00,2025-09-10 11:30:00,2025-09-10 10:30:00,0.0014290098018420608,0.0010289697965079271,0.02170666616128037,0.02210707851204512,0.0020119391369137095,0.2679505159582803,0.45313490551485547,0.4370312256134719,0.6884379640290182,0.700481279804374,0.2263700550940104,True,False,0.0018154858461594697,-0.0003864760443173821,0.0
2025-09-10,2,8088,8099,2025-09-10 13:05:00,2025-09-10 14:00:00,2025-09-10 11:30:00,0.006750940566132836,0.006750940566132836,0.026478206367786406,0.027466503132725504,0.0016029080746425921,0.18446832377210712,0.3238539466235457,0.30963105119255085,0.5044628831086223,0.663348986874916,0.41998195278199263,True,False,0.006598812575235965,0.0001521279908971158,0.0
2025-09-10,3,8100,8111,2025-09-10 14:05:00,2025-09-10 15:00:00,2025-09-10 14:00:00,0.0002471381459899051,-0.00015290185934422836,0.009586869617739524,0.010061539507049782,0.0007906014778285621,0.20047643427212503,0.3714449185162815,0.3860813605647388,0.9713584881202262,0.3942113804992617,0.25881590248289105,True,False,1.0194490791793102e-05,0.0002369436551982646,0.0
2025-09-11,0,8112,8123,2025-09-11 09:35:00,2025-09-11 10:30:00,2025-09-10 15:00:00,0.007603042454041586,0.007203002448707453,0.04314182858238983,0.0389076331359402,0.005732065755146808,0.17505042147917763,0.3484573612225273,0.38311962462335414,0.5494056762072548,0.68569814106743,0.33855658221449675,True,False,0.0035271584538478836,0.00407588400019342,0.003907234140534817
2025-09-11,1,8124,8135,2025-09-11 10:35:00,2025-09-11 11:30:00,2025-09-11 10:30:00,0.03682002215313221,0.03682002215313221,0.052634830856938916,0.05215565958696179,0.001378742582902211,0.1607670290153399,0.3202076421954346,0.32052310593883415,0.3768174563801123,1.0,0.33340991835548606,True,False,0.03638554956395354,0.0004344725891786957,0.0
2025-09-11,2,8136,8147,2025-09-11 13:05:00,2025-09-11 14:00:00,2025-09-11 11:30:00,-0.004079349529546616,-0.004479389534880749,0.03720738183880404,0.03736073475217728,0.0013608429954400452,0.2589685117542458,0.3984771877270455,0.39222006560495365,0.4829210214193853,0.7274959612143405,0.3181958202605122,True,False,-0.0043931024943288325,0.00031375296478232097,0.0
2025-09-11,3,8148,8159,2025-09-11 14:05:00,2025-09-11 15:00:00,2025-09-11 14:00:00,-0.0005451693657082511,-0.0009452093710423843,0.014630742184775503,0.014162830613559859,0.0016151962908777973,0.16921966552896225,0.31681104696555706,0.3086445031558327,0.5399884558792795,0.5930600177004567,0.3902644677702854,True,False,-0.001057850208390317,0.0005126808426824881,0.0
2025-09-12,0,8160,8171,2025-09-12 09:35:00,2025-09-12 10:30:00,2025-09-11 15:00:00,0.01667640067635269,0.01667640067635269,0.05379968936040043,0.05331463444150342,0.0047453286104939246,0.26248614529607867,0.41917163911089267,0.4110054402898714,0.5920709316361128,0.8297213939753378,0.25205721048861923,True,False,0.0185382035546162,-0.0018618028782641698,0.0008978185123647662
2025-09-12,1,8172,8183,2025-09-12 10:35:00,2025-09-12 11:30:00,2025-09-12 10:30:00,-0.008265699091667989,-0.008665739097002122,0.025806020610009386,0.026103962866125208,0.0011686339180114597,0.23035392345583583,0.3623229659620892,0.35905465380917295,0.7124196132758386,0.5208903470950341,0.4862921619063079,True,False,-0.008370891070697252,0.00010519197902949902,0.0
2025-09-12,2,8184,8195,2025-09-12 13:05:00,2025-09-12 14:00:00,2025-09-12 11:30:00,0.0048565644974184335,0.0044565244920843,0.028914134202770916,0.029374461876057585,0.0018532445405608127,0.16689459293840553,0.3294645521580305,0.32840911582876153,0.45294177184265877,0.7421732095866572,0.35330957769581206,True,False,0.0062813545066003566,-0.001424790009182296,0.0
2025-09-12,3,8196,8207,2025-09-12 14:05:00,2025-09-12 15:00:00,2025-09-12 14:00:00,-0.005880654866799093,-0.006280694872133227,0.02047717906994006,0.02065950167897358,0.0013592288381927933,0.23671776269462685,0.3779411032732323,0.3717134686478481,0.7920343734731877,0.47599457047173904,0.32543785919490026,True,False,-0.00651115159936449,0.0006304967325653946,0.0
2025-09-15,0,8208,8219,2025-09-15 09:35:00,2025-09-15 10:30:00,2025-09-12 15:00:00,0.002531996736869687,0.002531996736869687,0.059911456109528895,0.043936490508420974,0.02090198108565879,0.2752504990117599,0.5471395693454636,0.526369779707396,0.7225735530648144,0.7636997766414353,0.1905103247015957,True,True,0.02032760338107213,-0.017795606644202405,0.01838718602357024
2025-09-15,1,8220,8231,2025-09-15 10:35:00,2025-09-15 11:30:00,2025-09-15 10:30:00,-0.016606806713036333,-0.0174068867237046,0.03374316431536458,0.0332547826401176,0.0013466371150145894,0.20643674622156338,0.37395754376512136,0.38077084781906845,0.5939241254031882,0.5645443167238214,0.2712709493039704,True,False,-0.01702157789678517,0.00041477118374949704,0.0
2025-09-15,2,8232,8243,2025-09-15 13:05:00,2025-09-15 14:00:00,2025-09-15 11:30:00,0.0013055994258377526,0.0013055994258377526,0.01456374332182502,0.014370591239246623,0.0012611420090580699,0.1828431273888817,0.3648498836192741,0.3573741529194514,0.6862621292394252,0.5783797637496769,0.30521201610590515,True,False,0.0015874019651568125,-0.00028180253931904184,0.0
2025-09-15,3,8244,8255,2025-09-15 14:05:00,2025-09-15 15:00:00,2025-09-15 14:00:00,0.0038450858968323894,0.0038450858968323894,0.020460835337106287,0.01996267315467494,0.0014181791675525442,0.2064177649809651,0.3979588022912387,0.394498090217094,0.7963940054287771,0.5478349946576482,0.23120419340427417,True,False,0.002723788636846007,0.0011212972599869973,0.0
2025-09-16,0,8256,8267,2025-09-16 09:35:00,2025-09-16 10:30:00,2025-09-15 15:00:00,-0.020797300720904625,-0.02119734072623876,0.05971306225238365,0.0548932599268551,0.007880411204803211,0.14885009513172717,0.29525260366705197,0.3063501819259535,0.43466047410264236,0.7468462325367968,0.4044813252851162,True,False,-0.014635866144149828,-0.006161434576754485,0.005060287624906931
2025-09-16,1,8268,8279,2025-09-16 10:35:00,2025-09-16 11:30:00,2025-09-16 10:30:00,-0.017721387308755155,-0.01812142731408929,0.035211132885555024,0.03533439392315878,0.0015090680767906738,0.21137849049276258,0.3875368450821088,0.39470796463297303,0.6653358462488846,0.6677730101456898,0.28965545978336943,True,False,-0.01824450804849055,0.0005231207397353265,0.0
2025-09-16,2,8280,8291,2025-09-16 13:05:00,2025-09-16 14:00:00,2025-09-16 11:30:00,-0.0034457688709005883,-0.0038458088762347215,0.020103911382239836,0.018611538689709384,0.0019188002535260292,0.1297290580009148,0.25548776699397124,0.27085353654309874,0.5323634808708723,0.4594648452290839,0.6131074429883326,True,False,-0.0029681398096616687,-0.0004776290612386962,0.0
2025-09-16,3,8292,8303,2025-09-16 14:05:00,2025-09-16 15:00:00,2025-09-16 14:00:00,-0.01110429900338499,-0.011504339008719123,0.01884837954025138,0.019002392738130355,0.0009218590553187385,0.14460298417696674,0.26987120881087034,0.2548519702763421,0.6203014874960445,0.43771272232047964,0.6448258938941345,True,False,-0.011228695754990418,0.00012439675160543556,0.0
2025-09-17,0,8304,8315,2025-09-17 09:35:00,2025-09-17 10:30:00,2025-09-16 15:00:00,-0.01640528263848619,-0.01720536264915446,0.04562771330607713,0.041693294685934454,0.00618346760114653,0.17318828956139182,0.3103974619345954,0.3382669238666141,0.5369537815508738,0.5757117363392571,0.33568038432263103,True,False,-0.020673274217306456,0.004267991578820294,0.00473117733526925
2025-09-17,1,8316,8327,2025-09-17 10:35:00,2025-09-17 11:30:00,2025-09-17 10:30:00,0.0022024833051946793,0.0018024432998605452,0.028403174841043658,0.029760034320606903,0.0023130590391442717,0.21116627964972842,0.3896361067154864,0.36944393869650977,0.4657022677920618,0.8131076904080439,0.3272427971009577,True,False,0.002722218084127304,-0.0005197347789325001,0.0
2025-09-17,2,8328,8339,2025-09-17 13:05:00,2025-09-17 14:00:00,2025-09-17 11:30:00,0.00024063264626070756,0.00024063264626070756,0.026352380465037024,0.026396543706339034,0.0016778054331410498,0.2334113041773679,0.40403702894301863,0.40059860834896177,0.6719156434589435,0.6566998044796107,0.1809437677320377,True,False,-0.0007505063982175805,0.0009911390444781194,0.0
2025-09-17,3,8340,8351,2025-09-17 14:05:00,2025-09-17 15:00:00,2025-09-17 14:00:00,-0.0005105017613789206,-0.0005105017613789206,0.012244041213387947,0.012134075816090144,0.0008680891929891415,0.24006676179160252,0.398841721673337,0.4066649963310721,0.5773420707506712,0.6844469966814806,0.25852747966321404,True,False,-2.145316983895903e-05,-0.000489048591539636,0.0
2025-09-18,0,8352,8363,2025-09-18 09:35:00,2025-09-18 10:30:00,2025-09-17 15:00:00,0.041725842409862504,0.041725842409862504,0.05949306727377893,0.0492167215879393,0.013404686159756521,0.17867796037132605,0.3268794443112305,0.3341307082550182,0.38425746397792815,0.9020068437777631,0.40277428910656965,True,False,0.030922240146659126,0.010803602263203373,0.010936526114172519
2025-09-18,1,8364,8375,2025-09-18 10:35:00,2025-09-18 11:30:00,2025-09-18 10:30:00,-0.02285936848403346,-0.023259408489367594,0.047942565159007085,0.04828077667122684,0.0010308041346883765,0.1884180164375661,0.3499891741307818,0.3527753885564987,0.6807288218604591,0.44196211073260316,0.37782138099525014,True,False,-0.02300154085972408,0.00014217237569078654,0.0
2025-09-18,2,8376,8387,2025-09-18 13:05:00,2025-09-18 14:00:00,2025-09-18 11:30:00,0.01465238121030716,0.01465238121030716,0.023965687223087076,0.023586245247524285,0.001765970598942791,0.1652706696066892,0.327244953116815,0.32650262595915347,0.8322719547760162,0.4061648088514754,0.37464388163430845,True,False,0.015663200472993983,-0.0010108192626866774,0.0
2025-09-18,3,8388,8399,2025-09-18 14:05:00,2025-09-18 15:00:00,2025-09-18 14:00:00,0.009789818799272976,0.009789818799272976,0.05858279241381951,0.05704926473477857,0.002043114878148327,0.12878146921966455,0.25555361324248177,0.26060573833428213,0.5612083722729008,0.43749889555107657,0.612674524666842,True,False,0.008854472673610222,0.0009353461256623636,0.0
2025-09-19,0,8400,8411,2025-09-19 09:35:00,2025-09-19 10:30:00,2025-09-18 15:00:00,-0.003578576579503807,-0.00397861658483794,0.057729587190211526,0.05183824269512239,0.008405770345176766,0.19884507237382537,0.3474135537363302,0.3800477644914887,0.5508165910947902,0.5668625884796026,0.2759001240972105,True,False,0.003891945741871723,-0.0074705223213755115,0.006146176555117799
2025-09-19,1,8412,8423,2025-09-19 10:35:00,2025-09-19 11:30:00,2025-09-19 10:30:00,-0.013684139109989495,-0.014084179115323628,0.022314006051125605,0.021866484350744578,0.001429286374007292,0.16456176168549896,0.3287547548866497,0.32788798764511184,0.615061245831603,0.48739710049239526,0.4058432561210174,True,False,-0.013626738789762815,-5.7400320226836055e-05,0.0
2025-09-19,2,8424,8435,2025-09-19 13:05:00,2025-09-19 14:00:00,2025-09-19 11:30:00,0.01701774531990939,0.01701774531990939,0.035405960422965996,0.0351381769761913,0.0007940220566720821,0.1696642402152457,0.3374884374523017,0.3342745727187675,1.0,0.36508360793716965,0.4248240314598044,True,False,0.016994725550510605,2.3019769398700063e-05,0.0
2025-09-19,3,8436,8447,2025-09-19 14:05:00,2025-09-19 15:00:00,2025-09-19 14:00:00,-0.01924541209084093,-0.0200454921015092,0.02286756054884282,0.022534602045416255,0.0016916018085687415,0.251414843306775,0.3783924456263464,0.38881817478307945,0.6504593422396977,0.5965433082359481,0.2427648130088669,True,False,-0.019014510105073087,-0.00023090198576746125,0.0
2025-09-22,0,8448,8459,2025-09-22 09:35:00,2025-09-22 10:30:00,2025-09-19 15:00:00,0.0003928492332739592,-7.19077206017384e-06,0.03678828891214066,0.036658752379764806,0.0033176088709782874,0.2605863288014817,0.4305529040174305,0.4249802100748607,0.6200701591801135,0.6318993371645345,0.25912515373105993,True,False,-0.0007824469411203392,0.0011752961743944548,0.0010279379736970711
2025-09-22,1,8460,8471,2025-09-22 10:35:00,2025-09-22 11:30:00,2025-09-22 10:30:00,-0.007527328429891309,-0.007927368435225443,0.027968333547288185,0.028420326118099037,0.0015936947536162296,0.18676708171584774,0.36606823409570793,0.3599860826555128,0.45840286542919834,0.6908706272120434,0.312782448475309,True,False,-0.0063371917654799804,-0.0011901366644117338,0.0
2025-09-22,2,8472,8483,2025-09-22 13:05:00,2025-09-22 14:00:00,2025-09-22 11:30:00,-0.01577655626071909,-0.016576636271387356,0.044625626670761906,0.045117880487523854,0.0013412180661628165,0.17244394134458965,0.326134208993464,0.32570102444870774,0.4851064930224421,0.8125247434210325,0.3327453458768943,True,False,-0.015842235259912827,6.567899919440243e-05,0.0
2025-09-22,3,8484,8495,2025-09-22 14:05:00,2025-09-22 15:00:00,2025-09-22 14:00:00,-0.0026550042466367474,-0.0026550042466367474,0.017414035228718837,0.017264827998815558,0.001034429431346414,0.20517577127152564,0.3492036378025078,0.34477244292238446,0.45175362287964227,0.8240438627809936,0.3066137529391043,True,False,-0.0027193778145800807,6.437356794370507e-05,0.0
2025-09-23,0,8496,8507,2025-09-23 09:35:00,2025-09-23 10:30:00,2025-09-22 15:00:00,0.004989421119145341,0.0041893411084770755,0.03769744147267657,0.03858653016522265,0.003086633925390757,0.1522362493594579,0.30375906834586325,0.29062664137047134,0.7158769251144088,0.42984597203578884,0.48857119940460225,True,False,0.003563712898541004,0.001425708220604136,0.0014421457077206975
2025-09-23,1,8508,8519,2025-09-23 10:35:00,2025-09-23 11:30:00,2025-09-23 10:30:00,-0.005934244580839513,-0.006734324591507781,0.03905075600260581,0.03892769697424088,0.0010916903120004398,0.2092891788957896,0.38087223167689516,0.3828110622756288,0.7448153747341083,0.5409834378567344,0.24345560094871846,True,False,-0.005276222801322295,-0.0006580217795169804,0.0
2025-09-23,2,8520,8531,2025-09-23 13:05:00,2025-09-23 14:00:00,2025-09-23 11:30:00,0.0007650914657472687,0.0007650914657472687,0.02148818228929229,0.02168345967822898,0.0013170702025685087,0.14354569812435616,0.27569248035490346,0.26886593452536317,0.5717419591601135,0.4334127019925475,0.4948366193054275,True,False,-4.28288791670616e-05,0.0008079203449142569,0.0
2025-09-23,3,8532,8543,2025-09-23 14:05:00,2025-09-23 15:00:00,2025-09-23 14:00:00,0.007852394193812747,0.007452354188478614,0.03678308932281882,0.036618950757193215,0.001796723575763776,0.1968340009617915,0.38201302820832134,0.37705442737862765,0.46269375336467505,0.7111030930730309,0.16803584995833187,True,False,0.006831952217165043,0.0010204419766473847,0.0
2025-09-24,0,8544,8555,2025-09-24 09:35:00,2025-09-24 10:30:00,2025-09-23 15:00:00,0.01923563201669873,0.01923563201669873,0.0563001370260882,0.04992256946930639,0.010253057744140074,0.24348379439861606,0.39987164703558326,0.4432654840113577,0.5960839164343084,0.5850449919144021,0.21538888041627735,True,False,0.027512735725550175,-0.008277103708851992,0.008513361940192789
2025-09-24,1,8556,8567,2025-09-24 10:35:00,2025-09-24 11:30:00,2025-09-24 10:30:00,0.024862702030755687,0.024862702030755687,0.03528118333885413,0.03439032159109363,0.002726164783073856,0.1944528819746618,0.33213176694282054,0.3343057898689159,0.3896656057437961,1.0,0.41248218788904495,True,False,0.023285649660120228,0.0015770523706357077,0.0
2025-09-24,2,8568,8579,2025-09-24 13:05:00,2025-09-24 14:00:00,2025-09-24 11:30:00,-0.01940648113421265,-0.019806521139546784,0.039962938060318684,0.039941322365381844,0.0024638378707966453,0.25704838810866837,0.43596313531100217,0.4298766088820055,0.6394653226764841,0.7439546116734957,0.18905467709792095,True,False,-0.020662291447489958,0.0012558103132772774,0.0
2025-09-24,3,8580,8591,2025-09-24 14:05:00,2025-09-24 15:00:00,2025-09-24 14:00:00,0.0015370999876708033,0.0015370999876708033,0.015741251437889996,0.015569374315379548,0.0008464205192340949,0.23784298494955622,0.4049416730955397,0.4125095514072072,0.6898434381452466,0.6692064219755088,0.20369767739974093,True,False,0.0016813981525070738,-0.00014429816483608175,0.0
2025-09-25,0,8592,8603,2025-09-25 09:35:00,2025-09-25 10:30:00,2025-09-24 15:00:00,-0.005748822056439936,-0.006148862061774069,0.05597923670641047,0.050986765632022195,0.0076960425641520265,0.2242383992892965,0.38091166429934475,0.4236890197439113,0.5289666144235537,0.7344286065753246,0.27713554282895986,True,False,-0.011510458285597368,0.005761636229158428,0.004693551897412649
2025-09-25,1,8604,8615,2025-09-25 10:35:00,2025-09-25 11:30:00,2025-09-25 10:30:00,0.008351754955584021,0.008351754955584021,0.022978814744948898,0.022843644995901954,0.0014471925935705871,0.19994660196135325,0.3816111567588397,0.3844502124579645,0.559770994245143,0.5546776526157379,0.2485744946945991,True,False,0.008324961315504536,2.6793640079972192e-05,0.0
2025-09-25,2,8616,8627,2025-09-25 13:05:00,2025-09-25 14:00:00,2025-09-25 11:30:00,-0.012559334530112548,-0.012959374535446681,0.027863301196220613,0.02782085566164657,0.0016786446059385508,0.1923646294377127,0.34960016400713406,0.3381710300772124,0.6328306650835084,0.5798265798847558,0.3924196936720127,True,False,-0.012136944612311903,-0.00042238991780074796,0.0
2025-09-25,3,8628,8639,2025-09-25 14:05:00,2025-09-25 15:00:00,2025-09-25 14:00:00,-0.006799918299890413,-0.007199958305224546,0.015250247056869528,0.015243815393017762,0.0008182038555062738,0.18574908546178134,0.3580542504079282,0.3542300338466989,0.6389523781779133,0.6574293809544718,0.3391433330770213,True,False,-0.007158296806511923,0.00035837850662098097,0.0
2025-09-26,0,8640,8651,2025-09-26 09:35:00,2025-09-26 10:30:00,2025-09-25 15:00:00,-0.006029051414008609,-0.0064290914193427424,0.0544895879486253,0.04726508686093263,0.010484783745480394,0.23734570724563536,0.38712004224688823,0.4496581204123635,0.766150431302273,0.5195654886519087,0.24589757964151138,True,False,0.003979622858646454,-0.010008674272655218,0.00854100627384923
2025-09-26,1,8652,8663,2025-09-26 10:35:00,2025-09-26 11:30:00,2025-09-26 10:30:00,-0.012937684652785475,-0.013737764663453741,0.0350438164228044,0.03514243458417519,0.002032636536238285,0.1680702399710855,0.32350231872186996,0.3310754044110531,0.6230896533588254,0.5192164103073723,0.3066028754197379,True,False,-0.012059976743007045,-0.000877707909778787,0.0
2025-09-26,2,8664,8675,2025-09-26 13:05:00,2025-09-26 14:00:00,2025-09-26 11:30:00,-0.0014113558515734537,-0.0014113558515734537,0.026458208872395573,0.026928304125601495,0.0009062127976920442,0.2425791767196757,0.4436759901963236,0.4407286274722807,0.6745182958745833,0.6910420068910934,0.20699332257943842,True,False,-0.0016093025797534214,0.00019794672817962872,0.0
2025-09-26,3,8676,8687,2025-09-26 14:05:00,2025-09-26 15:00:00,2025-09-26 14:00:00,0.010775220790228891,0.010775220790228891,0.02814284843412631,0.02860192789015712,0.0015566192326831661,0.19641937960634268,0.3326970122527386,0.33267922876634676,0.8620909805707889,0.37410706512893055,0.36998715836446516,True,False,0.0111404549941761,-0.00036523420394731865,0.0
2025-09-29,0,8688,8699,2025-09-29 09:35:00,2025-09-29 10:30:00,2025-09-26 15:00:00,0.0036706910644026805,0.003270651059068547,0.04047311646121704,0.039864431668864296,0.004095328621546125,0.26763417069150564,0.4571355576908224,0.46116653400377366,0.7888449773113081,0.7302040541143022,0.14912504469073273,True,False,0.0014026598783283455,0.0022680311860739893,0.0015658577303481152
2025-09-29,1,8700,8711,2025-09-29 10:35:00,2025-09-29 11:30:00,2025-09-29 10:30:00,-0.0015495942334574082,-0.0015495942334574082,0.015021593545953789,0.015028144577110169,0.0014040162415299014,0.26156808222706507,0.41964493751720344,0.4074725876474176,0.5372013655722782,0.6777888904403557,0.3161279411824039,True,False,-0.0007813613940737549,-0.0007682328393835465,0.0
2025-09-29,2,8712,8723,2025-09-29 13:05:00,2025-09-29 14:00:00,2025-09-29 11:30:00,0.012603532319426776,0.012603532319426776,0.024523817114779148,0.025085474204982545,0.0010009832547948527,0.3600490002326165,0.46668058961708775,0.46091847395716923,0.6165152969547847,0.5031564138788682,0.22532292705443538,True,False,0.012735718978589388,-0.00013218665916219844,0.0
2025-09-29,3,8724,8735,2025-09-29 14:05:00,2025-09-29 15:00:00,2025-09-29 14:00:00,0.0034669176459523887,0.0034669176459523887,0.021004418259440834,0.019952443655564093,0.0012160014725123027,0.24905599392098438,0.39361185737860893,0.4105955754452324,0.4259515852511698,0.826104642355002,0.24620488848449082,True,False,0.0026886356166351904,0.0007782820293174449,0.0
2025-09-30,0,8736,8747,2025-09-30 09:35:00,2025-09-30 10:30:00,2025-09-29 15:00:00,0.01981839017756012,0.01981839017756012,0.044783750363389156,0.031567266875254,0.015344807182264844,0.3092528631923757,0.41330121848382306,0.28639648522493877,0.5730205977225075,0.6517102588053664,0.4866228834201287,True,False,0.005261047059320667,0.01455734311823949,0.012086536428276335
2025-09-30,1,8748,8759,2025-09-30 10:35:00,2025-09-30 11:30:00,2025-09-30 10:30:00,0.0025814900920656174,0.0025814900920656174,0.025098981336533724,0.02476021184279348,0.0012341210545601818,0.19374287984515787,0.34246884721208914,0.3490511951361459,0.6210601742598566,0.5973011942827481,0.307966874603865,True,False,0.002054641942206066,0.0005268481498597339,0.0
2025-09-30,2,8760,8771,2025-09-30 13:05:00,2025-09-30 14:00:00,2025-09-30 11:30:00,-0.0018815237962853946,-0.002281563801619528,0.01999763690671324,0.01916772103505404,0.0016562973775092248,0.329488088077607,0.48731114238916856,0.487424576815308,0.7121542731705638,0.6984544864379445,0.17524860288981564,True,False,-0.0024278741509496894,0.000546350354664499,0.0
2025-09-30,3,8772,8783,2025-09-30 14:05:00,2025-09-30 15:00:00,2025-09-30 14:00:00,-0.0033340728629195917,-0.0033340728629195917,0.010743434414423617,0.01038217958784325,0.0008020306392321134,0.2901012847669279,0.4934188243377159,0.48999086334895753,0.7531181016181576,0.6300977549268421,0.12882396279524236,True,False,-0.0030403969687856475,-0.000293675894133497,0.0
