year,view,scope,cost_bps,policy,cagr,total_log_return,mdd,daily_mdd,longest_underwater_days,mean_exposure,turnover,cost_log,daily_sharpe
2021,0,annual,0,baseline,0.7502998146805993,0.5597870959359974,0.1210681506324497,0.1014357088702133,54,0.99991426611797,1417.0,0.0,2.574209271697668
2021,0,annual,0,constant_075,0.521718551170053,0.419840321951998,0.0922496991199906,0.0770846551781093,54,0.7499356995884774,1062.75,0.0,2.574209271697668
2021,0,annual,0,constant_050,0.3229889699769228,0.2798935479679987,0.0624863471033873,0.0520736889769402,54,0.4999571330589849,708.5,0.0,2.574209271697668
2021,0,annual,0,slow_conflict_half,0.6387966272486011,0.4939622086268314,0.0941904702546911,0.0776767015351858,53,0.8280606995884774,1179.0,0.0,2.551622176979872
2021,0,annual,0,chop_half,0.6805874596419321,0.519143410650232,0.1105483540501689,0.0909350008104335,44,0.931241426611797,1392.0,0.0,2.4442794159520447
2021,0,annual,0,slow_conflict_half_matched_constant,0.589751061014471,0.4635774385747947,0.1013563159956552,0.0847650766801801,54,0.8280606995884777,1173.46261682243,0.0,2.574209271697668
2021,0,annual,0,chop_half_matched_constant,0.6842858237073437,0.5213416304601564,0.1132436901198585,0.0948108479494497,54,0.931241426611797,1319.6822429906542,0.0,2.574209271697668
2021,0,annual,1,baseline,0.5190314518794699,0.4180729290473807,0.1416615176934218,0.1208143535888811,56,0.99991426611797,1417.0,0.1417141668886166,1.896112098311183
2021,0,annual,1,constant_075,0.3682839361690211,0.3135573533427677,0.1082478816168747,0.0920527460917986,56,0.7499356995884774,1062.75,0.1062829686092302,1.896128819341872
2021,0,annual,1,constant_050,0.2324943053051185,0.2090400064819393,0.0735338115340971,0.0623504893001372,56,0.4999571330589849,708.5,0.0708535414860593,1.8961455392692368
2021,0,annual,1,slow_conflict_half,0.4565237741153147,0.3760526200546932,0.1127050672600882,0.0962125455249288,54,0.8280606995884774,1179.0,0.1179095885721381,1.9208629275126716
2021,0,annual,1,chop_half,0.4621839206159663,0.3799311541102583,0.1177244610998342,0.0984496947706223,54,0.931241426611797,1392.0,0.1392122565399736,1.7661324068590052
2021,0,annual,1,slow_conflict_half_matched_constant,0.4137156646493357,0.3462214614330791,0.1188279136954769,0.1011411513308465,56,0.8280606995884777,1173.46261682243,0.1173559771417156,1.8961235936902887
2021,0,annual,1,chop_half_matched_constant,0.4760374795291816,0.3893611184908401,0.1326090228416922,0.1130050979952531,56,0.931241426611797,1319.6822429906542,0.1319805119693161,1.8961166919375536
2021,0,annual,3,baseline,0.1440327954842535,0.1345595599280451,0.1852297752442443,0.1640075962908686,94,0.99991426611797,1417.0,0.4252275360079521,0.593626483238294
2021,0,annual,3,constant_075,0.1062142385941611,0.1009435901229398,0.1424127261723449,0.1257138245503486,94,0.7499356995884774,1062.75,0.3188967318290582,0.5937690331369764
2021,0,annual,3,constant_050,0.0696287978037447,0.0673116703434395,0.0973483192045986,0.0856685694491148,94,0.4999571330589849,708.5,0.2125818776245591,0.5939115554033108
2021,0,annual,3,slow_conflict_half,0.1504761408083489,0.1401758921716392,0.1493778401028554,0.1321824891752767,92,0.8280606995884774,1179.0,0.353786316455192,0.6999994956210124
2021,0,annual,3,chop_half,0.1067558452366986,0.1014330740588579,0.1532946328091526,0.138845619442932,135,0.931241426611797,1392.0,0.4177103365913741,0.4596157510492145
2021,0,annual,3,slow_conflict_half_matched_constant,0.117899183692929,0.1114511950791246,0.1560302526052435,0.1378661473502936,94,0.8280606995884777,1173.46261682243,0.35212624349567,0.593724485443022
2021,0,annual,3,chop_half_matched_constant,0.1335183062783751,0.1253263410585666,0.1736846644798555,0.1536577696435583,94,0.931241426611797,1319.6822429906542,0.3960152894015897,0.5936656465742854
2021,0,annual,5,baseline,-0.1384888368421381,-0.1490672652828266,0.2477858310413583,0.2389725436174264,242,0.99991426611797,1417.0,0.7088543612188241,-0.6397364225381694
2021,0,annual,5,constant_075,-0.1057178709462077,-0.1117339729966225,0.192258651628279,0.1851818779632216,242,0.7499356995884774,1062.75,0.5315742949486206,-0.6393615423646769
2021,0,annual,5,constant_050,-0.071741485006114,-0.0744450127982775,0.1326541032264246,0.1276031794819903,242,0.4999571330589849,708.5,0.3543385607662762,-0.6389867807046669
2021,0,annual,5,slow_conflict_half,-0.0913339308412448,-0.0957776129595515,0.1907837407695776,0.1830224201717889,242,0.8280606995884774,1179.0,0.5897398215863829,-0.4675119959186957
2021,0,annual,5,chop_half,-0.162356893928142,-0.1771631569584089,0.2594383755754654,0.2453105430616386,242,0.931241426611797,1392.0,0.696306567608641,-0.7825153330916956
2021,0,annual,5,slow_conflict_half_matched_constant,-0.1160871999153638,-0.1233968636481733,0.2100369658498811,0.2023878299546015,242,0.8280606995884777,1173.46261682243,0.5869743022229681,-0.6394786897289418
2021,0,annual,5,chop_half_matched_constant,-0.129603858106152,-0.1388068354570934,0.2329216267652077,0.2245582845388304,242,0.931241426611797,1319.6822429906542,0.6601484659172497,-0.6396334255545264
2021,0,cumulative,0,baseline,0.7502998146805993,0.5597870959359974,0.1210681506324497,0.1014357088702133,54,0.99991426611797,1417.0,0.0,2.574209271697668
2021,0,cumulative,0,constant_075,0.521718551170053,0.419840321951998,0.0922496991199906,0.0770846551781093,54,0.7499356995884774,1062.75,0.0,2.574209271697668
2021,0,cumulative,0,constant_050,0.3229889699769228,0.2798935479679987,0.0624863471033873,0.0520736889769402,54,0.4999571330589849,708.5,0.0,2.574209271697668
2021,0,cumulative,0,slow_conflict_half,0.6387966272486011,0.4939622086268314,0.0941904702546911,0.0776767015351858,53,0.8280606995884774,1179.0,0.0,2.551622176979872
2021,0,cumulative,0,chop_half,0.6805874596419321,0.519143410650232,0.1105483540501689,0.0909350008104335,44,0.931241426611797,1392.0,0.0,2.4442794159520447
2021,0,cumulative,0,slow_conflict_half_matched_constant,0.589751061014471,0.4635774385747947,0.1013563159956552,0.0847650766801801,54,0.8280606995884777,1173.46261682243,0.0,2.574209271697668
2021,0,cumulative,0,chop_half_matched_constant,0.6842858237073437,0.5213416304601564,0.1132436901198585,0.0948108479494497,54,0.931241426611797,1319.6822429906542,0.0,2.574209271697668
2021,0,cumulative,1,baseline,0.5190314518794699,0.4180729290473807,0.1416615176934218,0.1208143535888811,56,0.99991426611797,1417.0,0.1417141668886166,1.896112098311183
2021,0,cumulative,1,constant_075,0.3682839361690211,0.3135573533427677,0.1082478816168747,0.0920527460917986,56,0.7499356995884774,1062.75,0.1062829686092302,1.896128819341872
2021,0,cumulative,1,constant_050,0.2324943053051185,0.2090400064819393,0.0735338115340971,0.0623504893001372,56,0.4999571330589849,708.5,0.0708535414860593,1.8961455392692368
2021,0,cumulative,1,slow_conflict_half,0.4565237741153147,0.3760526200546932,0.1127050672600882,0.0962125455249288,54,0.8280606995884774,1179.0,0.1179095885721381,1.9208629275126716
2021,0,cumulative,1,chop_half,0.4621839206159663,0.3799311541102583,0.1177244610998342,0.0984496947706223,54,0.931241426611797,1392.0,0.1392122565399736,1.7661324068590052
2021,0,cumulative,1,slow_conflict_half_matched_constant,0.4137156646493357,0.3462214614330791,0.1188279136954769,0.1011411513308465,56,0.8280606995884777,1173.46261682243,0.1173559771417156,1.8961235936902887
2021,0,cumulative,1,chop_half_matched_constant,0.4760374795291816,0.3893611184908401,0.1326090228416922,0.1130050979952531,56,0.931241426611797,1319.6822429906542,0.1319805119693161,1.8961166919375536
2021,0,cumulative,3,baseline,0.1440327954842535,0.1345595599280451,0.1852297752442443,0.1640075962908686,94,0.99991426611797,1417.0,0.4252275360079521,0.593626483238294
2021,0,cumulative,3,constant_075,0.1062142385941611,0.1009435901229398,0.1424127261723449,0.1257138245503486,94,0.7499356995884774,1062.75,0.3188967318290582,0.5937690331369764
2021,0,cumulative,3,constant_050,0.0696287978037447,0.0673116703434395,0.0973483192045986,0.0856685694491148,94,0.4999571330589849,708.5,0.2125818776245591,0.5939115554033108
2021,0,cumulative,3,slow_conflict_half,0.1504761408083489,0.1401758921716392,0.1493778401028554,0.1321824891752767,92,0.8280606995884774,1179.0,0.353786316455192,0.6999994956210124
2021,0,cumulative,3,chop_half,0.1067558452366986,0.1014330740588579,0.1532946328091526,0.138845619442932,135,0.931241426611797,1392.0,0.4177103365913741,0.4596157510492145
2021,0,cumulative,3,slow_conflict_half_matched_constant,0.117899183692929,0.1114511950791246,0.1560302526052435,0.1378661473502936,94,0.8280606995884777,1173.46261682243,0.35212624349567,0.593724485443022
2021,0,cumulative,3,chop_half_matched_constant,0.1335183062783751,0.1253263410585666,0.1736846644798555,0.1536577696435583,94,0.931241426611797,1319.6822429906542,0.3960152894015897,0.5936656465742854
2021,0,cumulative,5,baseline,-0.1384888368421381,-0.1490672652828266,0.2477858310413583,0.2389725436174264,242,0.99991426611797,1417.0,0.7088543612188241,-0.6397364225381694
2021,0,cumulative,5,constant_075,-0.1057178709462077,-0.1117339729966225,0.192258651628279,0.1851818779632216,242,0.7499356995884774,1062.75,0.5315742949486206,-0.6393615423646769
2021,0,cumulative,5,constant_050,-0.071741485006114,-0.0744450127982775,0.1326541032264246,0.1276031794819903,242,0.4999571330589849,708.5,0.3543385607662762,-0.6389867807046669
2021,0,cumulative,5,slow_conflict_half,-0.0913339308412448,-0.0957776129595515,0.1907837407695776,0.1830224201717889,242,0.8280606995884774,1179.0,0.5897398215863829,-0.4675119959186957
2021,0,cumulative,5,chop_half,-0.162356893928142,-0.1771631569584089,0.2594383755754654,0.2453105430616386,242,0.931241426611797,1392.0,0.696306567608641,-0.7825153330916956
2021,0,cumulative,5,slow_conflict_half_matched_constant,-0.1160871999153638,-0.1233968636481733,0.2100369658498811,0.2023878299546015,242,0.8280606995884777,1173.46261682243,0.5869743022229681,-0.6394786897289418
2021,0,cumulative,5,chop_half_matched_constant,-0.129603858106152,-0.1388068354570934,0.2329216267652077,0.2245582845388304,242,0.931241426611797,1319.6822429906542,0.6601484659172497,-0.6396334255545264
2021,0,cumulative_simple_equity,0,baseline,0.7038082502410262,0.5328658928739627,0.1239789387217571,0.1040061654626289,54,0.99991426611797,1417.0,0.0,2.4513703425319107
2021,0,cumulative_simple_equity,0,slow_conflict_half,0.6049498587400078,0.4730925154335483,0.0969617995795741,0.0801299552525322,54,0.8280606995884774,1179.0,0.0,2.4460117643048407
2021,0,cumulative_simple_equity,0,chop_half,0.6398466510437183,0.4946027320030515,0.1119291253396089,0.0924081963972109,44,0.931241426611797,1392.0,0.0,2.3297992793549844
2021,1,annual,0,baseline,0.7866461748185075,0.5803402170308283,0.158655440980918,0.1433964712899704,66,0.9999105385578816,1369.0,0.0,2.615151505747785
2021,1,annual,0,constant_075,0.5453573263088674,0.4352551627731212,0.1215229546012572,0.1096005269013479,66,0.7499329039184112,1026.75,0.0,2.615151505747785
2021,1,annual,0,constant_050,0.3366548450585542,0.2901701085154141,0.0827516372219125,0.0744712167036459,66,0.4999552692789408,684.5,0.0,2.615151505747785
2021,1,annual,0,slow_conflict_half,0.6242537152348291,0.4850484581299455,0.132386568993957,0.1206909476826808,55,0.8285918769010556,1144.0,0.0,2.491056157611977
2021,1,annual,0,chop_half,0.7352862024168462,0.5511723579600496,0.1346266596237435,0.1162750242338419,54,0.935543030953659,1345.0,0.0,2.572986529507004
2021,1,annual,0,slow_conflict_half_matched_constant,0.6175428077363505,0.480908212412949,0.1333805874455512,0.1203762355393399,66,0.828591876901056,1134.443768453073,0.0,2.615151505747784
2021,1,annual,0,chop_half_matched_constant,0.7211313247668787,0.5429818215621264,0.1492468491324079,0.1348188691143437,66,0.9355430309536588,1280.8729981211416,0.0,2.615151505747785
2021,1,annual,1,baseline,0.5580367423696834,0.4434265302062213,0.1815612866110323,0.1655502177318978,91,0.9999105385578816,1369.0,0.1369136868246069,1.9716845738741744
2021,1,annual,1,constant_075,0.3945509505298635,0.332572464190894,0.1395218481049056,0.1269273821789835,91,0.7499329039184112,1026.75,0.1026826985822272,1.971700448643519
2021,1,annual,1,constant_050,0.2482176915124773,0.2217166870373554,0.095323348891384,0.0865171727850066,91,0.4999552692789408,684.5,0.0684534214780587,1.971716322364992
2021,1,annual,1,slow_conflict_half,0.4486602547729604,0.3706391670907282,0.151776269378377,0.1393097263709982,68,0.8285918769010556,1144.0,0.1144092910392173,1.882255275092157
2021,1,annual,1,chop_half,0.5168873458337029,0.4166604364577477,0.1573440820669193,0.1381823261153437,66,0.935543030953659,1345.0,0.1345119215023018,1.920794021986083
2021,1,annual,1,slow_conflict_half_matched_constant,0.4440540019056058,0.3674544372129228,0.1529778609353133,0.1392695175859955,91,0.828591876901056,1134.443768453073,0.1134537752000262,1.97169545353742
2021,1,annual,1,chop_half_matched_constant,0.514192873821069,0.4148825404423857,0.1709368712095653,0.1557715185027469,91,0.9355430309536588,1280.8729981211416,0.1280992811197406,1.9716886616173848
2021,1,annual,3,baseline,0.1847324905741865,0.1695170027516541,0.2255319336501505,0.2081661415107342,96,0.9999105385578816,1369.0,0.4108232142791742,0.7338919522550862
2021,1,annual,3,constant_075,0.1355996775539548,0.1271608616733091,0.174428559856216,0.1605835563512168,96,0.7499329039184112,1026.75,0.308094301099812,0.7340275556939122
2021,1,annual,3,constant_050,0.0884877102669956,0.0847893111069036,0.1199558584494717,0.1101442814310104,96,0.4999552692789408,684.5,0.2053807974085105,0.7341631328168605
2021,1,annual,3,slow_conflict_half,0.1523056175061592,0.1417648200638376,0.1892742541662816,0.1753814249678034,95,0.8285918769010556,1144.0,0.343283638066108,0.7038646082233434
2021,1,annual,3,chop_half,0.1590086612723701,0.1475650373860937,0.2010165569853304,0.1803918287796242,95,0.935543030953659,1345.0,0.4036073205739557,0.6633924206865973
2021,1,annual,3,slow_conflict_half_matched_constant,0.1508381212197816,0.1404904779893094,0.1908621474574267,0.1758562819761951,96,0.828591876901056,1134.443768453073,0.3404177344236396,0.7339848890056381
2021,1,annual,3,chop_half_matched_constant,0.1718832421417927,0.1586120634462349,0.2126834663098688,0.1961779016154622,96,0.9355430309536588,1280.8729981211416,0.3843697581158914,0.7339268717164791
2021,1,annual,5,baseline,-0.0992271268099616,-0.1045021361819908,0.2671564570185067,0.2486214087560134,201,0.9999105385578816,1369.0,0.6848423532128192,-0.4405265726409918
2021,1,annual,5,constant_075,-0.0753244676082186,-0.0783123787985997,0.2079290698647957,0.1929518386179242,201,0.7499329039184112,1026.75,0.513567541571721,-0.4401692575484615
2021,1,annual,5,constant_050,-0.05082818781245,-0.0521654512504869,0.1439224031514538,0.1331648230916038,201,0.4999552692789408,684.5,0.3423355597659011,-0.4398120556348143
2021,1,annual,5,slow_conflict_half,-0.0834914858009198,-0.087183921839276,0.2251258653731081,0.2099522334949308,201,0.8285918769010556,1144.0,0.5722323799692217,-0.4231450929304452
2021,1,annual,5,chop_half,-0.1145203735070449,-0.1216258299370291,0.2470233502069636,0.2318580857562935,242,0.935543030953659,1345.0,0.6727981878970786,-0.53322743978413
2021,1,annual,5,slow_conflict_half_matched_constant,-0.0829091463326813,-0.086548734569883,0.2270637356936959,0.2108992346752098,201,0.828591876901056,1134.443768453073,0.5674569469828321,-0.4402816795533903
2021,1,annual,5,chop_half_matched_constant,-0.093128359414703,-0.0977543597361592,0.2523424235468246,0.2346644168100163,201,0.9355430309536588,1280.8729981211416,0.6407361812982857,-0.440434555659491
2021,1,cumulative,0,baseline,0.7866461748185075,0.5803402170308283,0.158655440980918,0.1433964712899704,66,0.9999105385578816,1369.0,0.0,2.615151505747785
2021,1,cumulative,0,constant_075,0.5453573263088674,0.4352551627731212,0.1215229546012572,0.1096005269013479,66,0.7499329039184112,1026.75,0.0,2.615151505747785
2021,1,cumulative,0,constant_050,0.3366548450585542,0.2901701085154141,0.0827516372219125,0.0744712167036459,66,0.4999552692789408,684.5,0.0,2.615151505747785
2021,1,cumulative,0,slow_conflict_half,0.6242537152348291,0.4850484581299455,0.132386568993957,0.1206909476826808,55,0.8285918769010556,1144.0,0.0,2.491056157611977
2021,1,cumulative,0,chop_half,0.7352862024168462,0.5511723579600496,0.1346266596237435,0.1162750242338419,54,0.935543030953659,1345.0,0.0,2.572986529507004
2021,1,cumulative,0,slow_conflict_half_matched_constant,0.6175428077363505,0.480908212412949,0.1333805874455512,0.1203762355393399,66,0.828591876901056,1134.443768453073,0.0,2.615151505747784
2021,1,cumulative,0,chop_half_matched_constant,0.7211313247668787,0.5429818215621264,0.1492468491324079,0.1348188691143437,66,0.9355430309536588,1280.8729981211416,0.0,2.615151505747785
2021,1,cumulative,1,baseline,0.5580367423696834,0.4434265302062213,0.1815612866110323,0.1655502177318978,91,0.9999105385578816,1369.0,0.1369136868246069,1.9716845738741744
2021,1,cumulative,1,constant_075,0.3945509505298635,0.332572464190894,0.1395218481049056,0.1269273821789835,91,0.7499329039184112,1026.75,0.1026826985822272,1.971700448643519
2021,1,cumulative,1,constant_050,0.2482176915124773,0.2217166870373554,0.095323348891384,0.0865171727850066,91,0.4999552692789408,684.5,0.0684534214780587,1.971716322364992
2021,1,cumulative,1,slow_conflict_half,0.4486602547729604,0.3706391670907282,0.151776269378377,0.1393097263709982,68,0.8285918769010556,1144.0,0.1144092910392173,1.882255275092157
2021,1,cumulative,1,chop_half,0.5168873458337029,0.4166604364577477,0.1573440820669193,0.1381823261153437,66,0.935543030953659,1345.0,0.1345119215023018,1.920794021986083
2021,1,cumulative,1,slow_conflict_half_matched_constant,0.4440540019056058,0.3674544372129228,0.1529778609353133,0.1392695175859955,91,0.828591876901056,1134.443768453073,0.1134537752000262,1.97169545353742
2021,1,cumulative,1,chop_half_matched_constant,0.514192873821069,0.4148825404423857,0.1709368712095653,0.1557715185027469,91,0.9355430309536588,1280.8729981211416,0.1280992811197406,1.9716886616173848
2021,1,cumulative,3,baseline,0.1847324905741865,0.1695170027516541,0.2255319336501505,0.2081661415107342,96,0.9999105385578816,1369.0,0.4108232142791742,0.7338919522550862
2021,1,cumulative,3,constant_075,0.1355996775539548,0.1271608616733091,0.174428559856216,0.1605835563512168,96,0.7499329039184112,1026.75,0.308094301099812,0.7340275556939122
2021,1,cumulative,3,constant_050,0.0884877102669956,0.0847893111069036,0.1199558584494717,0.1101442814310104,96,0.4999552692789408,684.5,0.2053807974085105,0.7341631328168605
2021,1,cumulative,3,slow_conflict_half,0.1523056175061592,0.1417648200638376,0.1892742541662816,0.1753814249678034,95,0.8285918769010556,1144.0,0.343283638066108,0.7038646082233434
2021,1,cumulative,3,chop_half,0.1590086612723701,0.1475650373860937,0.2010165569853304,0.1803918287796242,95,0.935543030953659,1345.0,0.4036073205739557,0.6633924206865973
2021,1,cumulative,3,slow_conflict_half_matched_constant,0.1508381212197816,0.1404904779893094,0.1908621474574267,0.1758562819761951,96,0.828591876901056,1134.443768453073,0.3404177344236396,0.7339848890056381
2021,1,cumulative,3,chop_half_matched_constant,0.1718832421417927,0.1586120634462349,0.2126834663098688,0.1961779016154622,96,0.9355430309536588,1280.8729981211416,0.3843697581158914,0.7339268717164791
2021,1,cumulative,5,baseline,-0.0992271268099616,-0.1045021361819908,0.2671564570185067,0.2486214087560134,201,0.9999105385578816,1369.0,0.6848423532128192,-0.4405265726409918
2021,1,cumulative,5,constant_075,-0.0753244676082186,-0.0783123787985997,0.2079290698647957,0.1929518386179242,201,0.7499329039184112,1026.75,0.513567541571721,-0.4401692575484615
2021,1,cumulative,5,constant_050,-0.05082818781245,-0.0521654512504869,0.1439224031514538,0.1331648230916038,201,0.4999552692789408,684.5,0.3423355597659011,-0.4398120556348143
2021,1,cumulative,5,slow_conflict_half,-0.0834914858009198,-0.087183921839276,0.2251258653731081,0.2099522334949308,201,0.8285918769010556,1144.0,0.5722323799692217,-0.4231450929304452
2021,1,cumulative,5,chop_half,-0.1145203735070449,-0.1216258299370291,0.2470233502069636,0.2318580857562935,242,0.935543030953659,1345.0,0.6727981878970786,-0.53322743978413
2021,1,cumulative,5,slow_conflict_half_matched_constant,-0.0829091463326813,-0.086548734569883,0.2270637356936959,0.2108992346752098,201,0.828591876901056,1134.443768453073,0.5674569469828321,-0.4402816795533903
2021,1,cumulative,5,chop_half_matched_constant,-0.093128359414703,-0.0977543597361592,0.2523424235468246,0.2346644168100163,201,0.9355430309536588,1280.8729981211416,0.6407361812982857,-0.440434555659491
2021,1,cumulative_simple_equity,0,baseline,0.7393865227057007,0.5535324779002656,0.1613704042040777,0.1459183417964075,66,0.9999105385578816,1369.0,0.0,2.495085718801762
2021,1,cumulative_simple_equity,0,slow_conflict_half,0.5912680074718759,0.4645311873827929,0.1347036011523062,0.1228042811765323,55,0.8285918769010556,1144.0,0.0,2.3875382226033937
2021,1,cumulative_simple_equity,0,chop_half,0.693618963878307,0.5268676381531942,0.1370060701446999,0.1184707447647257,54,0.935543030953659,1345.0,0.0,2.4605487617337305
2021,2,annual,0,baseline,0.3713500687555522,0.3157957062477083,0.193740415231469,0.1777361095150421,96,0.9999105385578816,1369.0,0.0,1.4053701320708225
2021,2,annual,0,constant_075,0.2672469349257229,0.2368467796857812,0.1491437998153127,0.1365078096310278,96,0.7499329039184112,1026.75,0.0,1.4053701320708225
2021,2,annual,0,constant_050,0.1710465698491893,0.1578978531238541,0.1020804129720017,0.0932123233716959,96,0.4999552692789408,684.5,0.0,1.4053701320708225
2021,2,annual,0,slow_conflict_half,0.3164072168218289,0.2749062203128506,0.1569713550276345,0.1441028098169921,73,0.8270710323850421,1145.0,0.0,1.4164489560085838
2021,2,annual,0,chop_half,0.3533818370135055,0.3026065244610512,0.1714359022068735,0.1624796152253215,68,0.9365718375380212,1352.0,0.0,1.4052020772636689
2021,2,annual,0,slow_conflict_half_matched_constant,0.2984988271806659,0.2612088489093732,0.1631624283990855,0.149445881210614,96,0.8270710323850421,1132.3615460320302,0.0,1.4053701320708225
2021,2,annual,0,chop_half_matched_constant,0.3441903033750008,0.2957918268504302,0.1826667262184136,0.1674798009893316,96,0.9365718375380206,1282.2815603471413,0.0,1.405370132070823
2021,2,annual,1,baseline,0.195879645274132,0.1788820194231013,0.2365455954751711,0.2202970459398039,132,0.9999105385578816,1369.0,0.136913686824607,0.7855956934000824
2021,2,annual,1,constant_075,0.1435804441926905,0.1341640811035541,0.1832525330206098,0.1702498382735763,132,0.7499329039184112,1026.75,0.1026826985822272,0.7856109823225336
2021,2,annual,1,constant_050,0.0935665639297683,0.0894444316457954,0.1262399665351963,0.1169908488220132,132,0.4999552692789408,684.5,0.0684534214780587,0.7856262702358424
2021,2,annual,1,slow_conflict_half,0.1739767525250297,0.1603969192720497,0.1842962481340806,0.1727397469646577,131,0.8270710323850421,1145.0,0.1145093010408009,0.8173063763396529
2021,2,annual,1,chop_half,0.1822206485429004,0.1673945754566659,0.2145152036266787,0.1976429323662381,130,0.9365718375380212,1352.0,0.1352119490043854,0.7675784719618345
2021,2,annual,1,slow_conflict_half_matched_constant,0.1594703782942151,0.1479633304222344,0.2000828936233186,0.1860267933061251,132,0.8270710323850421,1132.3615460320302,0.1132455184871387,0.7856062645726707
2021,2,annual,1,chop_half_matched_constant,0.1824063754337103,0.1675516631405235,0.2233805141773504,0.2079091375173537,132,0.9365718375380206,1282.2815603471413,0.1282401637099067,0.7855995673640562
2021,2,annual,3,baseline,-0.0906520802470097,-0.0950275080314658,0.3193777427390517,0.305549256277826,242,0.9999105385578816,1369.0,0.4108232142791742,-0.4064292127632955
2021,2,annual,3,constant_075,-0.0687686361055489,-0.0712475214140307,0.2506515386790285,0.2392586190199369,242,0.7499329039184112,1026.75,0.3080943010998121,-0.4062986371526477
2021,2,annual,3,constant_050,-0.046373262219893,-0.0474829442846563,0.174991000949078,0.1666476527604588,242,0.4999552692789408,684.5,0.2053807974085105,-0.4061680868799473
2021,2,annual,3,slow_conflict_half,-0.0663722808049402,-0.0686775077960297,0.2574269875150851,0.2460020416429409,201,0.8270710323850421,1145.0,0.3435837281088804,-0.3422039957892442
2021,2,annual,3,chop_half,-0.0979641761328203,-0.1031010436691725,0.3068051691672295,0.2975736111666747,242,0.9365718375380212,1352.0,0.4057075681302238,-0.4609784547350579
2021,2,annual,3,slow_conflict_half_matched_constant,-0.0755755103471463,-0.0785839084481343,0.2725680700940818,0.2603622796944309,242,0.8270710323850421,1132.3615460320302,0.3397927573575075,-0.4063389274868158
2021,2,annual,3,chop_half_matched_constant,-0.0851551009686157,-0.089000737330251,0.3025839566129596,0.2893194098327644,242,0.9365718375380206,1282.2815603471413,0.3847925641806813,-0.4063961254480751
2021,2,annual,5,baseline,-0.3086068416944513,-0.3690466469651108,0.4178349071166907,0.4097234179899076,242,0.9999105385578816,1369.0,0.6848423532128192,-1.53728022296987
2021,2,annual,5,constant_075,-0.2417337956243704,-0.2767207618859396,0.3334983144282619,0.3265455685204622,242,0.7499329039184112,1026.75,0.513567541571721,-1.5369361835212456
2021,2,annual,5,constant_050,-0.1684282603179602,-0.1844377066420469,0.2369636075584487,0.2316663757875165,242,0.4999552692789408,684.5,0.3423355597659011,-1.536592253041055
2021,2,annual,5,slow_conflict_half,-0.2575697928698938,-0.2978264098544597,0.3412715513026913,0.3349299642333339,242,0.8270710323850421,1145.0,0.5727326301673104,-1.4509578974990989
2021,2,annual,5,chop_half,-0.3118114003362329,-0.3736923511965828,0.4096011685158111,0.401259402589838,242,0.9365718375380212,1352.0,0.676298875657634,-1.6292307463751174
2021,2,annual,5,slow_conflict_half_matched_constant,-0.2630285491536135,-0.3052061245222195,0.3607484605868347,0.3533900851540834,242,0.8270710323850421,1132.3615460320302,0.5664149734315926,-1.5370423356281409
2021,2,annual,5,chop_half_matched_constant,-0.2922393413844588,-0.3456492952440548,0.3975313859951029,0.3896722275272965,242,0.9365718375380206,1282.2815603471413,0.6414411220944851,-1.537193040813826
2021,2,cumulative,0,baseline,0.3713500687555522,0.3157957062477083,0.193740415231469,0.1777361095150421,96,0.9999105385578816,1369.0,0.0,1.4053701320708225
2021,2,cumulative,0,constant_075,0.2672469349257229,0.2368467796857812,0.1491437998153127,0.1365078096310278,96,0.7499329039184112,1026.75,0.0,1.4053701320708225
2021,2,cumulative,0,constant_050,0.1710465698491893,0.1578978531238541,0.1020804129720017,0.0932123233716959,96,0.4999552692789408,684.5,0.0,1.4053701320708225
2021,2,cumulative,0,slow_conflict_half,0.3164072168218289,0.2749062203128506,0.1569713550276345,0.1441028098169921,73,0.8270710323850421,1145.0,0.0,1.4164489560085838
2021,2,cumulative,0,chop_half,0.3533818370135055,0.3026065244610512,0.1714359022068735,0.1624796152253215,68,0.9365718375380212,1352.0,0.0,1.4052020772636689
2021,2,cumulative,0,slow_conflict_half_matched_constant,0.2984988271806659,0.2612088489093732,0.1631624283990855,0.149445881210614,96,0.8270710323850421,1132.3615460320302,0.0,1.4053701320708225
2021,2,cumulative,0,chop_half_matched_constant,0.3441903033750008,0.2957918268504302,0.1826667262184136,0.1674798009893316,96,0.9365718375380206,1282.2815603471413,0.0,1.405370132070823
2021,2,cumulative,1,baseline,0.195879645274132,0.1788820194231013,0.2365455954751711,0.2202970459398039,132,0.9999105385578816,1369.0,0.136913686824607,0.7855956934000824
2021,2,cumulative,1,constant_075,0.1435804441926905,0.1341640811035541,0.1832525330206098,0.1702498382735763,132,0.7499329039184112,1026.75,0.1026826985822272,0.7856109823225336
2021,2,cumulative,1,constant_050,0.0935665639297683,0.0894444316457954,0.1262399665351963,0.1169908488220132,132,0.4999552692789408,684.5,0.0684534214780587,0.7856262702358424
2021,2,cumulative,1,slow_conflict_half,0.1739767525250297,0.1603969192720497,0.1842962481340806,0.1727397469646577,131,0.8270710323850421,1145.0,0.1145093010408009,0.8173063763396529
2021,2,cumulative,1,chop_half,0.1822206485429004,0.1673945754566659,0.2145152036266787,0.1976429323662381,130,0.9365718375380212,1352.0,0.1352119490043854,0.7675784719618345
2021,2,cumulative,1,slow_conflict_half_matched_constant,0.1594703782942151,0.1479633304222344,0.2000828936233186,0.1860267933061251,132,0.8270710323850421,1132.3615460320302,0.1132455184871387,0.7856062645726707
2021,2,cumulative,1,chop_half_matched_constant,0.1824063754337103,0.1675516631405235,0.2233805141773504,0.2079091375173537,132,0.9365718375380206,1282.2815603471413,0.1282401637099067,0.7855995673640562
2021,2,cumulative,3,baseline,-0.0906520802470097,-0.0950275080314658,0.3193777427390517,0.305549256277826,242,0.9999105385578816,1369.0,0.4108232142791742,-0.4064292127632955
2021,2,cumulative,3,constant_075,-0.0687686361055489,-0.0712475214140307,0.2506515386790285,0.2392586190199369,242,0.7499329039184112,1026.75,0.3080943010998121,-0.4062986371526477
2021,2,cumulative,3,constant_050,-0.046373262219893,-0.0474829442846563,0.174991000949078,0.1666476527604588,242,0.4999552692789408,684.5,0.2053807974085105,-0.4061680868799473
2021,2,cumulative,3,slow_conflict_half,-0.0663722808049402,-0.0686775077960297,0.2574269875150851,0.2460020416429409,201,0.8270710323850421,1145.0,0.3435837281088804,-0.3422039957892442
2021,2,cumulative,3,chop_half,-0.0979641761328203,-0.1031010436691725,0.3068051691672295,0.2975736111666747,242,0.9365718375380212,1352.0,0.4057075681302238,-0.4609784547350579
2021,2,cumulative,3,slow_conflict_half_matched_constant,-0.0755755103471463,-0.0785839084481343,0.2725680700940818,0.2603622796944309,242,0.8270710323850421,1132.3615460320302,0.3397927573575075,-0.4063389274868158
2021,2,cumulative,3,chop_half_matched_constant,-0.0851551009686157,-0.089000737330251,0.3025839566129596,0.2893194098327644,242,0.9365718375380206,1282.2815603471413,0.3847925641806813,-0.4063961254480751
2021,2,cumulative,5,baseline,-0.3086068416944513,-0.3690466469651108,0.4178349071166907,0.4097234179899076,242,0.9999105385578816,1369.0,0.6848423532128192,-1.53728022296987
2021,2,cumulative,5,constant_075,-0.2417337956243704,-0.2767207618859396,0.3334983144282619,0.3265455685204622,242,0.7499329039184112,1026.75,0.513567541571721,-1.5369361835212456
2021,2,cumulative,5,constant_050,-0.1684282603179602,-0.1844377066420469,0.2369636075584487,0.2316663757875165,242,0.4999552692789408,684.5,0.3423355597659011,-1.536592253041055
2021,2,cumulative,5,slow_conflict_half,-0.2575697928698938,-0.2978264098544597,0.3412715513026913,0.3349299642333339,242,0.8270710323850421,1145.0,0.5727326301673104,-1.4509578974990989
2021,2,cumulative,5,chop_half,-0.3118114003362329,-0.3736923511965828,0.4096011685158111,0.401259402589838,242,0.9365718375380212,1352.0,0.676298875657634,-1.6292307463751174
2021,2,cumulative,5,slow_conflict_half_matched_constant,-0.2630285491536135,-0.3052061245222195,0.3607484605868347,0.3533900851540834,242,0.8270710323850421,1132.3615460320302,0.5664149734315926,-1.5370423356281409
2021,2,cumulative,5,chop_half_matched_constant,-0.2922393413844588,-0.3456492952440548,0.3975313859951029,0.3896722275272965,242,0.9365718375380206,1282.2815603471413,0.6414411220944851,-1.537193040813826
2021,2,cumulative_simple_equity,0,baseline,0.3339083031390405,0.288113206854267,0.199425889822797,0.1828694422949882,96,0.9999105385578816,1369.0,0.0,1.2827205317453862
2021,2,cumulative_simple_equity,0,slow_conflict_half,0.2895826760120399,0.2543186590665023,0.1589956413647418,0.1459930483504155,73,0.8270710323850421,1145.0,0.0,1.3113574675917912
2021,2,cumulative_simple_equity,0,chop_half,0.3199874330988391,0.2776222161732931,0.1761542053386166,0.1646166533262038,73,0.9365718375380212,1352.0,0.0,1.2899612967731624
2021,3,annual,0,baseline,0.2779687482849126,0.2452719020451691,0.17492919632128,0.1485223072860938,95,0.9999105385578816,1365.0,0.0,1.0795720802969555
2021,3,annual,0,constant_075,0.201960443336775,0.1839539265338768,0.1342980127889466,0.1135995742211635,95,0.7499329039184112,1023.75,0.0,1.0795720802969553
2021,3,annual,0,constant_050,0.1304727985603689,0.1226359510225845,0.0916659184646213,0.0772445108730557,95,0.4999552692789408,682.5,0.0,1.0795720802969555
2021,3,annual,0,slow_conflict_half,0.2167779272587678,0.1962063218072637,0.143733694217119,0.1224550232550308,85,0.8300232599749507,1145.0,0.0,0.9908417557402326
2021,3,annual,0,chop_half,0.2388046561889589,0.2141469277383253,0.1412290920344743,0.1298727775319052,66,0.9364376453748434,1340.0,0.0,0.980344711240356
2021,3,annual,0,slow_conflict_half_matched_constant,0.2258072395470828,0.2035995980294425,0.1475290897035465,0.1249416599661804,95,0.8300232599749507,1133.083117115505,0.0,1.0795720802969555
2021,3,annual,0,chop_half_matched_constant,0.2582254961478741,0.229702391935028,0.1647966311714888,0.1397874478010372,95,0.9364376453748434,1278.351749127673,0.0,1.0795720802969553
2021,3,annual,1,baseline,0.1148927982536925,0.1087582552258963,0.2026765736752885,0.1774419448183009,184,0.9999105385578816,1365.0,0.1365136468192728,0.4725849357462767
2021,3,annual,1,constant_075,0.0849905208971099,0.0815712504538999,0.1562256164056386,0.1362752661617928,184,0.7499329039184112,1023.75,0.1023826760799769,0.4725999141584585
2021,3,annual,1,constant_050,0.0558884439925578,0.0543825395451925,0.1070690981485737,0.0930489207894339,184,0.4999552692789408,682.5,0.068253411477392,0.4726148915817455
2021,3,annual,1,slow_conflict_half,0.0851269565142872,0.0816969907594614,0.1730089523806667,0.1529199690441691,191,0.8300232599749507,1145.0,0.1145093310478023,0.4078818956119253
2021,3,annual,1,chop_half,0.083433355146573,0.0801350312391907,0.1782393410883709,0.1522312939744216,96,0.9364376453748434,1340.0,0.1340118964991346,0.3623521791231052
2021,3,annual,1,slow_conflict_half_matched_constant,0.0944827563397458,0.0902818830277508,0.1713952935451101,0.1496841003167856,184,0.8300232599749507,1133.083117115505,0.1133177150016917,0.4725951153313462
2021,3,annual,1,chop_half_matched_constant,0.1072231872185142,0.1018552478752364,0.1911299319533329,0.1671787388547025,184,0.9364376453748434,1278.351749127673,0.1278471440597914,0.4725887390728204
2021,3,annual,3,baseline,-0.1515557936436451,-0.1643509520899402,0.2872756885742749,0.263723893484613,216,0.9999105385578816,1365.0,0.4096228541351093,-0.6960121482917345
2021,3,annual,3,constant_075,-0.1159486873148422,-0.1232401720051647,0.2242972767820922,0.2051498632248304,216,0.7499329039184112,1023.75,0.3071940985390416,-0.6958840545463033
2021,3,annual,3,constant_050,-0.0788613916343729,-0.0821447563679219,0.1557592692497937,0.1419222314291093,216,0.4999552692789408,682.5,0.2047807073905064,-0.6957559856760465
2021,3,annual,3,slow_conflict_half,-0.1370320068613648,-0.147377676490729,0.2439066409420624,0.2246096907684747,201,0.8300232599749507,1145.0,0.3435839982979928,-0.7191073003413325
2021,3,annual,3,chop_half,-0.1713522865218644,-0.1879601677500837,0.2613590465259559,0.2486201541983847,242,0.9364376453748434,1340.0,0.4021070954884091,-0.8292079842466008
2021,3,annual,3,slow_conflict_half_matched_constant,-0.1275151469469168,-0.1364099854538606,0.2450578498667954,0.2244061206467097,216,0.8300232599749507,1133.083117115505,0.3400095834833032,-0.695925091803962
2021,3,annual,3,chop_half_matched_constant,-0.1426515772469253,-0.1539108820357931,0.2717856828927509,0.2492725935821429,216,0.9364376453748434,1278.351749127673,0.3836132739708211,-0.6959796211028803
2021,3,annual,5,baseline,-0.354396312628339,-0.437569450500483,0.3974465166323491,0.3876520418741029,242,0.9999105385578816,1365.0,0.682841352545652,-1.8060935543171932
2021,3,annual,5,constant_075,-0.2797184143562903,-0.3281130522564358,0.3160540048390854,0.3077328337889684,242,0.7499329039184112,1023.75,0.5120669787903127,-1.8057556165574304
2021,3,annual,5,constant_050,-0.1964367338206963,-0.2186993586599519,0.2236969814316407,0.2174132285527926,242,0.4999552692789408,682.5,0.3413353096825365,-1.8054177859678815
2021,3,annual,5,slow_conflict_half,-0.3137594517093569,-0.3765270592359145,0.3573874616172596,0.3482945508798705,242,0.8300232599749507,1145.0,0.5727333810431784,-1.7953936158266983
2021,3,annual,5,chop_half,-0.3662816301077892,-0.4561506347625602,0.4036107388819202,0.3939164632278109,242,0.9364376453748434,1340.0,0.6702975625008856,-1.9634611039240144
2021,3,annual,5,slow_conflict_half_matched_constant,-0.3045367765708358,-0.3631771469043386,0.3432595255815517,0.3344102547194941,242,0.8300232599749507,1133.083117115505,0.5667767449337812,-1.8058638767951936
2021,3,annual,5,chop_half_matched_constant,-0.3361989917841488,-0.4097728608425637,0.3777439484875859,0.3682761755401469,242,0.9364376453748434,1278.351749127673,0.6394752527775918,-1.8060077369369865
2021,3,cumulative,0,baseline,0.2779687482849126,0.2452719020451691,0.17492919632128,0.1485223072860938,95,0.9999105385578816,1365.0,0.0,1.0795720802969555
2021,3,cumulative,0,constant_075,0.201960443336775,0.1839539265338768,0.1342980127889466,0.1135995742211635,95,0.7499329039184112,1023.75,0.0,1.0795720802969553
2021,3,cumulative,0,constant_050,0.1304727985603689,0.1226359510225845,0.0916659184646213,0.0772445108730557,95,0.4999552692789408,682.5,0.0,1.0795720802969555
2021,3,cumulative,0,slow_conflict_half,0.2167779272587678,0.1962063218072637,0.143733694217119,0.1224550232550308,85,0.8300232599749507,1145.0,0.0,0.9908417557402326
2021,3,cumulative,0,chop_half,0.2388046561889589,0.2141469277383253,0.1412290920344743,0.1298727775319052,66,0.9364376453748434,1340.0,0.0,0.980344711240356
2021,3,cumulative,0,slow_conflict_half_matched_constant,0.2258072395470828,0.2035995980294425,0.1475290897035465,0.1249416599661804,95,0.8300232599749507,1133.083117115505,0.0,1.0795720802969555
2021,3,cumulative,0,chop_half_matched_constant,0.2582254961478741,0.229702391935028,0.1647966311714888,0.1397874478010372,95,0.9364376453748434,1278.351749127673,0.0,1.0795720802969553
2021,3,cumulative,1,baseline,0.1148927982536925,0.1087582552258963,0.2026765736752885,0.1774419448183009,184,0.9999105385578816,1365.0,0.1365136468192728,0.4725849357462767
2021,3,cumulative,1,constant_075,0.0849905208971099,0.0815712504538999,0.1562256164056386,0.1362752661617928,184,0.7499329039184112,1023.75,0.1023826760799769,0.4725999141584585
2021,3,cumulative,1,constant_050,0.0558884439925578,0.0543825395451925,0.1070690981485737,0.0930489207894339,184,0.4999552692789408,682.5,0.068253411477392,0.4726148915817455
2021,3,cumulative,1,slow_conflict_half,0.0851269565142872,0.0816969907594614,0.1730089523806667,0.1529199690441691,191,0.8300232599749507,1145.0,0.1145093310478023,0.4078818956119253
2021,3,cumulative,1,chop_half,0.083433355146573,0.0801350312391907,0.1782393410883709,0.1522312939744216,96,0.9364376453748434,1340.0,0.1340118964991346,0.3623521791231052
2021,3,cumulative,1,slow_conflict_half_matched_constant,0.0944827563397458,0.0902818830277508,0.1713952935451101,0.1496841003167856,184,0.8300232599749507,1133.083117115505,0.1133177150016917,0.4725951153313462
2021,3,cumulative,1,chop_half_matched_constant,0.1072231872185142,0.1018552478752364,0.1911299319533329,0.1671787388547025,184,0.9364376453748434,1278.351749127673,0.1278471440597914,0.4725887390728204
2021,3,cumulative,3,baseline,-0.1515557936436451,-0.1643509520899402,0.2872756885742749,0.263723893484613,216,0.9999105385578816,1365.0,0.4096228541351093,-0.6960121482917345
2021,3,cumulative,3,constant_075,-0.1159486873148422,-0.1232401720051647,0.2242972767820922,0.2051498632248304,216,0.7499329039184112,1023.75,0.3071940985390416,-0.6958840545463033
2021,3,cumulative,3,constant_050,-0.0788613916343729,-0.0821447563679219,0.1557592692497937,0.1419222314291093,216,0.4999552692789408,682.5,0.2047807073905064,-0.6957559856760465
2021,3,cumulative,3,slow_conflict_half,-0.1370320068613648,-0.147377676490729,0.2439066409420624,0.2246096907684747,201,0.8300232599749507,1145.0,0.3435839982979928,-0.7191073003413325
2021,3,cumulative,3,chop_half,-0.1713522865218644,-0.1879601677500837,0.2613590465259559,0.2486201541983847,242,0.9364376453748434,1340.0,0.4021070954884091,-0.8292079842466008
2021,3,cumulative,3,slow_conflict_half_matched_constant,-0.1275151469469168,-0.1364099854538606,0.2450578498667954,0.2244061206467097,216,0.8300232599749507,1133.083117115505,0.3400095834833032,-0.695925091803962
2021,3,cumulative,3,chop_half_matched_constant,-0.1426515772469253,-0.1539108820357931,0.2717856828927509,0.2492725935821429,216,0.9364376453748434,1278.351749127673,0.3836132739708211,-0.6959796211028803
2021,3,cumulative,5,baseline,-0.354396312628339,-0.437569450500483,0.3974465166323491,0.3876520418741029,242,0.9999105385578816,1365.0,0.682841352545652,-1.8060935543171932
2021,3,cumulative,5,constant_075,-0.2797184143562903,-0.3281130522564358,0.3160540048390854,0.3077328337889684,242,0.7499329039184112,1023.75,0.5120669787903127,-1.8057556165574304
2021,3,cumulative,5,constant_050,-0.1964367338206963,-0.2186993586599519,0.2236969814316407,0.2174132285527926,242,0.4999552692789408,682.5,0.3413353096825365,-1.8054177859678815
2021,3,cumulative,5,slow_conflict_half,-0.3137594517093569,-0.3765270592359145,0.3573874616172596,0.3482945508798705,242,0.8300232599749507,1145.0,0.5727333810431784,-1.7953936158266983
2021,3,cumulative,5,chop_half,-0.3662816301077892,-0.4561506347625602,0.4036107388819202,0.3939164632278109,242,0.9364376453748434,1340.0,0.6702975625008856,-1.9634611039240144
2021,3,cumulative,5,slow_conflict_half_matched_constant,-0.3045367765708358,-0.3631771469043386,0.3432595255815517,0.3344102547194941,242,0.8300232599749507,1133.083117115505,0.5667767449337812,-1.8058638767951936
2021,3,cumulative,5,chop_half_matched_constant,-0.3361989917841488,-0.4097728608425637,0.3777439484875859,0.3682761755401469,242,0.9364376453748434,1278.351749127673,0.6394752527775918,-1.8060077369369865
2021,3,cumulative_simple_equity,0,baseline,0.2446058185243186,0.2188188681575745,0.1775531365788215,0.1509915429221361,95,0.9999105385578816,1365.0,0.0,0.9632494637966768
2021,3,cumulative_simple_equity,0,slow_conflict_half,0.1931560565364769,0.1766019447339481,0.1459417245615182,0.1244845397176141,86,0.8300232599749507,1145.0,0.0,0.8921410612187848
2021,3,cumulative_simple_equity,0,chop_half,0.2095682464746159,0.1902634748374962,0.1428178007769016,0.1314893715227835,86,0.9364376453748434,1340.0,0.0,0.8713276556594219
2021,4,annual,0,baseline,0.6301617426794239,0.4886792385335187,0.110435052990096,0.0855150505786201,53,0.9999105385578816,1353.0,0.0,2.2525653070145664
2021,4,annual,0,constant_075,0.4426900034661372,0.3665094289001391,0.0840257898066779,0.0648475377436978,53,0.7499329039184112,1014.75,0.0,2.2525653070145664
2021,4,annual,0,constant_050,0.2767778752310144,0.2443396192667593,0.0568324926027699,0.0437129356613779,53,0.4999552692789408,676.5,0.0,2.2525653070145664
2021,4,annual,0,slow_conflict_half,0.4944605182169175,0.4017652843379695,0.1046883670037554,0.0925147127581868,50,0.8290391841116479,1132.0,0.0,2.110426898602096
2021,4,annual,0,chop_half,0.519338444713455,0.4182750063753414,0.1212703591191211,0.1099623707221023,44,0.9398819108964036,1332.0,0.0,2.0067784634410315
2021,4,annual,0,slow_conflict_half_matched_constant,0.4995581294466773,0.4051704843419628,0.0924668031355131,0.0714378667383215,53,0.8290391841116479,1121.7903730875903,0.0,2.2525653070145664
2021,4,annual,0,chop_half_matched_constant,0.5830318012309884,0.4593418699143911,0.1041635491546376,0.0805940955837238,53,0.939881910896404,1271.774000178939,0.0,2.252565307014566
2021,4,annual,1,baseline,0.4238517675221488,0.3533657117302483,0.1322271044994895,0.0978402097801386,65,0.9999105385578816,1353.0,0.1353135268032704,1.6072001519243009
2021,4,annual,1,constant_075,0.3034659346920503,0.2650268203269129,0.1009066970681863,0.0743159292441704,65,0.7499329039184112,1014.75,0.1014826085732261,1.607216072537849
2021,4,annual,1,constant_050,0.1932566355474574,0.1766862377913675,0.0684561353565718,0.0501785189002219,65,0.4999552692789408,676.5,0.0676533814753919,1.607231992100554
2021,4,annual,1,slow_conflict_half,0.3344991705315217,0.2885560683047526,0.1126546912415534,0.0992058901842403,54,0.8290391841116479,1132.0,0.1132092160332168,1.4985871713890893
2021,4,annual,1,chop_half,0.3298459685056074,0.2850631223731226,0.1292312458177597,0.1180257025986776,95,0.9398819108964036,1332.0,0.1332118840022188,1.3504931324052447
2021,4,annual,1,slow_conflict_half_matched_constant,0.34041886176934,0.2929821485287595,0.1109384841946031,0.0818258349331916,65,0.8290391841116479,1121.7903730875903,0.1121883358132033,1.6072110345187252
2021,4,annual,1,chop_half_matched_constant,0.3939654379201023,0.332152518573367,0.1248069282103544,0.092246282582312,65,0.939881910896404,1271.774000178939,0.127189351341024,1.6072039751325335
2021,4,annual,3,baseline,0.0861696935006748,0.0826574648306038,0.1795090724668604,0.1666811912202094,160,0.9999105385578816,1353.0,0.4060217737029149,0.3660091363578131
2021,4,annual,3,constant_075,0.0639793023412047,0.062015938043409,0.1378974473253044,0.1278083822907903,160,0.7499329039184112,1014.75,0.30449349085673,0.3661450859018165
2021,4,annual,3,constant_050,0.0422263872093814,0.041359181930265,0.0941804647621072,0.0871271613931235,160,0.4999552692789408,676.5,0.2029804373364943,0.3662810090693333
2021,4,annual,3,slow_conflict_half,0.0640499352391054,0.0620823214338994,0.1479704566458479,0.1293211809846647,137,0.8290391841116479,1132.0,0.3396829629040701,0.3151079815249692
2021,4,annual,3,chop_half,0.0187414809737431,0.0185680233036091,0.1923126333813667,0.181428031569126,193,0.9398819108964036,1332.0,0.3997069830717323,0.0857654233396408
2021,4,annual,3,slow_conflict_half_matched_constant,0.0709538150884981,0.0685496673691128,0.1512883932703518,0.140301527023121,160,0.8290391841116479,1121.7903730875903,0.33662081697285,0.3661020670553229
2021,4,annual,3,chop_half_matched_constant,0.0808006196451149,0.0777020809844824,0.1697032093854979,0.1575070698702801,160,0.939881910896404,1271.774000178939,0.3816397889299086,0.3660417851435695
2021,4,annual,5,baseline,-0.171517124831116,-0.1881591120106321,0.2837094609457443,0.2731399786496958,242,0.9999105385578816,1353.0,0.6768383505441509,-0.8111507046923541
2021,4,annual,5,constant_075,-0.1315592021028829,-0.1410558615459487,0.2213666299237998,0.2127662604355684,242,0.7499329039184112,1014.75,0.5075652904460879,-0.81079265267313
2021,4,annual,5,constant_050,-0.0897126318676222,-0.0939949401656833,0.1536186751586442,0.1473982810280794,242,0.4999552692789408,676.5,0.3383345594324427,-0.8104347140028164
2021,4,annual,5,slow_conflict_half,-0.1516527379499969,-0.1644652198809591,0.2310744411321939,0.2216100255995873,242,0.8290391841116479,1132.0,0.5662305042189286,-0.8157182120071498
2021,4,annual,5,chop_half,-0.2196574148644801,-0.2480222440115257,0.304751886771923,0.2948181739488689,242,0.9398819108964036,1332.0,0.6662972503868673,-1.116903944792853
2021,4,annual,5,slow_conflict_half_matched_constant,-0.1444042487954747,-0.1559572676528301,0.2416587153093956,0.2323932395751071,242,0.8290391841116479,1121.7903730875903,0.561127751994793,-0.8109059472009497
2021,4,annual,5,chop_half_matched_constant,-0.1620895645233361,-0.1768440631181403,0.2692082511789953,0.2590768827975094,242,0.939881910896404,1271.774000178939,0.6361859330325313,-0.8110647131702676
2021,4,cumulative,0,baseline,0.6301617426794239,0.4886792385335187,0.110435052990096,0.0855150505786201,53,0.9999105385578816,1353.0,0.0,2.2525653070145664
2021,4,cumulative,0,constant_075,0.4426900034661372,0.3665094289001391,0.0840257898066779,0.0648475377436978,53,0.7499329039184112,1014.75,0.0,2.2525653070145664
2021,4,cumulative,0,constant_050,0.2767778752310144,0.2443396192667593,0.0568324926027699,0.0437129356613779,53,0.4999552692789408,676.5,0.0,2.2525653070145664
2021,4,cumulative,0,slow_conflict_half,0.4944605182169175,0.4017652843379695,0.1046883670037554,0.0925147127581868,50,0.8290391841116479,1132.0,0.0,2.110426898602096
2021,4,cumulative,0,chop_half,0.519338444713455,0.4182750063753414,0.1212703591191211,0.1099623707221023,44,0.9398819108964036,1332.0,0.0,2.0067784634410315
2021,4,cumulative,0,slow_conflict_half_matched_constant,0.4995581294466773,0.4051704843419628,0.0924668031355131,0.0714378667383215,53,0.8290391841116479,1121.7903730875903,0.0,2.2525653070145664
2021,4,cumulative,0,chop_half_matched_constant,0.5830318012309884,0.4593418699143911,0.1041635491546376,0.0805940955837238,53,0.939881910896404,1271.774000178939,0.0,2.252565307014566
2021,4,cumulative,1,baseline,0.4238517675221488,0.3533657117302483,0.1322271044994895,0.0978402097801386,65,0.9999105385578816,1353.0,0.1353135268032704,1.6072001519243009
2021,4,cumulative,1,constant_075,0.3034659346920503,0.2650268203269129,0.1009066970681863,0.0743159292441704,65,0.7499329039184112,1014.75,0.1014826085732261,1.607216072537849
2021,4,cumulative,1,constant_050,0.1932566355474574,0.1766862377913675,0.0684561353565718,0.0501785189002219,65,0.4999552692789408,676.5,0.0676533814753919,1.607231992100554
2021,4,cumulative,1,slow_conflict_half,0.3344991705315217,0.2885560683047526,0.1126546912415534,0.0992058901842403,54,0.8290391841116479,1132.0,0.1132092160332168,1.4985871713890893
2021,4,cumulative,1,chop_half,0.3298459685056074,0.2850631223731226,0.1292312458177597,0.1180257025986776,95,0.9398819108964036,1332.0,0.1332118840022188,1.3504931324052447
2021,4,cumulative,1,slow_conflict_half_matched_constant,0.34041886176934,0.2929821485287595,0.1109384841946031,0.0818258349331916,65,0.8290391841116479,1121.7903730875903,0.1121883358132033,1.6072110345187252
2021,4,cumulative,1,chop_half_matched_constant,0.3939654379201023,0.332152518573367,0.1248069282103544,0.092246282582312,65,0.939881910896404,1271.774000178939,0.127189351341024,1.6072039751325335
2021,4,cumulative,3,baseline,0.0861696935006748,0.0826574648306038,0.1795090724668604,0.1666811912202094,160,0.9999105385578816,1353.0,0.4060217737029149,0.3660091363578131
2021,4,cumulative,3,constant_075,0.0639793023412047,0.062015938043409,0.1378974473253044,0.1278083822907903,160,0.7499329039184112,1014.75,0.30449349085673,0.3661450859018165
2021,4,cumulative,3,constant_050,0.0422263872093814,0.041359181930265,0.0941804647621072,0.0871271613931235,160,0.4999552692789408,676.5,0.2029804373364943,0.3662810090693333
2021,4,cumulative,3,slow_conflict_half,0.0640499352391054,0.0620823214338994,0.1479704566458479,0.1293211809846647,137,0.8290391841116479,1132.0,0.3396829629040701,0.3151079815249692
2021,4,cumulative,3,chop_half,0.0187414809737431,0.0185680233036091,0.1923126333813667,0.181428031569126,193,0.9398819108964036,1332.0,0.3997069830717323,0.0857654233396408
2021,4,cumulative,3,slow_conflict_half_matched_constant,0.0709538150884981,0.0685496673691128,0.1512883932703518,0.140301527023121,160,0.8290391841116479,1121.7903730875903,0.33662081697285,0.3661020670553229
2021,4,cumulative,3,chop_half_matched_constant,0.0808006196451149,0.0777020809844824,0.1697032093854979,0.1575070698702801,160,0.939881910896404,1271.774000178939,0.3816397889299086,0.3660417851435695
2021,4,cumulative,5,baseline,-0.171517124831116,-0.1881591120106321,0.2837094609457443,0.2731399786496958,242,0.9999105385578816,1353.0,0.6768383505441509,-0.8111507046923541
2021,4,cumulative,5,constant_075,-0.1315592021028829,-0.1410558615459487,0.2213666299237998,0.2127662604355684,242,0.7499329039184112,1014.75,0.5075652904460879,-0.81079265267313
2021,4,cumulative,5,constant_050,-0.0897126318676222,-0.0939949401656833,0.1536186751586442,0.1473982810280794,242,0.4999552692789408,676.5,0.3383345594324427,-0.8104347140028164
2021,4,cumulative,5,slow_conflict_half,-0.1516527379499969,-0.1644652198809591,0.2310744411321939,0.2216100255995873,242,0.8290391841116479,1132.0,0.5662305042189286,-0.8157182120071498
2021,4,cumulative,5,chop_half,-0.2196574148644801,-0.2480222440115257,0.304751886771923,0.2948181739488689,242,0.9398819108964036,1332.0,0.6662972503868673,-1.116903944792853
2021,4,cumulative,5,slow_conflict_half_matched_constant,-0.1444042487954747,-0.1559572676528301,0.2416587153093956,0.2323932395751071,242,0.8290391841116479,1121.7903730875903,0.561127751994793,-0.8109059472009497
2021,4,cumulative,5,chop_half_matched_constant,-0.1620895645233361,-0.1768440631181403,0.2692082511789953,0.2590768827975094,242,0.939881910896404,1271.774000178939,0.6361859330325313,-0.8110647131702676
2021,4,cumulative_simple_equity,0,baseline,0.5858894314486657,0.4611454054284971,0.1140437136817897,0.0875362825586453,53,0.9999105385578816,1353.0,0.0,2.1240211264275763
2021,4,cumulative_simple_equity,0,slow_conflict_half,0.4633599429386085,0.380735122494146,0.1059427629405944,0.0938208861960335,50,0.8290391841116479,1132.0,0.0,1.9986132249003596
2021,4,cumulative_simple_equity,0,chop_half,0.4817203656451991,0.393203821921247,0.1228131746689482,0.1115319871902576,50,0.9398819108964036,1332.0,0.0,1.8849887280970317
2022,0,annual,0,baseline,0.7403667883669753,0.5540958889237344,0.1432380473341725,0.1163695888702458,50,1.0,1368.0,0.0,2.0965936329465267
2022,0,annual,0,constant_075,0.5152370823117418,0.4155719166928007,0.1094770240135641,0.0886126618929237,50,0.75,1026.0,0.0,2.096593632946527
2022,0,annual,0,constant_050,0.3192296192729207,0.2770479444618672,0.0743856350154091,0.0599838240063343,50,0.5,684.0,0.0,2.0965936329465267
2022,0,annual,0,slow_conflict_half,0.6866256234443971,0.522729860408943,0.1067691345686434,0.0819392238495979,56,0.8385416666666666,1133.0,0.0,2.3478178579197184
2022,0,annual,0,chop_half,0.6943981349749462,0.5273275951650048,0.1188802527790471,0.0913242516237262,50,0.9347451790633609,1363.0,0.0,2.0893824380752823
2022,0,annual,0,slow_conflict_half_matched_constant,0.5914292155553288,0.4646324901912563,0.1215835569858169,0.0985415691297832,50,0.8385416666666666,1147.125,0.0,2.096593632946527
2022,0,annual,0,chop_half_matched_constant,0.6785636557553313,0.5179384609102882,0.1345512212301272,0.1092070873564811,50,0.9347451790633609,1278.7314049586776,0.0,2.096593632946527
2022,0,annual,1,baseline,0.5178307951262695,0.4172822070994607,0.1515941383779796,0.1259629889521772,51,1.0,1368.0,0.1368136818242736,1.5593625697617297
2022,0,annual,1,constant_075,0.3674726032450409,0.3129642209232141,0.1159988599273383,0.0960436560228959,51,0.75,1026.0,0.1026076957695865,1.5593758380788612
2022,0,annual,1,constant_050,0.2320069720586749,0.20864452423385,0.0789102772128261,0.0651002771075006,51,0.5,684.0,0.0684034202280171,1.559389105519495
2022,0,annual,1,slow_conflict_half,0.5059450997830385,0.409420674385895,0.1137097855216111,0.0896193185537442,58,0.8385416666666666,1133.0,0.1133091860230479,1.818040724935851
2022,0,annual,1,chop_half,0.4784814831340168,0.3910155361426995,0.1265133347686806,0.100380007259144,74,0.9347451790633609,1363.0,0.1363120590223052,1.5310329202584103
2022,0,annual,1,slow_conflict_half_matched_constant,0.4189403632610478,0.3499103699945561,0.1287731485572778,0.106755429245207,51,0.8385416666666666,1147.125,0.1147221201967002,1.5593711389834573
2022,0,annual,1,chop_half_matched_constant,0.4770596166083745,0.3900533660443308,0.1424437001868418,0.1182503148516648,51,0.9347451790633609,1278.7314049586776,0.1278850948659573,1.5593660331329022
2022,0,annual,3,baseline,0.1543907546506406,0.1435727196535621,0.1859475851369869,0.1750947146930899,159,1.0,1368.0,0.4105231692701722,0.5233910874804127
2022,0,annual,3,constant_075,0.1137165224104097,0.1077026409092861,0.142970493316564,0.1344153468278782,159,0.75,1026.0,0.3078692757835146,0.5235048275469437
2022,0,annual,3,constant_050,0.0744588702209598,0.0718171583044817,0.0977334699410677,0.0917389580127206,159,0.5,684.0,0.2052307861573854,0.5236185454872813
2022,0,annual,3,slow_conflict_half,0.2005108418849738,0.1827471677795597,0.1476315028752746,0.1380174217443428,143,0.8385416666666666,1133.0,0.3399826926293832,0.7932249327007125
2022,0,annual,3,chop_half,0.1256031626396056,0.1183190365507737,0.1921019528388575,0.1825759345835307,159,0.9347451790633609,1363.0,0.409008558614231,0.4524605893837441
2022,0,annual,3,slow_conflict_half_matched_constant,0.1279574029862226,0.1204083890527291,0.1584440776553604,0.1490461165111729,159,0.8385416666666666,1147.125,0.3442241011385272,0.5234645471375825
2022,0,annual,3,chop_half_matched_constant,0.1436345850406995,0.1342114232618795,0.1749413029427707,0.1646639356400194,159,0.9347451790633609,1278.7314049586776,0.3837270376484086,0.5234207779654618
2022,0,annual,5,baseline,-0.1221208518064834,-0.1302463392474026,0.3182364616330079,0.3088706363669229,159,1.0,1368.0,0.6843422281711369,-0.463286379616898
2022,0,annual,5,constant_075,-0.0930070071663583,-0.0976205545488372,0.2496854194401222,0.2419680239807374,159,0.75,1026.0,0.513192471241638,-0.4629854395628455
2022,0,annual,5,constant_050,-0.062967754750068,-0.0650375840488246,0.174264495470894,0.1686121157411111,159,0.5,684.0,0.3420855285106918,-0.4626845952605228
2022,0,annual,5,slow_conflict_half,-0.0430459396904835,-0.0439998925377094,0.2590420705908051,0.2510004915609358,159,0.8385416666666666,1133.0,0.5667297529466524,-0.1867010485418626
2022,0,annual,5,chop_half,-0.1431342576863059,-0.1544740327341987,0.3221582471633955,0.3139598328388155,159,0.9347451790633609,1363.0,0.6818016278992035,-0.57699190453303
2022,0,annual,5,slow_conflict_half_matched_constant,-0.1034225717049682,-0.1091706223545876,0.2747161202551589,0.2663704158538638,159,0.8385416666666666,1147.125,0.573803112545844,-0.4630920115452007
2022,0,annual,5,chop_half_matched_constant,-0.1146092888903683,-0.1217262499186732,0.3009699517442551,0.2919975946315272,159,0.9347451790633609,1278.7314049586776,0.6396647108289614,-0.4632078192219436
2022,0,cumulative,0,baseline,0.7453262351649295,1.1138829848597318,0.1432380473341723,0.1163695888702462,54,0.9999570446735396,2785.0,0.0,2.303265597322113
2022,0,cumulative,0,constant_075,0.5184743585502398,0.8354122386447989,0.1094770240135646,0.0886126618929236,54,0.7499677835051546,2088.75,0.0,2.3032655973221123
2022,0,cumulative,0,constant_050,0.3211079574224543,0.5569414924298659,0.074385635015409,0.0599838240063345,54,0.4999785223367697,1392.5,0.0,2.303265597322113
2022,0,cumulative,0,slow_conflict_half,0.6625391373233133,1.016692069035774,0.1067691345686433,0.0819392238495981,56,0.8332903780068729,2312.0,0.0,2.43881731805708
2022,0,cumulative,0,chop_half,0.687478668688755,1.0464710058152369,0.1188802527790455,0.0913242516237258,50,0.9329896907216496,2755.0,0.0,2.2451924445321487
2022,0,cumulative,0,slow_conflict_half_matched_constant,0.5906041663893297,0.9282278458393374,0.1208750129924967,0.0979597226358469,54,0.8332903780068727,2320.813394046136,0.0,2.3032655973221123
2022,0,cumulative,0,chop_half_matched_constant,0.6814272598974709,1.039285984413135,0.1343216789229326,0.1090180193906131,54,0.9329896907216496,2598.487907556166,0.0,2.303265597322112
2022,0,cumulative,1,baseline,0.5184310048296655,0.8353551361468415,0.15159413837798,0.125962988952177,56,0.9999570446735396,2785.0,0.2785278487128902,1.7049943896066218
2022,0,cumulative,1,constant_075,0.367878209553549,0.626521574265982,0.1159988599273388,0.096043656022896,56,0.7499677835051546,2088.75,0.2088906643788168,1.7050091555897284
2022,0,cumulative,1,constant_050,0.2322506145904408,0.4176845307157893,0.0789102772128263,0.0651002771075006,56,0.4999785223367697,1392.5,0.1392569617140764,1.7050239205978674
2022,0,cumulative,1,slow_conflict_half,0.4810283050456718,0.7854732944405882,0.1137097855216124,0.0962125455249288,58,0.8332903780068729,2312.0,0.231218774595186,1.862946777292497
2022,0,cumulative,1,chop_half,0.4703101208816477,0.7709466902529579,0.1265133347686806,0.1003800072591438,74,0.9329896907216496,2755.0,0.2755243155622789,1.6339501656525397
2022,0,cumulative,1,slow_conflict_half_matched_constant,0.4163223021817971,0.6961271678128745,0.1280258292885611,0.1061279914065515,56,0.8332903780068727,2320.813394046136,0.232100678026463,1.7050042341265603
2022,0,cumulative,1,chop_half_matched_constant,0.476547326957677,0.779412950328769,0.1422018281646935,0.1180466497994353,56,0.9329896907216496,2598.487907556166,0.2598730340843661,1.704998345227413
2022,0,cumulative,3,baseline,0.1492001053446477,0.2781322795816073,0.1859475851369885,0.1750947146930897,159,0.9999570446735396,2785.0,0.8357507052781243,0.5531396423264248
2022,0,cumulative,3,constant_075,0.1099590419686523,0.208646231032226,0.1429704933165622,0.134415346827878,159,0.7499677835051546,2088.75,0.6267660076125727,0.5532659394863378
2022,0,cumulative,3,constant_050,0.0720411137843618,0.1391288286479213,0.0977334699410688,0.0917389580127204,159,0.4999785223367697,1392.5,0.4178126637819445,0.553392212113
2022,0,cumulative,3,slow_conflict_half,0.1752272462678896,0.3229230599511991,0.1493778401028554,0.1380174217443425,143,0.8332903780068729,2312.0,0.6937690090845752,0.7486951689412684
2022,0,cumulative,3,chop_half,0.1161397222876255,0.2197521106096316,0.1921019528388575,0.1825759345835307,159,0.9329896907216496,2755.0,0.8267188952056052,0.4545011850850833
2022,0,cumulative,3,slow_conflict_half_matched_constant,0.122889047369717,0.2318097413403677,0.1575403797013178,0.148191166228983,159,0.8332903780068727,2320.813394046136,0.6964181044989698,0.5532238467761453
2022,0,cumulative,3,chop_half_matched_constant,0.1385558760126801,0.2595213678813753,0.1746499802813544,0.1643879684639537,159,0.9329896907216496,2598.487907556166,0.7797646165317594,0.5531734773323569
2022,0,cumulative,5,baseline,-0.1303433516196007,-0.2793136045302292,0.3182364616330082,0.3088706363669229,319,0.9999570446735396,2785.0,1.393196589389961,-0.5413439797622687
2022,0,cumulative,5,constant_075,-0.099384863180648,-0.2093545275454597,0.249685419440122,0.2419680239807375,319,0.7499677835051546,2088.75,1.0447667661902584,-0.5410106395439438
2022,0,cumulative,5,constant_050,-0.06736493713935,-0.1394825968471022,0.1742644954708943,0.168612115741111,319,0.4999785223367697,1392.5,0.696424089276968,-0.5406774051076986
2022,0,cumulative,5,slow_conflict_half,-0.0675024480745493,-0.139777505497261,0.2590420705908048,0.2510004915609358,314,0.8332903780068729,2312.0,1.1564695745330351,-0.3167891184278482
2022,0,cumulative,5,chop_half,-0.15280009332023,-0.3316371896926077,0.324725385644701,0.3156560919585296,484,0.9329896907216496,2755.0,1.3781081955078447,-0.6693995900831486
2022,0,cumulative,5,slow_conflict_half_matched_constant,-0.1098197118893976,-0.2326625317197579,0.2732650541670794,0.2649549622454459,319,0.8332903780068727,2320.813394046136,1.1608903775590953,-0.5411217316479292
2022,0,cumulative,5,chop_half_matched_constant,-0.122152312620476,-0.2605643543691119,0.3005102189536215,0.2915485432016668,319,0.9329896907216496,2598.487907556166,1.299850338782247,-0.5412546739007318
2022,0,cumulative_simple_equity,0,baseline,0.6903371941263001,1.0498560643690844,0.1464640577937627,0.1199494335936854,54,0.9999570446735396,2785.0,0.0,2.171471067666518
2022,0,cumulative_simple_equity,0,slow_conflict_half,0.6210675964166402,0.9661698846523948,0.1086907715218802,0.0833572068872546,57,0.8332903780068729,2312.0,0.0,2.319968124715297
2022,0,cumulative_simple_equity,0,chop_half,0.6386842165834619,0.9877872257086444,0.1217988965349692,0.0945833354582878,51,0.9329896907216496,2755.0,0.0,2.120462725443065
2022,1,annual,0,baseline,0.5130265772204924,0.414112000561056,0.2013373015072042,0.1790731598882964,51,1.0,1320.0,0.0,1.6049639158810038
2022,1,annual,0,constant_075,0.3642215875203095,0.310584000420792,0.1551637291390734,0.1375610913651482,51,0.75,990.0,0.0,1.6049639158810036
2022,1,annual,0,constant_050,0.230051453078485,0.207056000280528,0.1063206959469209,0.0939498688749592,51,0.5,660.0,0.0,1.6049639158810038
2022,1,annual,0,slow_conflict_half,0.5099848001183355,0.4120995846293713,0.1493011355450308,0.1258097248641933,71,0.8372260150916278,1094.0,0.0,1.898992060748396
2022,1,annual,0,chop_half,0.5025063175028369,0.407134592079176,0.1670323041448369,0.1457253415291393,74,0.943496227093065,1309.0,0.0,1.6695938137316415
2022,1,annual,0,slow_conflict_half_matched_constant,0.4143998969328355,0.3467053400313549,0.1715694624304045,0.1522779875727969,51,0.8372260150916278,1105.1383399209487,0.0,1.604963915881004
2022,1,annual,0,chop_half_matched_constant,0.4780344194695925,0.3907131101233176,0.1911271892272578,0.1698691061339289,51,0.943496227093065,1245.415019762846,0.0,1.6049639158810034
2022,1,annual,1,baseline,0.3259097118052531,0.2820987988007921,0.2094430619726752,0.1880547639242901,91,1.0,1320.0,0.132013201760264,1.0805169531857033
2022,1,annual,1,constant_075,0.2356245795607044,0.2115765746782084,0.1616025496426971,0.1446474723357067,91,0.75,990.0,0.0990074257425835,1.0805299140712148
2022,1,annual,1,constant_050,0.1514853297323193,0.1410527000605115,0.1108670845750243,0.0989197134910551,91,0.5,660.0,0.0660033002200164,1.080542874100129
2022,1,annual,1,slow_conflict_half,0.3534958529897679,0.3026907661515796,0.1558268668844871,0.1335015566083313,84,0.8372260150916278,1094.0,0.1094088184777916,1.3795840956476448
2022,1,annual,1,chop_half,0.3181416062921419,0.2762228705913752,0.1745372529564586,0.1541416178397689,104,0.943496227093065,1309.0,0.1309117214878008,1.120045662335787
2022,1,annual,1,slow_conflict_half_matched_constant,0.2664050946309712,0.2361822525005872,0.1786144809623365,0.1600498799171839,91,0.8372260150916278,1105.1383399209487,0.1105230875307676,1.080525392062936
2022,1,annual,1,chop_half_matched_constant,0.3049436453794017,0.2661598562249008,0.1988748979196742,0.1784408363085948,91,0.943496227093065,1245.415019762846,0.1245532538984168,1.0805198826163576
2022,1,annual,3,baseline,0.0181560050717797,0.0179931530196619,0.2808469516123021,0.2694054980640535,160,1.0,1320.0,0.3961188475413942,0.0673185045160818
2022,1,annual,3,constant_075,0.0136089251336732,0.0135171553665235,0.2190535938700143,0.209751820266247,160,0.75,990.0,0.2970668450542685,0.067429877951975
2022,1,annual,3,constant_050,0.009067154179059,0.0090262943391912,0.1519574485806083,0.1452355102744864,160,0.5,660.0,0.1980297059413368,0.0675412296930552
2022,1,annual,3,slow_conflict_half,0.087433356498519,0.0838202007222494,0.2294944739083953,0.2209641565861968,159,0.8372260150916278,1094.0,0.3282793839071218,0.3737296713560834
2022,1,annual,3,chop_half,0.0144322251554476,0.0143290718968012,0.2700112428654121,0.2607120821897333,160,0.943496227093065,1309.0,0.3928055201823747,0.0568085843339863
2022,1,annual,3,slow_conflict_half_matched_constant,0.015194822684241,0.0150805376062199,0.2411937574227982,0.2310982577785255,160,0.8372260150916278,1105.1383399209487,0.3316248024251349,0.0673910217725469
2022,1,annual,3,chop_half_matched_constant,0.0171278380247048,0.0169828102726053,0.2673223395921273,0.2563288023705247,160,0.943496227093065,1245.415019762846,0.3737302998507124,0.0673436784913324
2022,1,annual,5,baseline,-0.2182483872167301,-0.246218219604076,0.3907183515314522,0.3840799102017663,160,1.0,1320.0,0.660330220165132,-0.8999082463620374
2022,1,annual,5,constant_075,-0.1685646358819838,-0.1846017174439463,0.3103464458494719,0.304718354681513,160,0.75,990.0,0.4951857178647383,-0.899612913624293
2022,1,annual,5,constant_050,-0.1157597941934268,-0.1230265272297885,0.2193933398561554,0.2151521058875833,160,0.5,660.0,0.3300825275103166,-0.8993176750501086
2022,1,annual,5,slow_conflict_half,-0.1263897798384761,-0.1351209751570848,0.3303497211404033,0.3217154331531822,159,0.8372260150916278,1094.0,0.5472205597864561,-0.5894000949652579
2022,1,annual,5,chop_half,-0.2193735916751051,-0.2476585940047775,0.3820937877195548,0.3755695904695126,160,0.943496227093065,1309.0,0.6547931860839535,-0.9600638833030882
2022,1,annual,5,slow_conflict_half_matched_constant,-0.1862444553329846,-0.2060952717596646,0.3395244203944021,0.3335047820561053,160,0.8372260150916278,1105.1383399209487,0.5528006117910196,-0.8997159457174682
2022,1,annual,5,chop_half_matched_constant,-0.2072824863826174,-0.2322883457570214,0.3734126305413373,0.3669733267790365,160,0.943496227093065,1245.415019762846,0.6230014558803392,-0.8998414884674858
2022,1,cumulative,0,baseline,0.6441542344286719,0.9944522175918844,0.2013373015072023,0.1790731598882968,66,0.99995517705065,2689.0,0.0,2.0675582218331128
2022,1,cumulative,0,constant_075,0.4519675702243572,0.7458391631939133,0.1551637291390743,0.1375610913651481,66,0.7499663827879874,2016.75,0.0,2.0675582218331128
2022,1,cumulative,0,constant_050,0.2822457776996857,0.4972261087959422,0.1063206959469198,0.0939498688749594,66,0.499977588525325,1344.5,0.0,2.0675582218331128
2022,1,cumulative,0,slow_conflict_half,0.5660773996007755,0.8971480427593168,0.1493011355450303,0.1258097248641934,71,0.8329000448229493,2238.0,0.0,2.177683880471866
2022,1,cumulative,0,chop_half,0.6147069337210445,0.9583069500392254,0.1670323041448356,0.1457253415291396,74,0.9395114298520842,2654.0,0.0,2.089180392534333
2022,1,cumulative,0,slow_conflict_half_matched_constant,0.5130964981163652,0.8283164241916892,0.1707703406765696,0.1515603084591294,66,0.8329000448229492,2239.7686135640324,0.0,2.0675582218331123
2022,1,cumulative,0,chop_half_matched_constant,0.595473492041551,0.934341104793343,0.190409902172682,0.1692230334321855,66,0.9395114298520842,2526.459478237483,0.0,2.0675582218331123
2022,1,cumulative,1,baseline,0.4372946977072524,0.7255253290070134,0.2094430619726743,0.1880547639242901,91,0.99995517705065,2689.0,0.268926888584871,1.4897988365818062
2022,1,cumulative,1,constant_075,0.3126848181968296,0.5441490388691026,0.1616025496426978,0.1446474723357066,91,0.7499663827879874,2016.75,0.2016901243248107,1.4898131042922211
2022,1,cumulative,1,constant_050,0.1988762905691976,0.3627693870978669,0.110867084575024,0.0989197134910552,91,0.499977588525325,1344.5,0.1344567216980752,1.4898273710601726
2022,1,cumulative,1,slow_conflict_half,0.400269848002985,0.6733299332423079,0.1558268668844865,0.1393097263709982,84,0.8329000448229493,2238.0,0.2238181095170089,1.616390155774041
2022,1,cumulative,1,chop_half,0.4140269879325008,0.6928833070491229,0.1745372529564588,0.1541416178397688,104,0.9395114298520842,2654.0,0.2654236429901027,1.4927901844211822
2022,1,cumulative,1,slow_conflict_half_matched_constant,0.3527782682259439,0.6043209083626415,0.1777861827731633,0.1592991147200796,91,0.8329000448229492,2239.7686135640324,0.2239955158290477,1.4898083710906396
2022,1,cumulative,1,chop_half_matched_constant,0.4061222107491489,0.6816714209705794,0.1981322284918359,0.1777657689498277,91,0.9395114298520842,2526.459478237483,0.2526696838227636,1.489802286398353
2022,1,cumulative,3,baseline,0.0982907172883478,0.187510155771316,0.2808469516123014,0.2694054980640535,160,0.99995517705065,2689.0,0.8069420618205685,0.3755927389159184
2022,1,cumulative,3,constant_075,0.0728718323022607,0.1406780170398327,0.2190535938700148,0.2097518202662473,160,0.7499663827879874,2016.75,0.6051611461540806,0.3757150392703752
2022,1,cumulative,3,constant_050,0.0480253795390631,0.0938156054460948,0.1519574485806081,0.1452355102744864,160,0.499977588525325,1344.5,0.4034105033498473,0.3758373158391697
2022,1,cumulative,3,slow_conflict_half,0.1193996450583773,0.2255850207860869,0.2294944739083947,0.2209641565861968,159,0.8329000448229493,2238.0,0.6715630219732299,0.5296342947932745
2022,1,cumulative,3,chop_half,0.084313485680671,0.1618941092828949,0.2700112428654115,0.2607120821897333,160,0.9395114298520842,2654.0,0.7964128407563306,0.3406484373803016
2022,1,cumulative,3,slow_conflict_half_matched_constant,0.0812404601941624,0.1562179125664291,0.240119995688489,0.2300623054690838,160,0.8329000448229492,2239.7686135640324,0.67209851162526,0.3756744688236463
2022,1,cumulative,3,chop_half_matched_constant,0.0920916385575049,0.1761895837894807,0.266369201020948,0.2554076710640802,160,0.9395114298520842,2526.459478237483,0.7581515210038623,0.375622311588864
2022,1,cumulative,5,baseline,-0.1608452786477738,-0.350720355786067,0.3907183515314524,0.3840799102017663,263,0.99995517705065,2689.0,1.3451725733779512,-0.685343780884314
2022,1,cumulative,5,constant_075,-0.1231830647363264,-0.262914096242546,0.3103464458494713,0.304718354681513,263,0.7499663827879874,2016.75,1.0087532594364594,-0.6850203331943476
2022,1,cumulative,5,constant_050,-0.0838690712815568,-0.1751919784802755,0.2193933398561557,0.2151521058875833,263,0.499977588525325,1344.5,0.6724180872762178,-0.6846969883451725
2022,1,cumulative,5,slow_conflict_half,-0.1051976727403032,-0.2223048969963609,0.3303497211404039,0.3217154331531823,263,0.8329000448229493,2238.0,1.1194529397556778,-0.5104393746369094
2022,1,cumulative,5,chop_half,-0.1685983037820617,-0.3692844239418067,0.3820937877195546,0.3755695904695126,316,0.9395114298520842,2654.0,1.3275913739810323,-0.7589145183616671
2022,1,cumulative,5,slow_conflict_half_matched_constant,-0.1358571825350849,-0.2920344516929787,0.3381190703778406,0.3321176616391584,263,0.8329000448229492,2239.7686135640324,1.120350875884668,-0.685127625407412
2022,1,cumulative,5,chop_half_matched_constant,-0.1518868037193202,-0.3294823318373489,0.3721869286434191,0.365762124951043,263,0.9395114298520842,2526.459478237483,1.263823436630692,-0.685265566387652
2022,1,cumulative_simple_equity,0,baseline,0.5915557666991716,0.9294240149297884,0.2046240932380912,0.1827136674279234,73,0.99995517705065,2689.0,0.0,1.9322190532683217
2022,1,cumulative_simple_equity,0,slow_conflict_half,0.526696831242714,0.8462129354374288,0.1512839294181939,0.128042130315482,71,0.8329000448229493,2238.0,0.0,2.055632615148488
2022,1,cumulative_simple_equity,0,chop_half,0.5674636729150984,0.8989176361652186,0.1698923431198306,0.1489194672063226,88,0.9395114298520842,2654.0,0.0,1.960312322183397
2022,2,annual,0,baseline,0.5089751230114146,0.411430693905231,0.1731067682673986,0.1575985676358572,69,1.0,1320.0,0.0,1.5500999982936496
2022,2,annual,0,constant_075,0.3614809218388691,0.3085730204289232,0.1328642773012993,0.1206954458936471,69,0.75,990.0,0.0,1.5500999982936488
2022,2,annual,0,constant_050,0.2284034854279006,0.2057153469526155,0.0906633012285266,0.0821757072488532,69,0.5,660.0,0.0,1.5500999982936496
2022,2,annual,0,slow_conflict_half,0.4901168849306502,0.398854563142802,0.1420671279846738,0.1254447216067783,140,0.8388429752066116,1099.0,0.0,1.7988280774005303
2022,2,annual,0,chop_half,0.5693071506393237,0.4506342166310925,0.1354172765510213,0.1217499395877826,69,0.936893639956881,1304.0,0.0,1.7940264331330185
2022,2,annual,0,slow_conflict_half_matched_constant,0.4121674848459267,0.3451257473667847,0.1473848598743881,0.1339913749449335,69,0.8388429752066119,1107.272727272727,0.0,1.5500999982936494
2022,2,annual,0,chop_half_matched_constant,0.4703004981397575,0.3854668004028572,0.1631282597607846,0.1484320351759943,69,0.936893639956881,1236.699604743083,0.0,1.55009999829365
2022,2,annual,1,baseline,0.3223593032641028,0.2794174921449669,0.2138165448351031,0.2022482011447992,140,1.0,1320.0,0.132013201760264,1.0395628294698318
2022,2,annual,1,constant_075,0.2331422600377437,0.2095655946863397,0.1650825696910837,0.1558853385917398,140,0.75,990.0,0.0990074257425835,1.039575436349985
2022,2,annual,1,constant_050,0.1499426214425382,0.139712046732599,0.1133284911361243,0.1068288320962926,140,0.5,660.0,0.0660033002200164,1.0395880423974402
2022,2,annual,1,slow_conflict_half,0.3350191577804534,0.2889456421465903,0.1848193336678643,0.1784766673659079,140,0.8388429752066116,1099.0,0.1099089209962115,1.2876975040736611
2022,2,annual,1,chop_half,0.377434443759447,0.3202226701752139,0.1618191035715641,0.1490993045615308,140,0.936893639956881,1304.0,0.1304115464558786,1.2596366082373454
2022,2,annual,1,slow_conflict_half_matched_constant,0.2641363798066632,0.2343891853210378,0.1827378382766686,0.1726621011516527,140,0.8388429752066119,1107.272727272727,0.1107365620457469,1.0395709563144049
2022,2,annual,1,chop_half_matched_constant,0.299247501563629,0.2617852519210201,0.2017899408680787,0.1907909193279938,140,0.936893639956881,1236.699604743083,0.1236815484818371,1.0395660118456769
2022,2,annual,3,baseline,0.0154296732978699,0.0153118463638367,0.322011081746923,0.3117673985981908,140,1.0,1320.0,0.3961188475413942,0.0555595524921334
2022,2,annual,3,constant_075,0.0115726260302666,0.0115061753746548,0.252824928893809,0.244374060912756,140,0.75,990.0,0.2970668450542684,0.0556675514538441
2022,2,annual,3,constant_050,0.0077152513597155,0.0076856410112787,0.1765854572490524,0.1703883235587894,140,0.5,660.0,0.1980297059413368,0.05577552941396
2022,2,annual,3,slow_conflict_half,0.0715157729246874,0.0690742562381643,0.2811388240018789,0.2751106559909778,140,0.8388429752066116,1099.0,0.3297803069046375,0.3006025554060408
2022,2,annual,3,chop_half,0.0611256432912298,0.0593302723109198,0.2730845772580236,0.2621016672634446,140,0.936893639956881,1304.0,0.3913039443201724,0.2278682616322765
2022,2,annual,3,slow_conflict_half_matched_constant,0.0129433559845643,0.0128603066099036,0.2781845514691715,0.2690473247562871,140,0.8388429752066119,1107.272727272727,0.3322654407568811,0.0556291740634439
2022,2,annual,3,chop_half_matched_constant,0.0144560939591433,0.0143526008446215,0.3051753225912463,0.2953444272092311,140,0.936893639956881,1236.699604743083,0.3711141995582356,0.0555868161595348
2022,2,annual,5,baseline,-0.2203416953646165,-0.2488995262599011,0.4167279880713194,0.4072698512884065,140,1.0,1320.0,0.6603302201651321,-0.8810233666398732
2022,2,annual,5,constant_075,-0.1702349557109757,-0.186612697435815,0.3325499631131403,0.3244490794416622,140,0.75,990.0,0.4951857178647383,-0.8807377941316741
2022,2,annual,5,constant_050,-0.1169444594778491,-0.1243671805577011,0.2362414066532774,0.2300740790601936,140,0.5,660.0,0.3300825275103166,-0.880452312431816
2022,2,annual,5,slow_conflict_half,-0.1400392767764303,-0.1508685614477882,0.3661037979304967,0.3604042497348407,140,0.8388429752066116,1099.0,0.54972312459059,-0.6412265431263948
2022,2,annual,5,chop_half,-0.1826227909259005,-0.2016545904597864,0.3717337258728859,0.3681415859988665,151,0.936893639956881,1304.0,0.6522888070908788,-0.756296637403138
2022,2,annual,5,slow_conflict_half_matched_constant,-0.1883961709959853,-0.2087429531953586,0.3637705642919296,0.3551276501674073,140,0.8388429752066119,1107.272727272727,0.5538687005621434,-0.8808392681728777
2022,2,annual,5,chop_half_matched_constant,-0.2079833360256236,-0.2331728470173693,0.396536486430057,0.3873731624282264,140,0.936893639956881,1236.699604743083,0.6186396474202265,-0.8809512723030047
2022,2,cumulative,0,baseline,0.4385176880011317,0.7272264001529395,0.193740415231469,0.1777361095150421,96,0.99995517705065,2689.0,0.0,1.4798144532726063
2022,2,cumulative,0,constant_075,0.3135191377213179,0.5454198001147045,0.1491437998153127,0.1365078096310278,96,0.7499663827879874,2016.75,0.0,1.4798144532726063
2022,2,cumulative,0,constant_050,0.1993822109741046,0.3636132000764697,0.1020804129720017,0.0932123233716959,96,0.499977588525325,1344.5,0.0,1.4798144532726063
2022,2,cumulative,0,slow_conflict_half,0.4005715337785394,0.6737607834556525,0.1569713550276345,0.1441028098169921,140,0.8329448677722994,2244.0,0.0,1.617939119526839
2022,2,cumulative,0,chop_half,0.4573509509965944,0.7532407410921438,0.1714359022068735,0.1624796152253215,69,0.93673240699238,2656.0,0.0,1.610887649692325
2022,2,cumulative,0,slow_conflict_half_matched_constant,0.3537565056627343,0.6057666499637848,0.1642136997512784,0.1504169140030845,96,0.8329448677722994,2239.889147877538,0.0,1.4798144532726063
2022,2,cumulative,0,chop_half_matched_constant,0.4058238989629271,0.6812470717466586,0.1826876298587604,0.1674991496722581,96,0.93673240699238,2518.9863508001254,0.0,1.4798144532726063
2022,2,cumulative,1,baseline,0.2575303473524701,0.4582995115680685,0.2365455954751711,0.2202970459398039,140,0.99995517705065,2689.0,0.268926888584871,0.9206609869386844
2022,2,cumulative,1,constant_075,0.1875173150260762,0.3437296757898938,0.1832525330206098,0.1702498382735763,140,0.7499663827879874,2016.75,0.2016901243248107,0.9206747880564586
2022,2,cumulative,1,constant_050,0.1214003750879108,0.2291564783783945,0.1262399665351963,0.1169908488220132,140,0.499977588525325,1344.5,0.1344567216980752,0.9206885882629374
2022,2,cumulative,1,slow_conflict_half,0.2519111212102069,0.4493425614186401,0.1848193336678633,0.1784766673659075,140,0.8329448677722994,2244.0,0.2244182220370125,1.0666075061940437
2022,2,cumulative,1,chop_half,0.2761000906773037,0.4876172456318797,0.2145152036266787,0.1976429323662381,140,0.93673240699238,2656.0,0.2656234954602641,1.0301087075807087
2022,2,cumulative,1,slow_conflict_half_matched_constant,0.2103136481281275,0.3817590786954205,0.2013421599631465,0.1872082779083026,140,0.8329448677722994,2239.889147877538,0.2240075712683641,0.9206702071687952
2022,2,cumulative,1,chop_half_matched_constant,0.2394434155768884,0.4293248408882432,0.2234054084635536,0.2079325466723721,140,0.93673240699238,2518.9863508001254,0.2519222308584152,0.9206644773608108
2022,2,cumulative,3,baseline,-0.0390739565039998,-0.0797156616676288,0.3220110817469236,0.3117673985981907,288,0.99995517705065,2689.0,0.8069420618205685,-0.1560847778903778
2022,2,cumulative,3,constant_075,-0.029428953545153,-0.0597413460393759,0.2528249288938089,0.244374060912756,288,0.7499663827879874,2016.75,0.6051611461540805,-0.1559667006009537
2022,2,cumulative,3,constant_050,-0.0197019801277643,-0.0397973032733775,0.1765854572490529,0.1703883235587893,288,0.499977588525325,1344.5,0.4034105033498473,-0.1558486462520475
2022,2,cumulative,3,slow_conflict_half,0.0001983938985342,0.0003967484421346,0.2811388240018787,0.2751106559909777,246,0.8329448677722994,2244.0,0.6733640350135179,0.0009201846314895
2022,2,cumulative,3,chop_half,-0.0216476381830543,-0.0437707713582524,0.3068051691672295,0.2975736111666747,289,0.93673240699238,2656.0,0.7970115124503963,-0.0902302761784352
2022,2,cumulative,3,slow_conflict_half_matched_constant,-0.032639470491734,-0.0663680400332432,0.2765384535643709,0.267444774824857,288,0.8329448677722994,2239.889147877538,0.672134689997028,-0.1560058913121346
2022,2,cumulative,3,chop_half_matched_constant,-0.0366424267174888,-0.07466124856668,0.3051431180736548,0.2953130271417178,288,0.93673240699238,2518.9863508001254,0.7559083203133385,-0.1560549136909609
2022,2,cumulative,5,baseline,-0.2657994704162851,-0.617946173225012,0.4864182455933785,0.4778383408861406,484,0.99995517705065,2689.0,1.3451725733779512,-1.1795180453841507
2022,2,cumulative,5,constant_075,-0.2067895672290899,-0.4633334593217548,0.3932477947515751,0.3856614250207023,484,0.7499663827879874,2016.75,1.0087532594364594,-1.1792062940427923
2022,2,cumulative,5,constant_050,-0.1430729132138085,-0.3088048871997479,0.2832346331339806,0.2772725564201709,484,0.499977588525325,1344.5,0.6724180872762178,-1.1788946416675656
2022,2,cumulative,5,slow_conflict_half,-0.2009625679189799,-0.4486949713022479,0.3922941325442962,0.3854140486423973,484,0.8329448677722994,2244.0,1.1224557547579004,-1.016833750743944
2022,2,cumulative,5,chop_half,-0.2499935487545572,-0.5753469416563692,0.4652322389560106,0.4571676135004306,484,0.93673240699238,2656.0,1.3285876827485128,-1.1574543669467277
2022,2,cumulative,5,slow_conflict_half_matched_constant,-0.2268809807325068,-0.514644543310258,0.4259058336540428,0.4179280415536054,484,0.8329448677722994,2239.889147877538,1.1204111932740426,-1.1793097623214177
2022,2,cumulative,5,chop_half_matched_constant,-0.2513009259638172,-0.5788362930168127,0.4642976088749526,0.4559184410018619,484,0.93673240699238,2518.9863508001254,1.2600833647634708,-1.179439193364292
2022,2,cumulative_simple_equity,0,baseline,0.3914211430173704,0.6606512597819958,0.199425889822797,0.1828694422949882,96,0.99995517705065,2689.0,0.0,1.3444466530534802
2022,2,cumulative_simple_equity,0,slow_conflict_half,0.3641016809232138,0.620992205548468,0.1589956413647418,0.1459930483504155,140,0.8329448677722994,2244.0,0.0,1.4922148770808477
2022,2,cumulative_simple_equity,0,chop_half,0.4137969371779418,0.6925578967532078,0.1761542053386166,0.1646166533262038,73,0.93673240699238,2656.0,0.0,1.481700956176601
2022,3,annual,0,baseline,0.6939261179496585,0.5270489813175057,0.1508485412186112,0.1240381995942009,68,1.0,1300.0,0.0,2.021649957615059
2022,3,annual,0,constant_075,0.4848098783156925,0.3952867359881292,0.11541642720404,0.0945512455222642,68,0.75,975.0,0.0,2.0216499576150584
2022,3,annual,0,constant_050,0.3015091693682601,0.2635244906587528,0.0785058552647288,0.0640716905628941,68,0.5,650.0,0.0,2.021649957615059
2022,3,annual,0,slow_conflict_half,0.6431333894804752,0.4966050222967945,0.1104886764172101,0.0918028318784844,70,0.8388429752066116,1076.0,0.0,2.2621716192170345
2022,3,annual,0,chop_half,0.6881227069881758,0.5236170872450797,0.1188391988186133,0.0974116396810152,68,0.9456521739130436,1298.0,0.0,2.10090977713032
2022,3,annual,0,slow_conflict_half_matched_constant,0.5559889677062565,0.4421113355679903,0.1281742333719763,0.10514207871516,68,0.8388429752066119,1090.495867768595,0.0,2.0216499576150584
2022,3,annual,0,chop_half_matched_constant,0.646093680948061,0.4984050149415542,0.1432686439669967,0.1177107785774227,68,0.9456521739130432,1229.3478260869565,0.0,2.021649957615059
2022,3,annual,1,baseline,0.4874094454615246,0.3970359795839122,0.1610337568613833,0.1464149532665103,68,1.0,1300.0,0.1300130017335933,1.5050586933246402
2022,3,annual,1,constant_075,0.3468646674164462,0.297779422756797,0.1233857265405663,0.1119541839123569,68,0.75,975.0,0.0975073132313322,1.505071460110258
2022,3,annual,1,constant_050,0.2195979319383601,0.1985212404420699,0.0840485096790346,0.076102559239161,68,0.5,650.0,0.0650032502166829,1.5050842260521016
2022,3,annual,1,slow_conflict_half,0.4754991160697453,0.3889963163290038,0.1313672067736685,0.1056180145619062,89,0.8388429752066116,1076.0,0.1076087059677906,1.752883718653253
2022,3,annual,1,chop_half,0.4826120017188723,0.3938053982561948,0.1303866192501807,0.1173402415377076,68,0.9456521739130436,1298.0,0.1298116889888848,1.5624801191005695
2022,3,annual,1,slow_conflict_half_matched_constant,0.3952206854545734,0.3330526002199061,0.1369544394310329,0.1243570465044194,68,0.8388429752066119,1090.495867768595,0.1090587353480841,1.5050669232500378
2022,3,annual,1,chop_half_matched_constant,0.4556588347310178,0.3754586055124028,0.1529893802829149,0.1390390369652394,68,0.9456521739130432,1229.3478260869565,0.1229464094291515,1.5050614687845991
2022,3,annual,3,baseline,0.1467500917414844,0.1369319344964356,0.2402086210261154,0.2265985386986511,136,1.0,1300.0,0.39011704682107,0.5070011976182957
2022,3,annual,3,constant_075,0.108182076435757,0.1027209037377133,0.1861846256559747,0.1752754570019056,136,0.75,975.0,0.2925658322504159,0.5071109122004327
2022,3,annual,3,constant_050,0.0708955219154433,0.0684952348074362,0.1283261741207883,0.1205535562600304,136,0.5,650.0,0.1950292558513165,0.5072206054092666
2022,3,annual,3,slow_conflict_half,0.1897303099677975,0.1737266511597538,0.2156083396220114,0.2019239671494328,141,0.8388429752066116,1076.0,0.3228783711370406,0.7660739074064139
2022,3,annual,3,chop_half,0.1435207261855988,0.1341118595334034,0.2247416737652368,0.210797066439889,136,0.9456521739130436,1298.0,0.3895052277116761,0.5203365063756265
2022,3,annual,3,slow_conflict_half_matched_constant,0.1217390672501804,0.1148802196710619,0.2058089397898028,0.1938923519876919,136,0.8388429752066119,1090.495867768595,0.3272311158969284,0.5070719251693229
2022,3,annual,3,chop_half_matched_constant,0.1382545576749621,0.1294959993318868,0.2287773660218831,0.2157196139672713,136,0.9456521739130432,1229.3478260869565,0.3689090156096675,0.5070250504329141
2022,3,annual,5,baseline,-0.1159805687303341,-0.1232762355117912,0.341288910521422,0.3306543957116329,140,1.0,1300.0,0.6503252168292967,-0.4458955405875048
2022,3,annual,5,constant_075,-0.0882561257324653,-0.0923961679695676,0.2688005349899237,0.2599641979894663,140,0.75,975.0,0.4876829039576968,-0.4456045554475424
2022,3,annual,5,constant_050,-0.0597004520356089,-0.0615567864347408,0.188353358518422,0.1818270882523796,140,0.5,650.0,0.3250812770934936,-0.4453136631048272
2022,3,annual,5,slow_conflict_half,-0.0407588000078225,-0.0416127237390343,0.3071406877110562,0.293327112269379,141,0.8388429752066116,1076.0,0.5382177460358288,-0.1795778533842532
2022,3,annual,5,chop_half,-0.1180988344684478,-0.1256752864746875,0.3299222595711742,0.3231680883840079,159,0.9456521739130436,1298.0,0.6492923737197671,-0.4768404471637802
2022,3,annual,5,slow_conflict_half_matched_constant,-0.0982026170112198,-0.1033654149856357,0.2954300690914917,0.2859003288120599,140,0.8388429752066119,1090.495867768595,0.545476750553626,-0.4457079527581107
2022,3,annual,5,chop_half_matched_constant,-0.1100230498673837,-0.1165597153187267,0.3261666207386163,0.315883561018959,140,0.9456521739130432,1229.3478260869565,0.6149647302602811,-0.4458322750519266
2022,3,cumulative,0,baseline,0.4713207130477183,0.7723208833626748,0.17492919632128,0.1485223072860938,95,0.99995517705065,2665.0,0.0,1.579594640464444
2022,3,cumulative,0,constant_075,0.3359201845960531,0.579240662522006,0.1342980127889466,0.1135995742211635,95,0.7499663827879874,1998.75,0.0,1.5795946404644436
2022,3,cumulative,0,constant_050,0.2129800958992354,0.3861604416813374,0.0916659184646213,0.0772445108730557,95,0.499977588525325,1332.5,0.0,1.579594640464444
2022,3,cumulative,0,slow_conflict_half,0.4139761100746101,0.6928113441040582,0.143733694217119,0.1224550232550308,85,0.8344240251008517,2221.0,0.0,1.6568675262228023
2022,3,cumulative,0,chop_half,0.4461169626400424,0.7377640149834052,0.1412290920344743,0.1298727775319052,68,0.9410354101299866,2638.0,0.0,1.5741429261058046
2022,3,cumulative,0,slow_conflict_half_matched_constant,0.3802104584302095,0.6444719873001727,0.1482441137208995,0.1255554183709618,95,0.8344240251008517,2223.839705948272,0.0,1.5795946404644443
2022,3,cumulative,0,chop_half_matched_constant,0.4382210077943039,0.7268138771687516,0.1655280214744693,0.140417364952105,95,0.9410354101299864,2507.971782688601,0.0,1.5795946404644434
2022,3,cumulative,1,baseline,0.2877507828767071,0.5057942348098085,0.2026765736752885,0.1774419448183009,184,0.99995517705065,2665.0,0.2665266485528662,1.021855268045671
2022,3,cumulative,1,constant_075,0.2088570623022734,0.3793506732106969,0.1562256164056386,0.1362752661617928,184,0.7499663827879874,1998.75,0.1998899893113092,1.0218690424841723
2022,3,cumulative,1,constant_050,0.1347948548750723,0.2529037799872624,0.1070690981485737,0.0930489207894339,184,0.499977588525325,1332.5,0.1332566616940749,1.0218828160127331
2022,3,cumulative,1,slow_conflict_half,0.2653473298506952,0.4706933070884655,0.1730089523806667,0.1529199690441691,191,0.8344240251008517,2221.0,0.2221180370155929,1.1132179818522026
2022,3,cumulative,1,chop_half,0.2674033672840129,0.4739404294953856,0.1782393410883709,0.1522312939744216,96,0.9410354101299866,2638.0,0.2638235854880194,0.9994793359614612
2022,3,cumulative,1,slow_conflict_half_matched_constant,0.2349552449532188,0.4220694610380386,0.1722138969168923,0.1504086385806446,184,0.8344240251008517,2223.839705948272,0.222402526262134,1.021864388950967
2022,3,cumulative,1,chop_half_matched_constant,0.2687048147748913,0.4759930984064777,0.1919642306996964,0.1679196244310363,184,0.9410354101299864,2507.971782688601,0.2508207787622736,1.021858514619976
2022,3,cumulative,3,baseline,-0.0136159614649672,-0.0274190175935045,0.2872756885742749,0.263723893484613,283,0.99995517705065,2665.0,0.7997399009561794,-0.0540538790809134
2022,3,cumulative,3,constant_075,-0.0102071836150785,-0.0205192682674514,0.2242972767820922,0.2051498632248304,283,0.7499663827879874,1998.75,0.5997599307894574,-0.0539357567815959
2022,3,cumulative,3,constant_050,-0.0068015249900081,-0.0136495215604856,0.1557592692497937,0.1419222314291093,283,0.499977588525325,1332.5,0.399809963241823,-0.0538176574616317
2022,3,cumulative,3,slow_conflict_half,0.0132616532609514,0.0263489746690249,0.2439066409420624,0.2246096907684747,264,0.8344240251008517,2221.0,0.6664623694350333,0.0609442384865383
2022,3,cumulative,3,chop_half,-0.0265649302246432,-0.0538483082166802,0.2613590465259559,0.2486201541983847,315,0.9410354101299866,2638.0,0.7916123232000853,-0.1109364521892517
2022,3,cumulative,3,slow_conflict_half_matched_constant,-0.0113584811134831,-0.0228469626626322,0.2461728531400528,0.2254417604782689,283,0.8344240251008517,2223.839705948272,0.6673189499628049,-0.0539756613232818
2022,3,cumulative,3,chop_half_matched_constant,-0.0128122726651302,-0.0257901154007154,0.2729085939047891,0.2503192046146174,283,0.9410354101299864,2507.971782688601,0.752603992569467,-0.0540260368095047
2022,3,cumulative,5,baseline,-0.2445357688573899,-0.5608456860122741,0.4602721972643399,0.4520942701652618,484,0.99995517705065,2665.0,1.3331665693749488,-1.0790108507616922
2022,3,cumulative,5,constant_075,-0.1896221107049138,-0.4205092202260034,0.370225927313931,0.3630829685973941,484,0.7499663827879874,1998.75,0.9997498827480096,-1.0786982896014656
2022,3,cumulative,5,constant_050,-0.1307530983954047,-0.2802561450946927,0.2652172325834841,0.25967192926393,484,0.499977588525325,1332.5,0.6664165867760301,-1.078385827875478
2022,3,cumulative,5,slow_conflict_half,-0.1886614719948236,-0.4181397829749488,0.376593395263525,0.3685842950976056,484,0.8344240251008517,2221.0,1.1109511270790071,-0.9458396153146568
2022,3,cumulative,5,chop_half,-0.2524192558481083,-0.5818259212372476,0.4722867529313118,0.4643751457335695,484,0.9410354101299866,2638.0,1.319589936220653,-1.1710375087680756
2022,3,cumulative,5,slow_conflict_half_matched_constant,-0.2086033491426997,-0.4679119639225976,0.4022084859091366,0.3946598130896633,484,0.8344240251008517,2223.839705948272,1.1123839512227702,-1.078803875924632
2022,3,cumulative,5,chop_half_matched_constant,-0.2319351900309655,-0.5277623228288333,0.4402790340178517,0.4323015070398671,484,0.9410354101299864,2507.971782688601,1.2545761999975849,-1.0789371743779637
2022,3,cumulative_simple_equity,0,baseline,0.4246097944408491,0.7077958955203858,0.1775531365788215,0.1509915429221361,95,0.99995517705065,2665.0,0.0,1.4481769735083263
2022,3,cumulative_simple_equity,0,slow_conflict_half,0.3785856333455447,0.6421161404474395,0.1459417245615182,0.1244845397176141,86,0.8344240251008517,2221.0,0.0,1.5371007727344816
2022,3,cumulative_simple_equity,0,chop_half,0.4037100063176419,0.678237472125586,0.1428178007769016,0.1314893715227835,86,0.9410354101299866,2638.0,0.0,1.4481404028119274
2022,4,annual,0,baseline,0.614444702814575,0.4789910602825165,0.1342488976519543,0.1101146064801661,55,1.0,1324.0,0.0,1.8314504051491045
2022,4,annual,0,constant_075,0.4322452175896536,0.3592432952118873,0.1024786465969661,0.0837783310418618,55,0.75,993.0,0.0,1.831450405149104
2022,4,annual,0,constant_050,0.2706080051749143,0.2394955301412582,0.069542530607634,0.0566626300629059,55,0.5,662.0,0.0,1.8314504051491045
2022,4,annual,0,slow_conflict_half,0.5935559567442231,0.4659679698810702,0.1375558784620222,0.1217462082579975,81,0.8373607617678764,1099.0,0.0,2.0998242851294187
2022,4,annual,0,chop_half,0.5815042819352518,0.4583764712750778,0.1302607022610166,0.1146430676402238,90,0.941609773625584,1320.0,0.0,1.83031501560584
2022,4,annual,0,slow_conflict_half_matched_constant,0.4934491627885709,0.4010883191181707,0.1137109180437835,0.0930687945051487,55,0.8373607617678764,1108.6656485806684,0.0,1.831450405149104
2022,4,annual,0,chop_half_matched_constant,0.5699168620366252,0.4510226638412987,0.126930760835002,0.104032053364332,55,0.941609773625584,1246.6913402802732,0.0,1.831450405149104
2022,4,annual,1,baseline,0.4142195420157701,0.3465778185169182,0.1482673942022957,0.1292730095452874,102,1.0,1324.0,0.1324132417655981,1.3094237507371738
2022,4,annual,1,constant_075,0.2968468873359658,0.2599358469670535,0.1134002030448986,0.0986121856942626,102,0.75,993.0,0.0993074482448338,1.3094366498484251
2022,4,annual,1,constant_050,0.1892135662078926,0.1732922199205749,0.0771059059592245,0.0668719596231708,102,0.5,662.0,0.0662033102206832,1.3094495481072546
2022,4,annual,1,slow_conflict_half,0.4276919136469193,0.3560590938948607,0.1515433898304077,0.1348228394362099,90,0.8373607617678764,1099.0,0.1099088759862096,1.5873128924429327
2022,4,annual,1,chop_half,0.3859206905160812,0.3263646772806097,0.155038540583208,0.1393495467999433,111,0.941609773625584,1320.0,0.1320117939944681,1.2885593096500474
2022,4,annual,1,slow_conflict_half_matched_constant,0.3367114685302774,0.2902124696923646,0.125743598293816,0.1094471858573137,102,0.8373607617678764,1108.6656485806684,0.110875849425806,1.3094321424405813
2022,4,annual,1,chop_half_matched_constant,0.3858889700526424,0.3263417893717526,0.1402485213825838,0.1222064970489019,102,0.941609773625584,1246.6913402802732,0.124680874469546,1.3094267635415784
2022,4,annual,3,baseline,0.0850996787594831,0.0816718525970573,0.2522540089009116,0.2439299855097442,160,1.0,1324.0,0.397319207685459,0.3013180447263192
2022,4,annual,3,constant_075,0.0631925780180284,0.0612762475968483,0.1958778797273928,0.1891737170293075,160,0.75,993.0,0.2979670476150389,0.3014288317338934
2022,4,annual,3,constant_050,0.0417122298106824,0.0408657341819173,0.1352598350585804,0.1304602984728929,160,0.5,662.0,0.1986297959593408,0.3015395971662193
2022,4,annual,3,slow_conflict_half,0.1458973802422021,0.1361880682465893,0.2103562710567516,0.2014057499664052,141,0.8373607617678764,1099.0,0.329779901634481,0.5941820127126004
2022,4,annual,3,chop_half,0.0642499709316366,0.0622702984126516,0.2504653116381831,0.2442004224670302,160,0.941609773625584,1320.0,0.3961061728624261,0.2403812700226878
2022,4,annual,3,slow_conflict_half_matched_constant,0.0707989421615755,0.0684050447681442,0.216044685581687,0.2087437068948937,160,0.8373607617678764,1108.6656485806684,0.3326832743500265,0.3013901204371341
2022,4,annual,3,chop_half_matched_constant,0.0799444139427943,0.0769095712400892,0.2394504587968174,0.2314809177332691,160,0.941609773625584,1246.6913402802732,0.3741130926012095,0.3013439221715962
2022,4,annual,5,baseline,-0.1675150709626001,-0.1833401605497827,0.3727640777512336,0.3639258129975886,160,1.0,1324.0,0.6623312208322991,-0.660633427428306
2022,4,annual,5,constant_075,-0.1284159584337907,-0.1374429854342592,0.2951591165526261,0.2877231900667551,160,0.75,993.0,0.4966862806461466,-0.6603397553826863
2022,4,annual,5,constant_050,-0.0875182990248416,-0.091587247452423,0.2079742213312033,0.2024133976527897,160,0.5,662.0,0.3310827775936812,-0.6600461769441509
2022,4,annual,5,slow_conflict_half,-0.0803425621653419,-0.0837540284583116,0.3109821519117762,0.3055303164759528,159,0.8373607617678764,1099.0,0.549721998339382,-0.3576472175210767
2022,4,annual,5,chop_half,-0.1828384991044421,-0.2019185281426056,0.3706231868799579,0.3628171774345341,160,0.941609773625584,1320.0,0.6602949994176834,-0.7621787188705474
2022,4,annual,5,slow_conflict_half_matched_constant,-0.1422792709476109,-0.1534767230926735,0.3233102447474317,0.3153349241535711,160,0.8373607617678764,1108.6656485806684,0.5545650422108444,-0.6604423663945763
2022,4,annual,5,chop_half_matched_constant,-0.1585398857262854,-0.172616664842155,0.3554387023029358,0.3468900967685788,160,0.941609773625584,1246.6913402802732,0.6236393286834538,-0.6605648287384193
2022,4,cumulative,0,baseline,0.6222841890987449,0.9676702988160352,0.1342488976519555,0.1101146064801656,55,0.99995517705065,2677.0,0.0,2.0153541916198554
2022,4,cumulative,0,constant_075,0.4374581238870145,0.7257527241120264,0.1024786465969659,0.083778331041862,55,0.7499663827879874,2007.75,0.0,2.0153541916198554
2022,4,cumulative,0,constant_050,0.2736892042797351,0.4838351494080176,0.0695425306076346,0.0566626300629056,55,0.499977588525325,1338.5,0.0,2.0153541916198554
2022,4,cumulative,0,slow_conflict_half,0.5432130316076349,0.8677332542190397,0.137555878462023,0.1217462082579974,81,0.8331913939937248,2231.0,0.0,2.1003218129919428
2022,4,cumulative,0,chop_half,0.5501097561215383,0.8766514776504193,0.1302607022610173,0.114643067640224,90,0.9407440609592111,2652.0,0.0,1.904093641995752
2022,4,cumulative,0,slow_conflict_half_matched_constant,0.4965243998106406,0.8062907055243116,0.1131828311597327,0.0926315009498121,55,0.8331913939937244,2230.553341700659,0.0,2.015354191619856
2022,4,cumulative,0,chop_half_matched_constant,0.5764657052552732,0.910370892086196,0.1268271036500723,0.1039459675282922,55,0.9407440609592111,2518.4847371016185,0.0,2.015354191619856
2022,4,cumulative,1,baseline,0.4190274819620366,0.6999435302471666,0.1482673942022977,0.1292730095452875,102,0.99995517705065,2677.0,0.2677267685688686,1.4396158540673594
2022,4,cumulative,1,constant_075,0.3001521988420628,0.5249626672939665,0.1134002030448972,0.0986121856942627,102,0.7499663827879874,2007.75,0.20079005681806,1.439630070390009
2022,4,cumulative,1,constant_050,0.1912333855968877,0.3499784577119424,0.0771059059592251,0.0668719596231708,102,0.499977588525325,1338.5,0.1338566916960751,1.4396442857736609
2022,4,cumulative,1,slow_conflict_half,0.3803092677137158,0.6446151621996132,0.1515433898304085,0.1348228394362098,90,0.8331913939937248,2231.0,0.2231180920194264,1.5431296189493222
2022,4,cumulative,1,chop_half,0.3575938431472493,0.6114277996537323,0.1550385405832081,0.1393495467999432,111,0.9407440609592111,2652.0,0.265223677996687,1.312398246773947
2022,4,cumulative,1,slow_conflict_half_matched_constant,0.338578718959624,0.5832167871495647,0.125163666178286,0.1089376543328402,102,0.8331913939937244,2230.553341700659,0.2230739183747469,1.4396253376676948
2022,4,cumulative,1,chop_half_matched_constant,0.3899244082864448,0.6584987262721591,0.1401348839281683,0.1221064210236765,102,0.9407440609592111,2518.4847371016185,0.2518721658140368,1.4396192213604806
2022,4,cumulative,3,baseline,0.0856345543026292,0.1643293174276612,0.2522540089009123,0.2439299855097442,160,0.99995517705065,2677.0,0.8033409813883738,0.3296385113205761
2022,4,cumulative,3,constant_075,0.0635858674380592,0.1232921856402574,0.1958778797273925,0.1891737170293075,160,0.7499663827879874,2007.75,0.602460538471769,0.3297603240307487
2022,4,cumulative,3,constant_050,0.0419692767963057,0.0822249161121824,0.135259835058581,0.130460298472893,160,0.499977588525325,1338.5,0.4016102332958352,0.3298821130551641
2022,4,cumulative,3,slow_conflict_half,0.1042155737161904,0.1982703896804886,0.2103562710567507,0.2014057499664049,141,0.8331913939937248,2231.0,0.6694628645385511,0.4642400516427641
2022,4,cumulative,3,chop_half,0.0412471327754802,0.0808383217162607,0.2504653116381838,0.2442004224670302,193,0.9407440609592111,2652.0,0.7958131559341586,0.169455277309823
2022,4,cumulative,3,slow_conflict_half_matched_constant,0.0708778192926371,0.1369574079972568,0.2151023039143557,0.2078287903990119,160,0.8331913939937244,2230.553341700659,0.6693332975270548,0.3297197733868376
2022,4,cumulative,3,chop_half_matched_constant,0.0803727216681233,0.1546121885082466,0.23926831957824,0.2313038792054123,160,0.9407440609592111,2518.4847371016185,0.7557587035779494,0.3296673654209714
2022,4,cumulative,5,baseline,-0.1695185086086088,-0.3714992725604149,0.3727640777512344,0.3639258129975887,319,0.99995517705065,2677.0,1.33916957137645,-0.7268826854451792
2022,4,cumulative,5,constant_075,-0.1299889997866965,-0.278498846980208,0.2951591165526259,0.2877231900667552,319,0.7499663827879874,2007.75,1.0042515710922346,-0.7265606401864271
2022,4,cumulative,5,constant_050,-0.0886161258560517,-0.1855821876181063,0.2079742213312038,0.2024133976527898,319,0.499977588525325,1338.5,0.6694173370261239,-0.7262386972889718
2022,4,cumulative,5,slow_conflict_half,-0.1167169935909822,-0.2482192483392709,0.3109821519117766,0.3055303164759529,316,0.8331913939937248,2231.0,1.1159525025583106,-0.5684490746710956
2022,4,cumulative,5,chop_half,-0.2014601336927122,-0.4499407721541315,0.3914076477159538,0.3816927587073797,484,0.9407440609592111,2652.0,1.3265922498045508,-0.921143008695954
2022,4,cumulative,5,slow_conflict_half_matched_constant,-0.1433496087741337,-0.3094507770209682,0.3220043843704803,0.3140533318973347,319,0.8331913939937244,2230.553341700659,1.11574148254528,-0.7266678425040655
2022,4,cumulative,5,chop_half_matched_constant,-0.1603180066915991,-0.3494640764376182,0.3551909579453629,0.3466465950829221,319,0.9407440609592111,2518.4847371016185,1.2598349685238142,-0.7268063981352685
2022,4,cumulative_simple_equity,0,baseline,0.5714818798430754,0.9040380934083392,0.1367285115915066,0.1143246531516916,70,0.99995517705065,2677.0,0.0,1.8830622263386452
2022,4,cumulative_simple_equity,0,slow_conflict_half,0.5048254062221066,0.8173537646330203,0.1401988897220362,0.1243190765925115,84,0.8331913939937248,2231.0,0.0,1.9796278953052644
2022,4,cumulative_simple_equity,0,chop_half,0.5054736643780143,0.8182151516922128,0.1349576657429618,0.119319797987165,90,0.9407440609592111,2652.0,0.0,1.7777669591337768
2023,0,annual,0,baseline,0.3153381142994245,0.2740937537199994,0.1187587283591421,0.1021658112307624,71,1.0,1424.0,0.0,1.6825509260832163
2023,0,annual,0,constant_075,0.2282253409466532,0.2055703152899995,0.0904614282378401,0.0776471283966853,71,0.75,1068.0,0.0,1.6825509260832163
2023,0,annual,0,constant_050,0.1468819094830228,0.1370468768599997,0.0612554811660108,0.0524588722544875,71,0.5,712.0,0.0,1.6825509260832163
2023,0,annual,0,slow_conflict_half,0.29808165917433,0.2608875278395143,0.1064482298169435,0.0911059872018881,71,0.8304924242424242,1173.0,0.0,1.8942723267350765
2023,0,annual,0,chop_half,0.2946128099460663,0.2582116619869046,0.1137944078896187,0.1003664229031945,119,0.9263515840220384,1432.0,0.0,1.6537073836151546
2023,0,annual,0,slow_conflict_half_matched_constant,0.2556241579901691,0.2276327859966282,0.0996701047847421,0.0856136211489773,71,0.830492424242424,1182.621212121212,0.0,1.6825509260832168
2023,0,annual,0,chop_half_matched_constant,0.2890521526699453,0.2539071829290679,0.1105152483635721,0.0950112735613927,71,0.9263515840220384,1319.124655647383,0.0,1.6825509260832163
2023,0,annual,1,baseline,0.1407426661368887,0.1316795118210478,0.1308878387217957,0.1223124991637732,129,1.0,1424.0,0.1424142418989515,0.7939994344618958
2023,0,annual,1,constant_075,0.1038038991424663,0.0987623044889094,0.0998660733775946,0.0932131868045756,129,0.75,1068.0,0.1068080108010901,0.7940212600264581
2023,0,annual,1,constant_050,0.0680593569077983,0.0658433166226485,0.0677374017279574,0.0631494754133607,129,0.5,712.0,0.0712035602373511,0.7940430841551903
2023,0,annual,1,slow_conflict_half,0.1543969302410409,0.1435780692926309,0.1165335850143917,0.101364507482168,125,0.8304924242424242,1173.0,0.1173094585468834,1.025702499144824
2023,0,annual,1,chop_half,0.121872526525079,0.1149991879233443,0.1373867573155434,0.1288755411655049,129,0.9263515840220384,1432.0,0.1432124740635603,0.7237855286691678
2023,0,annual,1,slow_conflict_half_matched_constant,0.1155648204947254,0.109360842117231,0.1099731027925624,0.1026860424338491,129,0.830492424242424,1182.621212121212,0.1182719438793972,0.7940142330127824
2023,0,annual,1,chop_half_matched_constant,0.1297343268761825,0.1219824961226746,0.1218617580228703,0.1138383852775042,129,0.9263515840220384,1319.124655647383,0.1319246868063932,0.7940058642841251
2023,0,annual,3,baseline,-0.1420714496114188,-0.1532344575670804,0.2513145700520494,0.2454380853121893,212,1.0,1424.0,0.4273282112870798,-0.8916726867769154
2023,0,annual,3,constant_075,-0.1085463163809822,-0.1149017963443022,0.1951149699210559,0.1903823610996685,212,0.75,1068.0,0.3204721116343017,-0.8914896685820145
2023,0,annual,3,constant_050,-0.0737259794117944,-0.0765851695494424,0.1347091562773119,0.1313212984115796,212,0.5,712.0,0.2136320464094421,-0.8913066855335124
2023,0,annual,3,slow_conflict_half,-0.0870714116529119,-0.0910976179335452,0.1812509998202346,0.1804117615379513,223,0.8304924242424242,1173.0,0.3519851457730596,-0.6298979216025579
2023,0,annual,3,chop_half,-0.1576002650014097,-0.1715006327414922,0.2684809036895633,0.2617589266940047,212,0.9263515840220384,1432.0,0.4297122947283969,-1.0424727679100274
2023,0,annual,3,slow_conflict_half_matched_constant,-0.1194794402481205,-0.1272420012311719,0.2136541814289672,0.2085324145903519,212,0.830492424242424,1182.621212121212,0.3548747872278001,-0.8915485910578926
2023,0,annual,3,chop_half_matched_constant,-0.1323268860835036,-0.1419402321225928,0.2351779114140169,0.229618825052041,212,0.9263515840220384,1319.124655647383,0.3958474150516607,-0.8916187671237822
2023,0,annual,5,baseline,-0.354843582472128,-0.4382624837914765,0.4193689423503503,0.4138409726297962,212,1.0,1424.0,0.7123562375114758,-2.4619507206425686
2023,0,annual,5,constant_075,-0.2800906911896991,-0.3286300348913545,0.3348017760351527,0.3300572655854066,212,0.75,1068.0,0.5342003501813541,-2.461477130886929
2023,0,annual,5,constant_050,-0.1967121434067056,-0.2190421528177964,0.2379479463859435,0.2343284554063515,212,0.5,712.0,0.3560890296777961,-2.4610036885227906
2023,0,annual,5,slow_conflict_half,-0.2780858410564394,-0.3258490405876665,0.33617617071491,0.3334964429298886,223,0.8304924242424242,1173.0,0.586736568427181,-2.1806617518448634
2023,0,annual,5,chop_half,-0.3675159942625151,-0.4581003460717581,0.4330072083827548,0.4276090834589518,212,0.9263515840220384,1432.0,0.7163120080586628,-2.689798884205611
2023,0,annual,5,slow_conflict_half_matched_constant,-0.305055640978326,-0.3639234955838549,0.3632918757358047,0.3582613694065008,212,0.830492424242424,1182.621212121212,0.5915562815804831,-2.461629596345094
2023,0,annual,5,chop_half_matched_constant,-0.3336637306904672,-0.4059608269921709,0.3956367424000784,0.3903083523023611,212,0.9263515840220384,1319.124655647383,0.6598680099212388,-2.4618111887820366
2023,0,cumulative,0,baseline,0.588291504207512,1.3879767385797313,0.1432380473341723,0.1163695888702462,71,0.9999713434204494,4209.0,0.0,2.1154870767973804
2023,0,cumulative,0,constant_075,0.4148084977327389,1.0409825539347983,0.1094770240135646,0.0886126618929236,71,0.749978507565337,3156.75,0.0,2.11548707679738
2023,0,cumulative,0,constant_050,0.2602743765575463,0.6939883692898656,0.074385635015409,0.0599838240063345,71,0.4999856717102247,2104.5,0.0,2.1154870767973804
2023,0,cumulative,0,slow_conflict_half,0.5309062275136214,1.2775795968752888,0.1067691345686433,0.0911059872018878,71,0.8323590096286108,3485.0,0.0,2.266863154757457
2023,0,cumulative,0,chop_half,0.5447996454198508,1.3046826678021417,0.1188802527790455,0.1003664229031941,119,0.9307800320953692,4187.0,0.0,2.065438577117608
2023,0,cumulative,0,slow_conflict_half_matched_constant,0.4697750331721904,1.155328051261982,0.1207467996946154,0.0978544456650848,71,0.8323590096286108,3503.4994698380856,0.0,2.115487076797381
2023,0,cumulative,0,chop_half_matched_constant,0.5382509413545011,1.2919380558085387,0.1340241159075917,0.1087729394584466,71,0.9307800320953692,3917.765424845967,0.0,2.115487076797381
2023,0,cumulative,1,baseline,0.3803607563576761,0.9670346479678894,0.15159413837798,0.125962988952177,129,0.9999713434204494,4209.0,0.4209420906118417,1.453536957703411
2023,0,cumulative,1,constant_075,0.2734901654099287,0.7252838787548914,0.1159988599273388,0.096043656022896,129,0.749978507565337,3156.75,0.3156986751799069,1.4535532812110026
2023,0,cumulative,1,constant_050,0.1748916717760369,0.483527847338438,0.0789102772128263,0.0651002771075006,129,0.4999856717102247,2104.5,0.2104605219514276,1.4535696036415082
2023,0,cumulative,1,slow_conflict_half,0.362994050786055,0.9290513637332192,0.116533585014392,0.101364507482168,125,0.8323590096286108,3485.0,0.3485282331420695,1.6284523361670855
2023,0,cumulative,1,chop_half,0.3435499034232879,0.8859458781763023,0.1373867573155443,0.1288755411655053,129,0.9307800320953692,4187.0,0.4187367896258394,1.3841474638286253
2023,0,cumulative,1,slow_conflict_half_matched_constant,0.307760737618013,0.8049489419768792,0.127890595404495,0.1060144615102821,129,0.8323590096286108,3503.4994698380856,0.3503791092851029,1.4535479022208444
2023,0,cumulative,1,chop_half_matched_constant,0.3499150737016023,0.9001250463070205,0.1418882757016516,0.1177826426819534,129,0.9307800320953692,3917.765424845967,0.3918130095015181,1.4535414757202687
2023,0,cumulative,3,baseline,0.0425113973471703,0.1248978220145269,0.2744360819297648,0.2660932264143014,401,0.9999713434204494,4209.0,1.263078916565204,0.1825940858136427
2023,0,cumulative,3,constant_075,0.0317414935095295,0.0937444346879237,0.2138166960343467,0.207047418722341,401,0.749978507565337,3156.75,0.9472381192468744,0.1827331856427522
2023,0,cumulative,3,constant_050,0.0210667216544997,0.0625436590984789,0.1481549950749126,0.1432728974082997,401,0.4999856717102247,2104.5,0.6314447101913867,0.1828722585098028
2023,0,cumulative,3,slow_conflict_half,0.0803392879827772,0.2318254420176538,0.2007863269411187,0.1933537040739885,385,0.8323590096286108,3485.0,1.0457541548576348,0.3965107014925321
2023,0,cumulative,3,chop_half,0.0162138669347769,0.0482514778681396,0.2949491964060349,0.2858940241896696,401,0.9307800320953692,4187.0,1.256431189934002,0.073421649298207
2023,0,cumulative,3,slow_conflict_half_matched_constant,0.0352799747142589,0.1040156913216514,0.2343302041490083,0.2270096071329993,401,0.8323590096286108,3503.4994698380856,1.051312359940331,0.1826873508531028
2023,0,cumulative,3,chop_half_matched_constant,0.0395210184725259,0.1162801437069092,0.2581401862544681,0.2502036384182706,401,0.9307800320953692,3917.765424845967,1.1756579121016295,0.1826325876142251
2023,0,cumulative,5,baseline,-0.2127363099495163,-0.7175760883217057,0.544508659129862,0.5385070829677813,401,0.9999713434204494,4209.0,2.1055528269014365,-1.020510793672336
2023,0,cumulative,5,constant_075,-0.1641684550679003,-0.5379845624368144,0.445492402576746,0.4400214512403137,401,0.749978507565337,3156.75,1.5789671163716128,-1.0201450508282717
2023,0,cumulative,5,constant_050,-0.1126433128046978,-0.3585247496648986,0.3250007949481566,0.3205680110904205,401,0.4999856717102247,2104.5,1.052513118954764,-1.0197794236177324
2023,0,cumulative,5,slow_conflict_half,-0.1437636650323983,-0.4656265460849276,0.4482936588963809,0.4422457313196868,401,0.8323590096286108,3485.0,1.7432061429602164,-0.7770791832867977
2023,0,cumulative,5,chop_half,-0.2314470710070168,-0.7897375357643657,0.5590412561295409,0.5526415677388049,726,0.9307800320953692,4187.0,2.094420203566508,-1.1704751675953735
2023,0,cumulative,5,slow_conflict_half_matched_constant,-0.1804913740719099,-0.5971510650328565,0.4802912999294328,0.4745974644699665,401,0.8323590096286108,3503.4994698380856,1.7524791162948383,-1.0202655618214322
2023,0,cumulative,5,chop_half_matched_constant,-0.1995801914822004,-0.6678567849170377,0.5190196916122127,0.5131233765036898,401,0.9307800320953692,3917.765424845967,1.959794840725576,-1.0204095542867808
2023,0,cumulative_simple_equity,0,baseline,0.546768608011129,1.3085039572502564,0.1464640577937627,0.1199494335936854,83,0.9999713434204494,4209.0,0.0,1.9949067309801745
2023,0,cumulative_simple_equity,0,slow_conflict_half,0.4997906422382029,1.2159765795777315,0.1086907715218802,0.0917362710754128,71,0.8323590096286108,3485.0,0.0,2.159375061911613
2023,0,cumulative_simple_equity,0,chop_half,0.5078238738176571,1.2320024046423732,0.1217988965349692,0.1041372601972385,120,0.9307800320953692,4187.0,0.0,1.9514625584369152
2023,1,annual,0,baseline,0.118879870069562,0.1123280688479678,0.1711508370695298,0.1702248192493131,128,1.0,1388.0,0.0,0.6088220403560743
2023,1,annual,0,constant_075,0.0878965396034749,0.0842460516359758,0.1313263911873742,0.1305986095313733,128,0.75,1041.0,0.0,0.6088220403560746
2023,1,annual,0,constant_050,0.0577711803927927,0.0561640344239839,0.0895884650717181,0.0890800360346212,128,0.5,694.0,0.0,0.6088220403560743
2023,1,annual,0,slow_conflict_half,0.1490776674945997,0.1389595923128522,0.1107999613494686,0.1085108688069544,86,0.830803090190442,1143.0,0.0,0.8791041185095134
2023,1,annual,0,chop_half,0.1250378571265645,0.1178166858693771,0.1757605330795857,0.1732335817105055,128,0.9291681638519584,1389.5,0.0,0.6547960063847188
2023,1,annual,0,slow_conflict_half_matched_constant,0.0978157311260342,0.0933225067140163,0.1444031122686028,0.1436090215709642,128,0.830803090190442,1153.1546891843336,0.0,0.6088220403560741
2023,1,annual,0,chop_half_matched_constant,0.1100129317487767,0.1043716654805026,0.1600565785203643,0.1591846698073003,128,0.929168163851958,1289.685411426518,0.0,0.6088220403560741
2023,1,annual,1,baseline,-0.0261381400871616,-0.0264858130029765,0.2130229137119942,0.2085842595042438,212,1.0,1388.0,0.1388138818509443,-0.141529843463308
2023,1,annual,1,constant_075,-0.0196658113731144,-0.0198617566448619,0.1644501501284778,0.1609181842025987,212,0.75,1041.0,0.1041078082808378,-0.1415113472072421
2023,1,annual,1,constant_050,-0.0131521799742551,-0.0132394358073667,0.1128805316486756,0.1103823229598384,212,0.5,694.0,0.0694034702313506,-0.141492852171191
2023,1,annual,1,slow_conflict_half,0.0249567445900655,0.0246504112999735,0.1362248806200383,0.1348711238242573,128,0.830803090190442,1143.0,0.1143091810128786,0.1538885067332721
2023,1,annual,1,chop_half,-0.0209234567824133,-0.0211454544031354,0.2146304964775797,0.2113140972261127,128,0.9291681638519584,1389.5,0.1389621402725127,-0.115933917441483
2023,1,annual,1,slow_conflict_half_matched_constant,-0.0217622533056837,-0.0220025437106034,0.1804686330814614,0.1766302742925974,212,0.830803090190442,1153.1546891843336,0.1153250504246197,-0.1415173252923868
2023,1,annual,1,chop_half_matched_constant,-0.0243085311176024,-0.0246088604932187,0.1995548736270594,0.1953608747815903,212,0.929168163851958,1289.685411426518,0.1289805259737214,-0.1415246028443202
2023,1,annual,3,baseline,-0.2622844048945237,-0.3041969011425285,0.3534047373746143,0.349237244921023,212,1.0,1388.0,0.4165249699904964,-1.57963230659222
2023,1,annual,3,constant_075,-0.2039746420717539,-0.2281242369513912,0.2789230873171817,0.2754402759217738,212,0.75,1041.0,0.3123702885873671,-1.5794751304528571
2023,1,annual,3,constant_050,-0.1410694428980516,-0.1520672018234217,0.1958707482904492,0.1932835609881955,212,0.5,694.0,0.2082312362474056,-1.5793179847220504
2023,1,annual,3,slow_conflict_half,-0.184556429115059,-0.2040230550418237,0.2657009808991967,0.2610646127448569,223,0.830803090190442,1143.0,0.342982647354676,-1.2399234806746404
2023,1,annual,3,chop_half,-0.2585463323635343,-0.2991426040004081,0.3540377255866998,0.3485111916003038,212,0.9291681638519584,1389.5,0.4169592898697852,-1.5955788993905315
2023,1,annual,3,slow_conflict_half_matched_constant,-0.2233070284450735,-0.2527101527091997,0.3038892982522155,0.3001638519288565,212,0.830803090190442,1153.1546891843336,0.346032659423216,-1.5795259283975562
2023,1,annual,3,chop_half_matched_constant,-0.246210289311676,-0.2826418481648898,0.3331190787304695,0.3291262170199913,212,0.929168163851958,1289.685411426518,0.3870135136453923,-1.5795877712061657
2023,1,annual,5,baseline,-0.4412310187191969,-0.5820191626590044,0.484136845864643,0.4795814813610731,223,1.0,1388.0,0.6943472315069722,-2.93644262497421
2023,1,annual,5,constant_075,-0.3536726911795242,-0.4364492335127036,0.3912660261620307,0.3872390901643553,223,0.75,1041.0,0.5206952851486795,-2.936030936260029
2023,1,annual,5,constant_050,-0.2524265700562871,-0.2909227445035309,0.2817050820952267,0.2785409379766854,223,0.5,694.0,0.3470867789275148,-2.935619377162015
2023,1,annual,5,slow_conflict_half,-0.3512903444167198,-0.4327700343613676,0.3949029963965975,0.3893492176519106,223,0.830803090190442,1143.0,0.5717296266742198,-2.559670323007721
2023,1,annual,5,chop_half,-0.4385524801110376,-0.5772369733053213,0.4790027991496303,0.4760464537175194,212,0.9291681638519584,1389.5,0.6950536591746985,-2.994353381589499
2023,1,annual,5,slow_conflict_half_matched_constant,-0.3833751617469808,-0.4834944817383941,0.422977471937551,0.4187474828317449,223,0.830803090190442,1153.1546891843336,0.5768169884524106,-2.936163984961361
2023,1,annual,5,chop_half_matched_constant,-0.4177007624953011,-0.5407708095943269,0.4593632341820007,0.4549287197897017,223,0.929168163851958,1289.685411426518,0.6451424750748296,-2.9363259691405004
2023,1,cumulative,0,baseline,0.4461816845539645,1.1067802864398522,0.2013373015072023,0.1790731598882968,128,0.999970097482208,4077.0,0.0,1.6504631687122555
2023,1,cumulative,0,constant_075,0.3187641810799324,0.8300852148298892,0.1551637291390743,0.1375610913651481,128,0.749977573111656,3057.75,0.0,1.650463168712255
2023,1,cumulative,0,constant_050,0.2025729435481094,0.5533901432199261,0.1063206959469198,0.0939498688749594,128,0.499985048741104,2038.5,0.0,1.6504631687122555
2023,1,cumulative,0,slow_conflict_half,0.412511339104336,1.036107635072169,0.1493011355450303,0.1258097248641934,86,0.8322020214102027,3381.0,0.0,1.8040521164433416
2023,1,cumulative,0,chop_half,0.4314785750145943,1.0761236359086028,0.1757605330795901,0.1732335817105054,128,0.936068416960708,4043.5,0.0,1.674107699805429
2023,1,cumulative,0,slow_conflict_half_matched_constant,0.3593828067895183,0.921092334612132,0.1706378805760589,0.1514413562284251,128,0.8322020214102029,3392.9891002063337,0.0,1.6504631687122546
2023,1,cumulative,0,chop_half_matched_constant,0.412485639246943,1.0360530512458697,0.1897804269844948,0.1686561120532878,128,0.936068416960708,3816.465057863102,0.0,1.650463168712255
2023,1,cumulative,1,baseline,0.2623981075273188,0.6990395160040368,0.2431887699532054,0.2316957379428819,293,0.999970097482208,4077.0,0.4077407704358153,1.0291373585157098
2023,1,cumulative,1,constant_075,0.1909632427758077,0.5242872822242406,0.1885872806402276,0.1793630538852037,293,0.749977573111656,3057.75,0.3057979326056486,1.0291526961767297
2023,1,cumulative,1,constant_050,0.123568727855663,0.3495299512905002,0.1300479863264655,0.1234672792513304,293,0.499985048741104,2038.5,0.2038601919294259,1.0291680328249266
2023,1,cumulative,1,slow_conflict_half,0.2619524875136589,0.6979803445422815,0.1558268668844865,0.1393097263709982,163,0.8322020214102027,3381.0,0.3381272905298876,1.201323335069163
2023,1,cumulative,1,chop_half,0.2509617025521451,0.6717378526459873,0.2146304964775773,0.2113140972261126,128,0.936068416960708,4043.5,0.4043857832626154,1.0322859293710258
2023,1,cumulative,1,slow_conflict_half_matched_constant,0.2140012583687936,0.5817651875531258,0.2069673951610736,0.19695750320342,293,0.8322020214102029,3392.9891002063337,0.3393271470590061,1.0291476516148033
2023,1,cumulative,1,chop_half_matched_constant,0.2437407926016522,0.654370819589756,0.2295915119049888,0.2186449183055355,293,0.936068416960708,3816.465057863102,0.3816822316561138,1.029141279138565
2023,1,cumulative,3,baseline,-0.0381488613232621,-0.1166867453712127,0.468370420511082,0.463917647466646,402,0.999970097482208,4077.0,1.2234670318110648,-0.1674308258647867
2023,1,cumulative,3,constant_075,-0.0287280132446104,-0.0874462199115585,0.3773821545023098,0.3734750659413598,402,0.749977573111656,3057.75,0.9175314347414476,-0.1672996089424923
2023,1,cumulative,3,constant_050,-0.0192298992246598,-0.0582515963773269,0.2708377405069508,0.2677904506184939,402,0.499985048741104,2038.5,0.611641739597253,-0.1671684175102518
2023,1,cumulative,3,slow_conflict_half,0.0072132127042176,0.0215619657442631,0.3636505142115421,0.3583865041998614,401,0.8322020214102027,3381.0,1.0145456693279058,0.0362574932379737
2023,1,cumulative,3,chop_half,-0.0447187681486065,-0.1372484947175131,0.4572080085512641,0.4515141359478625,402,0.936068416960708,4043.5,1.2133721306261158,-0.2057940975008514
2023,1,cumulative,3,slow_conflict_half_matched_constant,-0.0318351065482236,-0.0970585852126714,0.4089074355244127,0.4047901024962625,402,0.8322020214102029,3392.9891002063337,1.018150919824803,-0.1673427643756174
2023,1,cumulative,3,chop_half_matched_constant,-0.0357480822825566,-0.109208079234307,0.446460786485211,0.4421219318602002,402,0.936068416960708,3816.465057863102,1.1452611304801767,-0.1673972825089049
2023,1,cumulative,5,baseline,-0.2672225018854025,-0.9327395184450714,0.6513554564302617,0.6487770340533633,402,0.999970097482208,4077.0,2.0395198048849235,-1.3044417360072786
2023,1,cumulative,5,constant_075,-0.2079423583210826,-0.6993633297552495,0.546232337985255,0.5437176289057839,402,0.749977573111656,3057.75,1.529448544585139,-1.304095461218769
2023,1,cumulative,5,constant_050,-0.1439029852961725,-0.4661147229838065,0.4094546195609432,0.4072747121213562,402,0.499985048741104,2038.5,1.0195048662037327,-1.3037492962860209
2023,1,cumulative,5,slow_conflict_half,-0.1961626332711591,-0.6550749313577284,0.5536442764744777,0.549212533102946,401,0.8322020214102027,3381.0,1.6911825664298976,-1.0760877780037277
2023,1,cumulative,5,chop_half,-0.2705811314968202,-0.946521397247128,0.6433819576218178,0.6408433642569344,402,0.936068416960708,4043.5,2.022645033155731,-1.3847197856786988
2023,1,cumulative,5,slow_conflict_half_matched_constant,-0.2279475712076079,-0.7761084549594821,0.5839042700460341,0.5813447864198561,402,0.8322020214102029,3392.9891002063337,1.697200789571614,-1.3042093415112244
2023,1,cumulative,5,chop_half_matched_constant,-0.2525025289069619,-0.8730730706284342,0.6270582090753436,0.6244769230623367,402,0.936068416960708,3816.465057863102,1.909126121874304,-1.3043532127421629
2023,1,cumulative_simple_equity,0,baseline,0.4056182034024745,1.0214316253041582,0.2046240932380912,0.1827136674279234,128,0.999970097482208,4077.0,0.0,1.5193894587293486
2023,1,cumulative_simple_equity,0,slow_conflict_half,0.3812636804059598,0.9689963718035512,0.1512839294181939,0.128042130315482,86,0.8322020214102027,3381.0,0.0,1.6836790202250431
2023,1,cumulative_simple_equity,0,chop_half,0.3946627875051236,0.99795796999519,0.1828353363372141,0.1802092845376209,128,0.936068416960708,4043.5,0.0,1.5488280564769978
2023,2,annual,0,baseline,0.0269314761768352,0.0265752063998772,0.1415104509539375,0.1349699976895368,140,1.0,1410.0,0.0,0.1521410413289833
2023,2,annual,0,constant_075,0.020131361511825,0.0199314047999079,0.1081306084639658,0.1030393765400379,140,0.75,1057.5,0.0,0.1521410413289832
2023,2,annual,0,constant_050,0.0133762757124499,0.0132876031999386,0.0734528889224992,0.0699301089109146,140,0.5,705.0,0.0,0.1521410413289833
2023,2,annual,0,slow_conflict_half,0.0764221527500113,0.0736427200657624,0.1040794932117671,0.0971243737924401,86,0.8314319080129356,1161.5,0.0,0.4872320884953697
2023,2,annual,0,chop_half,0.0104870485735544,0.0104324409298765,0.142024721140225,0.1364661872854602,212,0.9285393460294646,1415.5,0.0,0.0614786563466856
2023,2,annual,0,slow_conflict_half_matched_constant,0.0223413874081498,0.0220954745628875,0.1191434763716328,0.1135674276303813,140,0.8314319080129356,1172.3189902982394,0.0,0.1521410413289831
2023,2,annual,0,chop_half_matched_constant,0.0249831001246091,0.02467612477114,0.1320986739564633,0.1259606923749612,140,0.9285393460294646,1309.240477901545,0.0,0.1521410413289831
2023,2,annual,1,baseline,-0.1081335661768676,-0.1144388954804047,0.2103873676053561,0.2037297518304107,223,1.0,1410.0,0.141014101880282,-0.645377872598317
2023,2,annual,1,constant_075,-0.082246577371746,-0.0858265272433062,0.1623519649182878,0.1570605743177276,223,0.75,1057.5,0.1057579320432142,-0.6453582322402278
2023,2,annual,1,constant_050,-0.0556098672892566,-0.057215922035079,0.1113957455145268,0.1076574994645164,223,0.5,705.0,0.0705035252350176,-0.6453385931766771
2023,2,annual,1,slow_conflict_half,-0.0416254553344746,-0.04251661221416,0.1339954020753282,0.1290190822167063,223,0.8314319080129356,1161.5,0.1161593322799225,-0.2774612106218426
2023,2,annual,1,chop_half,-0.1228962033319961,-0.1311299393738074,0.2270801602077341,0.2220734241774589,212,0.9285393460294646,1415.5,0.141562380303684,-0.7615573537707077
2023,2,annual,1,slow_conflict_half_matched_constant,-0.0907599812068257,-0.0951461725817529,0.1783108490127984,0.1725547232011534,223,0.8314319080129356,1172.3189902982394,0.1172416471446404,-0.6453646295053945
2023,2,annual,1,chop_half_matched_constant,-0.1008092450723838,-0.1062600813372728,0.1969449807134203,0.1906597761385958,223,0.9285393460294646,1309.240477901545,0.1309362061084129,-0.6453722584148442
2023,2,annual,3,baseline,-0.327364529306663,-0.3965517443829757,0.3836324833737307,0.3771907118495013,223,1.0,1410.0,0.4231269507828529,-2.1694506900580843
2023,2,annual,3,constant_075,-0.2572457167209233,-0.2973899978716969,0.304353048341409,0.2989075076289941,223,0.75,1057.5,0.3173214026716049,-2.169284459306008
2023,2,annual,3,constant_050,-0.1798303977894128,-0.1982441281464892,0.2148873481902166,0.2107955105268602,223,0.5,705.0,0.2115317313464279,-2.169118260636357
2023,2,annual,3,slow_conflict_half,-0.2403452984408443,-0.274891288999218,0.290559192929652,0.2839035480990352,223,0.8314319080129356,1161.5,0.3485340090649804,-1.7446497069287583
2023,2,annual,3,chop_half,-0.3392164887409155,-0.4143290097817824,0.3917234738212567,0.3876950506597109,223,0.9285393460294646,1415.5,0.424761450711659,-2.3361481175386998
2023,2,annual,3,slow_conflict_half_matched_constant,-0.2808519094032736,-0.3296879750192282,0.3312360670274023,0.3254300599483585,223,0.8314319080129356,1172.3189902982394,0.3517834495821156,-2.169338601731628
2023,2,annual,3,chop_half_matched_constant,-0.3080250134142395,-0.3682054705701391,0.3619405495771584,0.3557509475566102,223,0.9285393460294646,1309.240477901545,0.3928815953412791,-2.1694031709498582
2023,2,annual,5,baseline,-0.4927633042323018,-0.6787775287765139,0.5189144265668925,0.513590051307554,238,1.0,1410.0,0.7053527351763911,-3.601407930590204
2023,2,annual,5,constant_075,-0.3989138291739957,-0.509016975646517,0.4223138142598535,0.417523328428261,238,0.75,1057.5,0.528948380446425,-3.6009743888672787
2023,2,annual,5,constant_050,-0.2877316561795363,-0.3393005511860814,0.3063429509397058,0.302511874957245,238,0.5,705.0,0.35258815438602,-3.6005409830452786
2023,2,annual,5,slow_conflict_half,-0.3979053920693495,-0.5073406899900506,0.4221948328653555,0.4207248898649108,238,0.8314319080129356,1161.5,0.5809834100558129,-3.130256912115504
2023,2,annual,5,chop_half,-0.502235010583423,-0.6976272221435404,0.5269406962889135,0.5242214634830268,238,0.9285393460294646,1415.5,0.708059663073417,-3.817426019717783
2023,2,annual,5,slow_conflict_half_matched_constant,-0.4312463161225705,-0.5643078315908248,0.4557375527409817,0.450732620309954,238,0.8314319080129356,1172.3189902982394,0.5864033061537123,-3.601115590458646
2023,2,annual,5,chop_half_matched_constant,-0.4675403839987185,-0.630248222769687,0.4930794890644381,0.4878715430040909,238,0.9285393460294646,1309.240477901545,0.6549243475408268,-3.601283992014603
2023,2,cumulative,0,baseline,0.2856535678809294,0.7538016065528166,0.193740415231469,0.1777361095150421,310,0.999970097482208,4099.0,0.0,1.118658463256042
2023,2,cumulative,0,constant_075,0.2073771975704489,0.5653512049146124,0.1491437998153127,0.1365078096310278,310,0.749977573111656,3074.25,0.0,1.1186584632560423
2023,2,cumulative,0,constant_050,0.1338666446637053,0.3769008032764083,0.1020804129720017,0.0932123233716959,310,0.499985048741104,2049.5,0.0,1.118658463256042
2023,2,cumulative,0,slow_conflict_half,0.282914574982233,0.7474035035214149,0.1569713550276345,0.1441028098169921,288,0.8324412415525387,3405.5,0.0,1.303526312648719
2023,2,cumulative,0,chop_half,0.2898910111719037,0.7636731820220202,0.1714359022068735,0.1624796152253215,212,0.9340051432330604,4071.5,0.0,1.1856724600846815
2023,2,cumulative,0,slow_conflict_half_matched_constant,0.2326563026997334,0.6275143095009297,0.1641208091022454,0.1503311087690016,310,0.8324412415525388,3412.278684847941,0.0,1.118658463256042
2023,2,cumulative,0,chop_half_matched_constant,0.2645190813427971,0.7040756311317612,0.182204993136072,0.1670524263239371,310,0.9340051432330604,3828.601566938788,0.0,1.118658463256042
2023,2,cumulative,1,baseline,0.1214474369579511,0.3438606160876638,0.2960242159625221,0.2852593313644401,382,0.999970097482208,4099.0,0.4099409904651531,0.5035462515044897
2023,2,cumulative,1,constant_075,0.0897711457641002,0.2579031485465876,0.2314537455822719,0.2226562922014802,382,0.749977573111656,3074.25,0.3074480563680249,0.5035614272277107
2023,2,cumulative,1,constant_050,0.058987770909994,0.1719405563433155,0.1609629212316776,0.1545721772091589,382,0.499985048741104,2049.5,0.2049602469330929,0.5035766019492239
2023,2,cumulative,1,slow_conflict_half,0.1452336184040278,0.4068259492044798,0.2075261868280404,0.2013829405814736,382,0.8324412415525387,3405.5,0.340577554316935,0.70104565964336
2023,2,cumulative,1,chop_half,0.1261774404664498,0.3564873062580724,0.2573427346638204,0.2486928984334155,382,0.9340051432330604,4071.5,0.407185875763948,0.5464490768527289
2023,2,cumulative,1,slow_conflict_half_matched_constant,0.100120088366631,0.2862580352639109,0.253382364236787,0.2438902508800137,382,0.8324412415525388,3412.278684847941,0.3412562742370187,0.5035564214055098
2023,2,cumulative,1,chop_half_matched_constant,0.1130009264102182,0.321179713941767,0.279532434568203,0.2692472911352961,382,0.9340051432330604,3828.601566938788,0.3828959171899943,0.5035502559850757
2023,2,cumulative,3,baseline,-0.1467953156051003,-0.4762674060506046,0.5386417184080523,0.5312118022106277,382,0.999970097482208,4099.0,1.2300690126034215,-0.6791182561742588
2023,2,cumulative,3,constant_075,-0.1122310677701306,-0.3571313439110729,0.440185388408519,0.4334373225818443,382,0.749977573111656,3074.25,0.9224825488256856,-0.6789887037275961
2023,2,cumulative,3,constant_050,-0.0762807946207165,-0.2380414314198668,0.3207341039831712,0.3152864132754812,382,0.499985048741104,2049.5,0.6149422346962753,-0.678859176417126
2023,2,cumulative,3,slow_conflict_half,-0.0874370231543398,-0.2744945405570832,0.4397416479555965,0.4339809599848713,382,0.8324412415525387,3405.5,1.0218980440784982,-0.4617139296078488
2023,2,cumulative,3,chop_half,-0.1416127380301636,-0.4580997811400349,0.5116715152766862,0.5056872855059787,382,0.9340051432330604,4071.5,1.221772963162055,-0.6844480051292122
2023,2,cumulative,3,slow_conflict_half_matched_constant,-0.1237831457475443,-0.3964250044944511,0.4747878054857465,0.4677560672244538,382,0.8324412415525388,3412.278684847941,1.0239393139953807,-0.6790314357068697
2023,2,cumulative,3,chop_half_matched_constant,-0.1378065278642838,-0.4448267636085463,0.5144815135358727,0.5071821746228706,382,0.9340051432330604,3828.601566938788,1.1489023947403076,-0.6790840690254697
2023,2,cumulative,5,baseline,-0.3509472158014826,-1.2967237020015256,0.73381480057384,0.7291807824389959,726,0.999970097482208,4099.0,2.050525308554342,-1.8005695184691264
2023,2,cumulative,5,constant_075,-0.2768342367445686,-0.972350434968272,0.6293451061462112,0.6245161194002526,726,0.749977573111656,3074.25,1.5377016398828844,-1.8002283297871355
2023,2,cumulative,5,constant_050,-0.1942930161054288,-0.6481054383858293,0.4839390296635915,0.4794665545327921,726,0.499985048741104,2049.5,1.0250062416622376,-1.799887249137038
2023,2,cumulative,5,slow_conflict_half,-0.2728907617271619,-0.9560356612922984,0.6225014028368994,0.619663534042244,726,0.8324412415525387,3405.5,1.7034391648137133,-1.5695720060523533
2023,2,cumulative,5,chop_half,-0.3457885889442229,-1.2729741637999097,0.7272137343852767,0.7235717099920623,726,0.9340051432330604,4071.5,2.0366473458219296,-1.853834679597384
2023,2,cumulative,5,slow_conflict_half_matched_constant,-0.3021691196927517,-1.0793354922017917,0.667688077999451,0.6628791263638637,726,0.8324412415525388,3412.278684847941,1.706849801702721,-1.800340863890639
2023,2,cumulative,5,chop_half_matched_constant,-0.3321599209957983,-1.2111196103856303,0.7095110326076902,0.7047902359808345,726,0.9340051432330604,3828.601566938788,1.915195241517392,-1.8004794792984278
2023,2,cumulative_simple_equity,0,baseline,0.2494478513966651,0.6681052045350538,0.199425889822797,0.1828694422949882,310,0.999970097482208,4099.0,0.0,0.9899826567573828
2023,2,cumulative_simple_equity,0,slow_conflict_half,0.2543324708189865,0.679810605945758,0.1589956413647418,0.1459930483504155,295,0.8324412415525387,3405.5,0.0,1.1842186241652222
2023,2,cumulative_simple_equity,0,chop_half,0.2566518591527467,0.6853527886644362,0.1761542053386166,0.1646166533262038,212,0.9340051432330604,4071.5,0.0,1.062630891780189
2023,3,annual,0,baseline,0.0774716541133555,0.0746172355623552,0.1643140028698341,0.1554917060529467,140,1.0,1418.0,0.0,0.4430116132105259
2023,3,annual,0,constant_075,0.0575584757973319,0.0559629266717664,0.1259579160202284,0.1190465932641133,140,0.75,1063.5,0.0,0.4430116132105262
2023,3,annual,0,constant_050,0.0380133207783778,0.0373086177811776,0.0858413720091212,0.0810286762107028,140,0.5,709.0,0.0,0.4430116132105259
2023,3,annual,0,slow_conflict_half,0.0949777666294394,0.0907340586143255,0.1123201420312583,0.1000328727125097,86,0.8314319080129356,1169.5,0.0,0.6196832883249631
2023,3,annual,0,chop_half,0.0868769946673837,0.0833084413563618,0.1624827498736775,0.1540576099562369,140,0.932806324110672,1415.5,0.0,0.513961712980232
2023,3,annual,0,slow_conflict_half_matched_constant,0.0640040002376743,0.0620391505342596,0.1386410576446993,0.1310872768816824,140,0.8314319080129356,1178.9704455623428,0.0,0.4430116132105259
2023,3,annual,0,chop_half_matched_constant,0.0720829401731234,0.0696034292202207,0.1541734094142058,0.1458469979518143,140,0.932806324110672,1322.719367588933,0.0,0.4430116132105261
2023,3,annual,1,baseline,-0.0649889637887284,-0.067196946328595,0.2191934429389652,0.2005299452488544,140,1.0,1418.0,0.1418141818909503,-0.3930664885404641
2023,3,annual,1,constant_075,-0.0491462848241067,-0.0503950503759482,0.1693688395879451,0.1545224167839685,140,0.75,1063.5,0.1063579770477147,-0.3930458940186671
2023,3,annual,1,constant_050,-0.033036884473298,-0.0335949274551734,0.1163656981574844,0.1058678812724127,140,0.5,709.0,0.070903545236351,-0.3930253008545322
2023,3,annual,1,slow_conflict_half,-0.0258844483396857,-0.0262253461747649,0.1543306300087274,0.1451035285698798,223,0.8314319080129356,1169.5,0.1169594047890905,-0.1766520704479992
2023,3,annual,1,chop_half,-0.0565896681271888,-0.0582539564505727,0.2122397978708844,0.2037272184612123,212,0.932806324110672,1415.5,0.1415623978069345,-0.3540497058825384
2023,3,annual,1,slow_conflict_half_matched_constant,-0.0543357585905961,-0.0558676974452439,0.1859376518084536,0.169791869214932,140,0.8314319080129356,1178.9704455623428,0.1179068479795036,-0.393052602074387
2023,3,annual,1,chop_half_matched_constant,-0.0607568123135789,-0.062680847483378,0.2061031788018225,0.1884160909118707,140,0.932806324110672,1322.719367588933,0.1322842767035987,-0.3930609531205508
2023,3,annual,3,baseline,-0.2959531913738382,-0.3509104355086272,0.3606380981442733,0.3498218217613706,223,1.0,1418.0,0.4255276710709825,-1.9919169611908076
2023,3,annual,3,constant_075,-0.2313802315612928,-0.2631588811213795,0.2849800695930266,0.2759276994187946,223,0.75,1063.5,0.319121807793146,-1.9917424901607013
2023,3,annual,3,constant_050,-0.1608982408209321,-0.1754232936012584,0.2003790725392986,0.1936448151647055,223,0.5,709.0,0.212731911382436,-1.9915680528226505
2023,3,annual,3,slow_conflict_half,-0.2291030740974171,-0.2602006031982624,0.2890316822017797,0.2806668693273849,223,0.8314319080129356,1169.5,0.350934661812588,-1.7043390302107064
2023,3,annual,3,chop_half,-0.2892632471847833,-0.3414531669430961,0.3560002941084714,0.3462841472971171,212,0.932806324110672,1415.5,0.4247616082994579,-2.0134154776331425
2023,3,annual,3,slow_conflict_half_matched_constant,-0.2530374533902369,-0.29174023351357,0.3105580670142382,0.3008749312517236,223,0.8314319080129356,1178.9704455623428,0.3537793840478297,-1.9917993164957848
2023,3,annual,3,chop_half_matched_constant,-0.2791494669113925,-0.3273234681967076,0.3411264922889541,0.3307351981288936,223,0.932806324110672,1322.719367588933,0.3969268974169283,-1.991870064479953
2023,3,annual,5,baseline,-0.4699253858599237,-0.63473750094837,0.5048185296814593,0.4963329724784474,235,1.0,1418.0,0.7093547365107251,-3.495603595481904
2023,3,annual,5,constant_075,-0.3787281799290546,-0.4759865793374752,0.4096635753400466,0.402092145547465,235,0.75,1063.5,0.5319495060092416,-3.4951481021125
2023,3,annual,5,constant_050,-0.2718731757122005,-0.3172800367715715,0.2962518883154605,0.290246986491246,235,0.5,709.0,0.3545886545527492,-3.494692751672764
2023,3,annual,5,slow_conflict_half,-0.3899724537748124,-0.4942511650881512,0.4242253995221687,0.4181679055653871,238,0.8314319080129356,1169.5,0.584985223702477,-3.1470606319618373
2023,3,annual,5,chop_half,-0.4646056279494829,-0.6247516596236824,0.5026492893408397,0.4943150013601575,235,0.932806324110672,1415.5,0.7080601009800442,-3.5732182090278584
2023,3,annual,5,slow_conflict_half_matched_constant,-0.4100345284410592,-0.527691266576353,0.442510073895231,0.4345782417838579,235,0.8314319080129356,1178.9704455623428,0.5897304171106128,-3.4952964531896518
2023,3,annual,5,chop_half_matched_constant,-0.4468161684649753,-0.5920649067787701,0.4808616910449897,0.4725679803956994,235,0.932806324110672,1322.719367588933,0.6616683359989908,-3.495481156336891
2023,3,cumulative,0,baseline,0.3261933641835484,0.8469381189250301,0.17492919632128,0.1554917060529471,140,0.999970097482208,4083.0,0.0,1.2712521077901977
2023,3,cumulative,0,constant_075,0.2358197681218216,0.6352035891937726,0.1342980127889466,0.1190465932641135,140,0.749977573111656,3062.25,0.0,1.2712521077901977
2023,3,cumulative,0,constant_050,0.1516046909350224,0.423469059462515,0.0916659184646213,0.081028676210703,140,0.499985048741104,2041.5,0.0,1.2712521077901977
2023,3,cumulative,0,slow_conflict_half,0.2984637058551573,0.7835454027183839,0.143733694217119,0.1224550232550308,86,0.8334280246396747,3390.5,0.0,1.3709479599770342
2023,3,cumulative,0,chop_half,0.314808225377708,0.821072456339767,0.1624827498736781,0.1540576099562373,140,0.938296154536212,4053.5,0.0,1.284823488739998
2023,3,cumulative,0,slow_conflict_half_matched_constant,0.2652811583427096,0.7058830711288233,0.1480789278619712,0.131384009464558,140,0.8334280246396742,3402.988382524446,0.0,1.2712521077901973
2023,3,cumulative,0,chop_half_matched_constant,0.3033017442774274,0.7947025437244417,0.1650861045962228,0.1466431475596471,140,0.9382961545362116,3831.177760832511,0.0,1.2712521077901977
2023,3,cumulative,1,baseline,0.1574266043054065,0.4385972884812135,0.2357894663766378,0.2297125954998517,310,0.999970097482208,4083.0,0.4083408304438165,0.6499580152383372
2023,3,cumulative,1,constant_075,0.115889532983787,0.3289556228347486,0.1826444626001799,0.1777746856721563,310,0.749977573111656,3062.25,0.3062479663590239,0.6499733516234957
2023,3,cumulative,1,constant_050,0.0758412899823904,0.2193088525320889,0.1258053000720779,0.1223364548985255,310,0.499985048741104,2041.5,0.204160206930426,0.6499886869959375
2023,3,cumulative,1,slow_conflict_half,0.1596937793751135,0.4444679609137003,0.1730089523806667,0.1529199690441691,292,0.8334280246396747,3390.5,0.3390774418046834,0.7686472010350104
2023,3,cumulative,1,chop_half,0.1486210749743937,0.415686473044813,0.2122397978708835,0.2037272184612125,212,0.938296154536212,4053.5,0.405385983294954,0.6424802537992993
2023,3,cumulative,1,slow_conflict_half_matched_constant,0.1295868619324352,0.3655558708910033,0.2007834504294415,0.1954901573823575,310,0.8334280246396742,3402.988382524446,0.3403272002378199,0.6499682322699558
2023,3,cumulative,1,chop_half_matched_constant,0.1470379679478881,0.4115488186775211,0.2230083839765346,0.2172123609607225,310,0.9382961545362116,3831.177760832511,0.3831537250469204,0.6499617988669554
2023,3,cumulative,3,baseline,-0.1184819648160591,-0.3783294531021318,0.4602002391708097,0.4503432227998876,378,0.999970097482208,4083.0,1.2252675720271622,-0.5464644565217096
2023,3,cumulative,3,constant_075,-0.0902262921881018,-0.2836781493888309,0.3702206222144859,0.3616152017776385,378,0.749977573111656,3062.25,0.9188817385826036,-0.5463332600218205
2023,3,cumulative,3,constant_050,-0.0610793158079305,-0.189072815161744,0.2652579399713286,0.2585800744111807,378,0.499985048741104,2041.5,0.612541874624259,-0.5462020890073753
2023,3,cumulative,3,slow_conflict_half,-0.074989826214416,-0.2338516285292375,0.3858676232556146,0.3755299012899168,383,0.8334280246396747,3390.5,1.0173970312476213,-0.3950439679533348
2023,3,cumulative,3,chop_half,-0.1234549325120845,-0.3953014751597763,0.4442550102315016,0.4339514227175011,378,0.938296154536212,4053.5,1.2163739314995432,-0.5960202270770428
2023,3,cumulative,3,slow_conflict_half_matched_constant,-0.0997561303479775,-0.3152687582476003,0.4018104115593098,0.3927202238468901,378,0.8334280246396742,3402.988382524446,1.0211518293764237,-0.5463770521258571
2023,3,cumulative,3,chop_half_matched_constant,-0.1115925508234696,-0.3549744061851207,0.4392726442467136,0.4296703932818447,378,0.9382961545362116,3831.177760832511,1.1496769499095625,-0.5464320875634987
2023,3,cumulative,5,baseline,-0.3286923343475987,-1.1955831869606444,0.7078976199513839,0.7038363392090666,726,0.999970097482208,4083.0,2.042521305885674,-1.683289250034151
2023,3,cumulative,5,constant_075,-0.2583159485652099,-0.8964957995634786,0.6025954018485827,0.5984586534850397,726,0.749977573111656,3062.25,1.5316993887572512,-1.68294303356703
2023,3,cumulative,5,constant_050,-0.1805965695086659,-0.5975361818662644,0.4593996974241954,0.4556547238843538,726,0.499985048741104,2041.5,1.0210052413287791,-1.6825969269384984
2023,3,cumulative,5,slow_conflict_half,-0.2622352823765985,-0.9123909480631004,0.611966430482648,0.6071815727041164,726,0.8334280246396747,3390.5,1.695936350781484,-1.505472248522395
2023,3,cumulative,5,chop_half,-0.3311480387370325,-1.20657758086093,0.7128448686878259,0.7088232336013659,726,0.938296154536212,4053.5,2.027650037200697,-1.774667571476927
2023,3,cumulative,5,slow_conflict_half_matched_constant,-0.2825893210572078,-0.996320485128398,0.6414010295408648,0.6372504407313477,726,0.8334280246396742,3402.988382524446,1.7022035562572213,-1.6830585924889558
2023,3,cumulative,5,chop_half_matched_constant,-0.3119738985485798,-1.121785510836879,0.6848452785292991,0.6807355192240964,726,0.9382961545362116,3831.177760832511,1.916488054561321,-1.6832038271320662
2023,3,cumulative_simple_equity,0,baseline,0.2903467753162395,0.7647330009692408,0.1775531365788215,0.1617897639650451,140,0.999970097482208,4083.0,0.0,1.1473756529504937
2023,3,cumulative_simple_equity,0,slow_conflict_half,0.2709195340661476,0.719222043149705,0.1459417245615182,0.1244845397176141,86,0.8334280246396747,3390.5,0.0,1.2584489301017008
2023,3,cumulative_simple_equity,0,chop_half,0.2819784896017648,0.7452137387278148,0.1681901575398455,0.1599096587219991,140,0.938296154536212,4053.5,0.0,1.1658869669686909
2023,4,annual,0,baseline,0.0873959611279238,0.083785811475888,0.1619189265520333,0.1498647333053714,182,1.0,1428.0,0.0,0.4756937719169818
2023,4,annual,0,constant_075,0.0648557655773024,0.0628393586069159,0.1240798346256985,0.1146478943902352,182,0.75,1071.0,0.0,0.4756937719169815
2023,4,annual,0,constant_050,0.0427827967165184,0.041892905737944,0.0845323198233775,0.0779721985240203,182,0.5,714.0,0.0,0.4756937719169818
2023,4,annual,0,slow_conflict_half,0.1143169404349227,0.108241607714821,0.1251929579398194,0.1057928076426948,93,0.8302641034854473,1172.0,0.0,0.7159374203988502
2023,4,annual,0,chop_half,0.0958867167727534,0.0915638225749463,0.1541870981035211,0.1470416077829766,182,0.9268774703557312,1422.0,0.0,0.5445246198632574
2023,4,annual,0,slow_conflict_half_matched_constant,0.0720410465951179,0.0695643516498288,0.1364109102869553,0.1261106540734744,182,0.8302641034854473,1185.6171397772189,0.0,0.4756937719169812
2023,4,annual,0,chop_half_matched_constant,0.0807542543017122,0.0776591809924732,0.1510237280069466,0.1397116413902189,182,0.9268774703557312,1323.581027667984,0.0,0.475693771916982
2023,4,annual,1,baseline,-0.0573200697264123,-0.0590284704283975,0.2251209124516562,0.2159774543602989,212,1.0,1428.0,0.1428142819042856,-0.3297869740153748
2023,4,annual,1,constant_075,-0.0433031173046791,-0.0442686746964243,0.1741026097505787,0.1668038973713731,212,0.75,1071.0,0.1071080333033403,-0.3297671568129791
2023,4,annual,1,constant_050,-0.0290794767960094,-0.0295106645000738,0.1197261075733675,0.114547305392193,212,0.5,714.0,0.0714035702380178,-0.3297473409158578
2023,4,annual,1,slow_conflict_half,-0.0089277125054585,-0.008967803321977,0.1583914677248157,0.1481916277268276,223,0.8302641034854473,1172.0,0.1172094110367981,-0.0584686478985348
2023,4,annual,1,chop_half,-0.0493873585358544,-0.0506486164852801,0.2252270987646678,0.2186914145461035,212,0.9268774703557312,1422.0,0.1422124390602265,-0.2964618983863694
2023,4,annual,1,slow_conflict_half_matched_constant,-0.0478257328092445,-0.0490072071712671,0.1908381536523405,0.1829184519739393,212,0.8302641034854473,1185.6171397772189,0.1185715588210959,-0.3297735191106463
2023,4,annual,1,chop_half_matched_constant,-0.0532414593910505,-0.0547111912650045,0.2105335734243817,0.2019027576088232,212,0.9268774703557312,1323.581027667984,0.1323703722574777,-0.3297811775444307
2023,4,annual,3,baseline,-0.2915974404624417,-0.3447427599552565,0.3744260219298894,0.3646839100337319,223,1.0,1428.0,0.4285285714311446,-1.864965217336587
2023,4,annual,3,constant_075,-0.2278164171342807,-0.2585329555881562,0.2965765317157924,0.2883767152871846,223,0.75,1071.0,0.3213723141950722,-1.864798043800892
2023,4,annual,3,constant_050,-0.1583064035660256,-0.1723392306895021,0.209048599302375,0.2029138338647451,223,0.5,714.0,0.2142321364274461,-1.8646309024747516
2023,4,annual,3,slow_conflict_half,-0.2160759280198799,-0.2434431102858318,0.2943931874200615,0.2841926860053806,223,0.8302641034854473,1172.0,0.3516847180006528,-1.5418615676802394
2023,4,annual,3,chop_half,-0.2847678881870255,-0.3351481570634075,0.3681543338747103,0.359978685423775,212,0.9268774703557312,1422.0,0.4267119796383538,-1.900192140431801
2023,4,annual,3,slow_conflict_half_matched_constant,-0.2488946921140028,-0.2862094134984757,0.3225716073208883,0.3138242271934525,223,0.8302641034854473,1185.6171397772189,0.3557737651483045,-1.8648517124257555
2023,4,annual,3,chop_half_matched_constant,-0.2735063815898202,-0.3195255800294022,0.3525918974097303,0.3432523317519927,223,0.9268774703557312,1323.581027667984,0.3971847610218754,-1.8649163173959695
2023,4,annual,5,baseline,-0.4677124492332318,-0.6305714267027549,0.5090283743002618,0.5039159514801692,232,1.0,1428.0,0.7143572381786429,-3.30314098361584
2023,4,annual,5,constant_075,-0.3767836532061426,-0.4728615543558464,0.4134313712797906,0.4088565781892561,232,0.75,1071.0,0.5357009129627625,-3.3027060947427844
2023,4,annual,5,constant_050,-0.2703544232378677,-0.3151963740232166,0.2992492470049517,0.295610547286026,232,0.5,714.0,0.3570892797611607,-3.3022713418932628
2023,4,annual,5,slow_conflict_half,-0.3799739414771917,-0.477993771950733,0.4215410263722739,0.4130533124122548,223,0.8302641034854473,1172.0,0.5862353796655542,-2.94032967035144
2023,4,annual,5,chop_half,-0.4619196120853647,-0.6197473100667175,0.5042782580475533,0.4970430940869583,232,0.9268774703557312,1422.0,0.7113111326416639,-3.403402137872351
2023,4,annual,5,slow_conflict_half_matched_constant,-0.4075509779311881,-0.5234904483768195,0.4459931176363118,0.4412078234078772,232,0.8302641034854473,1185.6171397772189,0.5930548000266483,-3.302845703776188
2023,4,annual,5,chop_half_matched_constant,-0.4425810803595689,-0.584438221847194,0.4828021327792731,0.4778123684106368,232,0.9268774703557312,1323.581027667984,0.6620974028396673,-3.303013768839175
2023,4,cumulative,0,baseline,0.4197564887293494,1.051456110291923,0.1619189265520347,0.149864733305371,182,0.999970097482208,4105.0,0.0,1.58594454746159
2023,4,cumulative,0,constant_075,0.30064985441024,0.7885920827189425,0.1240798346257018,0.1146478943902354,182,0.749977573111656,3078.75,0.0,1.58594454746159
2023,4,cumulative,0,constant_050,0.1915353493410715,0.5257280551459617,0.0845323198233783,0.0779721985240201,182,0.499985048741104,2052.5,0.0,1.58594454746159
2023,4,cumulative,0,slow_conflict_half,0.3844804653261072,0.9759748619338608,0.137555878462023,0.1217462082579974,93,0.8322169726690988,3403.0,0.0,1.7119794889250122
2023,4,cumulative,0,chop_half,0.3809041052827274,0.9682153002253656,0.1541870981035219,0.1470416077829767,182,0.936128221996292,4074.0,0.0,1.524829426056587
2023,4,cumulative,0,slow_conflict_half_matched_constant,0.3386860803780732,0.8750657876718554,0.1367125537914906,0.1263912218554458,182,0.8322169726690986,3416.3528303579437,0.0,1.5859445474615903
2023,4,cumulative,0,chop_half_matched_constant,0.3883403731468343,0.984327172895516,0.1524140617690052,0.141006685972249,182,0.9361282219962924,3842.921264316258,0.0,1.58594454746159
2023,4,cumulative,1,baseline,0.2381747919532092,0.6409150598187691,0.2400953415745291,0.220093272097033,292,0.999970097482208,4105.0,0.4105410504731543,0.9539297232865308
2023,4,cumulative,1,constant_075,0.1737823716797119,0.4806939925975422,0.186101037505045,0.1700858586256296,292,0.749977573111656,3078.75,0.3078980901214003,0.9539453171245238
2023,4,cumulative,1,constant_050,0.1127368349361875,0.3204677932118686,0.1282717781039409,0.1168735620696908,292,0.499985048741104,2052.5,0.2052602619340929,0.9539609099331564
2023,4,cumulative,1,slow_conflict_half,0.2360025880924189,0.6356473588776361,0.1583914677248148,0.148191627726828,223,0.8322169726690988,3403.0,0.3403275030562246,1.1019583088991964
2023,4,cumulative,1,chop_half,0.205538547383389,0.5607791831684521,0.2252270987646679,0.2186914145461029,212,0.936128221996292,4074.0,0.4074361170569135,0.8719954029398889
2023,4,cumulative,1,slow_conflict_half_matched_constant,0.1945872053760434,0.5334020726260692,0.2042738972918526,0.1868807259311444,292,0.8322169726690986,3416.3528303579437,0.3416637150457863,0.9539401873732548
2023,4,cumulative,1,chop_half_matched_constant,0.2214023797734119,0.5999990706092302,0.2266568055178687,0.2076164648177554,292,0.9361282219962924,3842.921264316258,0.3843281022862858,0.953933705662942
2023,4,cumulative,3,baseline,-0.0583652459758692,-0.1804134425275952,0.4748620433723671,0.4686171122457599,402,0.999970097482208,4105.0,1.2318695528195187,-0.2614740707313522
2023,4,cumulative,3,constant_075,-0.0440792402427613,-0.1352407699478988,0.3830922324414736,0.3775981581093433,402,0.749977573111656,3078.75,0.9238328526668412,-0.2613409137128216
2023,4,cumulative,3,constant_050,-0.0295914444372933,-0.0901143145773197,0.2753021975507533,0.2710058532809193,402,0.499985048741104,2052.5,0.6158423697232813,-0.2612077825338331
2023,4,cumulative,3,slow_conflict_half,-0.0149447751411338,-0.045172720605343,0.3805125049496443,0.3703329141050667,383,0.8322169726690988,3403.0,1.0211475825392038,-0.0764822099532133
2023,4,cumulative,3,chop_half,-0.0812763830531307,-0.2543098353471467,0.4691019617167961,0.4627885318028356,402,0.936128221996292,4074.0,1.2225251355725124,-0.3854896162738533
2023,4,cumulative,3,slow_conflict_half_matched_constant,-0.0488010163620172,-0.1500960063336006,0.4149255579047683,0.4091408076234462,402,0.8322169726690986,3416.3528303579437,1.0251617940054558,-0.2613847151832559
2023,4,cumulative,3,chop_half_matched_constant,-0.054735998008263,-0.1688730699513521,0.4528113838945826,0.4467219651176511,402,0.9361282219962924,3842.921264316258,1.153200242846868,-0.2614400632820519
2023,4,cumulative,5,baseline,-0.2839630923988846,-1.0020706992631698,0.6621917052650454,0.6601339837445068,402,0.999970097482208,4105.0,2.053526809555093,-1.4142735255789358
2023,4,cumulative,5,constant_075,-0.2215522974092886,-0.7513604013360543,0.55685204143384,0.5548289975399711,402,0.749977573111656,3078.75,1.539952484054997,-1.4139227522459226
2023,4,cumulative,5,constant_050,-0.1537379260065529,-0.5007785616413231,0.4187051092259523,0.4169372777380846,402,0.499985048741104,2052.5,1.0265066167872847,-1.4135720900082156
2023,4,cumulative,5,slow_conflict_half,-0.21499956476731,-0.7262130202900038,0.5665353923503278,0.5619231433749061,401,0.8322169726690988,3403.0,1.7021878822238647,-1.200743807395778
2023,4,cumulative,5,chop_half,-0.2999214206842425,-1.069688082220849,0.6686083602368355,0.6640323656281728,726,0.936128221996292,4074.0,2.0379033824462147,-1.5806430124424342
2023,4,cumulative,5,slow_conflict_half_matched_constant,-0.2426581794391492,-0.8338217434365727,0.5947024560974299,0.5926488156552502,402,0.8322169726690986,3416.3528303579437,1.708887531108428,-1.4140381329846532
2023,4,cumulative,5,chop_half_matched_constant,-0.2685144175795415,-0.9380333049778732,0.6379434138891457,0.6358791791360858,402,0.9361282219962924,3842.921264316258,1.9223604778733887,-1.4141839362243152
2023,4,cumulative_simple_equity,0,baseline,0.3818121892067154,0.970187454858475,0.1719780563487372,0.1604095214297473,182,0.999970097482208,4105.0,0.0,1.4624437150004763
2023,4,cumulative_simple_equity,0,slow_conflict_half,0.3552178216938825,0.9118865862892416,0.1401988897220362,0.1243190765925115,93,0.8322169726690988,3403.0,0.0,1.599071838182305
2023,4,cumulative_simple_equity,0,chop_half,0.3469516425522608,0.8935319900223673,0.1638917403334022,0.1568218074128207,182,0.936128221996292,4074.0,0.0,1.406498327656348
2024,0,annual,0,baseline,2.409374924335716,1.226528967846291,0.1240352325161776,0.0720499671907382,30,1.0,1360.0,0.0,4.100062727008508
2024,0,annual,0,constant_075,1.5090312585723036,0.9198967258847184,0.0945489453055518,0.0545393819184807,30,0.75,1020.0,0.0,4.100062727008508
2024,0,annual,0,constant_050,0.8464492747800345,0.6132644839231455,0.0640701054652531,0.036698368729056,30,0.5,680.0,0.0,4.100062727008508
2024,0,annual,0,slow_conflict_half,1.881656356774916,1.0583652527076783,0.0845381468194866,0.0600037059543693,29,0.8295024104683195,1111.5,0.0,4.027752496883893
2024,0,annual,0,chop_half,2.2327965474068145,1.1733475667930682,0.1240352325161776,0.0663760005411985,23,0.9335399449035812,1367.0,0.0,3.945277997832085
2024,0,annual,0,slow_conflict_half_matched_constant,1.7660179848536597,1.0174087353377184,0.1040319397354661,0.0601434545442532,30,0.8295024104683195,1128.1232782369143,0.0,4.100062727008508
2024,0,annual,0,chop_half_matched_constant,2.1424846758988494,1.1450137850658728,0.1162916069048046,0.0674268467683835,30,0.9335399449035808,1269.6143250688706,0.0,4.100062727008508
2024,0,annual,1,baseline,1.975807307446616,1.0905153660326856,0.1243855833845804,0.0763091596213874,35,1.0,1360.0,0.1360136018136054,3.615343761080907
2024,0,annual,1,constant_075,1.265712038054878,0.8178890751196322,0.0948205602493115,0.0577958446631938,35,0.75,1020.0,0.102007650765086,3.615355785884379
2024,0,annual,1,constant_050,0.7250587082916746,0.5452610836964619,0.0642572820848611,0.0389115270330065,35,0.5,680.0,0.0680034002266836,3.615367809890849
2024,0,annual,1,slow_conflict_half,1.5784963152811518,0.947206405491432,0.0880105924618069,0.0630071300893289,35,0.8295024104683195,1111.5,0.1111588472162464,3.5778924488738064
2024,0,annual,1,chop_half,1.819714060339259,1.0366354827661786,0.1243855833845804,0.0704287408177791,35,0.9335399449035812,1367.0,0.1367120840268895,3.458079365620301
2024,0,annual,1,slow_conflict_half_matched_constant,1.4709113462188237,0.9045870486691354,0.1043291981420409,0.0637231386660918,35,0.8295024104683195,1128.1232782369143,0.112821686668583,3.615351961967365
2024,0,annual,1,chop_half_matched_constant,1.7677660058592366,1.018040498726622,0.1166215669326826,0.0714233663686986,35,0.9335399449035808,1269.6143250688706,0.1269732863392508,3.615346957835091
2024,0,annual,3,baseline,1.2668847199483615,0.8184065188642485,0.1250860748898417,0.0909842433410093,59,1.0,1360.0,0.4081224489820425,2.668334564180308
2024,0,annual,3,constant_075,0.8474898043823478,0.6138278552227447,0.0953636679009384,0.0690434243861604,59,0.75,1020.0,0.3060688706619735,2.668439435589223
2024,0,annual,3,constant_050,0.5056638206543247,0.4092338778017682,0.0646315791682834,0.0465742889752056,59,0.5,680.0,0.2040306061213773,2.6685442863985998
2024,0,annual,3,slow_conflict_half,1.0643917074664238,0.7248356103624644,0.1063153923546278,0.0899461137987548,69,0.8295024104683195,1111.5,0.333529642345214,2.696966476062181
2024,0,annual,3,chop_half,1.14499834979858,0.763138783055013,0.1250860748898417,0.0976559172898955,77,0.9335399449035812,1367.0,0.410208783738055,2.505380306604935
2024,0,annual,3,slow_conflict_half_matched_constant,0.9716830214364632,0.6788875036237618,0.1049235669969785,0.0760775105108081,59,0.8295024104683195,1128.1232782369143,0.3385212317139565,2.6684060877041667
2024,0,annual,3,chop_half_matched_constant,1.1468953525902414,0.7640227764838993,0.1172813021526636,0.0852023423688057,59,0.9335399449035808,1269.6143250688706,0.3809910085819736,2.668362445229349
2024,0,annual,5,baseline,0.7266597140953805,0.5461887410094883,0.1656773255251627,0.1487709265760142,119,1.0,1360.0,0.6803402268368027,1.7510709743314146
2024,0,annual,5,constant_075,0.506373912157343,0.409705380205897,0.1270028110496975,0.1137694880969591,119,0.75,1020.0,0.5101913456788214,1.7513530490322138
2024,0,annual,5,constant_050,0.3141360527120504,0.2731794555791829,0.0865528306103121,0.0773456418694037,119,0.5,680.0,0.3400850283439626,1.7516350325693526
2024,0,annual,5,slow_conflict_half,0.6526729975014364,0.5023939756161138,0.1514590877732772,0.1355707096865238,118,0.8295024104683195,1111.5,0.5559712770915647,1.8410569531183127
2024,0,annual,5,chop_half,0.6315741962201709,0.4895453133203771,0.1665572356455482,0.1537652518807677,119,0.9335399449035812,1367.0,0.6838022534726911,1.581475328099298
2024,0,annual,5,slow_conflict_half_matched_constant,0.5732019821490155,0.4531130215219748,0.1394904629101552,0.1250518684679405,119,0.8295024104683195,1128.1232782369143,0.5642957138157435,1.7512633564457805
2024,0,annual,5,chop_half_matched_constant,0.6651415404017852,0.5099101290696471,0.1555649249919864,0.1396018046015654,119,0.9335399449035808,1269.6143250688706,0.635103655996226,1.7511459700310328
2024,0,cumulative,0,baseline,0.9225000080915016,2.614505706426022,0.1432380473341723,0.1163695888702462,71,0.9999785001719986,5569.0,0.0,2.699877144192645
2024,0,cumulative,0,constant_075,0.6326750750735111,1.9608792798195167,0.1094770240135646,0.0886126618929236,71,0.749983875128999,4176.75,0.0,2.6998771441926457
2024,0,cumulative,0,constant_050,0.3865424653040749,1.307252853213011,0.074385635015409,0.0599838240063345,71,0.4999892500859993,2784.5,0.0,2.699877144192645
2024,0,cumulative,0,slow_conflict_half,0.7931721681320015,2.335944849582967,0.1067691345686433,0.0911059872018878,71,0.8316455968352253,4596.5,0.0,2.7848007735602365
2024,0,cumulative,0,chop_half,0.8580128541662593,2.478030234595209,0.1240352325161764,0.1003664229031941,119,0.931469298245614,5554.0,0.0,2.6248878561320867
2024,0,cumulative,0,slow_conflict_half_matched_constant,0.7221908441708831,2.1743889076372938,0.120649009423344,0.0977741513475717,71,0.8316455968352253,4631.533905957731,0.0,2.699877144192645
2024,0,cumulative,0,chop_half_matched_constant,0.8383088376197768,2.435384155964271,0.1341154972097666,0.1088482014687651,71,0.9314692982456142,5187.464051514695,0.0,2.699877144192646
2024,0,cumulative,1,baseline,0.6726137179434531,2.057550014000575,0.15159413837798,0.125962988952177,129,0.9999785001719986,5569.0,0.5569556924254471,2.099993403787669
2024,0,cumulative,1,constant_075,0.470780538537943,1.5431729538745236,0.1159988599273388,0.096043656022896,129,0.749983875128999,4176.75,0.417706325944993,2.100008231079733
2024,0,cumulative,1,constant_050,0.2933001827687336,1.0287889310349,0.0789102772128263,0.0651002771075006,129,0.4999892500859993,2784.5,0.2784639221781113,2.1000230573917387
2024,0,cumulative,1,slow_conflict_half,0.5984980063335065,1.876257769224651,0.116533585014392,0.101364507482168,125,0.8316455968352253,4596.5,0.4596870803583158,2.213803745609072
2024,0,cumulative,1,chop_half,0.6171176566192064,1.9225813609424809,0.1373867573155443,0.1288755411655053,129,0.931469298245614,5554.0,0.5554488736527289,2.0141477286165244
2024,0,cumulative,1,slow_conflict_half_matched_constant,0.5338781230472084,1.7111969974526542,0.1277874495837705,0.1059278719353625,129,0.8316455968352253,4631.533905957731,0.4631919101846397,2.100003387794596
2024,0,cumulative,1,chop_half_matched_constant,0.6146970551346792,1.9165894284758904,0.1419845680731261,0.1178637177542412,129,0.9314692982456142,5187.464051514695,0.5187947274883804,2.099997467196308
2024,0,cumulative,3,baseline,0.265954122887364,0.9433043408787752,0.2749960914809726,0.2662524232697951,449,0.9999785001719986,5569.0,1.6712013655472466,0.94043080561748
2024,0,cumulative,3,constant_075,0.1935034679352156,0.7075722899106685,0.2142715194181954,0.2071751673935087,449,0.749983875128999,4176.75,1.253306989908848,0.9405582881911644
2024,0,cumulative,3,constant_050,0.125181531784316,0.4717775369002471,0.1484833367649763,0.1433640089133382,449,0.4999892500859993,2784.5,0.835475316312764,0.9406857459284306
2024,0,cumulative,3,slow_conflict_half,0.2701884345111263,0.9566610523801182,0.2007863269411187,0.1933537040739885,411,0.8316455968352253,4596.5,1.3792837972028489,1.105544962188609
2024,0,cumulative,3,chop_half,0.2248857388409227,0.8113902609231527,0.3025338273273372,0.2940700185821502,459,0.931469298245614,5554.0,1.6666399736720572,0.8313876491800932
2024,0,cumulative,3,slow_conflict_half_matched_constant,0.2167039175959485,0.7845819826389719,0.234644800643624,0.2269760436079327,449,0.8316455968352253,4631.533905957731,1.389806924998322,0.9405166482418342
2024,0,cumulative,3,chop_half_matched_constant,0.245674914273651,0.8787099314073568,0.2588358724769199,0.2505131213882787,449,0.9314692982456142,5187.464051514695,1.5566742245569138,0.9404657437571105
2024,0,cumulative,5,baseline,-0.0419418819496489,-0.1713873473122174,0.5518696820317397,0.5464315841671984,643,0.9999785001719986,5569.0,2.78589305373824,-0.1668999083727697
2024,0,cumulative,5,constant_075,-0.0315610130189169,-0.1282791822309174,0.452224134114621,0.4472461800132716,643,0.749983875128999,4176.75,2.0891584620504338,-0.1665618158697019
2024,0,cumulative,5,constant_050,-0.021110314425715,-0.0853452940857157,0.3304726062031778,0.326422471633963,643,0.4999892500859993,2784.5,1.3925981472987268,-0.1662238311510074
2024,0,cumulative,5,slow_conflict_half,0.0092342322389013,0.0367674295311861,0.4526656658693659,0.4473185823157094,590,0.8316455968352253,4596.5,2.299177420051781,0.0416097391115363
2024,0,cumulative,5,chop_half,-0.07230109588031,-0.3001922224439886,0.5736250431493135,0.5678814392588486,968,0.931469298245614,5554.0,2.778222457039199,-0.3008222190440202
2024,0,cumulative,5,slow_conflict_half_matched_constant,-0.0349596505479373,-0.1423414624543774,0.486993599912017,0.481821446717313,643,0.8316455968352253,4631.533905957731,2.316730370091672,-0.1666722432512163
2024,0,cumulative,5,chop_half_matched_constant,-0.0391040343250611,-0.1595565287743472,0.526517696207533,0.521167810153525,643,0.9314692982456142,5187.464051514695,2.5949406847386176,-0.1668072458656818
2024,0,cumulative_simple_equity,0,baseline,0.8613224561964629,2.48514893216358,0.1464640577937627,0.1199494335936854,83,0.9999785001719986,5569.0,0.0,2.569333437190824
2024,0,cumulative_simple_equity,0,slow_conflict_half,0.7530011060188986,2.2453169474724186,0.1086907715218802,0.0917362710754128,72,0.8316455968352253,4596.5,0.0,2.6800276562690137
2024,0,cumulative_simple_equity,0,chop_half,0.8031902458195965,2.3582298196651728,0.1281358856235201,0.1041372601972385,120,0.931469298245614,5554.0,0.0,2.501719006045444
2024,1,annual,0,baseline,2.663759175738749,1.2984897175062224,0.1292125546839161,0.1082830874839416,37,1.0,1264.0,0.0,4.323029231644089
2024,1,annual,0,constant_075,1.648165902542236,0.9738672881296668,0.0985656169096424,0.0823644023020494,37,0.75,948.0,0.0,4.323029231644089
2024,1,annual,0,constant_050,0.9140948711437344,0.6492448587531112,0.0668400751660603,0.0556923634132474,37,0.5,632.0,0.0,4.323029231644089
2024,1,annual,0,slow_conflict_half,2.071755235120232,1.1222491360434863,0.0944871596754852,0.0809259731489126,36,0.8266708587854833,1032.5,0.0,4.254567238195362
2024,1,annual,0,chop_half,2.602718184462484,1.2816886117938602,0.1238869812987864,0.0880823531316677,36,0.9454275961192956,1273.5,0.0,4.3449954607019405
2024,1,annual,0,slow_conflict_half_matched_constant,1.9253777273299604,1.0734236098949888,0.1080774731778289,0.0903923287236247,37,0.8266708587854836,1044.911965504851,0.0,4.32302923164409
2024,1,annual,0,chop_half_matched_constant,2.413124038465654,1.2276280122075314,0.1226127948291253,0.1026884959087026,37,0.9454275961192956,1195.0204814947897,0.0,4.323029231644089
2024,1,annual,1,baseline,2.228691916577956,1.1720770758206365,0.1399447153334972,0.119097016138914,37,1.0,1264.0,0.1264126416855861,3.8719265072648015
2024,1,annual,1,constant_075,1.4086349528315756,0.8790601774185869,0.1069107177001754,0.0907230955949899,37,0.75,948.0,0.09480711071108,3.871937703757172
2024,1,annual,1,constant_050,0.7968617993761112,0.5860416985424288,0.0726080558859646,0.0614353931030858,37,0.5,632.0,0.0632031602106824,3.871948899507157
2024,1,annual,1,slow_conflict_half,1.7703978870077444,1.0189909514028332,0.1042596404008539,0.0903900790654014,37,0.8266708587854833,1032.5,0.1032581846406532,3.836558515102519
2024,1,annual,1,chop_half,2.1718886419811216,1.154327196593023,0.1242373914617461,0.0990509782381986,37,0.9454275961192956,1273.5,0.1273614152008372,3.8845040262884223
2024,1,annual,1,slow_conflict_half_matched_constant,1.6351069631877209,0.968923774409564,0.1171743675760607,0.0995207174143723,37,0.8266708587854836,1044.911965504851,0.1044998354854244,3.871934270057361
2024,1,annual,1,chop_half_matched_constant,2.0286430004886657,1.1081146645802402,0.1328395741230348,0.1129797891097813,37,0.9454275961192956,1195.0204814947897,0.1195133476272911,3.871928951406161
2024,1,annual,3,baseline,1.507223365613575,0.919175911981736,0.1610201014361488,0.140339335545919,50,1.0,1264.0,0.3793138055244866,2.989248182660956
2024,1,annual,3,constant_075,0.992526196055778,0.6894032789261856,0.123373538326015,0.1072164365781643,50,0.75,948.0,0.2844640092034813,2.9893460326108103
2024,1,annual,3,constant_050,0.583466471432495,0.4596164130638311,0.0840389839653969,0.0728185793290995,50,0.5,632.0,0.18962844568928,2.9894438633170544
2024,1,annual,3,slow_conflict_half,1.2533668110242522,0.8124254582398249,0.1234938846898936,0.1090874975567527,51,0.8266708587854833,1032.5,0.3098236778036616,3.0166211397486284
2024,1,annual,3,chop_half,1.4584617484713207,0.8995358488597867,0.1388290768730516,0.120599352386989,51,0.9454275961192956,1273.5,0.3821527629340737,2.982452636890389
2024,1,annual,3,slow_conflict_half_matched_constant,1.1380030788929938,0.7598722526827304,0.1350951590423582,0.1175080061830977,50,0.8266708587854836,1044.911965504851,0.313551357212258,2.989316025698227
2024,1,annual,3,chop_half_matched_constant,1.38457317678404,0.8690201468086559,0.1529425496157161,0.1332153098718726,50,0.9454275961192956,1195.0204814947897,0.3586078653988753,2.98926954393107
2024,1,annual,5,baseline,0.9467737333758665,0.6661735066814294,0.1821192436207592,0.1672837864808415,59,1.0,1264.0,0.6323162108247932,2.1324868494142635
2024,1,annual,5,constant_075,0.6482093384927843,0.4996894492046446,0.1399541402747877,0.1282806652239002,59,0.75,948.0,0.4741778389250222,2.132750605104176
2024,1,annual,5,constant_050,0.3953786782930795,0.333165832409899,0.0956209706106828,0.0874561824486023,59,0.5,632.0,0.3160790263432123,2.133014275370879
2024,1,annual,5,slow_conflict_half,0.8327075902606809,0.6057944309060324,0.1423210441974894,0.1297967045038122,60,0.8266708587854833,1032.5,0.5164547051374542,2.218072953102784
2024,1,annual,5,chop_half,0.9053259314772936,0.6446530865829871,0.1663633839119072,0.1512578515583815,77,0.9454275961192956,1273.5,0.6370355252108731,2.1055738475086825
2024,1,annual,5,slow_conflict_half_matched_constant,0.7345561485128425,0.5507515584879463,0.1531109738649069,0.1404320885648469,59,0.8266708587854836,1044.911965504851,0.5226720514070422,2.132669724687044
2024,1,annual,5,chop_half_matched_constant,0.8773010656036311,0.6298351419736674,0.1730945770212985,0.1589210451492369,59,0.9454275961192956,1195.0204814947897,0.5977928702338637,2.132544431833064
2024,1,cumulative,0,baseline,0.8245210258272853,2.4052700039460744,0.2013373015072023,0.1790731598882968,148,0.999977565396868,5341.0,0.0,2.442654838590866
2024,1,cumulative,0,constant_075,0.5698626410251901,1.803952502959556,0.1551637291390743,0.1375610913651481,148,0.7499831740476511,4005.75,0.0,2.442654838590866
2024,1,cumulative,0,constant_050,0.3507483206827559,1.2026350019730372,0.1063206959469198,0.0939498688749594,148,0.499988782698434,2670.5,0.0,2.442654838590866
2024,1,cumulative,0,slow_conflict_half,0.7153020589534802,2.158356771115656,0.1493011355450303,0.1258097248641934,89,0.8308206577825639,4413.5,0.0,2.5358479898247834
2024,1,cumulative,0,chop_half,0.8030020152222235,2.357812247702463,0.1757605330795901,0.1732335817105054,148,0.9384057971014492,5317.0,0.0,2.4742976757086272
2024,1,cumulative,0,slow_conflict_half_matched_constant,0.6480589640328254,1.9983928399734137,0.1703791143369126,0.1512089848696701,148,0.8308206577825635,4437.5126870527,0.0,2.4426548385908653
2024,1,cumulative,0,chop_half_matched_constant,0.7582033934477674,2.257169954009342,0.1902048076089846,0.1690383141281594,148,0.9384057971014492,5012.137807641397,0.0,2.442654838590866
2024,1,cumulative,1,baseline,0.5964447856566132,1.871116591824673,0.2431887699532054,0.2316957379428819,318,0.999977565396868,5341.0,0.5341534121214015,1.8795414345556347
2024,1,cumulative,1,constant_075,0.4202556134861703,1.4033474596428277,0.1885872806402276,0.1793630538852037,318,0.7499831740476511,4005.75,0.4006050433167286,1.8795553636090616
2024,1,cumulative,1,constant_050,0.2635091788707544,0.9355716498329288,0.1300479863264655,0.1234672792513304,318,0.499988782698434,2670.5,0.2670633521401084,1.879569291741276
2024,1,cumulative,1,slow_conflict_half,0.5360939895801333,1.7169712959451149,0.1558268668844865,0.1393097263709982,163,0.8308206577825639,4413.5,0.4413854751705408,1.9976126994207968
2024,1,cumulative,1,chop_half,0.5785650880962208,1.8260650492390105,0.2146304964775773,0.2113140972261126,152,0.9384057971014492,5317.0,0.5317471984634526,1.8965674471087628
2024,1,cumulative,1,slow_conflict_half_matched_constant,0.4749899489672137,1.5546047020361993,0.2066607031658349,0.1966637412293804,318,0.8308206577825635,4437.5126870527,0.4437881379372147,1.87955085965028
2024,1,cumulative,1,chop_half_matched_constant,0.5511200519446027,1.7559091365162434,0.2300916419984439,0.2191247273662803,318,0.9384057971014492,5012.137807641397,0.5012608174930981,1.8795448652639093
2024,1,cumulative,3,baseline,0.2221630634423529,0.8024891666105233,0.468370420511082,0.463917647466646,583,0.999977565396868,5341.0,1.6027808373355512,0.7885983705501328
2024,1,cumulative,3,constant_075,0.1624028263554633,0.6019570590146269,0.3773821545023098,0.3734750659413598,583,0.7499831740476511,4005.75,1.201995443944929,0.7887184872155061
2024,1,cumulative,3,constant_050,0.1055480713427298,0.4013648166865043,0.2708377405069508,0.2677904506184939,583,0.499988782698434,2670.5,0.8012701852865329,0.788838580440179
2024,1,cumulative,3,slow_conflict_half,0.2318250571919737,0.8339874239840882,0.3636505142115421,0.3583865041998614,580,0.8308206577825639,4413.5,1.3243693471315674,0.9513570818718552
2024,1,cumulative,3,chop_half,0.2099412909258967,0.7622873541422734,0.4572080085512641,0.4515141359478625,583,0.9384057971014492,5317.0,1.5955248935601896,0.775418518926534
2024,1,cumulative,3,slow_conflict_half_matched_constant,0.1814019001839723,0.6668071372272523,0.4083888971140439,0.4042748468888642,583,0.8308206577825635,4437.5126870527,1.3315857027461615,0.7886796491929546
2024,1,cumulative,3,chop_half_matched_constant,0.2071670020287907,0.753105175177573,0.4472754172471966,0.4429321201462159,583,0.9384057971014492,5012.137807641397,1.5040647788317685,0.788627956571889
2024,1,cumulative,5,baseline,-0.0644694738309778,-0.2665660117636422,0.6594984606488075,0.654446393810849,644,0.999977565396868,5341.0,2.6718360157097165,-0.2562438188057934
2024,1,cumulative,5,constant_075,-0.048693018733691,-0.1996738805506048,0.5542025992789603,0.5492508919991229,644,0.7499831740476511,4005.75,2.003626383510161,-0.2559243521268738
2024,1,cumulative,5,constant_050,-0.0326909352439778,-0.1329488905739075,0.4163885210212375,0.4120747546665846,644,0.499988782698434,2670.5,1.3355838925469448,-0.2556049875720975
2024,1,cumulative,5,slow_conflict_half,-0.0122445430832905,-0.0492805004516962,0.5587924852301412,0.5546673662137178,643,0.8308206577825639,4413.5,2.207637271567352,-0.0551101711401412
2024,1,cumulative,5,chop_half,-0.0726897407504982,-0.301868310664141,0.654352634714567,0.6491882261874952,644,0.9384057971014492,5317.0,2.659680558366604,-0.3007103539119424
2024,1,cumulative,5,slow_conflict_half_matched_constant,-0.0538190136706353,-0.221285643024845,0.5913963018203547,0.5863655587887135,644,0.8308206577825635,4437.5126870527,2.219678482998259,-0.2560276427993264
2024,1,cumulative,5,chop_half_matched_constant,-0.060604658335643,-0.2500754569718856,0.6361328542595207,0.6310688073765857,644,0.9384057971014492,5012.137807641397,2.507245410981227,-0.2561651270454579
2024,1,cumulative_simple_equity,0,baseline,0.7648728294696725,2.2723145459898832,0.2046240932380912,0.1827136674279234,148,0.999977565396868,5341.0,0.0,2.306625510062166
2024,1,cumulative_simple_equity,0,slow_conflict_half,0.6747039642992256,2.062545647701083,0.1512839294181939,0.128042130315482,90,0.8308206577825639,4413.5,0.0,2.4218968307963986
2024,1,cumulative_simple_equity,0,chop_half,0.7481723922894512,2.2342835798467,0.1828353363372141,0.1802092845376209,149,0.9384057971014492,5317.0,0.0,2.344205513952645
2024,2,annual,0,baseline,2.117651135245044,1.13707987702648,0.1330003239969711,0.0864951406749396,35,1.0,1328.0,0.0,3.7842021906694954
2024,2,annual,0,constant_075,1.3462302888876103,0.8528099077698601,0.1015080273131205,0.0655993187117502,35,0.75,996.0,0.0,3.784202190669494
2024,2,annual,0,constant_050,0.765687156674433,0.56853993851324,0.0688718262220668,0.0442255185845039,35,0.5,664.0,0.0,3.7842021906694954
2024,2,annual,0,slow_conflict_half,1.7043531786288908,0.9948627630497888,0.0911819309275232,0.0600215124579438,36,0.8270750988142292,1085.5,0.0,3.77230808987326
2024,2,annual,0,chop_half,2.046110742902737,1.113865610641603,0.1330003239969711,0.090326667884978,38,0.9397233201581028,1345.5,0.0,3.767300792725518
2024,2,annual,0,slow_conflict_half_matched_constant,1.5611348259442566,0.9404504516513476,0.1113371918368242,0.0720919718177345,35,0.8270750988142292,1098.3557312252965,0.0,3.7842021906694954
2024,2,annual,0,chop_half_matched_constant,1.911127541158435,1.068540477324291,0.1255097978393989,0.0815001690864571,35,0.9397233201581028,1247.9525691699605,0.0,3.784202190669496
2024,2,annual,1,baseline,1.7299044136136317,1.0042665952555474,0.1333470891873853,0.097004219049378,38,1.0,1328.0,0.1328132817709323,3.315658975698756
2024,2,annual,1,constant_075,1.123790442996193,0.753202437022776,0.1017775546888572,0.0736728526202378,38,0.75,996.0,0.099607470747084,3.3156706018947264
2024,2,annual,1,constant_050,0.6522477247268615,0.50213661829189,0.0690580425455407,0.0497388038438216,38,0.5,664.0,0.0664033202213499,3.3156822273199795
2024,2,annual,1,slow_conflict_half,1.4261463233486855,0.8863041233562121,0.0914545558998383,0.0686860583168119,53,0.8270750988142292,1085.5,0.1085586396935769,3.3372154432947467
2024,2,annual,1,chop_half,1.6626014747082491,0.9793036428757568,0.1333470891873852,0.0973951400401083,56,0.9397233201581028,1345.5,0.1345619677658463,3.2875326038051984
2024,2,annual,1,slow_conflict_half_matched_constant,1.294708438284555,0.8306057933001659,0.1116311638730677,0.0809294703663621,38,0.8270750988142292,1098.3557312252965,0.1098446583511816,3.315667017616096
2024,2,annual,1,chop_half_matched_constant,1.5695569515076693,0.9437334916363818,0.1258384784840973,0.0914331872450609,38,0.9397233201581028,1247.9525691699605,0.1248069856879093,3.3156617789232405
2024,2,annual,3,baseline,1.0929201865011886,0.738560309196956,0.1340404114882913,0.1191318486005163,74,1.0,1328.0,0.3985195678295239,2.399590386430332
2024,2,annual,3,constant_075,0.7401001300805797,0.5539426575940505,0.1023164881439143,0.0907483656404904,74,0.75,996.0,0.2988672501758095,2.3996918843755126
2024,2,annual,3,constant_050,0.4467360983387535,0.369310052535895,0.0694304193247979,0.0614516157340666,74,0.5,664.0,0.1992298859773448,2.399793362371444
2024,2,annual,3,slow_conflict_half,0.9525476144117228,0.6691349888168054,0.116642952348012,0.1050762019766528,74,0.8270750988142292,1085.5,0.3257277742329833,2.484148308049249
2024,2,annual,3,chop_half,1.0342106841396164,0.7101078734517925,0.1340404114882913,0.1113714052680158,76,0.9397233201581028,1345.5,0.4037577371898103,2.348188988555062
2024,2,annual,3,slow_conflict_half_matched_constant,0.8420184373183116,0.6108619471849278,0.1122189620513176,0.0995950426075289,74,0.8270750988142292,1098.3557312252965,0.3295885044664198,2.399660594646305
2024,2,annual,3,chop_half_matched_constant,1.0018046949639232,0.6940491211711586,0.1264956544347577,0.1123704123861959,74,0.9397233201581028,1247.9525691699605,0.3744913561531324,2.399614860092373
2024,2,annual,5,baseline,0.6043964713077833,0.4727476555270136,0.2043307430671435,0.1931554302591588,116,1.0,1328.0,0.6643322214994661,1.5113371681745509
2024,2,annual,5,constant_075,0.425643177242061,0.354623064342305,0.1575170267194688,0.148658141975983,116,0.75,996.0,0.498186843427555,1.511610481225648
2024,2,annual,5,constant_050,0.2667529711178681,0.2364569108361941,0.107965020084114,0.1017228072141659,116,0.5,664.0,0.3320830276770458,1.5118837058422798
2024,2,annual,5,slow_conflict_half,0.571289588725436,0.4518966762933379,0.1747991114772374,0.1638581791603804,116,0.8270750988142292,1085.5,0.5429660867564509,1.6538781940662963
2024,2,annual,5,chop_half,0.5539751561746215,0.4408162648000438,0.2034354935541209,0.1894181749682184,118,0.9397233201581028,1345.5,0.6730493458415591,1.435686633287274
2024,2,annual,5,slow_conflict_half_matched_constant,0.4785255705231079,0.3910453550699421,0.1722345196402418,0.1626306469966973,116,0.8270750988142292,1098.3557312252965,0.5494050965814056,1.5115262281356066
2024,2,annual,5,chop_half_matched_constant,0.5593527423347189,0.4442708264031944,0.1932859452527444,0.1826430219640038,116,0.9397233201581028,1247.9525691699605,0.6242696509210965,1.5114030738808846
2024,2,cumulative,0,baseline,0.6043526965373696,1.8908814835792964,0.193740415231469,0.1777361095150421,334,0.999977565396868,5427.0,0.0,1.9151841722672416
2024,2,cumulative,0,constant_075,0.425525158587162,1.4181611126844722,0.1491437998153127,0.1365078096310278,334,0.7499831740476511,4070.25,0.0,1.9151841722672416
2024,2,cumulative,0,constant_050,0.266630449869799,0.9454407417896482,0.1020804129720017,0.0932123233716959,334,0.499988782698434,2713.5,0.0,1.9151841722672416
2024,2,cumulative,0,slow_conflict_half,0.5458386314965772,1.7422662665712036,0.1569713550276345,0.1441028098169921,288,0.8311010903217122,4491.0,0.0,2.0499918297411908
2024,2,cumulative,0,chop_half,0.5990100166696014,1.8775387926636231,0.1714359022068735,0.1624796152253215,236,0.9354332121864763,5417.0,0.0,1.967638504928089
2024,2,cumulative,0,slow_conflict_half_matched_constant,0.4812513391035562,1.5715489197482069,0.1638784139556904,0.1501072068822193,334,0.8311010903217121,4510.486808157404,0.0,1.9151841722672416
2024,2,cumulative,0,chop_half_matched_constant,0.5561397817934473,1.7688330231153917,0.1824552317721334,0.16728404150351,334,0.9354332121864763,5076.709936508649,0.0,1.9151841722672407
2024,2,cumulative,1,baseline,0.4007836119213574,1.3481272113432112,0.3005536494489668,0.2910642683127252,440,0.999977565396868,5427.0,0.5427542722360854,1.3501657971142915
2024,2,cumulative,1,constant_075,0.2875953336814499,1.0111055855693634,0.2351651445979518,0.2273958916760823,440,0.7499831740476511,4070.25,0.407055527115109,1.35017976767663
2024,2,cumulative,1,constant_050,0.183551061654932,0.6740771746352054,0.1636661187900936,0.1580119694551567,440,0.499988782698434,2713.5,0.2713635671544428,1.3501937373152892
2024,2,cumulative,1,slow_conflict_half,0.3816556385527273,1.2931300725606918,0.2075261868280404,0.2013829405814736,419,0.8311010903217122,4491.0,0.4491361940105119,1.5063025554463398
2024,2,cumulative,1,chop_half,0.3964701583432728,1.3357909491338291,0.2675697836085076,0.2609305989327769,438,0.9354332121864763,5417.0,0.5417478435297944,1.3850743936289465
2024,2,cumulative,1,slow_conflict_half_matched_constant,0.3232828909990195,1.1204627506860447,0.2570258201420455,0.2486577465606476,440,0.8311010903217121,4510.486808157404,0.4510861690621623,1.3501752346245433
2024,2,cumulative,1,chop_half_matched_constant,0.370641165541344,1.2611145376202957,0.284226755856284,0.2751466242660276,440,0.9354332121864763,5076.709936508649,0.5077184854950959,1.3501694041673125
2024,2,cumulative,3,baseline,0.0677709228165844,0.2622929031463513,0.5576480576554498,0.5514672245979972,572,0.999977565396868,5427.0,1.6285885804329452,0.2568214108667077
2024,2,cumulative,3,constant_075,0.0504333868793638,0.1968113136829773,0.4575711896037446,0.4518966992098018,572,0.7499831740476511,4070.25,1.2213497990014948,0.2569416980881379
2024,2,cumulative,3,constant_050,0.0333615772572028,0.1312686211160282,0.3348702709780352,0.3302396052019761,572,0.499988782698434,2713.5,0.8141721206736201,0.2570619618562393
2024,2,cumulative,3,slow_conflict_half,0.1036911045098923,0.3946404482597223,0.4478931869818853,0.4437730425879853,567,0.8311010903217122,4491.0,1.3476258183114815,0.4504783995227869
2024,2,cumulative,3,chop_half,0.0650289938657883,0.2520080923117577,0.5359425944366443,0.5313611900795303,571,0.9354332121864763,5417.0,1.6255307003518658,0.2557714207046079
2024,2,cumulative,3,slow_conflict_half_matched_constant,0.0560297445449208,0.218065408280289,0.4923044987256925,0.4864155863328704,572,0.8311010903217121,4510.486808157404,1.353483511467918,0.2569026699882437
2024,2,cumulative,3,chop_half_matched_constant,0.0632690026517368,0.2453925088995962,0.5337299293569648,0.5276381543164308,572,0.9354332121864763,5076.709936508649,1.5234405142157952,0.2568524692534431
2024,2,cumulative,5,baseline,-0.186162050159653,-0.8239760464745121,0.7537136971491336,0.7500518803493217,968,0.999977565396868,5427.0,2.7148575300538083,-0.788724689701631
2024,2,cumulative,5,constant_075,-0.1430981056914309,-0.6177273706259672,0.650324155007255,0.646432154236835,968,0.7499831740476511,4070.25,2.03588848331044,-0.7884052468271946
2024,2,cumulative,5,constant_050,-0.0977937548413308,-0.4116485275496352,0.5035974215151606,0.4999208734832488,968,0.499988782698434,2713.5,1.3570892693392838,-0.7880859059233785
2024,2,cumulative,5,slow_conflict_half,-0.1184157854940434,-0.5041389849989604,0.6379791616386148,0.6343255285181091,968,0.8311010903217122,4491.0,2.246405251570164,-0.5638464616783604
2024,2,cumulative,5,chop_half,-0.1878250243249513,-0.8321578989998658,0.7502197285345752,0.7474299189458568,968,0.9354332121864763,5417.0,2.709696691663489,-0.8265995014803222
2024,2,cumulative,5,slow_conflict_half_matched_constant,-0.1573116041837409,-0.6846321061663931,0.6879113673986461,0.6840596852083994,968,0.8311010903217121,4510.486808157404,2.2561810259146,-0.7885088881356945
2024,2,cumulative,5,chop_half_matched_constant,-0.1752520533159423,-0.770709833995141,0.73038270194353,0.7266345484299016,968,0.9354332121864763,5076.709936508649,2.5395428571105327,-0.7886422051484423
2024,2,cumulative_simple_equity,0,baseline,0.5519440432461068,1.7580334660063066,0.199425889822797,0.1828694422949882,335,0.999977565396868,5427.0,0.0,1.7805088866244705
2024,2,cumulative_simple_equity,0,slow_conflict_half,0.5090943028335022,1.6460386857086884,0.1589956413647418,0.1459930483504155,295,0.8311010903217122,4491.0,0.0,1.936752555269713
2024,2,cumulative_simple_equity,0,chop_half,0.5505407036753209,1.7544148447244163,0.1761542053386166,0.1646166533262038,237,0.9354332121864763,5417.0,0.0,1.8389699823705463
2024,3,annual,0,baseline,1.9799892443118048,1.0919196912194589,0.1291730254410398,0.085730676948129,38,1.0,1314.0,0.0,3.600340301165692
2024,3,annual,0,constant_075,1.2680938575633518,0.818939768414594,0.0985349267423676,0.0650129172895353,38,0.75,985.5,0.0,3.600340301165691
2024,3,annual,0,constant_050,0.7262645348589551,0.5459598456097294,0.0668188950911189,0.0438256837522402,38,0.5,657.0,0.0,3.600340301165692
2024,3,annual,0,slow_conflict_half,1.6191999016350604,0.9628688900793954,0.0978744038714645,0.0662449182165923,47,0.8281530722242185,1072.0,0.0,3.598825489088588
2024,3,annual,0,chop_half,2.0238210445562568,1.1065212781786955,0.1291730254410398,0.0851849884330077,46,0.9402173913043478,1323.5,0.0,3.73120098928198
2024,3,annual,0,slow_conflict_half_matched_constant,1.4701444900021252,0.9042766469055148,0.1082268417619592,0.071539491539619,38,0.8281530722242182,1088.1931369026229,0.0,3.600340301165691
2024,3,annual,0,chop_half_matched_constant,1.79167530562985,1.0266418835922084,0.1219426097776428,0.0808185804387803,38,0.9402173913043478,1235.445652173913,0.0,3.600340301165691
2024,3,annual,1,baseline,1.613019762007475,0.9605065494671956,0.1295213213977845,0.0916246980309151,48,1.0,1314.0,0.1314131417522628,3.1419446530635216
2024,3,annual,1,constant_075,1.0552189276814306,0.7203823764253859,0.0988053459813807,0.0695370403826056,48,0.75,985.5,0.0985573919892081,3.1419560269064246
2024,3,annual,1,constant_050,0.6164890760651119,0.4802565603907129,0.0670055219802896,0.0469124566575192,48,0.5,657.0,0.0657032852190164,3.1419673999953623
2024,3,annual,1,slow_conflict_half,1.3529276802592374,0.8556603741514458,0.1010265918554627,0.0693680165154333,52,0.8281530722242185,1072.0,0.1072085159279496,3.176026582740821
2024,3,annual,1,chop_half,1.6489399085212322,0.9741595254426872,0.1295213213977845,0.0926564481743543,48,0.9402173913043478,1323.5,0.1323617527360083,3.2594508010760457
2024,3,annual,1,slow_conflict_half_matched_constant,1.2154339982643427,0.7954483203151357,0.1085222271697886,0.0764989975701398,48,0.8281530722242182,1088.1931369026229,0.1088283265903791,3.141952471384373
2024,3,annual,1,chop_half_matched_constant,1.4672044327153024,0.9030857010435368,0.1222728046607667,0.0863910276351836,48,0.9402173913043478,1235.445652173913,0.1235561825486715,3.141947372964116
2024,3,annual,3,baseline,1.00892827608563,0.6976013838941617,0.1302177043127999,0.1138841510642558,57,1.0,1314.0,0.3943183073252969,2.2458030914497566
2024,3,annual,3,constant_075,0.6874579538236507,0.5232232272014814,0.0993460627616221,0.0866887911725413,57,0.75,985.5,0.2957165412131127,2.245902379847451
2024,3,annual,3,constant_050,0.4174085998190649,0.3488302746953986,0.0673787197677648,0.0586601057831091,57,0.5,657.0,0.1971295709143307,2.246001648729866
2024,3,annual,3,slow_conflict_half,0.898743269115253,0.6411922300184698,0.1170123303471112,0.1071326989567102,68,0.8281530722242185,1072.0,0.3216766600609256,2.347011922632895
2024,3,annual,3,chop_half,1.0327010533697714,0.7093654767947625,0.1302177043127999,0.107420634837883,58,0.9402173913043478,1323.5,0.397155801383933,2.3367094581378645
2024,3,annual,3,slow_conflict_half_matched_constant,0.782002214607513,0.5777375718130041,0.1091128511986915,0.0952787520265114,57,0.8281530722242182,1088.1931369026229,0.3265390750925107,2.24587134317127
2024,3,annual,3,chop_half_matched_constant,0.9268828733698594,0.655903605732244,0.1229330081365159,0.107455390089484,57,0.9402173913043478,1235.445652173913,0.3707382778599644,2.245826836103187
2024,3,annual,5,baseline,0.5443312551078764,0.4345909720550772,0.2000830252791379,0.1881826921965193,118,1.0,1314.0,0.6573287191643815,1.3768491584824176
2024,3,annual,5,constant_075,0.3854221501124218,0.3260048947219682,0.1541437441265054,0.1447264903014158,118,0.75,985.5,0.4929348736926259,1.3771165525225904
2024,3,annual,5,constant_050,0.242813415710288,0.2173776932244596,0.1055838586475232,0.0989597210056968,118,0.5,657.0,0.3285821523852697,1.377383860026791
2024,3,annual,5,slow_conflict_half,0.532125365179414,0.4266558990274799,0.1619628088991227,0.1532620785802278,116,0.8281530722242185,1072.0,0.5362129910519157,1.5399644459367208
2024,3,annual,5,chop_half,0.5596747580094347,0.4444773110692157,0.1862700069305226,0.1685115696453498,118,0.9402173913043478,1323.5,0.66204396710948,1.441358095328801
2024,3,annual,5,slow_conflict_half_matched_constant,0.4332644236712146,0.3599546563672397,0.168779732261598,0.1585541191070112,118,0.8281530722242182,1088.1931369026229,0.544321990538275,1.3770329711595686
2024,3,annual,5,chop_half_matched_constant,0.5047525686629325,0.408628478480626,0.1893283177234951,0.1779949036481667,118,0.9402173913043478,1235.445652173913,0.6180134051115825,1.376913108410526
2024,3,cumulative,0,baseline,0.6237112959987247,1.938857810144489,0.17492919632128,0.1554917060529471,144,0.999977565396868,5397.0,0.0,1.97228995644502
2024,3,cumulative,0,constant_075,0.4384064076071018,1.4541433576083669,0.1342980127889466,0.1190465932641135,144,0.7499831740476511,4047.75,0.0,1.97228995644502
2024,3,cumulative,0,constant_050,0.274249306846476,0.9694289050722446,0.0916659184646213,0.081028676210703,144,0.499988782698434,2698.5,0.0,1.97228995644502
2024,3,cumulative,0,slow_conflict_half,0.5474425077643238,1.7464142927977797,0.143733694217119,0.1224550232550308,87,0.8321106474626464,4462.5,0.0,2.0484345126198718
2024,3,cumulative,0,chop_half,0.619145326236403,1.9275937345184628,0.1624827498736781,0.1540576099562373,144,0.9387759680531252,5377.0,0.0,2.02793307963792
2024,3,cumulative,0,slow_conflict_half_matched_constant,0.4968233649968103,1.6133804232868365,0.147862072882072,0.1311896830249061,144,0.8321106474626462,4491.001918201602,0.0,1.97228995644502
2024,3,cumulative,0,chop_half_matched_constant,0.5762498107620343,1.8201939529647124,0.1651620082491705,0.146711333492528,144,0.9387759680531248,5066.6875687075135,0.0,1.97228995644502
2024,3,cumulative,1,baseline,0.4187496555836202,1.3991038379484095,0.2357894663766378,0.2297125954998517,337,0.999977565396868,5397.0,0.5397539721960793,1.4077879386307397
2024,3,cumulative,1,constant_075,0.2999613065276571,1.0493379992601346,0.1826444626001799,0.1777746856721563,337,0.7499831740476511,4047.75,0.4048053583482321,1.4078019012377063
2024,3,cumulative,1,constant_050,0.1911167985900352,0.6995654129228019,0.1258053000720779,0.1223364548985255,337,0.499988782698434,2698.5,0.2698634921494424,1.4078158629212771
2024,3,cumulative,1,slow_conflict_half,0.3840750516088766,1.3001283350651462,0.1730089523806667,0.1529199690441691,315,0.8321106474626464,4462.5,0.4462859577326331,1.510117811774236
2024,3,cumulative,1,chop_half,0.4154698134425675,1.3898459984875005,0.2122397978708835,0.2037272184612125,238,0.9387759680531252,5377.0,0.5377477360309624,1.4469244247258073
2024,3,cumulative,1,slow_conflict_half_matched_constant,0.3378458087386803,1.164242859839062,0.2004989157210387,0.1952121753229542,337,0.8321106474626462,4491.001918201602,0.4491375634477745,1.4077973143821227
2024,3,cumulative,1,chop_half_matched_constant,0.3887018739621699,1.3134776286342906,0.2231071740683599,0.217308956905598,337,0.9387759680531248,5066.6875687075135,0.5067163243304217,1.407791356928188
2024,3,cumulative,3,baseline,0.08308990862934,0.3192719307920298,0.4703795483575396,0.4599916940803558,562,0.999977565396868,5397.0,1.619585879352459,0.3143006809057057
2024,3,cumulative,3,constant_075,0.061715790161244,0.2395450778126504,0.3791450476841851,0.3700343631494617,562,0.7499831740476511,4047.75,1.214598279795716,0.3144210705031383
2024,3,cumulative,3,constant_050,0.0407476664230435,0.1597574595336546,0.2722126706115285,0.2651101343572313,562,0.499988782698434,2698.5,0.8096714455385898,0.3145414366076555
2024,3,cumulative,3,slow_conflict_half,0.1072009350208742,0.4073406014892322,0.3858676232556146,0.3755299012899168,564,0.8321106474626464,4462.5,1.339073691308547,0.4639067019869123
2024,3,cumulative,3,chop_half,0.0816806623565462,0.3140640016349864,0.4590323729387632,0.4483750400060291,561,0.9387759680531252,5377.0,1.6135297328834763,0.3201387759156539
2024,3,cumulative,3,slow_conflict_half_matched_constant,0.068692412877358,0.2657434285170263,0.4107286403694227,0.4011268022776135,562,0.8321106474626462,4491.001918201602,1.34763699476981,0.3143815230335722
2024,3,cumulative,3,chop_half_matched_constant,0.0778193364253622,0.2997594679985617,0.449364751900049,0.4392317793330419,562,0.9387759680531248,5066.6875687075135,1.520434484966151,0.3143301558816765
2024,3,cumulative,5,baseline,-0.1732459709118224,-0.7609922149055667,0.7240614163987078,0.7193687258524598,968,0.999977565396868,5397.0,2.699850025050055,-0.7328968634804285
2024,3,cumulative,5,constant_075,-0.1329188658195678,-0.5704909048415103,0.6192021600369546,0.6143555532212535,968,0.7499831740476511,4047.75,2.0246342624498777,-0.7325766776112421
2024,3,cumulative,5,constant_050,-0.090663096138278,-0.3801584886418047,0.4745641100247477,0.4701152879370647,968,0.499988782698434,2698.5,1.349587393714049,-0.7322565940991796
2024,3,cumulative,5,slow_conflict_half,-0.1143502851574439,-0.4857350490356203,0.6225151870429375,0.6166226877458911,968,0.8321106474626464,4462.5,2.2321493418333995,-0.5423366369110342
2024,3,cumulative,5,chop_half,-0.1734749614039972,-0.7621002697917143,0.7310656401683192,0.7263006711302582,968,0.9387759680531252,5377.0,2.689694004310177,-0.7605649141393537
2024,3,cumulative,5,slow_conflict_half_matched_constant,-0.1463754427296378,-0.633055241390163,0.657431777469324,0.65259089488544,968,0.8321106474626462,4491.001918201602,2.246435664677,-0.7326818529045108
2024,3,cumulative,5,chop_half_matched_constant,-0.1635469638647039,-0.7143396136979314,0.7014187935950467,0.6966543021694318,968,0.9387759680531248,5066.6875687075135,2.534533566662644,-0.7328184687104644
2024,3,cumulative_simple_equity,0,baseline,0.5714845858331632,1.8080830745518608,0.1775531365788215,0.1617897639650451,144,0.999977565396868,5397.0,0.0,1.8407349929501635
2024,3,cumulative_simple_equity,0,slow_conflict_half,0.5114883325949972,1.652379264469095,0.1459417245615182,0.1244845397176141,88,0.8321106474626464,4462.5,0.0,1.9397855824653527
2024,3,cumulative_simple_equity,0,chop_half,0.5703854684406484,1.805284442098284,0.1681901575398455,0.1599096587219991,163,0.9387759680531252,5377.0,0.0,1.9014161302348052
2024,4,annual,0,baseline,2.7181563580762376,1.313227942765783,0.1172930098772506,0.0930322703762136,38,1.0,1320.0,0.0,3.726685612446382
2024,4,annual,0,constant_075,1.6776002307003046,0.9849209570743368,0.0893270761327253,0.0706188147953215,38,0.75,990.0,0.0,3.726685612446381
2024,4,annual,0,constant_050,0.9282521510622612,0.6566139713828915,0.0604751253304948,0.0476514663087959,38,0.5,660.0,0.0,3.726685612446382
2024,4,annual,0,slow_conflict_half,2.0540895789721167,1.116481538053281,0.1037804553902538,0.0784287936779628,47,0.8291412145167086,1084.5,0.0,3.5148999881241627
2024,4,annual,0,chop_half,2.7145515734851315,1.3122579638813896,0.1056281822468769,0.0872666262147906,47,0.9406665468918434,1323.0,0.0,3.767022517079138
2024,4,annual,0,slow_conflict_half_matched_constant,1.970859816439473,1.0888514114021,0.0982746448909654,0.0777734043034305,38,0.8291412145167084,1094.4664031620557,0.0,3.726685612446381
2024,4,annual,0,chop_half_matched_constant,2.439443187562961,1.2353095942033685,0.1107344748343211,0.0877622129379379,38,0.9406665468918434,1241.679841897233,0.0,3.726685612446381
2024,4,annual,1,baseline,2.2583298267240526,1.181214741005519,0.1222228455973421,0.0977367308330255,52,1.0,1320.0,0.132013201760264,3.330332390201239
2024,4,annual,1,constant_075,1.425198874989548,0.8859135313317535,0.0931441671991726,0.0742366134659933,52,0.75,990.0,0.0990074257425835,3.3303422391257285
2024,4,annual,1,constant_050,0.8050903955408028,0.5906106711628749,0.0631022466515039,0.0501244798383416,52,0.5,660.0,0.0660033002200164,3.330352087396616
2024,4,annual,1,slow_conflict_half,1.7401779289066146,1.0080228558487856,0.1080723625272333,0.083025539004697,54,0.8291412145167086,1084.5,0.1084586822044958,3.1555537285758946
2024,4,annual,1,chop_half,2.2541989347641262,1.17994614238117,0.1101337229419413,0.0911378036011546,54,0.9406665468918434,1323.0,0.1323118215002193,3.3661687154321966
2024,4,annual,1,slow_conflict_half_matched_constant,1.662846585204402,0.9793956954105174,0.1024521681256499,0.0817413847388823,52,0.8291412145167084,1094.4664031620557,0.1094557159915826,3.3303391213730524
2024,4,annual,1,chop_half_matched_constant,2.0377889401796287,1.1111299284816063,0.1154070097921018,0.0922139153146854,52,0.9406665468918434,1241.679841897233,0.124179665721762,3.3303347277431925
2024,4,annual,3,baseline,1.5020467457522104,0.9171090952243884,0.1320029908261019,0.1079851996020408,71,1.0,1320.0,0.3961188475413942,2.5520734500996864
2024,4,annual,3,constant_075,0.9894418301289392,0.6878541120200685,0.1007321186106303,0.0821336031819955,71,0.75,990.0,0.2970668450542685,2.5521599309210057
2024,4,annual,3,constant_050,0.5818329434450857,0.4585842654415546,0.0683352545887433,0.055533415118746,71,0.5,660.0,0.1980297059413368,2.5522463946877663
2024,4,annual,3,slow_conflict_half,1.2057186651291676,0.7910533810253673,0.1262326910654997,0.1146056253093809,77,0.8291412145167086,1084.5,0.3254281570279139,2.448232190925805
2024,4,annual,3,chop_half,1.4974033781471277,0.915251543363616,0.1217240279914136,0.1105826765490468,77,0.9406665468918434,1323.0,0.3970064205177732,2.578476255967461
2024,4,annual,3,slow_conflict_half_matched_constant,1.139195430550714,0.7604297913080593,0.1107512982302457,0.0903972782567643,71,0.8291412145167084,1094.4664031620557,0.3284216200940406,2.552132555977239
2024,4,annual,3,chop_half_matched_constant,1.3695509899057023,0.8627004814620443,0.1246811586775028,0.1019163623850424,71,0.9406665468918434,1241.679841897233,0.372609112741324,2.552093976466508
2024,4,annual,5,baseline,0.9210995849432984,0.6528977226006507,0.1892267225696781,0.1710920933696499,118,1.0,1320.0,0.6603302201651321,1.7930209545214648
2024,4,annual,5,constant_075,0.6318841038290265,0.4897352392095987,0.1455514002134018,0.1312571414943239,118,0.75,990.0,0.4951857178647383,1.793255208463357
2024,4,annual,5,constant_050,0.3861518350594305,0.3265314438725747,0.0995390694518662,0.0895239637200129,118,0.5,660.0,0.3300825275103166,1.7934893861732333
2024,4,annual,5,slow_conflict_half,0.7753798276270321,0.5740143874308531,0.1675431739706911,0.1576465815444709,118,0.8291412145167086,1084.5,0.5424671506224281,1.75612451545274
2024,4,annual,5,chop_half,0.9164265427403924,0.650462276244207,0.1837161590238343,0.1673563364351944,118,0.9406665468918434,1323.0,0.6617956876371822,1.809446523510321
2024,4,annual,5,slow_conflict_half_matched_constant,0.7183958624532519,0.54139121753927,0.1596245578282697,0.1440686839400717,118,0.8291412145167084,1094.4664031620557,0.54746019386283,1.793181060145945
2024,4,annual,5,chop_half_matched_constant,0.8481358609285871,0.6141774883356895,0.1790662255325231,0.1618050881016181,118,0.9406665468918434,1241.679841897233,0.6211321058676788,1.7930765578040535
2024,4,cumulative,0,baseline,0.806102147123562,2.3646840530577062,0.1619189265520347,0.149864733305371,203,0.999977565396868,5425.0,0.0,2.2624634329231825
2024,4,cumulative,0,constant_075,0.5579615373494065,1.7735130397932792,0.1240798346257018,0.1146478943902354,203,0.7499831740476511,4068.75,0.0,2.2624634329231825
2024,4,cumulative,0,constant_050,0.3439129983460842,1.1823420265288531,0.0845323198233783,0.0779721985240201,203,0.499988782698434,2712.5,0.0,2.2624634329231825
2024,4,cumulative,0,slow_conflict_half,0.6872738163014973,2.092456399987142,0.137555878462023,0.1217462082579974,93,0.8314488266702562,4487.5,0.0,2.2786394583427305
2024,4,cumulative,0,chop_half,0.7684762781425777,2.280473264106755,0.1541870981035219,0.1470416077829767,203,0.937261632341724,5397.0,0.0,2.243428603269848
2024,4,cumulative,0,slow_conflict_half_matched_constant,0.6348310616997402,1.9661578913326825,0.1365944596003943,0.1262813779188656,203,0.8314488266702559,4510.711080699077,0.0,2.262463432923182
2024,4,cumulative,0,chop_half_matched_constant,0.7403640922767265,2.2163773590877507,0.1525826939506619,0.1411637722984272,203,0.937261632341724,5084.7584299912505,0.0,2.2624634329231825
2024,4,cumulative,1,baseline,0.5770128403413686,1.822129800824288,0.2400953415745291,0.220093272097033,319,0.999977565396868,5425.0,0.5425542522334184,1.7257619309531735
2024,4,cumulative,1,constant_075,0.4072703146733293,1.3666075239292954,0.186101037505045,0.1700858586256296,319,0.7499831740476511,4068.75,0.4069055158639839,1.7257752166804896
2024,4,cumulative,1,constant_050,0.2557959769203072,0.9110784643747436,0.1282717781039409,0.1168735620696908,319,0.499988782698434,2712.5,0.2712635621541094,1.7257885015286418
2024,4,cumulative,1,slow_conflict_half,0.5082010058116697,1.6436702147264215,0.1583914677248148,0.148191627726828,247,0.8314488266702562,4487.5,0.4487861852607204,1.774224976348478
2024,4,cumulative,1,chop_half,0.5452432346478645,1.7407253255496222,0.2252270987646679,0.2186914145461029,239,0.937261632341724,5397.0,0.5397479385571329,1.696112686214542
2024,4,cumulative,1,slow_conflict_half_matched_constant,0.4604758676580107,1.5150492774658526,0.2041046900378131,0.1867241828936519,319,0.8314488266702559,4510.711080699077,0.4511086138668299,1.725770887358147
2024,4,cumulative,1,chop_half_matched_constant,0.5325966657363237,1.7078538559661045,0.2268959583727436,0.2078383223061446,319,0.937261632341724,5084.7584299912505,0.5085235031216464,1.725765264017705
2024,4,cumulative,3,baseline,0.2022248876625469,0.7366956526967932,0.4882504470980949,0.482332202888266,583,0.999977565396868,5425.0,1.6279884003609126,0.6836467548512164
2024,4,cumulative,3,constant_075,0.1481515891960447,0.5526133420721696,0.3949225891598578,0.3896819523253262,583,0.7499831740476511,4068.75,1.2208996977211095,0.683761670238811
2024,4,cumulative,3,constant_050,0.0964936390467877,0.3684699508642349,0.284594104397663,0.2804692262227137,583,0.499988782698434,2712.5,0.813872075664618,0.6838765631615652
2024,4,cumulative,3,slow_conflict_half,0.2049886708389348,0.7458806604200243,0.3835328811095148,0.3722584842742427,563,0.8314488266702562,4487.5,1.3465757395671178,0.7909431319429473
2024,4,cumulative,3,chop_half,0.1796708123870179,0.6609417080164696,0.4841734682682849,0.4785217243699067,583,0.937261632341724,5397.0,1.6195315560902857,0.6316920162246609
2024,4,cumulative,3,slow_conflict_half_matched_constant,0.165501812967755,0.6126069400814173,0.4270666809314994,0.4215628590224042,583,0.8314488266702559,4510.711080699077,1.3535509512512651,0.6837242252383897
2024,4,cumulative,3,chop_half_matched_constant,0.1884265382517209,0.6905207817352975,0.46628402073243,0.4605009335259162,583,0.937261632341724,5084.7584299912505,1.525856577352453,0.6836755857123602
2024,4,cumulative,5,baseline,-0.0835916751672479,-0.349172976662519,0.6854910903754533,0.6819705591124732,644,0.999977565396868,5425.0,2.713857029720225,-0.3174566179935368
2024,4,cumulative,5,constant_075,-0.0633131809291253,-0.2616251621264558,0.57997547537599,0.5764544702137626,644,0.7499831740476511,4068.75,2.035138201919735,-0.3171500569609771
2024,4,cumulative,5,constant_050,-0.042626593731078,-0.1742471177687483,0.4391030939997797,0.4359731274657438,644,0.499988782698434,2712.5,1.3565891442976017,-0.3168435942172354
2024,4,cumulative,5,slow_conflict_half,-0.0373348645278224,-0.1521986328591507,0.5855291912568886,0.5792422531288167,643,0.8314488266702562,4487.5,2.244655032846293,-0.1585234183175751
2024,4,cumulative,5,chop_half,-0.0995012040829897,-0.4192258059766416,0.6940426133457316,0.6888726079553399,968,0.937261632341724,5397.0,2.6996990700833967,-0.3929606377770528
2024,4,cumulative,5,slow_conflict_half_matched_constant,-0.0699658076063319,-0.2901357099839678,0.6177605936561271,0.6142065606582219,644,0.8314488266702559,4510.711080699077,2.25629360131665,-0.3172499451819319
2024,4,cumulative,5,chop_half_matched_constant,-0.0785423759300461,-0.3271939549851703,0.6618139143931762,0.6582670886966164,644,0.937261632341724,5084.7584299912505,2.543571314072921,-0.3173797019845424
2024,4,cumulative_simple_equity,0,baseline,0.7507488407634779,2.2401744216646966,0.1719780563487372,0.1604095214297473,206,0.999977565396868,5425.0,0.0,2.145873509324511
2024,4,cumulative_simple_equity,0,slow_conflict_half,0.6489477954381561,2.0005495390443158,0.1401988897220362,0.1243190765925115,93,0.8314488266702562,4487.5,0.0,2.1791699964736866
2024,4,cumulative_simple_equity,0,chop_half,0.7180724809212895,2.164812047199079,0.1638917403334022,0.1568218074128207,206,0.937261632341724,5397.0,0.0,2.1328229287630807
2025,0,annual,0,baseline,0.6548712918654269,0.503723236539237,0.0927983889747474,0.0752328447715073,34,1.0,1399.0,0.0,2.120294832924432
2025,0,annual,0,constant_075,0.4590600505590216,0.3777924274044277,0.0704390746889139,0.0569726305153599,34,0.75,1049.25,0.0,2.1202948329244324
2025,0,annual,0,constant_050,0.2864180082171684,0.2518616182696185,0.0475286823083581,0.0383518547678196,34,0.5,699.5,0.0,2.120294832924432
2025,0,annual,0,slow_conflict_half,0.5296522193698123,0.4250404019646258,0.0918546786827156,0.0706503329500102,55,0.8287465706447188,1164.5,0.0,2.0363470551717007
2025,0,annual,0,chop_half,0.6092458291241474,0.4757656401337432,0.1055759546205606,0.086593893474004,42,0.9372427983539094,1407.0,0.0,2.0435717712530885
2025,0,annual,0,slow_conflict_half_matched_constant,0.5180990160884645,0.4174589048359511,0.077540771744382,0.0627629138064791,34,0.8287465706447189,1159.4164523319616,0.0,2.120294832924432
2025,0,annual,0,chop_half_matched_constant,0.6033753097272576,0.4721109758099228,0.0872366300227615,0.0706825151954312,34,0.9372427983539094,1311.202674897119,0.0,2.1202948329244324
2025,0,annual,1,baseline,0.4387997364626425,0.3638092496746239,0.0987667990476975,0.0800054223680866,56,1.0,1399.0,0.1399139868646129,1.5156859508684657
2025,0,annual,1,constant_075,0.3137157337037148,0.2728595600553236,0.075029375183106,0.0606248166624398,56,0.75,1049.25,0.1049328673491041,1.5157009116057656
2025,0,annual,1,constant_050,0.1995039805340967,0.1819081217865593,0.0506668138009712,0.0408361334073889,56,0.5,699.5,0.0699534964830591,1.5157158713533112
2025,0,annual,1,slow_conflict_half,0.3614917241862337,0.3085809546601984,0.1006218737205106,0.0804414813591223,74,0.8287465706447188,1164.5,0.1164594473044273,1.4648788075148216
2025,0,annual,1,chop_half,0.3980146961956078,0.3350531560565133,0.1103932275764885,0.0911498981093703,76,0.9372427983539094,1407.0,0.1407124840772298,1.4246870508318128
2025,0,annual,1,slow_conflict_half_matched_constant,0.3518954616296182,0.3015076533514599,0.0825730142418501,0.0667730657780539,56,0.8287465706447189,1159.4164523319616,0.1159512514844912,1.5156961992855231
2025,0,annual,1,chop_half_matched_constant,0.4063228949339,0.3409784220245736,0.0928659028101558,0.0751782300716396,56,0.9372427983539094,1311.202674897119,0.131132553785349,1.5156897065375456
2025,0,annual,3,baseline,0.0875172230901583,0.0838973211795765,0.1603619920560962,0.1475161082260147,179,1.0,1399.0,0.4198259153596604,0.3423468670756395
2025,0,annual,3,constant_075,0.0649699758766055,0.0629466070988368,0.1228519932863479,0.1128010553087832,179,0.75,1049.25,0.3148458203055909,0.3424761610184024
2025,0,annual,3,constant_050,0.042873773043659,0.0419801457260775,0.0836716377312369,0.0766813728685979,179,0.5,699.5,0.2098814725435409,0.3426054297034746
2025,0,annual,3,slow_conflict_half,0.0785368533960003,0.0756053572377614,0.1556914316795255,0.1438105805217365,165,0.8287465706447188,1164.5,0.3494350447268643,0.3522901945880217
2025,0,annual,3,chop_half,0.0550131750362994,0.0535532550361189,0.1859741505806889,0.1784690206313451,186,0.9372427983539094,1407.0,0.4222123850976242,0.2231085214440784
2025,0,annual,3,slow_conflict_half_matched_constant,0.0720229744018558,0.069547493763977,0.1348439157761108,0.1238847490900439,179,0.8287465706447189,1159.4164523319616,0.3479114110719742,0.3424354379253326
2025,0,annual,3,chop_half_matched_constant,0.0818143324100108,0.0786395690363219,0.1510989826657841,0.1389306623325263,179,0.9372427983539094,1311.202674897119,0.3934714067736009,0.3423793259546401
2025,0,annual,5,baseline,-0.1780918433003553,-0.1961266216773352,0.2900297525711087,0.283760219456809,238,1.0,1399.0,0.6998498582165722,-0.7837068645044459
2025,0,annual,5,constant_075,-0.136731346965108,-0.1470293350278555,0.2265221445525921,0.2214050893894867,238,0.75,1049.25,0.5248217624322833,-0.7833623399757133
2025,0,annual,5,constant_050,-0.0933291706007014,-0.0979758171215171,0.1573567090004405,0.1536444282557254,238,0.5,699.5,0.3498374353911355,-0.7830179257543526
2025,0,annual,5,slow_conflict_half,-0.1456769569390366,-0.1574458861566507,0.2668101774207007,0.2603355992417212,238,0.8287465706447188,1164.5,0.5824862881212767,-0.7199026359232006
2025,0,annual,5,chop_half,-0.2039128543218302,-0.2280466196350084,0.3254845565174361,0.3107220016231553,238,0.9372427983539094,1407.0,0.7038122597687516,-0.9306306961030044
2025,0,annual,5,slow_conflict_half_matched_constant,-0.1499750557990007,-0.1624895838095411,0.2471139727226551,0.241608249225486,238,0.8287465706447189,1159.4164523319616,0.5799484886454923,-0.7834708485729265
2025,0,annual,5,chop_half_matched_constant,-0.1678958557766287,-0.1837976726490598,0.2745934426305663,0.2685912891096286,238,0.9372427983539094,1311.202674897119,0.6559086484589827,-0.7836203685502344
2025,0,cumulative,0,baseline,0.8657176697500755,3.118228942965259,0.1432380473341723,0.1163695888702462,71,0.999982810781078,6968.0,0.0,2.5863162335115666
2025,0,cumulative,0,constant_075,0.5963732561376641,2.3386717072239445,0.1094770240135646,0.0886126618929236,71,0.7499871080858086,5226.0,0.0,2.586316233511566
2025,0,cumulative,0,constant_050,0.3659127606659495,1.5591144714826295,0.074385635015409,0.0599838240063345,71,0.499991405390539,3484.0,0.0,2.5863162335115666
2025,0,cumulative,0,slow_conflict_half,0.7370652482442605,2.760985251547593,0.1067691345686433,0.0911059872018878,71,0.8310643564356436,5761.0,0.0,2.636243184944421
2025,0,cumulative,0,chop_half,0.805358478198197,2.9537958747289528,0.1240352325161764,0.1003664229031941,119,0.9326268564356436,6961.0,0.0,2.51054566146184
2025,0,cumulative,0,slow_conflict_half_matched_constant,0.6791684406835599,2.5914934754531043,0.1205695013046989,0.0977088695819087,71,0.8310643564356435,5790.955977653632,0.0,2.5863162335115666
2025,0,cumulative,0,chop_half_matched_constant,0.7889678067607747,2.9081940463084583,0.1342699011478185,0.1089753727822251,71,0.9326268564356438,6498.6556424581,0.0,2.586316233511566
2025,0,cumulative,1,baseline,0.6229928007167637,2.421359263675199,0.15159413837798,0.125962988952177,129,0.999982810781078,6968.0,0.6968696792900602,1.985483318024195
2025,0,cumulative,1,constant_075,0.4379327657063035,1.8160325139298477,0.1159988599273388,0.096043656022896,129,0.7499871080858086,5226.0,0.5226391932940971,1.985498172010198
2025,0,cumulative,1,constant_050,0.2739717855622718,1.2106970528214591,0.0789102772128263,0.0651002771075006,129,0.499991405390539,3484.0,0.3484174186611705,1.9855130250142092
2025,0,cumulative,1,slow_conflict_half,0.5480061449676014,2.18483872388485,0.116533585014392,0.101364507482168,125,0.8310643564356436,5761.0,0.5761465276627432,2.065162136276517
2025,0,cumulative,1,chop_half,0.570708675837164,2.257634516998994,0.1373867573155443,0.1288755411655053,129,0.9326268564356436,6961.0,0.6961613577299586,1.8981167773709189
2025,0,cumulative,1,slow_conflict_half_matched_constant,0.4955139849119543,2.012349751863822,0.1277035866145839,0.1058574714301284,129,0.8310643564356435,5790.955977653632,0.5791437235892827,1.9854933547537417
2025,0,cumulative,1,chop_half_matched_constant,0.5709076522985979,2.2582678739748854,0.142147268618816,0.118000710112058,129,0.9326268564356438,6498.6556424581,0.6499261723335736,1.985487320207252
2025,0,cumulative,3,baseline,0.2280657030569211,1.027201662058352,0.2749960914809726,0.2662524232697951,449,0.999982810781078,6968.0,2.091027280906907,0.8231863846915838
2025,0,cumulative,3,constant_075,0.1666119507868589,0.7705188970095052,0.2142715194181954,0.2071751673935087,449,0.7499871080858086,5226.0,1.568152810214439,0.8233142250566459
2025,0,cumulative,3,constant_050,0.1082160236618194,0.5137576826263247,0.1484833367649763,0.1433640089133382,449,0.499991405390539,3484.0,1.045356788856305,0.8234420405024402
2025,0,cumulative,3,slow_conflict_half,0.2293103018628769,1.0322664096178795,0.2007863269411187,0.1933537040739885,411,0.8310643564356436,5761.0,1.7287188419297133,0.9560595581079802
2025,0,cumulative,3,chop_half,0.1888526747675921,0.8649435159592714,0.3025338273273372,0.2940700185821502,459,0.9326268564356436,6961.0,2.0888523587696817,0.7114944659923362
2025,0,cumulative,3,slow_conflict_half_matched_constant,0.1861997275554457,0.8537734537201613,0.234500783698331,0.2268360043195753,449,0.8310643564356435,5790.955977653632,1.7377200217329432,0.8232727672945993
2025,0,cumulative,3,chop_half_matched_constant,0.2111984803240362,0.9580517450701423,0.2591109205422299,0.2507808972181093,449,0.9326268564356438,6498.6556424581,1.950142301238316,0.8232208309757986
2025,0,cumulative,5,baseline,-0.0708664500234773,-0.367513968989553,0.5518696820317397,0.5464315841671984,886,0.999982810781078,6968.0,3.485742911954812,-0.2878263224559699
2025,0,cumulative,5,constant_075,-0.0535732516454323,-0.2753085172587728,0.452224134114621,0.4472461800132716,886,0.7499871080858086,5226.0,2.613980224482717,-0.2874869692204164
2025,0,cumulative,5,constant_050,-0.036000229306513,-0.1833211112072328,0.3304726062031778,0.326422471633963,886,0.499991405390539,3484.0,1.7424355826898623,-0.2871477242612324
2025,0,cumulative,5,slow_conflict_half,-0.023846754756371,-0.1206784566254646,0.4526656658693659,0.4473185823157094,590,0.8310643564356436,5761.0,2.8816637081730576,-0.1094989912170495
2025,0,cumulative,5,chop_half,-0.1002584903543648,-0.5282388420789973,0.5736250431493135,0.5678814392588486,1211,0.9326268564356436,6961.0,3.482034716807949,-0.425093140574108
2025,0,cumulative,5,slow_conflict_half_matched_constant,-0.0592121707440106,-0.3051881925580019,0.4867526012188003,0.4815816753607009,886,0.8310643564356435,5790.955977653632,2.896681668011106,-0.2875970145520451
2025,0,cumulative,5,chop_half_matched_constant,-0.0662345030950141,-0.3426497312758673,0.5269561930465563,0.5216046050760602,886,0.9326268564356438,6498.6556424581,3.250843777584326,-0.2877348803804445
2025,0,cumulative_simple_equity,0,baseline,0.8035604640886836,2.948813733852328,0.1464640577937627,0.1199494335936854,83,0.999982810781078,6968.0,0.0,2.4479078234528138
2025,0,cumulative_simple_equity,0,slow_conflict_half,0.696080316346825,2.641599462925034,0.1086907715218802,0.0917362710754128,72,0.8310643564356436,5761.0,0.0,2.524945887757627
2025,0,cumulative_simple_equity,0,chop_half,0.7495110423020056,2.796681722479437,0.1281358856235201,0.1041372601972385,120,0.9326268564356436,6961.0,0.0,2.379721869107568
2025,1,annual,0,baseline,0.1387359807428836,0.1299188584232817,0.1719849879046197,0.1566801793915538,105,1.0,1391.0,0.0,0.5177802761698083
2025,1,annual,0,constant_075,0.1023443550527408,0.0974391438174614,0.1319821462166034,0.1199765787332793,105,0.75,1043.25,0.0,0.5177802761698082
2025,1,annual,0,constant_050,0.0671157297795228,0.0649594292116408,0.0900466978490708,0.0816755363116769,105,0.5,695.5,0.0,0.5177802761698083
2025,1,annual,0,slow_conflict_half,0.1434747839461423,0.1340716825944815,0.1555563682209109,0.1419265922948518,76,0.8282340311325819,1160.5,0.0,0.6118421769515842
2025,1,annual,0,chop_half,0.1911075833727781,0.1748836165814352,0.1492643954885069,0.1379111193257108,105,0.9325013419216318,1385.0,0.0,0.7246497031450243
2025,1,annual,0,slow_conflict_half_matched_constant,0.113605801018136,0.1076032198320578,0.1447039686697171,0.131631000918149,105,0.8282340311325819,1152.0735373054213,0.0,0.517780276169808
2025,1,annual,0,chop_half_matched_constant,0.1287936654903684,0.1211495098206368,0.1613697541793613,0.1469239927145849,105,0.9325013419216318,1297.10936661299,0.0,0.5177802761698077
2025,1,annual,1,baseline,-0.0091529032474293,-0.0091950484306628,0.1857808103191038,0.1695076239293362,133,1.0,1391.0,0.1391139068539447,-0.0362515258606411
2025,1,annual,1,constant_075,-0.0068699716325084,-0.0068936785271422,0.1428513664882751,0.1300348115520554,133,0.75,1043.25,0.1043328223446036,-0.0362378273443636
2025,1,annual,1,constant_050,-0.0045835107761505,-0.0045940472700847,0.0976586711437209,0.088686071707153,133,0.5,695.5,0.0695534764817257,-0.036224129733828
2025,1,annual,1,slow_conflict_half,0.0181755052681489,0.0180123053003891,0.1677551152282301,0.1574095194703516,77,0.8282340311325819,1160.5,0.1160593772940923,0.0813821466100823
2025,1,annual,1,chop_half,0.0370409890710418,0.0363714550535466,0.1631456982323318,0.1504072325808048,133,0.9325013419216318,1385.0,0.1385121615278886,0.149142027159491
2025,1,annual,1,slow_conflict_half_matched_constant,-0.0075847627942519,-0.0076136733870082,0.1565233998698297,0.1425848670111867,133,0.8282340311325819,1152.0735373054213,0.115216893219066,-0.036242114007584
2025,1,annual,1,chop_half_matched_constant,-0.0085368717479506,-0.0085735195584014,0.1744065859373503,0.1590301394524735,133,0.9325013419216318,1297.10936661299,0.1297230293790382,-0.0362478272455103
2025,1,annual,3,baseline,-0.2498681865655203,-0.2875063366482489,0.2796676185861016,0.2685923582742616,192,1.0,1391.0,0.4174251950715307,-1.1091251065921182
2025,1,annual,3,constant_075,-0.1939473946055805,-0.2156062713665885,0.2180880348736025,0.2090887293290748,192,0.75,1043.25,0.3130454151840499,-1.109007043416314
2025,1,annual,3,constant_050,-0.1338713832807673,-0.1437218632958918,0.1512547794609747,0.1447548802564145,192,0.5,695.5,0.2086812925075328,-1.1088890032708096
2025,1,annual,3,slow_conflict_half,-0.1927829855868538,-0.2141627318532543,0.2177464988387577,0.2124125344467824,242,0.8282340311325819,1160.5,0.3482344144477357,-0.94832199955154
2025,1,annual,3,chop_half,-0.2139429171379612,-0.2407258646835516,0.2528576688292051,0.2437742188334015,192,0.9325013419216318,1385.0,0.4156094812649868,-0.966543232560422
2025,1,annual,3,slow_conflict_half_matched_constant,-0.2118798417991311,-0.2381047157224345,0.2379032334631671,0.2282112403142265,192,0.8282340311325819,1152.0735373054213,0.3457079355544925,-1.109043987172802
2025,1,annual,3,chop_half_matched_constant,-0.2351627108451345,-0.2680921616933684,0.2635351704602517,0.2529816336649856,192,0.9325013419216318,1297.10936661299,0.3892416715140051,-1.1090932278983368
2025,1,annual,5,baseline,-0.4321676137606189,-0.5659289984589562,0.4479105827478837,0.4421060218303153,242,1.0,1391.0,0.695847856882238,-2.13611750628178
2025,1,annual,5,constant_075,-0.3458257286397836,-0.4243814930520052,0.3594760752187395,0.3544319108908921,242,0.75,1043.25,0.5218206368694667,-2.135803652577368
2025,1,annual,5,constant_050,-0.2463879048435787,-0.2828775060127654,0.2569082768836,0.2530121065503255,242,0.5,695.5,0.3478369352244064,-2.1354898991477307
2025,1,annual,5,slow_conflict_half,-0.3600804759675611,-0.4464128542341354,0.3794978832115609,0.3754543098679346,242,0.8282340311325819,1160.5,0.5804845368286169,-1.937027237012496
2025,1,annual,5,chop_half,-0.4042419046035366,-0.5179205745157297,0.4195642225337091,0.4146690785484533,242,0.9325013419216318,1385.0,0.692804191097165,-2.0359135429232067
2025,1,annual,5,slow_conflict_half_matched_constant,-0.3741672658489103,-0.4686721414274516,0.3885726110715203,0.3832531445073776,242,0.8282340311325819,1152.0735373054213,0.5762753612595095,-2.1359018579568345
2025,1,annual,5,chop_half_matched_constant,-0.4100441892155846,-0.5277076418628576,0.4253109292969225,0.4196785855740806,242,0.9325013419216318,1297.10936661299,0.6488571516834944,-2.136032757581201
2025,1,cumulative,0,baseline,0.6603655226120957,2.5351888623693566,0.2013373015072023,0.1790731598882968,148,0.9999820634237336,6732.0,0.0,2.050210444088974
2025,1,cumulative,0,constant_075,0.4626916428062417,1.901391646777017,0.1551637291390743,0.1375610913651481,148,0.7499865475678003,5049.0,0.0,2.050210444088973
2025,1,cumulative,0,constant_050,0.2885517151484824,1.2675944311846783,0.1063206959469198,0.0939498688749594,148,0.4999910317118668,3366.0,0.0,2.050210444088974
2025,1,cumulative,0,slow_conflict_half,0.5816770224230436,2.292428453710137,0.1555563682209145,0.141926592294852,89,0.8303020519443248,5574.0,0.0,2.1402632840158144
2025,1,cumulative,0,chop_half,0.6595378713487369,2.532695864283898,0.1757605330795901,0.1732335817105054,148,0.937221983067872,6702.0,0.0,2.119557878472748
2025,1,cumulative,0,slow_conflict_half_matched_constant,0.52348740800485,2.105010271168945,0.1702816833600123,0.1511214944222545,148,0.8303020519443246,5589.693673656078,0.0,2.050210444088974
2025,1,cumulative,0,chop_half_matched_constant,0.6083607141932792,2.376077351734025,0.1899884866557886,0.1688434899278508,148,0.9372219830678722,6309.491560689494,0.0,2.050210444088973
2025,1,cumulative,1,baseline,0.4511905792756355,1.8619215433940104,0.2431887699532054,0.2316957379428819,318,0.9999820634237336,6732.0,0.6732673189753463,1.489401616613634
2025,1,cumulative,1,constant_075,0.3221917234582283,1.3964537811156852,0.1885872806402276,0.1793630538852037,318,0.7499865475678003,5049.0,0.5049378656613323,1.4894154873728669
2025,1,cumulative,1,constant_050,0.2046577726583187,0.9309776025628442,0.1300479863264655,0.1234672792513304,318,0.4999910317118668,3366.0,0.3366168286218342,1.489429357214792
2025,1,cumulative,1,slow_conflict_half,0.4148120851316106,1.734983601245503,0.1677551152282314,0.1574095194703517,163,0.8303020519443248,5574.0,0.5574448524646333,1.603957513957686
2025,1,cumulative,1,chop_half,0.4513400482535046,1.8624365042925568,0.2146304964775773,0.2113140972261126,152,0.937221983067872,6702.0,0.6702593599913413,1.542557803590915
2025,1,cumulative,1,slow_conflict_half_matched_constant,0.3623333098510569,1.545994493386118,0.2065452211997853,0.1965531295329718,318,0.8303020519443246,5589.693673656078,0.5590157777828276,1.489411031244859
2025,1,cumulative,1,chop_half_matched_constant,0.4176687716311771,1.745069062057427,0.229836716841408,0.2188801580925373,318,0.9372219830678722,6309.491560689494,0.6310082896765979,1.489405098882191
2025,1,cumulative,3,baseline,0.1084876025146807,0.5149828299622747,0.468370420511082,0.463917647466646,583,0.9999820634237336,6732.0,2.0202060324070823,0.4030221518804446
2025,1,cumulative,3,constant_075,0.0803338973088649,0.3863507876480385,0.3773821545023098,0.3734750659413598,583,0.7499865475678003,5049.0,1.515040859128979,0.4031417524340233
2025,1,cumulative,3,constant_050,0.0528792883946478,0.2576429533906125,0.2708377405069508,0.2677904506184939,583,0.4999910317118668,3366.0,1.009951477794066,0.4032613296496211
2025,1,cumulative,3,slow_conflict_half,0.131976181436927,0.6198246921308338,0.3636505142115421,0.3583865041998614,580,0.8303020519443248,5574.0,1.6726037615793032,0.5617691387627469
2025,1,cumulative,3,chop_half,0.1099470349136158,0.521561489458722,0.4572080085512641,0.4515141359478625,583,0.937221983067872,6702.0,2.0111343748251764,0.4230643961901637
2025,1,cumulative,3,slow_conflict_half_matched_constant,0.0893017303047518,0.427684382803312,0.4081935805956969,0.4040807684426688,583,0.8303020519443246,5589.693673656078,1.6773258883656337,0.4031033311745444
2025,1,cumulative,3,chop_half_matched_constant,0.1013530943036332,0.4826975479964757,0.446860269234919,0.4425192341163901,583,0.9372219830678722,6309.491560689494,1.893379803737549,0.4030521791748475
2025,1,cumulative,5,baseline,-0.1533763381722588,-0.8324950102225981,0.6594984606488075,0.654446393810849,887,0.9999820634237336,6732.0,3.3676838725919547,-0.6373396372580301
2025,1,cumulative,5,constant_075,-0.1173363556910778,-0.6240553736026102,0.5542025992789603,0.5492508919991229,887,0.7499865475678003,5049.0,2.5254470203796275,-0.63702157300592
2025,1,cumulative,5,constant_050,-0.079800955219156,-0.4158263965866728,0.4163885210212375,0.4120747546665846,887,0.4999910317118668,3366.0,1.683420827771351,-0.636703610418755
2025,1,cumulative,5,slow_conflict_half,-0.0943828834584592,-0.4956933546858317,0.5587924852301412,0.5546673662137178,886,0.8303020519443248,5574.0,2.7881218083959687,-0.4403832075686256
2025,1,cumulative,5,chop_half,-0.1512221409593658,-0.8197888851798703,0.654352634714567,0.6491882261874952,887,0.937221983067872,6702.0,3.352484749463769,-0.6511643212046382
2025,1,cumulative,5,slow_conflict_half_matched_constant,-0.1290750472717373,-0.6909973401834292,0.5911662122642422,0.5861358202035056,887,0.8303020519443246,5589.693673656078,2.796007611352375,-0.6371237457151547
2025,1,cumulative,5,chop_half_matched_constant,-0.1444660496631773,-0.7801475082425215,0.6356666051263251,0.6306025326534745,887,0.9372219830678722,6309.491560689494,3.1562248599765463,-0.6372597793131182
2025,1,cumulative_simple_equity,0,baseline,0.6037343521979451,2.3616743994590657,0.2046240932380912,0.1827136674279234,148,0.9999820634237336,6732.0,0.0,1.9082771879156888
2025,1,cumulative_simple_equity,0,slow_conflict_half,0.5426586423642221,2.1675365953542616,0.1574129550996177,0.1438000909778793,90,0.8303020519443248,5574.0,0.0,2.022352647198282
2025,1,cumulative_simple_equity,0,chop_half,0.6071610849139799,2.372346606275266,0.1828353363372141,0.1802092845376209,149,0.937221983067872,6702.0,0.0,1.9846110557021208
2025,2,annual,0,baseline,0.2357905297364279,0.2117108703498247,0.1545557332789356,0.134738473312303,45,1.0,1405.0,0.0,0.8936532610750347
2025,2,annual,0,constant_075,0.1720837559966793,0.1587831527623685,0.1183144208587797,0.1028593296322463,45,0.75,1053.75,0.0,0.8936532610750347
2025,2,annual,0,constant_050,0.1116611577888416,0.1058554351749123,0.0805195669721599,0.0698056511203172,45,0.5,702.5,0.0,0.8936532610750347
2025,2,annual,0,slow_conflict_half,0.2072325678862627,0.1883306061445983,0.157343793328647,0.1406172031906277,76,0.8285918769010556,1170.0,0.0,0.8929602251523424
2025,2,annual,0,chop_half,0.1800750460250395,0.1655780347815902,0.1552001195284948,0.1362830126614232,151,0.9351851851851852,1416.0,0.0,0.7205133295258215
2025,2,annual,0,slow_conflict_half_matched_constant,0.1917489182737081,0.1754219074235173,0.1298718689774601,0.1130056758118528,45,0.828591876901056,1164.1715870459832,0.0,0.8936532610750342
2025,2,annual,0,chop_half_matched_constant,0.2189488262286893,0.1979888694938175,0.145305406706985,0.1265839394315021,45,0.9351851851851852,1313.9351851851852,0.0,0.8936532610750346
2025,2,annual,1,baseline,0.0737925526546549,0.0711968234772105,0.1628014417201251,0.1432228851143596,179,1.0,1405.0,0.1405140468726142,0.297277689825082
2025,2,annual,1,constant_075,0.0548517668068688,0.0534002516598891,0.1247715351946906,0.1094650339156252,179,0.75,1053.75,0.1053829011024795,0.297292435262582
2025,2,annual,1,constant_050,0.036243260483503,0.0356019236908531,0.0850142249251473,0.0743772086160113,179,0.5,702.5,0.0702535114840592,0.2973071797251304
2025,2,annual,1,slow_conflict_half,0.0739260001840498,0.0713210925807112,0.1651448569276803,0.1489136469589276,154,0.8285918769010556,1170.0,0.1170095135638871,0.3349288098150123
2025,2,annual,1,chop_half,0.0242549786388887,0.0239654981983594,0.1970646671670888,0.1863864603000403,198,0.9351851851851852,1416.0,0.1416125365832307,0.1031748791371453
2025,2,annual,1,slow_conflict_half_matched_constant,0.0607700481045383,0.0589951048552693,0.1369094549368014,0.1202183182835269,179,0.828591876901056,1164.1715870459832,0.1164268025682479,0.2972877998812224
2025,2,annual,1,chop_half_matched_constant,0.0688497455562666,0.0665830660893905,0.1531034651949438,0.1345957137073959,179,0.9351851851851852,1313.9351851851852,0.1314058034044269,0.2972815128099086
2025,2,annual,3,baseline,-0.1893473258556932,-0.2099155852259329,0.284432866416845,0.2738135880571391,238,1.0,1405.0,0.4216264555757577,-0.8575134150897514
2025,2,annual,3,constant_075,-0.1456488366278427,-0.1574129713843781,0.2219730539428991,0.2133293924141291,238,0.75,1053.75,0.3161961241467467,-0.857386350397302
2025,2,annual,3,constant_050,-0.0996090061574038,-0.1049261723956345,0.1540701993916811,0.1478164005780356,238,0.5,702.5,0.2107816075705469,-0.8572593104870572
2025,2,annual,3,slow_conflict_half,-0.1502006660613658,-0.1627550350877601,0.2379148248207688,0.2255883086057405,242,0.8285918769010556,1170.0,0.3510856412323584,-0.7496137388952819
2025,2,annual,3,chop_half,-0.2284353577811116,-0.2593348229781077,0.3343877717039495,0.3253333487980024,238,0.9351851851851852,1416.0,0.424912857759698,-1.0926348237168753
2025,2,annual,3,slow_conflict_half_matched_constant,-0.1596328359999644,-0.1739163826451126,0.2421736908598689,0.232866802349672,238,0.828591876901056,1164.1715870459832,0.34933829006863,-0.8574262927367994
2025,2,annual,3,chop_half_matched_constant,-0.1782362036688698,-0.1963022776147861,0.2687373231948976,0.2585933644778787,238,0.9351851851851852,1313.9351851851852,0.3942911471086037,-0.8574804700116168
2025,2,annual,5,baseline,-0.3880719011233841,-0.491140488867498,0.4237313575619008,0.4120282110727689,238,1.0,1405.0,0.7028513592173227,-1.9626467334060025
2025,2,annual,5,constant_075,-0.3080831252974305,-0.3682894538420271,0.3385502957746631,0.3285009205536033,238,0.75,1053.75,0.5270726066043957,-1.9623090673358732
2025,2,annual,5,constant_050,-0.2176729280793378,-0.2454823753412701,0.24081095066674,0.2331407777285402,238,0.5,702.5,0.3513378105161824,-1.9619715091012069
2025,2,annual,5,slow_conflict_half,-0.3276036726133622,-0.3969073394098896,0.3586974376288853,0.3516118759499631,242,0.8285918769010556,1170.0,0.585237945554488,-1.7925699283555734
2025,2,annual,5,chop_half,-0.4188436993382222,-0.5427355382377301,0.4508166346451915,0.4409475700289557,238,0.9351851851851852,1416.0,0.7083135730193205,-2.237479383512616
2025,2,annual,5,slow_conflict_half_matched_constant,-0.3342926299334871,-0.4069050892838228,0.3666014206795141,0.3559613775213363,238,0.828591876901056,1164.1715870459832,0.5823269967073403,-1.9624152069525145
2025,2,annual,5,chop_half_matched_constant,-0.3682654560782958,-0.4592859985110146,0.4027596852788004,0.3914242037544923,238,0.9351851851851852,1313.9351851851852,0.6572748680048321,-1.962559179992944
2025,2,cumulative,0,baseline,0.5227508528184583,2.102592353929121,0.193740415231469,0.1777361095150421,334,0.9999820634237336,6832.0,0.0,1.7172886298582084
2025,2,cumulative,0,constant_075,0.3707922441329385,1.576944265446841,0.1491437998153127,0.1365078096310278,334,0.7499865475678003,5124.0,0.0,1.7172886298582084
2025,2,cumulative,0,constant_050,0.2339979144303519,1.0512961769645606,0.1020804129720017,0.0932123233716959,334,0.4999910317118668,3416.0,0.0,1.7172886298582084
2025,2,cumulative,0,slow_conflict_half,0.4712602913573744,1.930596872715802,0.1573437933286473,0.1441028098169921,288,0.8305980054527192,5661.0,0.0,1.819887039484633
2025,2,cumulative,0,chop_half,0.5047448748953829,2.043116827445213,0.1714359022068735,0.1624796152253215,236,0.935383484000574,6833.0,0.0,1.7251338329170185
2025,2,cumulative,0,slow_conflict_half_matched_constant,0.4180576287092578,1.74644034061403,0.163787149559425,0.1500229069337636,334,0.8305980054527196,5674.747358791771,0.0,1.7172886298582084
2025,2,cumulative,0,chop_half_matched_constant,0.4819415522937401,1.966765438489475,0.1824457357094905,0.1672752520462017,334,0.9353834840005736,6390.654589155352,0.0,1.7172886298582084
2025,2,cumulative,1,baseline,0.3282533480113175,1.419324034820422,0.3005536494489668,0.2910642683127252,440,0.9999820634237336,6832.0,0.6832683191086997,1.1463280097723985
2025,2,cumulative,1,constant_075,0.2372623634011624,1.0645058372292526,0.2351651445979518,0.2273958916760823,440,0.7499865475678003,5124.0,0.5124384282175886,1.1463421270372818
2025,2,cumulative,1,constant_050,0.15250267815558,0.7096790983260586,0.1636661187900936,0.1580119694551567,440,0.4999910317118668,3416.0,0.3416170786385021,1.1463562433687844
2025,2,cumulative,1,slow_conflict_half,0.3137560298888867,1.364451165141403,0.2075261868280404,0.2013829405814736,419,0.8305980054527192,5661.0,0.566145707574399,1.273438312914979
2025,2,cumulative,1,chop_half,0.3125230660551003,1.3597564473321886,0.2675697836085076,0.2609305989327769,438,0.935383484000574,6833.0,0.6833603801130251,1.1359510315461026
2025,2,cumulative,1,slow_conflict_half_matched_constant,0.2659004589970254,1.1789184712305607,0.2568911935726566,0.2485267362568606,440,0.8305980054527196,5674.747358791771,0.5675218693834694,1.1463375750043834
2025,2,cumulative,1,chop_half_matched_constant,0.3041194219143174,1.3276402026689655,0.284212954415147,0.2751331746070166,440,0.9353834840005736,6390.654589155352,0.6391252358205096,1.1463316577482932
2025,2,cumulative,3,baseline,0.0105305233436192,0.0523773179204183,0.5576480576554498,0.5514672245979972,572,0.9999820634237336,6832.0,2.0502150360087024,0.041363070089295
2025,2,cumulative,3,constant_075,0.007910794748471,0.0393983422985994,0.4575711896037446,0.4518966992098018,572,0.7499865475678003,5124.0,1.5375459231482416,0.0414846371455302
2025,2,cumulative,3,constant_050,0.0052823926412041,0.0263424487203934,0.3348702709780352,0.3302396052019761,572,0.4999910317118668,3416.0,1.0249537282441672,0.0416061804978617
2025,2,cumulative,3,slow_conflict_half,0.0474693189860263,0.231885413171962,0.4478931869818853,0.4437730425879853,567,0.8305980054527192,5661.0,1.6987114595438402,0.2121105253588561
2025,2,cumulative,3,chop_half,-0.0014642730378409,-0.0073267306663498,0.5359425944366443,0.5313611900795303,571,0.935383484000574,6833.0,2.050443558111564,-0.0059908758251864
2025,2,cumulative,3,slow_conflict_half_matched_constant,0.0087564831438881,0.0435918374490418,0.4920945401346831,0.4862068058055301,572,0.8305980054527196,5674.747358791771,1.7028485031649885,0.0414454402416415
2025,2,cumulative,3,chop_half_matched_constant,0.0098544252716079,0.0490309353525229,0.5337094115061362,0.5276177219484429,572,0.9353834840005736,6390.654589155352,1.917734503136952,0.0413944851608958
2025,2,cumulative,5,baseline,-0.2312760196000277,-1.3151165353420102,0.7537136971491336,0.7500518803493217,1211,0.9999820634237336,6832.0,3.4177088892711307,-1.0154250693036346
2025,2,cumulative,5,constant_075,-0.1789763510531556,-0.986016824467994,0.650324155007255,0.646432154236835,1211,0.7499865475678003,5124.0,2.562961089914835,-1.015102192742341
2025,2,cumulative,5,constant_050,-0.1231559991340712,-0.6571309028909055,0.5035974215151606,0.4999208734832488,1211,0.4999910317118668,3416.0,1.7084270798554662,-1.0147794192545012
2025,2,cumulative,5,slow_conflict_half,-0.1649045630230515,-0.90104632440885,0.6379791616386148,0.6343255285181091,1211,0.8305980054527192,5661.0,2.8316431971246523,-0.8076753811867563
2025,2,cumulative,5,chop_half,-0.2404116881817828,-1.374893437237596,0.7528281624441012,0.7493219346971728,1211,0.935383484000574,6833.0,3.418010264682809,-1.1002125013831214
2025,2,cumulative,5,slow_conflict_half_matched_constant,-0.1962141811325167,-1.0921121986795104,0.6876895321211793,0.6838374771891702,1211,0.8305980054527196,5674.747358791771,2.8385525392935405,-1.0152062935487791
2025,2,cumulative,5,chop_half_matched_constant,-0.2180866928045407,-1.2300570247307654,0.7303623103205314,0.7266140909657776,1211,0.9353834840005736,6390.654589155352,3.19682246322024,-1.0153416284593677
2025,2,cumulative_simple_equity,0,baseline,0.4718773879719511,1.9326936031132755,0.199425889822797,0.1828694422949882,335,0.9999820634237336,6832.0,0.0,1.57814389181961
2025,2,cumulative_simple_equity,0,slow_conflict_half,0.4357223921157916,1.8083406584181827,0.1596285883940073,0.1459930483504155,295,0.8305980054527192,5661.0,0.0,1.7048447723647415
2025,2,cumulative_simple_equity,0,chop_half,0.4582136635693319,1.886060842538392,0.1761542053386166,0.1646166533262038,237,0.935383484000574,6833.0,0.0,1.5925635025178948
2025,3,annual,0,baseline,0.3641355504420594,0.3105209316406229,0.1399852759299393,0.1270542751217968,70,1.0,1331.0,0.0,1.2565612698242554
2025,3,annual,0,constant_075,0.2622435069693504,0.2328906987304671,0.1069425144417833,0.0968904561626546,70,0.75,998.25,0.0,1.2565612698242556
2025,3,annual,0,constant_050,0.1679621357056312,0.1552604658203114,0.0726302117978715,0.0656843547931977,70,0.5,665.5,0.0,1.2565612698242554
2025,3,annual,0,slow_conflict_half,0.3216362400752627,0.2788705447730721,0.1075715850290169,0.0959434201375816,63,0.8266684558955091,1110.5,0.0,1.2977071349431546
2025,3,annual,0,chop_half,0.3796311448389293,0.3218161770931488,0.1521377914774859,0.1393895133413721,64,0.9424762927178386,1332.0,0.0,1.3597017267026388
2025,3,annual,0,slow_conflict_half_matched_constant,0.2926545039330415,0.2566978590825887,0.1172086226997258,0.106250082301938,70,0.8266684558955094,1100.2957147969223,0.0,1.2565612698242554
2025,3,annual,0,chop_half_matched_constant,0.3399852634325385,0.2926586164639436,0.1324922747075675,0.1202042189994271,70,0.9424762927178386,1254.4359456074433,0.0,1.256561269824256
2025,3,annual,1,baseline,0.1941177460215242,0.1774076248666902,0.1442750451804796,0.1310610036010373,105,1.0,1331.0,0.1331133067739327,0.7100718419730522
2025,3,annual,1,constant_075,0.1423164951159805,0.1330582139196174,0.1102854588012424,0.1000010485317676,105,0.75,998.25,0.0998324848108498,0.7100853532478756
2025,3,annual,1,constant_050,0.092760582884017,0.0887071393485865,0.07494585629079,0.067830918612437,105,0.5,665.5,0.0665533264717249,0.7100988636293739
2025,3,annual,1,slow_conflict_half,0.1827137752901526,0.1678116075311534,0.1140406412320841,0.102074608547499,102,0.8266684558955091,1110.5,0.1110589372419186,0.7729593376059936
2025,3,annual,1,chop_half,0.2075629897212912,0.1886042705846787,0.1563668910199214,0.1433395708312655,105,0.9424762927178386,1332.0,0.1332119065084701,0.788240631406803
2025,3,annual,1,slow_conflict_half_matched_constant,0.1579592565670082,0.1466591942200837,0.1208502714000378,0.1096425488185199,105,0.8266684558955094,1100.2957147969223,0.1100386648625048,0.71008120978854
2025,3,annual,1,chop_half_matched_constant,0.1819944246540668,0.16720320209805,0.1365710684956584,0.1240105794221399,105,0.9424762927178386,1254.4359456074433,0.1254554143658935,0.7100749509266561
2025,3,annual,3,baseline,-0.0850618954268764,-0.0888988612699353,0.2338596633900924,0.2282131037476516,192,1.0,1331.0,0.3994197929105583,-0.3480731754015054
2025,3,annual,3,constant_075,-0.0644789929002485,-0.066651678042025,0.1810906361234581,0.1765681876108446,192,0.75,998.25,0.2995423767724922,-0.3479567439029849
2025,3,annual,3,constant_050,-0.0434473779631613,-0.0444194764171605,0.1246932354633327,0.1214735912635261,192,0.5,665.5,0.199679942237472,-0.3478403351142998
2025,3,annual,3,slow_conflict_half,-0.052908820789462,-0.0543599082655902,0.1607708216347745,0.1408772254413423,179,0.8266684558955091,1110.5,0.3332304530386624,-0.2452935851590211
2025,3,annual,3,chop_half,-0.0749347548384578,-0.0778910086474345,0.2386381053376892,0.233026763469546,192,0.9424762927178386,1332.0,0.3997071857405834,-0.3184877788056989
2025,3,annual,3,slow_conflict_half_matched_constant,-0.0708385013112647,-0.0734727138466834,0.1976481601316394,0.1927628164878643,192,0.8266684558955094,1100.2957147969223,0.330170572929272,-0.3479924479811346
2025,3,annual,3,chop_half_matched_constant,-0.0803651337294685,-0.0837785722070973,0.2220267406465861,0.2166239409945842,192,0.9424762927178386,1254.4359456074433,0.376437188671041,-0.3480463831038183
2025,3,annual,5,baseline,-0.2990452293646908,-0.3553119152341092,0.3449237305790716,0.3339451897572654,238,1.0,1331.0,0.6658328468747321,-1.3608386254642262
2025,3,annual,5,constant_075,-0.2338838557728135,-0.266421496417875,0.2718085089627559,0.2626746836950724,238,0.75,998.25,0.4993121951483421,-1.3605291462250977
2025,3,annual,5,constant_050,-0.1626998897961367,-0.1775727181536259,0.1905658431203783,0.1838113761044598,238,0.5,665.5,0.3328331839739374,-1.3602197658507362
2025,3,annual,5,slow_conflict_half,-0.2416444845349399,-0.2766029855302863,0.2826123981485848,0.2741847774574992,238,0.8266684558955091,1110.5,0.5554735303033584,-1.2226172130182702
2025,3,annual,5,chop_half,-0.291412435838578,-0.3444816365757484,0.348137966827644,0.3408150985105303,238,0.9424762927178386,1332.0,0.6662978136688973,-1.377938810253047
2025,3,annual,5,slow_conflict_half_matched_constant,-0.2544830682973016,-0.2936774331604077,0.2950558898859043,0.2853035248509847,238,0.8266684558955094,1100.2957147969223,0.5503752922429963,-1.36062404489363
2025,3,annual,5,chop_half_matched_constant,-0.2845581821616514,-0.3348550000797934,0.328776487686702,0.3181795198511801,238,0.9424762927178386,1254.4359456074433,0.6275136165437372,-1.360767407131762
2025,3,cumulative,0,baseline,0.5681173322300893,2.249378741785112,0.17492919632128,0.1554917060529471,144,0.9999820634237336,6728.0,0.0,1.8289735650557488
2025,3,cumulative,0,constant_075,0.4013090160965255,1.687034056338834,0.1342980127889466,0.1190465932641135,144,0.7499865475678003,5046.0,0.0,1.828973565055749
2025,3,cumulative,0,constant_050,0.2522449170310452,1.1246893708925558,0.0916659184646213,0.081028676210703,144,0.4999910317118668,3364.0,0.0,1.8289735650557488
2025,3,cumulative,0,slow_conflict_half,0.4993879140260721,2.0252848375708514,0.143733694217119,0.1224550232550308,87,0.8310195149949777,5573.0,0.0,1.8977524552066305
2025,3,cumulative,0,chop_half,0.568127107849595,2.249409911611611,0.1624827498736781,0.1540576099562373,144,0.9395178648299612,6709.0,0.0,1.8952044535821893
2025,3,cumulative,0,slow_conflict_half_matched_constant,0.4533369133675469,1.869311160080465,0.1476826507821029,0.1310289051809065,144,0.8310195149949775,5591.199583863967,0.0,1.8289735650557488
2025,3,cumulative,0,chop_half_matched_constant,0.5260365496564636,2.1133694192876207,0.1652804191067592,0.1468177060881102,144,0.9395178648299612,6321.189575074886,0.0,1.8289735650557488
2025,3,cumulative,1,baseline,0.3706735927701084,1.5765114628150996,0.2357894663766378,0.2297125954998517,337,0.9999820634237336,6728.0,0.6728672789700121,1.2679515207668042
2025,3,cumulative,1,constant_075,0.2667812603074328,1.182396213179752,0.1826444626001799,0.1777746856721563,337,0.7499865475678003,5046.0,0.504637843159082,1.2679653962262996
2025,3,cumulative,1,constant_050,0.1707616389200163,0.7882725522713885,0.1258053000720779,0.1223364548985255,337,0.4999910317118668,3364.0,0.3364168186211674,1.2679792707682025
2025,3,cumulative,1,slow_conflict_half,0.3412311871645794,1.4679399425962996,0.1730089523806667,0.1529199690441691,315,0.8310195149949777,5573.0,0.5573448949745519,1.3619955082399344
2025,3,cumulative,1,chop_half,0.3712051899374542,1.578450269072179,0.2122397978708835,0.2037272184612125,238,0.9395178648299612,6709.0,0.6709596425394325,1.315916950057214
2025,3,cumulative,1,slow_conflict_half_matched_constant,0.299564161319729,1.3101447386591611,0.20026347478622,0.1949821586435576,337,0.8310195149949775,5591.199583863967,0.5591664214213043,1.2679608987675142
2025,3,cumulative,1,chop_half_matched_constant,0.3447904675094211,1.481191073397587,0.2232612809821584,0.2174596417978497,337,0.9395178648299612,6321.189575074886,0.6321783458900339,1.2679548767852844
2025,3,cumulative,3,baseline,0.0471525401816827,0.2303730695220942,0.4703795483575396,0.4599916940803558,562,0.9999820634237336,6728.0,2.0190056722630176,0.181271707173054
2025,3,cumulative,3,constant_075,0.0351834733602235,0.1728933997706254,0.3791450476841851,0.3700343631494617,562,0.7499865475678003,5046.0,1.5141406565682085,0.1813913354139919
2025,3,cumulative,3,constant_050,0.0233357112478858,0.1153379831164939,0.2722126706115285,0.2651101343572313,562,0.4999910317118668,3364.0,1.0093513877760618,0.1815109403123773
2025,3,cumulative,3,slow_conflict_half,0.0731477354403919,0.3529806932236419,0.3858676232556146,0.3755299012899168,564,0.8310195149949777,5573.0,1.6723041443472093,0.3210667113083414
2025,3,cumulative,3,chop_half,0.0483679258777455,0.2361729929875516,0.4590323729387632,0.4483750400060291,561,0.9395178648299612,6709.0,2.0132369186240595,0.1927550730026831
2025,3,cumulative,3,slow_conflict_half_matched_constant,0.0390497618779039,0.1915330249083296,0.4103183309215684,0.4007225524345318,562,0.8310195149949775,5591.199583863967,1.6777781351721353,0.1813525619503065
2025,3,cumulative,3,chop_half_matched_constant,0.044246511246746,0.2164779173595938,0.4496229404353672,0.4394866874725483,562,0.9395178648299612,6321.189575074886,1.8968915019280268,0.1813006427354013
2025,3,cumulative,5,baseline,-0.200093814269852,-1.1163041301396763,0.7240614163987078,0.7193687258524598,1211,0.9999820634237336,6728.0,3.3656828719247875,-0.8593170203344233
2025,3,cumulative,5,constant_075,-0.1541239814154306,-0.8369124012593855,0.6192021600369546,0.6143555532212535,1211,0.7499865475678003,5046.0,2.52394645759822,-0.8589988872861447
2025,3,cumulative,5,constant_050,-0.1055499701380471,-0.5577312067954308,0.4745641100247477,0.4701152879370647,1211,0.4999910317118668,3364.0,1.6824205776879866,-0.8586808559271385
2025,3,cumulative,5,slow_conflict_half,-0.1414132942203615,-0.7623380345659067,0.6225151870429375,0.6166226877458911,1211,0.8310195149949777,5573.0,2.787622872136758,-0.6797007859951554
2025,3,cumulative,5,chop_half,-0.198536927733565,-1.1065819063674631,0.7310656401683192,0.7263006711302582,1211,0.9395178648299612,6709.0,3.355991817979074,-0.8840956671940245
2025,3,cumulative,5,slow_conflict_half_matched_constant,-0.1693029775823818,-0.9274507228458924,0.6569482369027372,0.6521069451116239,1211,0.8310195149949775,5591.199583863967,2.796761882926358,-0.8591019950541641
2025,3,cumulative,5,chop_half_matched_constant,-0.1892067296508106,-1.0487108222603534,0.7017024622120654,0.6969387270107729,1211,0.9395178648299612,6321.189575074886,3.162080241547974,-0.8592400669890022
2025,3,cumulative_simple_equity,0,baseline,0.5172267358213086,2.084420762473555,0.1775531365788215,0.1617897639650451,144,0.9999820634237336,6728.0,0.0,1.6953949471617682
2025,3,cumulative_simple_equity,0,slow_conflict_half,0.4645479405147849,1.9077331091156369,0.1459417245615182,0.1244845397176141,88,0.8310195149949777,5573.0,0.0,1.7887708205711472
2025,3,cumulative_simple_equity,0,chop_half,0.5206412899801985,2.095660735928088,0.1681901575398455,0.1599096587219991,163,0.9395178648299612,6709.0,0.0,1.7672255676222073
2025,4,annual,0,baseline,0.4781873586503513,0.3908165794787139,0.1377714556666986,0.1148516935081316,42,1.0,1315.0,0.0,1.5601059400859756
2025,4,annual,0,constant_075,0.340593511065707,0.2931124346090354,0.1052189102804148,0.087438731796408,42,0.75,986.25,0.0,1.5601059400859756
2025,4,annual,0,constant_050,0.2158072868059112,0.1954082897393569,0.0714373772688772,0.0591767931795749,42,0.5,657.5,0.0,1.5601059400859756
2025,4,annual,0,slow_conflict_half,0.423368047585259,0.35302592767917,0.1191565483793953,0.1103292793800461,56,0.829262837716944,1091.5,0.0,1.6392591302693549
2025,4,annual,0,chop_half,0.4430838353410926,0.3667823760535884,0.1312884397002853,0.1125123803050361,44,0.9467257112184648,1325.0,0.0,1.5029413965717535
2025,4,annual,0,slow_conflict_half_matched_constant,0.382771288751541,0.3240896657253478,0.1156706366821251,0.0962207350057472,42,0.829262837716944,1090.4806315977812,0.0,1.5601059400859758
2025,4,annual,0,chop_half_matched_constant,0.447728974536165,0.369996104162953,0.130935385413781,0.1090799650710164,42,0.9467257112184644,1244.9443102522812,0.0,1.5601059400859754
2025,4,annual,1,baseline,0.2960270021769524,0.2593034327261176,0.1424154042692948,0.1192668295297415,56,1.0,1315.0,0.1315131467525961,1.0242683393476046
2025,4,annual,1,constant_075,0.2146792374112869,0.1944800398071866,0.1088357159853457,0.0908546838415276,56,0.75,986.25,0.0986323948018488,1.0242815934341605
2025,4,annual,1,constant_050,0.1384355590221301,0.1296550032702988,0.0739412398098623,0.0615260308897092,56,0.5,657.5,0.065753286469058,1.024294846644087
2025,4,annual,1,slow_conflict_half,0.2761747608450211,0.243867135454337,0.1268746410761874,0.1179483076961311,76,0.829262837716944,1091.5,0.1091587922248329,1.1213775632734857
2025,4,annual,1,chop_half,0.2639863126150477,0.2342704670387,0.135880816023042,0.1201127084202028,77,0.9467257112184648,1325.0,0.1325119090148883,0.949949465610894
2025,4,annual,1,slow_conflict_half_matched_constant,0.2399022700732978,0.2150325620539051,0.1196221542634884,0.0999606391731583,56,0.829262837716944,1090.4806315977812,0.1090571036714426,1.0242773913030254
2025,4,annual,1,chop_half_matched_constant,0.2782473603476915,0.2454898899241605,0.1353674018259709,0.113287681217094,56,0.9467257112184644,1244.9443102522812,0.1245062142387925,1.0242711638292477
2025,4,annual,3,baseline,-0.0037945552666039,-0.003801772855585,0.2117612535176633,0.20052208808549,195,1.0,1315.0,0.394618352334299,-0.0147029144120894
2025,4,annual,3,constant_075,-0.0028251336980516,-0.0028291319203748,0.1634337386940546,0.1545044894266189,195,0.75,986.25,0.2959415665294101,-0.0145884863901997
2025,4,annual,3,constant_050,-0.0018695426500446,-0.0018712924260988,0.1121527847651898,0.1058469980629654,195,0.5,657.5,0.1972795821654558,-0.0144740807110816
2025,4,annual,3,slow_conflict_half,0.0258246032144889,0.0254967801019516,0.1450493642650833,0.1333219133561604,179,0.829262837716944,1091.5,0.3275291475772184,0.1149575436072641
2025,4,annual,3,chop_half,-0.0303545913017439,-0.0308248323603729,0.2125583958981197,0.2007496009635565,209,0.9467257112184648,1325.0,0.3976072084139613,-0.1223860439586232
2025,4,annual,3,slow_conflict_half_matched_constant,-0.0031309945365556,-0.003135906355214,0.1790675344074958,0.1693732932498413,195,0.829262837716944,1090.4806315977812,0.3272255720805618,-0.0146247635298278
2025,4,annual,3,chop_half_matched_constant,-0.0035868165648807,-0.0035932646146812,0.2017018027102193,0.1909299555308467,195,0.9467257112184644,1244.9443102522812,0.3735893687776342,-0.0146785282524954
2025,4,annual,5,baseline,-0.2343363192484993,-0.2670122647273499,0.3499840788563805,0.3360327137959313,238,1.0,1315.0,0.6578288442060638,-1.0109471517178623
2025,4,annual,5,constant_075,-0.1814309379847359,-0.2001975094136736,0.2760430103302074,0.264420290967554,238,0.75,986.25,0.493309944022709,-1.0106424434459866
2025,4,annual,5,constant_050,-0.124905933561104,-0.133423893901122,0.1937154229148381,0.1851087731932546,238,0.5,657.5,0.328832183640479,-1.0103378326861876
2025,4,annual,5,slow_conflict_half,-0.1754718333660958,-0.1929439754872745,0.2544504650067506,0.2475303930809718,238,0.829262837716944,1091.5,0.5459699031664446,-0.8528498847769234
2025,4,annual,5,chop_half,-0.2562241012786762,-0.2960155009183794,0.3510538069610466,0.3388752216280705,238,0.9467257112184648,1325.0,0.6627978769719679,-1.150656334493878
2025,4,annual,5,slow_conflict_half_matched_constant,-0.1985853198917504,-0.2213767628691925,0.3003517534409852,0.2879216992402449,238,0.829262837716944,1090.4806315977812,0.5454664285945403,-1.0107390410555452
2025,4,annual,5,chop_half_matched_constant,-0.2233541159027887,-0.2527707801216386,0.3348866668681297,0.3213794624909378,238,0.9467257112184644,1244.9443102522812,0.6227668842845917,-1.0108822110735864
2025,4,cumulative,0,baseline,0.7351608647001987,2.75550063253642,0.1619189265520347,0.149864733305371,203,0.9999820634237336,6740.0,0.0,2.126752833190867
2025,4,cumulative,0,constant_075,0.5118364363377134,2.066625474402315,0.1240798346257018,0.1146478943902354,203,0.7499865475678003,5055.0,0.0,2.126752833190867
2025,4,cumulative,0,constant_050,0.3172550492217514,1.37775031626821,0.0845323198233783,0.0779721985240201,203,0.4999910317118668,3370.0,0.0,2.126752833190867
2025,4,cumulative,0,slow_conflict_half,0.6308420320801031,2.445482327666312,0.137555878462023,0.1217462082579974,93,0.8310105467068446,5579.0,0.0,2.156862773045391
2025,4,cumulative,0,chop_half,0.6980000681626679,2.647255640160344,0.1541870981035219,0.1470416077829767,203,0.9391591333046349,6722.0,0.0,2.1001421154785054
2025,4,cumulative,0,slow_conflict_half_matched_constant,0.5808745901779894,2.2898911599025773,0.1365270422695721,0.1262186710183518,203,0.8310105467068448,5601.111549568618,0.0,2.126752833190868
2025,4,cumulative,0,chop_half_matched_constant,0.6779620654512165,2.587900003939068,0.1528660540083118,0.141427737039706,203,0.9391591333046349,6330.046097827842,0.0,2.126752833190868
2025,4,cumulative,1,baseline,0.5163204548510841,2.0814332335504053,0.2400953415745291,0.220093272097033,319,0.9999820634237336,6740.0,0.6740673989860145,1.5901792265083785
2025,4,cumulative,1,constant_075,0.3664518814099514,1.561087563736482,0.186101037505045,0.1700858586256296,319,0.7499865475678003,5055.0,0.5055379106658328,1.5901925072808922
2025,4,cumulative,1,constant_050,0.2313937938015512,1.0407334676450426,0.1282717781039409,0.1168735620696908,319,0.4999910317118668,3370.0,0.3370168486231676,1.5902057871746451
2025,4,cumulative,1,slow_conflict_half,0.4586443398795812,1.8875373501807584,0.1583914677248148,0.148191627726828,247,0.8310105467068446,5579.0,0.5579449774855534,1.6499009014842425
2025,4,cumulative,1,chop_half,0.4843829418383638,1.9749957925883224,0.2252270987646679,0.2186914145461029,239,0.9391591333046349,6722.0,0.6722598475720212,1.5516295170065204
2025,4,cumulative,1,slow_conflict_half_matched_constant,0.4133272721683423,1.7297334600321284,0.2040080876557564,0.1866348120723863,319,0.8310105467068448,5601.111549568618,0.5601576998704494,1.5901882030547396
2025,4,cumulative,1,chop_half_matched_constant,0.4784100045836861,1.9548359452604327,0.2272977580601018,0.2082110787504607,319,0.9391591333046349,6330.046097827842,0.6330640586786344,1.5901824577492247
2025,4,cumulative,3,baseline,0.1578661392521067,0.7328938798412084,0.4882504470980949,0.482332202888266,583,0.9999820634237336,6740.0,2.022606752695212,0.5485487137615359
2025,4,cumulative,3,constant_075,0.1162298952033761,0.549784210151795,0.3949225891598578,0.3896819523253262,583,0.7499865475678003,5055.0,1.5168412642505198,0.5486635516524027
2025,4,cumulative,3,constant_050,0.0760745370456439,0.366598658438136,0.284594104397663,0.2804692262227137,583,0.4999910317118668,3370.0,1.011151657830074,0.5487783670980693
2025,4,cumulative,3,slow_conflict_half,0.1668122854103495,0.7713774405219758,0.3835328811095148,0.3722584842742427,563,0.8310105467068446,5579.0,1.6741048871443365,0.6621713280687062
2025,4,cumulative,3,chop_half,0.1343086825874348,0.6301168756560966,0.4841734682682849,0.4785217243699067,583,0.9391591333046349,6722.0,2.0171387645042467,0.4854280199856516
2025,4,cumulative,3,slow_conflict_half_matched_constant,0.1295595066362222,0.6091386979485596,0.4268969601638656,0.4213944486473376,583,0.8310105467068448,5601.111549568618,1.680752461954018,0.5486263349429157
2025,4,cumulative,3,chop_half_matched_constant,0.1475970104725565,0.6883510004801153,0.4669607358257456,0.461173251164155,583,0.9391591333046349,6330.046097827842,1.899549003458952,0.5485766554372385
2025,4,cumulative,5,baseline,-0.1159459257754054,-0.6161852413898691,0.6854910903754533,0.6819705591124732,887,0.9999820634237336,6740.0,3.3716858739262885,-0.4517881160893455
2025,4,cumulative,5,constant_075,-0.0882272834791433,-0.4618226715401293,0.57997547537599,0.5764544702137626,887,0.7499865475678003,5055.0,2.5284481459424444,-0.4514818530178421
2025,4,cumulative,5,constant_050,-0.059679215976069,-0.3076710116698704,0.4391030939997797,0.4359731274657438,887,0.4999910317118668,3370.0,1.6854213279380803,-0.4511756881087899
2025,4,cumulative,5,slow_conflict_half,-0.0666999395770818,-0.3451426083464254,0.5855291912568886,0.5792422531288167,886,0.8310105467068446,5579.0,2.7906249360127378,-0.2909167956350372
2025,4,cumulative,5,chop_half,-0.1332877608417449,-0.7152413068950214,0.6940426133457316,0.6888726079553399,1211,0.9391591333046349,6722.0,3.362496947055365,-0.5402319181472814
2025,4,cumulative,5,slow_conflict_half_matched_constant,-0.0973006716726829,-0.5118287537453672,0.6175650311980377,0.6140110795745112,887,0.8310105467068448,5601.111549568618,2.8017199136479447,-0.4515811026792881
2025,4,cumulative,5,chop_half_matched_constant,-0.1092771923672561,-0.5786100122919156,0.6625541030273698,0.6590078514769651,887,0.9391591333046349,6330.046097827842,3.1665100162309825,-0.4517135944443677
2025,4,cumulative_simple_equity,0,baseline,0.681451673650193,2.5982875588075567,0.1719780563487372,0.1604095214297473,206,0.9999820634237336,6740.0,0.0,2.0073024870340457
2025,4,cumulative_simple_equity,0,slow_conflict_half,0.5939062702614122,2.330938885232761,0.1401988897220362,0.1243190765925115,93,0.8310105467068446,5579.0,0.0,2.056823860868124
2025,4,cumulative_simple_equity,0,chop_half,0.6492369415672347,2.5015636064441047,0.1638917403334022,0.1568218074128207,206,0.9391591333046349,6722.0,0.0,1.9875097908950663
